# Blender 4.3.2
# www.blender.org
mtllib RoundTable01Varient01.mtl
o BézierCurve
v -2.339506 0.089315 -2.145983
v -2.327398 0.088768 -2.137817
v -2.314358 0.088238 -2.131236
v -2.300591 0.087733 -2.126343
v -2.286314 0.087262 -2.123217
v -2.271753 0.086832 -2.121905
v -2.257138 0.086450 -2.122429
v -2.242698 0.086122 -2.124780
v -2.228661 0.085853 -2.128922
v -2.215250 0.085648 -2.134789
v -2.202675 0.085509 -2.142289
v -2.191134 0.085439 -2.151303
v -2.180810 0.085439 -2.161689
v -2.171866 0.085509 -2.173284
v -2.164443 0.085648 -2.185904
v -2.158656 0.085853 -2.199351
v -2.154599 0.086122 -2.213412
v -2.152335 0.086450 -2.227866
v -2.151899 0.086832 -2.242485
v -2.153299 0.087262 -2.257037
v -2.156512 0.087733 -2.271294
v -2.161488 0.088238 -2.285032
v -2.168148 0.088768 -2.298032
v -2.176387 0.089315 -2.310090
v -2.186075 0.089871 -2.321017
v -2.197059 0.090426 -2.330639
v -2.209167 0.090973 -2.338805
v -2.222207 0.091502 -2.345386
v -2.235974 0.092005 -2.350278
v -2.250250 0.092475 -2.353405
v -2.264811 0.092903 -2.354716
v -2.279426 0.093284 -2.354192
v -2.293866 0.093610 -2.351840
v -2.307902 0.093878 -2.347698
v -2.321313 0.094082 -2.341830
v -2.333888 0.094221 -2.334331
v -2.345428 0.094290 -2.325316
v -2.355752 0.094290 -2.314930
v -2.364697 0.094221 -2.303335
v -2.372120 0.094082 -2.290715
v -2.377906 0.093878 -2.277269
v -2.381964 0.093610 -2.263208
v -2.384229 0.093284 -2.248755
v -2.384665 0.092903 -2.234137
v -2.383265 0.092475 -2.219584
v -2.380053 0.092005 -2.205327
v -2.375077 0.091502 -2.191590
v -2.368417 0.090973 -2.178590
v -2.360178 0.090426 -2.166532
v -2.350490 0.089871 -2.155605
v -2.331594 0.195351 -2.138119
v -2.319563 0.193414 -2.130030
v -2.306597 0.191539 -2.123523
v -2.292901 0.189754 -2.118700
v -2.278691 0.188089 -2.115639
v -2.264190 0.186570 -2.114387
v -2.249628 0.185220 -2.114964
v -2.235234 0.184061 -2.117362
v -2.221236 0.183111 -2.121541
v -2.207853 0.182386 -2.127437
v -2.195297 0.181895 -2.134956
v -2.183767 0.181648 -2.143980
v -2.173443 0.181648 -2.154366
v -2.164489 0.181895 -2.165951
v -2.157046 0.182386 -2.178552
v -2.151231 0.183111 -2.191970
v -2.147136 0.184061 -2.205993
v -2.144825 0.185220 -2.220402
v -2.144336 0.186570 -2.234967
v -2.145676 0.188090 -2.249459
v -2.148823 0.189754 -2.263651
v -2.153727 0.191539 -2.277318
v -2.160313 0.193414 -2.290244
v -2.168475 0.195351 -2.302226
v -2.178085 0.197319 -2.313075
v -2.188992 0.199287 -2.322620
v -2.201023 0.201223 -2.330710
v -2.213989 0.203099 -2.337217
v -2.227685 0.204883 -2.342039
v -2.241896 0.206548 -2.345101
v -2.256397 0.208067 -2.346352
v -2.270958 0.209417 -2.345775
v -2.285352 0.210576 -2.343378
v -2.299351 0.211526 -2.339198
v -2.312733 0.212252 -2.333302
v -2.325289 0.212742 -2.325783
v -2.336820 0.212989 -2.316759
v -2.347143 0.212989 -2.306373
v -2.356098 0.212742 -2.294788
v -2.363541 0.212252 -2.282187
v -2.369356 0.211526 -2.268770
v -2.373450 0.210576 -2.254746
v -2.375761 0.209417 -2.240338
v -2.376250 0.208067 -2.225773
v -2.374911 0.206548 -2.211280
v -2.371764 0.204883 -2.197088
v -2.366859 0.203099 -2.183421
v -2.360273 0.201223 -2.170495
v -2.352111 0.199287 -2.158513
v -2.342501 0.197319 -2.147664
v -2.314313 0.328167 -2.120942
v -2.302426 0.325071 -2.112996
v -2.289601 0.322072 -2.106628
v -2.276038 0.319220 -2.101939
v -2.261952 0.316558 -2.099001
v -2.247566 0.314129 -2.097863
v -2.233105 0.311972 -2.098540
v -2.218798 0.310119 -2.101024
v -2.204870 0.308600 -2.105274
v -2.191542 0.307439 -2.111224
v -2.179023 0.306656 -2.118779
v -2.167511 0.306260 -2.127822
v -2.157187 0.306260 -2.138208
v -2.148214 0.306656 -2.149775
v -2.140735 0.307440 -2.162339
v -2.134865 0.308600 -2.175703
v -2.130699 0.310119 -2.189656
v -2.128302 0.311972 -2.203977
v -2.127712 0.314130 -2.218442
v -2.128937 0.316558 -2.232822
v -2.131959 0.319220 -2.246890
v -2.136731 0.322072 -2.260424
v -2.143176 0.325071 -2.273211
v -2.151193 0.328167 -2.285049
v -2.160656 0.331313 -2.295751
v -2.171416 0.334459 -2.305149
v -2.183302 0.337556 -2.313095
v -2.196127 0.340554 -2.319463
v -2.209690 0.343406 -2.324152
v -2.223776 0.346068 -2.327090
v -2.238163 0.348497 -2.328228
v -2.252624 0.350655 -2.327551
v -2.266931 0.352508 -2.325067
v -2.280858 0.354027 -2.320817
v -2.294187 0.355187 -2.314867
v -2.306705 0.355971 -2.307312
v -2.318218 0.356366 -2.298270
v -2.328541 0.356366 -2.287883
v -2.337514 0.355971 -2.276317
v -2.344994 0.355187 -2.263752
v -2.350863 0.354026 -2.250388
v -2.355029 0.352508 -2.236435
v -2.357426 0.350655 -2.222114
v -2.358017 0.348497 -2.207649
v -2.356791 0.346068 -2.193269
v -2.353768 0.343406 -2.179201
v -2.348998 0.340554 -2.165667
v -2.342552 0.337556 -2.152880
v -2.334535 0.334459 -2.141042
v -2.325072 0.331313 -2.130340
v -2.286345 0.476449 -2.093143
v -2.274680 0.472191 -2.085416
v -2.262068 0.468069 -2.079260
v -2.248708 0.464147 -2.074773
v -2.234811 0.460487 -2.072024
v -2.220598 0.457147 -2.071057
v -2.206290 0.454180 -2.071887
v -2.192115 0.451632 -2.074502
v -2.178296 0.449543 -2.078860
v -2.165050 0.447948 -2.084891
v -2.152587 0.446870 -2.092502
v -2.141103 0.446327 -2.101573
v -2.130779 0.446327 -2.111959
v -2.121778 0.446870 -2.123497
v -2.114243 0.447948 -2.136006
v -2.108291 0.449544 -2.149288
v -2.104017 0.451632 -2.163134
v -2.101488 0.454180 -2.177324
v -2.100744 0.457147 -2.191636
v -2.101796 0.460487 -2.205844
v -2.104629 0.464147 -2.219724
v -2.109197 0.468069 -2.233056
v -2.115429 0.472191 -2.245631
v -2.123226 0.476449 -2.257250
v -2.132465 0.480775 -2.267730
v -2.143001 0.485101 -2.276905
v -2.154666 0.489359 -2.284631
v -2.167279 0.493482 -2.290787
v -2.180638 0.497404 -2.295275
v -2.194534 0.501064 -2.298024
v -2.208748 0.504404 -2.298991
v -2.223056 0.507371 -2.298161
v -2.237231 0.509919 -2.295546
v -2.251050 0.512007 -2.291188
v -2.264296 0.513603 -2.285156
v -2.276759 0.514681 -2.277545
v -2.288243 0.515224 -2.268475
v -2.298567 0.515224 -2.258089
v -2.307568 0.514680 -2.246550
v -2.315103 0.513602 -2.234041
v -2.321055 0.512007 -2.220759
v -2.325329 0.509919 -2.206914
v -2.327858 0.507371 -2.192724
v -2.328602 0.504403 -2.178411
v -2.327549 0.501063 -2.164203
v -2.324717 0.497404 -2.150324
v -2.320148 0.493481 -2.136992
v -2.313916 0.489359 -2.124417
v -2.306120 0.485101 -2.112798
v -2.296881 0.480775 -2.102318
v -2.246425 0.632410 -2.053463
v -2.235093 0.626876 -2.046068
v -2.222805 0.621517 -2.040234
v -2.209753 0.616418 -2.036052
v -2.196143 0.611661 -2.033588
v -2.182192 0.607319 -2.032882
v -2.168117 0.603462 -2.033943
v -2.154142 0.600150 -2.036757
v -2.140486 0.597436 -2.041277
v -2.127366 0.595362 -2.047434
v -2.114987 0.593960 -2.055129
v -2.103546 0.593254 -2.064241
v -2.093222 0.593254 -2.074627
v -2.084178 0.593960 -2.086124
v -2.076558 0.595362 -2.098548
v -2.070481 0.597436 -2.111706
v -2.066043 0.600150 -2.125388
v -2.063314 0.603462 -2.139380
v -2.062337 0.607319 -2.153461
v -2.063128 0.611661 -2.167409
v -2.065674 0.616419 -2.181003
v -2.069934 0.621517 -2.194029
v -2.075843 0.626876 -2.206282
v -2.083306 0.632411 -2.217570
v -2.092205 0.638034 -2.227712
v -2.102401 0.643658 -2.236550
v -2.113733 0.649192 -2.243945
v -2.126022 0.654551 -2.249779
v -2.139074 0.659650 -2.253961
v -2.152683 0.664407 -2.256425
v -2.166635 0.668749 -2.257131
v -2.180710 0.672606 -2.256069
v -2.194685 0.675918 -2.253256
v -2.208341 0.678632 -2.248736
v -2.221461 0.680707 -2.242579
v -2.233840 0.682108 -2.234884
v -2.245281 0.682814 -2.225771
v -2.255605 0.682814 -2.215385
v -2.264648 0.682108 -2.203889
v -2.272268 0.680706 -2.191464
v -2.278346 0.678632 -2.178307
v -2.282784 0.675918 -2.164624
v -2.285512 0.672606 -2.150632
v -2.286489 0.668748 -2.136551
v -2.285698 0.664407 -2.122604
v -2.283153 0.659649 -2.109010
v -2.278892 0.654551 -2.095984
v -2.272984 0.649192 -2.083730
v -2.265521 0.643657 -2.072443
v -2.256621 0.638034 -2.062301
v -2.193310 0.788319 -2.000666
v -2.182488 0.781330 -1.993779
v -2.170693 0.774563 -1.988436
v -2.158111 0.768126 -1.984721
v -2.144941 0.762119 -1.982693
v -2.131389 0.756637 -1.982385
v -2.117671 0.751767 -1.983800
v -2.104000 0.747585 -1.986917
v -2.090595 0.744157 -1.991686
v -2.077666 0.741538 -1.998033
v -2.065417 0.739769 -2.005856
v -2.054040 0.738877 -2.015033
v -2.043716 0.738877 -2.025420
v -2.034608 0.739769 -2.036851
v -2.026858 0.741538 -2.049147
v -2.020590 0.744157 -2.062115
v -2.015902 0.747585 -2.075549
v -2.012868 0.751767 -2.089237
v -2.011535 0.756637 -2.102964
v -2.011926 0.762119 -2.116514
v -2.014033 0.768126 -2.129672
v -2.017823 0.774564 -2.142231
v -2.023238 0.781330 -2.153993
v -2.030190 0.788319 -2.164773
v -2.038571 0.795420 -2.174400
v -2.048249 0.802520 -2.182723
v -2.059070 0.809509 -2.189610
v -2.070865 0.816275 -2.194954
v -2.083447 0.822713 -2.198668
v -2.096617 0.828720 -2.200696
v -2.110169 0.834202 -2.201005
v -2.123888 0.839072 -2.199589
v -2.137558 0.843254 -2.196473
v -2.150963 0.846682 -2.191703
v -2.163893 0.849301 -2.185357
v -2.176142 0.851070 -2.177533
v -2.187518 0.851962 -2.168356
v -2.197842 0.851962 -2.157970
v -2.206950 0.851070 -2.146538
v -2.214700 0.849301 -2.134242
v -2.220968 0.846682 -2.121274
v -2.225656 0.843254 -2.107841
v -2.228690 0.839072 -2.094152
v -2.230023 0.834202 -2.080425
v -2.229632 0.828720 -2.066875
v -2.227525 0.822713 -2.053717
v -2.223735 0.816275 -2.041158
v -2.218320 0.809509 -2.029396
v -2.211368 0.802520 -2.018616
v -2.202987 0.795419 -2.008989
v -2.125784 0.936488 -1.933547
v -2.115739 0.927853 -1.927432
v -2.104697 0.919493 -1.922836
v -2.092831 0.911539 -1.919833
v -2.080328 0.904117 -1.918469
v -2.067385 0.897344 -1.918766
v -2.054208 0.891327 -1.920719
v -2.041003 0.886160 -1.924298
v -2.027978 0.881925 -1.929446
v -2.015340 0.878689 -1.936082
v -2.003287 0.876503 -1.944101
v -1.992010 0.875402 -1.953377
v -1.981686 0.875402 -1.963763
v -1.972479 0.876503 -1.975096
v -1.964533 0.878689 -1.987197
v -1.957973 0.881925 -1.999875
v -1.952904 0.886160 -2.012930
v -1.949405 0.891327 -2.026156
v -1.947531 0.897344 -2.039346
v -1.947312 0.904117 -2.052289
v -1.948752 0.911539 -2.064784
v -1.951826 0.919493 -2.076632
v -1.956489 0.927853 -2.087646
v -1.962664 0.936488 -2.097654
v -1.970256 0.945261 -2.106496
v -1.979145 0.954034 -2.114035
v -1.989189 0.962669 -2.120150
v -2.000232 0.971029 -2.124745
v -2.012098 0.978983 -2.127749
v -2.024601 0.986404 -2.129113
v -2.037543 0.993177 -2.128815
v -2.050721 0.999195 -2.126862
v -2.063926 1.004362 -2.123283
v -2.076950 1.008596 -2.118135
v -2.089588 1.011832 -2.111500
v -2.101641 1.014018 -2.103480
v -2.112918 1.015120 -2.094205
v -2.123242 1.015120 -2.083818
v -2.132449 1.014018 -2.072485
v -2.140395 1.011832 -2.060385
v -2.146955 1.008596 -2.047707
v -2.152024 1.004361 -2.034651
v -2.155523 0.999195 -2.021425
v -2.157397 0.993177 -2.008236
v -2.157616 0.986404 -1.995292
v -2.156177 0.978982 -1.982798
v -2.153101 0.971028 -1.970950
v -2.148440 0.962668 -1.959935
v -2.142264 0.954034 -1.949928
v -2.134672 0.945261 -1.941085
v -2.042651 1.069314 -1.850914
v -2.033758 1.058906 -1.845943
v -2.023830 1.048830 -1.842455
v -2.013023 1.039243 -1.840506
v -2.001510 1.030298 -1.840125
v -1.989471 1.022134 -1.841320
v -1.977095 1.014881 -1.844070
v -1.964579 1.008654 -1.848334
v -1.952119 1.003549 -1.854043
v -1.939912 0.999649 -1.861107
v -1.928151 0.997014 -1.869416
v -1.917020 0.995686 -1.878838
v -1.906696 0.995686 -1.889224
v -1.897342 0.997014 -1.900411
v -1.889104 0.999649 -1.912222
v -1.882114 1.003549 -1.924471
v -1.876480 1.008654 -1.936965
v -1.872292 1.014881 -1.949507
v -1.869616 1.022134 -1.961899
v -1.868495 1.030298 -1.973946
v -1.868945 1.039243 -1.985457
v -1.870959 1.048830 -1.996251
v -1.874507 1.058906 -2.006158
v -1.879532 1.069314 -2.015021
v -1.885954 1.079888 -2.022702
v -1.893673 1.090462 -2.029078
v -1.902567 1.100869 -2.034049
v -1.912495 1.110946 -2.037536
v -1.923301 1.120533 -2.039486
v -1.934815 1.129478 -2.039867
v -1.946854 1.137642 -2.038672
v -1.959230 1.144895 -2.035922
v -1.971746 1.151122 -2.031658
v -1.984206 1.156226 -2.025949
v -1.996413 1.160127 -2.018885
v -2.008174 1.162762 -2.010576
v -2.019305 1.164089 -2.001154
v -2.029628 1.164089 -1.990768
v -2.038983 1.162761 -1.979581
v -2.047220 1.160126 -1.967770
v -2.054211 1.156226 -1.955520
v -2.059844 1.151122 -1.943026
v -2.064033 1.144894 -1.930484
v -2.066708 1.137642 -1.918092
v -2.067830 1.129478 -1.906046
v -2.067380 1.120532 -1.894535
v -2.065365 1.110945 -1.883741
v -2.061818 1.100869 -1.873834
v -2.056793 1.090462 -1.864971
v -2.050370 1.079888 -1.857291
v -1.942686 1.179319 -1.751550
v -1.935395 1.167203 -1.748173
v -1.927019 1.155471 -1.746228
v -1.917690 1.144310 -1.745746
v -1.907555 1.133895 -1.746735
v -1.896773 1.124391 -1.749180
v -1.885515 1.115947 -1.753041
v -1.873958 1.108697 -1.758258
v -1.862284 1.102754 -1.764749
v -1.850678 1.098213 -1.772410
v -1.839323 1.095146 -1.781123
v -1.828397 1.093600 -1.790748
v -1.818073 1.093600 -1.801134
v -1.808514 1.095146 -1.812118
v -1.799871 1.098213 -1.823525
v -1.792279 1.102754 -1.835177
v -1.785859 1.108697 -1.846890
v -1.780712 1.115947 -1.858478
v -1.776919 1.124391 -1.869759
v -1.774539 1.133895 -1.880556
v -1.773611 1.144310 -1.890697
v -1.774149 1.155471 -1.900023
v -1.776145 1.167203 -1.908387
v -1.779566 1.179320 -1.915657
v -1.784359 1.191630 -1.921718
v -1.790450 1.203941 -1.926475
v -1.797740 1.216058 -1.929852
v -1.806116 1.227789 -1.931797
v -1.815445 1.238950 -1.932278
v -1.825580 1.249365 -1.931289
v -1.836362 1.258869 -1.928845
v -1.847620 1.267313 -1.924983
v -1.859177 1.274564 -1.919766
v -1.870851 1.280506 -1.913275
v -1.882457 1.285047 -1.905614
v -1.893812 1.288115 -1.896902
v -1.904738 1.289660 -1.887277
v -1.915062 1.289660 -1.876890
v -1.924621 1.288114 -1.865907
v -1.933264 1.285047 -1.854499
v -1.940856 1.280506 -1.842847
v -1.947276 1.274563 -1.831135
v -1.952423 1.267313 -1.819546
v -1.956216 1.258869 -1.808265
v -1.958596 1.249365 -1.797469
v -1.959524 1.238950 -1.787327
v -1.958986 1.227788 -1.778002
v -1.956990 1.216057 -1.769638
v -1.953569 1.203941 -1.762368
v -1.948775 1.191630 -1.756307
v -1.824544 1.259138 -1.634119
v -1.819274 1.245674 -1.632749
v -1.812854 1.232639 -1.632748
v -1.805385 1.220237 -1.634116
v -1.796986 1.208664 -1.636831
v -1.787788 1.198103 -1.640851
v -1.777938 1.188721 -1.646111
v -1.767590 1.180664 -1.652530
v -1.756907 1.174061 -1.660005
v -1.746058 1.169016 -1.668419
v -1.735214 1.165607 -1.677640
v -1.724546 1.163889 -1.687521
v -1.714222 1.163889 -1.697907
v -1.704405 1.165607 -1.708635
v -1.695251 1.169016 -1.719534
v -1.686902 1.174061 -1.730433
v -1.679491 1.180664 -1.741162
v -1.673135 1.188721 -1.751548
v -1.667934 1.198103 -1.761430
v -1.663970 1.208664 -1.770652
v -1.661306 1.220237 -1.779067
v -1.659983 1.232639 -1.786543
v -1.660023 1.245674 -1.792964
v -1.661424 1.259138 -1.798226
v -1.664166 1.272817 -1.802247
v -1.668203 1.286497 -1.804964
v -1.673474 1.299960 -1.806333
v -1.679894 1.312995 -1.806334
v -1.687362 1.325397 -1.804966
v -1.695761 1.336970 -1.802251
v -1.704959 1.347531 -1.798232
v -1.714809 1.356914 -1.792971
v -1.725158 1.364970 -1.786553
v -1.735841 1.371573 -1.779077
v -1.746689 1.376618 -1.770663
v -1.757534 1.380027 -1.761443
v -1.768202 1.381745 -1.751561
v -1.778525 1.381745 -1.741175
v -1.788342 1.380027 -1.730448
v -1.797497 1.376618 -1.719548
v -1.805845 1.371572 -1.708649
v -1.813256 1.364969 -1.697921
v -1.819612 1.356913 -1.687534
v -1.824813 1.347530 -1.677652
v -1.828777 1.336969 -1.668431
v -1.831441 1.325397 -1.660015
v -1.832764 1.312995 -1.652539
v -1.832724 1.299960 -1.646119
v -1.831323 1.286496 -1.640857
v -1.828582 1.272817 -1.636836
v -1.686631 1.301349 -1.497037
v -1.683416 1.287153 -1.497712
v -1.678986 1.273410 -1.499690
v -1.673408 1.260334 -1.502939
v -1.666772 1.248133 -1.507407
v -1.659182 1.236999 -1.513025
v -1.650757 1.227107 -1.519704
v -1.641631 1.218613 -1.527338
v -1.631947 1.211652 -1.535807
v -1.621858 1.206333 -1.544977
v -1.611524 1.202740 -1.554704
v -1.601107 1.200929 -1.564835
v -1.590771 1.200930 -1.575209
v -1.580680 1.202742 -1.585664
v -1.570992 1.206337 -1.596033
v -1.561861 1.211658 -1.606154
v -1.553431 1.218620 -1.615867
v -1.545833 1.227115 -1.625019
v -1.539189 1.237009 -1.633466
v -1.533603 1.248144 -1.641074
v -1.529163 1.260346 -1.647723
v -1.525939 1.273423 -1.653308
v -1.523982 1.287167 -1.657742
v -1.523322 1.301362 -1.660955
v -1.523971 1.315785 -1.662895
v -1.525918 1.330208 -1.663532
v -1.529132 1.344403 -1.662857
v -1.533563 1.358147 -1.660879
v -1.539141 1.371222 -1.657630
v -1.545777 1.383424 -1.653162
v -1.553367 1.394558 -1.647544
v -1.561792 1.404450 -1.640865
v -1.570918 1.412944 -1.633231
v -1.580602 1.419905 -1.624762
v -1.590690 1.425224 -1.615592
v -1.601025 1.428817 -1.605865
v -1.611442 1.430627 -1.595734
v -1.621778 1.430626 -1.585360
v -1.631869 1.428814 -1.574905
v -1.641557 1.425220 -1.564536
v -1.650688 1.419899 -1.554415
v -1.659118 1.412936 -1.544701
v -1.666716 1.404441 -1.535550
v -1.673360 1.394548 -1.527103
v -1.678946 1.383412 -1.519495
v -1.683386 1.371210 -1.512846
v -1.686610 1.358134 -1.507261
v -1.688567 1.344390 -1.502827
v -1.689226 1.330194 -1.499614
v -1.688577 1.315771 -1.497674
v -1.531206 1.307243 -1.341823
v -1.528917 1.292889 -1.343416
v -1.525372 1.278992 -1.346272
v -1.520626 1.265772 -1.350345
v -1.514755 1.253437 -1.355571
v -1.507849 1.242181 -1.361868
v -1.500020 1.232182 -1.369135
v -1.491390 1.223598 -1.377260
v -1.482095 1.216564 -1.386113
v -1.472281 1.211190 -1.395555
v -1.462104 1.207563 -1.405436
v -1.451724 1.205738 -1.415602
v -1.441305 1.205745 -1.425892
v -1.431011 1.207584 -1.436143
v -1.421004 1.211225 -1.446195
v -1.411443 1.216612 -1.455887
v -1.402477 1.223658 -1.465068
v -1.394249 1.232254 -1.473593
v -1.386888 1.242263 -1.481327
v -1.380510 1.253528 -1.488148
v -1.375216 1.265871 -1.493949
v -1.371089 1.279097 -1.498639
v -1.368195 1.292998 -1.502142
v -1.366579 1.307355 -1.504405
v -1.366266 1.321941 -1.505391
v -1.367262 1.336526 -1.505085
v -1.369550 1.350880 -1.503491
v -1.373095 1.364776 -1.500635
v -1.377841 1.377996 -1.496562
v -1.383713 1.390332 -1.491336
v -1.390618 1.401588 -1.485040
v -1.398447 1.411587 -1.477772
v -1.407078 1.420171 -1.469647
v -1.416373 1.427205 -1.460794
v -1.426186 1.432578 -1.451353
v -1.436363 1.436206 -1.441471
v -1.446743 1.438030 -1.431305
v -1.457162 1.438023 -1.421015
v -1.467456 1.436185 -1.410764
v -1.477463 1.432543 -1.400713
v -1.487025 1.427157 -1.391020
v -1.495990 1.420110 -1.381839
v -1.504218 1.411515 -1.373314
v -1.511579 1.401505 -1.365580
v -1.517957 1.390240 -1.358759
v -1.523251 1.377898 -1.352958
v -1.527378 1.364671 -1.348269
v -1.530272 1.350770 -1.344765
v -1.531888 1.336414 -1.342503
v -1.532201 1.321828 -1.341516
v -1.377767 1.313946 -1.184442
v -1.374441 1.299785 -1.184942
v -1.369866 1.286077 -1.186712
v -1.364115 1.273041 -1.189726
v -1.357277 1.260881 -1.193934
v -1.349461 1.249789 -1.199272
v -1.340790 1.239941 -1.205654
v -1.331401 1.231490 -1.212981
v -1.321441 1.224572 -1.221136
v -1.311069 1.219294 -1.229991
v -1.300447 1.215741 -1.239407
v -1.289743 1.213967 -1.249234
v -1.279126 1.214002 -1.259318
v -1.268763 1.215844 -1.269500
v -1.258818 1.219464 -1.279619
v -1.249447 1.224806 -1.289515
v -1.240799 1.231785 -1.299034
v -1.233009 1.240291 -1.308024
v -1.226201 1.250190 -1.316343
v -1.220482 1.261326 -1.323861
v -1.215942 1.273523 -1.330459
v -1.212652 1.286588 -1.336033
v -1.210665 1.300317 -1.340495
v -1.210012 1.314492 -1.343774
v -1.210703 1.328889 -1.345819
v -1.212728 1.343282 -1.346598
v -1.216054 1.357444 -1.346099
v -1.220629 1.371151 -1.344328
v -1.226381 1.384188 -1.341315
v -1.233218 1.396348 -1.337106
v -1.241034 1.407439 -1.331768
v -1.249705 1.417288 -1.325386
v -1.259094 1.425738 -1.318059
v -1.269054 1.432657 -1.309904
v -1.279426 1.437935 -1.301049
v -1.290048 1.441488 -1.291634
v -1.300752 1.443262 -1.281807
v -1.311369 1.443227 -1.271723
v -1.321732 1.441385 -1.261541
v -1.331677 1.437765 -1.251421
v -1.341048 1.432423 -1.241525
v -1.349697 1.425444 -1.232006
v -1.357486 1.416938 -1.223017
v -1.364294 1.407039 -1.214697
v -1.370014 1.395903 -1.207179
v -1.374554 1.383706 -1.200581
v -1.377843 1.370640 -1.195007
v -1.379830 1.356912 -1.190546
v -1.380483 1.342737 -1.187266
v -1.379792 1.328340 -1.185221
v -1.246402 1.358675 -1.042621
v -1.240939 1.345371 -1.040798
v -1.234264 1.332506 -1.040287
v -1.226483 1.320283 -1.041095
v -1.217718 1.308895 -1.043209
v -1.208108 1.298520 -1.046597
v -1.197804 1.289323 -1.051205
v -1.186968 1.281449 -1.056961
v -1.175772 1.275023 -1.063772
v -1.164392 1.270144 -1.071533
v -1.153007 1.266890 -1.080120
v -1.141798 1.265313 -1.089399
v -1.130940 1.265438 -1.099222
v -1.120605 1.267262 -1.109436
v -1.110956 1.270756 -1.119878
v -1.102145 1.275867 -1.130385
v -1.094312 1.282512 -1.140790
v -1.087579 1.290587 -1.150930
v -1.082053 1.299966 -1.160644
v -1.077821 1.310499 -1.169779
v -1.074950 1.322021 -1.178192
v -1.073485 1.334350 -1.185749
v -1.073449 1.347292 -1.192332
v -1.074843 1.360642 -1.197836
v -1.077644 1.374190 -1.202175
v -1.081809 1.387723 -1.205280
v -1.087272 1.401027 -1.207103
v -1.093946 1.413892 -1.207615
v -1.101727 1.426115 -1.206807
v -1.110492 1.437503 -1.204692
v -1.120102 1.447878 -1.201304
v -1.130407 1.457074 -1.196696
v -1.141242 1.464948 -1.190941
v -1.152439 1.471375 -1.184129
v -1.163819 1.476254 -1.176368
v -1.175204 1.479507 -1.167781
v -1.186413 1.481084 -1.158502
v -1.197271 1.480960 -1.148679
v -1.207606 1.479136 -1.138465
v -1.217255 1.475641 -1.128023
v -1.226065 1.470531 -1.117517
v -1.233899 1.463885 -1.107111
v -1.240632 1.455810 -1.096972
v -1.246158 1.446432 -1.087258
v -1.250389 1.435899 -1.078122
v -1.253261 1.424377 -1.069710
v -1.254726 1.412048 -1.062152
v -1.254762 1.399106 -1.055570
v -1.253368 1.385756 -1.050065
v -1.250566 1.372207 -1.045726
v -1.140111 1.442515 -0.920855
v -1.132581 1.430846 -0.916671
v -1.123881 1.419581 -0.913845
v -1.114148 1.408900 -0.912423
v -1.103536 1.398970 -0.912426
v -1.092211 1.389947 -0.913856
v -1.080353 1.381975 -0.916688
v -1.068149 1.375179 -0.920880
v -1.055790 1.369666 -0.926363
v -1.043472 1.365523 -0.933053
v -1.031389 1.362815 -0.940844
v -1.019732 1.361585 -0.949612
v -1.008684 1.361853 -0.959219
v -0.998420 1.363614 -0.969514
v -0.989101 1.366840 -0.980335
v -0.980875 1.371481 -0.991511
v -0.973871 1.377464 -1.002865
v -0.968200 1.384693 -1.014219
v -0.963952 1.393056 -1.025393
v -0.961192 1.402419 -1.036211
v -0.959965 1.412636 -1.046504
v -0.960290 1.423546 -1.056107
v -0.962162 1.434976 -1.064871
v -0.965551 1.446746 -1.072656
v -0.970404 1.458670 -1.079340
v -0.976645 1.470561 -1.084817
v -0.984174 1.482230 -1.089002
v -0.992874 1.493495 -1.091828
v -1.002607 1.504176 -1.093250
v -1.013220 1.514106 -1.093246
v -1.024544 1.523129 -1.091817
v -1.036402 1.531101 -1.088984
v -1.048607 1.537897 -1.084793
v -1.060966 1.543410 -1.079309
v -1.073284 1.547553 -1.072619
v -1.085367 1.550261 -1.064829
v -1.097024 1.551491 -1.056061
v -1.108072 1.551223 -1.046453
v -1.118336 1.549462 -1.036158
v -1.127654 1.546235 -1.025337
v -1.135880 1.541595 -1.014162
v -1.142884 1.535612 -1.002807
v -1.148555 1.528382 -0.991454
v -1.152804 1.520020 -0.980279
v -1.155564 1.510656 -0.969461
v -1.156791 1.500439 -0.959169
v -1.156466 1.489530 -0.949565
v -1.154594 1.478100 -0.940802
v -1.151204 1.466330 -0.933017
v -1.146351 1.454406 -0.926333
v -1.057345 1.557515 -0.819994
v -1.048208 1.548031 -0.813864
v -1.037937 1.538901 -0.809136
v -1.026695 1.530269 -0.805888
v -1.014660 1.522271 -0.804168
v -1.002019 1.515033 -0.804005
v -0.988974 1.508668 -0.805402
v -0.975730 1.503279 -0.808335
v -0.962495 1.498949 -0.812759
v -0.949479 1.495747 -0.818604
v -0.936886 1.493723 -0.825779
v -0.924916 1.492909 -0.834169
v -0.913757 1.493319 -0.843642
v -0.903584 1.494945 -0.854050
v -0.894559 1.497762 -0.865227
v -0.886824 1.501725 -0.876998
v -0.880501 1.506773 -0.889177
v -0.875689 1.512825 -0.901572
v -0.872465 1.519786 -0.913987
v -0.870879 1.527547 -0.926227
v -0.870956 1.535984 -0.938099
v -0.872695 1.544964 -0.949415
v -0.876068 1.554347 -0.959997
v -0.881023 1.563984 -0.969678
v -0.887482 1.573724 -0.978306
v -0.895341 1.583411 -0.985743
v -0.904478 1.592895 -0.991874
v -0.914749 1.602025 -0.996601
v -0.925991 1.610657 -0.999850
v -0.938027 1.618655 -1.001569
v -0.950667 1.625894 -1.001732
v -0.963712 1.632258 -1.000336
v -0.976956 1.637648 -0.997403
v -0.990191 1.641977 -0.992978
v -1.003207 1.645179 -0.987133
v -1.015800 1.647203 -0.979959
v -1.027770 1.648017 -0.971569
v -1.038929 1.647607 -0.962095
v -1.049102 1.645981 -0.951688
v -1.058127 1.643164 -0.940510
v -1.065862 1.639201 -0.928739
v -1.072185 1.634153 -0.916560
v -1.076997 1.628101 -0.904165
v -1.080221 1.621140 -0.891750
v -1.081807 1.613380 -0.879510
v -1.081730 1.604943 -0.867638
v -1.079991 1.595962 -0.856322
v -1.076618 1.586579 -0.845740
v -1.071663 1.576942 -0.836059
v -1.065205 1.567203 -0.827432
v -0.996510 1.695673 -0.740863
v -0.986267 1.688624 -0.733310
v -0.974921 1.681861 -0.727198
v -0.962649 1.675491 -0.722624
v -0.949647 1.669615 -0.719661
v -0.936118 1.664326 -0.718355
v -0.922277 1.659706 -0.718727
v -0.908341 1.655830 -0.720770
v -0.894530 1.652757 -0.724454
v -0.881062 1.650537 -0.729718
v -0.868149 1.649204 -0.736482
v -0.855996 1.648780 -0.744637
v -0.844793 1.649271 -0.754056
v -0.834718 1.650669 -0.764589
v -0.825929 1.652952 -0.776071
v -0.818564 1.656085 -0.788320
v -0.812741 1.660018 -0.801144
v -0.808551 1.664688 -0.814340
v -0.806059 1.670023 -0.827700
v -0.805306 1.675938 -0.841014
v -0.806303 1.682339 -0.854070
v -0.809034 1.689127 -0.866664
v -0.813457 1.696193 -0.878597
v -0.819501 1.703427 -0.889681
v -0.827072 1.710714 -0.899740
v -0.836049 1.717939 -0.908617
v -0.846292 1.724989 -0.916171
v -0.857638 1.731752 -0.922283
v -0.869909 1.738122 -0.926856
v -0.882912 1.743998 -0.929819
v -0.896440 1.749287 -0.931125
v -0.910282 1.753906 -0.930754
v -0.924218 1.757783 -0.928710
v -0.938029 1.760856 -0.925027
v -0.951497 1.763076 -0.919762
v -0.964409 1.764409 -0.912998
v -0.976563 1.764833 -0.904843
v -0.987766 1.764342 -0.895424
v -0.997841 1.762944 -0.884891
v -1.006630 1.760661 -0.873409
v -1.013994 1.757528 -0.861160
v -1.019817 1.753595 -0.848336
v -1.024008 1.748925 -0.835140
v -1.026499 1.743590 -0.821780
v -1.027252 1.737675 -0.808467
v -1.026255 1.731274 -0.795410
v -1.023524 1.724486 -0.782816
v -1.019101 1.717420 -0.770883
v -1.013057 1.710186 -0.759799
v -1.005487 1.702899 -0.749740
v -0.956004 1.848981 -0.684307
v -0.945083 1.844420 -0.675820
v -0.933080 1.840064 -0.668804
v -0.920183 1.835981 -0.663370
v -0.906598 1.832236 -0.659605
v -0.892537 1.828888 -0.657567
v -0.878222 1.825989 -0.657289
v -0.863880 1.823586 -0.658775
v -0.849737 1.821716 -0.662001
v -0.836015 1.820409 -0.666917
v -0.822930 1.819685 -0.673445
v -0.810690 1.819556 -0.681483
v -0.799488 1.820024 -0.690902
v -0.789499 1.821081 -0.701556
v -0.780882 1.822711 -0.713276
v -0.773772 1.824888 -0.725876
v -0.768282 1.827578 -0.739159
v -0.764498 1.830738 -0.752915
v -0.762479 1.834318 -0.766927
v -0.762259 1.838263 -0.780973
v -0.763839 1.842509 -0.794833
v -0.767196 1.846991 -0.808288
v -0.772275 1.851636 -0.821126
v -0.778998 1.856372 -0.833144
v -0.787258 1.861125 -0.844152
v -0.796925 1.865818 -0.853977
v -0.807846 1.870379 -0.862465
v -0.819850 1.874735 -0.869481
v -0.832746 1.878818 -0.874914
v -0.846332 1.882563 -0.878679
v -0.860393 1.885911 -0.880717
v -0.874707 1.888810 -0.880995
v -0.889049 1.891213 -0.879510
v -0.903193 1.893083 -0.876283
v -0.916915 1.894390 -0.871367
v -0.929999 1.895114 -0.864839
v -0.942239 1.895243 -0.856802
v -0.953442 1.894776 -0.847382
v -0.963430 1.893718 -0.836728
v -0.972048 1.892088 -0.825009
v -0.979157 1.889911 -0.812408
v -0.984648 1.887221 -0.799125
v -0.988432 1.884061 -0.785369
v -0.990450 1.880481 -0.771357
v -0.990671 1.876536 -0.757311
v -0.989090 1.872290 -0.743451
v -0.985734 1.867809 -0.729996
v -0.980654 1.863163 -0.717158
v -0.973931 1.858427 -0.705141
v -0.965671 1.853675 -0.694132
v -0.934232 2.009507 -0.651206
v -0.922964 2.007455 -0.642203
v -0.910626 2.005508 -0.634692
v -0.897414 2.003695 -0.628790
v -0.883536 2.002047 -0.624591
v -0.869211 2.000588 -0.622161
v -0.854664 1.999341 -0.621539
v -0.840125 1.998328 -0.622734
v -0.825824 1.997562 -0.625727
v -0.811986 1.997057 -0.630471
v -0.798829 1.996820 -0.636892
v -0.786560 1.996856 -0.644888
v -0.775374 1.997163 -0.654332
v -0.765446 1.997736 -0.665077
v -0.756933 1.998567 -0.676953
v -0.749970 1.999643 -0.689771
v -0.744666 2.000947 -0.703331
v -0.741104 2.002457 -0.717419
v -0.739342 2.004150 -0.731811
v -0.739407 2.006001 -0.746281
v -0.741297 2.007978 -0.760602
v -0.744983 2.010052 -0.774546
v -0.750407 2.012189 -0.787895
v -0.757484 2.014356 -0.800437
v -0.766101 2.016518 -0.811976
v -0.776122 2.018642 -0.822328
v -0.787391 2.020693 -0.831331
v -0.799729 2.022640 -0.838842
v -0.812941 2.024453 -0.844744
v -0.826819 2.026101 -0.848943
v -0.841144 2.027560 -0.851373
v -0.855691 2.028807 -0.851995
v -0.870229 2.029820 -0.850800
v -0.884531 2.030586 -0.847807
v -0.898369 2.031091 -0.843063
v -0.911526 2.031328 -0.836642
v -0.923795 2.031293 -0.828646
v -0.934981 2.030986 -0.819201
v -0.944909 2.030412 -0.808456
v -0.953421 2.029581 -0.796581
v -0.960385 2.028505 -0.783762
v -0.965689 2.027202 -0.770202
v -0.969250 2.025691 -0.756115
v -0.971012 2.023998 -0.741723
v -0.970948 2.022147 -0.727252
v -0.969058 2.020170 -0.712932
v -0.965371 2.018097 -0.698987
v -0.959947 2.015959 -0.685639
v -0.952871 2.013793 -0.673096
v -0.944254 2.011630 -0.661558
v -0.929662 2.169474 -0.642584
v -0.918326 2.170037 -0.633465
v -0.905923 2.170578 -0.625842
v -0.892650 2.171089 -0.619835
v -0.878715 2.171561 -0.615539
v -0.864338 2.171988 -0.613021
v -0.849745 2.172363 -0.612321
v -0.835168 2.172678 -0.613450
v -0.820836 2.172931 -0.616391
v -0.806974 2.173116 -0.621096
v -0.793802 2.173231 -0.627492
v -0.781528 2.173275 -0.635479
v -0.770344 2.173245 -0.644929
v -0.760427 2.173143 -0.655694
v -0.751934 2.172970 -0.667604
v -0.744998 2.172729 -0.680472
v -0.739730 2.172425 -0.694094
v -0.736211 2.172060 -0.708255
v -0.734498 2.171643 -0.722733
v -0.734617 2.171178 -0.737298
v -0.736567 2.170674 -0.751722
v -0.740317 2.170138 -0.765777
v -0.745807 2.169578 -0.779240
v -0.752952 2.169004 -0.791900
v -0.761638 2.168425 -0.803558
v -0.771729 2.167849 -0.814028
v -0.783065 2.167286 -0.823147
v -0.795467 2.166746 -0.830770
v -0.808741 2.166235 -0.836777
v -0.822676 2.165762 -0.841074
v -0.837053 2.165335 -0.843592
v -0.851646 2.164961 -0.844292
v -0.866223 2.164645 -0.843163
v -0.880555 2.164392 -0.840222
v -0.894417 2.164207 -0.835516
v -0.907589 2.164092 -0.829120
v -0.919863 2.164049 -0.821134
v -0.931047 2.164079 -0.811684
v -0.940964 2.164181 -0.800919
v -0.949457 2.164354 -0.789008
v -0.956393 2.164594 -0.776141
v -0.961661 2.164899 -0.762519
v -0.965180 2.165263 -0.748357
v -0.966893 2.165681 -0.733880
v -0.966774 2.166146 -0.719314
v -0.964824 2.166650 -0.704890
v -0.961074 2.167186 -0.690836
v -0.955583 2.167746 -0.677372
v -0.948439 2.168319 -0.664712
v -0.939753 2.168899 -0.653055
v -0.940937 2.321241 -0.659835
v -0.929839 2.324662 -0.651102
v -0.917659 2.327899 -0.643842
v -0.904591 2.330901 -0.638169
v -0.890840 2.333621 -0.634172
v -0.876622 2.336015 -0.631914
v -0.862164 2.338046 -0.631430
v -0.847691 2.339682 -0.632730
v -0.833433 2.340898 -0.635791
v -0.819615 2.341673 -0.640566
v -0.806454 2.341996 -0.646979
v -0.794158 2.341861 -0.654929
v -0.782920 2.341272 -0.664291
v -0.772919 2.340236 -0.674918
v -0.764311 2.338771 -0.686641
v -0.757233 2.336899 -0.699275
v -0.751797 2.334651 -0.712622
v -0.748087 2.332060 -0.726472
v -0.746162 2.329170 -0.740604
v -0.746053 2.326024 -0.754798
v -0.747762 2.322672 -0.768828
v -0.751261 2.319168 -0.782474
v -0.756495 2.315567 -0.795520
v -0.763383 2.311925 -0.807761
v -0.771814 2.308300 -0.819003
v -0.781657 2.304748 -0.829070
v -0.792755 2.301327 -0.837802
v -0.804935 2.298091 -0.845062
v -0.818003 2.295088 -0.850735
v -0.831755 2.292369 -0.854733
v -0.845972 2.289975 -0.856991
v -0.860430 2.287943 -0.857474
v -0.874903 2.286307 -0.856175
v -0.889161 2.285092 -0.853113
v -0.902979 2.284317 -0.848339
v -0.916140 2.283993 -0.841926
v -0.928436 2.284128 -0.833975
v -0.939674 2.284718 -0.824613
v -0.949675 2.285753 -0.813987
v -0.958283 2.287218 -0.802263
v -0.965361 2.289090 -0.789629
v -0.970797 2.291339 -0.776282
v -0.974507 2.293929 -0.762433
v -0.976432 2.296820 -0.748300
v -0.976541 2.299966 -0.734106
v -0.974832 2.303317 -0.720076
v -0.971333 2.306821 -0.706430
v -0.966098 2.310422 -0.693384
v -0.959211 2.314065 -0.681143
v -0.950780 2.317690 -0.669901
v -0.966993 2.456918 -0.705032
v -0.956550 2.463501 -0.697472
v -0.944983 2.469696 -0.691306
v -0.932474 2.475405 -0.686632
v -0.919220 2.480540 -0.683523
v -0.905431 2.485017 -0.682029
v -0.891324 2.488767 -0.682172
v -0.877121 2.491730 -0.683952
v -0.863046 2.493861 -0.687339
v -0.849322 2.495124 -0.692281
v -0.836165 2.495502 -0.698699
v -0.823781 2.494986 -0.706492
v -0.812368 2.493587 -0.715537
v -0.802104 2.491324 -0.725692
v -0.793151 2.488235 -0.736797
v -0.785651 2.484368 -0.748676
v -0.779722 2.479784 -0.761141
v -0.775457 2.474556 -0.773997
v -0.772924 2.468765 -0.787041
v -0.772162 2.462503 -0.800067
v -0.773185 2.455869 -0.812869
v -0.775974 2.448968 -0.825246
v -0.780487 2.441908 -0.837003
v -0.786653 2.434800 -0.847953
v -0.794373 2.427757 -0.857925
v -0.803527 2.420890 -0.866760
v -0.813970 2.414307 -0.874321
v -0.825537 2.408112 -0.880487
v -0.838046 2.402402 -0.885161
v -0.851300 2.397269 -0.888270
v -0.865089 2.392792 -0.889764
v -0.879197 2.389041 -0.889620
v -0.893400 2.386078 -0.887841
v -0.907474 2.383947 -0.884453
v -0.921198 2.382683 -0.879512
v -0.934356 2.382306 -0.873094
v -0.946739 2.382822 -0.865301
v -0.958153 2.384222 -0.856255
v -0.968417 2.386484 -0.846100
v -0.977370 2.389573 -0.834996
v -0.984870 2.393440 -0.823117
v -0.990799 2.398024 -0.810651
v -0.995063 2.403252 -0.797795
v -0.997597 2.409043 -0.784751
v -0.998358 2.415305 -0.771726
v -0.997336 2.421939 -0.758923
v -0.994546 2.428840 -0.746546
v -0.990033 2.435900 -0.734790
v -0.983868 2.443008 -0.723840
v -0.976147 2.450051 -0.713868
v -1.005087 2.564680 -0.777082
v -0.995856 2.574441 -0.771864
v -0.985415 2.583589 -0.767873
v -0.973928 2.591982 -0.765173
v -0.961576 2.599487 -0.763805
v -0.948553 2.605984 -0.763791
v -0.935066 2.611373 -0.765131
v -0.921326 2.615567 -0.767804
v -0.907550 2.618500 -0.771767
v -0.893956 2.620126 -0.776958
v -0.880758 2.620419 -0.783295
v -0.868163 2.619376 -0.790678
v -0.856372 2.617011 -0.798991
v -0.845569 2.613363 -0.808102
v -0.835925 2.608490 -0.817868
v -0.827592 2.602467 -0.828136
v -0.820702 2.595391 -0.838743
v -0.815364 2.587373 -0.849523
v -0.811662 2.578539 -0.860306
v -0.809654 2.569030 -0.870922
v -0.809372 2.558994 -0.881203
v -0.810821 2.548592 -0.890988
v -0.813977 2.537985 -0.900122
v -0.818791 2.527343 -0.908462
v -0.825188 2.516832 -0.915876
v -0.833066 2.506618 -0.922247
v -0.842300 2.496864 -0.927474
v -0.852746 2.487720 -0.931474
v -0.864237 2.479333 -0.934185
v -0.876594 2.471834 -0.935562
v -0.889621 2.465341 -0.935586
v -0.903112 2.459958 -0.934254
v -0.916854 2.455767 -0.931587
v -0.930632 2.452836 -0.927627
v -0.944226 2.451211 -0.922438
v -0.957424 2.450916 -0.916099
v -0.970017 2.451958 -0.908713
v -0.981806 2.454319 -0.900394
v -0.992605 2.457963 -0.891275
v -1.002245 2.462831 -0.881499
v -1.010573 2.468848 -0.871221
v -1.017458 2.475919 -0.860604
v -1.022792 2.483932 -0.849814
v -1.026491 2.492760 -0.839023
v -1.028495 2.502266 -0.828400
v -1.028775 2.512298 -0.818114
v -1.027325 2.522700 -0.808326
v -1.024169 2.533306 -0.799192
v -1.019356 2.543950 -0.790854
v -1.012961 2.554463 -0.783445
v -1.039808 2.624809 -0.850205
v -1.026296 2.634988 -0.901165
v -1.045276 2.639853 -0.880542
v -1.032064 2.636678 -0.847858
v -1.021223 2.643342 -0.899976
v -1.038403 2.651184 -0.878936
v -1.015252 2.651151 -0.899439
v -1.023022 2.647779 -0.846516
v -1.030311 2.661778 -0.878215
v -1.008476 2.658293 -0.899562
v -1.012824 2.657938 -0.846201
v -1.021129 2.671467 -0.878388
v -1.001003 2.664655 -0.900343
v -1.001631 2.666992 -0.846915
v -1.011000 2.680097 -0.879453
v -0.989620 2.674798 -0.848647
v -0.992949 2.670136 -0.901769
v -1.000086 2.687532 -0.881393
v -0.984443 2.674649 -0.903818
v -0.976978 2.681233 -0.851369
v -0.988557 2.693656 -0.884176
v -0.975618 2.678124 -0.906457
v -0.963906 2.686196 -0.855037
v -0.976595 2.698370 -0.887759
v -0.966613 2.680506 -0.909646
v -0.950608 2.689606 -0.859592
v -0.964388 2.701601 -0.892084
v -0.937295 2.691411 -0.864963
v -0.957570 2.681756 -0.913333
v -0.952130 2.703297 -0.897083
v -0.948632 2.681856 -0.917460
v -0.924177 2.691582 -0.871064
v -0.940013 2.703431 -0.902678
v -0.939941 2.680803 -0.921963
v -0.911459 2.690116 -0.877800
v -0.928228 2.702003 -0.908779
v -0.931632 2.678615 -0.926770
v -0.899344 2.687037 -0.885064
v -0.916962 2.699033 -0.915292
v -0.888023 2.682394 -0.892743
v -0.923837 2.675326 -0.931805
v -0.906392 2.694570 -0.922113
v -0.916680 2.670988 -0.936989
v -0.877673 2.676259 -0.900716
v -0.896685 2.688683 -0.929135
v -0.910272 2.665669 -0.942242
v -0.868460 2.668730 -0.908858
v -0.887995 2.681466 -0.936249
v -0.904716 2.659453 -0.947479
v -0.860528 2.659927 -0.917042
v -0.880458 2.673033 -0.943342
v -0.854003 2.649990 -0.925139
v -0.900098 2.652439 -0.952618
v -0.874194 2.663518 -0.950303
v -0.896491 2.644737 -0.957578
v -0.848989 2.639074 -0.933024
v -0.869301 2.653070 -0.957022
v -0.893953 2.636468 -0.962282
v -0.845564 2.627354 -0.940572
v -0.865858 2.641855 -0.963395
v -0.892524 2.627763 -0.966655
v -0.843785 2.615014 -0.947665
v -0.863918 2.630049 -0.969320
v -0.843677 2.602249 -0.954192
v -0.892226 2.618760 -0.970628
v -0.863513 2.617840 -0.974706
v -0.893063 2.609599 -0.974139
v -0.845244 2.589261 -0.960050
v -0.864648 2.605419 -0.979466
v -0.895024 2.600427 -0.977132
v -0.848461 2.576255 -0.965148
v -0.867306 2.592983 -0.983527
v -0.898076 2.591387 -0.979560
v -0.853277 2.563435 -0.969404
v -0.871445 2.580728 -0.986824
v -0.859616 2.551003 -0.972751
v -0.902171 2.582622 -0.981384
v -0.877000 2.568846 -0.989304
v -0.907245 2.574269 -0.982577
v -0.867377 2.539155 -0.975136
v -0.883882 2.557525 -0.990929
v -0.913219 2.566462 -0.983118
v -0.876438 2.528077 -0.976519
v -0.891983 2.546943 -0.991672
v -0.919997 2.559323 -0.983000
v -0.886656 2.517944 -0.976879
v -0.901175 2.537267 -0.991521
v -0.897868 2.508914 -0.976208
v -0.927472 2.552963 -0.982224
v -0.911313 2.528649 -0.990478
v -0.935528 2.547485 -0.980801
v -0.909897 2.501129 -0.974516
v -0.922237 2.521225 -0.988558
v -0.944035 2.542974 -0.978756
v -0.922554 2.494713 -0.971828
v -0.933774 2.515111 -0.985792
v -0.952862 2.539500 -0.976119
v -0.935637 2.489764 -0.968187
v -0.945741 2.510404 -0.982223
v -0.948942 2.486362 -0.963648
v -0.961867 2.537119 -0.972932
v -0.957951 2.507177 -0.977906
v -0.970910 2.535869 -0.969246
v -0.962258 2.484560 -0.958283
v -0.970211 2.505482 -0.972909
v -0.979848 2.535769 -0.965118
v -0.975374 2.484386 -0.952176
v -0.982327 2.505346 -0.967312
v -0.988538 2.536821 -0.960614
v -0.988083 2.485842 -0.945424
v -0.994108 2.506770 -0.961202
v -1.000187 2.488908 -0.938133
v -0.996846 2.539007 -0.955804
v -1.005368 2.509733 -0.954676
v -1.004639 2.542295 -0.950765
v -1.011494 2.493533 -0.930420
v -1.015930 2.514187 -0.947838
v -1.011794 2.546630 -0.945577
v -1.021825 2.499646 -0.922408
v -1.025628 2.520062 -0.940795
v -1.018200 2.551947 -0.940320
v -1.031020 2.507150 -0.914222
v -1.034309 2.527267 -0.933660
v -1.038932 2.515929 -0.905994
v -1.023755 2.558160 -0.935079
v -1.041836 2.535687 -0.926545
v -1.028371 2.565172 -0.929935
v -1.045438 2.525843 -0.897855
v -1.048090 2.545191 -0.919563
v -1.031976 2.572872 -0.924970
v -1.050435 2.536737 -0.889933
v -1.052974 2.555628 -0.912824
v -1.034512 2.581139 -0.920264
v -1.053846 2.548440 -0.882354
v -1.056411 2.566835 -0.906436
v -1.055616 2.560769 -0.875240
v -1.035941 2.589843 -0.915889
v -1.058346 2.578634 -0.900500
v -1.036238 2.598846 -0.911914
v -1.055719 2.573527 -0.868702
v -1.058749 2.590841 -0.895109
v -1.035401 2.608006 -0.908404
v -1.054152 2.586515 -0.862843
v -1.057613 2.603261 -0.890348
v -1.033441 2.617179 -0.905412
v -1.050940 2.599528 -0.857756
v -1.054958 2.615701 -0.886293
v -1.030390 2.626221 -0.902986
v -1.046133 2.612360 -0.853522
v -1.050824 2.627962 -0.883007
v -2.319748 0.001612 -2.173791
v -2.340318 0.029869 -2.147428
v -2.333977 0.004719 -2.155383
v -2.338364 0.011951 -2.149772
v -2.311171 0.002524 -2.168008
v -2.328260 0.030826 -2.139296
v -2.322984 0.005887 -2.147973
v -2.326630 0.013198 -2.141861
v -2.301931 0.003407 -2.163350
v -2.315273 0.031752 -2.132743
v -2.311144 0.007018 -2.142002
v -2.313992 0.014404 -2.135487
v -2.292177 0.004247 -2.159888
v -2.301562 0.032633 -2.127872
v -2.298644 0.008094 -2.137565
v -2.300648 0.015551 -2.130750
v -2.282060 0.005031 -2.157677
v -2.287343 0.033454 -2.124758
v -2.285679 0.009098 -2.134732
v -2.286810 0.016621 -2.127724
v -2.271741 0.005746 -2.156754
v -2.272840 0.034202 -2.123453
v -2.272456 0.010014 -2.133548
v -2.272695 0.017597 -2.126458
v -2.261382 0.006381 -2.157131
v -2.258283 0.034866 -2.123976
v -2.259181 0.010828 -2.134031
v -2.258526 0.018464 -2.126972
v -2.251147 0.006927 -2.158804
v -2.243900 0.035436 -2.126320
v -2.246066 0.011526 -2.136173
v -2.244527 0.019208 -2.129257
v -2.241198 0.007374 -2.161745
v -2.229919 0.035903 -2.130446
v -2.233317 0.012099 -2.139942
v -2.230918 0.019817 -2.133278
v -2.231690 0.007716 -2.165909
v -2.216561 0.036260 -2.136291
v -2.221133 0.012536 -2.145277
v -2.217914 0.020283 -2.138971
v -2.222775 0.007947 -2.171229
v -2.204035 0.036501 -2.143761
v -2.209709 0.012832 -2.152095
v -2.205720 0.020598 -2.146246
v -2.214592 0.008063 -2.177623
v -2.192540 0.036622 -2.152740
v -2.199224 0.012980 -2.160287
v -2.194530 0.020756 -2.154990
v -2.207272 0.008063 -2.184987
v -2.182257 0.036622 -2.163086
v -2.189843 0.012980 -2.169724
v -2.184517 0.020756 -2.165062
v -2.200927 0.007946 -2.193209
v -2.173347 0.036501 -2.174635
v -2.181714 0.012832 -2.180259
v -2.175842 0.020598 -2.176306
v -2.195661 0.007716 -2.202156
v -2.165952 0.036260 -2.187206
v -2.174965 0.012536 -2.191724
v -2.168641 0.020283 -2.188543
v -2.191555 0.007374 -2.211688
v -2.160188 0.035903 -2.200600
v -2.169704 0.012099 -2.203939
v -2.163026 0.019817 -2.201581
v -2.188674 0.006927 -2.221656
v -2.156146 0.035436 -2.214605
v -2.166013 0.011526 -2.216712
v -2.159087 0.019208 -2.215214
v -2.187063 0.006381 -2.231900
v -2.153890 0.034866 -2.229002
v -2.163949 0.010828 -2.229840
v -2.156887 0.018464 -2.229227
v -2.186748 0.005746 -2.242261
v -2.153454 0.034202 -2.243562
v -2.163547 0.010014 -2.243116
v -2.156458 0.017597 -2.243398
v -2.187734 0.005031 -2.252574
v -2.154847 0.033454 -2.258056
v -2.164811 0.009098 -2.256332
v -2.157809 0.016621 -2.257505
v -2.190005 0.004247 -2.262677
v -2.158046 0.032633 -2.272256
v -2.167722 0.008094 -2.269279
v -2.160918 0.015551 -2.271326
v -2.193526 0.003407 -2.272411
v -2.163000 0.031752 -2.285938
v -2.172234 0.007018 -2.281753
v -2.165736 0.014404 -2.284640
v -2.198240 0.002524 -2.281622
v -2.169631 0.030826 -2.298885
v -2.178276 0.005887 -2.293557
v -2.172187 0.013198 -2.297240
v -2.204075 0.001612 -2.290165
v -2.177835 0.029869 -2.310894
v -2.185753 0.004719 -2.304504
v -2.180168 0.011951 -2.308926
v -2.210937 0.000685 -2.297905
v -2.187483 0.028895 -2.321775
v -2.194546 0.003531 -2.314423
v -2.189555 0.010684 -2.319513
v -2.218718 -0.000242 -2.304720
v -2.198422 0.027920 -2.331356
v -2.204517 0.002344 -2.323156
v -2.200199 0.009416 -2.328836
v -2.227296 -0.001154 -2.310502
v -2.210479 0.026960 -2.339487
v -2.215510 0.001175 -2.330566
v -2.211932 0.008167 -2.336746
v -2.236535 -0.002037 -2.315161
v -2.223465 0.026030 -2.346039
v -2.227349 0.000043 -2.336537
v -2.224570 0.006958 -2.343120
v -2.246289 -0.002877 -2.318623
v -2.237175 0.025144 -2.350909
v -2.239849 -0.001035 -2.340973
v -2.237913 0.005807 -2.347856
v -2.256407 -0.003661 -2.320833
v -2.251392 0.024317 -2.354021
v -2.252814 -0.002040 -2.343806
v -2.251750 0.004732 -2.350881
v -2.266725 -0.004377 -2.321757
v -2.265893 0.023561 -2.355325
v -2.266037 -0.002958 -2.344990
v -2.265864 0.003752 -2.352146
v -2.277083 -0.005013 -2.321379
v -2.280449 0.022890 -2.354800
v -2.279310 -0.003773 -2.344507
v -2.280032 0.002880 -2.351631
v -2.287318 -0.005558 -2.319706
v -2.294830 0.022313 -2.352455
v -2.292425 -0.004473 -2.342363
v -2.294030 0.002131 -2.349344
v -2.297268 -0.006006 -2.316765
v -2.308810 0.021840 -2.348327
v -2.305175 -0.005047 -2.338594
v -2.307638 0.001517 -2.345322
v -2.306775 -0.006348 -2.312601
v -2.322167 0.021478 -2.342481
v -2.317358 -0.005485 -2.333259
v -2.320641 0.001048 -2.339629
v -2.315691 -0.006579 -2.307281
v -2.334692 0.021234 -2.335009
v -2.328782 -0.005782 -2.326442
v -2.332834 0.000731 -2.332353
v -2.323873 -0.006695 -2.300888
v -2.346187 0.021111 -2.326030
v -2.339267 -0.005931 -2.318249
v -2.344025 0.000572 -2.323609
v -2.331194 -0.006695 -2.293522
v -2.356471 0.021111 -2.315685
v -2.348648 -0.005931 -2.308812
v -2.354037 0.000572 -2.313536
v -2.337538 -0.006579 -2.285301
v -2.365380 0.021234 -2.304136
v -2.356777 -0.005782 -2.298277
v -2.362712 0.000731 -2.302293
v -2.342804 -0.006348 -2.276354
v -2.372776 0.021478 -2.291566
v -2.363525 -0.005485 -2.286812
v -2.369914 0.001048 -2.290056
v -2.346910 -0.006006 -2.266822
v -2.378541 0.021840 -2.278173
v -2.368787 -0.005047 -2.274597
v -2.375530 0.001517 -2.277020
v -2.349792 -0.005558 -2.256855
v -2.382585 0.022313 -2.264169
v -2.372478 -0.004473 -2.261825
v -2.379469 0.002131 -2.263387
v -2.351403 -0.005013 -2.246610
v -2.384842 0.022890 -2.249774
v -2.374543 -0.003773 -2.248698
v -2.381671 0.002880 -2.249376
v -2.351717 -0.004377 -2.236249
v -2.385279 0.023561 -2.235216
v -2.374946 -0.002958 -2.235421
v -2.382100 0.003752 -2.235205
v -2.350732 -0.003661 -2.225936
v -2.383888 0.024317 -2.220723
v -2.373682 -0.002040 -2.222205
v -2.380750 0.004732 -2.221099
v -2.348461 -0.002877 -2.215833
v -2.380691 0.025144 -2.206524
v -2.370771 -0.001035 -2.209259
v -2.377643 0.005807 -2.207280
v -2.344940 -0.002037 -2.206100
v -2.375738 0.026030 -2.192844
v -2.366260 0.000043 -2.196786
v -2.372826 0.006958 -2.193967
v -2.340225 -0.001154 -2.196888
v -2.369108 0.026960 -2.179898
v -2.360217 0.001175 -2.184982
v -2.366376 0.008167 -2.181367
v -2.334391 -0.000242 -2.188346
v -2.360904 0.027920 -2.167890
v -2.352741 0.002344 -2.174035
v -2.358395 0.009416 -2.169682
v -2.351257 0.028895 -2.157009
v -2.327529 0.000685 -2.180606
v -2.349008 0.010684 -2.159095
v -2.343948 0.003531 -2.164116
v -0.964978 2.609882 -0.942802
v -2.269234 0.000036 -2.239257
v -2.373867 0.089315 0.749314
v -2.361569 0.088768 0.741437
v -2.348376 0.088238 0.735167
v -2.334497 0.087733 0.730603
v -2.320150 0.087262 0.727816
v -2.305562 0.086832 0.726850
v -2.290963 0.086450 0.727720
v -2.276583 0.086122 0.730414
v -2.262649 0.085853 0.734888
v -2.249381 0.085648 0.741072
v -2.236987 0.085509 0.748868
v -2.225664 0.085439 0.758153
v -2.215589 0.085439 0.768781
v -2.206923 0.085509 0.780585
v -2.199800 0.085648 0.793378
v -2.194335 0.085853 0.806958
v -2.190613 0.086122 0.821112
v -2.188693 0.086450 0.835615
v -2.188604 0.086832 0.850240
v -2.190348 0.087262 0.864755
v -2.193899 0.087733 0.878932
v -2.199199 0.088238 0.892548
v -2.206166 0.088768 0.905386
v -2.214689 0.089315 0.917246
v -2.224633 0.089871 0.927939
v -2.235843 0.090426 0.937298
v -2.248142 0.090973 0.945174
v -2.261334 0.091502 0.951444
v -2.275213 0.092005 0.956008
v -2.289559 0.092475 0.958795
v -2.304147 0.092903 0.959760
v -2.318746 0.093284 0.958889
v -2.333125 0.093610 0.956195
v -2.347059 0.093878 0.951721
v -2.360328 0.094082 0.945537
v -2.372721 0.094221 0.937741
v -2.384044 0.094290 0.928456
v -2.394118 0.094290 0.917827
v -2.402785 0.094221 0.906024
v -2.409907 0.094082 0.893231
v -2.415373 0.093878 0.879651
v -2.419096 0.093610 0.865498
v -2.421016 0.093284 0.850995
v -2.421105 0.092903 0.836370
v -2.419361 0.092475 0.821855
v -2.415811 0.092005 0.807678
v -2.410511 0.091502 0.794063
v -2.403544 0.090973 0.781225
v -2.395022 0.090426 0.769366
v -2.385077 0.089871 0.758672
v -2.365771 0.195351 0.741640
v -2.353552 0.193414 0.733838
v -2.340435 0.191539 0.727640
v -2.326628 0.189754 0.723144
v -2.312349 0.188089 0.720421
v -2.297823 0.186570 0.719513
v -2.283278 0.185220 0.720437
v -2.268946 0.184061 0.723175
v -2.255050 0.183111 0.727685
v -2.241811 0.182386 0.733897
v -2.229438 0.181895 0.741712
v -2.218125 0.181648 0.751007
v -2.208050 0.181648 0.761635
v -2.199373 0.181895 0.773429
v -2.192231 0.182386 0.786203
v -2.186737 0.183111 0.799755
v -2.182976 0.184061 0.813872
v -2.181008 0.185220 0.828331
v -2.180864 0.186570 0.842904
v -2.182547 0.188090 0.857361
v -2.186030 0.189754 0.871474
v -2.191258 0.191539 0.885020
v -2.198148 0.193414 0.897787
v -2.206593 0.195351 0.909572
v -2.216458 0.197319 0.920190
v -2.227588 0.199287 0.929473
v -2.239808 0.201223 0.937275
v -2.252924 0.203099 0.943472
v -2.266731 0.204883 0.947968
v -2.281010 0.206548 0.950691
v -2.295537 0.208067 0.951599
v -2.310081 0.209417 0.950676
v -2.324414 0.210576 0.947938
v -2.338309 0.211526 0.943427
v -2.351548 0.212252 0.937215
v -2.363922 0.212742 0.929400
v -2.375235 0.212989 0.920105
v -2.385309 0.212989 0.909477
v -2.393986 0.212742 0.897683
v -2.401128 0.212252 0.884909
v -2.406623 0.211526 0.871357
v -2.410383 0.210576 0.857240
v -2.412351 0.209417 0.842781
v -2.412495 0.208067 0.828208
v -2.410812 0.206548 0.813752
v -2.407329 0.204883 0.799639
v -2.402101 0.203099 0.786092
v -2.395211 0.201223 0.773326
v -2.386766 0.199287 0.761541
v -2.376901 0.197319 0.750923
v -2.348087 0.328167 0.724877
v -2.336015 0.325071 0.717216
v -2.323042 0.322072 0.711154
v -2.309372 0.319220 0.706788
v -2.295221 0.316558 0.704185
v -2.280811 0.314129 0.703389
v -2.266370 0.311972 0.704409
v -2.252126 0.310119 0.707232
v -2.238303 0.308600 0.711811
v -2.225120 0.307439 0.718075
v -2.212784 0.306656 0.725926
v -2.201490 0.306260 0.735239
v -2.191415 0.306260 0.745867
v -2.182720 0.306656 0.757644
v -2.175540 0.307440 0.770382
v -2.169990 0.308600 0.783881
v -2.166156 0.310119 0.797929
v -2.164099 0.311972 0.812304
v -2.163853 0.314130 0.826779
v -2.165419 0.316558 0.841125
v -2.168774 0.319220 0.855117
v -2.173865 0.322072 0.868534
v -2.180612 0.325071 0.881164
v -2.188908 0.328167 0.892809
v -2.198623 0.331313 0.903284
v -2.209602 0.334459 0.912424
v -2.221673 0.337556 0.920085
v -2.234646 0.340554 0.926147
v -2.248317 0.343406 0.930514
v -2.262468 0.346068 0.933116
v -2.276878 0.348497 0.933913
v -2.291319 0.350655 0.932892
v -2.305563 0.352508 0.930070
v -2.319386 0.354027 0.925490
v -2.332569 0.355187 0.919226
v -2.344905 0.355971 0.911375
v -2.356199 0.356366 0.902062
v -2.366273 0.356366 0.891434
v -2.374969 0.355971 0.879657
v -2.382149 0.355187 0.866919
v -2.387699 0.354026 0.853420
v -2.391533 0.352508 0.839372
v -2.393589 0.350655 0.824997
v -2.393836 0.348497 0.810522
v -2.392270 0.346068 0.796176
v -2.388914 0.343406 0.782184
v -2.383823 0.340554 0.768767
v -2.377077 0.337556 0.756136
v -2.368780 0.334459 0.744492
v -2.359066 0.331313 0.734017
v -2.319468 0.476449 0.697749
v -2.307622 0.472191 0.690302
v -2.294867 0.468069 0.684447
v -2.281405 0.464147 0.680278
v -2.267447 0.460487 0.677859
v -2.253214 0.457147 0.677230
v -2.238931 0.454180 0.678400
v -2.224822 0.451632 0.681350
v -2.211110 0.449543 0.686035
v -2.198011 0.447948 0.692379
v -2.185732 0.446870 0.700284
v -2.174466 0.446327 0.709624
v -2.164392 0.446327 0.720253
v -2.155668 0.446870 0.732001
v -2.148431 0.447948 0.744685
v -2.142796 0.449544 0.758105
v -2.138852 0.451632 0.772048
v -2.136660 0.454180 0.786295
v -2.136256 0.457147 0.800620
v -2.137645 0.460487 0.814799
v -2.140807 0.464147 0.828607
v -2.145690 0.468069 0.841827
v -2.152219 0.472191 0.854251
v -2.160289 0.476449 0.865681
v -2.169774 0.480775 0.875939
v -2.180524 0.485101 0.884862
v -2.192370 0.489359 0.892310
v -2.205125 0.493482 0.898164
v -2.218587 0.497404 0.902334
v -2.232545 0.501064 0.904752
v -2.246778 0.504404 0.905382
v -2.261061 0.507371 0.904212
v -2.275170 0.509919 0.901261
v -2.288883 0.512007 0.896577
v -2.301981 0.513603 0.890232
v -2.314260 0.514681 0.882328
v -2.325526 0.515224 0.872987
v -2.335600 0.515224 0.862359
v -2.344325 0.514680 0.850610
v -2.351561 0.513602 0.837926
v -2.357196 0.512007 0.824506
v -2.361141 0.509919 0.810564
v -2.363332 0.507371 0.796317
v -2.363736 0.504403 0.781991
v -2.362347 0.501063 0.767812
v -2.359185 0.497404 0.754004
v -2.354301 0.493481 0.740784
v -2.347773 0.489359 0.728361
v -2.339703 0.485101 0.716930
v -2.330218 0.480775 0.706672
v -2.278617 0.632410 0.659028
v -2.267113 0.626876 0.651904
v -2.254689 0.621517 0.646364
v -2.241542 0.616418 0.642492
v -2.227878 0.611661 0.640352
v -2.213913 0.607319 0.639977
v -2.199868 0.603462 0.641373
v -2.185963 0.600150 0.644517
v -2.172419 0.597436 0.649360
v -2.159448 0.595362 0.655826
v -2.147255 0.593960 0.663813
v -2.136034 0.593254 0.673195
v -2.125959 0.593254 0.683823
v -2.117191 0.593960 0.695531
v -2.109868 0.595362 0.708132
v -2.104105 0.597436 0.721430
v -2.099993 0.600150 0.735214
v -2.097597 0.603462 0.749267
v -2.096954 0.607319 0.763367
v -2.098076 0.611661 0.777292
v -2.100944 0.616419 0.790822
v -2.105512 0.621517 0.803744
v -2.111710 0.626876 0.815853
v -2.119438 0.632411 0.826960
v -2.128576 0.638034 0.836888
v -2.138979 0.643658 0.845482
v -2.150483 0.649192 0.852606
v -2.162907 0.654551 0.858147
v -2.176054 0.659650 0.862018
v -2.189718 0.664407 0.864157
v -2.203683 0.668749 0.864533
v -2.217729 0.672606 0.863137
v -2.231633 0.675918 0.859993
v -2.245178 0.678632 0.855150
v -2.258148 0.680707 0.848684
v -2.270341 0.682108 0.840697
v -2.281563 0.682814 0.831315
v -2.291637 0.682814 0.820687
v -2.300405 0.682108 0.808979
v -2.307728 0.680706 0.796377
v -2.313491 0.678632 0.783079
v -2.317603 0.675918 0.769295
v -2.319999 0.672606 0.755243
v -2.320642 0.668748 0.741142
v -2.319520 0.664407 0.727218
v -2.316652 0.659649 0.713688
v -2.312084 0.654551 0.700766
v -2.305886 0.649192 0.688657
v -2.298158 0.643657 0.677550
v -2.289020 0.638034 0.667622
v -2.224263 0.788319 0.607507
v -2.213281 0.781330 0.600879
v -2.201363 0.774563 0.595817
v -2.188697 0.768126 0.592402
v -2.175482 0.762119 0.590687
v -2.161927 0.756637 0.590700
v -2.148245 0.751767 0.592441
v -2.134653 0.747585 0.595881
v -2.121365 0.744157 0.600967
v -2.108590 0.741538 0.607619
v -2.096529 0.739769 0.615731
v -2.085374 0.738877 0.625176
v -2.075300 0.738877 0.635804
v -2.066465 0.739769 0.647448
v -2.059010 0.741538 0.659925
v -2.053051 0.744157 0.673037
v -2.048683 0.747585 0.686579
v -2.045974 0.751767 0.700336
v -2.044968 0.756637 0.714091
v -2.045680 0.762119 0.727627
v -2.048099 0.768126 0.740731
v -2.052186 0.774564 0.753197
v -2.057878 0.781330 0.764827
v -2.065084 0.788319 0.775439
v -2.073691 0.795420 0.784865
v -2.083564 0.802520 0.792955
v -2.094546 0.809509 0.799584
v -2.106464 0.816275 0.804646
v -2.119131 0.822713 0.808061
v -2.132346 0.828720 0.809775
v -2.145901 0.834202 0.809762
v -2.159582 0.839072 0.808022
v -2.173174 0.843254 0.804581
v -2.186463 0.846682 0.799495
v -2.199238 0.849301 0.792844
v -2.211298 0.851070 0.784732
v -2.222453 0.851962 0.775287
v -2.232528 0.851962 0.764659
v -2.241362 0.851070 0.753014
v -2.248818 0.849301 0.740537
v -2.254776 0.846682 0.727425
v -2.259144 0.843254 0.713884
v -2.261853 0.839072 0.700127
v -2.262859 0.834202 0.686372
v -2.262147 0.828720 0.672835
v -2.259728 0.822713 0.659731
v -2.255641 0.816275 0.647266
v -2.249949 0.809509 0.635635
v -2.242743 0.802520 0.625023
v -2.234136 0.795419 0.615598
v -2.155164 0.936488 0.542009
v -2.144977 0.927853 0.536134
v -2.133828 0.919493 0.531802
v -2.121894 0.911539 0.529081
v -2.109362 0.904117 0.528014
v -2.096431 0.897344 0.528618
v -2.083303 0.891327 0.530884
v -2.070187 0.886160 0.534775
v -2.057289 0.881925 0.540231
v -2.044811 0.878689 0.547165
v -2.032952 0.876503 0.555467
v -2.021899 0.875402 0.565008
v -2.011824 0.875402 0.575637
v -2.002888 0.876503 0.587185
v -1.995232 0.878689 0.599471
v -1.988975 0.881925 0.612301
v -1.984217 0.886160 0.625473
v -1.981033 0.891327 0.638779
v -1.979472 0.897344 0.652008
v -1.979560 0.904117 0.664954
v -1.981296 0.911539 0.677410
v -1.984651 0.919493 0.689182
v -1.989574 0.927853 0.700083
v -1.995985 0.936488 0.709941
v -2.003784 0.945261 0.718601
v -2.012849 0.954034 0.725926
v -2.023036 0.962669 0.731801
v -2.034185 0.971029 0.736133
v -2.046119 0.978983 0.738854
v -2.058650 0.986404 0.739921
v -2.071582 0.993177 0.739317
v -2.084710 0.999195 0.737051
v -2.097826 1.004362 0.733160
v -2.110724 1.008596 0.727705
v -2.123202 1.011832 0.720771
v -2.135061 1.014018 0.712468
v -2.146114 1.015120 0.702927
v -2.156189 1.015120 0.692299
v -2.165125 1.014018 0.680750
v -2.172781 1.011832 0.668464
v -2.179038 1.008596 0.655634
v -2.183796 1.004361 0.642462
v -2.186980 0.999195 0.629157
v -2.188540 0.993177 0.615927
v -2.188452 0.986404 0.602982
v -2.186717 0.978982 0.590525
v -2.183361 0.971028 0.578753
v -2.178439 0.962668 0.567852
v -2.172028 0.954034 0.557994
v -2.164228 0.945261 0.549334
v -2.070094 1.069314 0.461373
v -2.061085 1.058906 0.456614
v -2.051076 1.048830 0.453363
v -2.040227 1.039243 0.451670
v -2.028708 1.030298 0.451563
v -2.016700 1.022134 0.453043
v -2.004393 1.014881 0.456086
v -1.991982 1.008654 0.460646
v -1.979661 1.003549 0.466649
v -1.967625 0.999649 0.474001
v -1.956064 0.997014 0.482587
v -1.945161 0.995686 0.492270
v -1.935086 0.995686 0.502898
v -1.926000 0.997014 0.514304
v -1.918045 0.999649 0.526307
v -1.911347 1.003549 0.538719
v -1.906011 1.008654 0.551343
v -1.902122 1.014881 0.563981
v -1.899741 1.022134 0.576433
v -1.898906 1.030298 0.588503
v -1.899629 1.039243 0.600000
v -1.901899 1.048830 0.610743
v -1.905681 1.058906 0.620563
v -1.910915 1.069314 0.629305
v -1.917518 1.079888 0.636831
v -1.925386 1.090462 0.643022
v -1.934395 1.100869 0.647780
v -1.944403 1.110946 0.651031
v -1.955252 1.120533 0.652724
v -1.966772 1.129478 0.652831
v -1.978780 1.137642 0.651352
v -1.991086 1.144895 0.648308
v -2.003498 1.151122 0.643748
v -2.015819 1.156226 0.637745
v -2.027854 1.160127 0.630393
v -2.039416 1.162762 0.621808
v -2.050319 1.164089 0.612125
v -2.060393 1.164089 0.601496
v -2.069479 1.162761 0.590090
v -2.077435 1.160126 0.578087
v -2.084132 1.156226 0.565675
v -2.089468 1.151122 0.553051
v -2.093357 1.144894 0.540413
v -2.095738 1.137642 0.527961
v -2.096574 1.129478 0.515892
v -2.095850 1.120532 0.504394
v -2.093580 1.110945 0.493651
v -2.089798 1.100869 0.483831
v -2.084565 1.090462 0.475090
v -2.077962 1.079888 0.467564
v -1.967798 1.179319 0.364409
v -1.960429 1.167203 0.361205
v -1.952010 1.155471 0.359460
v -1.942672 1.144310 0.359200
v -1.932563 1.133895 0.360429
v -1.921842 1.124391 0.363129
v -1.910679 1.115947 0.367256
v -1.899249 1.108697 0.372746
v -1.887732 1.102754 0.379512
v -1.876311 1.098213 0.387447
v -1.865166 1.095146 0.396426
v -1.854472 1.093600 0.406308
v -1.844397 1.093600 0.416936
v -1.835102 1.095146 0.428144
v -1.826732 1.098213 0.439753
v -1.819419 1.102754 0.451582
v -1.813278 1.108697 0.463444
v -1.808408 1.115947 0.475151
v -1.804883 1.124391 0.486519
v -1.802761 1.133895 0.497369
v -1.802074 1.144310 0.507529
v -1.802833 1.155471 0.516840
v -1.805026 1.167203 0.525154
v -1.808619 1.179320 0.532341
v -1.813555 1.191630 0.538286
v -1.819756 1.203941 0.542897
v -1.827124 1.216058 0.546101
v -1.835544 1.227789 0.547846
v -1.844882 1.238950 0.548106
v -1.854991 1.249365 0.546877
v -1.865712 1.258869 0.544177
v -1.876875 1.267313 0.540049
v -1.888305 1.274564 0.534560
v -1.899821 1.280506 0.527794
v -1.911242 1.285047 0.519859
v -1.922388 1.288115 0.510880
v -1.933082 1.289660 0.500998
v -1.943156 1.289660 0.490369
v -1.952452 1.288114 0.479162
v -1.960822 1.285047 0.467553
v -1.968135 1.280506 0.455724
v -1.974275 1.274563 0.443862
v -1.979146 1.267313 0.432155
v -1.982671 1.258869 0.420787
v -1.984793 1.249365 0.409937
v -1.985480 1.238950 0.399777
v -1.984721 1.227788 0.390466
v -1.982528 1.216057 0.382152
v -1.978935 1.203941 0.374965
v -1.973999 1.191630 0.369020
v -1.846902 1.259138 0.249815
v -1.841601 1.245674 0.248570
v -1.835183 1.232639 0.248722
v -1.827749 1.220237 0.250267
v -1.819416 1.208664 0.253180
v -1.810317 1.198103 0.257417
v -1.800594 1.188721 0.262910
v -1.790401 1.180664 0.269572
v -1.779899 1.174061 0.277299
v -1.769253 1.169016 0.285968
v -1.758630 1.165607 0.295443
v -1.748200 1.163889 0.305575
v -1.738125 1.163889 0.316203
v -1.728566 1.165607 0.327161
v -1.719672 1.169016 0.338274
v -1.711585 1.174061 0.349369
v -1.704431 1.180664 0.360270
v -1.698323 1.188721 0.370804
v -1.693358 1.198103 0.380807
v -1.689615 1.208664 0.390120
v -1.687150 1.220237 0.398596
v -1.686006 1.232639 0.406102
v -1.686198 1.245674 0.412519
v -1.687724 1.259138 0.417746
v -1.690559 1.272817 0.421701
v -1.694660 1.286497 0.424322
v -1.699962 1.299960 0.425566
v -1.706380 1.312995 0.425414
v -1.713814 1.325397 0.423870
v -1.722147 1.336970 0.420956
v -1.731246 1.347531 0.416719
v -1.740969 1.356914 0.411227
v -1.751162 1.364970 0.404564
v -1.761664 1.371573 0.396838
v -1.772310 1.376618 0.388168
v -1.782933 1.380027 0.378693
v -1.793363 1.381745 0.368561
v -1.803437 1.381745 0.357933
v -1.812997 1.380027 0.346976
v -1.821890 1.376618 0.335862
v -1.829978 1.371572 0.324767
v -1.837132 1.364969 0.313867
v -1.843240 1.356913 0.303332
v -1.848205 1.347530 0.293329
v -1.851948 1.336969 0.284016
v -1.854412 1.325397 0.275540
v -1.855557 1.312995 0.268034
v -1.855365 1.299960 0.261617
v -1.853839 1.286496 0.256390
v -1.851004 1.272817 0.252435
v -1.705775 1.301349 0.116044
v -1.702577 1.287153 0.116796
v -1.698195 1.273410 0.118878
v -1.692696 1.260334 0.122258
v -1.686168 1.248133 0.126883
v -1.678713 1.236999 0.132680
v -1.670449 1.227107 0.139556
v -1.661507 1.218613 0.147405
v -1.652027 1.211652 0.156101
v -1.642159 1.206333 0.165508
v -1.632058 1.202740 0.175478
v -1.621884 1.200929 0.185853
v -1.611797 1.200930 0.196470
v -1.601957 1.202742 0.207161
v -1.592518 1.206337 0.217757
v -1.583630 1.211658 0.228092
v -1.575432 1.218620 0.238003
v -1.568054 1.227115 0.247332
v -1.561612 1.237009 0.255934
v -1.556208 1.248144 0.263672
v -1.551927 1.260346 0.270425
v -1.548837 1.273423 0.276085
v -1.546985 1.287167 0.280565
v -1.546403 1.301362 0.283792
v -1.547097 1.315785 0.285716
v -1.549059 1.330208 0.286307
v -1.552256 1.344403 0.285555
v -1.556639 1.358147 0.283473
v -1.562137 1.371222 0.280093
v -1.568666 1.383424 0.275468
v -1.576121 1.394558 0.269672
v -1.584384 1.404450 0.262795
v -1.593327 1.412944 0.254946
v -1.602807 1.419905 0.246250
v -1.612675 1.425224 0.236843
v -1.622776 1.428817 0.226873
v -1.632950 1.430627 0.216498
v -1.643036 1.430626 0.205881
v -1.652876 1.428814 0.195191
v -1.662315 1.425220 0.184594
v -1.671204 1.419899 0.174259
v -1.679401 1.412936 0.164348
v -1.686779 1.404441 0.155019
v -1.693221 1.394548 0.146417
v -1.698625 1.383412 0.138679
v -1.702906 1.371210 0.131926
v -1.705997 1.358134 0.126266
v -1.707848 1.344390 0.121787
v -1.708431 1.330194 0.118560
v -1.707736 1.315771 0.116635
v -1.546710 1.307243 -0.035437
v -1.544460 1.292889 -0.033790
v -1.540983 1.278992 -0.030851
v -1.536336 1.265772 -0.026666
v -1.530590 1.253437 -0.021302
v -1.523836 1.242181 -0.014844
v -1.516181 1.232182 -0.007392
v -1.507746 1.223598 0.000935
v -1.498664 1.216564 0.010006
v -1.489077 1.211190 0.019678
v -1.479137 1.207563 0.029798
v -1.469002 1.205738 0.040208
v -1.458830 1.205745 0.050742
v -1.448782 1.207584 0.061235
v -1.439016 1.211225 0.071520
v -1.429688 1.216612 0.081437
v -1.420943 1.223658 0.090828
v -1.412919 1.232254 0.099546
v -1.405744 1.242263 0.107453
v -1.399529 1.253528 0.114423
v -1.394374 1.265871 0.120348
v -1.390360 1.279097 0.125134
v -1.387550 1.292998 0.128706
v -1.385988 1.307355 0.131006
v -1.385698 1.321941 0.131999
v -1.386687 1.336526 0.131669
v -1.388937 1.350880 0.130022
v -1.392413 1.364776 0.127083
v -1.397061 1.377996 0.122898
v -1.402807 1.390332 0.117534
v -1.409560 1.401588 0.111076
v -1.417215 1.411587 0.103624
v -1.425650 1.420171 0.095297
v -1.434733 1.427205 0.086226
v -1.444319 1.432578 0.076554
v -1.454259 1.436206 0.066434
v -1.464395 1.438030 0.056024
v -1.474566 1.438023 0.045490
v -1.484615 1.436185 0.034997
v -1.494380 1.432543 0.024711
v -1.503709 1.427157 0.014795
v -1.512454 1.420110 0.005404
v -1.520477 1.411515 -0.003314
v -1.527653 1.401505 -0.011221
v -1.533867 1.390240 -0.018191
v -1.539022 1.377898 -0.024117
v -1.543036 1.364671 -0.028902
v -1.545846 1.350770 -0.032474
v -1.547409 1.336414 -0.034774
v -1.547698 1.321828 -0.035767
v -1.389579 1.313946 -0.189132
v -1.386266 1.299785 -0.188554
v -1.381735 1.286077 -0.186675
v -1.376056 1.273041 -0.183526
v -1.369320 1.260881 -0.179156
v -1.361633 1.249789 -0.173635
v -1.353116 1.239941 -0.167048
v -1.343904 1.231490 -0.159501
v -1.334141 1.224572 -0.151112
v -1.323981 1.219294 -0.142013
v -1.313586 1.215741 -0.132348
v -1.303118 1.213967 -0.122270
v -1.292743 1.214002 -0.111937
v -1.282625 1.215844 -0.101512
v -1.272923 1.219464 -0.091159
v -1.263789 1.224806 -0.081043
v -1.255369 1.231785 -0.071322
v -1.247795 1.240291 -0.062150
v -1.241186 1.250190 -0.053671
v -1.235647 1.261326 -0.046020
v -1.231265 1.273523 -0.039316
v -1.228109 1.286588 -0.033665
v -1.226228 1.300317 -0.029158
v -1.225653 1.314492 -0.025864
v -1.226393 1.328889 -0.023835
v -1.228435 1.343282 -0.023105
v -1.231748 1.357444 -0.023683
v -1.236280 1.371151 -0.025562
v -1.241959 1.384188 -0.028711
v -1.248695 1.396348 -0.033081
v -1.256382 1.407439 -0.038602
v -1.264899 1.417288 -0.045189
v -1.274111 1.425738 -0.052736
v -1.283874 1.432657 -0.061125
v -1.294034 1.437935 -0.070224
v -1.304429 1.441488 -0.079889
v -1.314897 1.443262 -0.089967
v -1.325272 1.443227 -0.100301
v -1.335390 1.441385 -0.110726
v -1.345092 1.437765 -0.121078
v -1.354226 1.432423 -0.131194
v -1.362646 1.425444 -0.140915
v -1.370220 1.416938 -0.150087
v -1.376829 1.407039 -0.158566
v -1.382368 1.395903 -0.166218
v -1.386750 1.383706 -0.172921
v -1.389906 1.370640 -0.178572
v -1.391787 1.356912 -0.183079
v -1.392362 1.342737 -0.186373
v -1.391622 1.328340 -0.188402
v -1.254885 1.358675 -0.327796
v -1.249381 1.345371 -0.329488
v -1.242696 1.332506 -0.329841
v -1.234936 1.320283 -0.328849
v -1.226224 1.308895 -0.326527
v -1.216697 1.298520 -0.322912
v -1.206505 1.289323 -0.318060
v -1.195809 1.281449 -0.312050
v -1.184777 1.275023 -0.304974
v -1.173585 1.270144 -0.296946
v -1.162407 1.266890 -0.288090
v -1.151421 1.265313 -0.278549
v -1.140799 1.265438 -0.268470
v -1.130709 1.267262 -0.258014
v -1.121311 1.270756 -0.247346
v -1.112752 1.275867 -0.236633
v -1.105168 1.282512 -0.226045
v -1.098678 1.290587 -0.215748
v -1.093384 1.299966 -0.205906
v -1.089370 1.310499 -0.196672
v -1.086699 1.322021 -0.188194
v -1.085414 1.334350 -0.180604
v -1.085534 1.347292 -0.174022
v -1.087058 1.360642 -0.168553
v -1.089962 1.374190 -0.164281
v -1.094199 1.387723 -0.161276
v -1.099704 1.401027 -0.159583
v -1.106389 1.413892 -0.159230
v -1.114148 1.426115 -0.160223
v -1.122860 1.437503 -0.162545
v -1.132388 1.447878 -0.166160
v -1.142580 1.457074 -0.171011
v -1.153275 1.464948 -0.177022
v -1.164307 1.471375 -0.184097
v -1.175500 1.476254 -0.192126
v -1.186677 1.479507 -0.200981
v -1.197664 1.481084 -0.210523
v -1.208286 1.480960 -0.220602
v -1.218375 1.479136 -0.231057
v -1.227773 1.475641 -0.241726
v -1.236332 1.470531 -0.252439
v -1.243917 1.463885 -0.263027
v -1.250407 1.455810 -0.273323
v -1.255701 1.446432 -0.283166
v -1.259714 1.435899 -0.292399
v -1.262385 1.424377 -0.300878
v -1.263670 1.412048 -0.308467
v -1.263550 1.399106 -0.315049
v -1.262026 1.385756 -0.320519
v -1.259123 1.372207 -0.324790
v -1.145734 1.442515 -0.447005
v -1.138108 1.430846 -0.451009
v -1.129343 1.419581 -0.453628
v -1.119579 1.408900 -0.454819
v -1.108970 1.398970 -0.454563
v -1.097682 1.389947 -0.452865
v -1.085895 1.381975 -0.449752
v -1.073793 1.375179 -0.445272
v -1.061568 1.369666 -0.439497
v -1.049412 1.365523 -0.432517
v -1.037518 1.362815 -0.424442
v -1.026072 1.361585 -0.415399
v -1.015255 1.361853 -0.405533
v -1.005238 1.363614 -0.394997
v -0.996179 1.366840 -0.383958
v -0.988221 1.371481 -0.372590
v -0.981488 1.377464 -0.361073
v -0.976088 1.384693 -0.349588
v -0.972106 1.393056 -0.338316
v -0.969604 1.402419 -0.327435
v -0.968621 1.412636 -0.317116
v -0.969174 1.423546 -0.307523
v -0.971253 1.434976 -0.298806
v -0.974827 1.446746 -0.291104
v -0.979837 1.458670 -0.284537
v -0.986206 1.470561 -0.279209
v -0.993833 1.482230 -0.275204
v -1.002597 1.493495 -0.272586
v -1.012361 1.504176 -0.271395
v -1.022970 1.514106 -0.271651
v -1.034258 1.523129 -0.273348
v -1.046045 1.531101 -0.276462
v -1.058147 1.537897 -0.280941
v -1.070372 1.543410 -0.286717
v -1.082528 1.547553 -0.293697
v -1.094423 1.550261 -0.301772
v -1.105869 1.551491 -0.310814
v -1.116685 1.551223 -0.320681
v -1.126702 1.549462 -0.331217
v -1.135761 1.546235 -0.342256
v -1.143720 1.541595 -0.353624
v -1.150452 1.535612 -0.365141
v -1.155852 1.528382 -0.376626
v -1.159834 1.520020 -0.387898
v -1.162336 1.510656 -0.398779
v -1.163319 1.500439 -0.409098
v -1.162766 1.489530 -0.418691
v -1.160687 1.478100 -0.427407
v -1.157114 1.466330 -0.435110
v -1.152103 1.454406 -0.441677
v -1.060598 1.557515 -0.545873
v -1.051318 1.548031 -0.551785
v -1.040938 1.538901 -0.556267
v -1.029623 1.530269 -0.559248
v -1.017549 1.522271 -0.560682
v -1.004909 1.515033 -0.560544
v -0.991900 1.508668 -0.558839
v -0.978729 1.503279 -0.555592
v -0.965603 1.498949 -0.550855
v -0.952730 1.495747 -0.544702
v -0.940311 1.493723 -0.537231
v -0.928543 1.492909 -0.528560
v -0.917612 1.493319 -0.518824
v -0.907689 1.494945 -0.508178
v -0.898932 1.497762 -0.496790
v -0.891479 1.501725 -0.484838
v -0.885446 1.506773 -0.472513
v -0.880930 1.512825 -0.460007
v -0.878001 1.519786 -0.447519
v -0.876706 1.527547 -0.435244
v -0.877064 1.535984 -0.423378
v -0.879071 1.544964 -0.412106
v -0.882695 1.554347 -0.401607
v -0.887879 1.563984 -0.392047
v -0.894540 1.573724 -0.383575
v -0.902574 1.583411 -0.376326
v -0.911854 1.592895 -0.370414
v -0.922234 1.602025 -0.365932
v -0.933549 1.610657 -0.362950
v -0.945623 1.618655 -0.361517
v -0.958263 1.625894 -0.361654
v -0.971272 1.632258 -0.363360
v -0.984443 1.637648 -0.366607
v -0.997568 1.641977 -0.371344
v -1.010442 1.645179 -0.377496
v -1.022861 1.647203 -0.384967
v -1.034629 1.648017 -0.393639
v -1.045560 1.647607 -0.403375
v -1.055483 1.645981 -0.414021
v -1.064240 1.643164 -0.425409
v -1.071693 1.639201 -0.437361
v -1.077726 1.634153 -0.449686
v -1.082242 1.628101 -0.462192
v -1.085171 1.621140 -0.474680
v -1.086466 1.613380 -0.486954
v -1.086107 1.604943 -0.498821
v -1.084100 1.595962 -0.510092
v -1.080477 1.586579 -0.520591
v -1.075293 1.576942 -0.530152
v -1.068632 1.567203 -0.538624
v -0.997902 1.695673 -0.623538
v -0.987483 1.688624 -0.630846
v -0.975995 1.681861 -0.636687
v -0.963619 1.675491 -0.640968
v -0.950549 1.669615 -0.643622
v -0.936994 1.664326 -0.644607
v -0.923165 1.659706 -0.643906
v -0.909281 1.655830 -0.641533
v -0.895562 1.652757 -0.637523
v -0.882222 1.650537 -0.631940
v -0.869474 1.649204 -0.624872
v -0.857517 1.648780 -0.616430
v -0.846541 1.649271 -0.606748
v -0.836719 1.650669 -0.595979
v -0.828205 1.652952 -0.584292
v -0.821133 1.656085 -0.571871
v -0.815616 1.660018 -0.558912
v -0.811740 1.664688 -0.545621
v -0.809566 1.670023 -0.532205
v -0.809129 1.675938 -0.518878
v -0.810436 1.682339 -0.505849
v -0.813465 1.689127 -0.493323
v -0.818170 1.696193 -0.481498
v -0.824475 1.703427 -0.470561
v -0.832282 1.710714 -0.460684
v -0.841468 1.717939 -0.452023
v -0.851887 1.724989 -0.444715
v -0.863375 1.731752 -0.438874
v -0.875751 1.738122 -0.434593
v -0.888820 1.743998 -0.431939
v -0.902376 1.749287 -0.430954
v -0.916205 1.753906 -0.431655
v -0.930089 1.757783 -0.434028
v -0.943808 1.760856 -0.438038
v -0.957148 1.763076 -0.443621
v -0.969896 1.764409 -0.450689
v -0.981853 1.764833 -0.459131
v -0.992829 1.764342 -0.468813
v -1.002651 1.762944 -0.479582
v -1.011165 1.760661 -0.491270
v -1.018237 1.757528 -0.503690
v -1.023754 1.753595 -0.516649
v -1.027630 1.748925 -0.529940
v -1.029804 1.743590 -0.543356
v -1.030241 1.737675 -0.556683
v -1.028934 1.731274 -0.569713
v -1.025905 1.724486 -0.582238
v -1.021200 1.717420 -0.594063
v -1.014894 1.710186 -0.605000
v -1.007087 1.702899 -0.614877
v -0.956066 1.848981 -0.679117
v -0.944946 1.844420 -0.687343
v -0.932780 1.840064 -0.694072
v -0.919758 1.835981 -0.699197
v -0.906087 1.832236 -0.702639
v -0.891982 1.828888 -0.704343
v -0.877665 1.825989 -0.704281
v -0.863362 1.823586 -0.702456
v -0.849299 1.821716 -0.698894
v -0.835697 1.820409 -0.693654
v -0.822772 1.819685 -0.686817
v -0.810726 1.819556 -0.678492
v -0.799750 1.820024 -0.668809
v -0.790017 1.821081 -0.657921
v -0.781680 1.822711 -0.646000
v -0.774872 1.824888 -0.633234
v -0.769698 1.827578 -0.619825
v -0.766242 1.830738 -0.605983
v -0.764556 1.834318 -0.591928
v -0.764669 1.838263 -0.577880
v -0.766578 1.842509 -0.564061
v -0.770253 1.846991 -0.550690
v -0.775636 1.851636 -0.537976
v -0.782642 1.856372 -0.526121
v -0.791161 1.861125 -0.515312
v -0.801058 1.865818 -0.505719
v -0.812178 1.870379 -0.497493
v -0.824344 1.874735 -0.490764
v -0.837366 1.878818 -0.485638
v -0.851037 1.882563 -0.482196
v -0.865143 1.885911 -0.480493
v -0.879460 1.888810 -0.480555
v -0.893762 1.891213 -0.482380
v -0.907825 1.893083 -0.485941
v -0.921427 1.894390 -0.491182
v -0.934353 1.895114 -0.498019
v -0.946398 1.895243 -0.506344
v -0.957374 1.894776 -0.516027
v -0.967107 1.893718 -0.526915
v -0.975444 1.892088 -0.538836
v -0.982252 1.889911 -0.551602
v -0.987426 1.887221 -0.565011
v -0.990883 1.884061 -0.578853
v -0.992568 1.880481 -0.592908
v -0.992455 1.876536 -0.606956
v -0.990546 1.872290 -0.620775
v -0.986871 1.867809 -0.634146
v -0.981488 1.863163 -0.646860
v -0.974482 1.858427 -0.658714
v -0.965963 1.853675 -0.669524
v -0.933514 2.009507 -0.711692
v -0.922035 2.007455 -0.720425
v -0.909523 2.005508 -0.727641
v -0.896175 2.003695 -0.733228
v -0.882201 2.002047 -0.737096
v -0.867822 2.000588 -0.739185
v -0.853264 1.999341 -0.739462
v -0.838758 1.998328 -0.737923
v -0.824532 1.997562 -0.734591
v -0.810810 1.997057 -0.729520
v -0.797809 1.996820 -0.722788
v -0.785734 1.996856 -0.714504
v -0.774775 1.997163 -0.704796
v -0.765105 1.997736 -0.693819
v -0.756876 1.998567 -0.681745
v -0.750219 1.999643 -0.668764
v -0.745238 2.000947 -0.655082
v -0.742012 2.002457 -0.640914
v -0.740592 2.004150 -0.626484
v -0.741000 2.006001 -0.612020
v -0.743230 2.007978 -0.597748
v -0.747246 2.010052 -0.583895
v -0.752985 2.012189 -0.570679
v -0.760357 2.014356 -0.558308
v -0.769246 2.016518 -0.546977
v -0.779510 2.018642 -0.536866
v -0.790989 2.020693 -0.528133
v -0.803502 2.022640 -0.520916
v -0.816850 2.024453 -0.515330
v -0.830824 2.026101 -0.511461
v -0.845203 2.027560 -0.509372
v -0.859760 2.028807 -0.509095
v -0.874267 2.029820 -0.510635
v -0.888493 2.030586 -0.513967
v -0.902215 2.031091 -0.519038
v -0.915216 2.031328 -0.525769
v -0.927291 2.031293 -0.534054
v -0.938250 2.030986 -0.543762
v -0.947920 2.030412 -0.554739
v -0.956148 2.029581 -0.566813
v -0.962805 2.028505 -0.579794
v -0.967786 2.027202 -0.593476
v -0.971012 2.025691 -0.607643
v -0.972432 2.023998 -0.622073
v -0.972025 2.022147 -0.636538
v -0.969795 2.020170 -0.650810
v -0.965779 2.018097 -0.664663
v -0.960039 2.015959 -0.677879
v -0.952667 2.013793 -0.690250
v -0.943779 2.011630 -0.701581
v -0.928741 2.169474 -0.720203
v -0.917192 2.170037 -0.729050
v -0.904612 2.170578 -0.736376
v -0.891199 2.171089 -0.742067
v -0.877166 2.171561 -0.746031
v -0.862733 2.171988 -0.748208
v -0.848128 2.172363 -0.748561
v -0.833582 2.172678 -0.747086
v -0.819324 2.172931 -0.743806
v -0.805578 2.173116 -0.738773
v -0.792561 2.173231 -0.732066
v -0.780479 2.173275 -0.723791
v -0.769523 2.173245 -0.714078
v -0.759865 2.173143 -0.703080
v -0.751656 2.172970 -0.690972
v -0.745028 2.172729 -0.677943
v -0.740084 2.172425 -0.664200
v -0.736903 2.172060 -0.649959
v -0.735534 2.171643 -0.635445
v -0.735999 2.171178 -0.620886
v -0.738290 2.170674 -0.606513
v -0.742373 2.170138 -0.592551
v -0.748181 2.169578 -0.579222
v -0.755624 2.169004 -0.566735
v -0.764585 2.168425 -0.555287
v -0.774921 2.167849 -0.545059
v -0.786470 2.167286 -0.536211
v -0.799050 2.166746 -0.528885
v -0.812463 2.166235 -0.523195
v -0.826496 2.165762 -0.519230
v -0.840929 2.165335 -0.517054
v -0.855533 2.164961 -0.516700
v -0.870080 2.164645 -0.518175
v -0.884338 2.164392 -0.521455
v -0.898084 2.164207 -0.526488
v -0.911101 2.164092 -0.533196
v -0.923182 2.164049 -0.541471
v -0.934139 2.164079 -0.551184
v -0.943797 2.164181 -0.562181
v -0.952005 2.164354 -0.574290
v -0.958633 2.164594 -0.587318
v -0.963577 2.164899 -0.601061
v -0.966759 2.165263 -0.615302
v -0.968128 2.165681 -0.629817
v -0.967663 2.166146 -0.644375
v -0.965371 2.166650 -0.658749
v -0.961289 2.167186 -0.672710
v -0.955481 2.167746 -0.686040
v -0.948037 2.168319 -0.698527
v -0.939077 2.168899 -0.709975
v -0.940422 2.321241 -0.703225
v -0.929120 2.324662 -0.711691
v -0.916771 2.327899 -0.718660
v -0.903572 2.330901 -0.724022
v -0.889730 2.333621 -0.727691
v -0.875463 2.336015 -0.729611
v -0.860997 2.338046 -0.729751
v -0.846559 2.339682 -0.728109
v -0.832378 2.340898 -0.724710
v -0.818677 2.341673 -0.719609
v -0.805672 2.341996 -0.712885
v -0.793568 2.341861 -0.704645
v -0.782556 2.341272 -0.695019
v -0.772809 2.340236 -0.684159
v -0.764482 2.338771 -0.672235
v -0.757706 2.336899 -0.659435
v -0.752588 2.334651 -0.645963
v -0.749207 2.332060 -0.632030
v -0.747619 2.329170 -0.617855
v -0.747847 2.326024 -0.603663
v -0.749888 2.322672 -0.589678
v -0.753710 2.319168 -0.576119
v -0.759253 2.315567 -0.563200
v -0.766428 2.311925 -0.551127
v -0.775124 2.308300 -0.540087
v -0.785203 2.304748 -0.530257
v -0.796506 2.301327 -0.521791
v -0.808854 2.298091 -0.514822
v -0.822054 2.295088 -0.509460
v -0.835896 2.292369 -0.505791
v -0.850162 2.289975 -0.503871
v -0.864629 2.287943 -0.503731
v -0.879066 2.286307 -0.505373
v -0.893247 2.285092 -0.508772
v -0.906949 2.284317 -0.513873
v -0.919954 2.283993 -0.520597
v -0.932058 2.284128 -0.528837
v -0.943070 2.284718 -0.538463
v -0.952816 2.285753 -0.549324
v -0.961143 2.287218 -0.561248
v -0.967919 2.289090 -0.574047
v -0.973038 2.291339 -0.587519
v -0.976418 2.293929 -0.601452
v -0.978006 2.296820 -0.615627
v -0.977778 2.299966 -0.629819
v -0.975737 2.303317 -0.643804
v -0.971915 2.306821 -0.657363
v -0.966373 2.310422 -0.670282
v -0.959197 2.314065 -0.682356
v -0.950501 2.317690 -0.693395
v -0.967543 2.456918 -0.658658
v -0.956924 2.463501 -0.665969
v -0.945214 2.469696 -0.671858
v -0.932597 2.475405 -0.676234
v -0.919274 2.480540 -0.679028
v -0.905453 2.485017 -0.680194
v -0.891353 2.488767 -0.679716
v -0.877196 2.491730 -0.677600
v -0.863206 2.493861 -0.673879
v -0.849603 2.495124 -0.668613
v -0.836601 2.495502 -0.661885
v -0.824407 2.494986 -0.653800
v -0.813211 2.493587 -0.644486
v -0.803191 2.491324 -0.634091
v -0.794504 2.488235 -0.622777
v -0.787288 2.484368 -0.610723
v -0.781656 2.479784 -0.598121
v -0.777698 2.474556 -0.585167
v -0.775475 2.468765 -0.572067
v -0.775023 2.462503 -0.559026
v -0.776349 2.455869 -0.546252
v -0.779431 2.448968 -0.533945
v -0.784222 2.441908 -0.522299
v -0.790646 2.434800 -0.511498
v -0.798601 2.427757 -0.501712
v -0.807962 2.420890 -0.493096
v -0.818581 2.414307 -0.485786
v -0.830292 2.408112 -0.479896
v -0.842908 2.402402 -0.475520
v -0.856232 2.397269 -0.472727
v -0.870053 2.392792 -0.471560
v -0.884152 2.389041 -0.472039
v -0.898309 2.386078 -0.474155
v -0.912299 2.383947 -0.477875
v -0.925902 2.382683 -0.483141
v -0.938904 2.382306 -0.489870
v -0.951099 2.382822 -0.497954
v -0.962295 2.384222 -0.507268
v -0.972315 2.386484 -0.517664
v -0.981001 2.389573 -0.528978
v -0.988217 2.393440 -0.541031
v -0.993849 2.398024 -0.553634
v -0.997807 2.403252 -0.566588
v -1.000030 2.409043 -0.579688
v -1.000482 2.415305 -0.592728
v -0.999157 2.421939 -0.605503
v -0.996074 2.428840 -0.617810
v -0.991283 2.435900 -0.629456
v -0.984859 2.443008 -0.640257
v -0.976904 2.450051 -0.650042
v -1.007336 2.564680 -0.587533
v -0.997985 2.574441 -0.592531
v -0.987452 2.583589 -0.596272
v -0.975904 2.591982 -0.598699
v -0.963522 2.599487 -0.599774
v -0.950503 2.605984 -0.599478
v -0.937051 2.611373 -0.597818
v -0.923379 2.615567 -0.594820
v -0.909701 2.618500 -0.590531
v -0.896234 2.620126 -0.585019
v -0.883190 2.620419 -0.578371
v -0.870774 2.619376 -0.570691
v -0.859183 2.617011 -0.562101
v -0.848599 2.613363 -0.552736
v -0.839190 2.608490 -0.542743
v -0.831103 2.602467 -0.532281
v -0.824467 2.595391 -0.521513
v -0.819386 2.587373 -0.510609
v -0.815941 2.578539 -0.499742
v -0.814186 2.569030 -0.489082
v -0.814148 2.558994 -0.478796
v -0.815828 2.548592 -0.469049
v -0.819200 2.537985 -0.459992
v -0.824211 2.527343 -0.451768
v -0.830782 2.516832 -0.444508
v -0.838809 2.506618 -0.438326
v -0.848165 2.496864 -0.433320
v -0.858702 2.487720 -0.429569
v -0.870255 2.479333 -0.427132
v -0.882641 2.471834 -0.426047
v -0.895665 2.465341 -0.426333
v -0.909120 2.459958 -0.427985
v -0.922796 2.455767 -0.430978
v -0.936475 2.452836 -0.435263
v -0.949943 2.451211 -0.440774
v -0.962986 2.450916 -0.447423
v -0.975400 2.451958 -0.455107
v -0.986988 2.454319 -0.463703
v -0.997568 2.457963 -0.473076
v -1.006974 2.462831 -0.483078
v -1.015055 2.468848 -0.493550
v -1.021687 2.475919 -0.504328
v -1.026763 2.483932 -0.515242
v -1.030204 2.492760 -0.526118
v -1.031956 2.502266 -0.536785
v -1.031992 2.512298 -0.547075
v -1.030310 2.522700 -0.556825
v -1.026938 2.533306 -0.565882
v -1.021928 2.543950 -0.574103
v -1.015360 2.554463 -0.581358
v -1.043783 2.624809 -0.515255
v -1.031484 2.634988 -0.463989
v -1.049970 2.639853 -0.485056
v -1.035985 2.636678 -0.517417
v -1.026385 2.643342 -0.465056
v -1.043060 2.651184 -0.486498
v -1.020403 2.651151 -0.465452
v -1.026914 2.647779 -0.518544
v -1.034954 2.661778 -0.487027
v -1.013632 2.658293 -0.465168
v -1.016712 2.657938 -0.518617
v -1.025778 2.671467 -0.486636
v -1.006178 2.664655 -0.464210
v -1.005539 2.666992 -0.517637
v -1.015678 2.680097 -0.485331
v -0.993572 2.674798 -0.515620
v -0.998161 2.670136 -0.462593
v -1.004812 2.687532 -0.483133
v -0.989706 2.674649 -0.460343
v -0.980999 2.681233 -0.512599
v -0.993352 2.693656 -0.480076
v -0.980946 2.678124 -0.457495
v -0.968017 2.686196 -0.508623
v -0.981479 2.698370 -0.476211
v -0.972019 2.680506 -0.454093
v -0.954831 2.689606 -0.503753
v -0.969378 2.701601 -0.471597
v -0.941649 2.691411 -0.498068
v -0.963067 2.681756 -0.450193
v -0.957242 2.703297 -0.466309
v -0.954229 2.681856 -0.445854
v -0.928679 2.691582 -0.491657
v -0.945261 2.703431 -0.460428
v -0.945647 2.680803 -0.441147
v -0.916126 2.690116 -0.484622
v -0.933625 2.702003 -0.454049
v -0.937455 2.678615 -0.436144
v -0.904186 2.687037 -0.477072
v -0.922517 2.699033 -0.447270
v -0.893050 2.682394 -0.469126
v -0.929782 2.675326 -0.430925
v -0.912111 2.694570 -0.440200
v -0.922750 2.670988 -0.425572
v -0.882893 2.676259 -0.460910
v -0.902574 2.688683 -0.432950
v -0.916469 2.665669 -0.420170
v -0.873875 2.668730 -0.452552
v -0.894055 2.681466 -0.425632
v -0.911038 2.659453 -0.414802
v -0.866140 2.659927 -0.444182
v -0.886688 2.673033 -0.418362
v -0.859809 2.649990 -0.435932
v -0.906543 2.652439 -0.409555
v -0.880591 2.663518 -0.411255
v -0.903055 2.644737 -0.404510
v -0.854983 2.639074 -0.427931
v -0.875860 2.653070 -0.404421
v -0.900630 2.636468 -0.399747
v -0.851739 2.627354 -0.420303
v -0.872569 2.641855 -0.397969
v -0.899304 2.627763 -0.395342
v -0.850128 2.615014 -0.413170
v -0.870770 2.630049 -0.391999
v -0.850176 2.602249 -0.406642
v -0.899101 2.618760 -0.391363
v -0.870492 2.617840 -0.386605
v -0.900021 2.609599 -0.387873
v -0.851881 2.589261 -0.400822
v -0.871740 2.605419 -0.381873
v -0.902052 2.600427 -0.384927
v -0.855218 2.576255 -0.395803
v -0.874494 2.592983 -0.377876
v -0.905161 2.591387 -0.382572
v -0.860134 2.563435 -0.391662
v -0.878710 2.580728 -0.374679
v -0.866550 2.551003 -0.388466
v -0.909298 2.582622 -0.380846
v -0.884322 2.568846 -0.372331
v -0.914400 2.574269 -0.379774
v -0.874366 2.539155 -0.386267
v -0.891241 2.557525 -0.370870
v -0.920384 2.566462 -0.379374
v -0.883457 2.528077 -0.385099
v -0.899357 2.546943 -0.370319
v -0.927157 2.559323 -0.379654
v -0.893680 2.517944 -0.384981
v -0.908543 2.537267 -0.370688
v -0.904873 2.508914 -0.385918
v -0.934612 2.552963 -0.380607
v -0.918654 2.528649 -0.371972
v -0.942632 2.547485 -0.382220
v -0.916859 2.501129 -0.387895
v -0.929529 2.521225 -0.374150
v -0.951088 2.542974 -0.384467
v -0.929448 2.494713 -0.390883
v -0.940997 2.515111 -0.377189
v -0.959850 2.539500 -0.387313
v -0.942442 2.489764 -0.394834
v -0.952876 2.510404 -0.381042
v -0.955635 2.486362 -0.399687
v -0.968777 2.537119 -0.390712
v -0.964980 2.507177 -0.385647
v -0.977730 2.535869 -0.394612
v -0.968820 2.484560 -0.405367
v -0.977118 2.505482 -0.390933
v -0.986567 2.535769 -0.398951
v -0.981787 2.484386 -0.411783
v -0.989098 2.505346 -0.396816
v -0.995148 2.536821 -0.403660
v -0.994333 2.485842 -0.418835
v -1.000730 2.506770 -0.403204
v -1.006260 2.488908 -0.426411
v -1.003339 2.539007 -0.408666
v -1.011832 2.509733 -0.409995
v -1.011011 2.542295 -0.413888
v -1.017380 2.493533 -0.434390
v -1.022229 2.514187 -0.417082
v -1.018041 2.546630 -0.419245
v -1.027519 2.499646 -0.442645
v -1.031757 2.520062 -0.424353
v -1.024320 2.551947 -0.424652
v -1.036517 2.507150 -0.451047
v -1.040266 2.527267 -0.431693
v -1.044231 2.515929 -0.459460
v -1.029749 2.558160 -0.430024
v -1.047622 2.535687 -0.438985
v -1.034242 2.565172 -0.435275
v -1.050542 2.525843 -0.467752
v -1.053709 2.545191 -0.446113
v -1.037727 2.572872 -0.440324
v -1.055351 2.536737 -0.475790
v -1.058432 2.555628 -0.452965
v -1.040152 2.581139 -0.445090
v -1.058580 2.548440 -0.483447
v -1.061716 2.566835 -0.459433
v -1.060181 2.560769 -0.490602
v -1.041476 2.589843 -0.449498
v -1.063509 2.578634 -0.465414
v -1.041679 2.598846 -0.453478
v -1.060129 2.573527 -0.497141
v -1.063784 2.590841 -0.470813
v -1.040758 2.608006 -0.456968
v -1.058423 2.586515 -0.502960
v -1.062536 2.603261 -0.475545
v -1.038728 2.617179 -0.459912
v -1.055091 2.599528 -0.507969
v -1.059785 2.615701 -0.479536
v -1.035620 2.626221 -0.462265
v -1.050185 2.612360 -0.512089
v -1.055574 2.627962 -0.482723
v -2.354775 0.001612 0.777582
v -2.374713 0.029869 0.750738
v -2.368563 0.004719 0.758842
v -2.372816 0.011951 0.753128
v -2.346063 0.002524 0.772005
v -2.362466 0.030826 0.742895
v -2.357398 0.005887 0.751694
v -2.360898 0.013198 0.745498
v -2.336715 0.003407 0.767567
v -2.349327 0.031752 0.736652
v -2.345419 0.007018 0.746006
v -2.348111 0.014404 0.739425
v -2.326881 0.004247 0.764338
v -2.335504 0.032633 0.732107
v -2.332817 0.008094 0.741867
v -2.334659 0.015551 0.735006
v -2.316715 0.005031 0.762368
v -2.321215 0.033454 0.729333
v -2.319788 0.009098 0.739343
v -2.320753 0.016621 0.732310
v -2.306377 0.005746 0.761689
v -2.306686 0.034202 0.728372
v -2.306541 0.010014 0.738473
v -2.306612 0.017597 0.731380
v -2.296030 0.006381 0.762312
v -2.292145 0.034866 0.729240
v -2.293282 0.010828 0.739271
v -2.292459 0.018464 0.732230
v -2.285838 0.006927 0.764228
v -2.277822 0.035436 0.731924
v -2.280221 0.011526 0.741724
v -2.278518 0.019208 0.734847
v -2.275961 0.007374 0.767404
v -2.263943 0.035903 0.736381
v -2.267565 0.012099 0.745794
v -2.265008 0.019817 0.739189
v -2.266555 0.007716 0.771792
v -2.250727 0.036260 0.742542
v -2.255512 0.012536 0.751417
v -2.252143 0.020283 0.745189
v -2.257768 0.007947 0.777323
v -2.238382 0.036501 0.750308
v -2.244252 0.012832 0.758503
v -2.240126 0.020598 0.752752
v -2.249740 0.008063 0.783909
v -2.227103 0.036622 0.759557
v -2.233964 0.012980 0.766942
v -2.229146 0.020756 0.761758
v -2.242596 0.008063 0.791445
v -2.217068 0.036622 0.770144
v -2.224810 0.012980 0.776600
v -2.219375 0.020756 0.772065
v -2.236449 0.007946 0.799815
v -2.208435 0.036501 0.781901
v -2.216933 0.012832 0.787325
v -2.210969 0.020598 0.783512
v -2.231396 0.007716 0.808884
v -2.201341 0.036260 0.794643
v -2.210459 0.012536 0.798947
v -2.204060 0.020283 0.795917
v -2.227517 0.007374 0.818511
v -2.195896 0.035903 0.808170
v -2.205489 0.012099 0.811283
v -2.198757 0.019817 0.809084
v -2.224874 0.006927 0.828544
v -2.192188 0.035436 0.822268
v -2.202101 0.011526 0.824140
v -2.195143 0.019208 0.822806
v -2.223506 0.006381 0.838824
v -2.190274 0.034866 0.836714
v -2.200350 0.010828 0.837313
v -2.193275 0.018464 0.836868
v -2.223437 0.005746 0.849189
v -2.190184 0.034202 0.851280
v -2.200263 0.010014 0.850595
v -2.193183 0.017597 0.851046
v -2.224668 0.005031 0.859476
v -2.191920 0.033454 0.865737
v -2.201840 0.009098 0.863778
v -2.194869 0.016621 0.865116
v -2.227178 0.004247 0.869523
v -2.195455 0.032633 0.879858
v -2.205058 0.008094 0.876652
v -2.198305 0.015551 0.878859
v -2.230928 0.003407 0.879170
v -2.200732 0.031752 0.893417
v -2.209865 0.007018 0.889015
v -2.203437 0.014404 0.892055
v -2.235860 0.002524 0.888267
v -2.207669 0.030826 0.906204
v -2.216185 0.005887 0.900672
v -2.210185 0.013198 0.904498
v -2.241896 0.001612 0.896669
v -2.216156 0.029869 0.918014
v -2.223919 0.004719 0.911439
v -2.218441 0.011951 0.915991
v -2.248940 0.000685 0.904244
v -2.226059 0.028895 0.928663
v -2.232946 0.003531 0.921146
v -2.228077 0.010684 0.926353
v -2.256880 -0.000242 0.910872
v -2.237222 0.027920 0.937982
v -2.243122 0.002344 0.929640
v -2.238939 0.009416 0.935421
v -2.265593 -0.001154 0.916449
v -2.249469 0.026960 0.945825
v -2.254287 0.001175 0.936787
v -2.250857 0.008167 0.943051
v -2.274940 -0.002037 0.920887
v -2.262607 0.026030 0.952067
v -2.266264 0.000043 0.942475
v -2.263642 0.006958 0.949123
v -2.284774 -0.002877 0.924117
v -2.276429 0.025144 0.956610
v -2.278867 -0.001035 0.946613
v -2.277094 0.005807 0.953541
v -2.294941 -0.003661 0.926086
v -2.290716 0.024317 0.959384
v -2.291894 -0.002040 0.949138
v -2.290999 0.004732 0.956236
v -2.305279 -0.004377 0.926765
v -2.305244 0.023561 0.960343
v -2.305141 -0.002958 0.950007
v -2.305139 0.003752 0.957166
v -2.315625 -0.005013 0.926141
v -2.319783 0.022890 0.959473
v -2.318400 -0.003773 0.949210
v -2.319290 0.002880 0.956314
v -2.325818 -0.005558 0.924226
v -2.334104 0.022313 0.956787
v -2.331460 -0.004473 0.946756
v -2.333230 0.002131 0.953697
v -2.335694 -0.006006 0.921050
v -2.347982 0.021840 0.952329
v -2.344117 -0.005047 0.942685
v -2.346739 0.001517 0.949353
v -2.345100 -0.006348 0.916661
v -2.361197 0.021478 0.946168
v -2.356170 -0.005485 0.937062
v -2.359603 0.001048 0.943352
v -2.353887 -0.006579 0.911131
v -2.373541 0.021234 0.938401
v -2.367429 -0.005782 0.929976
v -2.371620 0.000731 0.935789
v -2.361915 -0.006695 0.904545
v -2.384820 0.021111 0.929151
v -2.377717 -0.005931 0.921537
v -2.382600 0.000572 0.926782
v -2.369060 -0.006695 0.897008
v -2.394855 0.021111 0.918564
v -2.386871 -0.005931 0.911879
v -2.392371 0.000572 0.916475
v -2.375206 -0.006579 0.888639
v -2.403488 0.021234 0.906807
v -2.394748 -0.005782 0.901154
v -2.400777 0.000731 0.905028
v -2.380259 -0.006348 0.879569
v -2.410583 0.021478 0.894065
v -2.401222 -0.005485 0.889533
v -2.407686 0.001048 0.892624
v -2.384138 -0.006006 0.869942
v -2.416029 0.021840 0.880540
v -2.406192 -0.005047 0.877196
v -2.412991 0.001517 0.879458
v -2.386782 -0.005558 0.859909
v -2.419739 0.022313 0.866444
v -2.409580 -0.004473 0.864340
v -2.416606 0.002131 0.865736
v -2.388149 -0.005013 0.849630
v -2.421654 0.022890 0.851999
v -2.411332 -0.003773 0.851167
v -2.418474 0.002880 0.851676
v -2.388218 -0.004377 0.839264
v -2.421746 0.023561 0.837434
v -2.411420 -0.002958 0.837885
v -2.418567 0.003752 0.837500
v -2.386988 -0.003661 0.828978
v -2.420011 0.024317 0.822979
v -2.409843 -0.002040 0.824703
v -2.416883 0.004732 0.823429
v -2.384477 -0.002877 0.818931
v -2.416478 0.025144 0.808860
v -2.406626 -0.001035 0.811829
v -2.413448 0.005807 0.809688
v -2.380726 -0.002037 0.809284
v -2.411201 0.026030 0.795301
v -2.401819 0.000043 0.799467
v -2.408317 0.006958 0.796493
v -2.375794 -0.001154 0.800187
v -2.404266 0.026960 0.782516
v -2.395498 0.001175 0.787810
v -2.401569 0.008167 0.784050
v -2.369759 -0.000242 0.791785
v -2.395779 0.027920 0.770706
v -2.387764 0.002344 0.777043
v -2.393313 0.009416 0.772557
v -2.385877 0.028895 0.760057
v -2.362716 0.000685 0.784211
v -2.383678 0.010684 0.762196
v -2.378738 0.003531 0.767336
v -0.971172 2.609882 -0.420908
v -2.305829 0.000036 0.844229
v 0.810197 0.089315 -2.108603
v 0.797899 0.088768 -2.100726
v 0.784706 0.088238 -2.094456
v 0.770826 0.087733 -2.089892
v 0.756480 0.087262 -2.087105
v 0.741892 0.086832 -2.086139
v 0.727293 0.086450 -2.087009
v 0.712913 0.086122 -2.089703
v 0.698979 0.085853 -2.094177
v 0.685710 0.085648 -2.100361
v 0.673316 0.085509 -2.108157
v 0.661993 0.085439 -2.117442
v 0.651919 0.085439 -2.128070
v 0.643252 0.085509 -2.139874
v 0.636130 0.085648 -2.152667
v 0.630665 0.085853 -2.166247
v 0.626943 0.086122 -2.180401
v 0.625022 0.086450 -2.194904
v 0.624933 0.086832 -2.209529
v 0.626678 0.087262 -2.224044
v 0.630229 0.087733 -2.238221
v 0.635529 0.088238 -2.251837
v 0.642495 0.088768 -2.264675
v 0.651018 0.089315 -2.276535
v 0.660963 0.089871 -2.287228
v 0.672173 0.090426 -2.296587
v 0.684471 0.090973 -2.304463
v 0.697664 0.091502 -2.310733
v 0.711543 0.092005 -2.315297
v 0.725889 0.092475 -2.318084
v 0.740476 0.092903 -2.319049
v 0.755075 0.093284 -2.318178
v 0.769455 0.093610 -2.315484
v 0.783389 0.093878 -2.311010
v 0.796657 0.094082 -2.304826
v 0.809051 0.094221 -2.297030
v 0.820374 0.094290 -2.287745
v 0.830448 0.094290 -2.277116
v 0.839115 0.094221 -2.265313
v 0.846237 0.094082 -2.252520
v 0.851702 0.093878 -2.238940
v 0.855425 0.093610 -2.224787
v 0.857346 0.093284 -2.210284
v 0.857435 0.092903 -2.195659
v 0.855691 0.092475 -2.181144
v 0.852140 0.092005 -2.166967
v 0.846841 0.091502 -2.153352
v 0.839874 0.090973 -2.140514
v 0.831351 0.090426 -2.128655
v 0.821407 0.089871 -2.117961
v 0.802101 0.195351 -2.100929
v 0.789881 0.193414 -2.093127
v 0.776764 0.191539 -2.086929
v 0.762958 0.189754 -2.082433
v 0.748679 0.188089 -2.079710
v 0.734153 0.186570 -2.078803
v 0.719608 0.185220 -2.079726
v 0.705275 0.184061 -2.082464
v 0.691380 0.183111 -2.086974
v 0.678141 0.182386 -2.093186
v 0.665767 0.181895 -2.101001
v 0.654454 0.181648 -2.110296
v 0.644380 0.181648 -2.120924
v 0.635703 0.181895 -2.132718
v 0.628561 0.182386 -2.145492
v 0.623066 0.183111 -2.159045
v 0.619305 0.184061 -2.173161
v 0.617337 0.185220 -2.187620
v 0.617194 0.186570 -2.202193
v 0.618877 0.188090 -2.216650
v 0.622360 0.189754 -2.230763
v 0.627588 0.191539 -2.244309
v 0.634478 0.193414 -2.257076
v 0.642922 0.195351 -2.268861
v 0.652787 0.197319 -2.279479
v 0.663918 0.199287 -2.288762
v 0.676137 0.201223 -2.296564
v 0.689254 0.203099 -2.302761
v 0.703061 0.204883 -2.307257
v 0.717340 0.206548 -2.309980
v 0.731866 0.208067 -2.310888
v 0.746410 0.209417 -2.309965
v 0.760743 0.210576 -2.307227
v 0.774639 0.211526 -2.302716
v 0.787877 0.212252 -2.296504
v 0.800251 0.212742 -2.288689
v 0.811564 0.212989 -2.279394
v 0.821639 0.212989 -2.268766
v 0.830315 0.212742 -2.256972
v 0.837457 0.212252 -2.244198
v 0.842952 0.211526 -2.230646
v 0.846713 0.210576 -2.216529
v 0.848681 0.209417 -2.202070
v 0.848825 0.208067 -2.187497
v 0.847142 0.206548 -2.173041
v 0.843659 0.204883 -2.158928
v 0.838431 0.203099 -2.145381
v 0.831540 0.201223 -2.132615
v 0.823096 0.199287 -2.120830
v 0.813231 0.197319 -2.110212
v 0.784417 0.328167 -2.084166
v 0.772345 0.325071 -2.076505
v 0.759372 0.322072 -2.070443
v 0.745702 0.319220 -2.066077
v 0.731550 0.316558 -2.063474
v 0.717141 0.314129 -2.062678
v 0.702700 0.311972 -2.063698
v 0.688456 0.310119 -2.066521
v 0.674633 0.308600 -2.071100
v 0.661450 0.307439 -2.077364
v 0.649114 0.306656 -2.085215
v 0.637819 0.306260 -2.094528
v 0.627745 0.306260 -2.105156
v 0.619049 0.306656 -2.116933
v 0.611870 0.307440 -2.129671
v 0.606319 0.308600 -2.143170
v 0.602486 0.310119 -2.157218
v 0.600429 0.311972 -2.171593
v 0.600182 0.314130 -2.186068
v 0.601748 0.316558 -2.200414
v 0.605104 0.319220 -2.214406
v 0.610195 0.322072 -2.227823
v 0.616942 0.325071 -2.240453
v 0.625238 0.328167 -2.252098
v 0.634952 0.331313 -2.262573
v 0.645931 0.334459 -2.271713
v 0.658003 0.337556 -2.279374
v 0.670976 0.340554 -2.285436
v 0.684646 0.343406 -2.289803
v 0.698798 0.346068 -2.292405
v 0.713207 0.348497 -2.293202
v 0.727648 0.350655 -2.292181
v 0.741892 0.352508 -2.289359
v 0.755715 0.354027 -2.284779
v 0.768899 0.355187 -2.278515
v 0.781235 0.355971 -2.270664
v 0.792529 0.356366 -2.261351
v 0.802603 0.356366 -2.250723
v 0.811299 0.355971 -2.238946
v 0.818478 0.355187 -2.226208
v 0.824029 0.354026 -2.212709
v 0.827862 0.352508 -2.198661
v 0.829919 0.350655 -2.184286
v 0.830166 0.348497 -2.169811
v 0.828599 0.346068 -2.155465
v 0.825244 0.343406 -2.141473
v 0.820153 0.340554 -2.128056
v 0.813406 0.337556 -2.115425
v 0.805110 0.334459 -2.103781
v 0.795396 0.331313 -2.093306
v 0.755797 0.476449 -2.057039
v 0.743952 0.472191 -2.049591
v 0.731197 0.468069 -2.043736
v 0.717734 0.464147 -2.039567
v 0.703777 0.460487 -2.037148
v 0.689544 0.457147 -2.036519
v 0.675260 0.454180 -2.037689
v 0.661151 0.451632 -2.040639
v 0.647439 0.449543 -2.045324
v 0.634341 0.447948 -2.051668
v 0.622061 0.446870 -2.059573
v 0.610796 0.446327 -2.068913
v 0.600722 0.446327 -2.079542
v 0.591997 0.446870 -2.091290
v 0.584760 0.447948 -2.103975
v 0.579125 0.449544 -2.117394
v 0.575181 0.451632 -2.131337
v 0.572990 0.454180 -2.145584
v 0.572585 0.457147 -2.159909
v 0.573975 0.460487 -2.174088
v 0.577136 0.464147 -2.187896
v 0.582020 0.468069 -2.201117
v 0.588548 0.472191 -2.213540
v 0.596619 0.476449 -2.224971
v 0.606104 0.480775 -2.235228
v 0.616854 0.485101 -2.244151
v 0.628700 0.489359 -2.251599
v 0.641455 0.493482 -2.257453
v 0.654917 0.497404 -2.261623
v 0.668875 0.501064 -2.264041
v 0.683107 0.504404 -2.264671
v 0.697391 0.507371 -2.263501
v 0.711500 0.509919 -2.260550
v 0.725212 0.512007 -2.255866
v 0.738311 0.513603 -2.249521
v 0.750590 0.514681 -2.241617
v 0.761856 0.515224 -2.232276
v 0.771930 0.515224 -2.221648
v 0.780654 0.514680 -2.209899
v 0.787891 0.513602 -2.197215
v 0.793526 0.512007 -2.183795
v 0.797470 0.509919 -2.169853
v 0.799662 0.507371 -2.155606
v 0.800066 0.504403 -2.141280
v 0.798676 0.501063 -2.127101
v 0.795515 0.497404 -2.113293
v 0.790631 0.493481 -2.100073
v 0.784103 0.489359 -2.087650
v 0.776033 0.485101 -2.076219
v 0.766547 0.480775 -2.065962
v 0.714947 0.632410 -2.018317
v 0.703442 0.626876 -2.011194
v 0.691019 0.621517 -2.005653
v 0.677871 0.616418 -2.001781
v 0.664207 0.611661 -1.999641
v 0.650243 0.607319 -1.999266
v 0.636197 0.603462 -2.000662
v 0.622293 0.600150 -2.003806
v 0.608748 0.597436 -2.008649
v 0.595778 0.595362 -2.015115
v 0.583585 0.593960 -2.023102
v 0.572363 0.593254 -2.032484
v 0.562289 0.593254 -2.043112
v 0.553521 0.593960 -2.054820
v 0.546198 0.595362 -2.067421
v 0.540435 0.597436 -2.080719
v 0.536323 0.600150 -2.094503
v 0.533926 0.603462 -2.108556
v 0.533284 0.607319 -2.122656
v 0.534406 0.611661 -2.136581
v 0.537273 0.616419 -2.150111
v 0.541842 0.621517 -2.163033
v 0.548039 0.626876 -2.175142
v 0.555768 0.632411 -2.186249
v 0.564906 0.638034 -2.196177
v 0.575308 0.643658 -2.204771
v 0.586813 0.649192 -2.211895
v 0.599236 0.654551 -2.217436
v 0.612384 0.659650 -2.221307
v 0.626048 0.664407 -2.223447
v 0.640013 0.668749 -2.223822
v 0.654058 0.672606 -2.222426
v 0.667963 0.675918 -2.219282
v 0.681507 0.678632 -2.214439
v 0.694478 0.680707 -2.207973
v 0.706670 0.682108 -2.199986
v 0.717892 0.682814 -2.190604
v 0.727967 0.682814 -2.179976
v 0.736735 0.682108 -2.168268
v 0.744058 0.680706 -2.155667
v 0.749821 0.678632 -2.142369
v 0.753933 0.675918 -2.128584
v 0.756329 0.672606 -2.114532
v 0.756971 0.668748 -2.100431
v 0.755849 0.664407 -2.086507
v 0.752982 0.659649 -2.072977
v 0.748413 0.654551 -2.060055
v 0.742216 0.649192 -2.047946
v 0.734487 0.643657 -2.036839
v 0.725350 0.638034 -2.026911
v 0.660593 0.788319 -1.966796
v 0.649611 0.781330 -1.960168
v 0.637693 0.774563 -1.955106
v 0.625026 0.768126 -1.951691
v 0.611811 0.762119 -1.949976
v 0.598256 0.756637 -1.949990
v 0.584575 0.751767 -1.951730
v 0.570983 0.747585 -1.955170
v 0.557694 0.744157 -1.960256
v 0.544919 0.741538 -1.966908
v 0.532859 0.739769 -1.975020
v 0.521704 0.738877 -1.984465
v 0.511629 0.738877 -1.995093
v 0.502795 0.739769 -2.006737
v 0.495339 0.741538 -2.019214
v 0.489380 0.744157 -2.032326
v 0.485012 0.747585 -2.045868
v 0.482304 0.751767 -2.059625
v 0.481298 0.756637 -2.073380
v 0.482010 0.762119 -2.086916
v 0.484428 0.768126 -2.100020
v 0.488516 0.774564 -2.112486
v 0.494208 0.781330 -2.124116
v 0.501414 0.788319 -2.134728
v 0.510021 0.795420 -2.144154
v 0.519894 0.802520 -2.152245
v 0.530876 0.809509 -2.158873
v 0.542794 0.816275 -2.163935
v 0.555460 0.822713 -2.167350
v 0.568675 0.828720 -2.169064
v 0.582230 0.834202 -2.169051
v 0.595912 0.839072 -2.167311
v 0.609504 0.843254 -2.163871
v 0.622792 0.846682 -2.158784
v 0.635567 0.849301 -2.152133
v 0.647628 0.851070 -2.144021
v 0.658783 0.851962 -2.134576
v 0.668857 0.851962 -2.123948
v 0.677692 0.851070 -2.112303
v 0.685147 0.849301 -2.099826
v 0.691106 0.846682 -2.086714
v 0.695474 0.843254 -2.073173
v 0.698183 0.839072 -2.059416
v 0.699189 0.834202 -2.045661
v 0.698477 0.828720 -2.032125
v 0.696058 0.822713 -2.019020
v 0.691971 0.816275 -2.006555
v 0.686279 0.809509 -1.994924
v 0.679072 0.802520 -1.984313
v 0.670465 0.795419 -1.974887
v 0.591493 0.936488 -1.901298
v 0.581306 0.927853 -1.895423
v 0.570158 0.919493 -1.891091
v 0.558224 0.911539 -1.888370
v 0.545692 0.904117 -1.887303
v 0.532761 0.897344 -1.887907
v 0.519633 0.891327 -1.890173
v 0.506517 0.886160 -1.894064
v 0.493618 0.881925 -1.899520
v 0.481141 0.878689 -1.906454
v 0.469282 0.876503 -1.914757
v 0.458228 0.875402 -1.924297
v 0.448154 0.875402 -1.934926
v 0.439218 0.876503 -1.946474
v 0.431561 0.878689 -1.958760
v 0.425304 0.881925 -1.971590
v 0.420546 0.886160 -1.984762
v 0.417362 0.891327 -1.998068
v 0.415802 0.897344 -2.011297
v 0.415890 0.904117 -2.024243
v 0.417626 0.911539 -2.036700
v 0.420981 0.919493 -2.048471
v 0.425903 0.927853 -2.059372
v 0.432315 0.936488 -2.069230
v 0.440114 0.945261 -2.077890
v 0.449179 0.954034 -2.085215
v 0.459366 0.962669 -2.091090
v 0.470514 0.971029 -2.095422
v 0.482448 0.978983 -2.098144
v 0.494980 0.986404 -2.099210
v 0.507912 0.993177 -2.098606
v 0.521039 0.999195 -2.096340
v 0.534156 1.004362 -2.092449
v 0.547054 1.008596 -2.086994
v 0.559531 1.011832 -2.080060
v 0.571390 1.014018 -2.071757
v 0.582444 1.015120 -2.062216
v 0.592518 1.015120 -2.051588
v 0.601454 1.014018 -2.040039
v 0.609111 1.011832 -2.027753
v 0.615368 1.008596 -2.014923
v 0.620126 1.004361 -2.001751
v 0.623310 0.999195 -1.988446
v 0.624870 0.993177 -1.975216
v 0.624782 0.986404 -1.962270
v 0.623046 0.978982 -1.949814
v 0.619691 0.971028 -1.938042
v 0.614769 0.962668 -1.927141
v 0.608358 0.954034 -1.917283
v 0.600558 0.945261 -1.908623
v 0.506423 1.069314 -1.820662
v 0.497414 1.058906 -1.815903
v 0.487406 1.048830 -1.812652
v 0.476557 1.039243 -1.810959
v 0.465037 1.030298 -1.810852
v 0.453030 1.022134 -1.812332
v 0.440723 1.014881 -1.815376
v 0.428311 1.008654 -1.819935
v 0.415990 1.003549 -1.825938
v 0.403955 0.999649 -1.833290
v 0.392394 0.997014 -1.841876
v 0.381490 0.995686 -1.851559
v 0.371416 0.995686 -1.862187
v 0.362330 0.997014 -1.873593
v 0.354375 0.999649 -1.885597
v 0.347677 1.003549 -1.898008
v 0.342341 1.008654 -1.910632
v 0.338452 1.014881 -1.923270
v 0.336071 1.022134 -1.935722
v 0.335235 1.030298 -1.947792
v 0.335959 1.039243 -1.959289
v 0.338229 1.048830 -1.970032
v 0.342011 1.058906 -1.979852
v 0.347244 1.069314 -1.988594
v 0.353847 1.079888 -1.996120
v 0.361715 1.090462 -2.002311
v 0.370725 1.100869 -2.007069
v 0.380733 1.110946 -2.010320
v 0.391582 1.120533 -2.012013
v 0.403101 1.129478 -2.012120
v 0.415109 1.137642 -2.010641
v 0.427416 1.144895 -2.007597
v 0.439828 1.151122 -2.003037
v 0.452148 1.156226 -1.997034
v 0.464184 1.160127 -1.989682
v 0.475745 1.162762 -1.981097
v 0.486649 1.164089 -1.971414
v 0.496723 1.164089 -1.960785
v 0.505809 1.162761 -1.949379
v 0.513764 1.160126 -1.937376
v 0.520462 1.156226 -1.924964
v 0.525798 1.151122 -1.912340
v 0.529687 1.144894 -1.899702
v 0.532068 1.137642 -1.887250
v 0.532903 1.129478 -1.875181
v 0.532180 1.120532 -1.863683
v 0.529910 1.110945 -1.852940
v 0.526128 1.100869 -1.843120
v 0.520894 1.090462 -1.834379
v 0.514291 1.079888 -1.826853
v 0.404127 1.179319 -1.723698
v 0.396759 1.167203 -1.720495
v 0.388339 1.155471 -1.718749
v 0.379001 1.144310 -1.718489
v 0.368892 1.133895 -1.719718
v 0.358171 1.124391 -1.722418
v 0.347008 1.115947 -1.726545
v 0.335578 1.108697 -1.732035
v 0.324062 1.102754 -1.738801
v 0.312641 1.098213 -1.746736
v 0.301496 1.095146 -1.755715
v 0.290801 1.093600 -1.765597
v 0.280727 1.093600 -1.776225
v 0.271432 1.095146 -1.787433
v 0.263061 1.098213 -1.799042
v 0.255748 1.102754 -1.810871
v 0.249608 1.108697 -1.822733
v 0.244737 1.115947 -1.834440
v 0.241213 1.124391 -1.845808
v 0.239090 1.133895 -1.856658
v 0.238403 1.144310 -1.866818
v 0.239162 1.155471 -1.876129
v 0.241356 1.167203 -1.884443
v 0.244948 1.179320 -1.891630
v 0.249884 1.191630 -1.897575
v 0.256086 1.203941 -1.902186
v 0.263454 1.216058 -1.905390
v 0.271874 1.227789 -1.907135
v 0.281212 1.238950 -1.907395
v 0.291321 1.249365 -1.906166
v 0.302042 1.258869 -1.903466
v 0.313205 1.267313 -1.899338
v 0.324635 1.274564 -1.893849
v 0.336151 1.280506 -1.887083
v 0.347572 1.285047 -1.879148
v 0.358717 1.288115 -1.870169
v 0.369412 1.289660 -1.860287
v 0.379486 1.289660 -1.849658
v 0.388782 1.288114 -1.838451
v 0.397152 1.285047 -1.826842
v 0.404465 1.280506 -1.815013
v 0.410605 1.274563 -1.803151
v 0.415476 1.267313 -1.791444
v 0.419000 1.258869 -1.780076
v 0.421123 1.249365 -1.769226
v 0.421810 1.238950 -1.759066
v 0.421051 1.227788 -1.749755
v 0.418857 1.216057 -1.741441
v 0.415264 1.203941 -1.734254
v 0.410329 1.191630 -1.728309
v 0.283232 1.259138 -1.609104
v 0.277931 1.245674 -1.607859
v 0.271513 1.232639 -1.608011
v 0.264079 1.220237 -1.609556
v 0.255746 1.208664 -1.612469
v 0.246647 1.198103 -1.616706
v 0.236924 1.188721 -1.622199
v 0.226731 1.180664 -1.628861
v 0.216228 1.174061 -1.636588
v 0.205582 1.169016 -1.645257
v 0.194960 1.165607 -1.654732
v 0.184529 1.163889 -1.664864
v 0.174455 1.163889 -1.675492
v 0.164896 1.165607 -1.686450
v 0.156002 1.169016 -1.697563
v 0.147914 1.174061 -1.708658
v 0.140760 1.180664 -1.719559
v 0.134653 1.188721 -1.730093
v 0.129688 1.198103 -1.740096
v 0.125944 1.208664 -1.749409
v 0.123480 1.220237 -1.757885
v 0.122335 1.232639 -1.765391
v 0.122527 1.245674 -1.771808
v 0.124053 1.259138 -1.777035
v 0.126889 1.272817 -1.780990
v 0.130990 1.286497 -1.783611
v 0.136291 1.299960 -1.784855
v 0.142710 1.312995 -1.784703
v 0.150144 1.325397 -1.783159
v 0.158476 1.336970 -1.780245
v 0.167576 1.347531 -1.776008
v 0.177298 1.356914 -1.770516
v 0.187491 1.364970 -1.763853
v 0.197994 1.371573 -1.756127
v 0.208640 1.376618 -1.747457
v 0.219262 1.380027 -1.737982
v 0.229693 1.381745 -1.727850
v 0.239767 1.381745 -1.717222
v 0.249326 1.380027 -1.706265
v 0.258220 1.376618 -1.695151
v 0.266308 1.371572 -1.684056
v 0.273462 1.364969 -1.673156
v 0.279569 1.356913 -1.662621
v 0.284534 1.347530 -1.652618
v 0.288278 1.336969 -1.643305
v 0.290742 1.325397 -1.634829
v 0.291887 1.312995 -1.627323
v 0.291695 1.299960 -1.620906
v 0.290169 1.286496 -1.615679
v 0.287333 1.272817 -1.611724
v 0.142104 1.301349 -1.475333
v 0.138907 1.287153 -1.476085
v 0.134524 1.273410 -1.478167
v 0.129026 1.260334 -1.481548
v 0.122497 1.248133 -1.486172
v 0.115043 1.236999 -1.491969
v 0.106779 1.227107 -1.498845
v 0.097836 1.218613 -1.506694
v 0.088356 1.211652 -1.515390
v 0.078488 1.206333 -1.524797
v 0.068388 1.202740 -1.534767
v 0.058214 1.200929 -1.545142
v 0.048127 1.200930 -1.555759
v 0.038287 1.202742 -1.566450
v 0.028848 1.206337 -1.577046
v 0.019960 1.211658 -1.587381
v 0.011762 1.218620 -1.597292
v 0.004384 1.227115 -1.606621
v -0.002058 1.237009 -1.615223
v -0.007462 1.248144 -1.622962
v -0.011743 1.260346 -1.629714
v -0.014834 1.273423 -1.635375
v -0.016685 1.287167 -1.639854
v -0.017268 1.301362 -1.643081
v -0.016573 1.315785 -1.645005
v -0.014612 1.330208 -1.645596
v -0.011414 1.344403 -1.644844
v -0.007032 1.358147 -1.642762
v -0.001533 1.371222 -1.639382
v 0.004995 1.383424 -1.634757
v 0.012450 1.394558 -1.628961
v 0.020714 1.404450 -1.622084
v 0.029656 1.412944 -1.614235
v 0.039136 1.419905 -1.605539
v 0.049005 1.425224 -1.596132
v 0.059105 1.428817 -1.586162
v 0.069279 1.430627 -1.575787
v 0.079366 1.430626 -1.565170
v 0.089206 1.428814 -1.554480
v 0.098645 1.425220 -1.543883
v 0.107533 1.419899 -1.533548
v 0.115731 1.412936 -1.523638
v 0.123109 1.404441 -1.514308
v 0.129551 1.394548 -1.505706
v 0.134955 1.383412 -1.497968
v 0.139236 1.371210 -1.491215
v 0.142326 1.358134 -1.485555
v 0.144178 1.344390 -1.481076
v 0.144760 1.330194 -1.477849
v 0.144066 1.315771 -1.475924
v -0.016961 1.307243 -1.323852
v -0.019211 1.292889 -1.325499
v -0.022687 1.278992 -1.328438
v -0.027335 1.265772 -1.332623
v -0.033081 1.253437 -1.337987
v -0.039834 1.242181 -1.344445
v -0.047489 1.232182 -1.351897
v -0.055924 1.223598 -1.360224
v -0.065007 1.216564 -1.369295
v -0.074593 1.211190 -1.378967
v -0.084533 1.207563 -1.389087
v -0.094669 1.205738 -1.399497
v -0.104841 1.205745 -1.410031
v -0.114888 1.207584 -1.420524
v -0.124654 1.211225 -1.430809
v -0.133983 1.216612 -1.440726
v -0.142728 1.223658 -1.450117
v -0.150751 1.232254 -1.458835
v -0.157927 1.242263 -1.466742
v -0.164141 1.253528 -1.473712
v -0.169296 1.265871 -1.479637
v -0.173310 1.279097 -1.484423
v -0.176121 1.292998 -1.487995
v -0.177683 1.307355 -1.490295
v -0.177972 1.321941 -1.491288
v -0.176984 1.336526 -1.490958
v -0.174734 1.350880 -1.489311
v -0.171258 1.364776 -1.486372
v -0.166610 1.377996 -1.482187
v -0.160864 1.390332 -1.476823
v -0.154110 1.401588 -1.470365
v -0.146455 1.411587 -1.462913
v -0.138020 1.420171 -1.454586
v -0.128938 1.427205 -1.445515
v -0.119351 1.432578 -1.435843
v -0.109412 1.436206 -1.425723
v -0.099276 1.438030 -1.415313
v -0.089104 1.438023 -1.404779
v -0.079056 1.436185 -1.394286
v -0.069291 1.432543 -1.384001
v -0.059962 1.427157 -1.374084
v -0.051217 1.420110 -1.364693
v -0.043193 1.411515 -1.355975
v -0.036018 1.401505 -1.348068
v -0.029803 1.390240 -1.341098
v -0.024649 1.377898 -1.335173
v -0.020634 1.364671 -1.330387
v -0.017824 1.350770 -1.326815
v -0.016262 1.336414 -1.324515
v -0.015973 1.321828 -1.323522
v -0.174091 1.313946 -1.170157
v -0.177404 1.299785 -1.170735
v -0.181936 1.286077 -1.172614
v -0.187614 1.273041 -1.175763
v -0.194350 1.260881 -1.180133
v -0.202037 1.249789 -1.185654
v -0.210554 1.239941 -1.192241
v -0.219767 1.231490 -1.199788
v -0.229530 1.224572 -1.208177
v -0.239689 1.219294 -1.217276
v -0.250085 1.215741 -1.226941
v -0.260553 1.213967 -1.237019
v -0.270927 1.214002 -1.247352
v -0.281046 1.215844 -1.257777
v -0.290748 1.219464 -1.268130
v -0.299881 1.224806 -1.278246
v -0.308301 1.231785 -1.287967
v -0.315875 1.240291 -1.297139
v -0.322484 1.250190 -1.305618
v -0.328023 1.261326 -1.313269
v -0.332406 1.273523 -1.319973
v -0.335562 1.286588 -1.325624
v -0.337442 1.300317 -1.330132
v -0.338017 1.314492 -1.333426
v -0.337278 1.328889 -1.335454
v -0.335235 1.343282 -1.336184
v -0.331922 1.357444 -1.335606
v -0.327390 1.371151 -1.333727
v -0.321712 1.384188 -1.330578
v -0.314976 1.396348 -1.326208
v -0.307289 1.407439 -1.320687
v -0.298772 1.417288 -1.314100
v -0.289559 1.425738 -1.306553
v -0.279796 1.432657 -1.298164
v -0.269637 1.437935 -1.289065
v -0.259241 1.441488 -1.279400
v -0.248773 1.443262 -1.269322
v -0.238399 1.443227 -1.258988
v -0.228280 1.441385 -1.248564
v -0.218578 1.437765 -1.238211
v -0.209445 1.432423 -1.228095
v -0.201025 1.425444 -1.218374
v -0.193451 1.416938 -1.209202
v -0.186842 1.407039 -1.200723
v -0.181303 1.395903 -1.193071
v -0.176920 1.383706 -1.186368
v -0.173764 1.370640 -1.180717
v -0.171884 1.356912 -1.176210
v -0.171309 1.342737 -1.172916
v -0.172048 1.328340 -1.170887
v -0.308785 1.358675 -1.031493
v -0.314290 1.345371 -1.029801
v -0.320975 1.332506 -1.029448
v -0.328734 1.320283 -1.030440
v -0.337446 1.308895 -1.032762
v -0.346973 1.298520 -1.036377
v -0.357165 1.289323 -1.041229
v -0.367861 1.281449 -1.047239
v -0.378893 1.275023 -1.054315
v -0.390086 1.270144 -1.062343
v -0.401263 1.266890 -1.071199
v -0.412250 1.265313 -1.080741
v -0.422871 1.265438 -1.090819
v -0.432961 1.267262 -1.101275
v -0.442359 1.270756 -1.111943
v -0.450918 1.275867 -1.122656
v -0.458502 1.282512 -1.133244
v -0.464993 1.290587 -1.143541
v -0.470286 1.299966 -1.153383
v -0.474300 1.310499 -1.162617
v -0.476971 1.322021 -1.171095
v -0.478256 1.334350 -1.178685
v -0.478136 1.347292 -1.185267
v -0.476612 1.360642 -1.190736
v -0.473709 1.374190 -1.195008
v -0.469471 1.387723 -1.198013
v -0.463967 1.401027 -1.199706
v -0.457282 1.413892 -1.200059
v -0.449522 1.426115 -1.199066
v -0.440810 1.437503 -1.196744
v -0.431283 1.447878 -1.193129
v -0.421091 1.457074 -1.188278
v -0.410395 1.464948 -1.182267
v -0.399363 1.471375 -1.175192
v -0.388171 1.476254 -1.167163
v -0.376993 1.479507 -1.158308
v -0.366007 1.481084 -1.148766
v -0.355385 1.480960 -1.138687
v -0.345295 1.479136 -1.128232
v -0.335897 1.475641 -1.117563
v -0.327338 1.470531 -1.106850
v -0.319754 1.463885 -1.096262
v -0.313264 1.455810 -1.085966
v -0.307970 1.446432 -1.076123
v -0.303956 1.435899 -1.066890
v -0.301285 1.424377 -1.058411
v -0.300000 1.412048 -1.050822
v -0.300120 1.399106 -1.044240
v -0.301644 1.385756 -1.038770
v -0.304548 1.372207 -1.034499
v -0.417936 1.442515 -0.912284
v -0.425563 1.430846 -0.908280
v -0.434327 1.419581 -0.905661
v -0.444091 1.408900 -0.904470
v -0.454700 1.398970 -0.904726
v -0.465988 1.389947 -0.906424
v -0.477776 1.381975 -0.909537
v -0.489877 1.375179 -0.914017
v -0.502102 1.369666 -0.919792
v -0.514258 1.365523 -0.926773
v -0.526153 1.362815 -0.934847
v -0.537599 1.361585 -0.943890
v -0.548415 1.361853 -0.953757
v -0.558432 1.363614 -0.964292
v -0.567491 1.366840 -0.975331
v -0.575450 1.371481 -0.986699
v -0.582182 1.377464 -0.998216
v -0.587582 1.384693 -1.009701
v -0.591565 1.393056 -1.020973
v -0.594067 1.402419 -1.031855
v -0.595049 1.412636 -1.042173
v -0.594496 1.423546 -1.051766
v -0.592417 1.434976 -1.060483
v -0.588844 1.446746 -1.068185
v -0.583833 1.458670 -1.074752
v -0.577465 1.470561 -1.080080
v -0.569838 1.482230 -1.084085
v -0.561073 1.493495 -1.086703
v -0.551309 1.504176 -1.087894
v -0.540700 1.514106 -1.087638
v -0.529413 1.523129 -1.085941
v -0.517625 1.531101 -1.082827
v -0.505523 1.537897 -1.078348
v -0.493298 1.543410 -1.072572
v -0.481142 1.547553 -1.065592
v -0.469248 1.550261 -1.057517
v -0.457802 1.551491 -1.048475
v -0.446985 1.551223 -1.038608
v -0.436968 1.549462 -1.028072
v -0.427909 1.546235 -1.017033
v -0.419951 1.541595 -1.005665
v -0.413218 1.535612 -0.994148
v -0.407819 1.528382 -0.982663
v -0.403836 1.520020 -0.971391
v -0.401334 1.510656 -0.960510
v -0.400351 1.500439 -0.950191
v -0.400904 1.489530 -0.940598
v -0.402984 1.478100 -0.931882
v -0.406557 1.466330 -0.924179
v -0.411567 1.454406 -0.917612
v -0.503072 1.557515 -0.813416
v -0.512352 1.548031 -0.807504
v -0.522732 1.538901 -0.803022
v -0.534048 1.530269 -0.800041
v -0.546121 1.522271 -0.798607
v -0.558762 1.515033 -0.798745
v -0.571770 1.508668 -0.800450
v -0.584941 1.503279 -0.803697
v -0.598067 1.498949 -0.808434
v -0.610941 1.495747 -0.814587
v -0.623360 1.493723 -0.822058
v -0.635127 1.492909 -0.830729
v -0.646059 1.493319 -0.840465
v -0.655981 1.494945 -0.851111
v -0.664738 1.497762 -0.862499
v -0.672192 1.501725 -0.874451
v -0.678224 1.506773 -0.886776
v -0.682741 1.512825 -0.899282
v -0.685670 1.519786 -0.911770
v -0.686965 1.527547 -0.924045
v -0.686606 1.535984 -0.935911
v -0.684599 1.544964 -0.947183
v -0.680975 1.554347 -0.957682
v -0.675792 1.563984 -0.967242
v -0.669131 1.573724 -0.975714
v -0.661097 1.583411 -0.982963
v -0.651817 1.592895 -0.988876
v -0.641437 1.602025 -0.993357
v -0.630121 1.610657 -0.996339
v -0.618048 1.618655 -0.997772
v -0.605407 1.625894 -0.997635
v -0.592399 1.632258 -0.995929
v -0.579228 1.637648 -0.992682
v -0.566102 1.641977 -0.987945
v -0.553228 1.645179 -0.981793
v -0.540809 1.647203 -0.974322
v -0.529041 1.648017 -0.965650
v -0.518110 1.647607 -0.955914
v -0.508188 1.645981 -0.945268
v -0.499431 1.643164 -0.933880
v -0.491977 1.639201 -0.921929
v -0.485945 1.634153 -0.909603
v -0.481428 1.628101 -0.897097
v -0.478499 1.621140 -0.884609
v -0.477204 1.613380 -0.872335
v -0.477563 1.604943 -0.860468
v -0.479570 1.595962 -0.849197
v -0.483194 1.586579 -0.838698
v -0.488377 1.576942 -0.829137
v -0.495038 1.567203 -0.820665
v -0.565768 1.695673 -0.735751
v -0.576187 1.688624 -0.728443
v -0.587676 1.681861 -0.722602
v -0.600052 1.675491 -0.718321
v -0.613121 1.669615 -0.715667
v -0.626677 1.664326 -0.714682
v -0.640506 1.659706 -0.715383
v -0.654389 1.655830 -0.717756
v -0.668109 1.652757 -0.721766
v -0.681448 1.650537 -0.727349
v -0.694196 1.649204 -0.734417
v -0.706153 1.648780 -0.742859
v -0.717129 1.649271 -0.752541
v -0.726952 1.650669 -0.763310
v -0.735466 1.652952 -0.774997
v -0.742537 1.656085 -0.787418
v -0.748054 1.660018 -0.800377
v -0.751930 1.664688 -0.813668
v -0.754104 1.670023 -0.827084
v -0.754541 1.675938 -0.840411
v -0.753235 1.682339 -0.853440
v -0.750205 1.689127 -0.865966
v -0.745501 1.696193 -0.877791
v -0.739195 1.703427 -0.888728
v -0.731388 1.710714 -0.898605
v -0.722202 1.717939 -0.907266
v -0.711783 1.724989 -0.914574
v -0.700295 1.731752 -0.920415
v -0.687919 1.738122 -0.924696
v -0.674850 1.743998 -0.927350
v -0.661294 1.749287 -0.928335
v -0.647465 1.753906 -0.927634
v -0.633582 1.757783 -0.925261
v -0.619862 1.760856 -0.921251
v -0.606523 1.763076 -0.915668
v -0.593774 1.764409 -0.908600
v -0.581818 1.764833 -0.900158
v -0.570842 1.764342 -0.890476
v -0.561019 1.762944 -0.879707
v -0.552505 1.760661 -0.868020
v -0.545434 1.757528 -0.855599
v -0.539916 1.753595 -0.842640
v -0.536040 1.748925 -0.829349
v -0.533867 1.743590 -0.815933
v -0.533430 1.737675 -0.802606
v -0.534736 1.731274 -0.789577
v -0.537766 1.724486 -0.777051
v -0.542471 1.717420 -0.765226
v -0.548776 1.710186 -0.754289
v -0.556583 1.702899 -0.744412
v -0.607605 1.848981 -0.680172
v -0.618724 1.844420 -0.671946
v -0.630891 1.840064 -0.665217
v -0.643912 1.835981 -0.660092
v -0.657583 1.832236 -0.656650
v -0.671689 1.828888 -0.654946
v -0.686006 1.825989 -0.655008
v -0.700309 1.823586 -0.656834
v -0.714372 1.821716 -0.660395
v -0.727973 1.820409 -0.665635
v -0.740899 1.819685 -0.672472
v -0.752945 1.819556 -0.680797
v -0.763920 1.820024 -0.690480
v -0.773653 1.821081 -0.701368
v -0.781990 1.822711 -0.713289
v -0.788799 1.824888 -0.726055
v -0.793972 1.827578 -0.739464
v -0.797429 1.830738 -0.753306
v -0.799114 1.834318 -0.767362
v -0.799001 1.838263 -0.781410
v -0.797093 1.842509 -0.795228
v -0.793418 1.846991 -0.808600
v -0.788035 1.851636 -0.821313
v -0.781028 1.856372 -0.833168
v -0.772509 1.861125 -0.843977
v -0.762612 1.865818 -0.853570
v -0.751493 1.870379 -0.861796
v -0.739326 1.874735 -0.868525
v -0.726304 1.878818 -0.873651
v -0.712633 1.882563 -0.877093
v -0.698528 1.885911 -0.878796
v -0.684211 1.888810 -0.878735
v -0.669908 1.891213 -0.876909
v -0.655845 1.893083 -0.873348
v -0.642243 1.894390 -0.868107
v -0.629318 1.895114 -0.861270
v -0.617272 1.895243 -0.852945
v -0.606296 1.894776 -0.843262
v -0.596563 1.893718 -0.832374
v -0.588227 1.892088 -0.820453
v -0.581418 1.889911 -0.807688
v -0.576244 1.887221 -0.794278
v -0.572788 1.884061 -0.780436
v -0.571103 1.880481 -0.766381
v -0.571215 1.876536 -0.752333
v -0.573124 1.872290 -0.738514
v -0.576799 1.867809 -0.725143
v -0.582182 1.863163 -0.712429
v -0.589188 1.858427 -0.700575
v -0.597707 1.853675 -0.689765
v -0.630156 2.009507 -0.647597
v -0.641635 2.007455 -0.638864
v -0.654147 2.005508 -0.631648
v -0.667496 2.003695 -0.626061
v -0.681470 2.002047 -0.622193
v -0.695849 2.000588 -0.620104
v -0.710406 1.999341 -0.619827
v -0.724912 1.998328 -0.621366
v -0.739138 1.997562 -0.624698
v -0.752860 1.997057 -0.629769
v -0.765861 1.996820 -0.636501
v -0.777936 1.996856 -0.644785
v -0.788896 1.997163 -0.654493
v -0.798566 1.997736 -0.665470
v -0.806794 1.998567 -0.677544
v -0.813451 1.999643 -0.690525
v -0.818432 2.000947 -0.704207
v -0.821658 2.002457 -0.718375
v -0.823078 2.004150 -0.732805
v -0.822670 2.006001 -0.747270
v -0.820441 2.007978 -0.761541
v -0.816425 2.010052 -0.775394
v -0.810685 2.012189 -0.788610
v -0.803313 2.014356 -0.800981
v -0.794425 2.016518 -0.812312
v -0.784160 2.018642 -0.822423
v -0.772681 2.020693 -0.831156
v -0.760169 2.022640 -0.838373
v -0.746820 2.024453 -0.843959
v -0.732846 2.026101 -0.847828
v -0.718467 2.027560 -0.849917
v -0.703910 2.028807 -0.850194
v -0.689404 2.029820 -0.848654
v -0.675178 2.030586 -0.845322
v -0.661456 2.031091 -0.840251
v -0.648455 2.031328 -0.833520
v -0.636380 2.031293 -0.825235
v -0.625421 2.030986 -0.815527
v -0.615751 2.030412 -0.804550
v -0.607522 2.029581 -0.792476
v -0.600865 2.028505 -0.779495
v -0.595884 2.027202 -0.765814
v -0.592658 2.025691 -0.751646
v -0.591238 2.023998 -0.737216
v -0.591646 2.022147 -0.722751
v -0.593875 2.020170 -0.708479
v -0.597892 2.018097 -0.694626
v -0.603631 2.015959 -0.681410
v -0.611003 2.013793 -0.669039
v -0.619891 2.011630 -0.657709
v -0.634930 2.169474 -0.639086
v -0.646479 2.170037 -0.630239
v -0.659059 2.170578 -0.622913
v -0.672471 2.171089 -0.617222
v -0.686504 2.171561 -0.613258
v -0.700937 2.171988 -0.611081
v -0.715542 2.172363 -0.610728
v -0.730088 2.172678 -0.612203
v -0.744347 2.172931 -0.615483
v -0.758093 2.173116 -0.620516
v -0.771109 2.173231 -0.627223
v -0.783191 2.173275 -0.635498
v -0.794147 2.173245 -0.645211
v -0.803806 2.173143 -0.656209
v -0.812014 2.172970 -0.668317
v -0.818642 2.172729 -0.681346
v -0.823586 2.172425 -0.695089
v -0.826768 2.172060 -0.709330
v -0.828137 2.171643 -0.723844
v -0.827672 2.171178 -0.738403
v -0.825380 2.170674 -0.752776
v -0.821298 2.170138 -0.766738
v -0.815489 2.169578 -0.780067
v -0.808046 2.169004 -0.792554
v -0.799086 2.168425 -0.804002
v -0.788749 2.167849 -0.814230
v -0.777200 2.167286 -0.823078
v -0.764620 2.166746 -0.830404
v -0.751208 2.166235 -0.836094
v -0.737175 2.165762 -0.840059
v -0.722742 2.165335 -0.842235
v -0.708137 2.164961 -0.842589
v -0.693591 2.164645 -0.841114
v -0.679332 2.164392 -0.837834
v -0.665586 2.164207 -0.832801
v -0.652570 2.164092 -0.826093
v -0.640488 2.164049 -0.817818
v -0.629532 2.164079 -0.808105
v -0.619873 2.164181 -0.797108
v -0.611665 2.164354 -0.784999
v -0.605037 2.164594 -0.771971
v -0.600093 2.164899 -0.758228
v -0.596911 2.165263 -0.743987
v -0.595542 2.165681 -0.729473
v -0.596007 2.166146 -0.714914
v -0.598299 2.166650 -0.700540
v -0.602381 2.167186 -0.686579
v -0.608190 2.167746 -0.673249
v -0.615633 2.168319 -0.660762
v -0.624593 2.168899 -0.649314
v -0.623248 2.321241 -0.656064
v -0.634551 2.324662 -0.647598
v -0.646899 2.327899 -0.640629
v -0.660099 2.330901 -0.635267
v -0.673941 2.333621 -0.631598
v -0.688207 2.336015 -0.629678
v -0.702674 2.338046 -0.629538
v -0.717111 2.339682 -0.631180
v -0.731292 2.340898 -0.634579
v -0.744994 2.341673 -0.639680
v -0.757999 2.341996 -0.646404
v -0.770103 2.341861 -0.654644
v -0.781115 2.341272 -0.664270
v -0.790861 2.340236 -0.675131
v -0.799188 2.338771 -0.687054
v -0.805964 2.336899 -0.699854
v -0.811083 2.334651 -0.713326
v -0.814463 2.332060 -0.727259
v -0.816052 2.329170 -0.741434
v -0.815824 2.326024 -0.755626
v -0.813783 2.322672 -0.769611
v -0.809960 2.319168 -0.783170
v -0.804418 2.315567 -0.796089
v -0.797242 2.311925 -0.808163
v -0.788546 2.308300 -0.819202
v -0.778467 2.304748 -0.829032
v -0.767165 2.301327 -0.837498
v -0.754816 2.298091 -0.844467
v -0.741617 2.295088 -0.849829
v -0.727775 2.292369 -0.853498
v -0.713508 2.289975 -0.855418
v -0.699042 2.287943 -0.855558
v -0.684604 2.286307 -0.853916
v -0.670423 2.285092 -0.850517
v -0.656722 2.284317 -0.845416
v -0.643717 2.283993 -0.838692
v -0.631613 2.284128 -0.830452
v -0.620601 2.284718 -0.820826
v -0.610854 2.285753 -0.809965
v -0.602527 2.287218 -0.798041
v -0.595751 2.289090 -0.785242
v -0.590633 2.291339 -0.771770
v -0.587253 2.293929 -0.757837
v -0.585664 2.296820 -0.743662
v -0.585892 2.299966 -0.729470
v -0.587933 2.303317 -0.715485
v -0.591755 2.306821 -0.701926
v -0.597298 2.310422 -0.689007
v -0.604474 2.314065 -0.676933
v -0.613169 2.317690 -0.665894
v -0.596127 2.456918 -0.700631
v -0.606746 2.463501 -0.693321
v -0.618456 2.469696 -0.687431
v -0.631073 2.475405 -0.683055
v -0.644397 2.480540 -0.680261
v -0.658217 2.485017 -0.679095
v -0.672317 2.488767 -0.679573
v -0.686474 2.491730 -0.681690
v -0.700464 2.493861 -0.685410
v -0.714067 2.495124 -0.690676
v -0.727069 2.495502 -0.697404
v -0.739264 2.494986 -0.705489
v -0.750459 2.493587 -0.714803
v -0.760480 2.491324 -0.725198
v -0.769166 2.488235 -0.736512
v -0.776382 2.484368 -0.748566
v -0.782014 2.479784 -0.761169
v -0.785972 2.474556 -0.774122
v -0.788195 2.468765 -0.787223
v -0.788647 2.462503 -0.800263
v -0.787322 2.455869 -0.813037
v -0.784239 2.448968 -0.825344
v -0.779448 2.441908 -0.836990
v -0.773025 2.434800 -0.847791
v -0.765069 2.427757 -0.857577
v -0.755708 2.420890 -0.866193
v -0.745089 2.414307 -0.873503
v -0.733379 2.408112 -0.879393
v -0.720762 2.402402 -0.883769
v -0.707439 2.397269 -0.886562
v -0.693618 2.392792 -0.887729
v -0.679518 2.389041 -0.887250
v -0.665361 2.386078 -0.885134
v -0.651371 2.383947 -0.881414
v -0.637768 2.382683 -0.876148
v -0.624766 2.382306 -0.869419
v -0.612572 2.382822 -0.861335
v -0.601376 2.384222 -0.852021
v -0.591356 2.386484 -0.841625
v -0.582669 2.389573 -0.830311
v -0.575453 2.393440 -0.818258
v -0.569821 2.398024 -0.805655
v -0.565863 2.403252 -0.792701
v -0.563640 2.409043 -0.779601
v -0.563188 2.415305 -0.766561
v -0.564514 2.421939 -0.753787
v -0.567596 2.428840 -0.741479
v -0.572387 2.435900 -0.729833
v -0.578811 2.443008 -0.719033
v -0.586766 2.450051 -0.709247
v -0.556334 2.564680 -0.771756
v -0.565686 2.574441 -0.766759
v -0.576219 2.583589 -0.763017
v -0.587767 2.591982 -0.760590
v -0.600148 2.599487 -0.759516
v -0.613167 2.605984 -0.759811
v -0.626619 2.611373 -0.761471
v -0.640292 2.615567 -0.764469
v -0.653969 2.618500 -0.768758
v -0.667436 2.620126 -0.774270
v -0.680481 2.620419 -0.780918
v -0.692896 2.619376 -0.788598
v -0.704487 2.617011 -0.797188
v -0.715071 2.613363 -0.806553
v -0.724480 2.608490 -0.816546
v -0.732567 2.602467 -0.827008
v -0.739203 2.595391 -0.837776
v -0.744284 2.587373 -0.848680
v -0.747729 2.578539 -0.859547
v -0.749485 2.569030 -0.870207
v -0.749523 2.558994 -0.880493
v -0.747842 2.548592 -0.890240
v -0.744470 2.537985 -0.899297
v -0.739459 2.527343 -0.907521
v -0.732888 2.516832 -0.914781
v -0.724862 2.506618 -0.920963
v -0.715506 2.496864 -0.925969
v -0.704968 2.487720 -0.929720
v -0.693415 2.479333 -0.932157
v -0.681029 2.471834 -0.933242
v -0.668006 2.465341 -0.932956
v -0.654550 2.459958 -0.931304
v -0.640875 2.455767 -0.928311
v -0.627195 2.452836 -0.924026
v -0.613728 2.451211 -0.918515
v -0.600684 2.450916 -0.911866
v -0.588270 2.451958 -0.904182
v -0.576682 2.454319 -0.895586
v -0.566102 2.457963 -0.886213
v -0.556697 2.462831 -0.876211
v -0.548615 2.468848 -0.865739
v -0.541984 2.475919 -0.854961
v -0.536908 2.483932 -0.844047
v -0.533466 2.492760 -0.833171
v -0.531714 2.502266 -0.822504
v -0.531679 2.512298 -0.812214
v -0.533360 2.522700 -0.802464
v -0.536733 2.533306 -0.793407
v -0.541742 2.543950 -0.785186
v -0.548311 2.554463 -0.777931
v -0.519887 2.624809 -0.844034
v -0.532186 2.634988 -0.895300
v -0.513701 2.639853 -0.874233
v -0.527685 2.636678 -0.841872
v -0.537285 2.643342 -0.894233
v -0.520610 2.651184 -0.872791
v -0.543268 2.651151 -0.893837
v -0.536756 2.647779 -0.840745
v -0.528717 2.661778 -0.872262
v -0.550039 2.658293 -0.894121
v -0.546959 2.657938 -0.840672
v -0.537892 2.671467 -0.872653
v -0.557492 2.664655 -0.895079
v -0.558131 2.666992 -0.841652
v -0.547993 2.680097 -0.873958
v -0.570098 2.674798 -0.843669
v -0.565509 2.670136 -0.896696
v -0.558858 2.687532 -0.876156
v -0.573965 2.674649 -0.898946
v -0.582672 2.681233 -0.846690
v -0.570318 2.693656 -0.879213
v -0.582724 2.678124 -0.901794
v -0.595653 2.686196 -0.850666
v -0.582192 2.698370 -0.883078
v -0.591651 2.680506 -0.905196
v -0.608839 2.689606 -0.855536
v -0.594292 2.701601 -0.887692
v -0.622021 2.691411 -0.861221
v -0.600604 2.681756 -0.909096
v -0.606428 2.703297 -0.892980
v -0.609441 2.681856 -0.913435
v -0.634991 2.691582 -0.867632
v -0.618409 2.703431 -0.898861
v -0.618023 2.680803 -0.918142
v -0.647545 2.690116 -0.874668
v -0.630045 2.702003 -0.905240
v -0.626215 2.678615 -0.923145
v -0.659484 2.687037 -0.882217
v -0.641154 2.699033 -0.912019
v -0.670620 2.682394 -0.890163
v -0.633888 2.675326 -0.928364
v -0.651559 2.694570 -0.919089
v -0.640921 2.670988 -0.933717
v -0.680777 2.676259 -0.898379
v -0.661096 2.688683 -0.926339
v -0.647202 2.665669 -0.939119
v -0.689795 2.668730 -0.906737
v -0.669615 2.681466 -0.933657
v -0.652633 2.659453 -0.944487
v -0.697531 2.659927 -0.915107
v -0.676982 2.673033 -0.940927
v -0.703861 2.649990 -0.923357
v -0.657128 2.652439 -0.949734
v -0.683079 2.663518 -0.948034
v -0.660615 2.644737 -0.954779
v -0.708687 2.639074 -0.931358
v -0.687811 2.653070 -0.954868
v -0.663041 2.636468 -0.959542
v -0.711931 2.627354 -0.938986
v -0.691102 2.641855 -0.961321
v -0.664366 2.627763 -0.963947
v -0.713543 2.615014 -0.946119
v -0.692900 2.630049 -0.967290
v -0.713495 2.602249 -0.952647
v -0.664570 2.618760 -0.967926
v -0.693178 2.617840 -0.972684
v -0.663649 2.609599 -0.971416
v -0.711789 2.589261 -0.958467
v -0.691930 2.605419 -0.977416
v -0.661618 2.600427 -0.974362
v -0.708452 2.576255 -0.963486
v -0.689176 2.592983 -0.981413
v -0.658510 2.591387 -0.976717
v -0.703536 2.563435 -0.967627
v -0.684960 2.580728 -0.984610
v -0.697120 2.551003 -0.970823
v -0.654372 2.582622 -0.978444
v -0.679349 2.568846 -0.986958
v -0.649271 2.574269 -0.979515
v -0.689304 2.539155 -0.973022
v -0.672430 2.557525 -0.988419
v -0.643286 2.566462 -0.979915
v -0.680213 2.528077 -0.974190
v -0.664313 2.546943 -0.988970
v -0.636513 2.559323 -0.979635
v -0.669990 2.517944 -0.974308
v -0.655127 2.537267 -0.988601
v -0.658797 2.508914 -0.973371
v -0.629058 2.552963 -0.978682
v -0.645017 2.528649 -0.987317
v -0.621039 2.547485 -0.977069
v -0.646811 2.501129 -0.971394
v -0.634142 2.521225 -0.985139
v -0.612582 2.542974 -0.974822
v -0.634222 2.494713 -0.968406
v -0.622674 2.515111 -0.982100
v -0.603821 2.539500 -0.971977
v -0.621228 2.489764 -0.964455
v -0.610794 2.510404 -0.978248
v -0.608035 2.486362 -0.959602
v -0.594894 2.537119 -0.968577
v -0.598690 2.507177 -0.973642
v -0.585941 2.535869 -0.964677
v -0.594851 2.484560 -0.953922
v -0.586553 2.505482 -0.968356
v -0.577104 2.535769 -0.960338
v -0.581883 2.484386 -0.947506
v -0.574573 2.505346 -0.962473
v -0.568522 2.536821 -0.955629
v -0.569337 2.485842 -0.940454
v -0.562941 2.506770 -0.956085
v -0.557410 2.488908 -0.932878
v -0.560331 2.539007 -0.950623
v -0.551838 2.509733 -0.949294
v -0.552660 2.542295 -0.945401
v -0.546290 2.493533 -0.924899
v -0.541441 2.514187 -0.942207
v -0.545629 2.546630 -0.940044
v -0.536151 2.499646 -0.916644
v -0.531913 2.520062 -0.934936
v -0.539350 2.551947 -0.934637
v -0.527154 2.507150 -0.908242
v -0.523404 2.527267 -0.927596
v -0.519439 2.515929 -0.899829
v -0.533921 2.558160 -0.929265
v -0.516049 2.535687 -0.920305
v -0.529429 2.565172 -0.924014
v -0.513128 2.525843 -0.891537
v -0.509961 2.545191 -0.913176
v -0.525943 2.572872 -0.918965
v -0.508320 2.536737 -0.883499
v -0.505239 2.555628 -0.906324
v -0.523519 2.581139 -0.914199
v -0.505090 2.548440 -0.875842
v -0.501955 2.566835 -0.899856
v -0.503489 2.560769 -0.868687
v -0.522195 2.589843 -0.909791
v -0.500161 2.578634 -0.893875
v -0.521991 2.598846 -0.905811
v -0.503542 2.573527 -0.862148
v -0.499886 2.590841 -0.888476
v -0.522912 2.608006 -0.902321
v -0.505248 2.586515 -0.856329
v -0.501134 2.603261 -0.883744
v -0.524942 2.617179 -0.899377
v -0.508579 2.599528 -0.851320
v -0.503885 2.615701 -0.879753
v -0.528050 2.626221 -0.897024
v -0.513485 2.612360 -0.847200
v -0.508096 2.627962 -0.876566
v 0.791105 0.001612 -2.136872
v 0.811043 0.029869 -2.110027
v 0.804892 0.004719 -2.118131
v 0.809145 0.011951 -2.112417
v 0.782392 0.002524 -2.131294
v 0.798795 0.030826 -2.102184
v 0.793727 0.005887 -2.110983
v 0.797227 0.013198 -2.104787
v 0.773045 0.003407 -2.126856
v 0.785656 0.031752 -2.095941
v 0.781749 0.007018 -2.105295
v 0.784441 0.014404 -2.098715
v 0.763211 0.004247 -2.123627
v 0.771834 0.032633 -2.091396
v 0.769146 0.008094 -2.101156
v 0.770989 0.015551 -2.094296
v 0.753044 0.005031 -2.121657
v 0.757545 0.033454 -2.088622
v 0.756118 0.009098 -2.098632
v 0.757082 0.016621 -2.091599
v 0.742706 0.005746 -2.120978
v 0.743016 0.034202 -2.087661
v 0.742871 0.010014 -2.097762
v 0.742942 0.017597 -2.090669
v 0.732360 0.006381 -2.121602
v 0.728475 0.034866 -2.088529
v 0.729611 0.010828 -2.098560
v 0.728789 0.018464 -2.091519
v 0.722167 0.006927 -2.123517
v 0.714152 0.035436 -2.091213
v 0.716551 0.011526 -2.101013
v 0.714848 0.019208 -2.094136
v 0.712291 0.007374 -2.126693
v 0.700273 0.035903 -2.095670
v 0.703894 0.012099 -2.105083
v 0.701338 0.019817 -2.098478
v 0.702885 0.007716 -2.131082
v 0.687057 0.036260 -2.101831
v 0.691841 0.012536 -2.110706
v 0.688473 0.020283 -2.104478
v 0.694098 0.007947 -2.136612
v 0.674711 0.036501 -2.109596
v 0.680581 0.012832 -2.117793
v 0.676455 0.020598 -2.112041
v 0.686069 0.008063 -2.143198
v 0.663433 0.036622 -2.118846
v 0.670294 0.012980 -2.126231
v 0.665475 0.020756 -2.121047
v 0.678926 0.008063 -2.150734
v 0.653398 0.036622 -2.129433
v 0.661139 0.012980 -2.135889
v 0.655705 0.020756 -2.131354
v 0.672778 0.007946 -2.159104
v 0.644765 0.036501 -2.141190
v 0.653263 0.012832 -2.146614
v 0.647299 0.020598 -2.142801
v 0.667726 0.007716 -2.168174
v 0.637670 0.036260 -2.153933
v 0.646788 0.012536 -2.158236
v 0.640390 0.020283 -2.155206
v 0.663847 0.007374 -2.177800
v 0.632226 0.035903 -2.167459
v 0.641819 0.012099 -2.170572
v 0.635086 0.019817 -2.168373
v 0.661203 0.006927 -2.187833
v 0.628517 0.035436 -2.181557
v 0.638431 0.011526 -2.183429
v 0.631472 0.019208 -2.182095
v 0.659836 0.006381 -2.198113
v 0.626603 0.034866 -2.196003
v 0.636680 0.010828 -2.196602
v 0.629605 0.018464 -2.196157
v 0.659767 0.005746 -2.208478
v 0.626513 0.034202 -2.210569
v 0.636592 0.010014 -2.209884
v 0.629513 0.017597 -2.210335
v 0.660997 0.005031 -2.218765
v 0.628250 0.033454 -2.225027
v 0.638170 0.009098 -2.223067
v 0.631198 0.016621 -2.224406
v 0.663508 0.004247 -2.228812
v 0.631785 0.032633 -2.239147
v 0.641387 0.008094 -2.235941
v 0.634634 0.015551 -2.238148
v 0.667258 0.003407 -2.238459
v 0.637062 0.031752 -2.252707
v 0.646194 0.007018 -2.248304
v 0.639767 0.014404 -2.251344
v 0.672190 0.002524 -2.247556
v 0.643999 0.030826 -2.265493
v 0.652515 0.005887 -2.259961
v 0.646514 0.013198 -2.263787
v 0.678226 0.001612 -2.255958
v 0.652486 0.029869 -2.277303
v 0.660249 0.004719 -2.270728
v 0.654771 0.011951 -2.275280
v 0.685269 0.000685 -2.263533
v 0.662389 0.028895 -2.287952
v 0.669275 0.003531 -2.280435
v 0.664407 0.010684 -2.285642
v 0.693210 -0.000242 -2.270161
v 0.673552 0.027920 -2.297271
v 0.679451 0.002344 -2.288929
v 0.675269 0.009416 -2.294710
v 0.701923 -0.001154 -2.275738
v 0.685799 0.026960 -2.305114
v 0.690616 0.001175 -2.296077
v 0.687187 0.008167 -2.302340
v 0.711269 -0.002037 -2.280176
v 0.698937 0.026030 -2.311356
v 0.702594 0.000043 -2.301764
v 0.699972 0.006958 -2.308412
v 0.721104 -0.002877 -2.283406
v 0.712758 0.025144 -2.315899
v 0.715196 -0.001035 -2.305902
v 0.713423 0.005807 -2.312830
v 0.731271 -0.003661 -2.285375
v 0.727046 0.024317 -2.318673
v 0.728224 -0.002040 -2.308427
v 0.727329 0.004732 -2.315525
v 0.741608 -0.004377 -2.286054
v 0.741573 0.023561 -2.319632
v 0.741471 -0.002958 -2.309297
v 0.741468 0.003752 -2.316455
v 0.751954 -0.005013 -2.285430
v 0.756113 0.022890 -2.318762
v 0.754729 -0.003773 -2.308499
v 0.755620 0.002880 -2.315603
v 0.762147 -0.005558 -2.283515
v 0.770434 0.022313 -2.316077
v 0.767790 -0.004473 -2.306045
v 0.769560 0.002131 -2.312986
v 0.772024 -0.006006 -2.280339
v 0.784312 0.021840 -2.311618
v 0.780447 -0.005047 -2.301974
v 0.783068 0.001517 -2.308642
v 0.781430 -0.006348 -2.275950
v 0.797526 0.021478 -2.305457
v 0.792500 -0.005485 -2.296351
v 0.795933 0.001048 -2.302641
v 0.790216 -0.006579 -2.270420
v 0.809871 0.021234 -2.297690
v 0.803758 -0.005782 -2.289265
v 0.807950 0.000731 -2.295078
v 0.798245 -0.006695 -2.263834
v 0.821149 0.021111 -2.288440
v 0.814046 -0.005931 -2.280826
v 0.818930 0.000572 -2.286071
v 0.805389 -0.006695 -2.256297
v 0.831184 0.021111 -2.277853
v 0.823201 -0.005931 -2.271168
v 0.828700 0.000572 -2.275764
v 0.811536 -0.006579 -2.247928
v 0.839817 0.021234 -2.266096
v 0.831078 -0.005782 -2.260443
v 0.837106 0.000731 -2.264318
v 0.816589 -0.006348 -2.238858
v 0.846913 0.021478 -2.253354
v 0.837552 -0.005485 -2.248822
v 0.844016 0.001048 -2.251914
v 0.820467 -0.006006 -2.229232
v 0.852358 0.021840 -2.239829
v 0.842522 -0.005047 -2.236485
v 0.849320 0.001517 -2.238747
v 0.823111 -0.005558 -2.219198
v 0.856068 0.022313 -2.225733
v 0.845909 -0.004473 -2.223629
v 0.852935 0.002131 -2.225025
v 0.824478 -0.005013 -2.208919
v 0.857984 0.022890 -2.211288
v 0.847661 -0.003773 -2.210456
v 0.854804 0.002880 -2.210965
v 0.824547 -0.004377 -2.198554
v 0.858075 0.023561 -2.196723
v 0.847749 -0.002958 -2.197174
v 0.854897 0.003752 -2.196789
v 0.823317 -0.003661 -2.188267
v 0.856341 0.024317 -2.182268
v 0.846172 -0.002040 -2.183992
v 0.853213 0.004732 -2.182719
v 0.820807 -0.002877 -2.178220
v 0.852807 0.025144 -2.168149
v 0.842955 -0.001035 -2.171118
v 0.849778 0.005807 -2.168977
v 0.817056 -0.002037 -2.168573
v 0.847531 0.026030 -2.154590
v 0.838149 0.000043 -2.158756
v 0.844646 0.006958 -2.155782
v 0.812124 -0.001154 -2.159476
v 0.840595 0.026960 -2.141805
v 0.831828 0.001175 -2.147099
v 0.837899 0.008167 -2.143339
v 0.806089 -0.000242 -2.151074
v 0.832109 0.027920 -2.129995
v 0.824094 0.002344 -2.136332
v 0.829643 0.009416 -2.131846
v 0.822206 0.028895 -2.119346
v 0.799046 0.000685 -2.143500
v 0.820008 0.010684 -2.121485
v 0.815068 0.003531 -2.126625
v -0.592499 2.609882 -0.938381
v 0.742158 0.000036 -2.203518
v 0.775836 0.089315 0.786694
v 0.763727 0.088768 0.778528
v 0.750687 0.088238 0.771947
v 0.736920 0.087733 0.767054
v 0.722644 0.087262 0.763928
v 0.708083 0.086832 0.762616
v 0.693467 0.086450 0.763140
v 0.679027 0.086122 0.765491
v 0.664991 0.085853 0.769633
v 0.651579 0.085648 0.775500
v 0.639004 0.085509 0.783000
v 0.627464 0.085439 0.792014
v 0.617140 0.085439 0.802400
v 0.608196 0.085509 0.813995
v 0.600772 0.085648 0.826615
v 0.594986 0.085853 0.840062
v 0.590929 0.086122 0.854123
v 0.588665 0.086450 0.868577
v 0.588229 0.086832 0.883195
v 0.589628 0.087262 0.897748
v 0.592842 0.087733 0.912005
v 0.597817 0.088238 0.925743
v 0.604477 0.088768 0.938743
v 0.612716 0.089315 0.950801
v 0.622404 0.089871 0.961728
v 0.633389 0.090426 0.971350
v 0.645497 0.090973 0.979516
v 0.658537 0.091502 0.986097
v 0.672304 0.092005 0.990989
v 0.686580 0.092475 0.994116
v 0.701140 0.092903 0.995427
v 0.715756 0.093284 0.994903
v 0.730195 0.093610 0.992551
v 0.744231 0.093878 0.988409
v 0.757643 0.094082 0.982541
v 0.770218 0.094221 0.975042
v 0.781758 0.094290 0.966027
v 0.792082 0.094290 0.955641
v 0.801026 0.094221 0.944046
v 0.808450 0.094082 0.931426
v 0.814236 0.093878 0.917980
v 0.818294 0.093610 0.903919
v 0.820558 0.093284 0.889466
v 0.820994 0.092903 0.874847
v 0.819595 0.092475 0.860295
v 0.816382 0.092005 0.846038
v 0.811407 0.091502 0.832301
v 0.804747 0.090973 0.819301
v 0.796508 0.090426 0.807243
v 0.786820 0.089871 0.796316
v 0.767924 0.195351 0.778830
v 0.755893 0.193414 0.770741
v 0.742927 0.191539 0.764233
v 0.729231 0.189754 0.759411
v 0.715020 0.188089 0.756350
v 0.700520 0.186570 0.755098
v 0.685958 0.185220 0.755675
v 0.671564 0.184061 0.758073
v 0.657565 0.183111 0.762252
v 0.644183 0.182386 0.768148
v 0.631627 0.181895 0.775667
v 0.620096 0.181648 0.784691
v 0.609773 0.181648 0.795077
v 0.600818 0.181895 0.806662
v 0.593375 0.182386 0.819263
v 0.587561 0.183111 0.832681
v 0.583465 0.184061 0.846704
v 0.581155 0.185220 0.861112
v 0.580666 0.186570 0.875678
v 0.582005 0.188090 0.890170
v 0.585152 0.189754 0.904362
v 0.590057 0.191539 0.918029
v 0.596642 0.193414 0.930955
v 0.604805 0.195351 0.942937
v 0.614415 0.197319 0.953786
v 0.625322 0.199287 0.963331
v 0.637353 0.201223 0.971421
v 0.650319 0.203099 0.977928
v 0.664015 0.204883 0.982750
v 0.678225 0.206548 0.985812
v 0.692726 0.208067 0.987063
v 0.707288 0.209417 0.986486
v 0.721682 0.210576 0.984089
v 0.735680 0.211526 0.979909
v 0.749063 0.212252 0.974013
v 0.761618 0.212742 0.966494
v 0.773149 0.212989 0.957470
v 0.783473 0.212989 0.947084
v 0.792427 0.212742 0.935499
v 0.799870 0.212252 0.922898
v 0.805685 0.211526 0.909480
v 0.809780 0.210576 0.895457
v 0.812090 0.209417 0.881049
v 0.812580 0.208067 0.866484
v 0.811240 0.206548 0.851991
v 0.808094 0.204883 0.837799
v 0.803189 0.203099 0.824132
v 0.796603 0.201223 0.811206
v 0.788441 0.199287 0.799224
v 0.778831 0.197319 0.788375
v 0.750642 0.328167 0.761653
v 0.738756 0.325071 0.753707
v 0.725931 0.322072 0.747339
v 0.712368 0.319220 0.742650
v 0.698282 0.316558 0.739712
v 0.683895 0.314129 0.738574
v 0.669434 0.311972 0.739251
v 0.655127 0.310119 0.741735
v 0.641200 0.308600 0.745985
v 0.627872 0.307439 0.751935
v 0.615353 0.306656 0.759490
v 0.603841 0.306260 0.768533
v 0.593516 0.306260 0.778919
v 0.584544 0.306656 0.790486
v 0.577064 0.307440 0.803050
v 0.571195 0.308600 0.816414
v 0.567029 0.310119 0.830367
v 0.564632 0.311972 0.844688
v 0.564041 0.314130 0.859153
v 0.565267 0.316558 0.873533
v 0.568289 0.319220 0.887601
v 0.573061 0.322072 0.901135
v 0.579506 0.325071 0.913922
v 0.587523 0.328167 0.925760
v 0.596986 0.331313 0.936462
v 0.607745 0.334459 0.945860
v 0.619632 0.337556 0.953806
v 0.632457 0.340554 0.960174
v 0.646020 0.343406 0.964863
v 0.660105 0.346068 0.967801
v 0.674492 0.348497 0.968939
v 0.688954 0.350655 0.968262
v 0.703260 0.352508 0.965778
v 0.717188 0.354027 0.961528
v 0.730516 0.355187 0.955578
v 0.743035 0.355971 0.948023
v 0.754547 0.356366 0.938980
v 0.764871 0.356366 0.928594
v 0.773844 0.355971 0.917028
v 0.781323 0.355187 0.904463
v 0.787193 0.354026 0.891099
v 0.791359 0.352508 0.877146
v 0.793756 0.350655 0.862824
v 0.794346 0.348497 0.848360
v 0.793121 0.346068 0.833980
v 0.790098 0.343406 0.819912
v 0.785327 0.340554 0.806378
v 0.778882 0.337556 0.793591
v 0.770864 0.334459 0.781753
v 0.761402 0.331313 0.771051
v 0.722675 0.476449 0.733854
v 0.711009 0.472191 0.726127
v 0.698397 0.468069 0.719971
v 0.685037 0.464147 0.715484
v 0.671141 0.460487 0.712735
v 0.656927 0.457147 0.711768
v 0.642620 0.454180 0.712598
v 0.628445 0.451632 0.715213
v 0.614626 0.449543 0.719571
v 0.601380 0.447948 0.725602
v 0.588917 0.446870 0.733213
v 0.577433 0.446327 0.742284
v 0.567109 0.446327 0.752670
v 0.558108 0.446870 0.764208
v 0.550572 0.447948 0.776717
v 0.544621 0.449544 0.789999
v 0.540346 0.451632 0.803845
v 0.537817 0.454180 0.818035
v 0.537073 0.457147 0.832347
v 0.538126 0.460487 0.846555
v 0.540959 0.464147 0.860435
v 0.545527 0.468069 0.873767
v 0.551759 0.472191 0.886342
v 0.559556 0.476449 0.897960
v 0.568794 0.480775 0.908441
v 0.579330 0.485101 0.917616
v 0.590996 0.489359 0.925343
v 0.603608 0.493482 0.931498
v 0.616968 0.497404 0.935986
v 0.630864 0.501064 0.938735
v 0.645078 0.504404 0.939702
v 0.659385 0.507371 0.938871
v 0.673560 0.509919 0.936257
v 0.687380 0.512007 0.931899
v 0.700625 0.513603 0.925867
v 0.713089 0.514681 0.918256
v 0.724573 0.515224 0.909186
v 0.734896 0.515224 0.898800
v 0.743897 0.514680 0.887261
v 0.751433 0.513602 0.874752
v 0.757385 0.512007 0.861470
v 0.761659 0.509919 0.847625
v 0.764188 0.507371 0.833434
v 0.764932 0.504403 0.819122
v 0.763879 0.501063 0.804914
v 0.761046 0.497404 0.791035
v 0.756478 0.493481 0.777703
v 0.750246 0.489359 0.765128
v 0.742449 0.485101 0.753509
v 0.733210 0.480775 0.743029
v 0.682755 0.632410 0.694174
v 0.671423 0.626876 0.686779
v 0.659134 0.621517 0.680945
v 0.646082 0.616418 0.676763
v 0.632473 0.611661 0.674299
v 0.618521 0.607319 0.673593
v 0.604447 0.603462 0.674654
v 0.590471 0.600150 0.677468
v 0.576816 0.597436 0.681988
v 0.563695 0.595362 0.688145
v 0.551317 0.593960 0.695840
v 0.539875 0.593254 0.704952
v 0.529551 0.593254 0.715338
v 0.520508 0.593960 0.726835
v 0.512888 0.595362 0.739259
v 0.506811 0.597436 0.752417
v 0.502373 0.600150 0.766099
v 0.499644 0.603462 0.780091
v 0.498667 0.607319 0.794172
v 0.499458 0.611661 0.808120
v 0.502003 0.616419 0.821714
v 0.506264 0.621517 0.834740
v 0.512172 0.626876 0.846993
v 0.519635 0.632411 0.858280
v 0.528535 0.638034 0.868423
v 0.538731 0.643658 0.877261
v 0.550063 0.649192 0.884656
v 0.562352 0.654551 0.890490
v 0.575404 0.659650 0.894672
v 0.589013 0.664407 0.897136
v 0.602965 0.668749 0.897842
v 0.617039 0.672606 0.896780
v 0.631015 0.675918 0.893967
v 0.644670 0.678632 0.889447
v 0.657791 0.680707 0.883290
v 0.670169 0.682108 0.875595
v 0.681611 0.682814 0.866482
v 0.691934 0.682814 0.856096
v 0.700978 0.682108 0.844600
v 0.708598 0.680706 0.832175
v 0.714675 0.678632 0.819018
v 0.719113 0.675918 0.805335
v 0.721842 0.672606 0.791343
v 0.722818 0.668748 0.777262
v 0.722028 0.664407 0.763315
v 0.719482 0.659649 0.749721
v 0.715222 0.654551 0.736694
v 0.709313 0.649192 0.724441
v 0.701850 0.643657 0.713154
v 0.692951 0.638034 0.703012
v 0.629639 0.788319 0.641377
v 0.618817 0.781330 0.634490
v 0.607023 0.774563 0.629147
v 0.594441 0.768126 0.625432
v 0.581270 0.762119 0.623404
v 0.567719 0.756637 0.623096
v 0.554000 0.751767 0.624511
v 0.540330 0.747585 0.627628
v 0.526924 0.744157 0.632397
v 0.513995 0.741538 0.638744
v 0.501746 0.739769 0.646567
v 0.490370 0.738877 0.655744
v 0.480046 0.738877 0.666131
v 0.470937 0.739769 0.677562
v 0.463188 0.741538 0.689858
v 0.456920 0.744157 0.702826
v 0.452232 0.747585 0.716260
v 0.449197 0.751767 0.729948
v 0.447865 0.756637 0.743675
v 0.448255 0.762119 0.757225
v 0.450362 0.768126 0.770383
v 0.454153 0.774564 0.782942
v 0.459567 0.781330 0.794704
v 0.466519 0.788319 0.805484
v 0.474901 0.795420 0.815111
v 0.484578 0.802520 0.823434
v 0.495400 0.809509 0.830321
v 0.507195 0.816275 0.835665
v 0.519776 0.822713 0.839379
v 0.532947 0.828720 0.841407
v 0.546499 0.834202 0.841716
v 0.560217 0.839072 0.840300
v 0.573887 0.843254 0.837184
v 0.587293 0.846682 0.832414
v 0.600222 0.849301 0.826068
v 0.612471 0.851070 0.818244
v 0.623848 0.851962 0.809067
v 0.634171 0.851962 0.798681
v 0.643280 0.851070 0.787249
v 0.651029 0.849301 0.774953
v 0.657298 0.846682 0.761985
v 0.661986 0.843254 0.748552
v 0.665020 0.839072 0.734863
v 0.666353 0.834202 0.721136
v 0.665962 0.828720 0.707586
v 0.663855 0.822713 0.694428
v 0.660065 0.816275 0.681869
v 0.654650 0.809509 0.670107
v 0.647698 0.802520 0.659327
v 0.639317 0.795419 0.649700
v 0.562114 0.936488 0.574258
v 0.552069 0.927853 0.568143
v 0.541026 0.919493 0.563547
v 0.529160 0.911539 0.560544
v 0.516657 0.904117 0.559180
v 0.503715 0.897344 0.559477
v 0.490537 0.891327 0.561430
v 0.477332 0.886160 0.565009
v 0.464308 0.881925 0.570157
v 0.451670 0.878689 0.576793
v 0.439617 0.876503 0.584812
v 0.428340 0.875402 0.594088
v 0.418016 0.875402 0.604474
v 0.408809 0.876503 0.615807
v 0.400863 0.878689 0.627908
v 0.394303 0.881925 0.640586
v 0.389234 0.886160 0.653641
v 0.385735 0.891327 0.666867
v 0.383861 0.897344 0.680057
v 0.383642 0.904117 0.693000
v 0.385081 0.911539 0.705495
v 0.388156 0.919493 0.717342
v 0.392818 0.927853 0.728357
v 0.398994 0.936488 0.738365
v 0.406586 0.945261 0.747207
v 0.415474 0.954034 0.754746
v 0.425519 0.962669 0.760861
v 0.436561 0.971029 0.765456
v 0.448428 0.978983 0.768460
v 0.460930 0.986404 0.769824
v 0.473873 0.993177 0.769526
v 0.487050 0.999195 0.767573
v 0.500255 1.004362 0.763994
v 0.513280 1.008596 0.758846
v 0.525918 1.011832 0.752211
v 0.537971 1.014018 0.744191
v 0.549248 1.015120 0.734916
v 0.559571 1.015120 0.724529
v 0.568779 1.014018 0.713196
v 0.576725 1.011832 0.701096
v 0.583284 1.008596 0.688418
v 0.588354 1.004361 0.675362
v 0.591853 0.999195 0.662136
v 0.593727 0.993177 0.648947
v 0.593946 0.986404 0.636003
v 0.592506 0.978982 0.623509
v 0.589431 0.971028 0.611661
v 0.584769 0.962668 0.600646
v 0.578594 0.954034 0.590639
v 0.571002 0.945261 0.581796
v 0.478981 1.069314 0.491625
v 0.470087 1.058906 0.486654
v 0.460159 1.048830 0.483166
v 0.449353 1.039243 0.481217
v 0.437840 1.030298 0.480836
v 0.425800 1.022134 0.482031
v 0.413425 1.014881 0.484781
v 0.400908 1.008654 0.489045
v 0.388448 1.003549 0.494754
v 0.376241 0.999649 0.501818
v 0.364480 0.997014 0.510127
v 0.353350 0.995686 0.519549
v 0.343026 0.995686 0.529935
v 0.333672 0.997014 0.541122
v 0.325434 0.999649 0.552933
v 0.318443 1.003549 0.565182
v 0.312810 1.008654 0.577676
v 0.308622 1.014881 0.590218
v 0.305946 1.022134 0.602610
v 0.304824 1.030298 0.614657
v 0.305274 1.039243 0.626168
v 0.307289 1.048830 0.636962
v 0.310837 1.058906 0.646869
v 0.315861 1.069314 0.655732
v 0.322284 1.079888 0.663413
v 0.330003 1.090462 0.669789
v 0.338897 1.100869 0.674760
v 0.348825 1.110946 0.678247
v 0.359631 1.120533 0.680197
v 0.371145 1.129478 0.680578
v 0.383184 1.137642 0.679383
v 0.395559 1.144895 0.676633
v 0.408076 1.151122 0.672369
v 0.420536 1.156226 0.666660
v 0.432742 1.160127 0.659596
v 0.444504 1.162762 0.651287
v 0.455634 1.164089 0.641865
v 0.465958 1.164089 0.631479
v 0.475312 1.162761 0.620292
v 0.483550 1.160126 0.608481
v 0.490540 1.156226 0.596231
v 0.496174 1.151122 0.583737
v 0.500362 1.144894 0.571195
v 0.503038 1.137642 0.558803
v 0.504160 1.129478 0.546757
v 0.503710 1.120532 0.535246
v 0.501695 1.110945 0.524452
v 0.498147 1.100869 0.514545
v 0.493122 1.090462 0.505682
v 0.486700 1.079888 0.498001
v 0.379015 1.179319 0.392261
v 0.371725 1.167203 0.388883
v 0.363349 1.155471 0.386938
v 0.354020 1.144310 0.386457
v 0.343884 1.133895 0.387446
v 0.333102 1.124391 0.389891
v 0.321845 1.115947 0.393752
v 0.310288 1.108697 0.398969
v 0.298614 1.102754 0.405460
v 0.287008 1.098213 0.413121
v 0.275653 1.095146 0.421834
v 0.264727 1.093600 0.431459
v 0.254403 1.093600 0.441845
v 0.244844 1.095146 0.452829
v 0.236201 1.098213 0.464236
v 0.228609 1.102754 0.475888
v 0.222189 1.108697 0.487601
v 0.217042 1.115947 0.499189
v 0.213248 1.124391 0.510470
v 0.210869 1.133895 0.521267
v 0.209941 1.144310 0.531408
v 0.210479 1.155471 0.540734
v 0.212474 1.167203 0.549098
v 0.215896 1.179320 0.556367
v 0.220689 1.191630 0.562429
v 0.226779 1.203941 0.567186
v 0.234069 1.216058 0.570563
v 0.242445 1.227789 0.572508
v 0.251774 1.238950 0.572989
v 0.261910 1.249365 0.572000
v 0.272692 1.258869 0.569556
v 0.283950 1.267313 0.565694
v 0.295507 1.274564 0.560477
v 0.307180 1.280506 0.553986
v 0.318786 1.285047 0.546325
v 0.330142 1.288115 0.537613
v 0.341068 1.289660 0.527988
v 0.351391 1.289660 0.517601
v 0.360950 1.288114 0.506618
v 0.369594 1.285047 0.495210
v 0.377185 1.280506 0.483558
v 0.383605 1.274563 0.471845
v 0.388753 1.267313 0.460257
v 0.392546 1.258869 0.448976
v 0.394925 1.249365 0.438180
v 0.395853 1.238950 0.428038
v 0.395315 1.227788 0.418712
v 0.393320 1.216057 0.410348
v 0.389899 1.203941 0.403079
v 0.385105 1.191630 0.397018
v 0.260874 1.259138 0.274830
v 0.255603 1.245674 0.273460
v 0.249183 1.232639 0.273459
v 0.241715 1.220237 0.274827
v 0.233315 1.208664 0.277542
v 0.224118 1.198103 0.281562
v 0.214268 1.188721 0.286822
v 0.203919 1.180664 0.293241
v 0.193236 1.174061 0.300716
v 0.182387 1.169016 0.309130
v 0.171543 1.165607 0.318351
v 0.160875 1.163889 0.328232
v 0.150552 1.163889 0.338618
v 0.140735 1.165607 0.349346
v 0.131580 1.169016 0.360245
v 0.123231 1.174061 0.371144
v 0.115821 1.180664 0.381872
v 0.109465 1.188721 0.392259
v 0.104264 1.198103 0.402141
v 0.100300 1.208664 0.411362
v 0.097636 1.220237 0.419778
v 0.096313 1.232639 0.427254
v 0.096353 1.245674 0.433674
v 0.097754 1.259138 0.438937
v 0.100495 1.272817 0.442957
v 0.104533 1.286497 0.445674
v 0.109803 1.299960 0.447044
v 0.116223 1.312995 0.447045
v 0.123692 1.325397 0.445677
v 0.132091 1.336970 0.442962
v 0.141288 1.347531 0.438943
v 0.151139 1.356914 0.433682
v 0.161487 1.364970 0.427264
v 0.172170 1.371573 0.419788
v 0.183019 1.376618 0.411374
v 0.193863 1.380027 0.402154
v 0.204531 1.381745 0.392272
v 0.214855 1.381745 0.381886
v 0.224672 1.380027 0.371159
v 0.233827 1.376618 0.360259
v 0.242175 1.371572 0.349360
v 0.249586 1.364969 0.338632
v 0.255942 1.356913 0.328245
v 0.261143 1.347530 0.318363
v 0.265106 1.336969 0.309142
v 0.267771 1.325397 0.300726
v 0.269094 1.312995 0.293250
v 0.269054 1.299960 0.286830
v 0.267653 1.286496 0.281568
v 0.264911 1.272817 0.277547
v 0.122960 1.301349 0.137748
v 0.119746 1.287153 0.138423
v 0.115315 1.273410 0.140401
v 0.109738 1.260334 0.143650
v 0.103102 1.248133 0.148118
v 0.095511 1.236999 0.153736
v 0.087087 1.227107 0.160415
v 0.077960 1.218613 0.168049
v 0.068277 1.211652 0.176518
v 0.058188 1.206333 0.185688
v 0.047854 1.202740 0.195415
v 0.037437 1.200929 0.205546
v 0.027101 1.200930 0.215920
v 0.017010 1.202742 0.226375
v 0.007322 1.206337 0.236744
v -0.001809 1.211658 0.246865
v -0.010240 1.218620 0.256578
v -0.017837 1.227115 0.265730
v -0.024481 1.237009 0.274177
v -0.030068 1.248144 0.281785
v -0.034508 1.260346 0.288434
v -0.037732 1.273423 0.294019
v -0.039689 1.287167 0.298453
v -0.040348 1.301362 0.301666
v -0.039699 1.315785 0.303606
v -0.037752 1.330208 0.304243
v -0.034538 1.344403 0.303568
v -0.030107 1.358147 0.301590
v -0.024530 1.371222 0.298341
v -0.017894 1.383424 0.293873
v -0.010303 1.394558 0.288255
v -0.001879 1.404450 0.281576
v 0.007248 1.412944 0.273942
v 0.016931 1.419905 0.265473
v 0.027020 1.425224 0.256303
v 0.037354 1.428817 0.246575
v 0.047772 1.430627 0.236445
v 0.058107 1.430626 0.226071
v 0.068198 1.428814 0.215616
v 0.077886 1.425220 0.205247
v 0.087017 1.419899 0.195126
v 0.095448 1.412936 0.185412
v 0.103045 1.404441 0.176260
v 0.109689 1.394548 0.167814
v 0.115276 1.383412 0.160206
v 0.119716 1.371210 0.153557
v 0.122940 1.358134 0.147972
v 0.124897 1.344390 0.143538
v 0.125556 1.330194 0.140325
v 0.124907 1.315771 0.138385
v -0.032465 1.307243 -0.017466
v -0.034753 1.292889 -0.015873
v -0.038298 1.278992 -0.013017
v -0.043044 1.265772 -0.008944
v -0.048916 1.253437 -0.003718
v -0.055821 1.242181 0.002579
v -0.063650 1.232182 0.009846
v -0.072281 1.223598 0.017971
v -0.081576 1.216564 0.026824
v -0.091389 1.211190 0.036265
v -0.101566 1.207563 0.046147
v -0.111946 1.205738 0.056313
v -0.122365 1.205745 0.066603
v -0.132659 1.207584 0.076854
v -0.142666 1.211225 0.086905
v -0.152228 1.216612 0.096598
v -0.161193 1.223658 0.105779
v -0.169421 1.232254 0.114304
v -0.176782 1.242263 0.122038
v -0.183160 1.253528 0.128859
v -0.188454 1.265871 0.134660
v -0.192581 1.279097 0.139350
v -0.195475 1.292998 0.142853
v -0.197092 1.307355 0.145116
v -0.197405 1.321941 0.146102
v -0.196409 1.336526 0.145796
v -0.194120 1.350880 0.144202
v -0.190575 1.364776 0.141346
v -0.185829 1.377996 0.137273
v -0.179958 1.390332 0.132047
v -0.173053 1.401588 0.125751
v -0.165223 1.411587 0.118483
v -0.156593 1.420171 0.110358
v -0.147298 1.427205 0.101505
v -0.137484 1.432578 0.092064
v -0.127307 1.436206 0.082182
v -0.116928 1.438030 0.072016
v -0.106508 1.438023 0.061726
v -0.096214 1.436185 0.051475
v -0.086208 1.432543 0.041424
v -0.076646 1.427157 0.031731
v -0.067680 1.420110 0.022550
v -0.059452 1.411515 0.014025
v -0.052091 1.401505 0.006291
v -0.045713 1.390240 -0.000530
v -0.040419 1.377898 -0.006331
v -0.036293 1.364671 -0.011020
v -0.033398 1.350770 -0.014524
v -0.031782 1.336414 -0.016787
v -0.031469 1.321828 -0.017773
v -0.185903 1.313946 -0.174847
v -0.189229 1.299785 -0.174347
v -0.193804 1.286077 -0.172577
v -0.199556 1.273041 -0.169563
v -0.206393 1.260881 -0.165355
v -0.214209 1.249789 -0.160017
v -0.222880 1.239941 -0.153635
v -0.232270 1.231490 -0.146308
v -0.242229 1.224572 -0.138153
v -0.252601 1.219294 -0.129298
v -0.263223 1.215741 -0.119883
v -0.273927 1.213967 -0.110055
v -0.284544 1.214002 -0.099971
v -0.294907 1.215844 -0.089789
v -0.304853 1.219464 -0.079670
v -0.314223 1.224806 -0.069773
v -0.322872 1.231785 -0.060255
v -0.330661 1.240291 -0.051265
v -0.337469 1.250190 -0.042946
v -0.343189 1.261326 -0.035428
v -0.347729 1.273523 -0.028830
v -0.351018 1.286588 -0.023256
v -0.353005 1.300317 -0.018794
v -0.353658 1.314492 -0.015515
v -0.352967 1.328889 -0.013470
v -0.350942 1.343282 -0.012691
v -0.347616 1.357444 -0.013190
v -0.343041 1.371151 -0.014961
v -0.337290 1.384188 -0.017974
v -0.330452 1.396348 -0.022183
v -0.322636 1.407439 -0.027521
v -0.313965 1.417288 -0.033903
v -0.304576 1.425738 -0.041230
v -0.294617 1.432657 -0.049385
v -0.284244 1.437935 -0.058240
v -0.273622 1.441488 -0.067655
v -0.262918 1.443262 -0.077482
v -0.252301 1.443227 -0.087566
v -0.241938 1.441385 -0.097748
v -0.231993 1.437765 -0.107868
v -0.222622 1.432423 -0.117764
v -0.213974 1.425444 -0.127283
v -0.206184 1.416938 -0.136272
v -0.199376 1.407039 -0.144592
v -0.193657 1.395903 -0.152110
v -0.189117 1.383706 -0.158708
v -0.185827 1.370640 -0.164282
v -0.183840 1.356912 -0.168743
v -0.183187 1.342737 -0.172023
v -0.183879 1.328340 -0.174068
v -0.317269 1.358675 -0.316668
v -0.322732 1.345371 -0.318491
v -0.329406 1.332506 -0.319002
v -0.337187 1.320283 -0.318194
v -0.345952 1.308895 -0.316080
v -0.355562 1.298520 -0.312692
v -0.365866 1.289323 -0.308084
v -0.376702 1.281449 -0.302328
v -0.387898 1.275023 -0.295517
v -0.399278 1.270144 -0.287756
v -0.410663 1.266890 -0.279169
v -0.421873 1.265313 -0.269890
v -0.432731 1.265438 -0.260067
v -0.443066 1.267262 -0.249853
v -0.452715 1.270756 -0.239411
v -0.461525 1.275867 -0.228904
v -0.469359 1.282512 -0.218499
v -0.476091 1.290587 -0.208359
v -0.481617 1.299966 -0.198645
v -0.485849 1.310499 -0.189510
v -0.488720 1.322021 -0.181097
v -0.490186 1.334350 -0.173540
v -0.490222 1.347292 -0.166957
v -0.488828 1.360642 -0.161453
v -0.486026 1.374190 -0.157114
v -0.481861 1.387723 -0.154009
v -0.476399 1.401027 -0.152186
v -0.469724 1.413892 -0.151674
v -0.461943 1.426115 -0.152482
v -0.453178 1.437503 -0.154597
v -0.443568 1.447878 -0.157985
v -0.433264 1.457074 -0.162593
v -0.422428 1.464948 -0.168348
v -0.411232 1.471375 -0.175160
v -0.399852 1.476254 -0.182921
v -0.388467 1.479507 -0.191508
v -0.377257 1.481084 -0.200787
v -0.366399 1.480960 -0.210610
v -0.356064 1.479136 -0.220824
v -0.346416 1.475641 -0.231266
v -0.337605 1.470531 -0.241773
v -0.329772 1.463885 -0.252178
v -0.323039 1.455810 -0.262317
v -0.317513 1.446432 -0.272031
v -0.313281 1.435899 -0.281167
v -0.310410 1.424377 -0.289580
v -0.308945 1.412048 -0.297137
v -0.308909 1.399106 -0.303719
v -0.310302 1.385756 -0.309224
v -0.313104 1.372207 -0.313563
v -0.423560 1.442515 -0.438434
v -0.431089 1.430846 -0.442618
v -0.439789 1.419581 -0.445444
v -0.449522 1.408900 -0.446866
v -0.460134 1.398970 -0.446863
v -0.471459 1.389947 -0.445433
v -0.483317 1.381975 -0.442601
v -0.495522 1.375179 -0.438409
v -0.507881 1.369666 -0.432926
v -0.520199 1.365523 -0.426236
v -0.532282 1.362815 -0.418445
v -0.543939 1.361585 -0.409677
v -0.554987 1.361853 -0.400070
v -0.565251 1.363614 -0.389775
v -0.574569 1.366840 -0.378954
v -0.582795 1.371481 -0.367778
v -0.589799 1.377464 -0.356424
v -0.595470 1.384693 -0.345070
v -0.599719 1.393056 -0.333896
v -0.602479 1.402419 -0.323077
v -0.603706 1.412636 -0.312785
v -0.603381 1.423546 -0.303182
v -0.601509 1.434976 -0.294418
v -0.598119 1.446746 -0.286633
v -0.593266 1.458670 -0.279949
v -0.587025 1.470561 -0.274472
v -0.579496 1.482230 -0.270287
v -0.570796 1.493495 -0.267461
v -0.561063 1.504176 -0.266039
v -0.550451 1.514106 -0.266043
v -0.539126 1.523129 -0.267472
v -0.527268 1.531101 -0.270305
v -0.515063 1.537897 -0.274496
v -0.502705 1.543410 -0.279980
v -0.490387 1.547553 -0.286670
v -0.478304 1.550261 -0.294460
v -0.466646 1.551491 -0.303228
v -0.455599 1.551223 -0.312836
v -0.445334 1.549462 -0.323131
v -0.436016 1.546235 -0.333952
v -0.427790 1.541595 -0.345127
v -0.420786 1.535612 -0.356482
v -0.415115 1.528382 -0.367835
v -0.410866 1.520020 -0.379010
v -0.408107 1.510656 -0.389828
v -0.406880 1.500439 -0.400120
v -0.407205 1.489530 -0.409724
v -0.409077 1.478100 -0.418487
v -0.412466 1.466330 -0.426272
v -0.417319 1.454406 -0.432956
v -0.506326 1.557515 -0.539295
v -0.515463 1.548031 -0.545426
v -0.525733 1.538901 -0.550153
v -0.536975 1.530269 -0.553402
v -0.549011 1.522271 -0.555121
v -0.561651 1.515033 -0.555284
v -0.574696 1.508668 -0.553888
v -0.587941 1.503279 -0.550954
v -0.601175 1.498949 -0.546530
v -0.614191 1.495747 -0.540685
v -0.626784 1.493723 -0.533510
v -0.638754 1.492909 -0.525120
v -0.649914 1.493319 -0.515647
v -0.660086 1.494945 -0.505239
v -0.669111 1.497762 -0.494062
v -0.676846 1.501725 -0.482291
v -0.683169 1.506773 -0.470112
v -0.687981 1.512825 -0.457717
v -0.691206 1.519786 -0.445302
v -0.692792 1.527547 -0.433062
v -0.692715 1.535984 -0.421190
v -0.690976 1.544964 -0.409874
v -0.687602 1.554347 -0.399292
v -0.682647 1.563984 -0.389611
v -0.676189 1.573724 -0.380983
v -0.668329 1.583411 -0.373546
v -0.659192 1.592895 -0.367415
v -0.648922 1.602025 -0.362688
v -0.637680 1.610657 -0.359439
v -0.625644 1.618655 -0.357720
v -0.613004 1.625894 -0.357557
v -0.599958 1.632258 -0.358953
v -0.586714 1.637648 -0.361886
v -0.573479 1.641977 -0.366311
v -0.560463 1.645179 -0.372156
v -0.547871 1.647203 -0.379330
v -0.535900 1.648017 -0.387720
v -0.524741 1.647607 -0.397194
v -0.514569 1.645981 -0.407601
v -0.505544 1.643164 -0.418779
v -0.497809 1.639201 -0.430550
v -0.491485 1.634153 -0.442729
v -0.486674 1.628101 -0.455124
v -0.483449 1.621140 -0.467539
v -0.481863 1.613380 -0.479779
v -0.481940 1.604943 -0.491651
v -0.483679 1.595962 -0.502967
v -0.487053 1.586579 -0.513549
v -0.492008 1.576942 -0.523230
v -0.498466 1.567203 -0.531857
v -0.567161 1.695673 -0.618426
v -0.577403 1.688624 -0.625979
v -0.588750 1.681861 -0.632091
v -0.601021 1.675491 -0.636665
v -0.614023 1.669615 -0.639628
v -0.627552 1.664326 -0.640934
v -0.641394 1.659706 -0.640562
v -0.655330 1.655830 -0.638519
v -0.669141 1.652757 -0.634836
v -0.682608 1.650537 -0.629571
v -0.695521 1.649204 -0.622807
v -0.707675 1.648780 -0.614652
v -0.718877 1.649271 -0.605233
v -0.728953 1.650669 -0.594700
v -0.737742 1.652952 -0.583218
v -0.745106 1.656085 -0.570969
v -0.750929 1.660018 -0.558145
v -0.755120 1.664688 -0.544949
v -0.757611 1.670023 -0.531589
v -0.758364 1.675938 -0.518275
v -0.757367 1.682339 -0.505219
v -0.754636 1.689127 -0.492625
v -0.750213 1.696193 -0.480692
v -0.744169 1.703427 -0.469608
v -0.736599 1.710714 -0.459549
v -0.727621 1.717939 -0.450672
v -0.717379 1.724989 -0.443118
v -0.706032 1.731752 -0.437007
v -0.693761 1.738122 -0.432433
v -0.680759 1.743998 -0.429470
v -0.667230 1.749287 -0.428164
v -0.653389 1.753906 -0.428535
v -0.639452 1.757783 -0.430579
v -0.625642 1.760856 -0.434262
v -0.612174 1.763076 -0.439527
v -0.599261 1.764409 -0.446291
v -0.587108 1.764833 -0.454446
v -0.575905 1.764342 -0.463865
v -0.565830 1.762944 -0.474398
v -0.557040 1.760661 -0.485880
v -0.549676 1.757528 -0.498129
v -0.543853 1.753595 -0.510953
v -0.539663 1.748925 -0.524149
v -0.537171 1.743590 -0.537509
v -0.536418 1.737675 -0.550822
v -0.537415 1.731274 -0.563879
v -0.540146 1.724486 -0.576473
v -0.544569 1.717420 -0.588406
v -0.550613 1.710186 -0.599490
v -0.558184 1.702899 -0.609549
v -0.607666 1.848981 -0.674982
v -0.618587 1.844420 -0.683470
v -0.630591 1.840064 -0.690485
v -0.643487 1.835981 -0.695919
v -0.657073 1.832236 -0.699684
v -0.671134 1.828888 -0.701722
v -0.685448 1.825989 -0.702000
v -0.699790 1.823586 -0.700514
v -0.713934 1.821716 -0.697288
v -0.727656 1.820409 -0.692372
v -0.740740 1.819685 -0.685844
v -0.752980 1.819556 -0.677806
v -0.764183 1.820024 -0.668387
v -0.774171 1.821081 -0.657733
v -0.782789 1.822711 -0.646013
v -0.789898 1.824888 -0.633413
v -0.795389 1.827578 -0.620130
v -0.799173 1.830738 -0.606374
v -0.801191 1.834318 -0.592362
v -0.801412 1.838263 -0.578316
v -0.799831 1.842509 -0.564456
v -0.796475 1.846991 -0.551001
v -0.791395 1.851636 -0.538163
v -0.784672 1.856372 -0.526145
v -0.776412 1.861125 -0.515137
v -0.766745 1.865818 -0.505312
v -0.755824 1.870379 -0.496824
v -0.743821 1.874735 -0.489808
v -0.730924 1.878818 -0.484375
v -0.717339 1.882563 -0.480610
v -0.703278 1.885911 -0.478572
v -0.688963 1.888810 -0.478294
v -0.674621 1.891213 -0.479780
v -0.660478 1.893083 -0.483006
v -0.646755 1.894390 -0.487922
v -0.633671 1.895114 -0.494450
v -0.621431 1.895243 -0.502487
v -0.610229 1.894776 -0.511907
v -0.600240 1.893718 -0.522561
v -0.591623 1.892088 -0.534281
v -0.584513 1.889911 -0.546881
v -0.579023 1.887221 -0.560164
v -0.575239 1.884061 -0.573920
v -0.573220 1.880481 -0.587932
v -0.573000 1.876536 -0.601978
v -0.574580 1.872290 -0.615838
v -0.577937 1.867809 -0.629293
v -0.583016 1.863163 -0.642131
v -0.589739 1.858427 -0.654148
v -0.597999 1.853675 -0.665157
v -0.629438 2.009507 -0.708083
v -0.640707 2.007455 -0.717086
v -0.653044 2.005508 -0.724597
v -0.666256 2.003695 -0.730499
v -0.680134 2.002047 -0.734698
v -0.694460 2.000588 -0.737128
v -0.709006 1.999341 -0.737750
v -0.723545 1.998328 -0.736555
v -0.737846 1.997562 -0.733562
v -0.751685 1.997057 -0.728818
v -0.764842 1.996820 -0.722397
v -0.777110 1.996856 -0.714401
v -0.788297 1.997163 -0.704957
v -0.798224 1.997736 -0.694212
v -0.806737 1.998567 -0.682336
v -0.813700 1.999643 -0.669518
v -0.819005 2.000947 -0.655958
v -0.822566 2.002457 -0.641870
v -0.824328 2.004150 -0.627478
v -0.824264 2.006001 -0.613008
v -0.822373 2.007978 -0.598687
v -0.818687 2.010052 -0.584743
v -0.813263 2.012189 -0.571394
v -0.806187 2.014356 -0.558852
v -0.797570 2.016518 -0.547313
v -0.787548 2.018642 -0.536961
v -0.776279 2.020693 -0.527958
v -0.763942 2.022640 -0.520447
v -0.750730 2.024453 -0.514545
v -0.736852 2.026101 -0.510346
v -0.722526 2.027560 -0.507916
v -0.707980 2.028807 -0.507294
v -0.693441 2.029820 -0.508489
v -0.679140 2.030586 -0.511482
v -0.665301 2.031091 -0.516226
v -0.652144 2.031328 -0.522647
v -0.639876 2.031293 -0.530643
v -0.628689 2.030986 -0.540088
v -0.618762 2.030412 -0.550833
v -0.610249 2.029581 -0.562708
v -0.603286 2.028505 -0.575527
v -0.597982 2.027202 -0.589087
v -0.594420 2.025691 -0.603174
v -0.592658 2.023998 -0.617566
v -0.592722 2.022147 -0.632037
v -0.594613 2.020170 -0.646357
v -0.598299 2.018097 -0.660302
v -0.603723 2.015959 -0.673650
v -0.610799 2.013793 -0.686193
v -0.619416 2.011630 -0.697731
v -0.634008 2.169474 -0.716705
v -0.645344 2.170037 -0.725824
v -0.657747 2.170578 -0.733447
v -0.671021 2.171089 -0.739454
v -0.684956 2.171561 -0.743750
v -0.699333 2.171988 -0.746268
v -0.713925 2.172363 -0.746968
v -0.728502 2.172678 -0.745839
v -0.742835 2.172931 -0.742898
v -0.756696 2.173116 -0.738193
v -0.769868 2.173231 -0.731797
v -0.782143 2.173275 -0.723810
v -0.793327 2.173245 -0.714360
v -0.803243 2.173143 -0.703595
v -0.811737 2.172970 -0.691685
v -0.818672 2.172729 -0.678817
v -0.823941 2.172425 -0.665195
v -0.827460 2.172060 -0.651034
v -0.829173 2.171643 -0.636556
v -0.829053 2.171178 -0.621991
v -0.827103 2.170674 -0.607567
v -0.823354 2.170138 -0.593512
v -0.817863 2.169578 -0.580049
v -0.810718 2.169004 -0.567389
v -0.802032 2.168425 -0.555731
v -0.791942 2.167849 -0.545261
v -0.780606 2.167286 -0.536142
v -0.768203 2.166746 -0.528519
v -0.754929 2.166235 -0.522512
v -0.740994 2.165762 -0.518215
v -0.726617 2.165335 -0.515697
v -0.712025 2.164961 -0.514997
v -0.697448 2.164645 -0.516127
v -0.683115 2.164392 -0.519067
v -0.669254 2.164207 -0.523773
v -0.656082 2.164092 -0.530169
v -0.643807 2.164049 -0.538155
v -0.632623 2.164079 -0.547605
v -0.622707 2.164181 -0.558371
v -0.614213 2.164354 -0.570281
v -0.607278 2.164594 -0.583148
v -0.602009 2.164899 -0.596770
v -0.598491 2.165263 -0.610932
v -0.596777 2.165681 -0.625409
v -0.596897 2.166146 -0.639975
v -0.598847 2.166650 -0.654399
v -0.602596 2.167186 -0.668453
v -0.608087 2.167746 -0.681917
v -0.615232 2.168319 -0.694577
v -0.623918 2.168899 -0.706234
v -0.622733 2.321241 -0.699454
v -0.633832 2.324662 -0.708187
v -0.646011 2.327899 -0.715447
v -0.659080 2.330901 -0.721120
v -0.672831 2.333621 -0.725117
v -0.687048 2.336015 -0.727375
v -0.701507 2.338046 -0.727859
v -0.715979 2.339682 -0.726559
v -0.730237 2.340898 -0.723498
v -0.744056 2.341673 -0.718723
v -0.757217 2.341996 -0.712310
v -0.769513 2.341861 -0.704360
v -0.780750 2.341272 -0.694998
v -0.790751 2.340236 -0.684371
v -0.799359 2.338771 -0.672648
v -0.806437 2.336899 -0.660014
v -0.811874 2.334651 -0.646667
v -0.815584 2.332060 -0.632818
v -0.817508 2.329170 -0.618685
v -0.817617 2.326024 -0.604491
v -0.815909 2.322672 -0.590461
v -0.812410 2.319168 -0.576815
v -0.807175 2.315567 -0.563769
v -0.800288 2.311925 -0.551528
v -0.791856 2.308300 -0.540286
v -0.782014 2.304748 -0.530219
v -0.770915 2.301327 -0.521487
v -0.758735 2.298091 -0.514227
v -0.745667 2.295088 -0.508554
v -0.731916 2.292369 -0.504557
v -0.717699 2.289975 -0.502299
v -0.703240 2.287943 -0.501815
v -0.688768 2.286307 -0.503115
v -0.674510 2.285092 -0.506176
v -0.660691 2.284317 -0.510950
v -0.647530 2.283993 -0.517364
v -0.635234 2.284128 -0.525314
v -0.623997 2.284718 -0.534676
v -0.613995 2.285753 -0.545303
v -0.605388 2.287218 -0.557026
v -0.598310 2.289090 -0.569660
v -0.592873 2.291339 -0.583007
v -0.589163 2.293929 -0.596857
v -0.587238 2.296820 -0.610989
v -0.587130 2.299966 -0.625183
v -0.588838 2.303317 -0.639213
v -0.592337 2.306821 -0.652859
v -0.597572 2.310422 -0.665905
v -0.604459 2.314065 -0.678146
v -0.612891 2.317690 -0.689388
v -0.596677 2.456918 -0.654257
v -0.607120 2.463501 -0.661817
v -0.618687 2.469696 -0.667983
v -0.631196 2.475405 -0.672657
v -0.644450 2.480540 -0.675766
v -0.658239 2.485017 -0.677260
v -0.672347 2.488767 -0.677117
v -0.686549 2.491730 -0.675337
v -0.700624 2.493861 -0.671950
v -0.714348 2.495124 -0.667008
v -0.727506 2.495502 -0.660590
v -0.739889 2.494986 -0.652797
v -0.751303 2.493587 -0.643752
v -0.761567 2.491324 -0.633597
v -0.770519 2.488235 -0.622492
v -0.778020 2.484368 -0.610613
v -0.783949 2.479784 -0.598148
v -0.788213 2.474556 -0.585292
v -0.790747 2.468765 -0.572248
v -0.791508 2.462503 -0.559222
v -0.790486 2.455869 -0.546420
v -0.787696 2.448968 -0.534043
v -0.783183 2.441908 -0.522287
v -0.777018 2.434800 -0.511336
v -0.769297 2.427757 -0.501365
v -0.760143 2.420890 -0.492529
v -0.749700 2.414307 -0.484968
v -0.738133 2.408112 -0.478802
v -0.725624 2.402402 -0.474128
v -0.712370 2.397269 -0.471019
v -0.698581 2.392792 -0.469525
v -0.684474 2.389041 -0.469669
v -0.670271 2.386078 -0.471448
v -0.656196 2.383947 -0.474836
v -0.642472 2.382683 -0.479777
v -0.629315 2.382306 -0.486195
v -0.616931 2.382822 -0.493989
v -0.605518 2.384222 -0.503034
v -0.595254 2.386484 -0.513189
v -0.586301 2.389573 -0.524293
v -0.578801 2.393440 -0.536172
v -0.572872 2.398024 -0.548638
v -0.568607 2.403252 -0.561494
v -0.566074 2.409043 -0.574538
v -0.565312 2.415305 -0.587564
v -0.566335 2.421939 -0.600366
v -0.569124 2.428840 -0.612743
v -0.573637 2.435900 -0.624499
v -0.579803 2.443008 -0.635449
v -0.587523 2.450051 -0.645421
v -0.558583 2.564680 -0.582207
v -0.567814 2.574441 -0.587425
v -0.578255 2.583589 -0.591416
v -0.589742 2.591982 -0.594116
v -0.602095 2.599487 -0.595484
v -0.615117 2.605984 -0.595498
v -0.628605 2.611373 -0.594158
v -0.642344 2.615567 -0.591485
v -0.656120 2.618500 -0.587522
v -0.669714 2.620126 -0.582331
v -0.682913 2.620419 -0.575994
v -0.695507 2.619376 -0.568611
v -0.707299 2.617011 -0.560298
v -0.718102 2.613363 -0.551187
v -0.727746 2.608490 -0.541421
v -0.736078 2.602467 -0.531153
v -0.742968 2.595391 -0.520546
v -0.748306 2.587373 -0.509766
v -0.752009 2.578539 -0.498983
v -0.754017 2.569030 -0.488367
v -0.754299 2.558994 -0.478086
v -0.752850 2.548592 -0.468301
v -0.749693 2.537985 -0.459167
v -0.744879 2.527343 -0.450827
v -0.738482 2.516832 -0.443413
v -0.730605 2.506618 -0.437042
v -0.721370 2.496864 -0.431816
v -0.710925 2.487720 -0.427815
v -0.699433 2.479333 -0.425104
v -0.687076 2.471834 -0.423727
v -0.674050 2.465341 -0.423703
v -0.660559 2.459958 -0.425036
v -0.646816 2.455767 -0.427702
v -0.633039 2.452836 -0.431662
v -0.619444 2.451211 -0.436851
v -0.606246 2.450916 -0.443190
v -0.593654 2.451958 -0.450576
v -0.581865 2.454319 -0.458895
v -0.571065 2.457963 -0.468014
v -0.561425 2.462831 -0.477790
v -0.553097 2.468848 -0.488068
v -0.546212 2.475919 -0.498685
v -0.540878 2.483932 -0.509475
v -0.537180 2.492760 -0.520267
v -0.535175 2.502266 -0.530889
v -0.534895 2.512298 -0.541175
v -0.536345 2.522700 -0.550963
v -0.539502 2.533306 -0.560098
v -0.544315 2.543950 -0.568435
v -0.550709 2.554463 -0.575844
v -0.523862 2.624809 -0.509084
v -0.537374 2.634988 -0.458125
v -0.518394 2.639853 -0.478747
v -0.531607 2.636678 -0.511431
v -0.542447 2.643342 -0.459313
v -0.525268 2.651184 -0.480353
v -0.548418 2.651151 -0.459850
v -0.540649 2.647779 -0.512773
v -0.533359 2.661778 -0.481074
v -0.555194 2.658293 -0.459727
v -0.550846 2.657938 -0.513088
v -0.542542 2.671467 -0.480901
v -0.562668 2.664655 -0.458947
v -0.562039 2.666992 -0.512374
v -0.552670 2.680097 -0.479836
v -0.574051 2.674798 -0.510642
v -0.570722 2.670136 -0.457520
v -0.563585 2.687532 -0.477896
v -0.579228 2.674649 -0.455471
v -0.586692 2.681233 -0.507920
v -0.575114 2.693656 -0.475113
v -0.588053 2.678124 -0.452832
v -0.599765 2.686196 -0.504252
v -0.587076 2.698370 -0.471530
v -0.597058 2.680506 -0.449643
v -0.613062 2.689606 -0.499697
v -0.599282 2.701601 -0.467205
v -0.626375 2.691411 -0.494326
v -0.606100 2.681756 -0.445956
v -0.611541 2.703297 -0.462206
v -0.615038 2.681856 -0.441829
v -0.639494 2.691582 -0.488225
v -0.623658 2.703431 -0.456611
v -0.623729 2.680803 -0.437326
v -0.652211 2.690116 -0.481489
v -0.635442 2.702003 -0.450510
v -0.632038 2.678615 -0.432519
v -0.664326 2.687037 -0.474225
v -0.646708 2.699033 -0.443997
v -0.675648 2.682394 -0.466546
v -0.639833 2.675326 -0.427484
v -0.657278 2.694570 -0.437176
v -0.646990 2.670988 -0.422300
v -0.685997 2.676259 -0.458573
v -0.666985 2.688683 -0.430154
v -0.653398 2.665669 -0.417047
v -0.695211 2.668730 -0.450431
v -0.675675 2.681466 -0.423040
v -0.658955 2.659453 -0.411810
v -0.703143 2.659927 -0.442248
v -0.683212 2.673033 -0.415947
v -0.709667 2.649990 -0.434150
v -0.663573 2.652439 -0.406671
v -0.689477 2.663518 -0.408986
v -0.667179 2.644737 -0.401711
v -0.714682 2.639074 -0.426266
v -0.694369 2.653070 -0.402267
v -0.669717 2.636468 -0.397007
v -0.718106 2.627354 -0.418718
v -0.697812 2.641855 -0.395895
v -0.671146 2.627763 -0.392634
v -0.719886 2.615014 -0.411624
v -0.699752 2.630049 -0.389969
v -0.719993 2.602249 -0.405097
v -0.671445 2.618760 -0.388661
v -0.700158 2.617840 -0.384583
v -0.670607 2.609599 -0.385150
v -0.718426 2.589261 -0.399239
v -0.699022 2.605419 -0.379823
v -0.668647 2.600427 -0.382157
v -0.715209 2.576255 -0.394141
v -0.696364 2.592983 -0.375762
v -0.665595 2.591387 -0.379729
v -0.710393 2.563435 -0.389885
v -0.692225 2.580728 -0.372465
v -0.704054 2.551003 -0.386538
v -0.661499 2.582622 -0.377905
v -0.686671 2.568846 -0.369985
v -0.656425 2.574269 -0.376712
v -0.696293 2.539155 -0.384153
v -0.679789 2.557525 -0.368360
v -0.650452 2.566462 -0.376171
v -0.687232 2.528077 -0.382770
v -0.671687 2.546943 -0.367617
v -0.643674 2.559323 -0.376289
v -0.677015 2.517944 -0.382410
v -0.662495 2.537267 -0.367768
v -0.665803 2.508914 -0.383081
v -0.636198 2.552963 -0.377065
v -0.652357 2.528649 -0.368811
v -0.628143 2.547485 -0.378488
v -0.653774 2.501129 -0.384773
v -0.641434 2.521225 -0.370731
v -0.619635 2.542974 -0.380533
v -0.641117 2.494713 -0.387461
v -0.629897 2.515111 -0.373497
v -0.610809 2.539500 -0.383170
v -0.628033 2.489764 -0.391102
v -0.617929 2.510404 -0.377066
v -0.614728 2.486362 -0.395641
v -0.601803 2.537119 -0.386357
v -0.605719 2.507177 -0.381383
v -0.592760 2.535869 -0.390043
v -0.601413 2.484560 -0.401006
v -0.593459 2.505482 -0.386380
v -0.583823 2.535769 -0.394171
v -0.588297 2.484386 -0.407113
v -0.581343 2.505346 -0.391977
v -0.575132 2.536821 -0.398675
v -0.575587 2.485842 -0.413865
v -0.569563 2.506770 -0.398087
v -0.563483 2.488908 -0.421156
v -0.566825 2.539007 -0.403485
v -0.558302 2.509733 -0.404613
v -0.559031 2.542295 -0.408524
v -0.552177 2.493533 -0.428869
v -0.547740 2.514187 -0.411451
v -0.551876 2.546630 -0.413712
v -0.541845 2.499646 -0.436882
v -0.538043 2.520062 -0.418494
v -0.545470 2.551947 -0.418969
v -0.532651 2.507150 -0.445067
v -0.529362 2.527267 -0.425629
v -0.524739 2.515929 -0.453295
v -0.539916 2.558160 -0.424211
v -0.521835 2.535687 -0.432744
v -0.535299 2.565172 -0.429354
v -0.518233 2.525843 -0.461435
v -0.515580 2.545191 -0.439726
v -0.531695 2.572872 -0.434319
v -0.513235 2.536737 -0.469356
v -0.510696 2.555628 -0.446465
v -0.529158 2.581139 -0.439025
v -0.509824 2.548440 -0.476935
v -0.507260 2.566835 -0.452853
v -0.508054 2.560769 -0.484049
v -0.527730 2.589843 -0.443401
v -0.505325 2.578634 -0.458789
v -0.527432 2.598846 -0.447375
v -0.507951 2.573527 -0.490587
v -0.504922 2.590841 -0.464180
v -0.528270 2.608006 -0.450885
v -0.509519 2.586515 -0.496446
v -0.506057 2.603261 -0.468941
v -0.530229 2.617179 -0.453877
v -0.512731 2.599528 -0.501533
v -0.508713 2.615701 -0.472996
v -0.533280 2.626221 -0.456303
v -0.517537 2.612360 -0.505767
v -0.512847 2.627962 -0.476282
v 0.756078 0.001612 0.814502
v 0.776648 0.029869 0.788138
v 0.770306 0.004719 0.796094
v 0.774694 0.011951 0.790483
v 0.747500 0.002524 0.808719
v 0.764590 0.030826 0.780007
v 0.759314 0.005887 0.788683
v 0.762960 0.013198 0.782572
v 0.738261 0.003407 0.804061
v 0.751602 0.031752 0.773454
v 0.747474 0.007018 0.782713
v 0.750321 0.014404 0.776198
v 0.728506 0.004247 0.800599
v 0.737891 0.032633 0.768583
v 0.734973 0.008094 0.778276
v 0.736978 0.015551 0.771461
v 0.718389 0.005031 0.798388
v 0.723673 0.033454 0.765469
v 0.722009 0.009098 0.775443
v 0.723139 0.016621 0.768435
v 0.708070 0.005746 0.797465
v 0.709170 0.034202 0.764164
v 0.708785 0.010014 0.774259
v 0.709025 0.017597 0.767169
v 0.697712 0.006381 0.797842
v 0.694613 0.034866 0.764687
v 0.695511 0.010828 0.774742
v 0.694856 0.018464 0.767683
v 0.687477 0.006927 0.799515
v 0.680230 0.035436 0.767031
v 0.682396 0.011526 0.776884
v 0.680857 0.019208 0.769968
v 0.677528 0.007374 0.802456
v 0.666249 0.035903 0.771157
v 0.669646 0.012099 0.780653
v 0.667248 0.019817 0.773989
v 0.668020 0.007716 0.806620
v 0.652891 0.036260 0.777002
v 0.657463 0.012536 0.785988
v 0.654244 0.020283 0.779682
v 0.659104 0.007947 0.811940
v 0.640365 0.036501 0.784472
v 0.646038 0.012832 0.792805
v 0.642050 0.020598 0.786957
v 0.650922 0.008063 0.818334
v 0.628870 0.036622 0.793451
v 0.635553 0.012980 0.800998
v 0.630859 0.020756 0.795701
v 0.643601 0.008063 0.825698
v 0.618586 0.036622 0.803797
v 0.626172 0.012980 0.810435
v 0.620847 0.020756 0.805773
v 0.637257 0.007946 0.833920
v 0.609676 0.036501 0.815346
v 0.618044 0.012832 0.820970
v 0.612172 0.020598 0.817017
v 0.631990 0.007716 0.842867
v 0.602281 0.036260 0.827917
v 0.611295 0.012536 0.832435
v 0.604970 0.020283 0.829254
v 0.627884 0.007374 0.852399
v 0.596517 0.035903 0.841311
v 0.606034 0.012099 0.844650
v 0.599356 0.019817 0.842292
v 0.625003 0.006927 0.862366
v 0.592475 0.035436 0.855316
v 0.602342 0.011526 0.857423
v 0.595417 0.019208 0.855925
v 0.623392 0.006381 0.872611
v 0.590219 0.034866 0.869713
v 0.600279 0.010828 0.870551
v 0.593217 0.018464 0.869938
v 0.623077 0.005746 0.882972
v 0.589784 0.034202 0.884273
v 0.599876 0.010014 0.883827
v 0.592788 0.017597 0.884109
v 0.624063 0.005031 0.893285
v 0.591177 0.033454 0.898767
v 0.601140 0.009098 0.897043
v 0.594139 0.016621 0.898216
v 0.626335 0.004247 0.903388
v 0.594375 0.032633 0.912967
v 0.604051 0.008094 0.909990
v 0.597248 0.015551 0.912036
v 0.629855 0.003407 0.913122
v 0.599329 0.031752 0.926649
v 0.608563 0.007018 0.922464
v 0.602066 0.014404 0.925351
v 0.634570 0.002524 0.922333
v 0.605961 0.030826 0.939596
v 0.614606 0.005887 0.934268
v 0.608516 0.013198 0.937951
v 0.640404 0.001612 0.930876
v 0.614165 0.029869 0.951605
v 0.622082 0.004719 0.945215
v 0.616498 0.011951 0.949637
v 0.647266 0.000685 0.938616
v 0.623813 0.028895 0.962486
v 0.630876 0.003531 0.955134
v 0.625885 0.010684 0.960224
v 0.655047 -0.000242 0.945431
v 0.634751 0.027920 0.972067
v 0.640847 0.002344 0.963867
v 0.636529 0.009416 0.969547
v 0.663625 -0.001154 0.951213
v 0.646809 0.026960 0.980198
v 0.651839 0.001175 0.971277
v 0.648262 0.008167 0.977457
v 0.672864 -0.002037 0.955872
v 0.659795 0.026030 0.986750
v 0.663679 0.000043 0.977248
v 0.660900 0.006958 0.983831
v 0.682619 -0.002877 0.959334
v 0.673505 0.025144 0.991620
v 0.676179 -0.001035 0.981684
v 0.674242 0.005807 0.988567
v 0.692736 -0.003661 0.961544
v 0.687722 0.024317 0.994732
v 0.689143 -0.002040 0.984517
v 0.688080 0.004732 0.991592
v 0.703055 -0.004377 0.962468
v 0.702223 0.023561 0.996036
v 0.702366 -0.002958 0.985701
v 0.702193 0.003752 0.992857
v 0.713413 -0.005013 0.962090
v 0.716779 0.022890 0.995511
v 0.715639 -0.003773 0.985217
v 0.716361 0.002880 0.992342
v 0.723648 -0.005558 0.960417
v 0.731160 0.022313 0.993166
v 0.728755 -0.004473 0.983074
v 0.730359 0.002131 0.990055
v 0.733597 -0.006006 0.957476
v 0.745139 0.021840 0.989038
v 0.741504 -0.005047 0.979305
v 0.743967 0.001517 0.986033
v 0.743105 -0.006348 0.953312
v 0.758497 0.021478 0.983192
v 0.753687 -0.005485 0.973970
v 0.756970 0.001048 0.980340
v 0.752020 -0.006579 0.947992
v 0.771022 0.021234 0.975720
v 0.765111 -0.005782 0.967153
v 0.769163 0.000731 0.973064
v 0.760203 -0.006695 0.941599
v 0.782517 0.021111 0.966741
v 0.775597 -0.005931 0.958960
v 0.780354 0.000572 0.964320
v 0.767524 -0.006695 0.934233
v 0.792800 0.021111 0.956395
v 0.784977 -0.005931 0.949523
v 0.790366 0.000572 0.954247
v 0.773868 -0.006579 0.926012
v 0.801710 0.021234 0.944846
v 0.793107 -0.005782 0.938988
v 0.799042 0.000731 0.943004
v 0.779134 -0.006348 0.917065
v 0.809106 0.021478 0.932277
v 0.799855 -0.005485 0.927523
v 0.806244 0.001048 0.930767
v 0.783240 -0.006006 0.907533
v 0.814871 0.021840 0.918884
v 0.805116 -0.005047 0.915308
v 0.811859 0.001517 0.917730
v 0.786121 -0.005558 0.897565
v 0.818914 0.022313 0.904880
v 0.808808 -0.004473 0.902536
v 0.815799 0.002131 0.904098
v 0.787732 -0.005013 0.887321
v 0.821172 0.022890 0.890485
v 0.810872 -0.003773 0.889409
v 0.818000 0.002880 0.890087
v 0.788047 -0.004377 0.876960
v 0.821609 0.023561 0.875927
v 0.811275 -0.002958 0.876132
v 0.818430 0.003752 0.875916
v 0.787061 -0.003661 0.866647
v 0.820218 0.024317 0.861434
v 0.810012 -0.002040 0.862916
v 0.817080 0.004732 0.861810
v 0.784790 -0.002877 0.856544
v 0.817021 0.025144 0.847235
v 0.807101 -0.001035 0.849969
v 0.813972 0.005807 0.847991
v 0.781269 -0.002037 0.846811
v 0.812068 0.026030 0.833555
v 0.802589 0.000043 0.837497
v 0.809155 0.006958 0.834678
v 0.776555 -0.001154 0.837599
v 0.805437 0.026960 0.820609
v 0.796547 0.001175 0.825693
v 0.802705 0.008167 0.822078
v 0.770721 -0.000242 0.829057
v 0.797234 0.027920 0.808601
v 0.789070 0.002344 0.814746
v 0.794725 0.009416 0.810393
v 0.787586 0.028895 0.797720
v 0.763859 0.000685 0.821317
v 0.785338 0.010684 0.799805
v 0.780277 0.003531 0.804827
v -0.598692 2.609882 -0.416487
v 0.705563 0.000036 0.879968
vn -0.6116 -0.0119 0.7911
vn -0.5075 -0.0202 0.8614
vn -0.3954 -0.0284 0.9181
vn -0.2770 -0.0363 0.9602
vn -0.1543 -0.0439 0.9870
vn -0.0293 -0.0508 0.9983
vn 0.0962 -0.0571 0.9937
vn 0.2200 -0.0626 0.9735
vn 0.3403 -0.0671 0.9379
vn 0.4552 -0.0706 0.8876
vn 0.5629 -0.0730 0.8233
vn 0.6617 -0.0742 0.7461
vn 0.7501 -0.0742 0.6572
vn 0.8267 -0.0730 0.5579
vn 0.8903 -0.0706 0.4498
vn 0.9399 -0.0671 0.3347
vn 0.9748 -0.0626 0.2141
vn 0.9943 -0.0571 0.0902
vn 0.9981 -0.0508 -0.0353
vn 0.9861 -0.0439 -0.1603
vn 0.9585 -0.0363 -0.2828
vn 0.9157 -0.0284 -0.4009
vn 0.8583 -0.0202 -0.5127
vn 0.7873 -0.0119 -0.6164
vn 0.7039 -0.0036 -0.7103
vn 0.6093 0.0046 -0.7930
vn 0.5050 0.0124 -0.8630
vn 0.3928 0.0200 -0.9194
vn 0.2745 0.0270 -0.9612
vn 0.1519 0.0335 -0.9878
vn 0.0270 0.0394 -0.9989
vn -0.0983 0.0445 -0.9942
vn -0.2219 0.0489 -0.9738
vn -0.3419 0.0525 -0.9383
vn -0.4566 0.0552 -0.8880
vn -0.5640 0.0570 -0.8238
vn -0.6626 0.0579 -0.7468
vn -0.7508 0.0579 -0.6580
vn -0.8272 0.0570 -0.5590
vn -0.8907 0.0552 -0.4512
vn -0.9403 0.0525 -0.3363
vn -0.9752 0.0489 -0.2160
vn -0.9947 0.0445 -0.0923
vn -0.9987 0.0394 0.0330
vn -0.9869 0.0335 0.1578
vn -0.9595 0.0270 0.2803
vn -0.9170 0.0200 0.3984
vn -0.8600 0.0125 0.5102
vn -0.7893 0.0046 0.6140
vn -0.7060 -0.0036 0.7082
vn -0.6124 -0.0177 0.7903
vn -0.5091 -0.0354 0.8600
vn -0.3978 -0.0525 0.9160
vn -0.2802 -0.0689 0.9575
vn -0.1581 -0.0843 0.9838
vn -0.0336 -0.0983 0.9946
vn 0.0914 -0.1108 0.9896
vn 0.2149 -0.1215 0.9691
vn 0.3349 -0.1303 0.9332
vn 0.4497 -0.1371 0.8826
vn 0.5573 -0.1416 0.8181
vn 0.6562 -0.1439 0.7407
vn 0.7447 -0.1439 0.6517
vn 0.8215 -0.1416 0.5524
vn 0.8853 -0.1371 0.4444
vn 0.9352 -0.1303 0.3293
vn 0.9703 -0.1215 0.2090
vn 0.9902 -0.1108 0.0854
vn 0.9944 -0.0983 -0.0396
vn 0.9828 -0.0843 -0.1641
vn 0.9558 -0.0689 -0.2859
vn 0.9136 -0.0525 -0.4033
vn 0.8569 -0.0354 -0.5143
vn 0.7866 -0.0177 -0.6172
vn 0.7039 0.0002 -0.7103
vn 0.6101 0.0181 -0.7922
vn 0.5066 0.0356 -0.8615
vn 0.3952 0.0525 -0.9171
vn 0.2775 0.0685 -0.9583
vn 0.1556 0.0834 -0.9843
vn 0.0313 0.0970 -0.9948
vn -0.0935 0.1090 -0.9896
vn -0.2167 0.1193 -0.9689
vn -0.3364 0.1277 -0.9330
vn -0.4508 0.1341 -0.8825
vn -0.5581 0.1385 -0.8181
vn -0.6567 0.1407 -0.7410
vn -0.7449 0.1407 -0.6522
vn -0.8215 0.1385 -0.5532
vn -0.8852 0.1341 -0.4455
vn -0.9350 0.1277 -0.3308
vn -0.9702 0.1193 -0.2108
vn -0.9902 0.1090 -0.0875
vn -0.9946 0.0970 0.0373
vn -0.9833 0.0834 0.1615
vn -0.9566 0.0685 0.2833
vn -0.9147 0.0525 0.4007
vn -0.8584 0.0356 0.5118
vn -0.7885 0.0181 0.6148
vn -0.7061 0.0002 0.7082
vn -0.6138 -0.0271 0.7890
vn -0.5117 -0.0542 0.8574
vn -0.4016 -0.0804 0.9123
vn -0.2852 -0.1053 0.9527
vn -0.1642 -0.1286 0.9780
vn -0.0407 -0.1498 0.9879
vn 0.0835 -0.1687 0.9821
vn 0.2063 -0.1849 0.9609
vn 0.3258 -0.1982 0.9244
vn 0.4402 -0.2083 0.8734
vn 0.5476 -0.2152 0.8086
vn 0.6464 -0.2186 0.7310
vn 0.7349 -0.2186 0.6419
vn 0.8119 -0.2152 0.5427
vn 0.8760 -0.2083 0.4349
vn 0.9264 -0.1982 0.3202
vn 0.9621 -0.1849 0.2005
vn 0.9826 -0.1687 0.0775
vn 0.9876 -0.1498 -0.0466
vn 0.9770 -0.1286 -0.1701
vn 0.9509 -0.1053 -0.2909
vn 0.9098 -0.0804 -0.4071
vn 0.8543 -0.0542 -0.5169
vn 0.7853 -0.0271 -0.6185
vn 0.7039 0.0003 -0.7103
vn 0.6113 0.0278 -0.7909
vn 0.5092 0.0548 -0.8589
vn 0.3990 0.0809 -0.9134
vn 0.2826 0.1058 -0.9534
vn 0.1617 0.1289 -0.9784
vn 0.0384 0.1500 -0.9879
vn -0.0855 0.1688 -0.9819
vn -0.2079 0.1848 -0.9605
vn -0.3271 0.1980 -0.9240
vn -0.4411 0.2081 -0.8730
vn -0.5481 0.2148 -0.8083
vn -0.6466 0.2183 -0.7310
vn -0.7349 0.2183 -0.6421
vn -0.8116 0.2148 -0.5433
vn -0.8757 0.2081 -0.4358
vn -0.9260 0.1980 -0.3215
vn -0.9618 0.1848 -0.2021
vn -0.9824 0.1688 -0.0795
vn -0.9877 0.1500 0.0444
vn -0.9774 0.1289 0.1676
vn -0.9517 0.1058 0.2883
vn -0.9110 0.0809 0.4045
vn -0.8558 0.0548 0.5144
vn -0.7872 0.0278 0.6161
vn -0.7061 0.0003 0.7082
vn -0.6157 -0.0370 0.7871
vn -0.5156 -0.0738 0.8536
vn -0.4073 -0.1096 0.9067
vn -0.2925 -0.1435 0.9454
vn -0.1731 -0.1752 0.9692
vn -0.0510 -0.2041 0.9776
vn 0.0718 -0.2298 0.9706
vn 0.1936 -0.2518 0.9482
vn 0.3122 -0.2699 0.9109
vn 0.4259 -0.2837 0.8592
vn 0.5328 -0.2930 0.7939
vn 0.6313 -0.2977 0.7161
vn 0.7199 -0.2977 0.6270
vn 0.7971 -0.2930 0.5280
vn 0.8617 -0.2837 0.4207
vn 0.9127 -0.2699 0.3067
vn 0.9494 -0.2518 0.1878
vn 0.9710 -0.2298 0.0660
vn 0.9773 -0.2041 -0.0569
vn 0.9681 -0.1752 -0.1790
vn 0.9436 -0.1435 -0.2982
vn 0.9042 -0.1096 -0.4127
vn 0.8505 -0.0738 -0.5207
vn 0.7834 -0.0370 -0.6205
vn 0.7038 0.0005 -0.7104
vn 0.6131 0.0380 -0.7891
vn 0.5128 0.0749 -0.8552
vn 0.4044 0.1105 -0.9079
vn 0.2897 0.1444 -0.9461
vn 0.1705 0.1761 -0.9695
vn 0.0486 0.2049 -0.9776
vn -0.0739 0.2305 -0.9703
vn -0.1952 0.2525 -0.9477
vn -0.3134 0.2705 -0.9103
vn -0.4267 0.2842 -0.8586
vn -0.5332 0.2935 -0.7934
vn -0.6314 0.2982 -0.7158
vn -0.7196 0.2982 -0.6270
vn -0.7966 0.2935 -0.5284
vn -0.8611 0.2842 -0.4215
vn -0.9121 0.2705 -0.3079
vn -0.9489 0.2525 -0.1895
vn -0.9707 0.2305 -0.0680
vn -0.9773 0.2049 0.0545
vn -0.9685 0.1761 0.1763
vn -0.9444 0.1444 0.2954
vn -0.9054 0.1105 0.4099
vn -0.8521 0.0748 0.5180
vn -0.7853 0.0380 0.6179
vn -0.7061 0.0005 0.7081
vn -0.6187 -0.0478 0.7841
vn -0.5214 -0.0956 0.8480
vn -0.4157 -0.1419 0.8983
vn -0.3035 -0.1859 0.9345
vn -0.1865 -0.2269 0.9559
vn -0.0666 -0.2643 0.9621
vn 0.0544 -0.2976 0.9531
vn 0.1744 -0.3261 0.9291
vn 0.2917 -0.3494 0.8904
vn 0.4043 -0.3673 0.8376
vn 0.5105 -0.3793 0.7717
vn 0.6087 -0.3854 0.6935
vn 0.6972 -0.3854 0.6045
vn 0.7747 -0.3793 0.5059
vn 0.8401 -0.3673 0.3992
vn 0.8921 -0.3494 0.2863
vn 0.9301 -0.3261 0.1688
vn 0.9535 -0.2976 0.0486
vn 0.9617 -0.2643 -0.0724
vn 0.9547 -0.2269 -0.1923
vn 0.9327 -0.1859 -0.3092
vn 0.8958 -0.1419 -0.4212
vn 0.8448 -0.0956 -0.5265
vn 0.7804 -0.0478 -0.6235
vn 0.7036 0.0008 -0.7106
vn 0.6158 0.0494 -0.7864
vn 0.5182 0.0972 -0.8497
vn 0.4125 0.1434 -0.8996
vn 0.3004 0.1874 -0.9352
vn 0.1836 0.2284 -0.9561
vn 0.0639 0.2658 -0.9619
vn -0.0566 0.2989 -0.9526
vn -0.1762 0.3274 -0.9283
vn -0.2929 0.3507 -0.8895
vn -0.4051 0.3685 -0.8367
vn -0.5108 0.3806 -0.7709
vn -0.6085 0.3866 -0.6930
vn -0.6967 0.3866 -0.6043
vn -0.7740 0.3806 -0.5061
vn -0.8392 0.3685 -0.4000
vn -0.8912 0.3507 -0.2876
vn -0.9294 0.3274 -0.1706
vn -0.9529 0.2989 -0.0509
vn -0.9615 0.2658 0.0697
vn -0.9550 0.2284 0.1893
vn -0.9334 0.1874 0.3060
vn -0.8971 0.1434 0.4179
vn -0.8466 0.0972 0.5233
vn -0.7826 0.0494 0.6205
vn -0.7063 0.0008 0.7079
vn -0.6233 -0.0601 0.7797
vn -0.5302 -0.1205 0.8393
vn -0.4286 -0.1789 0.8856
vn -0.3203 -0.2344 0.9179
vn -0.2069 -0.2861 0.9356
vn -0.0903 -0.3333 0.9385
vn 0.0277 -0.3752 0.9265
vn 0.1453 -0.4111 0.8999
vn 0.2604 -0.4405 0.8591
vn 0.3714 -0.4630 0.8048
vn 0.4765 -0.4782 0.7378
vn 0.5741 -0.4858 0.6591
vn 0.6626 -0.4858 0.5701
vn 0.7406 -0.4782 0.4721
vn 0.8070 -0.4630 0.3666
vn 0.8607 -0.4405 0.2552
vn 0.9008 -0.4111 0.1398
vn 0.9267 -0.3752 0.0222
vn 0.9379 -0.3333 -0.0959
vn 0.9343 -0.2861 -0.2125
vn 0.9159 -0.2344 -0.3258
vn 0.8830 -0.1789 -0.4340
vn 0.8361 -0.1205 -0.5352
vn 0.7759 -0.0601 -0.6280
vn 0.7034 0.0012 -0.7108
vn 0.6199 0.0625 -0.7822
vn 0.5265 0.1229 -0.8412
vn 0.4249 0.1812 -0.8869
vn 0.3167 0.2367 -0.9185
vn 0.2035 0.2884 -0.9356
vn 0.0873 0.3355 -0.9380
vn -0.0302 0.3774 -0.9256
vn -0.1471 0.4133 -0.8987
vn -0.2616 0.4426 -0.8577
vn -0.3720 0.4650 -0.8033
vn -0.4765 0.4802 -0.7365
vn -0.5735 0.4878 -0.6581
vn -0.6616 0.4878 -0.5695
vn -0.7393 0.4802 -0.4720
vn -0.8056 0.4650 -0.3671
vn -0.8593 0.4426 -0.2564
vn -0.8995 0.4132 -0.1417
vn -0.9257 0.3774 -0.0246
vn -0.9374 0.3355 0.0930
vn -0.9344 0.2884 0.2092
vn -0.9166 0.2367 0.3222
vn -0.8843 0.1812 0.4302
vn -0.8381 0.1228 0.5316
vn -0.7785 0.0625 0.6246
vn -0.7065 0.0012 0.7077
vn -0.6301 -0.0741 0.7730
vn -0.5435 -0.1487 0.8261
vn -0.4482 -0.2210 0.8662
vn -0.3458 -0.2897 0.8924
vn -0.2380 -0.3537 0.9046
vn -0.1264 -0.4121 0.9023
vn -0.0129 -0.4638 0.8858
vn 0.1007 -0.5082 0.8553
vn 0.2127 -0.5445 0.8113
vn 0.3212 -0.5722 0.7546
vn 0.4246 -0.5909 0.6859
vn 0.5212 -0.6004 0.6065
vn 0.6097 -0.6004 0.5176
vn 0.6885 -0.5909 0.4204
vn 0.7565 -0.5722 0.3166
vn 0.8126 -0.5445 0.2078
vn 0.8559 -0.5082 0.0956
vn 0.8857 -0.4638 -0.0183
vn 0.9016 -0.4121 -0.1318
vn 0.9031 -0.3537 -0.2434
vn 0.8903 -0.2897 -0.3512
vn 0.8634 -0.2210 -0.4534
vn 0.8228 -0.1488 -0.5485
vn 0.7691 -0.0741 -0.6348
vn 0.7032 0.0018 -0.7109
vn 0.6262 0.0777 -0.7758
vn 0.5393 0.1524 -0.8282
vn 0.4440 0.2246 -0.8674
vn 0.3417 0.2932 -0.8929
vn 0.2342 0.3571 -0.9042
vn 0.1232 0.4153 -0.9013
vn 0.0103 0.4669 -0.8842
vn -0.1026 0.5112 -0.8533
vn -0.2137 0.5474 -0.8091
vn -0.3214 0.5750 -0.7523
vn -0.4241 0.5937 -0.6839
vn -0.5201 0.6031 -0.6048
vn -0.6080 0.6031 -0.5164
vn -0.6864 0.5937 -0.4199
vn -0.7543 0.5750 -0.3169
vn -0.8104 0.5474 -0.2088
vn -0.8539 0.5112 -0.0974
vn -0.8842 0.4669 0.0156
vn -0.9006 0.4153 0.1286
vn -0.9028 0.3571 0.2397
vn -0.8908 0.2932 0.3471
vn -0.8647 0.2246 0.4492
vn -0.8249 0.1524 0.5443
vn -0.7720 0.0777 0.6309
vn -0.7067 0.0018 0.7075
vn -0.6402 -0.0891 0.7630
vn -0.5634 -0.1795 0.8065
vn -0.4775 -0.2669 0.8371
vn -0.3841 -0.3500 0.8544
vn -0.2846 -0.4274 0.8581
vn -0.1806 -0.4980 0.8482
vn -0.0739 -0.5605 0.8248
vn 0.0339 -0.6141 0.7885
vn 0.1410 -0.6580 0.7397
vn 0.2458 -0.6914 0.6794
vn 0.3467 -0.7140 0.6083
vn 0.4420 -0.7254 0.5277
vn 0.5304 -0.7254 0.4388
vn 0.6104 -0.7140 0.3430
vn 0.6808 -0.6914 0.2417
vn 0.7406 -0.6580 0.1365
vn 0.7887 -0.6141 0.0291
vn 0.8244 -0.5605 -0.0789
vn 0.8471 -0.4980 -0.1857
vn 0.8564 -0.4274 -0.2897
vn 0.8521 -0.3500 -0.3892
vn 0.8342 -0.2669 -0.4826
vn 0.8031 -0.1795 -0.5682
vn 0.7592 -0.0891 -0.6448
vn 0.7032 0.0027 -0.7110
vn 0.6360 0.0945 -0.7659
vn 0.5588 0.1847 -0.8084
vn 0.4729 0.2719 -0.8381
vn 0.3796 0.3548 -0.8544
vn 0.2804 0.4319 -0.8572
vn 0.1771 0.5021 -0.8465
vn 0.0711 0.5643 -0.8225
vn -0.0358 0.6175 -0.7857
vn -0.1420 0.6611 -0.7367
vn -0.2458 0.6943 -0.6764
vn -0.3458 0.7167 -0.6056
vn -0.4404 0.7280 -0.5254
vn -0.5281 0.7280 -0.4372
vn -0.6076 0.7167 -0.3421
vn -0.6778 0.6943 -0.2418
vn -0.7376 0.6611 -0.1375
vn -0.7859 0.6175 -0.0311
vn -0.8221 0.5643 0.0761
vn -0.8454 0.5021 0.1822
vn -0.8555 0.4319 0.2856
vn -0.8521 0.3548 0.3847
vn -0.8352 0.2719 0.4779
vn -0.8051 0.1847 0.5637
vn -0.7620 0.0945 0.6406
vn -0.7068 0.0027 0.7074
vn -0.6542 -0.1036 0.7492
vn -0.5913 -0.2093 0.7789
vn -0.5189 -0.3116 0.7960
vn -0.4382 -0.4088 0.8005
vn -0.3507 -0.4993 0.7923
vn -0.2576 -0.5818 0.7714
vn -0.1606 -0.6549 0.7384
vn -0.0611 -0.7176 0.6938
vn 0.0391 -0.7689 0.6382
vn 0.1387 -0.8080 0.5726
vn 0.2360 -0.8344 0.4981
vn 0.3295 -0.8477 0.4158
vn 0.4178 -0.8477 0.3270
vn 0.4995 -0.8344 0.2330
vn 0.5735 -0.8080 0.1352
vn 0.6384 -0.7689 0.0353
vn 0.6934 -0.7176 -0.0653
vn 0.7374 -0.6549 -0.1650
vn 0.7699 -0.5818 -0.2623
vn 0.7902 -0.4993 -0.3555
vn 0.7979 -0.4087 -0.4431
vn 0.7929 -0.3116 -0.5237
vn 0.7753 -0.2093 -0.5959
vn 0.7453 -0.1036 -0.6587
vn 0.7034 0.0037 -0.7108
vn 0.6503 0.1109 -0.7516
vn 0.5868 0.2163 -0.7803
vn 0.5142 0.3181 -0.7965
vn 0.4336 0.4147 -0.8000
vn 0.3462 0.5046 -0.7909
vn 0.2536 0.5863 -0.7693
vn 0.1572 0.6587 -0.7358
vn 0.0586 0.7207 -0.6908
vn -0.0408 0.7713 -0.6351
vn -0.1394 0.8099 -0.5697
vn -0.2357 0.8359 -0.4956
vn -0.3283 0.8491 -0.4139
vn -0.4159 0.8491 -0.3258
vn -0.4970 0.8359 -0.2327
vn -0.5706 0.8099 -0.1359
vn -0.6354 0.7713 -0.0370
vn -0.6904 0.7207 0.0627
vn -0.7348 0.6587 0.1617
vn -0.7678 0.5863 0.2582
vn -0.7888 0.5046 0.3510
vn -0.7974 0.4147 0.4384
vn -0.7934 0.3181 0.5190
vn -0.7767 0.2163 0.5915
vn -0.7476 0.1109 0.6548
vn -0.7066 0.0037 0.7076
vn -0.6718 -0.1150 0.7318
vn -0.6268 -0.2325 0.7437
vn -0.5719 -0.3464 0.7436
vn -0.5079 -0.4546 0.7317
vn -0.4359 -0.5556 0.7081
vn -0.3570 -0.6476 0.6732
vn -0.2726 -0.7292 0.6276
vn -0.1840 -0.7992 0.5722
vn -0.0926 -0.8565 0.5078
vn 0.0002 -0.9002 0.4354
vn 0.0929 -0.9298 0.3562
vn 0.1842 -0.9446 0.2716
vn 0.2726 -0.9446 0.1826
vn 0.3567 -0.9298 0.0908
vn 0.4353 -0.9003 -0.0024
vn 0.5071 -0.8566 -0.0957
vn 0.5710 -0.7993 -0.1875
vn 0.6259 -0.7293 -0.2765
vn 0.6710 -0.6476 -0.3611
vn 0.7054 -0.5556 -0.4402
vn 0.7286 -0.4546 -0.5123
vn 0.7401 -0.3464 -0.5764
vn 0.7399 -0.2325 -0.6313
vn 0.7277 -0.1149 -0.6762
vn 0.7039 0.0045 -0.7103
vn 0.6688 0.1237 -0.7331
vn 0.6231 0.2408 -0.7442
vn 0.5675 0.3539 -0.7434
vn 0.5029 0.4612 -0.7310
vn 0.4306 0.5611 -0.7070
vn 0.3516 0.6518 -0.6719
vn 0.2672 0.7322 -0.6264
vn 0.1788 0.8010 -0.5713
vn 0.0878 0.8573 -0.5073
vn -0.0044 0.9001 -0.4356
vn -0.0964 0.9290 -0.3572
vn -0.1869 0.9436 -0.2734
vn -0.2744 0.9436 -0.1853
vn -0.3577 0.9290 -0.0943
vn -0.4356 0.9001 -0.0018
vn -0.5068 0.8573 0.0908
vn -0.5702 0.8011 0.1822
vn -0.6248 0.7322 0.2709
vn -0.6698 0.6519 0.3555
vn -0.7044 0.5611 0.4348
vn -0.7280 0.4612 0.5073
vn -0.7400 0.3539 0.5719
vn -0.7404 0.2408 0.6276
vn -0.7290 0.1236 0.6732
vn -0.7060 0.0044 0.7082
vn -0.6901 -0.1215 0.7135
vn -0.6631 -0.2447 0.7074
vn -0.6257 -0.3639 0.6899
vn -0.5785 -0.4774 0.6614
vn -0.5221 -0.5832 0.6223
vn -0.4575 -0.6797 0.5733
vn -0.3858 -0.7653 0.5152
vn -0.3081 -0.8388 0.4489
vn -0.2255 -0.8989 0.3757
vn -0.1395 -0.9448 0.2966
vn -0.0512 -0.9757 0.2129
vn 0.0379 -0.9913 0.1260
vn 0.1264 -0.9913 0.0371
vn 0.2130 -0.9756 -0.0523
vn 0.2964 -0.9446 -0.1408
vn 0.3751 -0.8987 -0.2271
vn 0.4481 -0.8386 -0.3099
vn 0.5140 -0.7651 -0.3879
vn 0.5718 -0.6795 -0.4598
vn 0.6205 -0.5830 -0.5245
vn 0.6594 -0.4772 -0.5810
vn 0.6877 -0.3637 -0.6283
vn 0.7050 -0.2444 -0.6658
vn 0.7110 -0.1212 -0.6927
vn 0.7055 0.0038 -0.7087
vn 0.6887 0.1288 -0.7135
vn 0.6609 0.2515 -0.7071
vn 0.6226 0.3702 -0.6895
vn 0.5744 0.4828 -0.6611
vn 0.5171 0.5876 -0.6223
vn 0.4518 0.6830 -0.5739
vn 0.3795 0.7676 -0.5165
vn 0.3013 0.8400 -0.4511
vn 0.2186 0.8993 -0.3788
vn 0.1325 0.9445 -0.3006
vn 0.0445 0.9750 -0.2178
vn -0.0441 0.9903 -0.1317
vn -0.1320 0.9903 -0.0434
vn -0.2178 0.9749 0.0455
vn -0.3003 0.9444 0.1338
vn -0.3781 0.8992 0.2202
vn -0.4501 0.8399 0.3032
vn -0.5152 0.7675 0.3816
vn -0.5723 0.6829 0.4541
vn -0.6205 0.5874 0.5196
vn -0.6590 0.4826 0.5769
vn -0.6872 0.3700 0.6252
vn -0.7046 0.2513 0.6636
vn -0.7110 0.1285 0.6914
vn -0.7061 0.0036 0.7081
vn -0.7031 -0.1261 0.6998
vn -0.6837 -0.2502 0.6855
vn -0.6533 -0.3702 0.6604
vn -0.6126 -0.4842 0.6247
vn -0.5622 -0.5903 0.5792
vn -0.5029 -0.6870 0.5245
vn -0.4358 -0.7726 0.4617
vn -0.3619 -0.8459 0.3918
vn -0.2824 -0.9058 0.3157
vn -0.1986 -0.9515 0.2349
vn -0.1118 -0.9823 0.1505
vn -0.0233 -0.9977 0.0638
vn 0.0655 -0.9976 -0.0238
vn 0.1534 -0.9819 -0.1111
vn 0.2388 -0.9509 -0.1967
vn 0.3206 -0.9051 -0.2793
vn 0.3975 -0.8451 -0.3576
vn 0.4682 -0.7717 -0.4304
vn 0.5316 -0.6861 -0.4966
vn 0.5868 -0.5896 -0.5550
vn 0.6327 -0.4836 -0.6048
vn 0.6686 -0.3698 -0.6451
vn 0.6940 -0.2500 -0.6752
vn 0.7083 -0.1261 -0.6945
vn 0.7114 -0.0001 -0.7028
vn 0.7031 0.1260 -0.6999
vn 0.6835 0.2500 -0.6858
vn 0.6532 0.3699 -0.6607
vn 0.6124 0.4838 -0.6252
vn 0.5620 0.5900 -0.5797
vn 0.5028 0.6866 -0.5251
vn 0.4358 0.7723 -0.4622
vn 0.3620 0.8456 -0.3922
vn 0.2827 0.9056 -0.3161
vn 0.1991 0.9514 -0.2351
vn 0.1124 0.9822 -0.1505
vn 0.0241 0.9977 -0.0637
vn -0.0646 0.9976 0.0241
vn -0.1523 0.9820 0.1115
vn -0.2377 0.9511 0.1972
vn -0.3195 0.9053 0.2799
vn -0.3963 0.8453 0.3583
vn -0.4671 0.7720 0.4311
vn -0.5306 0.6864 0.4973
vn -0.5859 0.5899 0.5557
vn -0.6320 0.4838 0.6054
vn -0.6681 0.3699 0.6456
vn -0.6936 0.2500 0.6756
vn -0.7081 0.1260 0.6948
vn -0.7113 -0.0000 0.7029
vn -0.7069 -0.1299 0.6953
vn -0.6782 -0.2527 0.6901
vn -0.6386 -0.3713 0.6741
vn -0.5888 -0.4839 0.6474
vn -0.5296 -0.5887 0.6107
vn -0.4622 -0.6840 0.5644
vn -0.3876 -0.7683 0.5094
vn -0.3070 -0.8405 0.4464
vn -0.2218 -0.8994 0.3767
vn -0.1333 -0.9442 0.3011
vn -0.0428 -0.9744 0.2209
vn 0.0483 -0.9893 0.1374
vn 0.1385 -0.9890 0.0517
vn 0.2265 -0.9734 -0.0348
vn 0.3110 -0.9427 -0.1209
vn 0.3907 -0.8974 -0.2051
vn 0.4644 -0.8381 -0.2863
vn 0.5309 -0.7657 -0.3631
vn 0.5893 -0.6812 -0.4344
vn 0.6385 -0.5859 -0.4990
vn 0.6778 -0.4813 -0.5559
vn 0.7065 -0.3688 -0.6040
vn 0.7241 -0.2504 -0.6426
vn 0.7303 -0.1278 -0.6710
vn 0.7251 -0.0029 -0.6887
vn 0.7083 0.1220 -0.6952
vn 0.6804 0.2451 -0.6906
vn 0.6417 0.3644 -0.6748
vn 0.5930 0.4778 -0.6482
vn 0.5348 0.5835 -0.6111
vn 0.4684 0.6799 -0.5642
vn 0.3946 0.7654 -0.5083
vn 0.3147 0.8387 -0.4444
vn 0.2299 0.8987 -0.3735
vn 0.1416 0.9444 -0.2968
vn 0.0511 0.9752 -0.2155
vn -0.0402 0.9906 -0.1310
vn -0.1309 0.9904 -0.0445
vn -0.2197 0.9746 0.0427
vn -0.3050 0.9436 0.1290
vn -0.3857 0.8976 0.2134
vn -0.4604 0.8375 0.2944
vn -0.5280 0.7640 0.3708
vn -0.5873 0.6784 0.4414
vn -0.6373 0.5820 0.5051
vn -0.6772 0.4762 0.5609
vn -0.7062 0.3628 0.6080
vn -0.7240 0.2435 0.6455
vn -0.7300 0.1202 0.6728
vn -0.7243 -0.0049 0.6895
vn -0.7040 -0.1298 0.6983
vn -0.6564 -0.2461 0.7132
vn -0.5983 -0.3582 0.7167
vn -0.5308 -0.4645 0.7089
vn -0.4549 -0.5631 0.6899
vn -0.3721 -0.6527 0.6600
vn -0.2835 -0.7317 0.6199
vn -0.1908 -0.7991 0.5701
vn -0.0953 -0.8539 0.5116
vn 0.0015 -0.8954 0.4453
vn 0.0981 -0.9230 0.3722
vn 0.1930 -0.9363 0.2934
vn 0.2848 -0.9352 0.2102
vn 0.3723 -0.9198 0.1237
vn 0.4541 -0.8903 0.0353
vn 0.5289 -0.8470 -0.0538
vn 0.5956 -0.7906 -0.1422
vn 0.6533 -0.7218 -0.2285
vn 0.7009 -0.6416 -0.3115
vn 0.7377 -0.5513 -0.3898
vn 0.7630 -0.4520 -0.4622
vn 0.7763 -0.3453 -0.5274
vn 0.7774 -0.2329 -0.5843
vn 0.7661 -0.1166 -0.6321
vn 0.7426 0.0018 -0.6697
vn 0.7073 0.1203 -0.6966
vn 0.6607 0.2370 -0.7123
vn 0.6035 0.3499 -0.7165
vn 0.5368 0.4572 -0.7091
vn 0.4616 0.5571 -0.6904
vn 0.3791 0.6480 -0.6606
vn 0.2908 0.7285 -0.6203
vn 0.1979 0.7973 -0.5702
vn 0.1021 0.8534 -0.5112
vn 0.0048 0.8959 -0.4442
vn -0.0924 0.9243 -0.3703
vn -0.1882 0.9381 -0.2907
vn -0.2811 0.9372 -0.2066
vn -0.3695 0.9215 -0.1193
vn -0.4522 0.8914 -0.0301
vn -0.5279 0.8472 0.0595
vn -0.5954 0.7896 0.1483
vn -0.6536 0.7195 0.2348
vn -0.7015 0.6379 0.3178
vn -0.7383 0.5461 0.3958
vn -0.7634 0.4455 0.4677
vn -0.7763 0.3376 0.5323
vn -0.7767 0.2243 0.5886
vn -0.7647 0.1073 0.6354
vn -0.7403 -0.0113 0.6722
vn -0.6982 -0.1251 0.7049
vn -0.6324 -0.2271 0.7406
vn -0.5565 -0.3254 0.7645
vn -0.4719 -0.4183 0.7761
vn -0.3800 -0.5044 0.7754
vn -0.2823 -0.5823 0.7624
vn -0.1805 -0.6508 0.7374
vn -0.0761 -0.7091 0.7010
vn 0.0292 -0.7561 0.6538
vn 0.1338 -0.7913 0.5966
vn 0.2361 -0.8143 0.5302
vn 0.3347 -0.8247 0.4558
vn 0.4281 -0.8225 0.3745
vn 0.5149 -0.8076 0.2874
vn 0.5939 -0.7804 0.1959
vn 0.6638 -0.7411 0.1012
vn 0.7236 -0.6902 0.0048
vn 0.7723 -0.6286 -0.0918
vn 0.8091 -0.5571 -0.1873
vn 0.8333 -0.4766 -0.2800
vn 0.8445 -0.3884 -0.3687
vn 0.8424 -0.2938 -0.4516
vn 0.8269 -0.1944 -0.5277
vn 0.7982 -0.0916 -0.5954
vn 0.7566 0.0127 -0.6537
vn 0.7029 0.1170 -0.7016
vn 0.6379 0.2194 -0.7382
vn 0.5626 0.3183 -0.7630
vn 0.4783 0.4120 -0.7756
vn 0.3864 0.4990 -0.7757
vn 0.2885 0.5778 -0.7635
vn 0.1862 0.6473 -0.7391
vn 0.0810 0.7064 -0.7031
vn -0.0252 0.7543 -0.6561
vn -0.1309 0.7902 -0.5988
vn -0.2344 0.8136 -0.5321
vn -0.3341 0.8242 -0.4572
vn -0.4285 0.8219 -0.3752
vn -0.5162 0.8068 -0.2873
vn -0.5959 0.7791 -0.1949
vn -0.6662 0.7391 -0.0993
vn -0.7262 0.6875 -0.0020
vn -0.7748 0.6249 0.0955
vn -0.8112 0.5524 0.1916
vn -0.8349 0.4710 0.2849
vn -0.8452 0.3819 0.3738
vn -0.8421 0.2866 0.4568
vn -0.8255 0.1866 0.5327
vn -0.7956 0.0835 0.6000
vn -0.7530 -0.0209 0.6577
vn -0.6914 -0.1149 0.7133
vn -0.6116 -0.1975 0.7661
vn -0.5221 -0.2770 0.8066
vn -0.4245 -0.3519 0.8342
vn -0.3205 -0.4211 0.8485
vn -0.2116 -0.4836 0.8493
vn -0.0996 -0.5383 0.8369
vn 0.0136 -0.5845 0.8113
vn 0.1264 -0.6215 0.7732
vn 0.2370 -0.6488 0.7232
vn 0.3438 -0.6660 0.6620
vn 0.4451 -0.6729 0.5908
vn 0.5396 -0.6695 0.5105
vn 0.6258 -0.6558 0.4223
vn 0.7024 -0.6319 0.3276
vn 0.7682 -0.5983 0.2278
vn 0.8223 -0.5553 0.1242
vn 0.8637 -0.5037 0.0186
vn 0.8917 -0.4440 -0.0876
vn 0.9059 -0.3772 -0.1927
vn 0.9057 -0.3044 -0.2949
vn 0.8913 -0.2265 -0.3928
vn 0.8627 -0.1449 -0.4846
vn 0.8202 -0.0609 -0.5688
vn 0.7646 0.0242 -0.6441
vn 0.6967 0.1089 -0.7091
vn 0.6175 0.1919 -0.7628
vn 0.5284 0.2718 -0.8043
vn 0.4310 0.3472 -0.8329
vn 0.3267 0.4169 -0.8482
vn 0.2173 0.4799 -0.8500
vn 0.1046 0.5351 -0.8383
vn -0.0095 0.5817 -0.8133
vn -0.1234 0.6190 -0.7756
vn -0.2351 0.6466 -0.7257
vn -0.3430 0.6639 -0.6645
vn -0.4455 0.6708 -0.5929
vn -0.5409 0.6673 -0.5120
vn -0.6279 0.6533 -0.4231
vn -0.7050 0.6291 -0.3274
vn -0.7711 0.5951 -0.2266
vn -0.8251 0.5516 -0.1220
vn -0.8662 0.4994 -0.0154
vn -0.8937 0.4393 0.0917
vn -0.9070 0.3721 0.1975
vn -0.9059 0.2988 0.3003
vn -0.8903 0.2206 0.3984
vn -0.8605 0.1388 0.4902
vn -0.8169 0.0547 0.5742
vn -0.7602 -0.0303 0.6490
vn -0.6845 -0.0982 0.7224
vn -0.5953 -0.1595 0.7875
vn -0.4967 -0.2182 0.8400
vn -0.3905 -0.2734 0.8791
vn -0.2782 -0.3241 0.9042
vn -0.1619 -0.3697 0.9149
vn -0.0432 -0.4094 0.9113
vn 0.0759 -0.4427 0.8935
vn 0.1936 -0.4690 0.8617
vn 0.3081 -0.4879 0.8167
vn 0.4177 -0.4993 0.7591
vn 0.5208 -0.5030 0.6897
vn 0.6158 -0.4989 0.6098
vn 0.7013 -0.4871 0.5204
vn 0.7761 -0.4677 0.4230
vn 0.8389 -0.4411 0.3189
vn 0.8888 -0.4076 0.2097
vn 0.9249 -0.3676 0.0970
vn 0.9466 -0.3218 -0.0174
vn 0.9536 -0.2709 -0.1317
vn 0.9455 -0.2155 -0.2442
vn 0.9224 -0.1567 -0.3531
vn 0.8846 -0.0953 -0.4565
vn 0.8327 -0.0323 -0.5528
vn 0.7674 0.0313 -0.6404
vn 0.6898 0.0944 -0.7178
vn 0.6011 0.1559 -0.7838
vn 0.5029 0.2149 -0.8372
vn 0.3966 0.2704 -0.8773
vn 0.2841 0.3214 -0.9033
vn 0.1672 0.3673 -0.9150
vn 0.0478 0.4072 -0.9121
vn -0.0722 0.4406 -0.8948
vn -0.1909 0.4669 -0.8634
vn -0.3064 0.4859 -0.8185
vn -0.4171 0.4973 -0.7608
vn -0.5211 0.5008 -0.6911
vn -0.6169 0.4965 -0.6106
vn -0.7031 0.4845 -0.5206
vn -0.7782 0.4648 -0.4222
vn -0.8412 0.4379 -0.3172
vn -0.8910 0.4041 -0.2070
vn -0.9267 0.3639 -0.0934
vn -0.9479 0.3179 0.0218
vn -0.9540 0.2667 0.1368
vn -0.9450 0.2113 0.2498
vn -0.9208 0.1524 0.3590
vn -0.8820 0.0910 0.4624
vn -0.8290 0.0280 0.5585
vn -0.7628 -0.0354 0.6456
vn -0.6783 -0.0741 0.7310
vn -0.5834 -0.1137 0.8042
vn -0.4794 -0.1515 0.8644
vn -0.3680 -0.1868 0.9109
vn -0.2509 -0.2191 0.9429
vn -0.1301 -0.2480 0.9600
vn -0.0075 -0.2729 0.9620
vn 0.1150 -0.2936 0.9490
vn 0.2355 -0.3096 0.9212
vn 0.3522 -0.3208 0.8792
vn 0.4634 -0.3271 0.8236
vn 0.5673 -0.3283 0.7553
vn 0.6624 -0.3244 0.6752
vn 0.7474 -0.3154 0.5848
vn 0.8208 -0.3016 0.4851
vn 0.8815 -0.2831 0.3779
vn 0.9286 -0.2601 0.2646
vn 0.9613 -0.2330 0.1470
vn 0.9790 -0.2022 0.0269
vn 0.9813 -0.1681 -0.0938
vn 0.9681 -0.1313 -0.2133
vn 0.9396 -0.0924 -0.3296
vn 0.8961 -0.0520 -0.4408
vn 0.8383 -0.0106 -0.5452
vn 0.7670 0.0309 -0.6409
vn 0.6835 0.0720 -0.7264
vn 0.5891 0.1118 -0.8003
vn 0.4853 0.1499 -0.8614
vn 0.3738 0.1855 -0.9088
vn 0.2565 0.2181 -0.9416
vn 0.1352 0.2472 -0.9595
vn 0.0119 0.2723 -0.9621
vn -0.1114 0.2930 -0.9496
vn -0.2328 0.3091 -0.9221
vn -0.3505 0.3203 -0.8801
vn -0.4625 0.3264 -0.8243
vn -0.5673 0.3274 -0.7556
vn -0.6631 0.3233 -0.6751
vn -0.7486 0.3141 -0.5839
vn -0.8223 0.3000 -0.4835
vn -0.8832 0.2812 -0.3754
vn -0.9302 0.2579 -0.2612
vn -0.9625 0.2306 -0.1428
vn -0.9796 0.1996 -0.0220
vn -0.9812 0.1654 0.0994
vn -0.9672 0.1286 0.2192
vn -0.9377 0.0896 0.3357
vn -0.8932 0.0492 0.4469
vn -0.8345 0.0080 0.5509
vn -0.7625 -0.0333 0.6462
vn -0.6737 -0.0403 0.7379
vn -0.5759 -0.0582 0.8154
vn -0.4691 -0.0752 0.8799
vn -0.3551 -0.0909 0.9304
vn -0.2356 -0.1052 0.9661
vn -0.1127 -0.1178 0.9866
vn 0.0117 -0.1286 0.9916
vn 0.1358 -0.1373 0.9812
vn 0.2576 -0.1440 0.9555
vn 0.3753 -0.1484 0.9150
vn 0.4870 -0.1505 0.8603
vn 0.5912 -0.1503 0.7924
vn 0.6863 -0.1478 0.7122
vn 0.7707 -0.1430 0.6209
vn 0.8433 -0.1359 0.5199
vn 0.9029 -0.1268 0.4107
vn 0.9485 -0.1156 0.2949
vn 0.9793 -0.1026 0.1743
vn 0.9948 -0.0880 0.0508
vn 0.9947 -0.0719 -0.0738
vn 0.9788 -0.0546 -0.1974
vn 0.9474 -0.0364 -0.3180
vn 0.9008 -0.0175 -0.4338
vn 0.8399 0.0017 -0.5427
vn 0.7655 0.0209 -0.6430
vn 0.6789 0.0398 -0.7331
vn 0.5815 0.0581 -0.8115
vn 0.4748 0.0755 -0.8768
vn 0.3607 0.0916 -0.9282
vn 0.2410 0.1063 -0.9647
vn 0.1176 0.1193 -0.9859
vn -0.0076 0.1303 -0.9914
vn -0.1324 0.1393 -0.9814
vn -0.2551 0.1460 -0.9558
vn -0.3736 0.1504 -0.9153
vn -0.4863 0.1524 -0.8604
vn -0.5912 0.1520 -0.7921
vn -0.6869 0.1491 -0.7113
vn -0.7719 0.1440 -0.6193
vn -0.8447 0.1365 -0.5175
vn -0.9044 0.1269 -0.4074
vn -0.9498 0.1154 -0.2908
vn -0.9803 0.1020 -0.1694
vn -0.9952 0.0870 -0.0452
vn -0.9943 0.0707 0.0798
vn -0.9776 0.0532 0.2038
vn -0.9452 0.0350 0.3245
vn -0.8978 0.0162 0.4401
vn -0.8360 -0.0028 0.5487
vn -0.7609 -0.0218 0.6485
vn -0.6720 0.0067 0.7406
vn -0.5735 0.0115 0.8191
vn -0.4661 0.0160 0.8846
vn -0.3515 0.0204 0.9360
vn -0.2317 0.0244 0.9725
vn -0.1085 0.0279 0.9937
vn 0.0162 0.0311 0.9994
vn 0.1404 0.0337 0.9895
vn 0.2622 0.0358 0.9644
vn 0.3799 0.0372 0.9243
vn 0.4916 0.0381 0.8700
vn 0.5957 0.0383 0.8023
vn 0.6907 0.0380 0.7222
vn 0.7751 0.0370 0.6308
vn 0.8475 0.0354 0.5296
vn 0.9070 0.0333 0.4199
vn 0.9523 0.0307 0.3035
vn 0.9829 0.0276 0.1821
vn 0.9981 0.0241 0.0576
vn 0.9975 0.0203 -0.0682
vn 0.9811 0.0162 -0.1930
vn 0.9490 0.0119 -0.3150
vn 0.9018 0.0076 -0.4322
vn 0.8401 0.0032 -0.5425
vn 0.7649 -0.0011 -0.6442
vn 0.6774 -0.0054 -0.7356
vn 0.5792 -0.0094 -0.8151
vn 0.4718 -0.0132 -0.8816
vn 0.3571 -0.0167 -0.9339
vn 0.2368 -0.0199 -0.9714
vn 0.1129 -0.0228 -0.9933
vn -0.0125 -0.0253 -0.9996
vn -0.1376 -0.0275 -0.9901
vn -0.2603 -0.0293 -0.9651
vn -0.3789 -0.0307 -0.9249
vn -0.4915 -0.0318 -0.8703
vn -0.5963 -0.0323 -0.8021
vn -0.6919 -0.0325 -0.7213
vn -0.7767 -0.0322 -0.6291
vn -0.8494 -0.0314 -0.5269
vn -0.9088 -0.0301 -0.4162
vn -0.9539 -0.0283 -0.2988
vn -0.9840 -0.0259 -0.1765
vn -0.9984 -0.0231 -0.0512
vn -0.9970 -0.0197 0.0750
vn -0.9796 -0.0160 0.2002
vn -0.9466 -0.0119 0.3223
vn -0.8984 -0.0075 0.4392
vn -0.8358 -0.0028 0.5490
vn -0.7599 0.0019 0.6500
vn -0.6759 0.0728 0.7334
vn -0.5792 0.1024 0.8087
vn -0.4735 0.1305 0.8711
vn -0.3606 0.1564 0.9195
vn -0.2425 0.1798 0.9534
vn -0.1209 0.2003 0.9722
vn 0.0023 0.2176 0.9760
vn 0.1252 0.2315 0.9647
vn 0.2460 0.2418 0.9386
vn 0.3628 0.2482 0.8982
vn 0.4741 0.2508 0.8440
vn 0.5781 0.2495 0.7769
vn 0.6733 0.2444 0.6978
vn 0.7583 0.2354 0.6079
vn 0.8318 0.2227 0.5084
vn 0.8926 0.2066 0.4008
vn 0.9396 0.1872 0.2867
vn 0.9720 0.1648 0.1677
vn 0.9891 0.1399 0.0457
vn 0.9906 0.1128 -0.0774
vn 0.9763 0.0839 -0.1996
vn 0.9463 0.0538 -0.3189
vn 0.9010 0.0230 -0.4333
vn 0.8411 -0.0079 -0.5408
vn 0.7676 -0.0386 -0.6397
vn 0.6818 -0.0683 -0.7283
vn 0.5851 -0.0968 -0.8051
vn 0.4792 -0.1234 -0.8690
vn 0.3658 -0.1479 -0.9189
vn 0.2468 -0.1698 -0.9541
vn 0.1243 -0.1890 -0.9741
vn -0.0000 -0.2053 -0.9787
vn -0.1240 -0.2183 -0.9680
vn -0.2459 -0.2281 -0.9421
vn -0.3638 -0.2344 -0.9015
vn -0.4759 -0.2373 -0.8469
vn -0.5807 -0.2367 -0.7790
vn -0.6764 -0.2325 -0.6989
vn -0.7617 -0.2247 -0.6077
vn -0.8352 -0.2135 -0.5068
vn -0.8957 -0.1988 -0.3977
vn -0.9422 -0.1809 -0.2820
vn -0.9738 -0.1599 -0.1617
vn -0.9899 -0.1361 -0.0385
vn -0.9903 -0.1099 0.0854
vn -0.9747 -0.0816 0.2081
vn -0.9435 -0.0517 0.3274
vn -0.8971 -0.0208 0.4414
vn -0.8363 0.0106 0.5482
vn -0.7621 0.0420 0.6461
vn -0.6910 0.1600 0.7049
vn -0.5993 0.2171 0.7705
vn -0.4985 0.2707 0.8235
vn -0.3902 0.3198 0.8634
vn -0.2764 0.3637 0.8896
vn -0.1587 0.4018 0.9019
vn -0.0389 0.4335 0.9003
vn 0.0810 0.4585 0.8850
vn 0.1995 0.4763 0.8563
vn 0.3149 0.4868 0.8148
vn 0.4254 0.4898 0.7610
vn 0.5296 0.4854 0.6956
vn 0.6260 0.4735 0.6197
vn 0.7130 0.4542 0.5341
vn 0.7894 0.4280 0.4401
vn 0.8539 0.3950 0.3389
vn 0.9054 0.3557 0.2320
vn 0.9428 0.3107 0.1209
vn 0.9654 0.2607 0.0075
vn 0.9726 0.2066 -0.1067
vn 0.9641 0.1491 -0.2196
vn 0.9400 0.0893 -0.3294
vn 0.9004 0.0284 -0.4342
vn 0.8460 -0.0327 -0.5322
vn 0.7777 -0.0929 -0.6217
vn 0.6968 -0.1511 -0.7012
vn 0.6046 -0.2063 -0.7693
vn 0.5029 -0.2576 -0.8251
vn 0.3934 -0.3044 -0.8675
vn 0.2780 -0.3460 -0.8961
vn 0.1587 -0.3819 -0.9105
vn 0.0373 -0.4118 -0.9105
vn -0.0843 -0.4353 -0.8963
vn -0.2042 -0.4523 -0.8682
vn -0.3206 -0.4626 -0.8265
vn -0.4321 -0.4662 -0.7720
vn -0.5368 -0.4629 -0.7054
vn -0.6334 -0.4527 -0.6276
vn -0.7204 -0.4356 -0.5397
vn -0.7963 -0.4117 -0.4431
vn -0.8600 -0.3811 -0.3393
vn -0.9104 -0.3442 -0.2297
vn -0.9464 -0.3013 -0.1162
vn -0.9674 -0.2531 -0.0006
vn -0.9730 -0.2002 0.1151
vn -0.9628 -0.1436 0.2289
vn -0.9371 -0.0841 0.3389
vn -0.8962 -0.0230 0.4432
vn -0.8408 0.0389 0.5399
vn -0.7720 0.1002 0.6276
vn -0.7242 0.2532 0.6414
vn -0.6411 0.3354 0.6903
vn -0.5482 0.4121 0.7278
vn -0.4472 0.4820 0.7534
vn -0.3398 0.5441 0.7671
vn -0.2278 0.5976 0.7688
vn -0.1127 0.6417 0.7586
vn 0.0036 0.6759 0.7370
vn 0.1196 0.6998 0.7043
vn 0.2336 0.7131 0.6610
vn 0.3440 0.7156 0.6079
vn 0.4494 0.7074 0.5455
vn 0.5483 0.6884 0.4748
vn 0.6391 0.6590 0.3966
vn 0.7205 0.6193 0.3120
vn 0.7911 0.5700 0.2220
vn 0.8497 0.5116 0.1280
vn 0.8950 0.4449 0.0313
vn 0.9262 0.3711 -0.0666
vn 0.9425 0.2912 -0.1640
vn 0.9434 0.2066 -0.2595
vn 0.9287 0.1187 -0.3513
vn 0.8985 0.0293 -0.4379
vn 0.8534 -0.0602 -0.5177
vn 0.7941 -0.1481 -0.5895
vn 0.7217 -0.2329 -0.6518
vn 0.6376 -0.3132 -0.7038
vn 0.5434 -0.3876 -0.7447
vn 0.4407 -0.4550 -0.7738
vn 0.3314 -0.5146 -0.7908
vn 0.2174 -0.5657 -0.7954
vn 0.1006 -0.6078 -0.7877
vn -0.0174 -0.6404 -0.7678
vn -0.1346 -0.6634 -0.7361
vn -0.2495 -0.6765 -0.6929
vn -0.3604 -0.6796 -0.6389
vn -0.4659 -0.6727 -0.5748
vn -0.5643 -0.6556 -0.5017
vn -0.6544 -0.6285 -0.4204
vn -0.7347 -0.5914 -0.3323
vn -0.8040 -0.5446 -0.2388
vn -0.8610 -0.4887 -0.1413
vn -0.9046 -0.4242 -0.0414
vn -0.9341 -0.3521 0.0591
vn -0.9487 -0.2736 0.1586
vn -0.9481 -0.1898 0.2553
vn -0.9321 -0.1023 0.3474
vn -0.9010 -0.0126 0.4335
vn -0.8554 0.0776 0.5120
vn -0.7961 0.1668 0.5817
vn -0.8041 0.3515 0.4794
vn -0.5186 0.4098 -0.7504
vn -0.8525 0.4950 -0.1677
vn -0.7288 0.4471 0.5186
vn -0.5086 0.4274 -0.7475
vn -0.8057 0.5747 -0.1430
vn -0.4965 0.4440 -0.7459
vn -0.6426 0.5364 0.5472
vn -0.7489 0.6507 -0.1256
vn -0.4826 0.4594 -0.7457
vn -0.5469 0.6180 0.5648
vn -0.6829 0.7213 -0.1158
vn -0.4670 0.4731 -0.7470
vn -0.4434 0.6906 0.5714
vn -0.6087 0.7852 -0.1140
vn -0.3341 0.7530 0.5669
vn -0.4501 0.4850 -0.7498
vn -0.5278 0.8408 -0.1203
vn -0.4321 0.4949 -0.7539
vn -0.2206 0.8044 0.5517
vn -0.4417 0.8870 -0.1346
vn -0.4133 0.5025 -0.7594
vn -0.1047 0.8440 0.5260
vn -0.3520 0.9228 -0.1567
vn -0.3941 0.5077 -0.7661
vn 0.0118 0.8714 0.4904
vn -0.2604 0.9474 -0.1863
vn 0.1271 0.8863 0.4454
vn -0.3747 0.5104 -0.7740
vn -0.1688 0.9602 -0.2226
vn -0.3556 0.5106 -0.7828
vn 0.2397 0.8883 0.3917
vn -0.0789 0.9610 -0.2650
vn -0.3371 0.5082 -0.7925
vn 0.3477 0.8776 0.3301
vn 0.0075 0.9498 -0.3127
vn -0.3195 0.5033 -0.8028
vn 0.4496 0.8541 0.2615
vn 0.0886 0.9269 -0.3648
vn 0.5437 0.8182 0.1868
vn -0.3031 0.4961 -0.8137
vn 0.1630 0.8927 -0.4201
vn -0.2882 0.4866 -0.8248
vn 0.6286 0.7703 0.1072
vn 0.2291 0.8481 -0.4777
vn -0.2750 0.4750 -0.8359
vn 0.7028 0.7110 0.0237
vn 0.2859 0.7941 -0.5363
vn -0.2638 0.4615 -0.8470
vn 0.7648 0.6412 -0.0622
vn 0.3322 0.7319 -0.5949
vn 0.8135 0.5620 -0.1493
vn -0.2547 0.4465 -0.8578
vn 0.3675 0.6629 -0.6523
vn -0.2479 0.4301 -0.8681
vn 0.8479 0.4747 -0.2360
vn 0.3911 0.5885 -0.7076
vn -0.2434 0.4127 -0.8777
vn 0.8672 0.3809 -0.3208
vn 0.4030 0.5103 -0.7597
vn -0.2414 0.3946 -0.8866
vn 0.8710 0.2821 -0.4022
vn 0.4032 0.4300 -0.8078
vn 0.8592 0.1804 -0.4788
vn -0.2417 0.3761 -0.8945
vn 0.3922 0.3490 -0.8511
vn -0.2443 0.3575 -0.9014
vn 0.8321 0.0776 -0.5492
vn 0.3704 0.2689 -0.8891
vn -0.2493 0.3391 -0.9071
vn 0.7903 -0.0244 -0.6122
vn 0.3388 0.1911 -0.9212
vn -0.2563 0.3211 -0.9117
vn 0.7348 -0.1237 -0.6669
vn 0.2983 0.1167 -0.9473
vn 0.6668 -0.2186 -0.7124
vn -0.2653 0.3040 -0.9150
vn 0.2499 0.0468 -0.9671
vn -0.2762 0.2878 -0.9170
vn 0.5879 -0.3075 -0.7482
vn 0.1948 -0.0177 -0.9807
vn -0.2887 0.2729 -0.9177
vn 0.4996 -0.3891 -0.7739
vn 0.1341 -0.0761 -0.9880
vn -0.3025 0.2593 -0.9172
vn 0.4037 -0.4625 -0.7894
vn 0.0689 -0.1281 -0.9894
vn 0.3018 -0.5268 -0.7946
vn -0.3176 0.2474 -0.9154
vn 0.0003 -0.1732 -0.9849
vn -0.3337 0.2372 -0.9124
vn 0.1956 -0.5814 -0.7898
vn -0.0707 -0.2112 -0.9749
vn -0.3504 0.2288 -0.9082
vn 0.0869 -0.6259 -0.7750
vn -0.1433 -0.2420 -0.9596
vn -0.3677 0.2224 -0.9030
vn -0.0231 -0.6602 -0.7508
vn -0.2167 -0.2656 -0.9394
vn -0.1328 -0.6840 -0.7173
vn -0.3852 0.2180 -0.8967
vn -0.2900 -0.2820 -0.9145
vn -0.4028 0.2156 -0.8895
vn -0.2409 -0.6973 -0.6751
vn -0.3628 -0.2910 -0.8852
vn -0.4202 0.2153 -0.8815
vn -0.3462 -0.7000 -0.6246
vn -0.4344 -0.2928 -0.8518
vn -0.4371 0.2172 -0.8728
vn -0.4476 -0.6920 -0.5665
vn -0.5040 -0.2872 -0.8145
vn -0.5437 -0.6731 -0.5013
vn -0.4534 0.2211 -0.8635
vn -0.5711 -0.2742 -0.7737
vn -0.4687 0.2270 -0.8537
vn -0.6333 -0.6434 -0.4300
vn -0.6350 -0.2536 -0.7297
vn -0.4830 0.2349 -0.8435
vn -0.7153 -0.6029 -0.3533
vn -0.6950 -0.2254 -0.6828
vn -0.4960 0.2448 -0.8331
vn -0.7883 -0.5517 -0.2723
vn -0.7501 -0.1896 -0.6335
vn -0.8510 -0.4903 -0.1882
vn -0.5075 0.2564 -0.8226
vn -0.7996 -0.1463 -0.5824
vn -0.5172 0.2697 -0.8122
vn -0.9022 -0.4190 -0.1021
vn -0.8425 -0.0956 -0.5301
vn -0.5251 0.2844 -0.8021
vn -0.9407 -0.3389 -0.0156
vn -0.8779 -0.0379 -0.4773
vn -0.5310 0.3005 -0.7923
vn -0.9655 -0.2510 0.0699
vn -0.9049 0.0264 -0.4247
vn -0.9757 -0.1566 0.1530
vn -0.5347 0.3176 -0.7831
vn -0.9226 0.0964 -0.3734
vn -0.5361 0.3355 -0.7746
vn -0.9710 -0.0573 0.2319
vn -0.9304 0.1712 -0.3242
vn -0.5352 0.3540 -0.7669
vn -0.9512 0.0450 0.3054
vn -0.9275 0.2499 -0.2781
vn -0.5320 0.3728 -0.7603
vn -0.9163 0.1486 0.3719
vn -0.9136 0.3311 -0.2360
vn -0.5264 0.3914 -0.7547
vn -0.8670 0.2514 0.4302
vn -0.8886 0.4133 -0.1990
vn 0.0225 -0.9930 0.1157
vn -0.6031 -0.0893 0.7926
vn -0.2164 -0.8866 0.4089
vn -0.5142 -0.4500 0.7301
vn 0.0295 -0.9923 0.1203
vn -0.4986 -0.0920 0.8619
vn -0.1689 -0.8829 0.4381
vn -0.4197 -0.4483 0.7892
vn 0.0369 -0.9916 0.1239
vn -0.3864 -0.0949 0.9174
vn -0.1184 -0.8794 0.4611
vn -0.3190 -0.4468 0.8358
vn 0.0448 -0.9909 0.1266
vn -0.2683 -0.0977 0.9584
vn -0.0656 -0.8761 0.4776
vn -0.2138 -0.4455 0.8694
vn 0.0529 -0.9903 0.1283
vn -0.1462 -0.1006 0.9841
vn -0.0115 -0.8731 0.4874
vn -0.1057 -0.4444 0.8896
vn 0.0612 -0.9898 0.1290
vn -0.0221 -0.1033 0.9944
vn 0.0431 -0.8704 0.4904
vn 0.0035 -0.4435 0.8963
vn 0.0695 -0.9893 0.1286
vn 0.1021 -0.1059 0.9891
vn 0.0976 -0.8680 0.4868
vn 0.1124 -0.4428 0.8896
vn 0.0777 -0.9888 0.1272
vn 0.2245 -0.1082 0.9685
vn 0.1510 -0.8660 0.4767
vn 0.2192 -0.4422 0.8697
vn 0.0856 -0.9885 0.1248
vn 0.3432 -0.1101 0.9328
vn 0.2026 -0.8644 0.4602
vn 0.3224 -0.4418 0.8371
vn 0.0932 -0.9882 0.1215
vn 0.4564 -0.1116 0.8827
vn 0.2518 -0.8631 0.4377
vn 0.4208 -0.4416 0.7925
vn 0.1003 -0.9880 0.1172
vn 0.5625 -0.1127 0.8191
vn 0.2978 -0.8623 0.4096
vn 0.5128 -0.4414 0.7363
vn 0.1069 -0.9879 0.1121
vn 0.6598 -0.1132 0.7429
vn 0.3402 -0.8619 0.3761
vn 0.5974 -0.4413 0.6696
vn 0.1127 -0.9879 0.1062
vn 0.7469 -0.1132 0.6553
vn 0.3782 -0.8619 0.3379
vn 0.6732 -0.4413 0.5933
vn 0.1178 -0.9880 0.0996
vn 0.8225 -0.1127 0.5575
vn 0.4113 -0.8623 0.2954
vn 0.7394 -0.4414 0.5084
vn 0.1220 -0.9882 0.0925
vn 0.8855 -0.1116 0.4511
vn 0.4392 -0.8631 0.2492
vn 0.7950 -0.4416 0.4160
vn 0.1254 -0.9885 0.0849
vn 0.9348 -0.1101 0.3376
vn 0.4614 -0.8644 0.1998
vn 0.8391 -0.4418 0.3174
vn 0.1277 -0.9888 0.0769
vn 0.9698 -0.1082 0.2187
vn 0.4776 -0.8660 0.1481
vn 0.8710 -0.4422 0.2139
vn 0.1291 -0.9893 0.0687
vn 0.9897 -0.1059 0.0961
vn 0.4874 -0.8680 0.0946
vn 0.8902 -0.4428 0.1070
vn 0.1294 -0.9898 0.0604
vn 0.9943 -0.1033 -0.0281
vn 0.4907 -0.8704 0.0402
vn 0.8963 -0.4435 -0.0019
vn 0.1287 -0.9903 0.0521
vn 0.9832 -0.1006 -0.1522
vn 0.4873 -0.8731 -0.0145
vn 0.8889 -0.4444 -0.1111
vn 0.1269 -0.9909 0.0440
vn 0.9567 -0.0977 -0.2741
vn 0.4772 -0.8761 -0.0685
vn 0.8681 -0.4455 -0.2190
vn 0.1242 -0.9916 0.0362
vn 0.9151 -0.0949 -0.3919
vn 0.4604 -0.8794 -0.1211
vn 0.8339 -0.4468 -0.3241
vn 0.1204 -0.9923 0.0287
vn 0.8589 -0.0920 -0.5038
vn 0.4371 -0.8829 -0.1715
vn 0.7867 -0.4483 -0.4245
vn 0.1158 -0.9930 0.0218
vn 0.7890 -0.0893 -0.6079
vn 0.4076 -0.8866 -0.2189
vn 0.7270 -0.4500 -0.5186
vn 0.1103 -0.9938 0.0155
vn 0.7064 -0.0867 -0.7024
vn 0.3721 -0.8903 -0.2623
vn 0.6557 -0.4519 -0.6049
vn 0.1041 -0.9945 0.0100
vn 0.6126 -0.0842 -0.7859
vn 0.3313 -0.8942 -0.3012
vn 0.5737 -0.4538 -0.6818
vn 0.0972 -0.9953 0.0052
vn 0.5088 -0.0820 -0.8570
vn 0.2856 -0.8980 -0.3347
vn 0.4823 -0.4559 -0.7480
vn 0.0898 -0.9960 0.0014
vn 0.3969 -0.0799 -0.9144
vn 0.2358 -0.9017 -0.3623
vn 0.3828 -0.4580 -0.8023
vn 0.0819 -0.9966 -0.0015
vn 0.2787 -0.0781 -0.9572
vn 0.1827 -0.9053 -0.3834
vn 0.2769 -0.4601 -0.8436
vn 0.0737 -0.9973 -0.0033
vn 0.1559 -0.0765 -0.9848
vn 0.1270 -0.9087 -0.3976
vn 0.1662 -0.4622 -0.8711
vn 0.0653 -0.9979 -0.0041
vn 0.0307 -0.0752 -0.9967
vn 0.0697 -0.9119 -0.4046
vn 0.0526 -0.4641 -0.8842
vn 0.0569 -0.9984 -0.0038
vn -0.0949 -0.0740 -0.9927
vn 0.0117 -0.9147 -0.4041
vn -0.0621 -0.4659 -0.8827
vn 0.0486 -0.9988 -0.0025
vn -0.2191 -0.0731 -0.9730
vn -0.0459 -0.9171 -0.3960
vn -0.1759 -0.4675 -0.8663
vn 0.0405 -0.9992 -0.0001
vn -0.3397 -0.0723 -0.9378
vn -0.1021 -0.9191 -0.3806
vn -0.2867 -0.4688 -0.8355
vn 0.0327 -0.9995 0.0032
vn -0.4549 -0.0718 -0.8877
vn -0.1559 -0.9206 -0.3579
vn -0.3929 -0.4698 -0.7905
vn 0.0255 -0.9996 0.0075
vn -0.5628 -0.0714 -0.8235
vn -0.2065 -0.9217 -0.3284
vn -0.4924 -0.4705 -0.7322
vn 0.0188 -0.9997 0.0127
vn -0.6618 -0.0712 -0.7463
vn -0.2528 -0.9222 -0.2926
vn -0.5837 -0.4708 -0.6615
vn 0.0129 -0.9997 0.0187
vn -0.7503 -0.0712 -0.6573
vn -0.2941 -0.9222 -0.2511
vn -0.6651 -0.4708 -0.5797
vn 0.0077 -0.9996 0.0254
vn -0.8269 -0.0714 -0.5578
vn -0.3297 -0.9217 -0.2045
vn -0.7352 -0.4705 -0.4880
vn 0.0034 -0.9995 0.0327
vn -0.8904 -0.0718 -0.4495
vn -0.3589 -0.9206 -0.1538
vn -0.7929 -0.4698 -0.3881
vn 0.0001 -0.9992 0.0405
vn -0.9398 -0.0723 -0.3340
vn -0.3812 -0.9191 -0.0998
vn -0.8372 -0.4688 -0.2817
vn -0.0022 -0.9988 0.0486
vn -0.9743 -0.0731 -0.2132
vn -0.3963 -0.9171 -0.0435
vn -0.8674 -0.4675 -0.1706
vn -0.0035 -0.9984 0.0569
vn -0.9933 -0.0740 -0.0889
vn -0.4040 -0.9147 0.0142
vn -0.8830 -0.4659 -0.0568
vn -0.0037 -0.9979 0.0653
vn -0.9965 -0.0752 0.0367
vn -0.4041 -0.9119 0.0721
vn -0.8839 -0.4641 0.0579
vn -0.0029 -0.9973 0.0737
vn -0.9838 -0.0765 0.1619
vn -0.3969 -0.9087 0.1294
vn -0.8701 -0.4622 0.1714
vn -0.0010 -0.9966 0.0819
vn -0.9555 -0.0781 0.2844
vn -0.3823 -0.9053 0.1850
vn -0.8419 -0.4601 0.2820
vn 0.0019 -0.9960 0.0897
vn -0.9119 -0.0799 0.4024
vn -0.3609 -0.9017 0.2380
vn -0.8000 -0.4580 0.3877
vn 0.0058 -0.9953 0.0972
vn -0.8539 -0.0820 0.5140
vn -0.3330 -0.8980 0.2877
vn -0.7451 -0.4559 0.4868
vn 0.0106 -0.9945 0.1040
vn -0.7822 -0.0842 0.6173
vn -0.2992 -0.8942 0.3331
vn -0.6783 -0.4538 0.5778
vn -0.6982 -0.0866 0.7107
vn 0.0162 -0.9938 0.1102
vn -0.6009 -0.4519 0.6593
vn -0.2601 -0.8903 0.3737
vn -0.3945 0.3602 -0.8454
vn 0.0634 -0.9960 0.0630
vn -0.5927 -0.0119 -0.8053
vn -0.4869 -0.0202 -0.8732
vn -0.3735 -0.0284 -0.9272
vn -0.2542 -0.0363 -0.9665
vn -0.1309 -0.0439 -0.9904
vn -0.0056 -0.0508 -0.9987
vn 0.1197 -0.0571 -0.9912
vn 0.2430 -0.0626 -0.9680
vn 0.3625 -0.0671 -0.9296
vn 0.4762 -0.0706 -0.8765
vn 0.5823 -0.0730 -0.8097
vn 0.6792 -0.0742 -0.7302
vn 0.7655 -0.0742 -0.6392
vn 0.8397 -0.0730 -0.5381
vn 0.9007 -0.0706 -0.4286
vn 0.9476 -0.0671 -0.3123
vn 0.9796 -0.0626 -0.1909
vn 0.9961 -0.0571 -0.0665
vn 0.9970 -0.0508 0.0590
vn 0.9820 -0.0439 0.1837
vn 0.9515 -0.0363 0.3055
vn 0.9059 -0.0284 0.4225
vn 0.8459 -0.0202 0.5329
vn 0.7725 -0.0119 0.6349
vn 0.6868 -0.0036 0.7268
vn 0.5903 0.0046 0.8072
vn 0.4844 0.0124 0.8748
vn 0.3709 0.0200 0.9285
vn 0.2516 0.0270 0.9675
vn 0.1284 0.0335 0.9912
vn 0.0033 0.0394 0.9992
vn -0.1218 0.0445 0.9916
vn -0.2449 0.0489 0.9683
vn -0.3641 0.0525 0.9299
vn -0.4775 0.0552 0.8769
vn -0.5834 0.0570 0.8102
vn -0.6801 0.0579 0.7308
vn -0.7662 0.0579 0.6400
vn -0.8402 0.0570 0.5392
vn -0.9012 0.0552 0.4299
vn -0.9480 0.0525 0.3138
vn -0.9800 0.0489 0.1928
vn -0.9966 0.0445 0.0686
vn -0.9976 0.0394 -0.0567
vn -0.9829 0.0335 -0.1812
vn -0.9526 0.0270 -0.3030
vn -0.9073 0.0200 -0.4200
vn -0.8476 0.0124 -0.5305
vn -0.7745 0.0046 -0.6326
vn -0.6890 -0.0036 -0.7247
vn -0.5935 -0.0177 -0.8046
vn -0.4886 -0.0354 -0.8718
vn -0.3759 -0.0525 -0.9252
vn -0.2574 -0.0689 -0.9639
vn -0.1347 -0.0843 -0.9873
vn -0.0100 -0.0983 -0.9951
vn 0.1148 -0.1108 -0.9872
vn 0.2378 -0.1215 -0.9637
vn 0.3570 -0.1303 -0.9250
vn 0.4705 -0.1371 -0.8717
vn 0.5766 -0.1416 -0.8047
vn 0.6736 -0.1439 -0.7250
vn 0.7599 -0.1439 -0.6339
vn 0.8343 -0.1416 -0.5327
vn 0.8956 -0.1371 -0.4232
vn 0.9427 -0.1303 -0.3070
vn 0.9750 -0.1215 -0.1859
vn 0.9919 -0.1108 -0.0619
vn 0.9931 -0.0983 0.0632
vn 0.9787 -0.0843 0.1873
vn 0.9487 -0.0689 0.3085
vn 0.9037 -0.0525 0.4249
vn 0.8444 -0.0354 0.5345
vn 0.7717 -0.0177 0.6357
vn 0.6868 0.0002 0.7268
vn 0.5911 0.0181 0.8064
vn 0.4860 0.0356 0.8732
vn 0.3733 0.0525 0.9262
vn 0.2547 0.0685 0.9646
vn 0.1322 0.0834 0.9877
vn 0.0077 0.0970 0.9953
vn -0.1169 0.1090 0.9871
vn -0.2396 0.1193 0.9635
vn -0.3584 0.1277 0.9248
vn -0.4716 0.1341 0.8715
vn -0.5774 0.1385 0.8046
vn -0.6741 0.1407 0.7252
vn -0.7602 0.1407 0.6343
vn -0.8344 0.1385 0.5335
vn -0.8955 0.1341 0.4243
vn -0.9426 0.1277 0.3085
vn -0.9750 0.1193 0.1877
vn -0.9920 0.1090 0.0640
vn -0.9934 0.0970 -0.0609
vn -0.9792 0.0834 -0.1848
vn -0.9496 0.0685 -0.3059
vn -0.9049 0.0525 -0.4223
vn -0.8460 0.0356 -0.5320
vn -0.7736 0.0181 -0.6334
vn -0.6890 0.0002 -0.7247
vn -0.5949 -0.0271 -0.8034
vn -0.4913 -0.0542 -0.8693
vn -0.3799 -0.0804 -0.9215
vn -0.2625 -0.1053 -0.9592
vn -0.1410 -0.1286 -0.9816
vn -0.0172 -0.1498 -0.9886
vn 0.1068 -0.1687 -0.9799
vn 0.2290 -0.1849 -0.9557
vn 0.3477 -0.1982 -0.9164
vn 0.4608 -0.2083 -0.8627
vn 0.5666 -0.2152 -0.7954
vn 0.6635 -0.2186 -0.7155
vn 0.7499 -0.2186 -0.6243
vn 0.8245 -0.2152 -0.5233
vn 0.8861 -0.2083 -0.4140
vn 0.9337 -0.1982 -0.2982
vn 0.9666 -0.1849 -0.1776
vn 0.9842 -0.1687 -0.0542
vn 0.9862 -0.1498 0.0701
vn 0.9727 -0.1286 0.1933
vn 0.9438 -0.1053 0.3134
vn 0.8999 -0.0804 0.4286
vn 0.8418 -0.0542 0.5370
vn 0.7704 -0.0271 0.6370
vn 0.6868 0.0003 0.7268
vn 0.5924 0.0278 0.8052
vn 0.4886 0.0548 0.8708
vn 0.3772 0.0809 0.9226
vn 0.2599 0.1058 0.9598
vn 0.1385 0.1289 0.9819
vn 0.0149 0.1500 0.9886
vn -0.1087 0.1688 0.9796
vn -0.2307 0.1848 0.9553
vn -0.3489 0.1980 0.9160
vn -0.4617 0.2081 0.8623
vn -0.5672 0.2148 0.7951
vn -0.6637 0.2183 0.7154
vn -0.7499 0.2183 0.6245
vn -0.8243 0.2148 0.5238
vn -0.8858 0.2081 0.4149
vn -0.9333 0.1980 0.2995
vn -0.9663 0.1848 0.1793
vn -0.9841 0.1688 0.0562
vn -0.9864 0.1500 -0.0678
vn -0.9731 0.1289 -0.1908
vn -0.9446 0.1058 -0.3108
vn -0.9011 0.0809 -0.4260
vn -0.8434 0.0548 -0.5345
vn -0.7723 0.0278 -0.6346
vn -0.6891 0.0003 -0.7247
vn -0.5969 -0.0370 -0.8015
vn -0.4952 -0.0738 -0.8656
vn -0.3856 -0.1096 -0.9161
vn -0.2700 -0.1435 -0.9521
vn -0.1501 -0.1752 -0.9730
vn -0.0278 -0.2041 -0.9785
vn 0.0949 -0.2298 -0.9686
vn 0.2160 -0.2518 -0.9434
vn 0.3337 -0.2699 -0.9032
vn 0.4461 -0.2837 -0.8488
vn 0.5515 -0.2930 -0.7810
vn 0.6482 -0.2977 -0.7009
vn 0.7346 -0.2977 -0.6097
vn 0.8094 -0.2930 -0.5089
vn 0.8715 -0.2837 -0.4001
vn 0.9198 -0.2699 -0.2849
vn 0.9536 -0.2518 -0.1652
vn 0.9723 -0.2298 -0.0429
vn 0.9757 -0.2041 0.0801
vn 0.9636 -0.1752 0.2019
vn 0.9363 -0.1435 0.3205
vn 0.8942 -0.1096 0.4341
vn 0.8379 -0.0738 0.5408
vn 0.7684 -0.0370 0.6389
vn 0.6867 0.0005 0.7269
vn 0.5942 0.0380 0.8034
vn 0.4924 0.0749 0.8672
vn 0.3828 0.1105 0.9172
vn 0.2672 0.1444 0.9528
vn 0.1474 0.1761 0.9733
vn 0.0254 0.2049 0.9784
vn -0.0969 0.2305 0.9682
vn -0.2177 0.2525 0.9428
vn -0.3350 0.2705 0.9026
vn -0.4470 0.2842 0.8482
vn -0.5519 0.2935 0.7805
vn -0.6482 0.2982 0.7007
vn -0.7343 0.2982 0.6098
vn -0.8089 0.2935 0.5094
vn -0.8709 0.2842 0.4010
vn -0.9192 0.2705 0.2862
vn -0.9531 0.2525 0.1669
vn -0.9720 0.2305 0.0450
vn -0.9757 0.2049 -0.0777
vn -0.9640 0.1761 -0.1993
vn -0.9371 0.1444 -0.3178
vn -0.8954 0.1105 -0.4313
vn -0.8396 0.0748 -0.5380
vn -0.7705 0.0380 -0.6364
vn -0.6891 0.0005 -0.7246
vn -0.6000 -0.0478 -0.7986
vn -0.5011 -0.0956 -0.8601
vn -0.3943 -0.1419 -0.9080
vn -0.2813 -0.1859 -0.9415
vn -0.1638 -0.2269 -0.9600
vn -0.0437 -0.2643 -0.9634
vn 0.0770 -0.2976 -0.9516
vn 0.1964 -0.3261 -0.9247
vn 0.3127 -0.3494 -0.8832
vn 0.4241 -0.3673 -0.8278
vn 0.5287 -0.3793 -0.7593
vn 0.6250 -0.3854 -0.6789
vn 0.7114 -0.3854 -0.5878
vn 0.7865 -0.3793 -0.4873
vn 0.8493 -0.3673 -0.3792
vn 0.8987 -0.3494 -0.2650
vn 0.9339 -0.3261 -0.1467
vn 0.9543 -0.2976 -0.0260
vn 0.9597 -0.2643 0.0952
vn 0.9499 -0.2269 0.2149
vn 0.9251 -0.1859 0.3312
vn 0.8856 -0.1419 0.4423
vn 0.8321 -0.0956 0.5464
vn 0.7654 -0.0478 0.6418
vn 0.6866 0.0008 0.7271
vn 0.5969 0.0494 0.8008
vn 0.4979 0.0972 0.8618
vn 0.3910 0.1434 0.9091
vn 0.2781 0.1874 0.9421
vn 0.1608 0.2284 0.9602
vn 0.0411 0.2658 0.9632
vn -0.0792 0.2989 0.9510
vn -0.1982 0.3274 0.9239
vn -0.3140 0.3507 0.8823
vn -0.4248 0.3685 0.8269
vn -0.5289 0.3806 0.7586
vn -0.6248 0.3866 0.6784
vn -0.7108 0.3866 0.5876
vn -0.7858 0.3806 0.4876
vn -0.8484 0.3685 0.3800
vn -0.8978 0.3507 0.2663
vn -0.9331 0.3274 0.1485
vn -0.9539 0.2989 0.0282
vn -0.9596 0.2658 -0.0925
vn -0.9502 0.2284 -0.2119
vn -0.9259 0.1874 -0.3281
vn -0.8869 0.1434 -0.4391
vn -0.8339 0.0972 -0.5433
vn -0.7677 0.0494 -0.6389
vn -0.6893 0.0008 -0.7245
vn -0.6046 -0.0601 -0.7943
vn -0.5101 -0.1205 -0.8516
vn -0.4075 -0.1789 -0.8955
vn -0.2984 -0.2344 -0.9252
vn -0.1846 -0.2861 -0.9402
vn -0.0680 -0.3333 -0.9404
vn 0.0497 -0.3752 -0.9256
vn 0.1666 -0.4111 -0.8962
vn 0.2807 -0.4405 -0.8527
vn 0.3904 -0.4630 -0.7957
vn 0.4939 -0.4782 -0.7262
vn 0.5896 -0.4858 -0.6453
vn 0.6759 -0.4858 -0.5542
vn 0.7516 -0.4782 -0.4543
vn 0.8155 -0.4630 -0.3473
vn 0.8665 -0.4405 -0.2347
vn 0.9039 -0.4111 -0.1184
vn 0.9269 -0.3752 -0.0002
vn 0.9354 -0.3333 0.1181
vn 0.9290 -0.2861 0.2346
vn 0.9079 -0.2344 0.3475
vn 0.8725 -0.1789 0.4548
vn 0.8231 -0.1205 0.5549
vn 0.7608 -0.0601 0.6462
vn 0.6864 0.0012 0.7272
vn 0.6011 0.0625 0.7967
vn 0.5064 0.1229 0.8535
vn 0.4037 0.1812 0.8968
vn 0.2948 0.2367 0.9258
vn 0.1813 0.2884 0.9402
vn 0.0650 0.3355 0.9398
vn -0.0522 0.3774 0.9246
vn -0.1684 0.4133 0.8949
vn -0.2819 0.4426 0.8512
vn -0.3910 0.4650 0.7943
vn -0.4938 0.4802 0.7250
vn -0.5890 0.4878 0.6443
vn -0.6749 0.4878 0.5537
vn -0.7503 0.4802 0.4543
vn -0.8141 0.4650 0.3479
vn -0.8651 0.4426 0.2360
vn -0.9026 0.4132 0.1203
vn -0.9261 0.3774 0.0026
vn -0.9350 0.3355 -0.1152
vn -0.9292 0.2884 -0.2313
vn -0.9087 0.2367 -0.3439
vn -0.8739 0.1812 -0.4511
vn -0.8252 0.1228 -0.5513
vn -0.7634 0.0625 -0.6429
vn -0.6895 0.0012 -0.7243
vn -0.6116 -0.0741 -0.7877
vn -0.5237 -0.1487 -0.8388
vn -0.4275 -0.2210 -0.8766
vn -0.3246 -0.2897 -0.9004
vn -0.2164 -0.3537 -0.9100
vn -0.1050 -0.4121 -0.9051
vn 0.0081 -0.4638 -0.8859
vn 0.1210 -0.5082 -0.8527
vn 0.2319 -0.5445 -0.8061
vn 0.3390 -0.5722 -0.7467
vn 0.4407 -0.5909 -0.6757
vn 0.5355 -0.6004 -0.5940
vn 0.6218 -0.6004 -0.5029
vn 0.6983 -0.5909 -0.4040
vn 0.7638 -0.5722 -0.2986
vn 0.8173 -0.5445 -0.1884
vn 0.8579 -0.5082 -0.0752
vn 0.8850 -0.4638 0.0393
vn 0.8982 -0.4121 0.1532
vn 0.8971 -0.3537 0.2648
vn 0.8818 -0.2897 0.3722
vn 0.8524 -0.2210 0.4738
vn 0.8096 -0.1488 0.5679
vn 0.7539 -0.0741 0.6529
vn 0.6862 0.0018 0.7274
vn 0.6076 0.0777 0.7904
vn 0.5195 0.1524 0.8408
vn 0.4233 0.2246 0.8777
vn 0.3204 0.2932 0.9008
vn 0.2127 0.3571 0.9095
vn 0.1017 0.4153 0.9040
vn -0.0107 0.4669 0.8842
vn -0.1228 0.5112 0.8507
vn -0.2329 0.5474 0.8038
vn -0.3392 0.5750 0.7445
vn -0.4402 0.5937 0.6736
vn -0.5343 0.6031 0.5923
vn -0.6201 0.6031 0.5018
vn -0.6962 0.5937 0.4035
vn -0.7616 0.5750 0.2989
vn -0.8151 0.5474 0.1895
vn -0.8560 0.5112 0.0771
vn -0.8835 0.4669 -0.0366
vn -0.8973 0.4153 -0.1499
vn -0.8969 0.3571 -0.2610
vn -0.8823 0.2932 -0.3682
vn -0.8538 0.2246 -0.4696
vn -0.8118 0.1524 -0.5637
vn -0.7568 0.0777 -0.6490
vn -0.6897 0.0018 -0.7241
vn -0.6219 -0.0891 -0.7780
vn -0.5441 -0.1795 -0.8196
vn -0.4575 -0.2669 -0.8482
vn -0.3637 -0.3500 -0.8633
vn -0.2641 -0.4274 -0.8646
vn -0.1604 -0.4980 -0.8522
vn -0.0543 -0.5605 -0.8264
vn 0.0526 -0.6141 -0.7875
vn 0.1585 -0.6580 -0.7362
vn 0.2619 -0.6914 -0.6733
vn 0.3610 -0.7140 -0.5999
vn 0.4544 -0.7254 -0.5171
vn 0.5406 -0.7254 -0.4261
vn 0.6184 -0.7140 -0.3284
vn 0.6864 -0.6914 -0.2255
vn 0.7436 -0.6580 -0.1189
vn 0.7892 -0.6141 -0.0104
vn 0.8223 -0.5605 0.0984
vn 0.8424 -0.4980 0.2058
vn 0.8492 -0.4274 0.3100
vn 0.8426 -0.3500 0.4093
vn 0.8225 -0.2669 0.5022
vn 0.7894 -0.1795 0.5871
vn 0.7436 -0.0891 0.6626
vn 0.6861 0.0027 0.7275
vn 0.6177 0.0945 0.7807
vn 0.5395 0.1847 0.8215
vn 0.4529 0.2719 0.8491
vn 0.3592 0.3548 0.8632
vn 0.2600 0.4319 0.8636
vn 0.1569 0.5021 0.8505
vn 0.0516 0.5643 0.8240
vn -0.0544 0.6175 0.7847
vn -0.1594 0.6611 0.7332
vn -0.2618 0.6943 0.6703
vn -0.3601 0.7167 0.5972
vn -0.4527 0.7280 0.5148
vn -0.5383 0.7280 0.4245
vn -0.6156 0.7167 0.3276
vn -0.6834 0.6943 0.2256
vn -0.7406 0.6611 0.1200
vn -0.7864 0.6175 0.0124
vn -0.8201 0.5643 -0.0956
vn -0.8409 0.5021 -0.2022
vn -0.8485 0.4319 -0.3058
vn -0.8428 0.3548 -0.4048
vn -0.8237 0.2719 -0.4976
vn -0.7915 0.1847 -0.5827
vn -0.7466 0.0945 -0.6585
vn -0.6898 0.0027 -0.7240
vn -0.6362 -0.1036 -0.7645
vn -0.5726 -0.2093 -0.7927
vn -0.4998 -0.3116 -0.8081
vn -0.4191 -0.4088 -0.8107
vn -0.3318 -0.4993 -0.8004
vn -0.2392 -0.5818 -0.7773
vn -0.1430 -0.6549 -0.7420
vn -0.0447 -0.7176 -0.6950
vn 0.0543 -0.7689 -0.6371
vn 0.1523 -0.8080 -0.5692
vn 0.2477 -0.8344 -0.4924
vn 0.3393 -0.8477 -0.4079
vn 0.4254 -0.8477 -0.3170
vn 0.5049 -0.8344 -0.2211
vn 0.5765 -0.8080 -0.1216
vn 0.6391 -0.7689 -0.0201
vn 0.6916 -0.7176 0.0818
vn 0.7333 -0.6549 0.1825
vn 0.7634 -0.5818 0.2805
vn 0.7815 -0.4993 0.3741
vn 0.7871 -0.4088 0.4619
vn 0.7802 -0.3116 0.5423
vn 0.7609 -0.2093 0.6142
vn 0.7294 -0.1036 0.6762
vn 0.6863 0.0037 0.7273
vn 0.6322 0.1109 0.7668
vn 0.5682 0.2163 0.7940
vn 0.4952 0.3181 0.8085
vn 0.4144 0.4147 0.8101
vn 0.3273 0.5046 0.7989
vn 0.2353 0.5863 0.7751
vn 0.1397 0.6587 0.7393
vn 0.0422 0.7207 0.6920
vn -0.0559 0.7713 0.6340
vn -0.1529 0.8099 0.5663
vn -0.2474 0.8359 0.4899
vn -0.3381 0.8491 0.4060
vn -0.4235 0.8491 0.3159
vn -0.5024 0.8359 0.2208
vn -0.5736 0.8099 0.1224
vn -0.6361 0.7713 0.0219
vn -0.6887 0.7207 -0.0791
vn -0.7308 0.6587 -0.1790
vn -0.7615 0.5863 -0.2764
vn -0.7802 0.5046 -0.3696
vn -0.7868 0.4147 -0.4572
vn -0.7808 0.3181 -0.5377
vn -0.7625 0.2163 -0.6098
vn -0.7319 0.1109 -0.6723
vn -0.6896 0.0037 -0.7242
vn -0.6542 -0.1150 -0.7475
vn -0.6090 -0.2325 -0.7583
vn -0.5541 -0.3464 -0.7570
vn -0.4904 -0.4546 -0.7435
vn -0.4189 -0.5556 -0.7182
vn -0.3410 -0.6476 -0.6815
vn -0.2577 -0.7292 -0.6339
vn -0.1704 -0.7992 -0.5764
vn -0.0805 -0.8565 -0.5098
vn 0.0105 -0.9002 -0.4353
vn 0.1014 -0.9298 -0.3539
vn 0.1906 -0.9446 -0.2671
vn 0.2768 -0.9446 -0.1761
vn 0.3588 -0.9298 -0.0823
vn 0.4351 -0.9003 0.0128
vn 0.5047 -0.8565 0.1077
vn 0.5664 -0.7993 0.2010
vn 0.6192 -0.7293 0.2912
vn 0.6622 -0.6476 0.3770
vn 0.6947 -0.5556 0.4568
vn 0.7162 -0.4546 0.5295
vn 0.7263 -0.3464 0.5938
vn 0.7247 -0.2325 0.6487
vn 0.7115 -0.1149 0.6933
vn 0.6868 0.0045 0.7268
vn 0.6512 0.1237 0.7487
vn 0.6053 0.2408 0.7587
vn 0.5497 0.3539 0.7567
vn 0.4855 0.4612 0.7427
vn 0.4137 0.5611 0.7170
vn 0.3355 0.6518 0.6801
vn 0.2522 0.7322 0.6326
vn 0.1652 0.8010 0.5754
vn 0.0758 0.8573 0.5093
vn -0.0147 0.9001 0.4354
vn -0.1048 0.9290 0.3548
vn -0.1933 0.9436 0.2688
vn -0.2787 0.9436 0.1787
vn -0.3599 0.9290 0.0858
vn -0.4355 0.9001 -0.0085
vn -0.5045 0.8573 -0.1028
vn -0.5657 0.8011 -0.1957
vn -0.6182 0.7322 -0.2856
vn -0.6612 0.6519 -0.3713
vn -0.6939 0.5611 -0.4514
vn -0.7157 0.4612 -0.5244
vn -0.7263 0.3539 -0.5893
vn -0.7253 0.2408 -0.6449
vn -0.7128 0.1236 -0.6903
vn -0.6890 0.0044 -0.7247
vn -0.6729 -0.1215 -0.7297
vn -0.6462 -0.2447 -0.7229
vn -0.6092 -0.3639 -0.7046
vn -0.5626 -0.4774 -0.6750
vn -0.5072 -0.5832 -0.6345
vn -0.4438 -0.6797 -0.5840
vn -0.3735 -0.7653 -0.5242
vn -0.2973 -0.8388 -0.4561
vn -0.2165 -0.8989 -0.3809
vn -0.1324 -0.9448 -0.2998
vn -0.0461 -0.9757 -0.2140
vn 0.0409 -0.9913 -0.1250
vn 0.1272 -0.9913 -0.0341
vn 0.2117 -0.9756 0.0573
vn 0.2929 -0.9446 0.1478
vn 0.3696 -0.8987 0.2360
vn 0.4406 -0.8386 0.3205
vn 0.5046 -0.7651 0.4000
vn 0.5607 -0.6795 0.4732
vn 0.6079 -0.5830 0.5390
vn 0.6454 -0.4772 0.5964
vn 0.6726 -0.3637 0.6445
vn 0.6890 -0.2444 0.6823
vn 0.6943 -0.1212 0.7094
vn 0.6885 0.0038 0.7253
vn 0.6716 0.1288 0.7297
vn 0.6439 0.2515 0.7226
vn 0.6060 0.3702 0.7041
vn 0.5585 0.4828 0.6745
vn 0.5022 0.5876 0.6344
vn 0.4381 0.6830 0.5844
vn 0.3671 0.7676 0.5254
vn 0.2905 0.8400 0.4581
vn 0.2095 0.8993 0.3839
vn 0.1254 0.9445 0.3037
vn 0.0394 0.9750 0.2188
vn -0.0472 0.9903 0.1306
vn -0.1330 0.9903 0.0403
vn -0.2167 0.9749 -0.0507
vn -0.2970 0.9444 -0.1409
vn -0.3728 0.8992 -0.2291
vn -0.4428 0.8399 -0.3138
vn -0.5060 0.7675 -0.3937
vn -0.5613 0.6829 -0.4675
vn -0.6080 0.5874 -0.5341
vn -0.6451 0.4826 -0.5924
vn -0.6722 0.3700 -0.6413
vn -0.6887 0.2513 -0.6801
vn -0.6944 0.1285 -0.7080
vn -0.6891 0.0036 -0.7247
vn -0.6863 -0.1261 -0.7163
vn -0.6672 -0.2502 -0.7016
vn -0.6375 -0.3702 -0.6757
vn -0.5976 -0.4842 -0.6391
vn -0.5483 -0.5903 -0.5924
vn -0.4903 -0.6870 -0.5363
vn -0.4247 -0.7726 -0.4719
vn -0.3525 -0.8459 -0.4002
vn -0.2748 -0.9058 -0.3224
vn -0.1930 -0.9515 -0.2396
vn -0.1082 -0.9823 -0.1531
vn -0.0218 -0.9977 -0.0643
vn 0.0650 -0.9976 0.0254
vn 0.1507 -0.9819 0.1147
vn 0.2341 -0.9509 0.2023
vn 0.3139 -0.9051 0.2868
vn 0.3889 -0.8451 0.3669
vn 0.4578 -0.7717 0.4414
vn 0.5197 -0.6861 0.5090
vn 0.5734 -0.5896 0.5688
vn 0.6182 -0.4836 0.6197
vn 0.6531 -0.3698 0.6608
vn 0.6778 -0.2500 0.6915
vn 0.6916 -0.1261 0.7111
vn 0.6945 -0.0001 0.7195
vn 0.6863 0.1260 0.7164
vn 0.6671 0.2500 0.7018
vn 0.6373 0.3699 0.6760
vn 0.5974 0.4838 0.6395
vn 0.5481 0.5900 0.5929
vn 0.4902 0.6866 0.5369
vn 0.4247 0.7723 0.4724
vn 0.3526 0.8456 0.4007
vn 0.2751 0.9056 0.3227
vn 0.1934 0.9514 0.2398
vn 0.1088 0.9822 0.1532
vn 0.0225 0.9977 0.0642
vn -0.0640 0.9976 -0.0256
vn -0.1496 0.9820 -0.1151
vn -0.2330 0.9511 -0.2028
vn -0.3127 0.9053 -0.2874
vn -0.3877 0.8453 -0.3676
vn -0.4567 0.7720 -0.4421
vn -0.5186 0.6864 -0.5097
vn -0.5725 0.5899 -0.5695
vn -0.6174 0.4838 -0.6203
vn -0.6526 0.3699 -0.6613
vn -0.6774 0.2500 -0.6918
vn -0.6914 0.1260 -0.7114
vn -0.6944 -0.0000 -0.7196
vn -0.6902 -0.1299 -0.7118
vn -0.6616 -0.2527 -0.7060
vn -0.6224 -0.3713 -0.6890
vn -0.5732 -0.4839 -0.6612
vn -0.5150 -0.5887 -0.6231
vn -0.4487 -0.6840 -0.5752
vn -0.3754 -0.7683 -0.5184
vn -0.2964 -0.8405 -0.4536
vn -0.2128 -0.8994 -0.3818
vn -0.1261 -0.9442 -0.3042
vn -0.0375 -0.9744 -0.2219
vn 0.0515 -0.9893 -0.1362
vn 0.1397 -0.9890 -0.0484
vn 0.2256 -0.9734 0.0402
vn 0.3081 -0.9427 0.1282
vn 0.3857 -0.8974 0.2143
vn 0.4575 -0.8381 0.2972
vn 0.5222 -0.7657 0.3756
vn 0.5788 -0.6812 0.4483
vn 0.6265 -0.5859 0.5140
vn 0.6644 -0.4813 0.5718
vn 0.6919 -0.3688 0.6206
vn 0.7087 -0.2504 0.6596
vn 0.7142 -0.1278 0.6882
vn 0.7085 -0.0029 0.7057
vn 0.6916 0.1220 0.7119
vn 0.6638 0.2451 0.7066
vn 0.6255 0.3644 0.6899
vn 0.5774 0.4778 0.6621
vn 0.5202 0.5835 0.6236
vn 0.4549 0.6799 0.5752
vn 0.3824 0.7654 0.5175
vn 0.3040 0.8387 0.4517
vn 0.2210 0.8987 0.3789
vn 0.1345 0.9444 0.3001
vn 0.0459 0.9752 0.2167
vn -0.0433 0.9906 0.1300
vn -0.1320 0.9904 0.0413
vn -0.2186 0.9746 -0.0479
vn -0.3019 0.9436 -0.1362
vn -0.3805 0.8976 -0.2225
vn -0.4533 0.8375 -0.3052
vn -0.5191 0.7640 -0.3832
vn -0.5766 0.6784 -0.4552
vn -0.6251 0.5820 -0.5201
vn -0.6637 0.4762 -0.5769
vn -0.6916 0.3628 -0.6246
vn -0.7084 0.2435 -0.6625
vn -0.7139 0.1202 -0.6899
vn -0.7077 -0.0049 -0.7064
vn -0.6872 -0.1298 -0.7148
vn -0.6393 -0.2461 -0.7286
vn -0.5811 -0.3582 -0.7307
vn -0.5138 -0.4645 -0.7213
vn -0.4384 -0.5631 -0.7005
vn -0.3563 -0.6527 -0.6686
vn -0.2687 -0.7317 -0.6264
vn -0.1772 -0.7991 -0.5745
vn -0.0831 -0.8539 -0.5137
vn 0.0121 -0.8954 -0.4451
vn 0.1069 -0.9230 -0.3697
vn 0.1999 -0.9363 -0.2888
vn 0.2898 -0.9352 -0.2034
vn 0.3751 -0.9198 -0.1149
vn 0.4548 -0.8903 -0.0245
vn 0.5275 -0.8470 0.0663
vn 0.5921 -0.7906 0.1562
vn 0.6477 -0.7218 0.2439
vn 0.6933 -0.6416 0.3280
vn 0.7282 -0.5513 0.4072
vn 0.7518 -0.4520 0.4802
vn 0.7635 -0.3453 0.5457
vn 0.7633 -0.2329 0.6026
vn 0.7509 -0.1166 0.6501
vn 0.7265 0.0018 0.6871
vn 0.6906 0.1203 0.7132
vn 0.6436 0.2370 0.7278
vn 0.5863 0.3499 0.7306
vn 0.5198 0.4572 0.7217
vn 0.4450 0.5571 0.7012
vn 0.3633 0.6480 0.6694
vn 0.2760 0.7285 0.6271
vn 0.1844 0.7973 0.5748
vn 0.0900 0.8534 0.5135
vn -0.0057 0.8959 0.4442
vn -0.1012 0.9243 0.3680
vn -0.1951 0.9381 0.2861
vn -0.2859 0.9372 0.1998
vn -0.3722 0.9215 0.1105
vn -0.4528 0.8914 0.0194
vn -0.5263 0.8472 -0.0720
vn -0.5917 0.7896 -0.1624
vn -0.6478 0.7195 -0.2503
vn -0.6937 0.6379 -0.3343
vn -0.7287 0.5461 -0.4132
vn -0.7521 0.4455 -0.4857
vn -0.7634 0.3376 -0.5506
vn -0.7625 0.2243 -0.6068
vn -0.7494 0.1073 -0.6534
vn -0.7241 -0.0113 -0.6896
vn -0.6813 -0.1251 -0.7212
vn -0.6146 -0.2271 -0.7554
vn -0.5382 -0.3254 -0.7775
vn -0.4533 -0.4183 -0.7871
vn -0.3615 -0.5044 -0.7842
vn -0.2642 -0.5823 -0.7689
vn -0.1630 -0.6508 -0.7415
vn -0.0595 -0.7091 -0.7026
vn 0.0447 -0.7561 -0.6529
vn 0.1479 -0.7913 -0.5932
vn 0.2486 -0.8143 -0.5245
vn 0.3454 -0.8247 -0.4478
vn 0.4369 -0.8225 -0.3642
vn 0.5216 -0.8076 -0.2751
vn 0.5983 -0.7804 -0.1817
vn 0.6660 -0.7411 -0.0854
vn 0.7235 -0.6902 0.0124
vn 0.7699 -0.6286 0.1101
vn 0.8044 -0.5571 0.2064
vn 0.8264 -0.4766 0.2997
vn 0.8356 -0.3884 0.3886
vn 0.8315 -0.2938 0.4715
vn 0.8142 -0.1944 0.5471
vn 0.7838 -0.0916 0.6142
vn 0.7409 0.0127 0.6715
vn 0.6861 0.1170 0.7181
vn 0.6202 0.2194 0.7532
vn 0.5443 0.3183 0.7762
vn 0.4597 0.4120 0.7867
vn 0.3679 0.4990 0.7847
vn 0.2703 0.5778 0.7701
vn 0.1686 0.6473 0.7433
vn 0.0643 0.7064 0.7048
vn -0.0408 0.7543 0.6553
vn -0.1451 0.7902 0.5955
vn -0.2469 0.8136 0.5264
vn -0.3448 0.8242 0.4492
vn -0.4373 0.8219 0.3649
vn -0.5229 0.8068 0.2750
vn -0.6003 0.7791 0.1807
vn -0.6684 0.7391 0.0835
vn -0.7260 0.6875 -0.0152
vn -0.7723 0.6249 -0.1138
vn -0.8065 0.5524 -0.2108
vn -0.8279 0.4710 -0.3046
vn -0.8361 0.3819 -0.3937
vn -0.8310 0.2866 -0.4767
vn -0.8126 0.1866 -0.5521
vn -0.7811 0.0835 -0.6187
vn -0.7371 -0.0209 -0.6754
vn -0.6742 -0.1149 -0.7295
vn -0.5932 -0.1975 -0.7804
vn -0.5028 -0.2770 -0.8188
vn -0.4046 -0.3519 -0.8441
vn -0.3002 -0.4211 -0.8559
vn -0.1914 -0.4836 -0.8541
vn -0.0797 -0.5383 -0.8390
vn 0.0329 -0.5845 -0.8108
vn 0.1447 -0.6215 -0.7700
vn 0.2541 -0.6488 -0.7173
vn 0.3594 -0.6660 -0.6537
vn 0.4590 -0.6729 -0.5800
vn 0.5516 -0.6695 -0.4975
vn 0.6356 -0.6558 -0.4074
vn 0.7099 -0.6319 -0.3109
vn 0.7734 -0.5983 -0.2095
vn 0.8250 -0.5553 -0.1047
vn 0.8639 -0.5037 0.0019
vn 0.8894 -0.4440 0.1087
vn 0.9010 -0.3772 0.2141
vn 0.8985 -0.3044 0.3163
vn 0.8817 -0.2265 0.4138
vn 0.8509 -0.1449 0.5049
vn 0.8065 -0.0609 0.5881
vn 0.7491 0.0242 0.6620
vn 0.6796 0.1089 0.7254
vn 0.5992 0.1919 0.7772
vn 0.5092 0.2718 0.8166
vn 0.4111 0.3472 0.8429
vn 0.3065 0.4169 0.8557
vn 0.1971 0.4799 0.8549
vn 0.0847 0.5351 0.8405
vn -0.0288 0.5817 0.8129
vn -0.1418 0.6190 0.7725
vn -0.2523 0.6466 0.7199
vn -0.3587 0.6639 0.6562
vn -0.4594 0.6708 0.5821
vn -0.5529 0.6673 0.4990
vn -0.6377 0.6533 0.4080
vn -0.7125 0.6291 0.3106
vn -0.7762 0.5951 0.2082
vn -0.8278 0.5516 0.1024
vn -0.8663 0.4994 -0.0052
vn -0.8912 0.4393 -0.1129
vn -0.9020 0.3721 -0.2189
vn -0.8985 0.2988 -0.3217
vn -0.8806 0.2206 -0.4194
vn -0.8486 0.1388 -0.5105
vn -0.8030 0.0547 -0.5934
vn -0.7446 -0.0303 -0.6668
vn -0.6671 -0.0982 -0.7384
vn -0.5764 -0.1595 -0.8014
vn -0.4767 -0.2182 -0.8516
vn -0.3695 -0.2734 -0.8881
vn -0.2567 -0.3241 -0.9105
vn -0.1401 -0.3697 -0.9185
vn -0.0216 -0.4094 -0.9121
vn 0.0971 -0.4427 -0.8914
vn 0.2140 -0.4690 -0.8569
vn 0.3274 -0.4879 -0.8091
vn 0.4356 -0.4993 -0.7489
vn 0.5370 -0.5030 -0.6772
vn 0.6301 -0.4989 -0.5950
vn 0.7135 -0.4871 -0.5036
vn 0.7859 -0.4677 -0.4044
vn 0.8462 -0.4411 -0.2989
vn 0.8935 -0.4076 -0.1885
vn 0.9269 -0.3676 -0.0750
vn 0.9460 -0.3218 0.0398
vn 0.9502 -0.2709 0.1543
vn 0.9394 -0.2155 0.2666
vn 0.9137 -0.1567 0.3749
vn 0.8735 -0.0953 0.4774
vn 0.8193 -0.0323 0.5724
vn 0.7520 0.0313 0.6584
vn 0.6726 0.0944 0.7340
vn 0.5824 0.1559 0.7978
vn 0.4829 0.2149 0.8489
vn 0.3757 0.2704 0.8864
vn 0.2626 0.3214 0.9098
vn 0.1455 0.3673 0.9187
vn 0.0262 0.4072 0.9130
vn -0.0934 0.4406 0.8929
vn -0.2113 0.4669 0.8587
vn -0.3258 0.4859 0.8110
vn -0.4350 0.4973 0.7507
vn -0.5373 0.5008 0.6786
vn -0.6312 0.4965 0.5958
vn -0.7152 0.4845 0.5037
vn -0.7880 0.4648 0.4037
vn -0.8485 0.4379 0.2971
vn -0.8956 0.4041 0.1858
vn -0.9287 0.3639 0.0714
vn -0.9471 0.3179 -0.0443
vn -0.9505 0.2667 -0.1594
vn -0.9388 0.2113 -0.2722
vn -0.9120 0.1524 -0.3807
vn -0.8708 0.0910 -0.4832
vn -0.8155 0.0280 -0.5780
vn -0.7473 -0.0354 -0.6636
vn -0.6608 -0.0741 -0.7469
vn -0.5642 -0.1137 -0.8178
vn -0.4588 -0.1515 -0.8755
vn -0.3463 -0.1868 -0.9194
vn -0.2285 -0.2191 -0.9486
vn -0.1073 -0.2480 -0.9628
vn 0.0153 -0.2729 -0.9619
vn 0.1375 -0.2936 -0.9460
vn 0.2573 -0.3096 -0.9154
vn 0.3730 -0.3208 -0.8706
vn 0.4828 -0.3271 -0.8124
vn 0.5851 -0.3283 -0.7416
vn 0.6783 -0.3244 -0.6593
vn 0.7610 -0.3154 -0.5669
vn 0.8321 -0.3016 -0.4655
vn 0.8902 -0.2831 -0.3569
vn 0.9346 -0.2601 -0.2425
vn 0.9645 -0.2330 -0.1242
vn 0.9793 -0.2022 -0.0037
vn 0.9788 -0.1681 0.1171
vn 0.9628 -0.1313 0.2362
vn 0.9315 -0.0924 0.3518
vn 0.8854 -0.0520 0.4620
vn 0.8251 -0.0106 0.5649
vn 0.7516 0.0309 0.6589
vn 0.6661 0.0720 0.7424
vn 0.5699 0.1118 0.8140
vn 0.4647 0.1499 0.8727
vn 0.3521 0.1855 0.9174
vn 0.2341 0.2181 0.9474
vn 0.1124 0.2472 0.9624
vn -0.0109 0.2723 0.9622
vn -0.1339 0.2930 0.9467
vn -0.2546 0.3091 0.9163
vn -0.3713 0.3203 0.8715
vn -0.4820 0.3264 0.8131
vn -0.5851 0.3274 0.7420
vn -0.6790 0.3233 0.6591
vn -0.7623 0.3141 0.5660
vn -0.8336 0.3000 0.4638
vn -0.8919 0.2812 0.3543
vn -0.9361 0.2579 0.2391
vn -0.9656 0.2306 0.1199
vn -0.9799 0.1996 -0.0013
vn -0.9786 0.1654 -0.1226
vn -0.9617 0.1286 -0.2421
vn -0.9295 0.0896 -0.3579
vn -0.8824 0.0492 -0.4680
vn -0.8212 0.0080 -0.5706
vn -0.7469 -0.0333 -0.6641
vn -0.6560 -0.0403 -0.7537
vn -0.5564 -0.0582 -0.8289
vn -0.4481 -0.0752 -0.8908
vn -0.3329 -0.0909 -0.9386
vn -0.2126 -0.1052 -0.9714
vn -0.0893 -0.1178 -0.9890
vn 0.0353 -0.1286 -0.9911
vn 0.1591 -0.1373 -0.9777
vn 0.2802 -0.1440 -0.9491
vn 0.3969 -0.1484 -0.9058
vn 0.5073 -0.1505 -0.8485
vn 0.6099 -0.1503 -0.7781
vn 0.7030 -0.1478 -0.6957
vn 0.7853 -0.1430 -0.6024
vn 0.8554 -0.1359 -0.4997
vn 0.9124 -0.1268 -0.3891
vn 0.9552 -0.1156 -0.2723
vn 0.9832 -0.1026 -0.1510
vn 0.9958 -0.0880 -0.0272
vn 0.9927 -0.0719 0.0974
vn 0.9738 -0.0546 0.2206
vn 0.9396 -0.0364 0.3404
vn 0.8903 -0.0175 0.4550
vn 0.8268 0.0017 0.5625
vn 0.7501 0.0209 0.6610
vn 0.6613 0.0398 0.7490
vn 0.5621 0.0581 0.8250
vn 0.4539 0.0755 0.8878
vn 0.3386 0.0916 0.9365
vn 0.2180 0.1063 0.9701
vn 0.0941 0.1193 0.9884
vn -0.0311 0.1303 0.9910
vn -0.1557 0.1393 0.9779
vn -0.2777 0.1460 0.9495
vn -0.3953 0.1504 0.9062
vn -0.5065 0.1524 0.8486
vn -0.6099 0.1520 0.7778
vn -0.7036 0.1491 0.6948
vn -0.7863 0.1440 0.6008
vn -0.8568 0.1365 0.4973
vn -0.9138 0.1269 0.3858
vn -0.9564 0.1154 0.2682
vn -0.9840 0.1020 0.1461
vn -0.9960 0.0870 0.0216
vn -0.9921 0.0707 -0.1034
vn -0.9725 0.0532 -0.2269
vn -0.9373 0.0350 -0.3469
vn -0.8871 0.0162 -0.4613
vn -0.8227 -0.0028 -0.5684
vn -0.7453 -0.0218 -0.6664
vn -0.6542 0.0067 -0.7563
vn -0.5539 0.0115 -0.8325
vn -0.4449 0.0160 -0.8954
vn -0.3292 0.0204 -0.9440
vn -0.2085 0.0244 -0.9777
vn -0.0849 0.0279 -0.9960
vn 0.0399 0.0311 -0.9987
vn 0.1638 0.0337 -0.9859
vn 0.2850 0.0358 -0.9579
vn 0.4017 0.0372 -0.9150
vn 0.5121 0.0381 -0.8581
vn 0.6146 0.0383 -0.7879
vn 0.7076 0.0380 -0.7056
vn 0.7898 0.0370 -0.6122
vn 0.8599 0.0354 -0.5093
vn 0.9167 0.0333 -0.3983
vn 0.9593 0.0307 -0.2808
vn 0.9869 0.0276 -0.1587
vn 0.9991 0.0241 -0.0339
vn 0.9956 0.0203 0.0918
vn 0.9762 0.0162 0.2163
vn 0.9413 0.0119 0.3375
vn 0.8913 0.0076 0.4534
vn 0.8269 0.0032 0.5623
vn 0.7494 -0.0011 0.6622
vn 0.6598 -0.0054 0.7514
vn 0.5597 -0.0094 0.8286
vn 0.4508 -0.0132 0.8925
vn 0.3348 -0.0167 0.9421
vn 0.2137 -0.0199 0.9767
vn 0.0893 -0.0228 0.9957
vn -0.0362 -0.0253 0.9990
vn -0.1610 -0.0275 0.9866
vn -0.2831 -0.0293 0.9586
vn -0.4007 -0.0307 0.9157
vn -0.5120 -0.0318 0.8584
vn -0.6152 -0.0323 0.7877
vn -0.7088 -0.0325 0.7046
vn -0.7914 -0.0322 0.6104
vn -0.8616 -0.0314 0.5065
vn -0.9184 -0.0301 0.3945
vn -0.9607 -0.0283 0.2761
vn -0.9879 -0.0259 0.1531
vn -0.9994 -0.0231 0.0275
vn -0.9949 -0.0197 -0.0987
vn -0.9746 -0.0160 -0.2234
vn -0.9387 -0.0119 -0.3446
vn -0.8877 -0.0075 -0.4604
vn -0.8225 -0.0028 -0.5687
vn -0.7443 0.0019 -0.6679
vn -0.6583 0.0728 -0.7492
vn -0.5598 0.1024 -0.8223
vn -0.4527 0.1305 -0.8821
vn -0.3387 0.1564 -0.9278
vn -0.2198 0.1798 -0.9588
vn -0.0977 0.2003 -0.9748
vn 0.0255 0.2176 -0.9757
vn 0.1481 0.2315 -0.9615
vn 0.2682 0.2418 -0.9325
vn 0.3840 0.2482 -0.8893
vn 0.4940 0.2508 -0.8325
vn 0.5963 0.2495 -0.7630
vn 0.6897 0.2444 -0.6817
vn 0.7725 0.2354 -0.5897
vn 0.8436 0.2227 -0.4885
vn 0.9018 0.2066 -0.3795
vn 0.9461 0.1872 -0.2643
vn 0.9757 0.1648 -0.1445
vn 0.9899 0.1399 -0.0222
vn 0.9885 0.1128 0.1009
vn 0.9713 0.0839 0.2228
vn 0.9384 0.0538 0.3413
vn 0.8904 0.0230 0.4545
vn 0.8280 -0.0079 0.5606
vn 0.7522 -0.0386 0.6578
vn 0.6644 -0.0683 0.7443
vn 0.5659 -0.0968 0.8188
vn 0.4584 -0.1234 0.8801
vn 0.3439 -0.1479 0.9273
vn 0.2241 -0.1698 0.9596
vn 0.1011 -0.1890 0.9767
vn -0.0232 -0.2053 0.9784
vn -0.1470 -0.2183 0.9647
vn -0.2682 -0.2281 0.9360
vn -0.3851 -0.2344 0.8926
vn -0.4959 -0.2373 0.8353
vn -0.5990 -0.2367 0.7650
vn -0.6928 -0.2325 0.6826
vn -0.7759 -0.2247 0.5894
vn -0.8470 -0.2135 0.4868
vn -0.9049 -0.1988 0.3763
vn -0.9486 -0.1809 0.2596
vn -0.9774 -0.1599 0.1385
vn -0.9906 -0.1361 0.0150
vn -0.9880 -0.1099 -0.1089
vn -0.9695 -0.0816 -0.2311
vn -0.9354 -0.0517 -0.3497
vn -0.8863 -0.0208 -0.4626
vn -0.8230 0.0106 -0.5679
vn -0.7466 0.0420 -0.6640
vn -0.6741 0.1600 -0.7211
vn -0.5809 0.2171 -0.7845
vn -0.4788 0.2707 -0.8351
vn -0.3696 0.3198 -0.8724
vn -0.2552 0.3637 -0.8959
vn -0.1372 0.4018 -0.9054
vn -0.0176 0.4335 -0.9010
vn 0.1020 0.4585 -0.8828
vn 0.2198 0.4763 -0.8514
vn 0.3341 0.4868 -0.8071
vn 0.4434 0.4898 -0.7507
vn 0.5460 0.4854 -0.6829
vn 0.6405 0.4735 -0.6046
vn 0.7255 0.4542 -0.5170
vn 0.7996 0.4280 -0.4212
vn 0.8617 0.3950 -0.3185
vn 0.9106 0.3557 -0.2104
vn 0.9454 0.3107 -0.0985
vn 0.9653 0.2607 0.0155
vn 0.9698 0.2066 0.1297
vn 0.9586 0.1491 0.2424
vn 0.9319 0.0893 0.3516
vn 0.8898 0.0284 0.4555
vn 0.8331 -0.0327 0.5521
vn 0.7627 -0.0929 0.6400
vn 0.6799 -0.1511 0.7175
vn 0.5862 -0.2063 0.7835
vn 0.4832 -0.2576 0.8368
vn 0.3727 -0.3044 0.8766
vn 0.2567 -0.3460 0.9024
vn 0.1370 -0.3819 0.9140
vn 0.0157 -0.4118 0.9112
vn -0.1055 -0.4353 0.8941
vn -0.2247 -0.4523 0.8631
vn -0.3402 -0.4626 0.8187
vn -0.4503 -0.4662 0.7615
vn -0.5534 -0.4629 0.6924
vn -0.6481 -0.4527 0.6124
vn -0.7330 -0.4356 0.5225
vn -0.8066 -0.4117 0.4241
vn -0.8678 -0.3811 0.3187
vn -0.9156 -0.3442 0.2080
vn -0.9489 -0.3013 0.0937
vn -0.9672 -0.2531 -0.0224
vn -0.9700 -0.2002 -0.1381
vn -0.9571 -0.1436 -0.2517
vn -0.9288 -0.0841 -0.3610
vn -0.8854 -0.0230 -0.4643
vn -0.8278 0.0389 -0.5597
vn -0.7569 0.1002 -0.6458
vn -0.7088 0.2532 -0.6584
vn -0.6245 0.3354 -0.7053
vn -0.5308 0.4121 -0.7406
vn -0.4292 0.4820 -0.7638
vn -0.3215 0.5441 -0.7749
vn -0.2095 0.5976 -0.7740
vn -0.0947 0.6417 -0.7611
vn 0.0211 0.6759 -0.7367
vn 0.1362 0.6998 -0.7012
vn 0.2492 0.7131 -0.6553
vn 0.3584 0.7156 -0.5996
vn 0.4622 0.7074 -0.5347
vn 0.5594 0.6884 -0.4617
vn 0.6483 0.6590 -0.3813
vn 0.7277 0.6193 -0.2948
vn 0.7962 0.5700 -0.2032
vn 0.8525 0.5116 -0.1078
vn 0.8955 0.4449 -0.0101
vn 0.9244 0.3711 0.0885
vn 0.9383 0.2912 0.1864
vn 0.9370 0.2066 0.2818
vn 0.9201 0.1187 0.3733
vn 0.8879 0.0293 0.4591
vn 0.8409 -0.0602 0.5379
vn 0.7799 -0.1481 0.6081
vn 0.7060 -0.2329 0.6688
vn 0.6207 -0.3132 0.7188
vn 0.5256 -0.3876 0.7574
vn 0.4222 -0.4550 0.7840
vn 0.3126 -0.5146 0.7984
vn 0.1985 -0.5657 0.8003
vn 0.0818 -0.6078 0.7899
vn -0.0356 -0.6404 0.7672
vn -0.1521 -0.6634 0.7327
vn -0.2659 -0.6765 0.6868
vn -0.3755 -0.6796 0.6302
vn -0.4794 -0.6727 0.5636
vn -0.5761 -0.6556 0.4881
vn -0.6642 -0.6285 0.4048
vn -0.7424 -0.5914 0.3148
vn -0.8094 -0.5446 0.2196
vn -0.8641 -0.4887 0.1208
vn -0.9053 -0.4242 0.0199
vn -0.9324 -0.3521 -0.0813
vn -0.9447 -0.2736 -0.1811
vn -0.9417 -0.1898 -0.2777
vn -0.9236 -0.1023 -0.3695
vn -0.8905 -0.0126 -0.4548
vn -0.8430 0.0776 -0.5322
vn -0.7821 0.1668 -0.6004
vn -0.7925 0.3515 -0.4983
vn -0.5362 0.4098 0.7379
vn -0.8563 0.4950 0.1474
vn -0.7163 0.4471 -0.5357
vn -0.5262 0.4274 0.7352
vn -0.8089 0.5747 0.1239
vn -0.5141 0.4440 0.7339
vn -0.6294 0.5364 -0.5623
vn -0.7517 0.6507 0.1078
vn -0.5001 0.4594 0.7341
vn -0.5333 0.6180 -0.5776
vn -0.6854 0.7213 0.0996
vn -0.4846 0.4731 0.7357
vn -0.4297 0.6906 -0.5817
vn -0.6113 0.7852 0.0995
vn -0.3205 0.7530 -0.5747
vn -0.4678 0.4850 0.7389
vn -0.5306 0.8408 0.1077
vn -0.4498 0.4949 0.7435
vn -0.2074 0.8044 -0.5568
vn -0.4448 0.8870 0.1241
vn -0.4312 0.5025 0.7494
vn -0.0922 0.8440 -0.5283
vn -0.3556 0.9228 0.1483
vn -0.4121 0.5077 0.7566
vn 0.0234 0.8714 -0.4900
vn -0.2648 0.9474 0.1800
vn 0.1377 0.8863 -0.4422
vn -0.3930 0.5104 0.7649
vn -0.1740 0.9602 0.2185
vn -0.3741 0.5106 0.7742
vn 0.2489 0.8883 -0.3859
vn -0.0852 0.9610 0.2631
vn -0.3558 0.5082 0.7843
vn 0.3554 0.8776 -0.3218
vn -0.0000 0.9498 0.3128
vn -0.3385 0.5033 0.7950
vn 0.4557 0.8541 -0.2508
vn 0.0799 0.9269 0.3668
vn 0.5480 0.8182 -0.1739
vn -0.3223 0.4961 0.8062
vn 0.1529 0.8927 0.4239
vn -0.3077 0.4866 0.8177
vn 0.6310 0.7703 -0.0922
vn 0.2177 0.8481 0.4830
vn -0.2948 0.4750 0.8292
vn 0.7032 0.7110 -0.0070
vn 0.2731 0.7941 0.5429
vn -0.2838 0.4615 0.8405
vn 0.7631 0.6412 0.0804
vn 0.3180 0.7319 0.6026
vn 0.8098 0.5620 0.1685
vn -0.2750 0.4465 0.8515
vn 0.3519 0.6629 0.6609
vn -0.2684 0.4301 0.8620
vn 0.8421 0.4747 0.2560
vn 0.3742 0.5885 0.7167
vn -0.2642 0.4127 0.8717
vn 0.8594 0.3809 0.3412
vn 0.3849 0.5103 0.7691
vn -0.2623 0.3946 0.8806
vn 0.8612 0.2821 0.4227
vn 0.3839 0.4300 0.8171
vn 0.8476 0.1804 0.4990
vn -0.2628 0.3761 0.8885
vn 0.3719 0.3490 0.8602
vn -0.2657 0.3575 0.8953
vn 0.8188 0.0776 0.5688
vn 0.3492 0.2689 0.8976
vn -0.2707 0.3391 0.9010
vn 0.7755 -0.0244 0.6308
vn 0.3169 0.1911 0.9290
vn -0.2779 0.3211 0.9053
vn 0.7188 -0.1237 0.6842
vn 0.2757 0.1167 0.9541
vn 0.6497 -0.2186 0.7280
vn -0.2870 0.3040 0.9084
vn 0.2269 0.0468 0.9728
vn -0.2979 0.2878 0.9102
vn 0.5700 -0.3075 0.7620
vn 0.1714 -0.0177 0.9850
vn -0.3104 0.2729 0.9106
vn 0.4811 -0.3891 0.7856
vn 0.1106 -0.0761 0.9909
vn -0.3242 0.2593 0.9097
vn 0.3848 -0.4625 0.7988
vn 0.0454 -0.1281 0.9907
vn 0.2828 -0.5268 0.8016
vn -0.3393 0.2474 0.9076
vn -0.0231 -0.1732 0.9846
vn -0.3552 0.2372 0.9042
vn 0.1768 -0.5814 0.7942
vn -0.0938 -0.2112 0.9729
vn -0.3719 0.2288 0.8996
vn 0.0685 -0.6259 0.7769
vn -0.1660 -0.2420 0.9560
vn -0.3890 0.2224 0.8940
vn -0.0409 -0.6602 0.7500
vn -0.2389 -0.2656 0.9340
vn -0.1498 -0.6840 0.7139
vn -0.4064 0.2180 0.8873
vn -0.3117 -0.2820 0.9074
vn -0.4238 0.2156 0.8797
vn -0.2568 -0.6973 0.6692
vn -0.3837 -0.2910 0.8764
vn -0.4410 0.2153 0.8713
vn -0.3610 -0.7000 0.6162
vn -0.4544 -0.2928 0.8413
vn -0.4577 0.2172 0.8622
vn -0.4609 -0.6920 0.5557
vn -0.5232 -0.2872 0.8024
vn -0.5554 -0.6731 0.4883
vn -0.4737 0.2211 0.8525
vn -0.5893 -0.2742 0.7600
vn -0.4889 0.2270 0.8423
vn -0.6434 -0.6434 0.4148
vn -0.6522 -0.2536 0.7144
vn -0.5029 0.2349 0.8318
vn -0.7235 -0.6029 0.3362
vn -0.7110 -0.2254 0.6661
vn -0.5157 0.2448 0.8211
vn -0.7946 -0.5517 0.2535
vn -0.7650 -0.1896 0.6155
vn -0.8553 -0.4903 0.1679
vn -0.5269 0.2564 0.8104
vn -0.8132 -0.1463 0.5633
vn -0.5364 0.2697 0.7997
vn -0.9044 -0.4190 0.0807
vn -0.8549 -0.0956 0.5099
vn -0.5440 0.2844 0.7894
vn -0.9408 -0.3389 -0.0067
vn -0.8890 -0.0379 0.4563
vn -0.5496 0.3005 0.7795
vn -0.9635 -0.2510 -0.0928
vn -0.9148 0.0264 0.4031
vn -0.9718 -0.1566 -0.1761
vn -0.5531 0.3176 0.7702
vn -0.9312 0.0964 0.3514
vn -0.5543 0.3355 0.7617
vn -0.9653 -0.0573 -0.2549
vn -0.9378 0.1712 0.3020
vn -0.5533 0.3540 0.7540
vn -0.9437 0.0450 -0.3278
vn -0.9338 0.2499 0.2560
vn -0.5499 0.3728 0.7474
vn -0.9072 0.1486 -0.3935
vn -0.9189 0.3311 0.2143
vn -0.5442 0.3914 0.7420
vn -0.8566 0.2514 -0.4507
vn -0.8931 0.4133 0.1778
vn 0.0252 -0.9930 -0.1151
vn -0.5841 -0.0893 -0.8067
vn -0.2066 -0.8866 -0.4139
vn -0.4967 -0.4500 -0.7421
vn 0.0323 -0.9923 -0.1195
vn -0.4780 -0.0920 -0.8735
vn -0.1584 -0.8829 -0.4420
vn -0.4009 -0.4483 -0.7990
vn 0.0399 -0.9916 -0.1230
vn -0.3645 -0.0949 -0.9263
vn -0.1074 -0.8794 -0.4638
vn -0.2991 -0.4468 -0.8432
vn 0.0478 -0.9909 -0.1255
vn -0.2455 -0.0977 -0.9645
vn -0.0543 -0.8761 -0.4790
vn -0.1931 -0.4455 -0.8742
vn 0.0560 -0.9903 -0.1270
vn -0.1228 -0.1006 -0.9873
vn -0.0000 -0.8731 -0.4875
vn -0.0846 -0.4444 -0.8918
vn 0.0643 -0.9898 -0.1275
vn 0.0015 -0.1033 -0.9946
vn 0.0548 -0.8704 -0.4893
vn 0.0248 -0.4435 -0.8959
vn 0.0725 -0.9893 -0.1269
vn 0.1256 -0.1059 -0.9864
vn 0.1091 -0.8680 -0.4844
vn 0.1334 -0.4428 -0.8866
vn 0.0807 -0.9888 -0.1254
vn 0.2474 -0.1082 -0.9628
vn 0.1622 -0.8660 -0.4730
vn 0.2397 -0.4422 -0.8643
vn 0.0886 -0.9885 -0.1228
vn 0.3652 -0.1101 -0.9244
vn 0.2135 -0.8644 -0.4553
vn 0.3422 -0.4418 -0.8293
vn 0.0961 -0.9882 -0.1192
vn 0.4772 -0.1116 -0.8717
vn 0.2621 -0.8631 -0.4316
vn 0.4395 -0.4416 -0.7822
vn 0.1031 -0.9880 -0.1148
vn 0.5817 -0.1127 -0.8055
vn 0.3075 -0.8623 -0.4024
vn 0.5302 -0.4414 -0.7240
vn 0.1095 -0.9879 -0.1095
vn 0.6772 -0.1132 -0.7270
vn 0.3490 -0.8619 -0.3679
vn 0.6131 -0.4413 -0.6553
vn 0.1152 -0.9879 -0.1035
vn 0.7622 -0.1132 -0.6374
vn 0.3861 -0.8619 -0.3288
vn 0.6871 -0.4413 -0.5772
vn 0.1201 -0.9880 -0.0968
vn 0.8355 -0.1127 -0.5378
vn 0.4182 -0.8623 -0.2855
vn 0.7513 -0.4414 -0.4907
vn 0.1242 -0.9882 -0.0896
vn 0.8959 -0.1116 -0.4299
vn 0.4450 -0.8631 -0.2387
vn 0.8046 -0.4416 -0.3970
vn 0.1273 -0.9885 -0.0819
vn 0.9426 -0.1101 -0.3153
vn 0.4660 -0.8644 -0.1888
vn 0.8464 -0.4418 -0.2974
vn 0.1295 -0.9888 -0.0739
vn 0.9747 -0.1082 -0.1956
vn 0.4810 -0.8660 -0.1367
vn 0.8758 -0.4422 -0.1932
vn 0.1306 -0.9893 -0.0656
vn 0.9917 -0.1059 -0.0726
vn 0.4895 -0.8680 -0.0830
vn 0.8925 -0.4428 -0.0858
vn 0.1308 -0.9898 -0.0573
vn 0.9933 -0.1033 0.0517
vn 0.4915 -0.8704 -0.0285
vn 0.8960 -0.4435 0.0231
vn 0.1299 -0.9903 -0.0491
vn 0.9793 -0.1006 0.1755
vn 0.4868 -0.8731 0.0260
vn 0.8860 -0.4444 0.1322
vn 0.1279 -0.9909 -0.0410
vn 0.9499 -0.0977 0.2967
vn 0.4754 -0.8761 0.0798
vn 0.8626 -0.4455 0.2396
vn 0.1250 -0.9916 -0.0332
vn 0.9055 -0.0949 0.4136
vn 0.4574 -0.8794 0.1320
vn 0.8259 -0.4468 0.3438
vn 0.1211 -0.9923 -0.0259
vn 0.8467 -0.0920 0.5241
vn 0.4329 -0.8829 0.1819
vn 0.7764 -0.4483 0.4430
vn 0.1163 -0.9930 -0.0191
vn 0.7743 -0.0893 0.6264
vn 0.4023 -0.8866 0.2285
vn 0.7145 -0.4500 0.5357
vn 0.1107 -0.9938 -0.0129
vn 0.6896 -0.0867 0.7190
vn 0.3658 -0.8903 0.2711
vn 0.6412 -0.4519 0.6203
vn 0.1043 -0.9945 -0.0075
vn 0.5937 -0.0842 0.8002
vn 0.3241 -0.8942 0.3090
vn 0.5574 -0.4538 0.6952
vn 0.0973 -0.9953 -0.0029
vn 0.4884 -0.0820 0.8688
vn 0.2776 -0.8980 0.3414
vn 0.4644 -0.4559 0.7593
vn 0.0898 -0.9960 0.0007
vn 0.3751 -0.0799 0.9235
vn 0.2272 -0.9017 0.3678
vn 0.3637 -0.4580 0.8111
vn 0.0818 -0.9966 0.0034
vn 0.2559 -0.0781 0.9636
vn 0.1735 -0.9053 0.3877
vn 0.2568 -0.4601 0.8499
vn 0.0736 -0.9973 0.0050
vn 0.1325 -0.0765 0.9882
vn 0.1175 -0.9087 0.4005
vn 0.1455 -0.4622 0.8748
vn 0.0652 -0.9979 0.0056
vn 0.0071 -0.0752 0.9971
vn 0.0600 -0.9119 0.4061
vn 0.0316 -0.4641 0.8852
vn 0.0568 -0.9984 0.0052
vn -0.1185 -0.0740 0.9902
vn 0.0021 -0.9147 0.4042
vn -0.0830 -0.4659 0.8809
vn 0.0485 -0.9988 0.0037
vn -0.2421 -0.0731 0.9675
vn -0.0552 -0.9171 0.3948
vn -0.1964 -0.4675 0.8619
vn 0.0405 -0.9992 0.0011
vn -0.3618 -0.0723 0.9294
vn -0.1111 -0.9191 0.3781
vn -0.3065 -0.4688 0.8284
vn 0.0328 -0.9995 -0.0025
vn -0.4758 -0.0718 0.8766
vn -0.1644 -0.9206 0.3541
vn -0.4115 -0.4698 0.7810
vn 0.0257 -0.9996 -0.0069
vn -0.5822 -0.0714 0.8099
vn -0.2142 -0.9217 0.3235
vn -0.5097 -0.4705 0.7203
vn 0.0191 -0.9997 -0.0123
vn -0.6793 -0.0712 0.7304
vn -0.2597 -0.9222 0.2865
vn -0.5992 -0.4708 0.6475
vn 0.0133 -0.9997 -0.0184
vn -0.7657 -0.0712 0.6393
vn -0.3000 -0.9222 0.2440
vn -0.6786 -0.4708 0.5637
vn 0.0083 -0.9996 -0.0252
vn -0.8399 -0.0714 0.5380
vn -0.3345 -0.9217 0.1966
vn -0.7466 -0.4705 0.4704
vn 0.0042 -0.9995 -0.0326
vn -0.9008 -0.0718 0.4282
vn -0.3624 -0.9206 0.1452
vn -0.8019 -0.4698 0.3692
vn 0.0011 -0.9992 -0.0405
vn -0.9475 -0.0723 0.3116
vn -0.3835 -0.9191 0.0907
vn -0.8436 -0.4688 0.2617
vn -0.0011 -0.9988 -0.0486
vn -0.9791 -0.0731 0.1900
vn -0.3972 -0.9171 0.0340
vn -0.8712 -0.4675 0.1500
vn -0.0021 -0.9984 -0.0570
vn -0.9951 -0.0740 0.0653
vn -0.4035 -0.9147 -0.0237
vn -0.8841 -0.4659 0.0358
vn -0.0022 -0.9979 -0.0654
vn -0.9953 -0.0752 -0.0604
vn -0.4023 -0.9119 -0.0817
vn -0.8823 -0.4641 -0.0788
vn -0.0011 -0.9973 -0.0738
vn -0.9797 -0.0765 -0.1852
vn -0.3937 -0.9087 -0.1387
vn -0.8657 -0.4622 -0.1920
vn 0.0010 -0.9966 -0.0819
vn -0.9485 -0.0781 -0.3070
vn -0.3778 -0.9053 -0.1940
vn -0.8350 -0.4601 -0.3019
vn 0.0041 -0.9960 -0.0897
vn -0.9021 -0.0799 -0.4240
vn -0.3552 -0.9017 -0.2465
vn -0.7905 -0.4580 -0.4065
vn 0.0081 -0.9953 -0.0970
vn -0.8414 -0.0820 -0.5341
vn -0.3261 -0.8980 -0.2955
vn -0.7333 -0.4559 -0.5043
vn 0.0131 -0.9945 -0.1038
vn -0.7673 -0.0842 -0.6357
vn -0.2912 -0.8942 -0.3401
vn -0.6644 -0.4538 -0.5938
vn -0.6811 -0.0866 -0.7270
vn 0.0188 -0.9938 -0.1098
vn -0.5851 -0.4519 -0.6734
vn -0.2511 -0.8903 -0.3798
vn -0.4144 0.3602 0.8358
vn 0.0649 -0.9960 -0.0615
vn 0.5927 -0.0119 0.8053
vn 0.4869 -0.0202 0.8732
vn 0.3735 -0.0284 0.9272
vn 0.2542 -0.0363 0.9665
vn 0.1309 -0.0439 0.9904
vn 0.0056 -0.0508 0.9987
vn -0.1197 -0.0571 0.9912
vn -0.2430 -0.0626 0.9680
vn -0.3625 -0.0671 0.9296
vn -0.4762 -0.0706 0.8765
vn -0.5823 -0.0730 0.8097
vn -0.6792 -0.0742 0.7302
vn -0.7655 -0.0742 0.6392
vn -0.8397 -0.0730 0.5381
vn -0.9007 -0.0706 0.4286
vn -0.9476 -0.0671 0.3123
vn -0.9796 -0.0626 0.1909
vn -0.9961 -0.0571 0.0665
vn -0.9970 -0.0508 -0.0590
vn -0.9820 -0.0439 -0.1837
vn -0.9515 -0.0363 -0.3055
vn -0.9059 -0.0284 -0.4225
vn -0.8459 -0.0202 -0.5329
vn -0.7725 -0.0119 -0.6349
vn -0.6868 -0.0036 -0.7268
vn -0.5903 0.0046 -0.8072
vn -0.4844 0.0124 -0.8748
vn -0.3709 0.0200 -0.9285
vn -0.2516 0.0270 -0.9675
vn -0.1284 0.0335 -0.9912
vn -0.0033 0.0394 -0.9992
vn 0.1218 0.0445 -0.9916
vn 0.2449 0.0489 -0.9683
vn 0.3641 0.0525 -0.9299
vn 0.4775 0.0552 -0.8769
vn 0.5834 0.0570 -0.8102
vn 0.6801 0.0579 -0.7308
vn 0.7662 0.0579 -0.6400
vn 0.8402 0.0570 -0.5392
vn 0.9012 0.0552 -0.4299
vn 0.9480 0.0525 -0.3138
vn 0.9800 0.0489 -0.1928
vn 0.9966 0.0445 -0.0686
vn 0.9976 0.0394 0.0567
vn 0.9829 0.0335 0.1812
vn 0.9526 0.0270 0.3030
vn 0.9073 0.0200 0.4200
vn 0.8476 0.0124 0.5305
vn 0.7745 0.0046 0.6326
vn 0.6890 -0.0036 0.7247
vn 0.5935 -0.0177 0.8046
vn 0.4886 -0.0354 0.8718
vn 0.3759 -0.0525 0.9252
vn 0.2574 -0.0689 0.9639
vn 0.1347 -0.0843 0.9873
vn 0.0100 -0.0983 0.9951
vn -0.1148 -0.1108 0.9872
vn -0.2378 -0.1215 0.9637
vn -0.3570 -0.1303 0.9250
vn -0.4705 -0.1371 0.8717
vn -0.5766 -0.1416 0.8047
vn -0.6736 -0.1439 0.7250
vn -0.7599 -0.1439 0.6339
vn -0.8343 -0.1416 0.5327
vn -0.8956 -0.1371 0.4232
vn -0.9427 -0.1303 0.3070
vn -0.9750 -0.1215 0.1859
vn -0.9919 -0.1108 0.0619
vn -0.9931 -0.0983 -0.0632
vn -0.9787 -0.0843 -0.1873
vn -0.9487 -0.0689 -0.3085
vn -0.9037 -0.0525 -0.4249
vn -0.8444 -0.0354 -0.5345
vn -0.7717 -0.0177 -0.6357
vn -0.6868 0.0002 -0.7268
vn -0.5911 0.0181 -0.8064
vn -0.4860 0.0356 -0.8732
vn -0.3733 0.0525 -0.9262
vn -0.2547 0.0685 -0.9646
vn -0.1322 0.0834 -0.9877
vn -0.0077 0.0970 -0.9953
vn 0.1169 0.1090 -0.9871
vn 0.2396 0.1193 -0.9635
vn 0.3584 0.1277 -0.9248
vn 0.4716 0.1341 -0.8715
vn 0.5774 0.1385 -0.8046
vn 0.6741 0.1407 -0.7252
vn 0.7602 0.1407 -0.6343
vn 0.8344 0.1385 -0.5335
vn 0.8955 0.1341 -0.4243
vn 0.9426 0.1277 -0.3085
vn 0.9750 0.1193 -0.1877
vn 0.9920 0.1090 -0.0640
vn 0.9934 0.0970 0.0609
vn 0.9792 0.0834 0.1848
vn 0.9496 0.0685 0.3059
vn 0.9049 0.0525 0.4223
vn 0.8460 0.0356 0.5320
vn 0.7736 0.0181 0.6334
vn 0.6890 0.0002 0.7247
vn 0.5949 -0.0271 0.8034
vn 0.4913 -0.0542 0.8693
vn 0.3799 -0.0804 0.9215
vn 0.2625 -0.1053 0.9592
vn 0.1410 -0.1286 0.9816
vn 0.0172 -0.1498 0.9886
vn -0.1068 -0.1687 0.9799
vn -0.2290 -0.1849 0.9557
vn -0.3477 -0.1982 0.9164
vn -0.4608 -0.2083 0.8627
vn -0.5666 -0.2152 0.7954
vn -0.6635 -0.2186 0.7155
vn -0.7499 -0.2186 0.6243
vn -0.8245 -0.2152 0.5233
vn -0.8861 -0.2083 0.4140
vn -0.9337 -0.1982 0.2982
vn -0.9666 -0.1849 0.1776
vn -0.9842 -0.1687 0.0542
vn -0.9862 -0.1498 -0.0701
vn -0.9727 -0.1286 -0.1933
vn -0.9438 -0.1053 -0.3134
vn -0.8999 -0.0804 -0.4286
vn -0.8418 -0.0542 -0.5370
vn -0.7704 -0.0271 -0.6370
vn -0.6868 0.0003 -0.7268
vn -0.5924 0.0278 -0.8052
vn -0.4886 0.0548 -0.8708
vn -0.3772 0.0809 -0.9226
vn -0.2599 0.1058 -0.9598
vn -0.1385 0.1289 -0.9819
vn -0.0149 0.1500 -0.9886
vn 0.1087 0.1688 -0.9796
vn 0.2307 0.1848 -0.9553
vn 0.3489 0.1980 -0.9160
vn 0.4617 0.2081 -0.8623
vn 0.5672 0.2148 -0.7951
vn 0.6637 0.2183 -0.7154
vn 0.7499 0.2183 -0.6245
vn 0.8243 0.2148 -0.5238
vn 0.8858 0.2081 -0.4149
vn 0.9333 0.1980 -0.2995
vn 0.9663 0.1848 -0.1793
vn 0.9841 0.1688 -0.0562
vn 0.9864 0.1500 0.0678
vn 0.9731 0.1289 0.1908
vn 0.9446 0.1058 0.3108
vn 0.9011 0.0809 0.4260
vn 0.8434 0.0548 0.5345
vn 0.7723 0.0278 0.6346
vn 0.6891 0.0003 0.7247
vn 0.5969 -0.0370 0.8015
vn 0.4952 -0.0738 0.8656
vn 0.3856 -0.1096 0.9161
vn 0.2700 -0.1435 0.9521
vn 0.1501 -0.1752 0.9730
vn 0.0278 -0.2041 0.9785
vn -0.0949 -0.2298 0.9686
vn -0.2160 -0.2518 0.9434
vn -0.3337 -0.2699 0.9032
vn -0.4461 -0.2837 0.8488
vn -0.5515 -0.2930 0.7810
vn -0.6482 -0.2977 0.7009
vn -0.7346 -0.2977 0.6097
vn -0.8094 -0.2930 0.5089
vn -0.8715 -0.2837 0.4001
vn -0.9198 -0.2699 0.2849
vn -0.9536 -0.2518 0.1652
vn -0.9723 -0.2298 0.0429
vn -0.9757 -0.2041 -0.0801
vn -0.9636 -0.1752 -0.2019
vn -0.9363 -0.1435 -0.3205
vn -0.8942 -0.1096 -0.4341
vn -0.8379 -0.0738 -0.5408
vn -0.7684 -0.0370 -0.6389
vn -0.6867 0.0005 -0.7269
vn -0.5942 0.0380 -0.8034
vn -0.4924 0.0749 -0.8672
vn -0.3828 0.1105 -0.9172
vn -0.2672 0.1444 -0.9528
vn -0.1474 0.1761 -0.9733
vn -0.0254 0.2049 -0.9784
vn 0.0969 0.2305 -0.9682
vn 0.2177 0.2525 -0.9428
vn 0.3350 0.2705 -0.9026
vn 0.4470 0.2842 -0.8482
vn 0.5519 0.2935 -0.7805
vn 0.6482 0.2982 -0.7007
vn 0.7343 0.2982 -0.6098
vn 0.8089 0.2935 -0.5094
vn 0.8709 0.2842 -0.4010
vn 0.9192 0.2705 -0.2862
vn 0.9531 0.2525 -0.1669
vn 0.9720 0.2305 -0.0450
vn 0.9757 0.2049 0.0777
vn 0.9640 0.1761 0.1993
vn 0.9371 0.1444 0.3178
vn 0.8954 0.1105 0.4313
vn 0.8396 0.0748 0.5380
vn 0.7705 0.0380 0.6364
vn 0.6891 0.0005 0.7246
vn 0.6000 -0.0478 0.7986
vn 0.5011 -0.0956 0.8601
vn 0.3943 -0.1419 0.9080
vn 0.2813 -0.1859 0.9415
vn 0.1638 -0.2269 0.9600
vn 0.0437 -0.2643 0.9634
vn -0.0770 -0.2976 0.9516
vn -0.1964 -0.3261 0.9247
vn -0.3127 -0.3494 0.8832
vn -0.4241 -0.3673 0.8278
vn -0.5287 -0.3793 0.7593
vn -0.6250 -0.3854 0.6789
vn -0.7114 -0.3854 0.5878
vn -0.7865 -0.3793 0.4873
vn -0.8493 -0.3673 0.3792
vn -0.8987 -0.3494 0.2650
vn -0.9339 -0.3261 0.1467
vn -0.9543 -0.2976 0.0260
vn -0.9597 -0.2643 -0.0952
vn -0.9499 -0.2269 -0.2149
vn -0.9251 -0.1859 -0.3312
vn -0.8856 -0.1419 -0.4423
vn -0.8321 -0.0956 -0.5464
vn -0.7654 -0.0478 -0.6418
vn -0.6866 0.0008 -0.7271
vn -0.5969 0.0494 -0.8008
vn -0.4979 0.0972 -0.8618
vn -0.3910 0.1434 -0.9091
vn -0.2781 0.1874 -0.9421
vn -0.1608 0.2284 -0.9602
vn -0.0411 0.2658 -0.9632
vn 0.0792 0.2989 -0.9510
vn 0.1982 0.3274 -0.9239
vn 0.3140 0.3507 -0.8823
vn 0.4248 0.3685 -0.8269
vn 0.5289 0.3806 -0.7586
vn 0.6248 0.3866 -0.6784
vn 0.7108 0.3866 -0.5876
vn 0.7858 0.3806 -0.4876
vn 0.8484 0.3685 -0.3800
vn 0.8978 0.3507 -0.2663
vn 0.9331 0.3274 -0.1485
vn 0.9539 0.2989 -0.0282
vn 0.9596 0.2658 0.0925
vn 0.9502 0.2284 0.2119
vn 0.9259 0.1874 0.3281
vn 0.8869 0.1434 0.4391
vn 0.8339 0.0972 0.5433
vn 0.7677 0.0494 0.6389
vn 0.6893 0.0008 0.7245
vn 0.6046 -0.0601 0.7943
vn 0.5101 -0.1205 0.8516
vn 0.4075 -0.1789 0.8955
vn 0.2984 -0.2344 0.9252
vn 0.1846 -0.2861 0.9402
vn 0.0680 -0.3333 0.9404
vn -0.0497 -0.3752 0.9256
vn -0.1666 -0.4111 0.8962
vn -0.2807 -0.4405 0.8527
vn -0.3904 -0.4630 0.7957
vn -0.4939 -0.4782 0.7262
vn -0.5896 -0.4858 0.6453
vn -0.6759 -0.4858 0.5542
vn -0.7516 -0.4782 0.4543
vn -0.8155 -0.4630 0.3473
vn -0.8665 -0.4405 0.2347
vn -0.9039 -0.4111 0.1184
vn -0.9269 -0.3752 0.0002
vn -0.9354 -0.3333 -0.1181
vn -0.9290 -0.2861 -0.2346
vn -0.9079 -0.2344 -0.3475
vn -0.8725 -0.1789 -0.4548
vn -0.8231 -0.1205 -0.5549
vn -0.7608 -0.0601 -0.6462
vn -0.6864 0.0012 -0.7272
vn -0.6011 0.0625 -0.7967
vn -0.5064 0.1229 -0.8535
vn -0.4037 0.1812 -0.8968
vn -0.2948 0.2367 -0.9258
vn -0.1813 0.2884 -0.9402
vn -0.0650 0.3355 -0.9398
vn 0.0522 0.3774 -0.9246
vn 0.1684 0.4133 -0.8949
vn 0.2819 0.4426 -0.8512
vn 0.3910 0.4650 -0.7943
vn 0.4938 0.4802 -0.7250
vn 0.5890 0.4878 -0.6443
vn 0.6749 0.4878 -0.5537
vn 0.7503 0.4802 -0.4543
vn 0.8141 0.4650 -0.3479
vn 0.8651 0.4426 -0.2360
vn 0.9026 0.4132 -0.1203
vn 0.9261 0.3774 -0.0026
vn 0.9350 0.3355 0.1152
vn 0.9292 0.2884 0.2313
vn 0.9087 0.2367 0.3439
vn 0.8739 0.1812 0.4511
vn 0.8252 0.1228 0.5513
vn 0.7634 0.0625 0.6429
vn 0.6895 0.0012 0.7243
vn 0.6116 -0.0741 0.7877
vn 0.5237 -0.1487 0.8388
vn 0.4275 -0.2210 0.8766
vn 0.3246 -0.2897 0.9004
vn 0.2164 -0.3537 0.9100
vn 0.1050 -0.4121 0.9051
vn -0.0081 -0.4638 0.8859
vn -0.1210 -0.5082 0.8527
vn -0.2319 -0.5445 0.8061
vn -0.3390 -0.5722 0.7467
vn -0.4407 -0.5909 0.6757
vn -0.5355 -0.6004 0.5940
vn -0.6218 -0.6004 0.5029
vn -0.6983 -0.5909 0.4040
vn -0.7638 -0.5722 0.2986
vn -0.8173 -0.5445 0.1884
vn -0.8579 -0.5082 0.0752
vn -0.8850 -0.4638 -0.0393
vn -0.8982 -0.4121 -0.1532
vn -0.8971 -0.3537 -0.2648
vn -0.8818 -0.2897 -0.3722
vn -0.8524 -0.2210 -0.4738
vn -0.8096 -0.1488 -0.5679
vn -0.7539 -0.0741 -0.6529
vn -0.6862 0.0018 -0.7274
vn -0.6076 0.0777 -0.7904
vn -0.5195 0.1524 -0.8408
vn -0.4233 0.2246 -0.8777
vn -0.3204 0.2932 -0.9008
vn -0.2127 0.3571 -0.9095
vn -0.1017 0.4153 -0.9040
vn 0.0107 0.4669 -0.8842
vn 0.1228 0.5112 -0.8507
vn 0.2329 0.5474 -0.8038
vn 0.3392 0.5750 -0.7445
vn 0.4402 0.5937 -0.6736
vn 0.5343 0.6031 -0.5923
vn 0.6201 0.6031 -0.5018
vn 0.6962 0.5937 -0.4035
vn 0.7616 0.5750 -0.2989
vn 0.8151 0.5474 -0.1895
vn 0.8560 0.5112 -0.0771
vn 0.8835 0.4669 0.0366
vn 0.8972 0.4153 0.1499
vn 0.8969 0.3571 0.2610
vn 0.8823 0.2932 0.3682
vn 0.8538 0.2246 0.4696
vn 0.8118 0.1524 0.5637
vn 0.7568 0.0777 0.6490
vn 0.6897 0.0018 0.7241
vn 0.6219 -0.0891 0.7780
vn 0.5441 -0.1795 0.8196
vn 0.4575 -0.2669 0.8482
vn 0.3637 -0.3500 0.8633
vn 0.2641 -0.4274 0.8646
vn 0.1604 -0.4980 0.8522
vn 0.0543 -0.5605 0.8264
vn -0.0526 -0.6141 0.7875
vn -0.1585 -0.6580 0.7362
vn -0.2619 -0.6914 0.6733
vn -0.3610 -0.7140 0.5999
vn -0.4544 -0.7254 0.5171
vn -0.5406 -0.7254 0.4261
vn -0.6184 -0.7140 0.3284
vn -0.6864 -0.6914 0.2255
vn -0.7436 -0.6580 0.1189
vn -0.7892 -0.6141 0.0104
vn -0.8223 -0.5605 -0.0984
vn -0.8424 -0.4980 -0.2058
vn -0.8492 -0.4274 -0.3100
vn -0.8426 -0.3500 -0.4093
vn -0.8225 -0.2669 -0.5022
vn -0.7894 -0.1795 -0.5871
vn -0.7436 -0.0891 -0.6626
vn -0.6861 0.0027 -0.7275
vn -0.6177 0.0945 -0.7807
vn -0.5395 0.1847 -0.8215
vn -0.4529 0.2719 -0.8491
vn -0.3592 0.3548 -0.8632
vn -0.2600 0.4319 -0.8636
vn -0.1569 0.5021 -0.8505
vn -0.0516 0.5643 -0.8240
vn 0.0544 0.6175 -0.7847
vn 0.1594 0.6611 -0.7332
vn 0.2618 0.6943 -0.6703
vn 0.3601 0.7167 -0.5972
vn 0.4527 0.7280 -0.5148
vn 0.5383 0.7280 -0.4245
vn 0.6156 0.7167 -0.3276
vn 0.6834 0.6943 -0.2256
vn 0.7406 0.6611 -0.1200
vn 0.7864 0.6175 -0.0124
vn 0.8201 0.5643 0.0956
vn 0.8409 0.5021 0.2022
vn 0.8485 0.4319 0.3058
vn 0.8428 0.3548 0.4048
vn 0.8237 0.2719 0.4976
vn 0.7915 0.1847 0.5827
vn 0.7466 0.0945 0.6585
vn 0.6898 0.0027 0.7240
vn 0.6362 -0.1036 0.7645
vn 0.5726 -0.2093 0.7927
vn 0.4998 -0.3116 0.8081
vn 0.4191 -0.4088 0.8107
vn 0.3318 -0.4993 0.8004
vn 0.2392 -0.5818 0.7773
vn 0.1430 -0.6549 0.7420
vn 0.0447 -0.7176 0.6950
vn -0.0543 -0.7689 0.6371
vn -0.1523 -0.8080 0.5692
vn -0.2477 -0.8344 0.4924
vn -0.3393 -0.8477 0.4079
vn -0.4254 -0.8477 0.3170
vn -0.5049 -0.8344 0.2211
vn -0.5765 -0.8080 0.1216
vn -0.6391 -0.7689 0.0201
vn -0.6916 -0.7176 -0.0818
vn -0.7333 -0.6549 -0.1825
vn -0.7634 -0.5818 -0.2805
vn -0.7815 -0.4993 -0.3741
vn -0.7871 -0.4088 -0.4619
vn -0.7803 -0.3116 -0.5423
vn -0.7609 -0.2093 -0.6142
vn -0.7294 -0.1036 -0.6762
vn -0.6863 0.0037 -0.7273
vn -0.6322 0.1109 -0.7668
vn -0.5682 0.2163 -0.7940
vn -0.4952 0.3181 -0.8085
vn -0.4144 0.4147 -0.8101
vn -0.3273 0.5046 -0.7989
vn -0.2353 0.5863 -0.7751
vn -0.1397 0.6587 -0.7393
vn -0.0422 0.7207 -0.6920
vn 0.0559 0.7713 -0.6340
vn 0.1529 0.8099 -0.5663
vn 0.2474 0.8359 -0.4899
vn 0.3381 0.8491 -0.4060
vn 0.4235 0.8491 -0.3159
vn 0.5024 0.8359 -0.2208
vn 0.5736 0.8099 -0.1224
vn 0.6361 0.7713 -0.0219
vn 0.6887 0.7207 0.0791
vn 0.7308 0.6587 0.1790
vn 0.7615 0.5863 0.2764
vn 0.7802 0.5046 0.3696
vn 0.7868 0.4147 0.4572
vn 0.7808 0.3181 0.5377
vn 0.7625 0.2163 0.6098
vn 0.7319 0.1109 0.6723
vn 0.6896 0.0037 0.7242
vn 0.6542 -0.1150 0.7475
vn 0.6090 -0.2325 0.7583
vn 0.5541 -0.3464 0.7570
vn 0.4904 -0.4546 0.7435
vn 0.4189 -0.5556 0.7182
vn 0.3410 -0.6476 0.6815
vn 0.2577 -0.7292 0.6339
vn 0.1704 -0.7992 0.5764
vn 0.0805 -0.8565 0.5098
vn -0.0105 -0.9002 0.4353
vn -0.1014 -0.9298 0.3539
vn -0.1906 -0.9446 0.2671
vn -0.2768 -0.9446 0.1761
vn -0.3588 -0.9298 0.0823
vn -0.4351 -0.9003 -0.0128
vn -0.5047 -0.8565 -0.1077
vn -0.5664 -0.7993 -0.2010
vn -0.6192 -0.7293 -0.2912
vn -0.6622 -0.6476 -0.3770
vn -0.6947 -0.5556 -0.4568
vn -0.7162 -0.4546 -0.5295
vn -0.7263 -0.3464 -0.5938
vn -0.7247 -0.2325 -0.6487
vn -0.7115 -0.1149 -0.6933
vn -0.6868 0.0045 -0.7268
vn -0.6512 0.1237 -0.7487
vn -0.6053 0.2408 -0.7587
vn -0.5497 0.3539 -0.7567
vn -0.4855 0.4612 -0.7427
vn -0.4137 0.5611 -0.7170
vn -0.3355 0.6518 -0.6801
vn -0.2522 0.7322 -0.6326
vn -0.1652 0.8010 -0.5754
vn -0.0758 0.8573 -0.5093
vn 0.0147 0.9001 -0.4354
vn 0.1048 0.9290 -0.3548
vn 0.1933 0.9436 -0.2688
vn 0.2787 0.9436 -0.1787
vn 0.3599 0.9290 -0.0858
vn 0.4355 0.9001 0.0085
vn 0.5045 0.8573 0.1028
vn 0.5657 0.8011 0.1957
vn 0.6182 0.7322 0.2856
vn 0.6612 0.6519 0.3713
vn 0.6939 0.5611 0.4514
vn 0.7157 0.4612 0.5244
vn 0.7263 0.3539 0.5893
vn 0.7253 0.2408 0.6449
vn 0.7128 0.1236 0.6903
vn 0.6890 0.0044 0.7247
vn 0.6729 -0.1215 0.7297
vn 0.6462 -0.2447 0.7229
vn 0.6092 -0.3639 0.7046
vn 0.5626 -0.4774 0.6750
vn 0.5072 -0.5832 0.6345
vn 0.4438 -0.6797 0.5840
vn 0.3735 -0.7653 0.5242
vn 0.2973 -0.8388 0.4561
vn 0.2165 -0.8989 0.3809
vn 0.1324 -0.9448 0.2998
vn 0.0461 -0.9757 0.2140
vn -0.0409 -0.9913 0.1250
vn -0.1272 -0.9913 0.0341
vn -0.2117 -0.9756 -0.0573
vn -0.2929 -0.9446 -0.1478
vn -0.3696 -0.8987 -0.2360
vn -0.4406 -0.8386 -0.3205
vn -0.5046 -0.7651 -0.4000
vn -0.5607 -0.6795 -0.4732
vn -0.6079 -0.5830 -0.5390
vn -0.6454 -0.4772 -0.5964
vn -0.6726 -0.3637 -0.6445
vn -0.6890 -0.2444 -0.6823
vn -0.6943 -0.1212 -0.7094
vn -0.6885 0.0038 -0.7253
vn -0.6716 0.1288 -0.7297
vn -0.6439 0.2515 -0.7226
vn -0.6060 0.3702 -0.7041
vn -0.5585 0.4828 -0.6745
vn -0.5022 0.5876 -0.6344
vn -0.4381 0.6830 -0.5844
vn -0.3671 0.7676 -0.5254
vn -0.2905 0.8400 -0.4581
vn -0.2095 0.8993 -0.3839
vn -0.1254 0.9445 -0.3037
vn -0.0394 0.9750 -0.2188
vn 0.0472 0.9903 -0.1306
vn 0.1330 0.9903 -0.0403
vn 0.2167 0.9749 0.0507
vn 0.2970 0.9444 0.1409
vn 0.3728 0.8992 0.2291
vn 0.4428 0.8399 0.3138
vn 0.5060 0.7675 0.3937
vn 0.5613 0.6829 0.4675
vn 0.6080 0.5874 0.5341
vn 0.6451 0.4826 0.5924
vn 0.6722 0.3700 0.6413
vn 0.6887 0.2513 0.6801
vn 0.6944 0.1285 0.7080
vn 0.6891 0.0036 0.7247
vn 0.6863 -0.1261 0.7163
vn 0.6672 -0.2502 0.7016
vn 0.6375 -0.3702 0.6757
vn 0.5976 -0.4842 0.6391
vn 0.5483 -0.5903 0.5924
vn 0.4903 -0.6870 0.5363
vn 0.4247 -0.7726 0.4719
vn 0.3525 -0.8459 0.4002
vn 0.2748 -0.9058 0.3224
vn 0.1930 -0.9515 0.2396
vn 0.1082 -0.9823 0.1531
vn 0.0218 -0.9977 0.0643
vn -0.0650 -0.9976 -0.0254
vn -0.1507 -0.9819 -0.1147
vn -0.2341 -0.9509 -0.2023
vn -0.3139 -0.9051 -0.2868
vn -0.3889 -0.8451 -0.3669
vn -0.4578 -0.7717 -0.4414
vn -0.5197 -0.6861 -0.5090
vn -0.5734 -0.5896 -0.5688
vn -0.6182 -0.4836 -0.6197
vn -0.6531 -0.3698 -0.6608
vn -0.6778 -0.2500 -0.6915
vn -0.6916 -0.1261 -0.7111
vn -0.6945 -0.0001 -0.7195
vn -0.6863 0.1260 -0.7164
vn -0.6671 0.2500 -0.7018
vn -0.6373 0.3699 -0.6760
vn -0.5974 0.4838 -0.6395
vn -0.5481 0.5900 -0.5929
vn -0.4902 0.6866 -0.5369
vn -0.4247 0.7723 -0.4724
vn -0.3526 0.8456 -0.4007
vn -0.2751 0.9056 -0.3227
vn -0.1934 0.9514 -0.2398
vn -0.1088 0.9822 -0.1532
vn -0.0225 0.9977 -0.0642
vn 0.0640 0.9976 0.0256
vn 0.1496 0.9820 0.1151
vn 0.2330 0.9511 0.2028
vn 0.3127 0.9053 0.2874
vn 0.3877 0.8453 0.3676
vn 0.4567 0.7720 0.4421
vn 0.5186 0.6864 0.5097
vn 0.5725 0.5899 0.5695
vn 0.6174 0.4838 0.6203
vn 0.6526 0.3699 0.6613
vn 0.6774 0.2500 0.6918
vn 0.6914 0.1260 0.7114
vn 0.6944 -0.0000 0.7196
vn 0.6902 -0.1299 0.7118
vn 0.6616 -0.2527 0.7060
vn 0.6224 -0.3713 0.6890
vn 0.5732 -0.4839 0.6612
vn 0.5150 -0.5887 0.6231
vn 0.4487 -0.6840 0.5752
vn 0.3754 -0.7683 0.5184
vn 0.2964 -0.8405 0.4536
vn 0.2128 -0.8994 0.3818
vn 0.1261 -0.9442 0.3042
vn 0.0375 -0.9744 0.2219
vn -0.0515 -0.9893 0.1362
vn -0.1397 -0.9890 0.0484
vn -0.2256 -0.9734 -0.0402
vn -0.3081 -0.9427 -0.1282
vn -0.3857 -0.8974 -0.2143
vn -0.4575 -0.8381 -0.2972
vn -0.5222 -0.7657 -0.3756
vn -0.5788 -0.6812 -0.4483
vn -0.6265 -0.5859 -0.5140
vn -0.6644 -0.4813 -0.5718
vn -0.6919 -0.3688 -0.6206
vn -0.7087 -0.2504 -0.6596
vn -0.7142 -0.1278 -0.6882
vn -0.7085 -0.0029 -0.7057
vn -0.6916 0.1220 -0.7119
vn -0.6638 0.2451 -0.7066
vn -0.6255 0.3644 -0.6899
vn -0.5774 0.4778 -0.6621
vn -0.5202 0.5835 -0.6236
vn -0.4549 0.6799 -0.5752
vn -0.3824 0.7654 -0.5175
vn -0.3040 0.8387 -0.4517
vn -0.2210 0.8987 -0.3789
vn -0.1345 0.9444 -0.3001
vn -0.0459 0.9752 -0.2167
vn 0.0433 0.9906 -0.1300
vn 0.1320 0.9904 -0.0413
vn 0.2186 0.9746 0.0479
vn 0.3019 0.9436 0.1362
vn 0.3805 0.8976 0.2225
vn 0.4533 0.8375 0.3052
vn 0.5191 0.7640 0.3832
vn 0.5766 0.6784 0.4552
vn 0.6251 0.5820 0.5201
vn 0.6637 0.4762 0.5769
vn 0.6916 0.3628 0.6246
vn 0.7084 0.2435 0.6625
vn 0.7139 0.1202 0.6899
vn 0.7077 -0.0049 0.7064
vn 0.6872 -0.1298 0.7148
vn 0.6393 -0.2461 0.7285
vn 0.5811 -0.3582 0.7307
vn 0.5138 -0.4645 0.7213
vn 0.4384 -0.5631 0.7005
vn 0.3563 -0.6527 0.6686
vn 0.2687 -0.7317 0.6264
vn 0.1772 -0.7991 0.5745
vn 0.0831 -0.8539 0.5137
vn -0.0121 -0.8954 0.4451
vn -0.1069 -0.9230 0.3697
vn -0.1999 -0.9363 0.2888
vn -0.2898 -0.9352 0.2034
vn -0.3751 -0.9198 0.1149
vn -0.4548 -0.8903 0.0245
vn -0.5275 -0.8470 -0.0663
vn -0.5921 -0.7906 -0.1562
vn -0.6477 -0.7218 -0.2439
vn -0.6933 -0.6416 -0.3280
vn -0.7282 -0.5513 -0.4072
vn -0.7518 -0.4520 -0.4802
vn -0.7635 -0.3453 -0.5457
vn -0.7633 -0.2329 -0.6026
vn -0.7509 -0.1166 -0.6501
vn -0.7265 0.0018 -0.6871
vn -0.6906 0.1203 -0.7132
vn -0.6436 0.2370 -0.7278
vn -0.5863 0.3499 -0.7306
vn -0.5198 0.4572 -0.7217
vn -0.4450 0.5571 -0.7012
vn -0.3633 0.6480 -0.6694
vn -0.2760 0.7285 -0.6271
vn -0.1844 0.7973 -0.5748
vn -0.0900 0.8534 -0.5135
vn 0.0057 0.8959 -0.4442
vn 0.1012 0.9243 -0.3680
vn 0.1951 0.9381 -0.2861
vn 0.2859 0.9372 -0.1998
vn 0.3722 0.9215 -0.1105
vn 0.4528 0.8914 -0.0194
vn 0.5263 0.8472 0.0720
vn 0.5917 0.7896 0.1624
vn 0.6478 0.7195 0.2503
vn 0.6937 0.6379 0.3343
vn 0.7287 0.5461 0.4132
vn 0.7521 0.4455 0.4857
vn 0.7634 0.3376 0.5506
vn 0.7625 0.2243 0.6068
vn 0.7494 0.1073 0.6534
vn 0.7241 -0.0113 0.6896
vn 0.6813 -0.1251 0.7212
vn 0.6146 -0.2271 0.7554
vn 0.5382 -0.3254 0.7775
vn 0.4533 -0.4183 0.7871
vn 0.3615 -0.5044 0.7842
vn 0.2642 -0.5823 0.7689
vn 0.1630 -0.6508 0.7415
vn 0.0595 -0.7091 0.7026
vn -0.0447 -0.7561 0.6529
vn -0.1479 -0.7913 0.5932
vn -0.2486 -0.8143 0.5245
vn -0.3454 -0.8247 0.4478
vn -0.4369 -0.8225 0.3642
vn -0.5216 -0.8076 0.2751
vn -0.5983 -0.7804 0.1817
vn -0.6660 -0.7411 0.0854
vn -0.7235 -0.6902 -0.0124
vn -0.7699 -0.6286 -0.1101
vn -0.8044 -0.5571 -0.2064
vn -0.8264 -0.4766 -0.2997
vn -0.8356 -0.3884 -0.3886
vn -0.8315 -0.2938 -0.4715
vn -0.8142 -0.1944 -0.5471
vn -0.7838 -0.0916 -0.6142
vn -0.7409 0.0127 -0.6715
vn -0.6861 0.1170 -0.7181
vn -0.6202 0.2194 -0.7532
vn -0.5443 0.3183 -0.7762
vn -0.4597 0.4120 -0.7867
vn -0.3679 0.4990 -0.7847
vn -0.2703 0.5778 -0.7701
vn -0.1686 0.6473 -0.7433
vn -0.0643 0.7064 -0.7048
vn 0.0408 0.7543 -0.6553
vn 0.1451 0.7902 -0.5955
vn 0.2469 0.8136 -0.5264
vn 0.3448 0.8242 -0.4492
vn 0.4373 0.8219 -0.3649
vn 0.5229 0.8068 -0.2750
vn 0.6003 0.7791 -0.1807
vn 0.6684 0.7391 -0.0835
vn 0.7260 0.6875 0.0152
vn 0.7723 0.6249 0.1138
vn 0.8065 0.5524 0.2108
vn 0.8279 0.4710 0.3046
vn 0.8361 0.3819 0.3937
vn 0.8310 0.2866 0.4767
vn 0.8126 0.1866 0.5521
vn 0.7811 0.0835 0.6187
vn 0.7371 -0.0209 0.6754
vn 0.6742 -0.1149 0.7295
vn 0.5932 -0.1975 0.7804
vn 0.5028 -0.2770 0.8188
vn 0.4046 -0.3519 0.8441
vn 0.3002 -0.4211 0.8559
vn 0.1914 -0.4836 0.8541
vn 0.0797 -0.5383 0.8390
vn -0.0329 -0.5845 0.8108
vn -0.1447 -0.6215 0.7700
vn -0.2541 -0.6488 0.7173
vn -0.3594 -0.6660 0.6537
vn -0.4590 -0.6729 0.5800
vn -0.5516 -0.6695 0.4975
vn -0.6356 -0.6558 0.4074
vn -0.7099 -0.6319 0.3109
vn -0.7734 -0.5983 0.2095
vn -0.8250 -0.5553 0.1047
vn -0.8639 -0.5037 -0.0019
vn -0.8894 -0.4440 -0.1087
vn -0.9010 -0.3772 -0.2141
vn -0.8985 -0.3044 -0.3163
vn -0.8817 -0.2265 -0.4138
vn -0.8509 -0.1449 -0.5049
vn -0.8065 -0.0609 -0.5881
vn -0.7491 0.0242 -0.6620
vn -0.6796 0.1089 -0.7254
vn -0.5992 0.1919 -0.7772
vn -0.5092 0.2718 -0.8166
vn -0.4111 0.3472 -0.8429
vn -0.3065 0.4169 -0.8557
vn -0.1971 0.4799 -0.8549
vn -0.0847 0.5351 -0.8405
vn 0.0288 0.5817 -0.8129
vn 0.1418 0.6190 -0.7725
vn 0.2523 0.6466 -0.7199
vn 0.3587 0.6639 -0.6562
vn 0.4594 0.6708 -0.5821
vn 0.5529 0.6673 -0.4990
vn 0.6377 0.6533 -0.4080
vn 0.7125 0.6291 -0.3106
vn 0.7762 0.5951 -0.2082
vn 0.8278 0.5516 -0.1024
vn 0.8663 0.4994 0.0052
vn 0.8912 0.4393 0.1129
vn 0.9020 0.3721 0.2189
vn 0.8985 0.2988 0.3217
vn 0.8806 0.2206 0.4194
vn 0.8486 0.1388 0.5105
vn 0.8030 0.0547 0.5934
vn 0.7446 -0.0303 0.6668
vn 0.6671 -0.0982 0.7384
vn 0.5764 -0.1595 0.8014
vn 0.4767 -0.2182 0.8516
vn 0.3695 -0.2734 0.8881
vn 0.2567 -0.3241 0.9105
vn 0.1401 -0.3697 0.9185
vn 0.0216 -0.4094 0.9121
vn -0.0971 -0.4427 0.8914
vn -0.2140 -0.4690 0.8569
vn -0.3274 -0.4879 0.8091
vn -0.4356 -0.4993 0.7489
vn -0.5370 -0.5030 0.6772
vn -0.6301 -0.4989 0.5950
vn -0.7135 -0.4871 0.5036
vn -0.7859 -0.4677 0.4044
vn -0.8462 -0.4411 0.2989
vn -0.8935 -0.4076 0.1885
vn -0.9269 -0.3676 0.0750
vn -0.9460 -0.3218 -0.0398
vn -0.9502 -0.2709 -0.1543
vn -0.9394 -0.2155 -0.2666
vn -0.9137 -0.1567 -0.3749
vn -0.8735 -0.0953 -0.4774
vn -0.8193 -0.0323 -0.5724
vn -0.7520 0.0313 -0.6584
vn -0.6726 0.0944 -0.7340
vn -0.5824 0.1559 -0.7978
vn -0.4829 0.2149 -0.8489
vn -0.3757 0.2704 -0.8864
vn -0.2626 0.3214 -0.9098
vn -0.1455 0.3673 -0.9187
vn -0.0262 0.4072 -0.9130
vn 0.0934 0.4406 -0.8929
vn 0.2113 0.4669 -0.8587
vn 0.3258 0.4859 -0.8110
vn 0.4350 0.4973 -0.7507
vn 0.5373 0.5008 -0.6786
vn 0.6312 0.4965 -0.5958
vn 0.7152 0.4845 -0.5037
vn 0.7880 0.4648 -0.4037
vn 0.8485 0.4379 -0.2971
vn 0.8956 0.4041 -0.1858
vn 0.9287 0.3639 -0.0714
vn 0.9471 0.3179 0.0443
vn 0.9505 0.2667 0.1594
vn 0.9388 0.2113 0.2722
vn 0.9120 0.1524 0.3807
vn 0.8708 0.0910 0.4832
vn 0.8155 0.0280 0.5780
vn 0.7473 -0.0354 0.6636
vn 0.6608 -0.0741 0.7469
vn 0.5642 -0.1137 0.8178
vn 0.4588 -0.1515 0.8755
vn 0.3463 -0.1868 0.9194
vn 0.2285 -0.2191 0.9486
vn 0.1073 -0.2480 0.9628
vn -0.0153 -0.2729 0.9619
vn -0.1375 -0.2936 0.9460
vn -0.2573 -0.3096 0.9154
vn -0.3730 -0.3208 0.8706
vn -0.4828 -0.3271 0.8124
vn -0.5851 -0.3283 0.7416
vn -0.6783 -0.3244 0.6593
vn -0.7610 -0.3154 0.5669
vn -0.8321 -0.3016 0.4655
vn -0.8902 -0.2831 0.3569
vn -0.9346 -0.2601 0.2425
vn -0.9645 -0.2330 0.1242
vn -0.9793 -0.2022 0.0037
vn -0.9788 -0.1681 -0.1171
vn -0.9628 -0.1313 -0.2362
vn -0.9315 -0.0924 -0.3518
vn -0.8854 -0.0520 -0.4620
vn -0.8251 -0.0106 -0.5649
vn -0.7516 0.0309 -0.6589
vn -0.6661 0.0720 -0.7424
vn -0.5699 0.1118 -0.8140
vn -0.4647 0.1499 -0.8727
vn -0.3521 0.1855 -0.9174
vn -0.2341 0.2181 -0.9474
vn -0.1124 0.2472 -0.9624
vn 0.0109 0.2723 -0.9622
vn 0.1339 0.2930 -0.9467
vn 0.2546 0.3091 -0.9163
vn 0.3713 0.3203 -0.8715
vn 0.4820 0.3264 -0.8131
vn 0.5851 0.3274 -0.7420
vn 0.6790 0.3233 -0.6591
vn 0.7623 0.3141 -0.5660
vn 0.8336 0.3000 -0.4638
vn 0.8919 0.2812 -0.3543
vn 0.9361 0.2579 -0.2391
vn 0.9656 0.2306 -0.1199
vn 0.9799 0.1996 0.0013
vn 0.9786 0.1654 0.1226
vn 0.9617 0.1286 0.2421
vn 0.9295 0.0896 0.3579
vn 0.8824 0.0492 0.4680
vn 0.8212 0.0080 0.5706
vn 0.7469 -0.0333 0.6641
vn 0.6560 -0.0403 0.7537
vn 0.5564 -0.0582 0.8289
vn 0.4481 -0.0752 0.8908
vn 0.3329 -0.0909 0.9386
vn 0.2126 -0.1052 0.9714
vn 0.0893 -0.1178 0.9890
vn -0.0353 -0.1286 0.9911
vn -0.1591 -0.1373 0.9777
vn -0.2802 -0.1440 0.9491
vn -0.3969 -0.1484 0.9058
vn -0.5073 -0.1505 0.8485
vn -0.6099 -0.1503 0.7781
vn -0.7030 -0.1478 0.6957
vn -0.7853 -0.1430 0.6024
vn -0.8554 -0.1359 0.4997
vn -0.9124 -0.1268 0.3891
vn -0.9552 -0.1156 0.2723
vn -0.9832 -0.1026 0.1510
vn -0.9958 -0.0880 0.0272
vn -0.9927 -0.0719 -0.0974
vn -0.9738 -0.0546 -0.2206
vn -0.9396 -0.0364 -0.3404
vn -0.8903 -0.0175 -0.4550
vn -0.8268 0.0017 -0.5625
vn -0.7501 0.0209 -0.6610
vn -0.6613 0.0398 -0.7490
vn -0.5621 0.0581 -0.8250
vn -0.4539 0.0755 -0.8878
vn -0.3386 0.0916 -0.9365
vn -0.2180 0.1063 -0.9701
vn -0.0941 0.1193 -0.9884
vn 0.0311 0.1303 -0.9910
vn 0.1557 0.1393 -0.9779
vn 0.2777 0.1460 -0.9495
vn 0.3953 0.1504 -0.9062
vn 0.5065 0.1524 -0.8486
vn 0.6099 0.1520 -0.7778
vn 0.7036 0.1491 -0.6948
vn 0.7863 0.1440 -0.6008
vn 0.8568 0.1365 -0.4973
vn 0.9138 0.1269 -0.3858
vn 0.9564 0.1154 -0.2682
vn 0.9840 0.1020 -0.1461
vn 0.9960 0.0870 -0.0216
vn 0.9921 0.0707 0.1034
vn 0.9725 0.0532 0.2269
vn 0.9373 0.0350 0.3469
vn 0.8871 0.0162 0.4613
vn 0.8227 -0.0028 0.5684
vn 0.7453 -0.0218 0.6664
vn 0.6542 0.0067 0.7563
vn 0.5539 0.0115 0.8325
vn 0.4449 0.0160 0.8954
vn 0.3292 0.0204 0.9440
vn 0.2085 0.0244 0.9777
vn 0.0849 0.0279 0.9960
vn -0.0399 0.0311 0.9987
vn -0.1638 0.0337 0.9859
vn -0.2850 0.0358 0.9579
vn -0.4017 0.0372 0.9150
vn -0.5121 0.0381 0.8581
vn -0.6146 0.0383 0.7879
vn -0.7076 0.0380 0.7056
vn -0.7898 0.0370 0.6122
vn -0.8599 0.0354 0.5093
vn -0.9167 0.0333 0.3983
vn -0.9593 0.0307 0.2808
vn -0.9869 0.0276 0.1587
vn -0.9991 0.0241 0.0339
vn -0.9956 0.0203 -0.0918
vn -0.9762 0.0162 -0.2163
vn -0.9413 0.0119 -0.3375
vn -0.8913 0.0076 -0.4534
vn -0.8269 0.0032 -0.5623
vn -0.7494 -0.0011 -0.6622
vn -0.6598 -0.0054 -0.7514
vn -0.5597 -0.0094 -0.8286
vn -0.4508 -0.0132 -0.8925
vn -0.3348 -0.0167 -0.9421
vn -0.2137 -0.0199 -0.9767
vn -0.0893 -0.0228 -0.9957
vn 0.0362 -0.0253 -0.9990
vn 0.1610 -0.0275 -0.9866
vn 0.2831 -0.0293 -0.9586
vn 0.4007 -0.0307 -0.9157
vn 0.5120 -0.0318 -0.8584
vn 0.6152 -0.0323 -0.7877
vn 0.7088 -0.0325 -0.7046
vn 0.7914 -0.0322 -0.6104
vn 0.8616 -0.0314 -0.5065
vn 0.9184 -0.0301 -0.3945
vn 0.9607 -0.0283 -0.2761
vn 0.9879 -0.0259 -0.1531
vn 0.9994 -0.0231 -0.0275
vn 0.9949 -0.0197 0.0987
vn 0.9746 -0.0160 0.2234
vn 0.9387 -0.0119 0.3446
vn 0.8877 -0.0075 0.4604
vn 0.8225 -0.0028 0.5687
vn 0.7443 0.0019 0.6679
vn 0.6583 0.0728 0.7492
vn 0.5598 0.1024 0.8223
vn 0.4527 0.1305 0.8821
vn 0.3387 0.1564 0.9278
vn 0.2198 0.1798 0.9588
vn 0.0977 0.2003 0.9748
vn -0.0255 0.2176 0.9757
vn -0.1481 0.2315 0.9615
vn -0.2682 0.2418 0.9325
vn -0.3840 0.2482 0.8893
vn -0.4940 0.2508 0.8325
vn -0.5963 0.2495 0.7630
vn -0.6897 0.2444 0.6817
vn -0.7725 0.2354 0.5897
vn -0.8436 0.2227 0.4885
vn -0.9018 0.2066 0.3795
vn -0.9461 0.1872 0.2643
vn -0.9757 0.1648 0.1445
vn -0.9899 0.1399 0.0222
vn -0.9885 0.1128 -0.1009
vn -0.9713 0.0839 -0.2228
vn -0.9384 0.0538 -0.3413
vn -0.8904 0.0230 -0.4545
vn -0.8280 -0.0079 -0.5606
vn -0.7522 -0.0386 -0.6578
vn -0.6644 -0.0683 -0.7443
vn -0.5659 -0.0968 -0.8188
vn -0.4584 -0.1234 -0.8801
vn -0.3439 -0.1479 -0.9273
vn -0.2241 -0.1698 -0.9596
vn -0.1011 -0.1890 -0.9767
vn 0.0232 -0.2053 -0.9784
vn 0.1470 -0.2183 -0.9647
vn 0.2682 -0.2281 -0.9360
vn 0.3851 -0.2344 -0.8926
vn 0.4959 -0.2373 -0.8353
vn 0.5990 -0.2367 -0.7650
vn 0.6928 -0.2325 -0.6826
vn 0.7759 -0.2247 -0.5894
vn 0.8470 -0.2135 -0.4868
vn 0.9049 -0.1988 -0.3763
vn 0.9486 -0.1809 -0.2596
vn 0.9774 -0.1599 -0.1385
vn 0.9906 -0.1361 -0.0150
vn 0.9880 -0.1099 0.1089
vn 0.9695 -0.0816 0.2311
vn 0.9354 -0.0517 0.3497
vn 0.8863 -0.0208 0.4626
vn 0.8230 0.0106 0.5679
vn 0.7466 0.0420 0.6640
vn 0.6741 0.1600 0.7211
vn 0.5809 0.2171 0.7845
vn 0.4788 0.2707 0.8351
vn 0.3696 0.3198 0.8724
vn 0.2552 0.3637 0.8959
vn 0.1372 0.4018 0.9054
vn 0.0176 0.4335 0.9010
vn -0.1020 0.4585 0.8828
vn -0.2198 0.4763 0.8514
vn -0.3341 0.4868 0.8071
vn -0.4434 0.4898 0.7507
vn -0.5460 0.4854 0.6829
vn -0.6405 0.4735 0.6046
vn -0.7255 0.4542 0.5170
vn -0.7996 0.4280 0.4212
vn -0.8617 0.3950 0.3185
vn -0.9106 0.3557 0.2104
vn -0.9454 0.3107 0.0985
vn -0.9653 0.2607 -0.0155
vn -0.9698 0.2066 -0.1297
vn -0.9586 0.1491 -0.2424
vn -0.9319 0.0893 -0.3516
vn -0.8898 0.0284 -0.4555
vn -0.8331 -0.0327 -0.5521
vn -0.7627 -0.0929 -0.6400
vn -0.6799 -0.1511 -0.7175
vn -0.5862 -0.2063 -0.7835
vn -0.4832 -0.2576 -0.8368
vn -0.3727 -0.3044 -0.8766
vn -0.2567 -0.3460 -0.9024
vn -0.1370 -0.3819 -0.9140
vn -0.0157 -0.4118 -0.9112
vn 0.1055 -0.4353 -0.8941
vn 0.2247 -0.4523 -0.8631
vn 0.3402 -0.4626 -0.8187
vn 0.4503 -0.4662 -0.7615
vn 0.5534 -0.4629 -0.6924
vn 0.6481 -0.4527 -0.6124
vn 0.7330 -0.4356 -0.5225
vn 0.8066 -0.4117 -0.4241
vn 0.8678 -0.3811 -0.3187
vn 0.9156 -0.3442 -0.2080
vn 0.9489 -0.3013 -0.0937
vn 0.9672 -0.2531 0.0224
vn 0.9700 -0.2002 0.1381
vn 0.9571 -0.1436 0.2517
vn 0.9288 -0.0841 0.3610
vn 0.8854 -0.0230 0.4643
vn 0.8278 0.0389 0.5597
vn 0.7569 0.1002 0.6458
vn 0.7088 0.2532 0.6584
vn 0.6245 0.3354 0.7053
vn 0.5308 0.4121 0.7406
vn 0.4292 0.4820 0.7638
vn 0.3215 0.5441 0.7749
vn 0.2095 0.5976 0.7740
vn 0.0947 0.6417 0.7611
vn -0.0211 0.6759 0.7367
vn -0.1362 0.6998 0.7012
vn -0.2492 0.7131 0.6553
vn -0.3584 0.7156 0.5996
vn -0.4622 0.7074 0.5347
vn -0.5594 0.6884 0.4617
vn -0.6483 0.6590 0.3813
vn -0.7277 0.6193 0.2948
vn -0.7962 0.5700 0.2032
vn -0.8525 0.5116 0.1078
vn -0.8955 0.4449 0.0101
vn -0.9244 0.3711 -0.0885
vn -0.9383 0.2912 -0.1864
vn -0.9370 0.2066 -0.2818
vn -0.9201 0.1187 -0.3733
vn -0.8879 0.0293 -0.4591
vn -0.8409 -0.0602 -0.5379
vn -0.7799 -0.1481 -0.6081
vn -0.7060 -0.2329 -0.6688
vn -0.6207 -0.3132 -0.7188
vn -0.5256 -0.3876 -0.7574
vn -0.4222 -0.4550 -0.7840
vn -0.3126 -0.5146 -0.7984
vn -0.1985 -0.5657 -0.8003
vn -0.0818 -0.6078 -0.7899
vn 0.0356 -0.6404 -0.7672
vn 0.1521 -0.6634 -0.7327
vn 0.2659 -0.6765 -0.6868
vn 0.3755 -0.6796 -0.6302
vn 0.4794 -0.6727 -0.5636
vn 0.5761 -0.6556 -0.4881
vn 0.6642 -0.6285 -0.4048
vn 0.7424 -0.5914 -0.3148
vn 0.8094 -0.5446 -0.2196
vn 0.8641 -0.4887 -0.1208
vn 0.9053 -0.4242 -0.0199
vn 0.9324 -0.3521 0.0813
vn 0.9447 -0.2736 0.1811
vn 0.9417 -0.1898 0.2777
vn 0.9236 -0.1023 0.3695
vn 0.8905 -0.0126 0.4548
vn 0.8430 0.0776 0.5322
vn 0.7821 0.1668 0.6004
vn 0.7925 0.3515 0.4983
vn 0.5362 0.4098 -0.7379
vn 0.8563 0.4950 -0.1474
vn 0.7163 0.4471 0.5357
vn 0.5262 0.4274 -0.7352
vn 0.8089 0.5747 -0.1239
vn 0.5141 0.4440 -0.7339
vn 0.6294 0.5364 0.5623
vn 0.7517 0.6507 -0.1078
vn 0.5001 0.4594 -0.7341
vn 0.5333 0.6180 0.5776
vn 0.6854 0.7213 -0.0996
vn 0.4846 0.4731 -0.7357
vn 0.4297 0.6906 0.5817
vn 0.6113 0.7852 -0.0995
vn 0.3205 0.7530 0.5747
vn 0.4678 0.4850 -0.7389
vn 0.5306 0.8408 -0.1077
vn 0.4498 0.4949 -0.7435
vn 0.2074 0.8044 0.5568
vn 0.4448 0.8870 -0.1241
vn 0.4312 0.5025 -0.7494
vn 0.0922 0.8440 0.5283
vn 0.3556 0.9228 -0.1483
vn 0.4121 0.5077 -0.7566
vn -0.0234 0.8714 0.4900
vn 0.2648 0.9474 -0.1800
vn -0.1377 0.8863 0.4422
vn 0.3930 0.5104 -0.7649
vn 0.1740 0.9602 -0.2185
vn 0.3741 0.5106 -0.7742
vn -0.2489 0.8883 0.3859
vn 0.0852 0.9610 -0.2631
vn 0.3558 0.5082 -0.7843
vn -0.3554 0.8776 0.3218
vn -0.0000 0.9498 -0.3128
vn 0.3385 0.5033 -0.7950
vn -0.4557 0.8541 0.2508
vn -0.0799 0.9269 -0.3668
vn -0.5480 0.8182 0.1739
vn 0.3223 0.4961 -0.8062
vn -0.1529 0.8927 -0.4239
vn 0.3077 0.4866 -0.8177
vn -0.6310 0.7703 0.0922
vn -0.2177 0.8481 -0.4830
vn 0.2948 0.4750 -0.8292
vn -0.7032 0.7110 0.0070
vn -0.2731 0.7941 -0.5429
vn 0.2838 0.4615 -0.8405
vn -0.7631 0.6412 -0.0804
vn -0.3180 0.7319 -0.6026
vn -0.8098 0.5620 -0.1685
vn 0.2750 0.4465 -0.8515
vn -0.3519 0.6629 -0.6609
vn 0.2684 0.4301 -0.8620
vn -0.8421 0.4747 -0.2560
vn -0.3742 0.5885 -0.7167
vn 0.2642 0.4127 -0.8717
vn -0.8594 0.3809 -0.3412
vn -0.3849 0.5103 -0.7691
vn 0.2623 0.3946 -0.8806
vn -0.8612 0.2821 -0.4227
vn -0.3839 0.4300 -0.8171
vn -0.8476 0.1804 -0.4990
vn 0.2628 0.3761 -0.8885
vn -0.3719 0.3490 -0.8602
vn 0.2657 0.3575 -0.8953
vn -0.8188 0.0776 -0.5688
vn -0.3492 0.2689 -0.8976
vn 0.2707 0.3391 -0.9010
vn -0.7755 -0.0244 -0.6308
vn -0.3169 0.1911 -0.9290
vn 0.2779 0.3211 -0.9053
vn -0.7188 -0.1237 -0.6842
vn -0.2757 0.1167 -0.9541
vn -0.6497 -0.2186 -0.7280
vn 0.2870 0.3040 -0.9084
vn -0.2269 0.0468 -0.9728
vn 0.2979 0.2878 -0.9102
vn -0.5700 -0.3075 -0.7620
vn -0.1714 -0.0177 -0.9850
vn 0.3104 0.2729 -0.9106
vn -0.4811 -0.3891 -0.7856
vn -0.1106 -0.0761 -0.9909
vn 0.3242 0.2593 -0.9097
vn -0.3848 -0.4625 -0.7988
vn -0.0454 -0.1281 -0.9907
vn -0.2828 -0.5268 -0.8016
vn 0.3393 0.2474 -0.9076
vn 0.0231 -0.1732 -0.9846
vn 0.3552 0.2372 -0.9042
vn -0.1768 -0.5814 -0.7942
vn 0.0938 -0.2112 -0.9729
vn 0.3719 0.2288 -0.8996
vn -0.0685 -0.6259 -0.7769
vn 0.1660 -0.2420 -0.9560
vn 0.3890 0.2224 -0.8940
vn 0.0409 -0.6602 -0.7500
vn 0.2389 -0.2656 -0.9340
vn 0.1498 -0.6840 -0.7139
vn 0.4064 0.2180 -0.8873
vn 0.3117 -0.2820 -0.9074
vn 0.4238 0.2156 -0.8797
vn 0.2568 -0.6973 -0.6692
vn 0.3837 -0.2910 -0.8764
vn 0.4410 0.2153 -0.8713
vn 0.3610 -0.7000 -0.6162
vn 0.4544 -0.2928 -0.8413
vn 0.4577 0.2172 -0.8622
vn 0.4609 -0.6920 -0.5557
vn 0.5232 -0.2872 -0.8024
vn 0.5554 -0.6731 -0.4883
vn 0.4737 0.2211 -0.8525
vn 0.5893 -0.2742 -0.7600
vn 0.4889 0.2270 -0.8423
vn 0.6434 -0.6434 -0.4148
vn 0.6522 -0.2536 -0.7144
vn 0.5029 0.2349 -0.8318
vn 0.7235 -0.6029 -0.3362
vn 0.7110 -0.2254 -0.6661
vn 0.5157 0.2448 -0.8211
vn 0.7946 -0.5517 -0.2535
vn 0.7650 -0.1896 -0.6155
vn 0.8553 -0.4903 -0.1679
vn 0.5269 0.2564 -0.8104
vn 0.8132 -0.1463 -0.5633
vn 0.5364 0.2697 -0.7997
vn 0.9044 -0.4190 -0.0807
vn 0.8549 -0.0956 -0.5099
vn 0.5440 0.2844 -0.7894
vn 0.9408 -0.3389 0.0067
vn 0.8890 -0.0379 -0.4563
vn 0.5496 0.3005 -0.7795
vn 0.9635 -0.2510 0.0928
vn 0.9148 0.0264 -0.4031
vn 0.9718 -0.1566 0.1761
vn 0.5531 0.3176 -0.7702
vn 0.9312 0.0964 -0.3514
vn 0.5543 0.3355 -0.7617
vn 0.9653 -0.0573 0.2549
vn 0.9378 0.1712 -0.3020
vn 0.5533 0.3540 -0.7540
vn 0.9437 0.0450 0.3278
vn 0.9338 0.2499 -0.2560
vn 0.5499 0.3728 -0.7474
vn 0.9072 0.1486 0.3935
vn 0.9189 0.3311 -0.2143
vn 0.5442 0.3914 -0.7420
vn 0.8566 0.2514 0.4507
vn 0.8931 0.4133 -0.1778
vn -0.0252 -0.9930 0.1151
vn 0.5841 -0.0893 0.8067
vn 0.2066 -0.8866 0.4139
vn 0.4967 -0.4500 0.7421
vn -0.0323 -0.9923 0.1195
vn 0.4780 -0.0920 0.8735
vn 0.1584 -0.8829 0.4420
vn 0.4009 -0.4483 0.7990
vn -0.0399 -0.9916 0.1230
vn 0.3645 -0.0949 0.9263
vn 0.1074 -0.8794 0.4638
vn 0.2991 -0.4468 0.8432
vn -0.0478 -0.9909 0.1255
vn 0.2455 -0.0977 0.9645
vn 0.0543 -0.8761 0.4790
vn 0.1931 -0.4455 0.8742
vn -0.0560 -0.9903 0.1270
vn 0.1228 -0.1006 0.9873
vn -0.0000 -0.8731 0.4875
vn 0.0846 -0.4444 0.8918
vn -0.0643 -0.9898 0.1275
vn -0.0015 -0.1033 0.9946
vn -0.0548 -0.8704 0.4893
vn -0.0248 -0.4435 0.8959
vn -0.0725 -0.9893 0.1269
vn -0.1256 -0.1059 0.9864
vn -0.1091 -0.8680 0.4844
vn -0.1334 -0.4428 0.8866
vn -0.0807 -0.9888 0.1254
vn -0.2474 -0.1082 0.9628
vn -0.1622 -0.8660 0.4730
vn -0.2397 -0.4422 0.8643
vn -0.0886 -0.9885 0.1228
vn -0.3652 -0.1101 0.9244
vn -0.2135 -0.8644 0.4553
vn -0.3422 -0.4418 0.8293
vn -0.0961 -0.9882 0.1192
vn -0.4772 -0.1116 0.8717
vn -0.2621 -0.8631 0.4316
vn -0.4395 -0.4416 0.7822
vn -0.1031 -0.9880 0.1148
vn -0.5817 -0.1127 0.8055
vn -0.3075 -0.8623 0.4024
vn -0.5302 -0.4414 0.7240
vn -0.1095 -0.9879 0.1095
vn -0.6772 -0.1132 0.7270
vn -0.3490 -0.8619 0.3679
vn -0.6131 -0.4413 0.6553
vn -0.1152 -0.9879 0.1035
vn -0.7622 -0.1132 0.6374
vn -0.3861 -0.8619 0.3288
vn -0.6871 -0.4413 0.5772
vn -0.1201 -0.9880 0.0968
vn -0.8355 -0.1127 0.5378
vn -0.4182 -0.8623 0.2855
vn -0.7513 -0.4414 0.4907
vn -0.1242 -0.9882 0.0896
vn -0.8959 -0.1116 0.4299
vn -0.4450 -0.8631 0.2387
vn -0.8046 -0.4416 0.3970
vn -0.1273 -0.9885 0.0819
vn -0.9426 -0.1101 0.3153
vn -0.4660 -0.8644 0.1888
vn -0.8464 -0.4418 0.2974
vn -0.1295 -0.9888 0.0739
vn -0.9747 -0.1082 0.1956
vn -0.4810 -0.8660 0.1367
vn -0.8758 -0.4422 0.1932
vn -0.1306 -0.9893 0.0656
vn -0.9917 -0.1059 0.0726
vn -0.4895 -0.8680 0.0830
vn -0.8925 -0.4428 0.0858
vn -0.1308 -0.9898 0.0573
vn -0.9933 -0.1033 -0.0517
vn -0.4915 -0.8704 0.0285
vn -0.8960 -0.4435 -0.0231
vn -0.1299 -0.9903 0.0491
vn -0.9793 -0.1006 -0.1755
vn -0.4868 -0.8731 -0.0260
vn -0.8860 -0.4444 -0.1322
vn -0.1279 -0.9909 0.0410
vn -0.9499 -0.0977 -0.2967
vn -0.4754 -0.8761 -0.0798
vn -0.8626 -0.4455 -0.2396
vn -0.1250 -0.9916 0.0332
vn -0.9055 -0.0949 -0.4136
vn -0.4574 -0.8794 -0.1320
vn -0.8259 -0.4468 -0.3438
vn -0.1211 -0.9923 0.0259
vn -0.8467 -0.0920 -0.5241
vn -0.4329 -0.8829 -0.1819
vn -0.7764 -0.4483 -0.4430
vn -0.1163 -0.9930 0.0191
vn -0.7743 -0.0893 -0.6264
vn -0.4023 -0.8866 -0.2285
vn -0.7145 -0.4500 -0.5357
vn -0.1107 -0.9938 0.0129
vn -0.6896 -0.0867 -0.7190
vn -0.3658 -0.8903 -0.2711
vn -0.6412 -0.4519 -0.6203
vn -0.1043 -0.9945 0.0075
vn -0.5937 -0.0842 -0.8002
vn -0.3241 -0.8942 -0.3090
vn -0.5574 -0.4538 -0.6952
vn -0.0973 -0.9953 0.0029
vn -0.4884 -0.0820 -0.8688
vn -0.2776 -0.8980 -0.3414
vn -0.4644 -0.4559 -0.7593
vn -0.0898 -0.9960 -0.0007
vn -0.3751 -0.0799 -0.9235
vn -0.2272 -0.9017 -0.3678
vn -0.3637 -0.4580 -0.8111
vn -0.0818 -0.9966 -0.0034
vn -0.2559 -0.0781 -0.9636
vn -0.1735 -0.9053 -0.3877
vn -0.2568 -0.4601 -0.8499
vn -0.0736 -0.9973 -0.0050
vn -0.1325 -0.0765 -0.9882
vn -0.1175 -0.9087 -0.4005
vn -0.1455 -0.4622 -0.8748
vn -0.0652 -0.9979 -0.0056
vn -0.0071 -0.0752 -0.9971
vn -0.0600 -0.9119 -0.4061
vn -0.0316 -0.4641 -0.8852
vn -0.0568 -0.9984 -0.0052
vn 0.1185 -0.0740 -0.9902
vn -0.0021 -0.9147 -0.4042
vn 0.0830 -0.4659 -0.8809
vn -0.0485 -0.9988 -0.0037
vn 0.2421 -0.0731 -0.9675
vn 0.0552 -0.9171 -0.3948
vn 0.1964 -0.4675 -0.8619
vn -0.0405 -0.9992 -0.0011
vn 0.3618 -0.0723 -0.9294
vn 0.1111 -0.9191 -0.3781
vn 0.3065 -0.4688 -0.8284
vn -0.0328 -0.9995 0.0025
vn 0.4758 -0.0718 -0.8766
vn 0.1644 -0.9206 -0.3541
vn 0.4115 -0.4698 -0.7810
vn -0.0257 -0.9996 0.0069
vn 0.5822 -0.0714 -0.8099
vn 0.2142 -0.9217 -0.3235
vn 0.5097 -0.4705 -0.7203
vn -0.0191 -0.9997 0.0123
vn 0.6793 -0.0712 -0.7304
vn 0.2597 -0.9222 -0.2865
vn 0.5992 -0.4708 -0.6475
vn -0.0133 -0.9997 0.0184
vn 0.7657 -0.0712 -0.6393
vn 0.3000 -0.9222 -0.2440
vn 0.6786 -0.4708 -0.5637
vn -0.0083 -0.9996 0.0252
vn 0.8399 -0.0714 -0.5380
vn 0.3345 -0.9217 -0.1966
vn 0.7466 -0.4705 -0.4704
vn -0.0042 -0.9995 0.0326
vn 0.9008 -0.0718 -0.4282
vn 0.3624 -0.9206 -0.1452
vn 0.8019 -0.4698 -0.3692
vn -0.0011 -0.9992 0.0405
vn 0.9475 -0.0723 -0.3116
vn 0.3835 -0.9191 -0.0907
vn 0.8436 -0.4688 -0.2617
vn 0.0011 -0.9988 0.0486
vn 0.9791 -0.0731 -0.1900
vn 0.3972 -0.9171 -0.0340
vn 0.8712 -0.4675 -0.1500
vn 0.0021 -0.9984 0.0570
vn 0.9951 -0.0740 -0.0653
vn 0.4035 -0.9147 0.0237
vn 0.8841 -0.4659 -0.0358
vn 0.0022 -0.9979 0.0654
vn 0.9953 -0.0752 0.0604
vn 0.4023 -0.9119 0.0817
vn 0.8823 -0.4641 0.0788
vn 0.0011 -0.9973 0.0738
vn 0.9797 -0.0765 0.1852
vn 0.3937 -0.9087 0.1387
vn 0.8657 -0.4622 0.1920
vn 0.9485 -0.0781 0.3070
vn 0.3778 -0.9053 0.1940
vn 0.8350 -0.4601 0.3019
vn -0.0041 -0.9960 0.0897
vn 0.9021 -0.0799 0.4240
vn 0.3552 -0.9017 0.2465
vn 0.7905 -0.4580 0.4065
vn -0.0081 -0.9953 0.0970
vn 0.8414 -0.0820 0.5341
vn 0.3261 -0.8980 0.2955
vn 0.7333 -0.4559 0.5043
vn -0.0131 -0.9945 0.1038
vn 0.7673 -0.0842 0.6357
vn 0.2912 -0.8942 0.3401
vn 0.6644 -0.4538 0.5938
vn 0.6811 -0.0866 0.7270
vn -0.0188 -0.9938 0.1098
vn 0.5851 -0.4519 0.6734
vn 0.2511 -0.8903 0.3798
vn 0.4144 0.3602 -0.8358
vn -0.0649 -0.9960 0.0615
vn 0.6116 -0.0119 -0.7911
vn 0.5075 -0.0202 -0.8614
vn 0.3954 -0.0284 -0.9181
vn 0.2770 -0.0363 -0.9602
vn 0.1543 -0.0439 -0.9870
vn 0.0293 -0.0508 -0.9983
vn -0.0962 -0.0571 -0.9937
vn -0.2200 -0.0626 -0.9735
vn -0.3403 -0.0671 -0.9379
vn -0.4552 -0.0706 -0.8876
vn -0.5629 -0.0730 -0.8233
vn -0.6617 -0.0742 -0.7461
vn -0.7501 -0.0742 -0.6572
vn -0.8267 -0.0730 -0.5579
vn -0.8903 -0.0706 -0.4498
vn -0.9399 -0.0671 -0.3347
vn -0.9748 -0.0626 -0.2141
vn -0.9943 -0.0571 -0.0902
vn -0.9981 -0.0508 0.0353
vn -0.9861 -0.0439 0.1603
vn -0.9585 -0.0363 0.2828
vn -0.9157 -0.0284 0.4009
vn -0.8583 -0.0202 0.5127
vn -0.7873 -0.0119 0.6164
vn -0.7039 -0.0036 0.7103
vn -0.6093 0.0046 0.7930
vn -0.5050 0.0124 0.8630
vn -0.3928 0.0200 0.9194
vn -0.2745 0.0270 0.9612
vn -0.1519 0.0335 0.9878
vn -0.0270 0.0394 0.9989
vn 0.0983 0.0445 0.9942
vn 0.2219 0.0489 0.9738
vn 0.3419 0.0525 0.9383
vn 0.4566 0.0552 0.8880
vn 0.5640 0.0570 0.8238
vn 0.6626 0.0579 0.7468
vn 0.7508 0.0579 0.6580
vn 0.8272 0.0570 0.5590
vn 0.8907 0.0552 0.4512
vn 0.9403 0.0525 0.3363
vn 0.9752 0.0489 0.2160
vn 0.9947 0.0445 0.0923
vn 0.9987 0.0394 -0.0330
vn 0.9869 0.0335 -0.1578
vn 0.9595 0.0270 -0.2803
vn 0.9170 0.0200 -0.3984
vn 0.8600 0.0125 -0.5102
vn 0.7893 0.0046 -0.6140
vn 0.7060 -0.0036 -0.7082
vn 0.6124 -0.0177 -0.7903
vn 0.5091 -0.0354 -0.8600
vn 0.3978 -0.0525 -0.9160
vn 0.2802 -0.0689 -0.9575
vn 0.1581 -0.0843 -0.9838
vn 0.0336 -0.0983 -0.9946
vn -0.0914 -0.1108 -0.9896
vn -0.2149 -0.1215 -0.9691
vn -0.3349 -0.1303 -0.9332
vn -0.4497 -0.1371 -0.8826
vn -0.5573 -0.1416 -0.8181
vn -0.6562 -0.1439 -0.7407
vn -0.7447 -0.1439 -0.6517
vn -0.8215 -0.1416 -0.5524
vn -0.8853 -0.1371 -0.4444
vn -0.9352 -0.1303 -0.3293
vn -0.9703 -0.1215 -0.2090
vn -0.9902 -0.1108 -0.0854
vn -0.9944 -0.0983 0.0396
vn -0.9828 -0.0843 0.1641
vn -0.9558 -0.0689 0.2859
vn -0.9136 -0.0525 0.4033
vn -0.8569 -0.0354 0.5143
vn -0.7866 -0.0177 0.6172
vn -0.7039 0.0002 0.7103
vn -0.6101 0.0181 0.7922
vn -0.5066 0.0356 0.8615
vn -0.3952 0.0525 0.9171
vn -0.2775 0.0685 0.9583
vn -0.1556 0.0834 0.9843
vn -0.0313 0.0970 0.9948
vn 0.0935 0.1090 0.9896
vn 0.2167 0.1193 0.9689
vn 0.3364 0.1277 0.9330
vn 0.4508 0.1341 0.8825
vn 0.5581 0.1385 0.8181
vn 0.6567 0.1407 0.7410
vn 0.7449 0.1407 0.6522
vn 0.8215 0.1385 0.5532
vn 0.8852 0.1341 0.4455
vn 0.9350 0.1277 0.3308
vn 0.9702 0.1193 0.2108
vn 0.9902 0.1090 0.0875
vn 0.9946 0.0970 -0.0373
vn 0.9833 0.0834 -0.1615
vn 0.9566 0.0685 -0.2833
vn 0.9147 0.0525 -0.4007
vn 0.8584 0.0356 -0.5118
vn 0.7885 0.0181 -0.6148
vn 0.7061 0.0002 -0.7082
vn 0.6138 -0.0271 -0.7890
vn 0.5117 -0.0542 -0.8574
vn 0.4016 -0.0804 -0.9123
vn 0.2852 -0.1053 -0.9527
vn 0.1642 -0.1286 -0.9780
vn 0.0407 -0.1498 -0.9879
vn -0.0835 -0.1687 -0.9821
vn -0.2063 -0.1849 -0.9609
vn -0.3258 -0.1982 -0.9244
vn -0.4402 -0.2083 -0.8734
vn -0.5476 -0.2152 -0.8086
vn -0.6464 -0.2186 -0.7310
vn -0.7349 -0.2186 -0.6419
vn -0.8119 -0.2152 -0.5427
vn -0.8760 -0.2083 -0.4349
vn -0.9264 -0.1982 -0.3202
vn -0.9621 -0.1849 -0.2005
vn -0.9826 -0.1687 -0.0775
vn -0.9876 -0.1498 0.0466
vn -0.9770 -0.1286 0.1701
vn -0.9509 -0.1053 0.2909
vn -0.9098 -0.0804 0.4071
vn -0.8543 -0.0542 0.5169
vn -0.7853 -0.0271 0.6185
vn -0.7039 0.0003 0.7103
vn -0.6113 0.0278 0.7909
vn -0.5092 0.0548 0.8589
vn -0.3990 0.0809 0.9134
vn -0.2826 0.1058 0.9534
vn -0.1617 0.1289 0.9784
vn -0.0384 0.1500 0.9879
vn 0.0855 0.1688 0.9819
vn 0.2079 0.1848 0.9605
vn 0.3271 0.1980 0.9240
vn 0.4411 0.2081 0.8730
vn 0.5481 0.2148 0.8083
vn 0.6466 0.2183 0.7310
vn 0.7349 0.2183 0.6421
vn 0.8116 0.2148 0.5433
vn 0.8757 0.2081 0.4358
vn 0.9260 0.1980 0.3215
vn 0.9618 0.1848 0.2021
vn 0.9824 0.1688 0.0795
vn 0.9877 0.1500 -0.0444
vn 0.9774 0.1289 -0.1676
vn 0.9517 0.1058 -0.2883
vn 0.9110 0.0809 -0.4045
vn 0.8558 0.0548 -0.5144
vn 0.7872 0.0278 -0.6161
vn 0.7061 0.0003 -0.7082
vn 0.6157 -0.0370 -0.7871
vn 0.5156 -0.0738 -0.8537
vn 0.4073 -0.1096 -0.9067
vn 0.2925 -0.1435 -0.9454
vn 0.1731 -0.1752 -0.9692
vn 0.0510 -0.2041 -0.9776
vn -0.0718 -0.2298 -0.9706
vn -0.1936 -0.2518 -0.9482
vn -0.3122 -0.2699 -0.9109
vn -0.4259 -0.2837 -0.8592
vn -0.5328 -0.2930 -0.7939
vn -0.6313 -0.2977 -0.7161
vn -0.7199 -0.2977 -0.6270
vn -0.7971 -0.2930 -0.5280
vn -0.8617 -0.2837 -0.4207
vn -0.9127 -0.2699 -0.3067
vn -0.9494 -0.2518 -0.1878
vn -0.9710 -0.2298 -0.0660
vn -0.9773 -0.2041 0.0569
vn -0.9681 -0.1752 0.1790
vn -0.9436 -0.1435 0.2982
vn -0.9042 -0.1096 0.4127
vn -0.8505 -0.0738 0.5207
vn -0.7834 -0.0370 0.6205
vn -0.7038 0.0005 0.7104
vn -0.6131 0.0380 0.7891
vn -0.5128 0.0749 0.8552
vn -0.4044 0.1105 0.9079
vn -0.2897 0.1444 0.9461
vn -0.1705 0.1761 0.9695
vn -0.0486 0.2049 0.9776
vn 0.0739 0.2305 0.9703
vn 0.1952 0.2525 0.9477
vn 0.3134 0.2705 0.9103
vn 0.4267 0.2842 0.8586
vn 0.5332 0.2935 0.7934
vn 0.6314 0.2982 0.7158
vn 0.7196 0.2982 0.6270
vn 0.7966 0.2935 0.5284
vn 0.8611 0.2842 0.4215
vn 0.9121 0.2705 0.3079
vn 0.9489 0.2525 0.1895
vn 0.9707 0.2305 0.0680
vn 0.9773 0.2049 -0.0545
vn 0.9685 0.1761 -0.1763
vn 0.9444 0.1444 -0.2954
vn 0.9054 0.1105 -0.4099
vn 0.8521 0.0748 -0.5180
vn 0.7853 0.0380 -0.6179
vn 0.7061 0.0005 -0.7081
vn 0.6187 -0.0478 -0.7841
vn 0.5214 -0.0956 -0.8480
vn 0.4157 -0.1419 -0.8983
vn 0.3035 -0.1859 -0.9345
vn 0.1865 -0.2269 -0.9559
vn 0.0666 -0.2643 -0.9621
vn -0.0544 -0.2976 -0.9531
vn -0.1744 -0.3261 -0.9291
vn -0.2917 -0.3494 -0.8904
vn -0.4043 -0.3673 -0.8376
vn -0.5105 -0.3793 -0.7717
vn -0.6087 -0.3854 -0.6935
vn -0.6972 -0.3854 -0.6045
vn -0.7747 -0.3793 -0.5059
vn -0.8401 -0.3673 -0.3992
vn -0.8921 -0.3494 -0.2863
vn -0.9301 -0.3261 -0.1688
vn -0.9535 -0.2976 -0.0486
vn -0.9617 -0.2643 0.0724
vn -0.9547 -0.2269 0.1923
vn -0.9327 -0.1859 0.3092
vn -0.8958 -0.1419 0.4212
vn -0.8448 -0.0956 0.5265
vn -0.7804 -0.0478 0.6235
vn -0.7036 0.0008 0.7106
vn -0.6158 0.0494 0.7864
vn -0.5182 0.0972 0.8497
vn -0.4125 0.1434 0.8996
vn -0.3004 0.1874 0.9352
vn -0.1836 0.2284 0.9561
vn -0.0639 0.2658 0.9619
vn 0.0566 0.2989 0.9526
vn 0.1762 0.3274 0.9283
vn 0.2929 0.3507 0.8895
vn 0.4051 0.3685 0.8367
vn 0.5108 0.3806 0.7709
vn 0.6085 0.3866 0.6930
vn 0.6967 0.3866 0.6043
vn 0.7740 0.3806 0.5061
vn 0.8392 0.3685 0.4000
vn 0.8912 0.3507 0.2876
vn 0.9294 0.3274 0.1706
vn 0.9529 0.2989 0.0509
vn 0.9615 0.2658 -0.0697
vn 0.9550 0.2284 -0.1893
vn 0.9334 0.1874 -0.3060
vn 0.8971 0.1434 -0.4179
vn 0.8466 0.0972 -0.5233
vn 0.7826 0.0494 -0.6205
vn 0.7063 0.0008 -0.7079
vn 0.6233 -0.0601 -0.7797
vn 0.5302 -0.1205 -0.8393
vn 0.4286 -0.1789 -0.8856
vn 0.3203 -0.2344 -0.9179
vn 0.2069 -0.2861 -0.9356
vn 0.0903 -0.3333 -0.9385
vn -0.0277 -0.3752 -0.9265
vn -0.1453 -0.4111 -0.8999
vn -0.2604 -0.4405 -0.8591
vn -0.3714 -0.4630 -0.8048
vn -0.4765 -0.4782 -0.7378
vn -0.5741 -0.4858 -0.6591
vn -0.6626 -0.4858 -0.5701
vn -0.7406 -0.4782 -0.4721
vn -0.8070 -0.4630 -0.3666
vn -0.8607 -0.4405 -0.2552
vn -0.9008 -0.4111 -0.1398
vn -0.9267 -0.3752 -0.0222
vn -0.9379 -0.3333 0.0959
vn -0.9343 -0.2861 0.2125
vn -0.9159 -0.2344 0.3258
vn -0.8830 -0.1789 0.4340
vn -0.8361 -0.1205 0.5352
vn -0.7759 -0.0601 0.6280
vn -0.7034 0.0012 0.7108
vn -0.6199 0.0625 0.7822
vn -0.5265 0.1229 0.8412
vn -0.4249 0.1812 0.8869
vn -0.3167 0.2367 0.9185
vn -0.2035 0.2884 0.9356
vn -0.0873 0.3355 0.9380
vn 0.0302 0.3774 0.9256
vn 0.1471 0.4133 0.8987
vn 0.2616 0.4426 0.8577
vn 0.3720 0.4650 0.8033
vn 0.4765 0.4802 0.7365
vn 0.5735 0.4878 0.6581
vn 0.6616 0.4878 0.5695
vn 0.7393 0.4802 0.4720
vn 0.8056 0.4650 0.3671
vn 0.8593 0.4426 0.2564
vn 0.8995 0.4132 0.1417
vn 0.9257 0.3774 0.0246
vn 0.9374 0.3355 -0.0930
vn 0.9344 0.2884 -0.2092
vn 0.9166 0.2367 -0.3222
vn 0.8843 0.1812 -0.4302
vn 0.8381 0.1228 -0.5316
vn 0.7785 0.0625 -0.6246
vn 0.7065 0.0012 -0.7077
vn 0.6301 -0.0741 -0.7730
vn 0.5435 -0.1487 -0.8261
vn 0.4482 -0.2210 -0.8662
vn 0.3458 -0.2897 -0.8924
vn 0.2380 -0.3537 -0.9046
vn 0.1264 -0.4121 -0.9023
vn 0.0129 -0.4638 -0.8858
vn -0.1007 -0.5082 -0.8553
vn -0.2127 -0.5445 -0.8113
vn -0.3212 -0.5722 -0.7546
vn -0.4246 -0.5909 -0.6859
vn -0.5212 -0.6004 -0.6065
vn -0.6097 -0.6004 -0.5176
vn -0.6885 -0.5909 -0.4204
vn -0.7565 -0.5722 -0.3166
vn -0.8126 -0.5445 -0.2078
vn -0.8559 -0.5082 -0.0956
vn -0.8857 -0.4638 0.0183
vn -0.9016 -0.4121 0.1318
vn -0.9031 -0.3537 0.2434
vn -0.8903 -0.2897 0.3512
vn -0.8634 -0.2210 0.4534
vn -0.8228 -0.1488 0.5485
vn -0.7691 -0.0741 0.6348
vn -0.7032 0.0018 0.7109
vn -0.6262 0.0777 0.7758
vn -0.5393 0.1524 0.8282
vn -0.4440 0.2246 0.8674
vn -0.3417 0.2932 0.8929
vn -0.2342 0.3571 0.9042
vn -0.1232 0.4153 0.9013
vn -0.0103 0.4669 0.8842
vn 0.1026 0.5112 0.8533
vn 0.2137 0.5474 0.8091
vn 0.3214 0.5750 0.7523
vn 0.4241 0.5937 0.6839
vn 0.5201 0.6031 0.6048
vn 0.6080 0.6031 0.5164
vn 0.6864 0.5937 0.4199
vn 0.7543 0.5750 0.3169
vn 0.8104 0.5474 0.2088
vn 0.8539 0.5112 0.0974
vn 0.8842 0.4669 -0.0156
vn 0.9006 0.4153 -0.1286
vn 0.9028 0.3571 -0.2397
vn 0.8908 0.2932 -0.3471
vn 0.8647 0.2246 -0.4492
vn 0.8249 0.1524 -0.5443
vn 0.7720 0.0777 -0.6309
vn 0.7067 0.0018 -0.7075
vn 0.6402 -0.0891 -0.7630
vn 0.5634 -0.1795 -0.8065
vn 0.4775 -0.2669 -0.8371
vn 0.3841 -0.3500 -0.8544
vn 0.2846 -0.4274 -0.8581
vn 0.1806 -0.4980 -0.8482
vn 0.0739 -0.5605 -0.8248
vn -0.0339 -0.6141 -0.7885
vn -0.1410 -0.6580 -0.7397
vn -0.2458 -0.6914 -0.6794
vn -0.3467 -0.7140 -0.6083
vn -0.4420 -0.7254 -0.5277
vn -0.5304 -0.7254 -0.4388
vn -0.6104 -0.7140 -0.3430
vn -0.6808 -0.6914 -0.2417
vn -0.7406 -0.6580 -0.1365
vn -0.7887 -0.6141 -0.0291
vn -0.8244 -0.5605 0.0789
vn -0.8471 -0.4980 0.1857
vn -0.8564 -0.4274 0.2897
vn -0.8521 -0.3500 0.3892
vn -0.8342 -0.2669 0.4826
vn -0.8031 -0.1795 0.5682
vn -0.7592 -0.0891 0.6448
vn -0.7032 0.0027 0.7110
vn -0.6360 0.0945 0.7659
vn -0.5588 0.1847 0.8084
vn -0.4729 0.2719 0.8381
vn -0.3796 0.3548 0.8544
vn -0.2804 0.4319 0.8572
vn -0.1771 0.5021 0.8465
vn -0.0711 0.5643 0.8225
vn 0.0358 0.6175 0.7857
vn 0.1420 0.6611 0.7367
vn 0.2458 0.6943 0.6764
vn 0.3458 0.7167 0.6056
vn 0.4404 0.7280 0.5254
vn 0.5281 0.7280 0.4372
vn 0.6076 0.7167 0.3421
vn 0.6778 0.6943 0.2418
vn 0.7376 0.6611 0.1375
vn 0.7859 0.6175 0.0311
vn 0.8221 0.5643 -0.0761
vn 0.8454 0.5021 -0.1822
vn 0.8555 0.4319 -0.2856
vn 0.8521 0.3548 -0.3847
vn 0.8352 0.2719 -0.4779
vn 0.8051 0.1847 -0.5637
vn 0.7620 0.0945 -0.6406
vn 0.7068 0.0027 -0.7074
vn 0.6542 -0.1036 -0.7492
vn 0.5913 -0.2093 -0.7789
vn 0.5189 -0.3116 -0.7960
vn 0.4382 -0.4088 -0.8005
vn 0.3507 -0.4993 -0.7923
vn 0.2576 -0.5818 -0.7714
vn 0.1606 -0.6549 -0.7384
vn 0.0611 -0.7176 -0.6938
vn -0.0391 -0.7689 -0.6382
vn -0.1387 -0.8080 -0.5726
vn -0.2360 -0.8344 -0.4981
vn -0.3295 -0.8477 -0.4158
vn -0.4178 -0.8477 -0.3270
vn -0.4995 -0.8344 -0.2330
vn -0.5735 -0.8080 -0.1352
vn -0.6384 -0.7689 -0.0353
vn -0.6934 -0.7176 0.0653
vn -0.7374 -0.6549 0.1650
vn -0.7699 -0.5818 0.2623
vn -0.7902 -0.4993 0.3555
vn -0.7979 -0.4087 0.4431
vn -0.7929 -0.3116 0.5237
vn -0.7753 -0.2093 0.5959
vn -0.7453 -0.1036 0.6587
vn -0.7034 0.0037 0.7108
vn -0.6503 0.1109 0.7516
vn -0.5868 0.2163 0.7803
vn -0.5142 0.3181 0.7965
vn -0.4336 0.4147 0.8000
vn -0.3462 0.5046 0.7909
vn -0.2536 0.5863 0.7693
vn -0.1572 0.6587 0.7358
vn -0.0586 0.7207 0.6908
vn 0.0408 0.7713 0.6351
vn 0.1394 0.8099 0.5697
vn 0.2357 0.8359 0.4956
vn 0.3283 0.8491 0.4139
vn 0.4159 0.8491 0.3258
vn 0.4970 0.8359 0.2327
vn 0.5706 0.8099 0.1359
vn 0.6354 0.7713 0.0370
vn 0.6904 0.7207 -0.0627
vn 0.7348 0.6587 -0.1617
vn 0.7678 0.5863 -0.2582
vn 0.7888 0.5046 -0.3510
vn 0.7974 0.4147 -0.4384
vn 0.7934 0.3181 -0.5190
vn 0.7767 0.2163 -0.5915
vn 0.7476 0.1109 -0.6548
vn 0.7066 0.0037 -0.7076
vn 0.6718 -0.1150 -0.7318
vn 0.6268 -0.2325 -0.7437
vn 0.5719 -0.3464 -0.7436
vn 0.5079 -0.4546 -0.7317
vn 0.4359 -0.5556 -0.7081
vn 0.3570 -0.6476 -0.6732
vn 0.2726 -0.7292 -0.6276
vn 0.1840 -0.7992 -0.5722
vn 0.0926 -0.8565 -0.5078
vn -0.0002 -0.9002 -0.4354
vn -0.0929 -0.9298 -0.3562
vn -0.1842 -0.9446 -0.2716
vn -0.2726 -0.9446 -0.1826
vn -0.3567 -0.9298 -0.0908
vn -0.4353 -0.9003 0.0024
vn -0.5071 -0.8566 0.0957
vn -0.5710 -0.7993 0.1875
vn -0.6259 -0.7293 0.2765
vn -0.6710 -0.6476 0.3611
vn -0.7054 -0.5556 0.4402
vn -0.7286 -0.4546 0.5123
vn -0.7401 -0.3464 0.5764
vn -0.7399 -0.2325 0.6313
vn -0.7277 -0.1149 0.6762
vn -0.7039 0.0045 0.7103
vn -0.6688 0.1237 0.7331
vn -0.6231 0.2408 0.7442
vn -0.5675 0.3539 0.7434
vn -0.5029 0.4612 0.7310
vn -0.4306 0.5611 0.7070
vn -0.3516 0.6518 0.6719
vn -0.2672 0.7322 0.6264
vn -0.1788 0.8010 0.5713
vn -0.0878 0.8573 0.5073
vn 0.0044 0.9001 0.4356
vn 0.0964 0.9290 0.3572
vn 0.1869 0.9436 0.2734
vn 0.2744 0.9436 0.1853
vn 0.3577 0.9290 0.0943
vn 0.4356 0.9001 0.0018
vn 0.5068 0.8573 -0.0908
vn 0.5702 0.8011 -0.1822
vn 0.6248 0.7322 -0.2709
vn 0.6698 0.6519 -0.3555
vn 0.7044 0.5611 -0.4348
vn 0.7280 0.4612 -0.5073
vn 0.7400 0.3539 -0.5719
vn 0.7404 0.2408 -0.6276
vn 0.7290 0.1236 -0.6732
vn 0.7060 0.0044 -0.7082
vn 0.6901 -0.1215 -0.7135
vn 0.6631 -0.2447 -0.7074
vn 0.6257 -0.3639 -0.6899
vn 0.5785 -0.4774 -0.6614
vn 0.5221 -0.5832 -0.6223
vn 0.4575 -0.6797 -0.5733
vn 0.3858 -0.7653 -0.5152
vn 0.3081 -0.8388 -0.4489
vn 0.2255 -0.8989 -0.3757
vn 0.1395 -0.9448 -0.2966
vn 0.0512 -0.9757 -0.2129
vn -0.0379 -0.9913 -0.1260
vn -0.1264 -0.9913 -0.0371
vn -0.2130 -0.9756 0.0523
vn -0.2964 -0.9446 0.1408
vn -0.3751 -0.8987 0.2271
vn -0.4481 -0.8386 0.3099
vn -0.5140 -0.7651 0.3879
vn -0.5718 -0.6795 0.4598
vn -0.6205 -0.5830 0.5245
vn -0.6594 -0.4772 0.5810
vn -0.6877 -0.3637 0.6283
vn -0.7050 -0.2444 0.6658
vn -0.7110 -0.1212 0.6927
vn -0.7055 0.0038 0.7087
vn -0.6887 0.1288 0.7135
vn -0.6609 0.2515 0.7071
vn -0.6226 0.3702 0.6895
vn -0.5744 0.4828 0.6611
vn -0.5171 0.5876 0.6223
vn -0.4518 0.6830 0.5739
vn -0.3795 0.7676 0.5165
vn -0.3013 0.8400 0.4511
vn -0.2186 0.8993 0.3788
vn -0.1325 0.9445 0.3006
vn -0.0445 0.9750 0.2178
vn 0.0441 0.9903 0.1317
vn 0.1320 0.9903 0.0434
vn 0.2178 0.9749 -0.0455
vn 0.3003 0.9444 -0.1338
vn 0.3781 0.8992 -0.2202
vn 0.4501 0.8399 -0.3032
vn 0.5152 0.7675 -0.3816
vn 0.5723 0.6829 -0.4541
vn 0.6205 0.5874 -0.5196
vn 0.6590 0.4826 -0.5769
vn 0.6872 0.3700 -0.6252
vn 0.7046 0.2513 -0.6636
vn 0.7110 0.1285 -0.6914
vn 0.7061 0.0036 -0.7081
vn 0.7031 -0.1261 -0.6998
vn 0.6837 -0.2502 -0.6855
vn 0.6533 -0.3702 -0.6604
vn 0.6126 -0.4842 -0.6247
vn 0.5622 -0.5903 -0.5792
vn 0.5029 -0.6870 -0.5246
vn 0.4358 -0.7726 -0.4617
vn 0.3619 -0.8459 -0.3918
vn 0.2824 -0.9058 -0.3157
vn 0.1986 -0.9515 -0.2349
vn 0.1118 -0.9823 -0.1505
vn 0.0233 -0.9977 -0.0638
vn -0.0655 -0.9976 0.0238
vn -0.1534 -0.9819 0.1111
vn -0.2388 -0.9509 0.1967
vn -0.3206 -0.9051 0.2793
vn -0.3975 -0.8451 0.3576
vn -0.4682 -0.7717 0.4304
vn -0.5316 -0.6861 0.4966
vn -0.5868 -0.5896 0.5550
vn -0.6327 -0.4836 0.6048
vn -0.6686 -0.3698 0.6451
vn -0.6940 -0.2500 0.6752
vn -0.7083 -0.1261 0.6945
vn -0.7114 -0.0001 0.7028
vn -0.7031 0.1260 0.6999
vn -0.6835 0.2500 0.6858
vn -0.6532 0.3699 0.6607
vn -0.6124 0.4838 0.6252
vn -0.5620 0.5900 0.5797
vn -0.5028 0.6866 0.5251
vn -0.4358 0.7723 0.4622
vn -0.3620 0.8456 0.3922
vn -0.2827 0.9056 0.3161
vn -0.1991 0.9514 0.2351
vn -0.1124 0.9822 0.1505
vn -0.0241 0.9977 0.0637
vn 0.0646 0.9976 -0.0241
vn 0.1523 0.9820 -0.1115
vn 0.2377 0.9511 -0.1972
vn 0.3195 0.9053 -0.2799
vn 0.3963 0.8453 -0.3583
vn 0.4671 0.7720 -0.4311
vn 0.5306 0.6864 -0.4973
vn 0.5859 0.5899 -0.5557
vn 0.6320 0.4838 -0.6054
vn 0.6681 0.3699 -0.6456
vn 0.6936 0.2500 -0.6756
vn 0.7081 0.1260 -0.6948
vn 0.7113 -0.0000 -0.7029
vn 0.7069 -0.1299 -0.6953
vn 0.6782 -0.2527 -0.6901
vn 0.6386 -0.3713 -0.6741
vn 0.5888 -0.4839 -0.6474
vn 0.5296 -0.5887 -0.6107
vn 0.4622 -0.6840 -0.5644
vn 0.3876 -0.7683 -0.5094
vn 0.3070 -0.8405 -0.4464
vn 0.2218 -0.8994 -0.3767
vn 0.1333 -0.9442 -0.3011
vn 0.0428 -0.9744 -0.2209
vn -0.0483 -0.9893 -0.1374
vn -0.1385 -0.9890 -0.0517
vn -0.2265 -0.9734 0.0348
vn -0.3110 -0.9427 0.1209
vn -0.3907 -0.8974 0.2051
vn -0.4644 -0.8381 0.2863
vn -0.5309 -0.7657 0.3631
vn -0.5893 -0.6812 0.4344
vn -0.6385 -0.5859 0.4990
vn -0.6778 -0.4813 0.5559
vn -0.7065 -0.3688 0.6040
vn -0.7241 -0.2504 0.6426
vn -0.7303 -0.1278 0.6710
vn -0.7251 -0.0029 0.6887
vn -0.7083 0.1220 0.6952
vn -0.6804 0.2451 0.6906
vn -0.6417 0.3644 0.6748
vn -0.5930 0.4778 0.6482
vn -0.5348 0.5835 0.6111
vn -0.4684 0.6799 0.5642
vn -0.3946 0.7654 0.5083
vn -0.3147 0.8387 0.4444
vn -0.2299 0.8987 0.3735
vn -0.1416 0.9444 0.2968
vn -0.0511 0.9752 0.2155
vn 0.0402 0.9906 0.1310
vn 0.1309 0.9904 0.0445
vn 0.2197 0.9746 -0.0427
vn 0.3050 0.9436 -0.1290
vn 0.3857 0.8976 -0.2134
vn 0.4604 0.8375 -0.2944
vn 0.5280 0.7640 -0.3708
vn 0.5873 0.6784 -0.4414
vn 0.6373 0.5820 -0.5051
vn 0.6772 0.4762 -0.5609
vn 0.7062 0.3628 -0.6080
vn 0.7240 0.2435 -0.6455
vn 0.7300 0.1202 -0.6728
vn 0.7243 -0.0049 -0.6895
vn 0.7040 -0.1298 -0.6983
vn 0.6564 -0.2461 -0.7132
vn 0.5983 -0.3582 -0.7167
vn 0.5308 -0.4645 -0.7089
vn 0.4549 -0.5631 -0.6899
vn 0.3721 -0.6527 -0.6600
vn 0.2835 -0.7317 -0.6199
vn 0.1908 -0.7991 -0.5701
vn 0.0953 -0.8539 -0.5116
vn -0.0015 -0.8954 -0.4453
vn -0.0981 -0.9230 -0.3722
vn -0.1930 -0.9363 -0.2934
vn -0.2848 -0.9352 -0.2102
vn -0.3723 -0.9198 -0.1237
vn -0.4541 -0.8903 -0.0353
vn -0.5289 -0.8470 0.0538
vn -0.5956 -0.7906 0.1422
vn -0.6533 -0.7218 0.2285
vn -0.7009 -0.6416 0.3115
vn -0.7377 -0.5513 0.3898
vn -0.7630 -0.4520 0.4622
vn -0.7763 -0.3453 0.5274
vn -0.7774 -0.2329 0.5843
vn -0.7661 -0.1166 0.6321
vn -0.7426 0.0018 0.6697
vn -0.7073 0.1203 0.6966
vn -0.6607 0.2370 0.7123
vn -0.6035 0.3499 0.7165
vn -0.5368 0.4572 0.7091
vn -0.4616 0.5571 0.6904
vn -0.3791 0.6480 0.6606
vn -0.2908 0.7285 0.6203
vn -0.1979 0.7973 0.5702
vn -0.1021 0.8534 0.5112
vn -0.0048 0.8959 0.4442
vn 0.0924 0.9243 0.3703
vn 0.1882 0.9381 0.2907
vn 0.2811 0.9372 0.2066
vn 0.3695 0.9215 0.1193
vn 0.4522 0.8914 0.0301
vn 0.5279 0.8472 -0.0595
vn 0.5954 0.7896 -0.1483
vn 0.6536 0.7195 -0.2348
vn 0.7015 0.6379 -0.3178
vn 0.7383 0.5461 -0.3958
vn 0.7634 0.4455 -0.4677
vn 0.7763 0.3376 -0.5323
vn 0.7767 0.2243 -0.5886
vn 0.7647 0.1073 -0.6354
vn 0.7403 -0.0113 -0.6722
vn 0.6982 -0.1251 -0.7049
vn 0.6324 -0.2271 -0.7406
vn 0.5565 -0.3254 -0.7645
vn 0.4719 -0.4183 -0.7761
vn 0.3800 -0.5044 -0.7754
vn 0.2823 -0.5823 -0.7624
vn 0.1805 -0.6508 -0.7374
vn 0.0761 -0.7091 -0.7010
vn -0.0292 -0.7561 -0.6538
vn -0.1338 -0.7913 -0.5966
vn -0.2361 -0.8143 -0.5302
vn -0.3347 -0.8247 -0.4558
vn -0.4281 -0.8225 -0.3745
vn -0.5149 -0.8076 -0.2874
vn -0.5939 -0.7804 -0.1959
vn -0.6638 -0.7411 -0.1012
vn -0.7236 -0.6902 -0.0048
vn -0.7723 -0.6286 0.0918
vn -0.8091 -0.5571 0.1873
vn -0.8333 -0.4766 0.2800
vn -0.8445 -0.3884 0.3687
vn -0.8424 -0.2938 0.4516
vn -0.8269 -0.1944 0.5277
vn -0.7982 -0.0916 0.5954
vn -0.7566 0.0127 0.6537
vn -0.7029 0.1170 0.7016
vn -0.6379 0.2194 0.7382
vn -0.5626 0.3183 0.7630
vn -0.4783 0.4120 0.7756
vn -0.3864 0.4990 0.7757
vn -0.2885 0.5778 0.7635
vn -0.1862 0.6473 0.7391
vn -0.0810 0.7064 0.7031
vn 0.0252 0.7543 0.6561
vn 0.1309 0.7902 0.5988
vn 0.2344 0.8136 0.5321
vn 0.3341 0.8242 0.4572
vn 0.4285 0.8219 0.3752
vn 0.5162 0.8068 0.2873
vn 0.5959 0.7791 0.1949
vn 0.6662 0.7391 0.0993
vn 0.7262 0.6875 0.0020
vn 0.7748 0.6249 -0.0955
vn 0.8112 0.5524 -0.1916
vn 0.8349 0.4710 -0.2849
vn 0.8452 0.3819 -0.3738
vn 0.8421 0.2866 -0.4568
vn 0.8255 0.1866 -0.5327
vn 0.7956 0.0835 -0.6000
vn 0.7530 -0.0209 -0.6577
vn 0.6914 -0.1149 -0.7133
vn 0.6116 -0.1975 -0.7661
vn 0.5221 -0.2770 -0.8066
vn 0.4245 -0.3519 -0.8342
vn 0.3205 -0.4211 -0.8485
vn 0.2116 -0.4836 -0.8494
vn 0.0996 -0.5383 -0.8369
vn -0.0136 -0.5845 -0.8113
vn -0.1264 -0.6215 -0.7732
vn -0.2370 -0.6488 -0.7232
vn -0.3438 -0.6660 -0.6620
vn -0.4451 -0.6729 -0.5908
vn -0.5396 -0.6695 -0.5105
vn -0.6258 -0.6558 -0.4223
vn -0.7024 -0.6319 -0.3276
vn -0.7682 -0.5983 -0.2278
vn -0.8223 -0.5553 -0.1242
vn -0.8637 -0.5037 -0.0186
vn -0.8917 -0.4440 0.0876
vn -0.9059 -0.3772 0.1927
vn -0.9057 -0.3044 0.2949
vn -0.8913 -0.2265 0.3928
vn -0.8627 -0.1449 0.4846
vn -0.8202 -0.0609 0.5688
vn -0.7646 0.0242 0.6441
vn -0.6967 0.1089 0.7091
vn -0.6175 0.1919 0.7628
vn -0.5284 0.2718 0.8043
vn -0.4310 0.3472 0.8329
vn -0.3267 0.4169 0.8482
vn -0.2173 0.4799 0.8500
vn -0.1046 0.5351 0.8383
vn 0.0095 0.5817 0.8133
vn 0.1234 0.6190 0.7756
vn 0.2351 0.6466 0.7257
vn 0.3430 0.6639 0.6645
vn 0.4455 0.6708 0.5929
vn 0.5409 0.6673 0.5120
vn 0.6279 0.6533 0.4231
vn 0.7050 0.6291 0.3274
vn 0.7711 0.5951 0.2266
vn 0.8251 0.5516 0.1220
vn 0.8662 0.4994 0.0154
vn 0.8937 0.4393 -0.0917
vn 0.9070 0.3721 -0.1975
vn 0.9059 0.2988 -0.3003
vn 0.8903 0.2206 -0.3984
vn 0.8605 0.1388 -0.4902
vn 0.8169 0.0547 -0.5742
vn 0.7602 -0.0303 -0.6490
vn 0.6845 -0.0982 -0.7224
vn 0.5953 -0.1595 -0.7875
vn 0.4967 -0.2182 -0.8400
vn 0.3905 -0.2734 -0.8791
vn 0.2782 -0.3241 -0.9042
vn 0.1619 -0.3697 -0.9149
vn 0.0432 -0.4094 -0.9113
vn -0.0759 -0.4427 -0.8935
vn -0.1936 -0.4690 -0.8617
vn -0.3081 -0.4879 -0.8167
vn -0.4177 -0.4993 -0.7591
vn -0.5208 -0.5030 -0.6897
vn -0.6158 -0.4989 -0.6098
vn -0.7013 -0.4871 -0.5204
vn -0.7761 -0.4677 -0.4230
vn -0.8389 -0.4411 -0.3189
vn -0.8888 -0.4076 -0.2097
vn -0.9249 -0.3676 -0.0970
vn -0.9466 -0.3218 0.0174
vn -0.9536 -0.2709 0.1317
vn -0.9455 -0.2155 0.2442
vn -0.9224 -0.1567 0.3531
vn -0.8846 -0.0953 0.4565
vn -0.8327 -0.0323 0.5528
vn -0.7674 0.0313 0.6404
vn -0.6898 0.0944 0.7178
vn -0.6011 0.1559 0.7838
vn -0.5029 0.2149 0.8372
vn -0.3966 0.2704 0.8773
vn -0.2841 0.3214 0.9033
vn -0.1672 0.3673 0.9150
vn -0.0478 0.4072 0.9121
vn 0.0722 0.4406 0.8948
vn 0.1909 0.4669 0.8634
vn 0.3064 0.4859 0.8185
vn 0.4171 0.4973 0.7608
vn 0.5211 0.5008 0.6911
vn 0.6169 0.4965 0.6106
vn 0.7031 0.4845 0.5206
vn 0.7782 0.4648 0.4222
vn 0.8412 0.4379 0.3172
vn 0.8910 0.4041 0.2070
vn 0.9267 0.3639 0.0934
vn 0.9479 0.3179 -0.0218
vn 0.9540 0.2667 -0.1368
vn 0.9450 0.2113 -0.2498
vn 0.9208 0.1524 -0.3590
vn 0.8820 0.0910 -0.4624
vn 0.8290 0.0280 -0.5585
vn 0.7628 -0.0354 -0.6456
vn 0.6783 -0.0741 -0.7310
vn 0.5834 -0.1137 -0.8042
vn 0.4794 -0.1515 -0.8644
vn 0.3680 -0.1868 -0.9109
vn 0.2509 -0.2191 -0.9429
vn 0.1301 -0.2480 -0.9600
vn 0.0075 -0.2729 -0.9620
vn -0.1150 -0.2936 -0.9490
vn -0.2355 -0.3096 -0.9212
vn -0.3522 -0.3208 -0.8792
vn -0.4634 -0.3271 -0.8236
vn -0.5673 -0.3283 -0.7553
vn -0.6624 -0.3244 -0.6752
vn -0.7474 -0.3154 -0.5848
vn -0.8208 -0.3016 -0.4851
vn -0.8815 -0.2831 -0.3779
vn -0.9286 -0.2601 -0.2646
vn -0.9613 -0.2330 -0.1470
vn -0.9790 -0.2022 -0.0269
vn -0.9813 -0.1681 0.0938
vn -0.9681 -0.1313 0.2133
vn -0.9396 -0.0924 0.3296
vn -0.8961 -0.0520 0.4408
vn -0.8383 -0.0106 0.5452
vn -0.7670 0.0309 0.6409
vn -0.6835 0.0720 0.7264
vn -0.5891 0.1118 0.8003
vn -0.4853 0.1499 0.8614
vn -0.3738 0.1855 0.9088
vn -0.2565 0.2181 0.9416
vn -0.1352 0.2472 0.9595
vn -0.0119 0.2723 0.9621
vn 0.1114 0.2930 0.9496
vn 0.2328 0.3091 0.9221
vn 0.3505 0.3203 0.8801
vn 0.4625 0.3264 0.8243
vn 0.5673 0.3274 0.7556
vn 0.6631 0.3233 0.6751
vn 0.7486 0.3141 0.5839
vn 0.8223 0.3000 0.4835
vn 0.8832 0.2812 0.3754
vn 0.9302 0.2579 0.2612
vn 0.9625 0.2306 0.1428
vn 0.9796 0.1996 0.0220
vn 0.9812 0.1654 -0.0994
vn 0.9672 0.1286 -0.2192
vn 0.9377 0.0896 -0.3357
vn 0.8932 0.0492 -0.4469
vn 0.8345 0.0080 -0.5509
vn 0.7625 -0.0333 -0.6462
vn 0.6737 -0.0403 -0.7379
vn 0.5759 -0.0582 -0.8154
vn 0.4691 -0.0752 -0.8799
vn 0.3551 -0.0909 -0.9304
vn 0.2356 -0.1052 -0.9661
vn 0.1127 -0.1178 -0.9866
vn -0.0117 -0.1286 -0.9916
vn -0.1358 -0.1373 -0.9812
vn -0.2576 -0.1440 -0.9555
vn -0.3753 -0.1484 -0.9150
vn -0.4870 -0.1505 -0.8603
vn -0.5912 -0.1503 -0.7924
vn -0.6863 -0.1478 -0.7122
vn -0.7707 -0.1430 -0.6209
vn -0.8433 -0.1359 -0.5199
vn -0.9029 -0.1268 -0.4107
vn -0.9485 -0.1156 -0.2949
vn -0.9793 -0.1026 -0.1743
vn -0.9948 -0.0880 -0.0508
vn -0.9947 -0.0719 0.0738
vn -0.9788 -0.0546 0.1974
vn -0.9474 -0.0364 0.3180
vn -0.9008 -0.0175 0.4338
vn -0.8399 0.0017 0.5427
vn -0.7655 0.0209 0.6430
vn -0.6789 0.0398 0.7331
vn -0.5815 0.0581 0.8115
vn -0.4748 0.0755 0.8768
vn -0.3607 0.0916 0.9282
vn -0.2410 0.1063 0.9647
vn -0.1176 0.1193 0.9859
vn 0.0076 0.1303 0.9914
vn 0.1324 0.1393 0.9814
vn 0.2551 0.1460 0.9558
vn 0.3736 0.1504 0.9153
vn 0.4863 0.1524 0.8604
vn 0.5912 0.1520 0.7921
vn 0.6869 0.1491 0.7113
vn 0.7719 0.1440 0.6193
vn 0.8447 0.1365 0.5175
vn 0.9044 0.1269 0.4074
vn 0.9498 0.1154 0.2908
vn 0.9803 0.1020 0.1694
vn 0.9952 0.0870 0.0452
vn 0.9943 0.0707 -0.0798
vn 0.9776 0.0532 -0.2038
vn 0.9452 0.0350 -0.3245
vn 0.8978 0.0162 -0.4401
vn 0.8360 -0.0028 -0.5487
vn 0.7609 -0.0218 -0.6485
vn 0.6720 0.0067 -0.7406
vn 0.5735 0.0115 -0.8191
vn 0.4661 0.0160 -0.8846
vn 0.3515 0.0204 -0.9360
vn 0.2317 0.0244 -0.9725
vn 0.1085 0.0279 -0.9937
vn -0.0162 0.0311 -0.9994
vn -0.1404 0.0337 -0.9895
vn -0.2622 0.0358 -0.9644
vn -0.3799 0.0372 -0.9243
vn -0.4916 0.0381 -0.8700
vn -0.5957 0.0383 -0.8023
vn -0.6907 0.0380 -0.7222
vn -0.7751 0.0370 -0.6308
vn -0.8475 0.0354 -0.5296
vn -0.9070 0.0333 -0.4199
vn -0.9523 0.0307 -0.3035
vn -0.9829 0.0276 -0.1821
vn -0.9981 0.0241 -0.0576
vn -0.9975 0.0203 0.0682
vn -0.9811 0.0162 0.1930
vn -0.9490 0.0119 0.3150
vn -0.9018 0.0076 0.4322
vn -0.8401 0.0032 0.5425
vn -0.7649 -0.0011 0.6442
vn -0.6774 -0.0054 0.7356
vn -0.5792 -0.0094 0.8151
vn -0.4718 -0.0132 0.8816
vn -0.3571 -0.0167 0.9339
vn -0.2368 -0.0199 0.9714
vn -0.1129 -0.0228 0.9933
vn 0.0125 -0.0253 0.9996
vn 0.1376 -0.0275 0.9901
vn 0.2603 -0.0293 0.9651
vn 0.3789 -0.0307 0.9249
vn 0.4915 -0.0318 0.8703
vn 0.5963 -0.0323 0.8021
vn 0.6919 -0.0325 0.7213
vn 0.7767 -0.0322 0.6291
vn 0.8494 -0.0314 0.5269
vn 0.9088 -0.0301 0.4162
vn 0.9539 -0.0283 0.2988
vn 0.9840 -0.0259 0.1765
vn 0.9984 -0.0231 0.0512
vn 0.9970 -0.0197 -0.0750
vn 0.9796 -0.0160 -0.2002
vn 0.9466 -0.0119 -0.3223
vn 0.8984 -0.0075 -0.4392
vn 0.8358 -0.0028 -0.5490
vn 0.7599 0.0019 -0.6500
vn 0.6759 0.0728 -0.7334
vn 0.5792 0.1024 -0.8087
vn 0.4735 0.1305 -0.8711
vn 0.3606 0.1564 -0.9195
vn 0.2425 0.1798 -0.9534
vn 0.1209 0.2003 -0.9722
vn -0.0023 0.2176 -0.9760
vn -0.1252 0.2315 -0.9647
vn -0.2460 0.2418 -0.9386
vn -0.3628 0.2482 -0.8982
vn -0.4741 0.2508 -0.8440
vn -0.5781 0.2495 -0.7769
vn -0.6733 0.2444 -0.6978
vn -0.7583 0.2354 -0.6079
vn -0.8318 0.2227 -0.5084
vn -0.8926 0.2066 -0.4008
vn -0.9396 0.1872 -0.2867
vn -0.9720 0.1648 -0.1677
vn -0.9891 0.1399 -0.0457
vn -0.9906 0.1128 0.0774
vn -0.9763 0.0839 0.1996
vn -0.9463 0.0538 0.3189
vn -0.9010 0.0230 0.4333
vn -0.8411 -0.0079 0.5408
vn -0.7676 -0.0386 0.6397
vn -0.6818 -0.0683 0.7283
vn -0.5851 -0.0968 0.8051
vn -0.4792 -0.1234 0.8690
vn -0.3658 -0.1479 0.9189
vn -0.2468 -0.1698 0.9541
vn -0.1243 -0.1890 0.9741
vn -0.0000 -0.2053 0.9787
vn 0.1240 -0.2183 0.9680
vn 0.2459 -0.2281 0.9421
vn 0.3638 -0.2344 0.9015
vn 0.4759 -0.2373 0.8469
vn 0.5807 -0.2367 0.7790
vn 0.6764 -0.2325 0.6989
vn 0.7617 -0.2247 0.6077
vn 0.8352 -0.2135 0.5068
vn 0.8957 -0.1988 0.3977
vn 0.9422 -0.1809 0.2820
vn 0.9738 -0.1599 0.1617
vn 0.9899 -0.1361 0.0385
vn 0.9903 -0.1099 -0.0854
vn 0.9747 -0.0816 -0.2081
vn 0.9435 -0.0517 -0.3274
vn 0.8971 -0.0208 -0.4414
vn 0.8363 0.0106 -0.5482
vn 0.7621 0.0420 -0.6461
vn 0.6910 0.1600 -0.7049
vn 0.5993 0.2171 -0.7705
vn 0.4985 0.2707 -0.8235
vn 0.3902 0.3198 -0.8634
vn 0.2764 0.3637 -0.8896
vn 0.1587 0.4018 -0.9019
vn 0.0389 0.4335 -0.9003
vn -0.0810 0.4585 -0.8850
vn -0.1995 0.4763 -0.8563
vn -0.3149 0.4868 -0.8148
vn -0.4254 0.4898 -0.7610
vn -0.5296 0.4854 -0.6956
vn -0.6260 0.4735 -0.6197
vn -0.7130 0.4542 -0.5341
vn -0.7894 0.4280 -0.4401
vn -0.8539 0.3950 -0.3389
vn -0.9054 0.3557 -0.2320
vn -0.9428 0.3107 -0.1209
vn -0.9654 0.2607 -0.0075
vn -0.9726 0.2066 0.1067
vn -0.9641 0.1491 0.2196
vn -0.9400 0.0893 0.3294
vn -0.9004 0.0284 0.4342
vn -0.8460 -0.0327 0.5322
vn -0.7777 -0.0929 0.6217
vn -0.6968 -0.1511 0.7012
vn -0.6046 -0.2063 0.7693
vn -0.5029 -0.2576 0.8251
vn -0.3934 -0.3044 0.8675
vn -0.2780 -0.3460 0.8961
vn -0.1587 -0.3819 0.9105
vn -0.0373 -0.4118 0.9105
vn 0.0843 -0.4353 0.8963
vn 0.2042 -0.4523 0.8682
vn 0.3206 -0.4626 0.8265
vn 0.4321 -0.4662 0.7720
vn 0.5368 -0.4629 0.7054
vn 0.6334 -0.4527 0.6276
vn 0.7204 -0.4356 0.5397
vn 0.7963 -0.4117 0.4431
vn 0.8600 -0.3811 0.3393
vn 0.9104 -0.3442 0.2297
vn 0.9464 -0.3013 0.1162
vn 0.9674 -0.2531 0.0006
vn 0.9730 -0.2002 -0.1151
vn 0.9628 -0.1436 -0.2289
vn 0.9371 -0.0841 -0.3389
vn 0.8962 -0.0230 -0.4432
vn 0.8408 0.0389 -0.5399
vn 0.7720 0.1002 -0.6276
vn 0.7242 0.2532 -0.6414
vn 0.6411 0.3354 -0.6903
vn 0.5482 0.4121 -0.7278
vn 0.4472 0.4820 -0.7534
vn 0.3398 0.5441 -0.7671
vn 0.2278 0.5976 -0.7688
vn 0.1127 0.6417 -0.7586
vn -0.0036 0.6759 -0.7370
vn -0.1196 0.6998 -0.7043
vn -0.2336 0.7131 -0.6610
vn -0.3440 0.7156 -0.6079
vn -0.4494 0.7074 -0.5455
vn -0.5483 0.6884 -0.4748
vn -0.6391 0.6590 -0.3966
vn -0.7205 0.6193 -0.3120
vn -0.7911 0.5700 -0.2220
vn -0.8497 0.5116 -0.1280
vn -0.8950 0.4449 -0.0313
vn -0.9262 0.3711 0.0666
vn -0.9425 0.2912 0.1640
vn -0.9434 0.2066 0.2595
vn -0.9287 0.1187 0.3513
vn -0.8985 0.0293 0.4379
vn -0.8534 -0.0602 0.5177
vn -0.7941 -0.1481 0.5895
vn -0.7217 -0.2329 0.6518
vn -0.6376 -0.3132 0.7038
vn -0.5434 -0.3876 0.7447
vn -0.4407 -0.4550 0.7738
vn -0.3314 -0.5146 0.7908
vn -0.2174 -0.5657 0.7954
vn -0.1006 -0.6078 0.7877
vn 0.0174 -0.6404 0.7678
vn 0.1346 -0.6634 0.7361
vn 0.2495 -0.6765 0.6929
vn 0.3604 -0.6796 0.6389
vn 0.4659 -0.6727 0.5748
vn 0.5643 -0.6556 0.5017
vn 0.6544 -0.6285 0.4204
vn 0.7347 -0.5914 0.3323
vn 0.8040 -0.5446 0.2388
vn 0.8610 -0.4887 0.1413
vn 0.9046 -0.4242 0.0414
vn 0.9341 -0.3521 -0.0591
vn 0.9487 -0.2736 -0.1586
vn 0.9481 -0.1898 -0.2553
vn 0.9321 -0.1023 -0.3474
vn 0.9010 -0.0126 -0.4335
vn 0.8554 0.0776 -0.5120
vn 0.7961 0.1668 -0.5817
vn 0.8041 0.3515 -0.4794
vn 0.5186 0.4098 0.7504
vn 0.8525 0.4950 0.1677
vn 0.7288 0.4471 -0.5186
vn 0.5086 0.4274 0.7475
vn 0.8057 0.5747 0.1430
vn 0.4965 0.4440 0.7459
vn 0.6426 0.5364 -0.5472
vn 0.7489 0.6507 0.1256
vn 0.4826 0.4594 0.7457
vn 0.5469 0.6180 -0.5648
vn 0.6829 0.7213 0.1158
vn 0.4670 0.4731 0.7470
vn 0.4434 0.6906 -0.5714
vn 0.6087 0.7852 0.1140
vn 0.3341 0.7530 -0.5669
vn 0.4501 0.4850 0.7498
vn 0.5278 0.8408 0.1203
vn 0.4321 0.4949 0.7539
vn 0.2206 0.8044 -0.5517
vn 0.4417 0.8870 0.1346
vn 0.4133 0.5025 0.7594
vn 0.1047 0.8440 -0.5260
vn 0.3520 0.9228 0.1567
vn 0.3941 0.5077 0.7661
vn -0.0118 0.8714 -0.4904
vn 0.2604 0.9474 0.1863
vn -0.1271 0.8863 -0.4454
vn 0.3747 0.5104 0.7740
vn 0.1688 0.9602 0.2226
vn 0.3556 0.5106 0.7828
vn -0.2397 0.8883 -0.3917
vn 0.0789 0.9610 0.2650
vn 0.3371 0.5082 0.7925
vn -0.3477 0.8776 -0.3301
vn -0.0075 0.9498 0.3127
vn 0.3195 0.5033 0.8028
vn -0.4496 0.8541 -0.2615
vn -0.0886 0.9269 0.3648
vn -0.5437 0.8182 -0.1868
vn 0.3031 0.4961 0.8137
vn -0.1630 0.8927 0.4201
vn 0.2882 0.4866 0.8248
vn -0.6286 0.7703 -0.1072
vn -0.2291 0.8481 0.4777
vn 0.2750 0.4750 0.8359
vn -0.7028 0.7110 -0.0237
vn -0.2859 0.7941 0.5363
vn 0.2638 0.4615 0.8470
vn -0.7648 0.6412 0.0622
vn -0.3322 0.7319 0.5949
vn -0.8135 0.5620 0.1493
vn 0.2547 0.4465 0.8578
vn -0.3675 0.6629 0.6523
vn 0.2479 0.4301 0.8681
vn -0.8479 0.4747 0.2360
vn -0.3911 0.5885 0.7076
vn 0.2434 0.4127 0.8777
vn -0.8672 0.3809 0.3208
vn -0.4030 0.5103 0.7597
vn 0.2414 0.3946 0.8866
vn -0.8710 0.2821 0.4022
vn -0.4032 0.4300 0.8078
vn -0.8592 0.1804 0.4788
vn 0.2417 0.3761 0.8945
vn -0.3922 0.3490 0.8511
vn 0.2443 0.3575 0.9014
vn -0.8321 0.0776 0.5492
vn -0.3704 0.2689 0.8891
vn 0.2493 0.3391 0.9071
vn -0.7903 -0.0244 0.6122
vn -0.3388 0.1911 0.9212
vn 0.2563 0.3211 0.9117
vn -0.7348 -0.1237 0.6669
vn -0.2983 0.1167 0.9473
vn -0.6668 -0.2186 0.7124
vn 0.2653 0.3040 0.9150
vn -0.2499 0.0468 0.9671
vn 0.2762 0.2878 0.9170
vn -0.5879 -0.3075 0.7482
vn -0.1948 -0.0177 0.9807
vn 0.2887 0.2729 0.9177
vn -0.4996 -0.3891 0.7739
vn -0.1341 -0.0761 0.9880
vn 0.3025 0.2593 0.9172
vn -0.4037 -0.4625 0.7894
vn -0.0689 -0.1281 0.9894
vn -0.3018 -0.5268 0.7946
vn 0.3176 0.2474 0.9154
vn -0.0003 -0.1732 0.9849
vn 0.3337 0.2372 0.9124
vn -0.1956 -0.5814 0.7898
vn 0.0707 -0.2112 0.9749
vn 0.3504 0.2288 0.9082
vn -0.0869 -0.6259 0.7750
vn 0.1433 -0.2420 0.9596
vn 0.3677 0.2224 0.9030
vn 0.0231 -0.6602 0.7508
vn 0.2167 -0.2656 0.9394
vn 0.1328 -0.6840 0.7173
vn 0.3852 0.2180 0.8967
vn 0.2900 -0.2820 0.9145
vn 0.4028 0.2156 0.8895
vn 0.2409 -0.6973 0.6751
vn 0.3628 -0.2910 0.8852
vn 0.4202 0.2153 0.8815
vn 0.3462 -0.7000 0.6246
vn 0.4344 -0.2928 0.8518
vn 0.4371 0.2172 0.8728
vn 0.4476 -0.6920 0.5665
vn 0.5040 -0.2872 0.8145
vn 0.5437 -0.6731 0.5013
vn 0.4534 0.2211 0.8635
vn 0.5711 -0.2742 0.7737
vn 0.4687 0.2270 0.8537
vn 0.6333 -0.6434 0.4300
vn 0.6350 -0.2536 0.7297
vn 0.4830 0.2349 0.8435
vn 0.7153 -0.6029 0.3533
vn 0.6950 -0.2254 0.6828
vn 0.4960 0.2448 0.8331
vn 0.7883 -0.5517 0.2723
vn 0.7501 -0.1896 0.6335
vn 0.8510 -0.4903 0.1882
vn 0.5075 0.2564 0.8226
vn 0.7996 -0.1463 0.5824
vn 0.5172 0.2697 0.8122
vn 0.9022 -0.4190 0.1021
vn 0.8425 -0.0956 0.5301
vn 0.5251 0.2844 0.8021
vn 0.9407 -0.3389 0.0156
vn 0.8779 -0.0379 0.4773
vn 0.5310 0.3005 0.7923
vn 0.9655 -0.2510 -0.0699
vn 0.9049 0.0264 0.4247
vn 0.9757 -0.1566 -0.1530
vn 0.5347 0.3176 0.7831
vn 0.9226 0.0964 0.3734
vn 0.5361 0.3355 0.7746
vn 0.9710 -0.0573 -0.2319
vn 0.9304 0.1712 0.3242
vn 0.5352 0.3540 0.7669
vn 0.9512 0.0450 -0.3054
vn 0.9275 0.2499 0.2781
vn 0.5320 0.3728 0.7603
vn 0.9163 0.1486 -0.3719
vn 0.9136 0.3311 0.2360
vn 0.5264 0.3914 0.7547
vn 0.8670 0.2514 -0.4302
vn 0.8886 0.4133 0.1990
vn -0.0225 -0.9930 -0.1157
vn 0.6031 -0.0893 -0.7926
vn 0.2164 -0.8866 -0.4089
vn 0.5142 -0.4500 -0.7301
vn -0.0295 -0.9923 -0.1203
vn 0.4986 -0.0920 -0.8619
vn 0.1689 -0.8829 -0.4381
vn 0.4197 -0.4483 -0.7892
vn -0.0369 -0.9916 -0.1239
vn 0.3864 -0.0949 -0.9174
vn 0.1184 -0.8794 -0.4611
vn 0.3190 -0.4468 -0.8358
vn -0.0448 -0.9909 -0.1266
vn 0.2683 -0.0977 -0.9584
vn 0.0656 -0.8761 -0.4776
vn 0.2138 -0.4455 -0.8694
vn -0.0529 -0.9903 -0.1283
vn 0.1462 -0.1006 -0.9841
vn 0.0115 -0.8731 -0.4874
vn 0.1057 -0.4444 -0.8896
vn -0.0612 -0.9898 -0.1290
vn 0.0221 -0.1033 -0.9944
vn -0.0431 -0.8704 -0.4904
vn -0.0035 -0.4435 -0.8963
vn -0.0695 -0.9893 -0.1286
vn -0.1021 -0.1059 -0.9891
vn -0.0976 -0.8680 -0.4868
vn -0.1124 -0.4428 -0.8896
vn -0.0777 -0.9888 -0.1272
vn -0.2245 -0.1082 -0.9685
vn -0.1510 -0.8660 -0.4767
vn -0.2192 -0.4422 -0.8697
vn -0.0856 -0.9885 -0.1248
vn -0.3432 -0.1101 -0.9328
vn -0.2026 -0.8644 -0.4602
vn -0.3224 -0.4418 -0.8371
vn -0.0932 -0.9882 -0.1215
vn -0.4564 -0.1116 -0.8827
vn -0.2518 -0.8631 -0.4377
vn -0.4208 -0.4416 -0.7925
vn -0.1003 -0.9880 -0.1172
vn -0.5625 -0.1127 -0.8191
vn -0.2978 -0.8623 -0.4096
vn -0.5128 -0.4414 -0.7363
vn -0.1069 -0.9879 -0.1121
vn -0.6598 -0.1132 -0.7429
vn -0.3402 -0.8619 -0.3761
vn -0.5974 -0.4413 -0.6696
vn -0.1127 -0.9879 -0.1062
vn -0.7469 -0.1132 -0.6553
vn -0.3782 -0.8619 -0.3379
vn -0.6732 -0.4413 -0.5933
vn -0.1178 -0.9880 -0.0996
vn -0.8225 -0.1127 -0.5575
vn -0.4113 -0.8623 -0.2954
vn -0.7394 -0.4414 -0.5084
vn -0.1220 -0.9882 -0.0925
vn -0.8855 -0.1116 -0.4511
vn -0.4392 -0.8631 -0.2492
vn -0.7950 -0.4416 -0.4160
vn -0.1254 -0.9885 -0.0849
vn -0.9348 -0.1101 -0.3376
vn -0.4614 -0.8644 -0.1998
vn -0.8391 -0.4418 -0.3174
vn -0.1277 -0.9888 -0.0769
vn -0.9698 -0.1082 -0.2187
vn -0.4776 -0.8660 -0.1481
vn -0.8710 -0.4422 -0.2139
vn -0.1291 -0.9893 -0.0687
vn -0.9897 -0.1059 -0.0961
vn -0.4874 -0.8680 -0.0946
vn -0.8902 -0.4428 -0.1070
vn -0.1294 -0.9898 -0.0604
vn -0.9943 -0.1033 0.0281
vn -0.4907 -0.8704 -0.0402
vn -0.8963 -0.4435 0.0019
vn -0.1287 -0.9903 -0.0521
vn -0.9832 -0.1006 0.1522
vn -0.4873 -0.8731 0.0145
vn -0.8889 -0.4444 0.1111
vn -0.1269 -0.9909 -0.0440
vn -0.9567 -0.0977 0.2741
vn -0.4772 -0.8761 0.0685
vn -0.8681 -0.4455 0.2190
vn -0.1242 -0.9916 -0.0362
vn -0.9151 -0.0949 0.3919
vn -0.4604 -0.8794 0.1211
vn -0.8339 -0.4468 0.3241
vn -0.1204 -0.9923 -0.0287
vn -0.8589 -0.0920 0.5038
vn -0.4371 -0.8829 0.1715
vn -0.7867 -0.4483 0.4245
vn -0.1158 -0.9930 -0.0218
vn -0.7890 -0.0893 0.6079
vn -0.4076 -0.8866 0.2189
vn -0.7270 -0.4500 0.5186
vn -0.1103 -0.9938 -0.0155
vn -0.7064 -0.0867 0.7024
vn -0.3721 -0.8903 0.2623
vn -0.6557 -0.4519 0.6049
vn -0.1041 -0.9945 -0.0100
vn -0.6126 -0.0842 0.7859
vn -0.3313 -0.8942 0.3012
vn -0.5737 -0.4538 0.6818
vn -0.0972 -0.9953 -0.0052
vn -0.5088 -0.0820 0.8570
vn -0.2856 -0.8980 0.3347
vn -0.4823 -0.4559 0.7480
vn -0.0898 -0.9960 -0.0014
vn -0.3969 -0.0799 0.9144
vn -0.2358 -0.9017 0.3623
vn -0.3828 -0.4580 0.8023
vn -0.0819 -0.9966 0.0015
vn -0.2787 -0.0781 0.9572
vn -0.1827 -0.9053 0.3834
vn -0.2769 -0.4601 0.8436
vn -0.0737 -0.9973 0.0033
vn -0.1559 -0.0765 0.9848
vn -0.1270 -0.9087 0.3976
vn -0.1662 -0.4622 0.8711
vn -0.0653 -0.9979 0.0041
vn -0.0307 -0.0752 0.9967
vn -0.0697 -0.9119 0.4046
vn -0.0526 -0.4641 0.8842
vn -0.0569 -0.9984 0.0038
vn 0.0949 -0.0740 0.9927
vn -0.0117 -0.9147 0.4041
vn 0.0621 -0.4659 0.8827
vn -0.0486 -0.9988 0.0025
vn 0.2191 -0.0731 0.9730
vn 0.0459 -0.9171 0.3960
vn 0.1759 -0.4675 0.8663
vn -0.0405 -0.9992 0.0001
vn 0.3397 -0.0723 0.9378
vn 0.1021 -0.9191 0.3806
vn 0.2867 -0.4688 0.8355
vn -0.0327 -0.9995 -0.0032
vn 0.4549 -0.0718 0.8877
vn 0.1559 -0.9206 0.3579
vn 0.3929 -0.4698 0.7905
vn -0.0255 -0.9996 -0.0075
vn 0.5628 -0.0714 0.8235
vn 0.2065 -0.9217 0.3284
vn 0.4924 -0.4705 0.7322
vn -0.0188 -0.9997 -0.0127
vn 0.6618 -0.0712 0.7463
vn 0.2528 -0.9222 0.2926
vn 0.5837 -0.4708 0.6615
vn -0.0129 -0.9997 -0.0187
vn 0.7503 -0.0712 0.6573
vn 0.2941 -0.9222 0.2511
vn 0.6651 -0.4708 0.5797
vn -0.0077 -0.9996 -0.0254
vn 0.8269 -0.0714 0.5578
vn 0.3297 -0.9217 0.2045
vn 0.7352 -0.4705 0.4880
vn -0.0034 -0.9995 -0.0327
vn 0.8904 -0.0718 0.4495
vn 0.3589 -0.9206 0.1538
vn 0.7929 -0.4698 0.3881
vn -0.0001 -0.9992 -0.0405
vn 0.9398 -0.0723 0.3340
vn 0.3812 -0.9191 0.0998
vn 0.8372 -0.4688 0.2817
vn 0.0022 -0.9988 -0.0486
vn 0.9743 -0.0731 0.2132
vn 0.3963 -0.9171 0.0435
vn 0.8674 -0.4675 0.1706
vn 0.0035 -0.9984 -0.0569
vn 0.9933 -0.0740 0.0889
vn 0.4040 -0.9147 -0.0142
vn 0.8830 -0.4659 0.0568
vn 0.0037 -0.9979 -0.0653
vn 0.9965 -0.0752 -0.0367
vn 0.4041 -0.9119 -0.0721
vn 0.8839 -0.4641 -0.0579
vn 0.0029 -0.9973 -0.0737
vn 0.9838 -0.0765 -0.1619
vn 0.3969 -0.9087 -0.1294
vn 0.8701 -0.4622 -0.1714
vn 0.9555 -0.0781 -0.2844
vn 0.3823 -0.9053 -0.1850
vn 0.8419 -0.4601 -0.2820
vn -0.0019 -0.9960 -0.0897
vn 0.9119 -0.0799 -0.4024
vn 0.3609 -0.9017 -0.2380
vn 0.8000 -0.4580 -0.3877
vn -0.0058 -0.9953 -0.0972
vn 0.8539 -0.0820 -0.5140
vn 0.3330 -0.8980 -0.2877
vn 0.7451 -0.4559 -0.4868
vn -0.0106 -0.9945 -0.1040
vn 0.7822 -0.0842 -0.6173
vn 0.2992 -0.8942 -0.3331
vn 0.6783 -0.4538 -0.5778
vn 0.6982 -0.0866 -0.7107
vn -0.0162 -0.9938 -0.1102
vn 0.6009 -0.4519 -0.6593
vn 0.2601 -0.8903 -0.3737
vn 0.3945 0.3602 0.8454
vn -0.0634 -0.9960 -0.0630
vt 0.103653 0.911388
vt 0.106193 0.913586
vt 0.095200 0.926899
vt 0.092957 0.924381
vt 0.975131 0.856541
vt 0.119026 0.884886
vt 0.975949 0.886362
vt 0.973028 0.886170
vt 0.101395 0.909400
vt 0.974280 0.902701
vt 0.971821 0.856652
vt 0.969745 0.885935
vt 0.971413 0.902110
vt 0.966060 0.819731
vt 0.969940 0.819525
vt 0.968203 0.856694
vt 0.964334 0.856665
vt 0.968182 0.901503
vt 0.966152 0.885661
vt 0.964639 0.900890
vt 0.960276 0.856565
vt 0.962306 0.885351
vt 0.958267 0.885010
vt 0.960840 0.900279
vt 0.956092 0.856397
vt 0.954099 0.884645
vt 0.956844 0.899681
vt 0.949311 0.819514
vt 0.953551 0.819725
vt 0.951849 0.856164
vt 0.947613 0.855867
vt 0.952714 0.899104
vt 0.949868 0.884260
vt 0.948517 0.898559
vt 0.943451 0.855514
vt 0.945640 0.883862
vt 0.941482 0.883457
vt 0.944317 0.898053
vt 0.939429 0.855108
vt 0.655660 0.761061
vt 0.940181 0.897594
vt 0.651087 0.695792
vt 0.654646 0.696320
vt 0.653432 0.732693
vt 0.649871 0.732251
vt 0.937460 0.883051
vt 0.654563 0.775215
vt 0.651832 0.760712
vt 0.650744 0.774923
vt 0.413742 0.886372
vt 0.648264 0.760371
vt 0.430019 0.909683
vt 0.647180 0.774693
vt 0.410866 0.888357
vt 0.427261 0.911828
vt 0.439065 0.921054
vt 0.385002 0.860475
vt 0.388428 0.858443
vt 0.407753 0.890484
vt 0.404452 0.892718
vt 0.436457 0.923353
vt 0.424292 0.914150
vt 0.433669 0.925863
vt 0.401013 0.895026
vt 0.421158 0.916612
vt 0.417908 0.919175
vt 0.430744 0.928546
vt 0.397493 0.897371
vt 0.414594 0.921799
vt 0.427729 0.931359
vt 0.370347 0.868747
vt 0.374038 0.866723
vt 0.393945 0.899714
vt 0.390427 0.902021
vt 0.424672 0.934258
vt 0.411269 0.924443
vt 0.421620 0.937198
vt 0.386994 0.904254
vt 0.407983 0.927065
vt 0.404791 0.929624
vt 0.418622 0.940130
vt 0.383699 0.906377
vt 0.401741 0.932079
vt 0.415726 0.943011
vt 0.632283 0.379234
vt 0.359974 0.874200
vt 0.648713 0.415957
vt 0.645232 0.417073
vt 0.412976 0.945793
vt 0.398881 0.934391
vt 0.668499 0.461761
vt 0.641537 0.418316
vt 0.657390 0.446828
vt 0.653850 0.448431
vt 0.665388 0.463633
vt 0.637687 0.419668
vt 0.650148 0.450125
vt 0.662054 0.465608
vt 0.616422 0.383634
vt 0.620487 0.382384
vt 0.633743 0.421106
vt 0.629766 0.422608
vt 0.658548 0.467656
vt 0.646342 0.451883
vt 0.654926 0.469742
vt 0.625819 0.424150
vt 0.642491 0.453676
vt 0.638656 0.455478
vt 0.651245 0.471836
vt 0.621965 0.425709
vt 0.634898 0.457259
vt 0.647563 0.473903
vt 0.601191 0.389108
vt 0.604721 0.387711
vt 0.618264 0.427258
vt 0.614775 0.428775
vt 0.643937 0.475911
vt 0.631276 0.458991
vt 0.640427 0.477828
vt 0.611553 0.430235
vt 0.627847 0.460647
vt 0.624665 0.462201
vt 0.637085 0.479624
vt 0.608648 0.431615
vt 0.621781 0.463628
vt 0.633966 0.481271
vt 0.184501 0.878289
vt 0.592480 0.393103
vt 0.606107 0.432893
vt 0.162159 0.914220
vt 0.631118 0.482743
vt 0.619240 0.464906
vt 0.628587 0.484016
vt 0.159840 0.912622
vt 0.141849 0.942270
vt 0.139592 0.940590
vt 0.128128 0.958420
vt 0.157209 0.910814
vt 0.137052 0.938661
vt 0.125953 0.956664
vt 0.173206 0.871250
vt 0.176444 0.873217
vt 0.154305 0.908824
vt 0.151176 0.906684
vt 0.123532 0.954619
vt 0.134269 0.936512
vt 0.120901 0.952317
vt 0.147871 0.904426
vt 0.131287 0.934179
vt 0.128152 0.931696
vt 0.118103 0.949796
vt 0.144440 0.902088
vt 0.124914 0.929105
vt 0.115181 0.947094
vt 0.158859 0.862828
vt 0.162543 0.864950
vt 0.140940 0.899706
vt 0.137424 0.897317
vt 0.112182 0.944255
vt 0.838356 0.836808
vt 0.836401 0.835474
vt 0.838756 0.832418
vt 0.963706 0.905653
vt 0.121624 0.926445
vt 0.109153 0.941323
vt 0.133949 0.894959
vt 0.118334 0.923758
vt 0.115095 0.921087
vt 0.106141 0.938344
vt 0.130569 0.892669
vt 0.111960 0.918475
vt 0.103195 0.935366
vt 0.100360 0.932435
vt 0.977795 0.776439
vt 0.159838 0.813368
vt 0.979862 0.818326
vt 0.976896 0.818817
vt 0.108977 0.915961
vt 0.097681 0.929598
vt 0.142043 0.853520
vt 0.145010 0.855106
vt 0.124305 0.888437
vt 0.121520 0.886561
vt 0.127337 0.890484
vt 0.380595 0.908359
vt 0.660710 0.445340
vt 0.946017 0.778247
vt 0.950181 0.778514
vt 0.945147 0.819203
vt 0.178575 0.770070
vt 0.181552 0.770815
vt 0.162666 0.814464
vt 0.980768 0.775636
vt 0.970476 0.733617
vt 0.974109 0.732750
vt 0.974465 0.777133
vt 0.970828 0.777706
vt 0.973571 0.819219
vt 0.941125 0.818797
vt 0.657257 0.733094
vt 0.139372 0.852125
vt 0.978082 0.856361
vt 0.958676 0.778619
vt 0.962871 0.778455
vt 0.961992 0.819834
vt 0.957800 0.819832
vt 0.391648 0.856491
vt 0.941995 0.777841
vt 0.658469 0.696764
vt 0.377750 0.864648
vt 0.372343 0.818722
vt 0.375383 0.817033
vt 0.394611 0.854649
vt 0.363259 0.872515
vt 0.357980 0.825967
vt 0.361790 0.824140
vt 0.381424 0.862554
vt 0.624527 0.381222
vt 0.342872 0.832623
vt 0.346509 0.831110
vt 0.366735 0.870688
vt 0.608477 0.386319
vt 0.612364 0.337245
vt 0.616401 0.336495
vt 0.628480 0.380166
vt 0.595021 0.391825
vt 0.596045 0.341367
vt 0.600020 0.340199
vt 0.612398 0.384953
vt 0.179437 0.875065
vt 0.582475 0.346459
vt 0.585405 0.345163
vt 0.597940 0.390486
vt 0.166200 0.867083
vt 0.201579 0.833122
vt 0.204340 0.834706
vt 0.182137 0.876765
vt 0.148228 0.856859
vt 0.151645 0.858750
vt 0.187925 0.825934
vt 0.191625 0.827803
vt 0.169773 0.869195
vt 0.954079 0.735360
vt 0.958330 0.735200
vt 0.954423 0.778639
vt 0.172761 0.818758
vt 0.176486 0.820449
vt 0.155207 0.860750
vt 0.943771 0.692142
vt 0.947933 0.692307
vt 0.949839 0.735330
vt 0.945674 0.735111
vt 0.184836 0.771730
vt 0.165796 0.815741
vt 0.966943 0.778149
vt 0.203711 0.675598
vt 0.206925 0.675378
vt 0.196896 0.723985
vt 0.193783 0.723670
vt 0.169179 0.817180
vt 0.966593 0.734321
vt 0.651413 0.654699
vt 0.365492 0.822304
vt 0.650493 0.611428
vt 0.654053 0.612137
vt 0.654971 0.655313
vt 0.350279 0.829480
vt 0.347788 0.779777
vt 0.351427 0.778215
vt 0.369028 0.820489
vt 0.620292 0.335884
vt 0.332050 0.785668
vt 0.336037 0.784297
vt 0.354123 0.827756
vt 0.604108 0.339112
vt 0.610606 0.288768
vt 0.320747 0.789079
vt 0.623976 0.335421
vt 0.588679 0.343868
vt 0.339426 0.833992
vt 0.635876 0.378439
vt 0.594155 0.290662
vt 0.598351 0.289968
vt 0.608245 0.338122
vt 0.206746 0.836153
vt 0.578563 0.294604
vt 0.582157 0.293473
vt 0.592244 0.342596
vt 0.195171 0.829643
vt 0.227168 0.788890
vt 0.569789 0.298329
vt 0.579933 0.347738
vt 0.180295 0.822228
vt 0.215329 0.783003
vt 0.218757 0.784568
vt 0.198507 0.831426
vt 0.188375 0.772801
vt 0.199951 0.776769
vt 0.203926 0.778273
vt 0.184128 0.824066
vt 0.975445 0.686969
vt 0.977436 0.731734
vt 0.964621 0.647755
vt 0.968200 0.646168
vt 0.972136 0.688354
vt 0.968519 0.689557
vt 0.941652 0.734705
vt 0.658794 0.655800
vt 0.956411 0.691907
vt 0.960594 0.691348
vt 0.962523 0.734851
vt 0.354831 0.776666
vt 0.939749 0.691737
vt 0.657877 0.612672
vt 0.340031 0.782842
vt 0.340878 0.731898
vt 0.344057 0.730605
vt 0.357944 0.775154
vt 0.324344 0.788079
vt 0.325687 0.736766
vt 0.329739 0.735634
vt 0.343969 0.781327
vt 0.602535 0.289416
vt 0.309479 0.740263
vt 0.313402 0.739573
vt 0.328131 0.786936
vt 0.585994 0.292428
vt 0.596433 0.239453
vt 0.600586 0.239463
vt 0.606641 0.289013
vt 0.572330 0.297051
vt 0.579743 0.241151
vt 0.583794 0.240476
vt 0.590015 0.291487
vt 0.221905 0.786087
vt 0.873104 0.579437
vt 0.568963 0.244024
vt 0.575270 0.295803
vt 0.207855 0.779830
vt 0.238561 0.735100
vt 0.241432 0.736382
vt 0.224723 0.787536
vt 0.192113 0.774011
vt 0.224150 0.729985
vt 0.228082 0.731221
vt 0.211676 0.781415
vt 0.948377 0.651484
vt 0.952601 0.650979
vt 0.952168 0.692228
vt 0.207883 0.725833
vt 0.211902 0.726718
vt 0.195992 0.775340
vt 0.718239 0.901325
vt 0.722479 0.901492
vt 0.944154 0.651686
vt 0.718492 0.938496
vt 0.210455 0.675296
vt 0.200320 0.724455
vt 0.964651 0.690561
vt 0.201007 0.579897
vt 0.204149 0.578278
vt 0.209910 0.626373
vt 0.206667 0.627245
vt 0.204002 0.725075
vt 0.960788 0.649100
vt 0.648008 0.568326
vt 0.333662 0.734433
vt 0.958128 0.519249
vt 0.647256 0.528576
vt 0.651575 0.569143
vt 0.346881 0.729322
vt 0.317454 0.738751
vt 0.324799 0.687791
vt 0.328599 0.686925
vt 0.337395 0.733181
vt 0.604599 0.239650
vt 0.308252 0.690158
vt 0.312461 0.689752
vt 0.321570 0.737810
vt 0.587970 0.239964
vt 0.603674 0.190313
vt 0.296254 0.690543
vt 0.608409 0.240012
vt 0.572269 0.242939
vt 0.305747 0.740811
vt 0.614365 0.288682
vt 0.587035 0.188740
vt 0.591272 0.188816
vt 0.592205 0.239621
vt 0.864639 0.578949
vt 0.571327 0.190562
vt 0.574941 0.189799
vt 0.575881 0.241976
vt 0.231833 0.732499
vt 0.863981 0.540483
vt 0.868190 0.540881
vt 0.868849 0.579399
vt 0.215996 0.727715
vt 0.566017 0.245215
vt 0.869638 0.611435
vt 0.242733 0.679326
vt 0.246308 0.680295
vt 0.235344 0.733799
vt 0.214244 0.675354
vt 0.226553 0.676345
vt 0.230754 0.676931
vt 0.220100 0.728810
vt 0.203791 0.628221
vt 0.971467 0.644362
vt 0.740601 0.863054
vt 0.953144 0.576705
vt 0.961977 0.608305
vt 0.958472 0.610310
vt 0.962203 0.518414
vt 0.935976 0.651178
vt 0.655402 0.569733
vt 0.730648 0.902647
vt 0.950731 0.613425
vt 0.956760 0.650180
vt 0.332139 0.685973
vt 0.713985 0.901438
vt 0.939998 0.651584
vt 0.966401 0.517920
vt 0.316666 0.689216
vt 0.714238 0.938608
vt 0.950051 0.484012
vt 0.953697 0.482817
vt 0.335365 0.684950
vt 0.300084 0.690556
vt 0.954239 0.520412
vt 0.314611 0.641618
vt 0.318759 0.641538
vt 0.320801 0.688559
vt 0.595502 0.189107
vt 0.297963 0.640337
vt 0.302000 0.640890
vt 0.304104 0.690427
vt 0.578804 0.189236
vt 0.601247 0.140201
vt 0.605327 0.141272
vt 0.599658 0.189608
vt 0.872445 0.540920
vt 0.584792 0.138514
vt 0.588795 0.138529
vt 0.582857 0.188881
vt 0.249576 0.681325
vt 0.871983 0.495468
vt 0.876218 0.495216
vt 0.876680 0.540598
vt 0.234895 0.677630
vt 0.568021 0.191512
vt 0.855507 0.493603
vt 0.859424 0.494489
vt 0.252487 0.682399
vt 0.218232 0.675550
vt 0.859884 0.539730
vt 0.243912 0.737624
vt 0.238076 0.624060
vt 0.242113 0.624334
vt 0.238909 0.678433
vt 0.726075 0.860329
vt 0.730083 0.860762
vt 0.726637 0.901935
vt 0.221304 0.624503
vt 0.225458 0.624162
vt 0.222357 0.675882
vt 0.716768 0.814197
vt 0.721004 0.814155
vt 0.721920 0.860074
vt 0.717682 0.860003
vt 0.207603 0.576751
vt 0.213468 0.625618
vt 0.734449 0.903618
vt 0.954703 0.612026
vt 0.156871 0.492543
vt 0.159337 0.489504
vt 0.187924 0.532296
vt 0.185059 0.534686
vt 0.217287 0.624991
vt 0.737404 0.862136
vt 0.737980 0.904831
vt 0.957589 0.481866
vt 0.322771 0.641297
vt 0.946617 0.614485
vt 0.956710 0.440266
vt 0.960792 0.439762
vt 0.961666 0.481175
vt 0.306164 0.641292
vt 0.651090 0.529228
vt 0.329064 0.596201
vt 0.332791 0.596336
vt 0.326582 0.640898
vt 0.609263 0.142574
vt 0.330132 0.640347
vt 0.312881 0.593486
vt 0.316991 0.594473
vt 0.310390 0.641536
vt 0.592916 0.138819
vt 0.297722 0.587918
vt 0.301197 0.589512
vt 0.294116 0.639642
vt 0.880366 0.494679
vt 0.607225 0.092229
vt 0.611229 0.093309
vt 0.597088 0.139379
vt 0.863519 0.495101
vt 0.880171 0.442265
vt 0.884169 0.441726
vt 0.884363 0.493865
vt 0.245958 0.624758
vt 0.880827 0.539920
vt 0.580969 0.138774
vt 0.863323 0.442500
vt 0.867531 0.442734
vt 0.867727 0.495429
vt 0.229682 0.623973
vt 0.239333 0.570286
vt 0.851637 0.440677
vt 0.249550 0.625324
vt 0.211315 0.575340
vt 0.223399 0.572019
vt 0.227531 0.571274
vt 0.233911 0.623939
vt 0.182542 0.537105
vt 0.198227 0.581583
vt 0.738229 0.761099
vt 0.152960 0.498566
vt 0.742449 0.815344
vt 0.739643 0.814987
vt 0.180414 0.539516
vt 0.743422 0.864109
vt 0.713428 0.860115
vt 0.965864 0.480753
vt 0.195854 0.583310
vt 0.965164 0.606041
vt 0.729156 0.814284
vt 0.732943 0.814453
vt 0.733879 0.861368
vt 0.945808 0.442744
vt 0.949159 0.441768
vt 0.712514 0.814309
vt 0.964992 0.439436
vt 0.321101 0.595262
vt 0.947866 0.394862
vt 0.951531 0.394468
vt 0.952812 0.440938
vt 0.304922 0.590986
vt 0.337761 0.551234
vt 0.341546 0.552491
vt 0.325146 0.595841
vt 0.615204 0.094701
vt 0.322766 0.543882
vt 0.326373 0.546014
vt 0.308837 0.592318
vt 0.887951 0.441007
vt 0.638844 0.054743
vt 0.642381 0.057001
vt 0.619087 0.096382
vt 0.871787 0.442773
vt 0.888090 0.382284
vt 0.891597 0.381926
vt 0.603254 0.091477
vt 0.855313 0.441464
vt 0.252832 0.626023
vt 0.888144 0.492786
vt 0.871929 0.382948
vt 0.876164 0.382903
vt 0.876022 0.442616
vt 0.231606 0.570731
vt 0.855453 0.382307
vt 0.859370 0.382586
vt 0.859229 0.442074
vt 0.215227 0.574068
vt 0.213444 0.519352
vt 0.217175 0.518397
vt 0.235561 0.570401
vt 0.723788 0.762158
vt 0.727780 0.761937
vt 0.725155 0.814184
vt 0.198136 0.525673
vt 0.201899 0.523764
vt 0.219276 0.572956
vt 0.713682 0.702120
vt 0.717914 0.701957
vt 0.719642 0.762344
vt 0.715409 0.762492
vt 0.162092 0.486510
vt 0.191093 0.529973
vt 0.736457 0.814689
vt 0.075022 0.412028
vt 0.077532 0.409044
vt 0.118765 0.449771
vt 0.116507 0.453063
vt 0.194514 0.527754
vt 0.735058 0.761403
vt 0.955439 0.394129
vt 0.345225 0.553469
vt 0.953674 0.342091
vt 0.957769 0.342038
vt 0.959526 0.393851
vt 0.330114 0.547971
vt 0.939661 0.341858
vt 0.942693 0.341983
vt 0.348741 0.554153
vt 0.313300 0.536776
vt 0.316178 0.539226
vt 0.622815 0.098327
vt 0.944500 0.395305
vt 0.359806 0.505803
vt 0.363205 0.508193
vt 0.333930 0.549720
vt 0.631481 0.051242
vt 0.891458 0.440121
vt 0.347603 0.494392
vt 0.350346 0.497434
vt 0.319349 0.541607
vt 0.880313 0.382776
vt 0.895289 0.317931
vt 0.341210 0.485175
vt 0.635191 0.052813
vt 0.894773 0.381502
vt 0.863465 0.382788
vt 0.880843 0.317346
vt 0.884837 0.317459
vt 0.884309 0.382569
vt 0.848397 0.381534
vt 0.863997 0.317157
vt 0.868206 0.317163
vt 0.867673 0.382909
vt 0.205745 0.522057
vt 0.848918 0.317411
vt 0.852301 0.317308
vt 0.851776 0.381954
vt 0.165094 0.483609
vt 0.242862 0.570391
vt 0.175089 0.475909
vt 0.178575 0.473810
vt 0.209614 0.520579
vt 0.114566 0.456337
vt 0.154735 0.495579
vt 0.735531 0.634866
vt 0.070999 0.417918
vt 0.112971 0.459542
vt 0.736476 0.699926
vt 0.711155 0.762600
vt 0.963730 0.393638
vt 0.726047 0.701371
vt 0.729818 0.700959
vt 0.731557 0.761684
vt 0.946076 0.342063
vt 0.709427 0.702193
vt 0.961976 0.341941
vt 0.366638 0.510319
vt 0.943867 0.281062
vt 0.947554 0.281318
vt 0.949756 0.342100
vt 0.353326 0.500381
vt 0.408204 0.471631
vt 0.411408 0.473695
vt 0.370052 0.512145
vt 0.342999 0.488214
vt 0.373392 0.513644
vt 0.395807 0.460643
vt 0.398743 0.463716
vt 0.356496 0.503185
vt 0.888615 0.317596
vt 0.386353 0.447470
vt 0.388294 0.450791
vt 0.345142 0.491303
vt 0.872461 0.317197
vt 0.889312 0.250995
vt 0.892812 0.251357
vt 0.892118 0.317754
vt 0.855981 0.317230
vt 0.873163 0.250242
vt 0.877397 0.250318
vt 0.876696 0.317258
vt 0.182048 0.472005
vt 0.856679 0.250701
vt 0.860600 0.250474
vt 0.859900 0.317180
vt 0.168294 0.480847
vt 0.139942 0.430425
vt 0.846575 0.251785
vt 0.185452 0.470522
vt 0.721112 0.635451
vt 0.725101 0.635353
vt 0.722057 0.701706
vt 0.220748 0.517728
vt 0.127053 0.440305
vt 0.130176 0.437452
vt 0.171644 0.478266
vt 0.713700 0.570526
vt 0.717929 0.570723
vt 0.716968 0.635514
vt 0.712735 0.635541
vt 0.080325 0.406097
vt 0.121302 0.446513
vt 0.733313 0.700474
vt 0.028415 0.316740
vt 0.031673 0.315402
vt 0.047944 0.363905
vt 0.044988 0.366149
vt 0.124079 0.443341
vt 0.732368 0.635058
vt 0.951478 0.281486
vt 0.741019 0.760777
vt 0.937431 0.280303
vt 0.950022 0.214832
vt 0.954122 0.214883
vt 0.955578 0.281563
vt 0.401821 0.466602
vt 0.458480 0.433766
vt 0.939019 0.214474
vt 0.940474 0.280722
vt 0.414555 0.475415
vt 0.390541 0.454129
vt 0.444948 0.425889
vt 0.448347 0.428273
vt 0.404991 0.469254
vt 0.895981 0.251779
vt 0.432646 0.414604
vt 0.435427 0.417600
vt 0.393059 0.457430
vt 0.881543 0.250471
vt 0.895824 0.190214
vt 0.426092 0.405572
vt 0.384749 0.444216
vt 0.864698 0.250320
vt 0.670017 0.020252
vt 0.881407 0.190103
vt 0.885396 0.190093
vt 0.885536 0.250698
vt 0.849611 0.251362
vt 0.864567 0.190388
vt 0.868777 0.190282
vt 0.868908 0.250242
vt 0.133399 0.434827
vt 0.849470 0.190997
vt 0.852860 0.190821
vt 0.852997 0.250999
vt 0.083355 0.403233
vt 0.093382 0.395583
vt 0.096860 0.393480
vt 0.136672 0.432472
vt 0.042369 0.368408
vt 0.072832 0.415002
vt 0.739003 0.517278
vt 0.022986 0.319537
vt 0.739211 0.573354
vt 0.736444 0.572776
vt 0.040128 0.370646
vt 0.708479 0.635532
vt 0.959788 0.281549
vt 0.726048 0.571347
vt 0.729810 0.571764
vt 0.728873 0.635222
vt 0.942410 0.214626
vt 0.709446 0.570411
vt 0.958333 0.214897
vt 0.451772 0.430402
vt 0.942872 0.150257
vt 0.946563 0.150015
vt 0.946097 0.214747
vt 0.438436 0.420510
vt 0.484073 0.383348
vt 0.487834 0.384607
vt 0.455167 0.432243
vt 0.427942 0.408542
vt 0.935976 0.214291
vt 0.468996 0.376217
vt 0.472650 0.378260
vt 0.441626 0.423287
vt 0.889167 0.190108
vt 0.729485 0.391930
vt 0.459297 0.369493
vt 0.430138 0.411569
vt 0.873032 0.190198
vt 0.887524 0.138520
vt 0.890995 0.137920
vt 0.892661 0.190149
vt 0.856545 0.190660
vt 0.871444 0.140165
vt 0.875669 0.139881
vt 0.877264 0.190138
vt 0.100315 0.391660
vt 0.854946 0.140339
vt 0.858879 0.140442
vt 0.860468 0.190514
vt 0.086576 0.400498
vt 0.073661 0.351418
vt 0.077352 0.350434
vt 0.103692 0.390151
vt 0.724734 0.513099
vt 0.728695 0.513896
vt 0.722067 0.570999
vt 0.143159 0.428716
vt 0.058339 0.357612
vt 0.062131 0.355770
vt 0.089936 0.397934
vt 0.574697 0.856024
vt 0.724389 0.462512
vt 0.720610 0.512490
vt 0.716391 0.512080
vt 0.035226 0.314133
vt 0.051188 0.361712
vt 0.733294 0.572243
vt 0.030297 0.215562
vt 0.033545 0.215982
vt 0.027366 0.265471
vt 0.024022 0.265892
vt 0.054672 0.359603
vt 0.735886 0.516002
vt 0.950490 0.149851
vt 0.491472 0.385613
vt 0.952731 0.091489
vt 0.956839 0.091248
vt 0.954592 0.149769
vt 0.476420 0.380149
vt 0.510273 0.333237
vt 0.513932 0.333404
vt 0.939475 0.150574
vt 0.462266 0.371799
vt 0.494145 0.330801
vt 0.498274 0.331658
vt 0.480248 0.381854
vt 0.894132 0.137262
vt 0.478697 0.326084
vt 0.482274 0.327421
vt 0.465517 0.374052
vt 0.879800 0.139509
vt 0.750229 0.361200
vt 0.753772 0.363435
vt 0.726612 0.388927
vt 0.862983 0.140447
vt 0.456654 0.367172
vt 0.723547 0.386242
vt 0.877029 0.096510
vt 0.880974 0.095610
vt 0.883773 0.139053
vt 0.847840 0.139846
vt 0.860249 0.098047
vt 0.864462 0.097988
vt 0.867193 0.140354
vt 0.065990 0.354107
vt 0.067024 0.308504
vt 0.848461 0.096909
vt 0.851247 0.140139
vt 0.080870 0.349714
vt 0.039019 0.312954
vt 0.051224 0.310125
vt 0.055354 0.309469
vt 0.069853 0.352649
vt 0.021028 0.266397
vt 0.025504 0.318125
vt 0.594737 0.806616
vt 0.598127 0.805230
vt 0.602211 0.848578
vt 0.598878 0.850538
vt 0.741733 0.518676
vt 0.712141 0.511874
vt 0.958803 0.149770
vt 0.587312 0.854742
vt 0.736132 0.465984
vt 0.732432 0.514869
vt 0.945087 0.092572
vt 0.494931 0.386347
vt 0.715936 0.461674
vt 0.720182 0.461938
vt 0.961052 0.091214
vt 0.502382 0.332357
vt 0.523119 0.278463
vt 0.952175 0.042169
vt 0.948793 0.091933
vt 0.517323 0.333384
vt 0.486082 0.328665
vt 0.507898 0.279980
vt 0.512003 0.279749
vt 0.506402 0.332886
vt 0.757161 0.365954
vt 0.491203 0.279830
vt 0.495286 0.280029
vt 0.490060 0.329798
vt 0.884691 0.094526
vt 0.777114 0.332540
vt 0.780689 0.334658
vt 0.760341 0.368716
vt 0.868708 0.097709
vt 0.475407 0.324677
vt 0.761560 0.326420
vt 0.765515 0.327544
vt 0.888121 0.093277
vt 0.852185 0.097503
vt 0.746588 0.359284
vt 0.865271 0.061604
vt 0.869468 0.060948
vt 0.872919 0.097214
vt 0.059406 0.308975
vt 0.070070 0.267207
vt 0.852684 0.061636
vt 0.856135 0.097884
vt 0.042992 0.311881
vt 0.055679 0.265251
vt 0.059652 0.265615
vt 0.063317 0.308652
vt 0.578831 0.809973
vt 0.583036 0.809492
vt 0.732428 0.464551
vt 0.583137 0.855512
vt 0.038950 0.264773
vt 0.043125 0.264740
vt 0.047082 0.310934
vt 0.568828 0.760189
vt 0.573057 0.760308
vt 0.574582 0.810199
vt 0.570357 0.810166
vt 0.037088 0.216516
vt 0.031008 0.265141
vt 0.591370 0.853644
vt 0.595246 0.852235
vt 0.068750 0.123755
vt 0.071433 0.125548
vt 0.048717 0.168753
vt 0.045699 0.167599
vt 0.034889 0.264907
vt 0.591052 0.807800
vt 0.956130 0.041466
vt 0.728493 0.463388
vt 0.578910 0.855941
vt 0.515949 0.279415
vt 0.789989 0.719912
vt 0.793765 0.720625
vt 0.960248 0.041070
vt 0.499473 0.280121
vt 0.510240 0.226510
vt 0.513907 0.225504
vt 0.519674 0.278984
vt 0.483608 0.279126
vt 0.494063 0.230189
vt 0.498208 0.229351
vt 0.503699 0.280104
vt 0.769467 0.328955
vt 0.478541 0.232652
vt 0.482138 0.232190
vt 0.487290 0.279528
vt 0.784022 0.336950
vt 0.873554 0.059981
vt 0.782072 0.291427
vt 0.786168 0.292508
vt 0.773354 0.330629
vt 0.856813 0.061951
vt 0.765903 0.289242
vt 0.769784 0.289447
vt 0.877466 0.058720
vt 0.063414 0.266067
vt 0.757664 0.325598
vt 0.753890 0.325094
vt 0.853106 0.032009
vt 0.857331 0.032055
vt 0.861030 0.061940
vt 0.047350 0.264810
vt 0.068781 0.223590
vt 0.072214 0.224612
vt 0.066905 0.266600
vt 0.040869 0.217156
vt 0.848711 0.061000
vt 0.070469 0.308534
vt 0.053035 0.219604
vt 0.057152 0.220553
vt 0.051556 0.264981
vt 0.043014 0.166603
vt 0.601170 0.803665
vt 0.593797 0.708400
vt 0.597203 0.708134
vt 0.596685 0.757641
vt 0.593274 0.758458
vt 0.566222 0.809876
vt 0.964464 0.040987
vt 0.027394 0.215263
vt 0.581527 0.760047
vt 0.585635 0.759671
vt 0.587131 0.808764
vt 0.517302 0.224494
vt 0.564693 0.759905
vt 0.797755 0.721089
vt 0.502328 0.228449
vt 0.501753 0.173519
vt 0.783992 0.669601
vt 0.520372 0.223497
vt 0.485965 0.231620
vt 0.786485 0.718961
vt 0.526231 0.277860
vt 0.487460 0.179726
vt 0.491294 0.178117
vt 0.506360 0.227497
vt 0.790155 0.293772
vt 0.471989 0.185877
vt 0.475754 0.184432
vt 0.489961 0.230949
vt 0.773815 0.289885
vt 0.796995 0.251837
vt 0.800929 0.252583
vt 0.793971 0.295201
vt 0.755755 0.290034
vt 0.861569 0.031695
vt 0.780279 0.250118
vt 0.784474 0.250342
vt 0.777933 0.290549
vt 0.075332 0.225613
vt 0.765136 0.250672
vt 0.768553 0.250318
vt 0.762233 0.289272
vt 0.758833 0.289538
vt 0.061190 0.221544
vt 0.088254 0.185510
vt 0.090914 0.186763
vt 0.078085 0.226576
vt 0.044829 0.217892
vt 0.848961 0.031557
vt 0.074738 0.179473
vt 0.078445 0.181089
vt 0.065087 0.222561
vt 0.577845 0.708759
vt 0.582058 0.708780
vt 0.577312 0.760260
vt 0.059278 0.172966
vt 0.063116 0.174547
vt 0.048906 0.218713
vt 0.571254 0.657219
vt 0.575483 0.657389
vt 0.573590 0.708665
vt 0.569361 0.708498
vt 0.074388 0.127506
vt 0.052022 0.170046
vt 0.589571 0.759139
vt 0.132627 0.055392
vt 0.134258 0.058262
vt 0.100345 0.088114
vt 0.098109 0.085753
vt 0.055561 0.171457
vt 0.590098 0.708599
vt 0.787481 0.670272
vt 0.494992 0.176529
vt 0.786991 0.619002
vt 0.790755 0.619291
vt 0.791248 0.670794
vt 0.479628 0.182909
vt 0.471936 0.131222
vt 0.475182 0.129179
vt 0.498497 0.174989
vt 0.465024 0.188444
vt 0.797556 0.296771
vt 0.457838 0.140071
vt 0.461419 0.137827
vt 0.483550 0.181332
vt 0.788702 0.250707
vt 0.806037 0.209304
vt 0.447656 0.146444
vt 0.468394 0.187221
vt 0.804637 0.253436
vt 0.772256 0.250106
vt 0.790013 0.209120
vt 0.794229 0.209066
vt 0.792898 0.251208
vt 0.759367 0.251781
vt 0.773512 0.209973
vt 0.777451 0.209670
vt 0.776185 0.250039
vt 0.081970 0.182651
vt 0.760616 0.211651
vt 0.763304 0.211174
vt 0.762058 0.251163
vt 0.093194 0.187871
vt 0.067012 0.176175
vt 0.101695 0.145112
vt 0.104750 0.147029
vt 0.085257 0.184132
vt 0.077569 0.129598
vt 0.087950 0.136346
vt 0.091508 0.138634
vt 0.070907 0.177826
vt 0.096158 0.083623
vt 0.600263 0.707803
vt 0.598156 0.611035
vt 0.601514 0.611887
vt 0.599027 0.658862
vt 0.595640 0.658581
vt 0.565225 0.708261
vt 0.795233 0.671159
vt 0.066382 0.122157
vt 0.599749 0.756698
vt 0.583941 0.657807
vt 0.588037 0.658049
vt 0.586164 0.708726
vt 0.478212 0.127271
vt 0.567114 0.657081
vt 0.794738 0.619515
vt 0.464999 0.135580
vt 0.448181 0.087385
vt 0.784362 0.568314
vt 0.783505 0.618651
vt 0.450902 0.144414
vt 0.504708 0.172143
vt 0.436534 0.097714
vt 0.439616 0.094929
vt 0.468524 0.133367
vt 0.798348 0.209079
vt 0.424354 0.109033
vt 0.427279 0.106266
vt 0.454314 0.142279
vt 0.781558 0.209425
vt 0.795002 0.167981
vt 0.798901 0.167387
vt 0.802305 0.209159
vt 0.766383 0.210731
vt 0.444627 0.148335
vt 0.778381 0.170342
vt 0.782558 0.169773
vt 0.785767 0.209240
vt 0.107552 0.148772
vt 0.763250 0.172248
vt 0.766672 0.171844
vt 0.769803 0.210328
vt 0.095021 0.140881
vt 0.131681 0.117375
vt 0.133946 0.119217
vt 0.110056 0.150315
vt 0.080925 0.131793
vt 0.120582 0.107686
vt 0.123577 0.110383
vt 0.098435 0.143052
vt 0.582317 0.608727
vt 0.586515 0.609119
vt 0.579734 0.657585
vt 0.108386 0.096197
vt 0.111370 0.099084
vt 0.084403 0.134054
vt 0.576424 0.564098
vt 0.580662 0.564106
vt 0.578068 0.608470
vt 0.573837 0.608352
vt 0.136101 0.061356
vt 0.102829 0.090669
vt 0.591957 0.658308
vt 0.211607 0.026370
vt 0.211317 0.029828
vt 0.172120 0.038054
vt 0.171321 0.034776
vt 0.105524 0.093378
vt 0.594498 0.610283
vt 0.787854 0.568282
vt 0.442616 0.092252
vt 0.789439 0.520181
vt 0.793220 0.519803
vt 0.791623 0.568279
vt 0.430316 0.103427
vt 0.408393 0.061347
vt 0.410710 0.058347
vt 0.445486 0.089724
vt 0.802572 0.166811
vt 0.398668 0.074727
vt 0.401091 0.071280
vt 0.433417 0.100561
vt 0.786765 0.169183
vt 0.390033 0.087769
vt 0.391963 0.084727
vt 0.421587 0.111685
vt 0.770374 0.171386
vt 0.779888 0.133499
vt 0.783943 0.132336
vt 0.790935 0.168582
vt 0.757455 0.172876
vt 0.112223 0.151633
vt 0.763758 0.136998
vt 0.767648 0.136326
vt 0.774298 0.170883
vt 0.126455 0.112923
vt 0.750743 0.138070
vt 0.753507 0.138056
vt 0.760161 0.172594
vt 0.114430 0.101991
vt 0.154533 0.087959
vt 0.156746 0.090719
vt 0.129171 0.115267
vt 0.138128 0.064626
vt 0.144977 0.074964
vt 0.147396 0.078405
vt 0.117517 0.104873
vt 0.170688 0.031801
vt 0.604519 0.612824
vt 0.793832 0.889369
vt 0.212381 0.020463
vt 0.604002 0.569426
vt 0.600677 0.567972
vt 0.569688 0.608375
vt 0.795610 0.568306
vt 0.131234 0.052791
vt 0.602065 0.659148
vt 0.589100 0.564912
vt 0.593167 0.565697
vt 0.590597 0.609641
vt 0.412907 0.055584
vt 0.572263 0.564355
vt 0.797216 0.519560
vt 0.403545 0.067864
vt 0.373473 0.033915
vt 0.787582 0.478024
vt 0.785933 0.520686
vt 0.394067 0.081504
vt 0.367471 0.047878
vt 0.368995 0.044086
vt 0.405992 0.064536
vt 0.787878 0.131092
vt 0.361852 0.063462
vt 0.363140 0.059627
vt 0.396314 0.078154
vt 0.771676 0.135510
vt 0.778057 0.100809
vt 0.781545 0.098741
vt 0.791632 0.129786
vt 0.756631 0.137870
vt 0.762589 0.107351
vt 0.766562 0.106030
vt 0.775778 0.134563
vt 0.158818 0.093192
vt 0.747641 0.110015
vt 0.751116 0.109767
vt 0.760066 0.137515
vt 0.149821 0.081753
vt 0.186953 0.077722
vt 0.188284 0.080140
vt 0.160714 0.095339
vt 0.140306 0.068020
vt 0.135930 0.120762
vt 0.181062 0.064779
vt 0.182574 0.068407
vt 0.152212 0.084954
vt 0.809972 0.885535
vt 0.590901 0.529027
vt 0.584910 0.564378
vt 0.175383 0.049177
vt 0.176702 0.053118
vt 0.142601 0.071484
vt 0.818588 0.910285
vt 0.814430 0.909982
vt 0.582467 0.528141
vt 0.818439 0.886051
vt 0.211098 0.033550
vt 0.173074 0.041585
vt 0.597046 0.566723
vt 0.241375 0.032312
vt 0.240060 0.035880
vt 0.174167 0.045312
vt 0.797604 0.887828
vt 0.602430 0.533145
vt 0.791109 0.476942
vt 0.414949 0.053101
vt 0.814228 0.885587
vt 0.586716 0.528390
vt 0.370519 0.040458
vt 0.653164 0.822141
vt 0.795977 0.440931
vt 0.794907 0.476095
vt 0.364520 0.055710
vt 0.331806 0.031698
vt 0.332179 0.028094
vt 0.372020 0.037049
vt 0.359635 0.070646
vt 0.795144 0.128439
vt 0.330877 0.047839
vt 0.331017 0.043671
vt 0.365971 0.051773
vt 0.770506 0.104482
vt 0.330985 0.063661
vt 0.330857 0.059960
vt 0.360678 0.067154
vt 0.754805 0.109234
vt 0.760369 0.084404
vt 0.763913 0.082100
vt 0.774357 0.102733
vt 0.741548 0.109642
vt 0.745276 0.090264
vt 0.749068 0.089355
vt 0.758649 0.108425
vt 0.184076 0.071809
vt 0.896472 0.807939
vt 0.734656 0.090572
vt 0.744434 0.109973
vt 0.189515 0.082147
vt 0.178103 0.057073
vt 0.162405 0.097125
vt 0.212091 0.065395
vt 0.212528 0.068681
vt 0.185543 0.074930
vt 0.210955 0.037479
vt 0.210992 0.049873
vt 0.211160 0.053990
vt 0.179564 0.060981
vt 0.243952 0.025991
vt 0.242679 0.028999
vt 0.211964 0.023232
vt 0.715856 0.039859
vt 0.249661 0.038371
vt 0.784909 0.927761
vt 0.564863 0.936974
vt 0.245174 0.023336
vt 0.649407 0.820678
vt 0.574049 0.528820
vt 0.798915 0.475497
vt 0.606968 0.571060
vt 0.806041 0.910265
vt 0.801944 0.910847
vt 0.594958 0.530044
vt 0.805739 0.885896
vt 0.332597 0.024781
vt 0.801594 0.886665
vt 0.598821 0.531424
vt 0.822636 0.910879
vt 0.578223 0.528285
vt 0.645430 0.819596
vt 0.331221 0.039548
vt 0.822539 0.886920
vt 0.301272 0.026986
vt 0.300824 0.024132
vt 0.333055 0.021811
vt 0.330796 0.056048
vt 0.792167 0.442291
vt 0.374856 0.031104
vt 0.304358 0.041187
vt 0.303416 0.037328
vt 0.331485 0.035536
vt 0.767250 0.079525
vt 0.308857 0.057065
vt 0.307657 0.053155
vt 0.330803 0.051986
vt 0.752888 0.088060
vt 0.758887 0.069175
vt 0.312496 0.067699
vt 0.770328 0.076721
vt 0.896044 0.803839
vt 0.738013 0.090878
vt 0.331177 0.067092
vt 0.784767 0.096562
vt 0.745814 0.078914
vt 0.749372 0.077059
vt 0.756674 0.086401
vt 0.213017 0.071620
vt 0.886617 0.797359
vt 0.887184 0.793231
vt 0.741572 0.090775
vt 0.896044 0.799649
vt 0.211401 0.057991
vt 0.896472 0.795435
vt 0.230611 0.072348
vt 0.886854 0.809208
vt 0.213550 0.074165
vt 0.210889 0.041552
vt 0.790807 0.914230
vt 0.792502 0.923143
vt 0.253822 0.029345
vt 0.731554 0.089862
vt 0.233100 0.059295
vt 0.232267 0.062956
vt 0.211713 0.061812
vt 0.862294 0.696608
vt 0.862332 0.720643
vt 0.821376 0.837736
vt 0.839579 0.713280
vt 0.837154 0.814364
vt 0.237484 0.043547
vt 0.236263 0.047526
vt 0.210901 0.045705
vt 0.238756 0.039644
vt 0.797999 0.911711
vt 0.781884 0.931488
vt 0.566077 0.942506
vt 0.714320 0.045244
vt 0.246835 0.045367
vt 0.794266 0.912845
vt 0.605729 0.535179
vt 0.657607 0.846449
vt 0.654205 0.845206
vt 0.724308 0.028610
vt 0.795695 0.921962
vt 0.799139 0.920994
vt 0.566931 0.923140
vt 0.810225 0.909975
vt 0.726582 0.027030
vt 0.802779 0.920253
vt 0.568176 0.920723
vt 0.806559 0.919751
vt 0.569663 0.918519
vt 0.728975 0.025739
vt 0.302579 0.033637
vt 0.733960 0.024106
vt 0.810418 0.919497
vt 0.814296 0.919493
vt 0.573263 0.914878
vt 0.650520 0.844226
vt 0.333545 0.019231
vt 0.736475 0.023789
vt 0.818132 0.919741
vt 0.575320 0.913499
vt 0.646265 0.852908
vt 0.577505 0.912446
vt 0.738951 0.023813
vt 0.799995 0.439933
vt 0.306495 0.049164
vt 0.743632 0.024879
vt 0.649866 0.853481
vt 0.653259 0.854290
vt 0.582123 0.911376
vt 0.301861 0.030171
vt 0.745764 0.025904
vt 0.753704 0.021932
vt 0.584483 0.911376
vt 0.756052 0.024130
vt 0.586826 0.911735
vt 0.747711 0.027237
vt 0.656391 0.855325
vt 0.761505 0.065912
vt 0.311295 0.064395
vt 0.750930 0.030738
vt 0.292667 0.032973
vt 0.759728 0.029548
vt 0.591319 0.913500
vt 0.305390 0.045153
vt 0.752152 0.032851
vt 0.293536 0.036138
vt 0.760998 0.032684
vt 0.593397 0.914879
vt 0.761860 0.036038
vt 0.595318 0.916561
vt 0.753088 0.035163
vt 0.294528 0.039509
vt 0.752772 0.074794
vt 0.754048 0.040233
vt 0.296815 0.046656
vt 0.762313 0.043190
vt 0.598573 0.920725
vt 0.310076 0.060831
vt 0.754057 0.042911
vt 0.761897 0.046876
vt 0.599855 0.923141
vt 0.761059 0.050556
vt 0.600879 0.925730
vt 0.753750 0.045629
vt 0.734764 0.081753
vt 0.888064 0.789120
vt 0.752214 0.051013
vt 0.759813 0.054174
vt 0.758177 0.057673
vt 0.602092 0.931263
vt 0.755960 0.072152
vt 0.751008 0.053594
vt 0.756178 0.060997
vt 0.602261 0.934119
vt 0.753848 0.064094
vt 0.602134 0.936975
vt 0.749534 0.056047
vt 0.230368 0.074785
vt 0.886451 0.805412
vt 0.214120 0.076275
vt 0.745881 0.060413
vt 0.751223 0.066916
vt 0.748345 0.069417
vt 0.601005 0.942507
vt 0.738452 0.081279
vt 0.889242 0.785093
vt 0.743759 0.062259
vt 0.745259 0.071558
vt 0.600020 0.945096
vt 0.742015 0.073307
vt 0.598774 0.947512
vt 0.741484 0.063839
vt 0.742155 0.080328
vt 0.231568 0.066387
vt 0.736618 0.066108
vt 0.738662 0.074634
vt 0.735255 0.075520
vt 0.595582 0.951676
vt 0.886371 0.801441
vt 0.734105 0.066762
vt 0.731846 0.075950
vt 0.593686 0.953358
vt 0.728491 0.075918
vt 0.591630 0.954737
vt 0.731591 0.067079
vt 0.235114 0.051518
vt 0.726717 0.066690
vt 0.725240 0.075424
vt 0.722147 0.074475
vt 0.587166 0.956502
vt 0.231013 0.069534
vt 0.724434 0.065990
vt 0.719259 0.073087
vt 0.584829 0.956860
vt 0.716622 0.071282
vt 0.582470 0.956860
vt 0.722303 0.064965
vt 0.718534 0.034824
vt 0.252475 0.032091
vt 0.789611 0.924518
vt 0.564819 0.931262
vt 0.718627 0.062014
vt 0.239296 0.069073
vt 0.712261 0.066538
vt 0.577838 0.955790
vt 0.234054 0.055462
vt 0.717139 0.060133
vt 0.240002 0.066202
vt 0.710607 0.063675
vt 0.575637 0.954737
vt 0.709340 0.060542
vt 0.573560 0.953358
vt 0.715918 0.058021
vt 0.240858 0.063073
vt 0.824919 0.845999
vt 0.823814 0.844086
vt 0.827340 0.842550
vt 0.090039 0.928575
vt 0.714348 0.053237
vt 0.242960 0.056238
vt 0.244175 0.052641
vt 0.569904 0.949717
vt 0.783172 0.929578
vt 0.248238 0.041806
vt 0.714023 0.050640
vt 0.245473 0.048998
vt 0.568384 0.947512
vt 0.820124 0.845165
vt 0.094513 0.933789
vt 0.097059 0.936620
vt 0.816329 0.845770
vt 0.717062 0.037277
vt 0.251081 0.035115
vt 0.787066 0.926065
vt 0.564693 0.934118
vt 0.856354 0.697381
vt 0.826709 0.835000
vt 0.830647 0.840580
vt 0.565327 0.939785
vt 0.583092 0.934038
vt 0.714938 0.042528
vt 0.565239 0.928451
vt 0.720252 0.032539
vt 0.571367 0.916560
vt 0.731447 0.024760
vt 0.579785 0.911734
vt 0.741349 0.024179
vt 0.821865 0.920236
vt 0.646612 0.843526
vt 0.589117 0.912446
vt 0.749442 0.028857
vt 0.659213 0.856569
vt 0.758071 0.026682
vt 0.597053 0.918520
vt 0.753723 0.037636
vt 0.295626 0.043034
vt 0.762301 0.039559
vt 0.601629 0.928452
vt 0.753133 0.048344
vt 0.601713 0.939785
vt 0.747817 0.058332
vt 0.597287 0.949717
vt 0.739091 0.065129
vt 0.589445 0.955790
vt 0.729115 0.067055
vt 0.580128 0.956502
vt 0.720357 0.063633
vt 0.238750 0.071638
vt 0.714277 0.069087
vt 0.571639 0.951676
vt 0.714983 0.055710
vt 0.241849 0.059734
vt 0.708479 0.057189
vt 0.092161 0.931094
vt 0.722186 0.030456
vt 0.565946 0.925729
vt 0.567101 0.945096
vt 0.714014 0.047962
vt 0.836590 0.820363
vt 0.843311 0.821824
vt 0.842239 0.825538
vt 0.842128 0.707822
vt 0.840712 0.829088
vt 0.843891 0.705376
vt 0.835754 0.823262
vt 0.859300 0.696807
vt 0.824128 0.836537
vt 0.848255 0.701239
vt 0.833036 0.828631
vt 0.828684 0.844359
vt 0.088180 0.926273
vt 0.844034 0.814137
vt 0.838833 0.716205
vt 0.836872 0.811359
vt 0.843673 0.810286
vt 0.853502 0.698322
vt 0.829078 0.833150
vt 0.833684 0.838210
vt 0.952114 0.903752
vt 0.956130 0.904358
vt 0.967147 0.906322
vt 0.835455 0.839727
vt 0.843913 0.818003
vt 0.948031 0.903187
vt 0.840683 0.710471
vt 0.837060 0.817381
vt 0.842835 0.806511
vt 0.936019 0.901819
vt 0.939919 0.902213
vt 0.841534 0.802871
vt 0.650750 0.779573
vt 0.654468 0.779846
vt 0.936175 0.897190
vt 0.838457 0.722218
vt 0.835203 0.805573
vt 0.835090 0.793324
vt 0.439193 0.927247
vt 0.839671 0.794918
vt 0.837631 0.796225
vt 0.836959 0.791821
vt 0.832208 0.790766
vt 0.436515 0.929733
vt 0.842128 0.733574
vt 0.827926 0.796125
vt 0.821993 0.785525
vt 0.427899 0.938066
vt 0.430823 0.935185
vt 0.825607 0.786835
vt 0.818243 0.784681
vt 0.424984 0.940990
vt 0.850787 0.741730
vt 0.817028 0.791377
vt 0.806782 0.785044
vt 0.416750 0.949562
vt 0.419365 0.946784
vt 0.810578 0.784439
vt 0.803093 0.786123
vt 0.414320 0.952202
vt 0.410417 0.948434
vt 0.862293 0.744668
vt 0.805206 0.792502
vt 0.793223 0.791999
vt 0.660918 0.472756
vt 0.664293 0.470688
vt 0.796259 0.789628
vt 0.790506 0.794734
vt 0.657428 0.474857
vt 0.873799 0.741662
vt 0.795384 0.799222
vt 0.784668 0.804670
vt 0.646818 0.481030
vt 0.650322 0.479026
vt 0.786194 0.801120
vt 0.783596 0.808385
vt 0.643421 0.482936
vt 0.882458 0.733454
vt 0.789992 0.809875
vt 0.783234 0.819923
vt 0.634390 0.487782
vt 0.637157 0.486339
vt 0.782873 0.816072
vt 0.784072 0.823698
vt 0.631925 0.489021
vt 0.886129 0.722077
vt 0.790363 0.821825
vt 0.789276 0.833983
vt 0.119232 0.958642
vt 0.121567 0.960658
vt 0.787117 0.830784
vt 0.791817 0.836885
vt 0.116701 0.956368
vt 0.883903 0.710343
vt 0.796407 0.832116
vt 0.801299 0.843373
vt 0.108340 0.948379
vt 0.111212 0.951196
vt 0.797876 0.841617
vt 0.804914 0.844684
vt 0.105443 0.945467
vt 0.876332 0.701156
vt 0.806628 0.838202
vt 0.099758 0.939541
vt 0.812489 0.845891
vt 0.845944 0.703170
vt 0.834563 0.826032
vt 0.818497 0.838578
vt 0.865287 0.696789
vt 0.973066 0.907650
vt 0.090987 0.922084
vt 0.960014 0.904995
vt 0.836219 0.808413
vt 0.838457 0.719200
vt 0.838833 0.725210
vt 0.833842 0.802883
vt 0.839790 0.799425
vt 0.943945 0.902671
vt 0.830175 0.798122
vt 0.840683 0.730934
vt 0.843891 0.736010
vt 0.825446 0.794428
vt 0.829031 0.788591
vt 0.647277 0.779373
vt 0.843837 0.802011
vt 0.819954 0.792035
vt 0.848255 0.740120
vt 0.853501 0.743007
vt 0.814043 0.791093
vt 0.814418 0.784317
vt 0.433710 0.932392
vt 0.808085 0.791660
vt 0.859299 0.744488
vt 0.865286 0.744470
vt 0.802454 0.793701
vt 0.799566 0.787659
vt 0.422124 0.943912
vt 0.797504 0.797087
vt 0.871085 0.742955
vt 0.876331 0.740037
vt 0.793546 0.801607
vt 0.788150 0.797791
vt 0.667498 0.468687
vt 0.790828 0.806976
vt 0.880695 0.735901
vt 0.883903 0.730806
vt 0.789522 0.812856
vt 0.782994 0.812205
vt 0.653878 0.476958
vt 0.789710 0.818879
vt 0.885753 0.725072
vt 0.886129 0.719059
vt 0.791379 0.824665
vt 0.785373 0.827337
vt 0.640183 0.484715
vt 0.794425 0.829851
vt 0.885007 0.713145
vt 0.882458 0.707703
vt 0.798656 0.834112
vt 0.794698 0.839443
vt 0.123669 0.962384
vt 0.782497 0.824241
vt 0.803807 0.837180
vt 0.878642 0.703073
vt 0.873799 0.699547
vt 0.809554 0.838861
vt 0.808663 0.845527
vt 0.114014 0.953873
vt 0.815536 0.839050
vt 0.868233 0.697346
vt 0.102568 0.942505
vt 0.832214 0.842258
vt 0.970284 0.906991
vt 0.841976 0.798332
vt 0.441702 0.924976
vt 0.783886 0.828125
vt 0.839579 0.728131
vt 0.832157 0.800386
vt 0.845944 0.738204
vt 0.822775 0.793058
vt 0.856353 0.743931
vt 0.811047 0.791187
vt 0.868232 0.743896
vt 0.799873 0.795237
vt 0.878642 0.738107
vt 0.792019 0.804205
vt 0.885007 0.727997
vt 0.789428 0.815873
vt 0.885753 0.716066
vt 0.792740 0.827355
vt 0.880696 0.705267
vt 0.801136 0.835809
vt 0.871085 0.698270
vt 0.812539 0.839145
vt 0.850788 0.699615
vt 0.831198 0.831016
vt 0.412113 0.954663
s 1
usemtl Material.001
f 2/1/2 1/2/1 1302/3/1302 1306/4/1306
f 54/5/54 53/6/53 3/7/3 4/8/4
f 3/9/3 2/1/2 1306/4/1306 1310/10/1310
f 55/11/55 54/5/54 4/8/4 5/12/5
f 4/8/4 3/9/3 1310/10/1310 1314/13/1314
f 107/14/107 106/15/106 56/16/56 57/17/57
f 5/12/5 4/8/4 1314/13/1314 1318/18/1318
f 6/19/6 5/12/5 1318/18/1318 1322/20/1322
f 58/21/58 57/17/57 7/22/7 8/23/8
f 7/22/7 6/19/6 1322/20/1322 1326/24/1326
f 59/25/59 58/21/58 8/23/8 9/26/9
f 8/23/8 7/22/7 1326/24/1326 1330/27/1330
f 111/28/111 110/29/110 60/30/60 61/31/61
f 9/26/9 8/23/8 1330/27/1330 1334/32/1334
f 10/33/10 9/26/9 1334/32/1334 1338/34/1338
f 62/35/62 61/31/61 11/36/11 12/37/12
f 11/36/11 10/33/10 1338/34/1338 1342/38/1342
f 63/39/63 62/35/62 12/37/12 13/40/13
f 12/37/12 11/36/11 1342/38/1342 1346/41/1346
f 115/42/115 114/43/114 64/44/64 65/45/65
f 13/46/13 12/37/12 1346/41/1346 1350/47/1350
f 14/48/14 13/46/13 1350/47/1350 1354/49/1354
f 66/50/66 65/45/65 15/51/15 16/52/16
f 15/51/15 14/48/14 1354/49/1354 1358/53/1358
f 67/54/67 66/50/66 16/52/16 17/55/17
f 16/52/16 15/51/15 1358/53/1358 1362/56/1362
f 119/57/119 118/58/118 68/59/68 69/60/69
f 17/55/17 16/52/16 1362/56/1362 1366/61/1366
f 18/62/18 17/55/17 1366/61/1366 1370/63/1370
f 70/64/70 69/60/69 19/65/19 20/66/20
f 19/65/19 18/62/18 1370/63/1370 1374/67/1374
f 71/68/71 70/64/70 20/66/20 21/69/21
f 20/66/20 19/65/19 1374/67/1374 1378/70/1378
f 123/71/123 122/72/122 72/73/72 73/74/73
f 21/69/21 20/66/20 1378/70/1378 1382/75/1382
f 22/76/22 21/69/21 1382/75/1382 1386/77/1386
f 74/78/74 73/74/73 23/79/23 24/80/24
f 23/79/23 22/76/22 1386/77/1386 1390/81/1390
f 75/82/75 74/78/74 24/80/24 25/83/25
f 24/80/24 23/79/23 1390/81/1390 1394/84/1394
f 127/85/127 126/86/126 76/87/76 77/88/77
f 25/83/25 24/80/24 1394/84/1394 1398/89/1398
f 26/90/26 25/83/25 1398/89/1398 1402/91/1402
f 78/92/78 77/88/77 27/93/27 28/94/28
f 27/93/27 26/90/26 1402/91/1402 1406/95/1406
f 79/96/79 78/92/78 28/94/28 29/97/29
f 28/94/28 27/93/27 1406/95/1406 1410/98/1410
f 131/99/131 130/100/130 80/101/80 81/102/81
f 29/97/29 28/94/28 1410/98/1410 1414/103/1414
f 30/104/30 29/97/29 1414/103/1414 1418/105/1418
f 82/106/82 81/102/81 31/107/31 32/108/32
f 31/107/31 30/104/30 1418/105/1418 1422/109/1422
f 83/110/83 82/106/82 32/108/32 33/111/33
f 32/108/32 31/107/31 1422/109/1422 1426/112/1426
f 135/113/135 134/114/134 84/115/84 85/116/85
f 33/111/33 32/108/32 1426/112/1426 1430/117/1430
f 34/118/34 33/111/33 1430/117/1430 1434/119/1434
f 86/120/86 85/116/85 35/121/35 36/122/36
f 35/121/35 34/118/34 1434/119/1434 1438/123/1438
f 87/124/87 86/120/86 36/122/36 37/125/37
f 36/122/36 35/121/35 1438/123/1438 1442/126/1442
f 139/127/139 138/128/138 88/129/88 89/130/89
f 37/125/37 36/122/36 1442/126/1442 1446/131/1446
f 38/132/38 37/125/37 1446/131/1446 1450/133/1450
f 90/134/90 89/130/89 39/135/39 40/136/40
f 39/135/39 38/132/38 1450/133/1450 1454/137/1454
f 91/138/91 90/134/90 40/136/40 41/139/41
f 40/136/40 39/135/39 1454/137/1454 1458/140/1458
f 143/141/143 142/142/142 92/143/92 93/144/93
f 41/139/41 40/136/40 1458/140/1458 1462/145/1462
f 42/146/42 41/139/41 1462/145/1462 1466/147/1466
f 94/148/94 93/144/93 43/149/43 44/150/44
f 43/149/43 42/146/42 1466/147/1466 1470/151/1470
f 95/152/95 94/148/94 44/150/44 45/153/45
f 44/150/44 43/149/43 1470/151/1470 1474/154/1474
f 147/155/147 146/156/146 96/157/96 97/158/97
f 45/153/45 44/150/44 1474/154/1474 1478/159/1478
f 1320/160/1320 1319/161/1319 1323/162/1323 1324/163/1324
f 46/164/46 45/153/45 1478/159/1478 1482/165/1482
f 98/166/98 97/158/97 47/167/47 48/168/48
f 47/167/47 46/164/46 1482/165/1482 1486/169/1486
f 99/170/99 98/166/98 48/168/48 49/171/49
f 48/168/48 47/167/47 1486/169/1486 1490/172/1490
f 49/171/49 48/168/48 1490/172/1490 1494/173/1494
f 154/174/154 153/175/153 103/176/103 104/177/104
f 50/178/50 49/171/49 1494/173/1494 1497/179/1497
f 102/180/102 101/181/101 51/182/51 52/183/52
f 51/182/51 100/184/100 50/178/50 1/2/1
f 52/183/52 51/182/51 1/2/1 2/1/2
f 3/7/3 53/6/53 52/183/52 2/1/2
f 56/16/56 55/11/55 5/12/5 6/19/6
f 7/22/7 57/17/57 56/16/56 6/19/6
f 60/30/60 59/25/59 9/26/9 10/33/10
f 11/36/11 61/31/61 60/30/60 10/33/10
f 64/44/64 63/39/63 13/40/13 14/48/14
f 15/51/15 65/45/65 64/44/64 14/48/14
f 68/59/68 67/54/67 17/55/17 18/62/18
f 19/65/19 69/60/69 68/59/68 18/62/18
f 72/73/72 71/68/71 21/69/21 22/76/22
f 23/79/23 73/74/73 72/73/72 22/76/22
f 76/185/76 75/82/75 25/83/25 26/186/26
f 27/93/27 77/88/77 76/185/76 26/186/26
f 80/101/80 79/96/79 29/97/29 30/104/30
f 31/107/31 81/102/81 80/101/80 30/104/30
f 84/115/84 83/110/83 33/111/33 34/118/34
f 35/121/35 85/116/85 84/115/84 34/118/34
f 88/129/88 87/124/87 37/125/37 38/132/38
f 39/135/39 89/130/89 88/129/88 38/132/38
f 92/143/92 91/138/91 41/139/41 42/146/42
f 43/149/43 93/144/93 92/143/92 42/146/42
f 162/187/162 161/188/161 111/28/111 112/189/112
f 96/157/96 95/152/95 45/153/45 46/164/46
f 47/167/47 97/158/97 96/157/96 46/164/46
f 203/190/203 202/191/202 152/192/152 153/193/153
f 206/194/206 205/195/205 155/196/155 156/197/156
f 100/184/100 99/170/99 49/171/49 50/178/50
f 155/196/155 154/174/154 104/177/104 105/198/105
f 114/43/114 113/199/113 63/200/63 64/44/64
f 104/177/104 103/201/103 53/202/53 54/5/54
f 55/11/55 105/198/105 104/177/104 54/5/54
f 159/203/159 158/204/158 108/205/108 109/206/109
f 118/58/118 117/207/117 67/54/67 68/59/68
f 108/205/108 107/14/107 57/17/57 58/21/58
f 59/25/59 109/206/109 108/205/108 58/21/58
f 163/208/163 162/187/162 112/189/112 113/209/113
f 122/72/122 121/210/121 71/68/71 72/73/72
f 112/189/112 111/28/111 61/31/61 62/35/62
f 63/200/63 113/199/113 112/189/112 62/35/62
f 167/211/167 166/212/166 116/213/116 117/207/117
f 126/86/126 125/214/125 75/82/75 76/87/76
f 116/213/116 115/42/115 65/45/65 66/50/66
f 67/54/67 117/207/117 116/213/116 66/50/66
f 171/215/171 170/216/170 120/217/120 121/210/121
f 130/100/130 129/218/129 79/96/79 80/101/80
f 120/217/120 119/57/119 69/60/69 70/64/70
f 71/68/71 121/210/121 120/217/120 70/64/70
f 175/219/175 174/220/174 124/221/124 125/214/125
f 134/114/134 133/222/133 83/110/83 84/115/84
f 124/221/124 123/71/123 73/74/73 74/78/74
f 75/82/75 125/214/125 124/221/124 74/78/74
f 179/223/179 178/224/178 128/225/128 129/218/129
f 138/128/138 137/226/137 87/124/87 88/129/88
f 128/225/128 127/85/127 77/88/77 78/92/78
f 79/96/79 129/218/129 128/225/128 78/92/78
f 183/227/183 182/228/182 132/229/132 133/222/133
f 142/142/142 141/230/141 91/138/91 92/143/92
f 132/229/132 131/99/131 81/102/81 82/106/82
f 83/110/83 133/222/133 132/229/132 82/106/82
f 187/231/187 186/232/186 136/233/136 137/226/137
f 146/156/146 145/234/145 95/152/95 96/157/96
f 136/233/136 135/113/135 85/116/85 86/120/86
f 87/124/87 137/226/137 136/233/136 86/120/86
f 191/235/191 190/236/190 140/237/140 141/230/141
f 150/238/150 149/239/149 99/170/99 100/184/100
f 140/237/140 139/127/139 89/130/89 90/134/90
f 91/138/91 141/230/141 140/237/140 90/134/90
f 195/240/195 194/241/194 144/242/144 145/234/145
f 210/243/210 209/244/209 159/203/159 160/245/160
f 144/242/144 143/141/143 93/144/93 94/148/94
f 95/152/95 145/234/145 144/242/144 94/148/94
f 199/246/199 198/247/198 148/248/148 149/239/149
f 262/249/262 261/250/261 211/251/211 212/252/212
f 202/191/202 201/253/201 151/254/151 152/192/152
f 148/248/148 147/155/147 97/158/97 98/166/98
f 99/170/99 149/239/149 148/248/148 98/166/98
f 158/204/158 157/255/157 107/14/107 108/205/108
f 303/256/303 302/257/302 252/258/252 253/259/253
f 151/254/151 200/260/200 150/238/150 101/181/101
f 152/192/152 151/254/151 101/181/101 102/180/102
f 103/176/103 153/175/153 152/192/152 102/180/102
f 207/261/207 206/194/206 156/197/156 157/255/157
f 166/212/166 165/262/165 115/42/115 116/213/116
f 156/197/156 155/196/155 105/198/105 106/15/106
f 107/14/107 157/255/157 156/197/156 106/15/106
f 211/251/211 210/243/210 160/245/160 161/188/161
f 170/216/170 169/263/169 119/57/119 120/217/120
f 160/245/160 159/203/159 109/206/109 110/29/110
f 111/28/111 161/188/161 160/245/160 110/29/110
f 215/264/215 214/265/214 164/266/164 165/262/165
f 174/220/174 173/267/173 123/71/123 124/221/124
f 164/266/164 163/208/163 113/209/113 114/43/114
f 115/42/115 165/262/165 164/266/164 114/43/114
f 219/268/219 218/269/218 168/270/168 169/263/169
f 178/224/178 177/271/177 127/85/127 128/225/128
f 168/270/168 167/211/167 117/207/117 118/58/118
f 119/57/119 169/263/169 168/270/168 118/58/118
f 223/272/223 222/273/222 172/274/172 173/267/173
f 182/228/182 181/275/181 131/99/131 132/229/132
f 172/274/172 171/215/171 121/210/121 122/72/122
f 123/71/123 173/267/173 172/274/172 122/72/122
f 227/276/227 226/277/226 176/278/176 177/271/177
f 186/232/186 185/279/185 135/113/135 136/233/136
f 176/280/176 175/219/175 125/214/125 126/281/126
f 127/85/127 177/271/177 176/280/176 126/281/126
f 231/282/231 230/283/230 180/284/180 181/275/181
f 190/236/190 189/285/189 139/127/139 140/237/140
f 180/284/180 179/223/179 129/218/129 130/100/130
f 131/99/131 181/275/181 180/284/180 130/100/130
f 235/286/235 234/287/234 184/288/184 185/279/185
f 194/241/194 193/289/193 143/141/143 144/242/144
f 184/288/184 183/227/183 133/222/133 134/114/134
f 135/113/135 185/279/185 184/288/184 134/114/134
f 239/290/239 238/291/238 188/292/188 189/285/189
f 198/247/198 197/293/197 147/155/147 148/248/148
f 188/292/188 187/231/187 137/226/137 138/128/138
f 139/127/139 189/285/189 188/292/188 138/128/138
f 243/294/243 242/295/242 192/296/192 193/289/193
f 200/260/200 151/254/151 201/253/201 250/297/250
f 192/296/192 191/235/191 141/230/141 142/142/142
f 143/141/143 193/289/193 192/296/192 142/142/142
f 247/298/247 246/299/246 196/300/196 197/293/197
f 254/301/254 253/259/253 203/190/203 204/302/204
f 196/300/196 195/240/195 145/234/145 146/156/146
f 147/155/147 197/293/197 196/300/196 146/156/146
f 306/303/306 305/304/305 255/305/255 256/306/256
f 200/260/200 199/246/199 149/239/149 150/238/150
f 255/305/255 254/301/254 204/302/204 205/195/205
f 214/265/214 213/307/213 163/308/163 164/266/164
f 204/302/204 203/190/203 153/193/153 154/174/154
f 155/196/155 205/195/205 204/302/204 154/174/154
f 259/309/259 258/310/258 208/311/208 209/244/209
f 218/269/218 217/312/217 167/211/167 168/270/168
f 208/311/208 207/261/207 157/255/157 158/204/158
f 159/203/159 209/244/209 208/311/208 158/204/158
f 263/313/263 262/249/262 212/252/212 213/314/213
f 222/273/222 221/315/221 171/215/171 172/274/172
f 212/252/212 211/251/211 161/188/161 162/187/162
f 163/308/163 213/307/213 212/252/212 162/187/162
f 267/316/267 266/317/266 216/318/216 217/312/217
f 226/277/226 225/319/225 175/219/175 176/278/176
f 216/318/216 215/264/215 165/262/165 166/212/166
f 167/211/167 217/312/217 216/318/216 166/212/166
f 271/320/271 270/321/270 220/322/220 221/315/221
f 230/283/230 229/323/229 179/223/179 180/284/180
f 220/322/220 219/268/219 169/263/169 170/216/170
f 171/215/171 221/315/221 220/322/220 170/216/170
f 275/324/275 274/325/274 224/326/224 225/319/225
f 234/287/234 233/327/233 183/227/183 184/288/184
f 224/326/224 223/272/223 173/267/173 174/220/174
f 175/219/175 225/319/225 224/326/224 174/220/174
f 279/328/279 278/329/278 228/330/228 229/323/229
f 238/291/238 237/331/237 187/231/187 188/292/188
f 228/330/228 227/276/227 177/271/177 178/224/178
f 179/223/179 229/323/229 228/330/228 178/224/178
f 283/332/283 282/333/282 232/334/232 233/327/233
f 242/295/242 241/335/241 191/235/191 192/296/192
f 232/334/232 231/282/231 181/275/181 182/228/182
f 183/227/183 233/327/233 232/334/232 182/228/182
f 287/336/287 286/337/286 236/338/236 237/331/237
f 246/299/246 245/339/245 195/240/195 196/300/196
f 236/338/236 235/286/235 185/279/185 186/232/186
f 187/231/187 237/331/237 236/338/236 186/232/186
f 291/340/291 290/341/290 240/342/240 241/335/241
f 250/297/250 249/343/249 199/246/199 200/260/200
f 240/342/240 239/290/239 189/285/189 190/236/190
f 191/235/191 241/335/241 240/342/240 190/236/190
f 295/344/295 294/345/294 244/346/244 245/339/245
f 310/347/310 309/348/309 259/309/259 260/349/260
f 244/346/244 243/294/243 193/289/193 194/241/194
f 195/240/195 245/339/245 244/346/244 194/241/194
f 299/350/299 298/351/298 248/352/248 249/343/249
f 362/353/362 361/354/361 311/355/311 312/356/312
f 302/257/302 301/357/301 251/358/251 252/258/252
f 248/352/248 247/298/247 197/293/197 198/247/198
f 199/246/199 249/343/249 248/352/248 198/247/198
f 258/310/258 257/359/257 207/261/207 208/311/208
f 403/360/403 402/361/402 352/362/352 353/363/353
f 251/358/251 300/364/300 250/297/250 201/253/201
f 252/258/252 251/358/251 201/253/201 202/191/202
f 203/190/203 253/259/253 252/258/252 202/191/202
f 307/365/307 306/303/306 256/306/256 257/359/257
f 266/317/266 265/366/265 215/264/215 216/318/216
f 256/306/256 255/305/255 205/195/205 206/194/206
f 207/261/207 257/359/257 256/306/256 206/194/206
f 311/355/311 310/347/310 260/349/260 261/250/261
f 270/321/270 269/367/269 219/268/219 220/322/220
f 260/349/260 259/309/259 209/244/209 210/243/210
f 211/251/211 261/250/261 260/349/260 210/243/210
f 315/368/315 314/369/314 264/370/264 265/371/265
f 274/325/274 273/372/273 223/272/223 224/326/224
f 264/370/264 263/313/263 213/314/213 214/265/214
f 215/264/215 265/366/265 264/370/264 214/265/214
f 319/373/319 318/374/318 268/375/268 269/367/269
f 278/329/278 277/376/277 227/276/227 228/330/228
f 268/375/268 267/316/267 217/312/217 218/269/218
f 219/268/219 269/367/269 268/375/268 218/269/218
f 323/377/323 322/378/322 272/379/272 273/372/273
f 282/333/282 281/380/281 231/282/231 232/334/232
f 272/379/272 271/320/271 221/315/221 222/273/222
f 223/272/223 273/372/273 272/379/272 222/273/222
f 327/381/327 326/382/326 276/383/276 277/376/277
f 286/337/286 285/384/285 235/286/235 236/338/236
f 276/385/276 275/324/275 225/319/225 226/386/226
f 227/276/227 277/376/277 276/385/276 226/386/226
f 331/387/331 330/388/330 280/389/280 281/380/281
f 290/341/290 289/390/289 239/290/239 240/342/240
f 280/389/280 279/328/279 229/323/229 230/283/230
f 231/282/231 281/380/281 280/389/280 230/283/230
f 335/391/335 334/392/334 284/393/284 285/384/285
f 294/345/294 293/394/293 243/294/243 244/346/244
f 284/393/284 283/332/283 233/327/233 234/287/234
f 235/286/235 285/384/285 284/393/284 234/287/234
f 339/395/339 338/396/338 288/397/288 289/390/289
f 298/351/298 297/398/297 247/298/247 248/352/248
f 288/397/288 287/399/287 237/331/237 238/400/238
f 239/290/239 289/390/289 288/397/288 238/291/238
f 343/401/343 342/402/342 292/403/292 293/394/293
f 300/364/300 251/358/251 301/357/301 350/404/350
f 292/403/292 291/340/291 241/335/241 242/295/242
f 243/294/243 293/394/293 292/403/292 242/295/242
f 347/405/347 346/406/346 296/407/296 297/398/297
f 354/408/354 353/363/353 303/256/303 304/409/304
f 296/407/296 295/344/295 245/339/245 246/299/246
f 247/298/247 297/398/297 296/407/296 246/299/246
f 406/410/406 405/411/405 355/412/355 356/413/356
f 300/364/300 299/350/299 249/343/249 250/297/250
f 355/412/355 354/408/354 304/409/304 305/304/305
f 314/414/314 313/415/313 263/416/263 264/370/264
f 304/409/304 303/256/303 253/259/253 254/301/254
f 255/305/255 305/304/305 304/409/304 254/301/254
f 359/417/359 358/418/358 308/419/308 309/348/309
f 318/374/318 317/420/317 267/316/267 268/375/268
f 308/419/308 307/365/307 257/359/257 258/310/258
f 259/309/259 309/348/309 308/419/308 258/310/258
f 363/421/363 362/353/362 312/422/312 313/423/313
f 322/378/322 321/424/321 271/320/271 272/379/272
f 312/422/312 311/355/311 261/250/261 262/249/262
f 263/416/263 313/425/313 312/422/312 262/249/262
f 367/426/367 366/427/366 316/428/316 317/420/317
f 326/382/326 325/429/325 275/324/275 276/383/276
f 316/430/316 315/368/315 265/366/265 266/317/266
f 267/316/267 317/420/317 316/428/316 266/317/266
f 371/431/371 370/432/370 320/433/320 321/424/321
f 330/388/330 329/434/329 279/328/279 280/389/280
f 320/433/320 319/373/319 269/367/269 270/321/270
f 271/320/271 321/424/321 320/433/320 270/321/270
f 375/435/375 374/436/374 324/437/324 325/429/325
f 334/392/334 333/438/333 283/332/283 284/393/284
f 324/437/324 323/377/323 273/372/273 274/325/274
f 275/324/275 325/429/325 324/437/324 274/325/274
f 379/439/379 378/440/378 328/441/328 329/434/329
f 338/396/338 337/442/337 287/399/287 288/397/288
f 328/441/328 327/381/327 277/376/277 278/329/278
f 279/328/279 329/434/329 328/441/328 278/329/278
f 383/443/383 382/444/382 332/445/332 333/438/333
f 342/402/342 341/446/341 291/340/291 292/403/292
f 332/445/332 331/387/331 281/380/281 282/333/282
f 283/332/283 333/438/333 332/445/332 282/333/282
f 387/447/387 386/448/386 336/449/336 337/442/337
f 346/406/346 345/450/345 295/344/295 296/407/296
f 336/449/336 335/391/335 285/384/285 286/337/286
f 287/336/287 337/442/337 336/451/336 286/337/286
f 391/452/391 390/453/390 340/454/340 341/446/341
f 350/404/350 349/455/349 299/350/299 300/364/300
f 340/456/340 339/395/339 289/457/289 290/341/290
f 291/340/291 341/446/341 340/456/340 290/341/290
f 395/458/395 394/459/394 344/460/344 345/450/345
f 410/461/410 409/462/409 359/417/359 360/463/360
f 344/460/344 343/401/343 293/394/293 294/345/294
f 295/344/295 345/450/345 344/460/344 294/345/294
f 399/464/399 398/465/398 348/466/348 349/455/349
f 462/467/462 461/468/461 411/469/411 412/470/412
f 402/361/402 401/471/401 351/472/351 352/362/352
f 348/466/348 347/405/347 297/398/297 298/351/298
f 299/350/299 349/455/349 348/466/348 298/351/298
f 358/473/358 357/474/357 307/365/307 308/419/308
f 503/475/503 502/476/502 452/477/452 453/478/453
f 351/472/351 400/479/400 350/404/350 301/357/301
f 352/362/352 351/472/351 301/357/301 302/257/302
f 303/256/303 353/363/353 352/362/352 302/257/302
f 407/480/407 406/410/406 356/413/356 357/481/357
f 366/427/366 365/482/365 315/368/315 316/428/316
f 356/413/356 355/412/355 305/304/305 306/303/306
f 307/365/307 357/474/357 356/413/356 306/303/306
f 411/469/411 410/461/410 360/463/360 361/354/361
f 370/432/370 369/483/369 319/373/319 320/433/320
f 360/463/360 359/484/359 309/348/309 310/347/310
f 311/355/311 361/354/361 360/463/360 310/347/310
f 415/485/415 414/486/414 364/487/364 365/482/365
f 374/436/374 373/488/373 323/377/323 324/437/324
f 364/487/364 363/421/363 313/489/313 314/414/314
f 315/368/315 365/482/365 364/487/364 314/369/314
f 419/490/419 418/491/418 368/492/368 369/483/369
f 378/440/378 377/493/377 327/381/327 328/441/328
f 368/492/368 367/494/367 317/420/317 318/374/318
f 319/373/319 369/483/369 368/492/368 318/374/318
f 423/495/423 422/496/422 372/497/372 373/488/373
f 382/444/382 381/498/381 331/387/331 332/445/332
f 372/497/372 371/431/371 321/424/321 322/378/322
f 323/377/323 373/488/373 372/497/372 322/378/322
f 427/499/427 426/500/426 376/501/376 377/493/377
f 386/448/386 385/502/385 335/391/335 336/449/336
f 376/501/376 375/435/375 325/429/325 326/382/326
f 327/381/327 377/493/377 376/501/376 326/382/326
f 431/503/431 430/504/430 380/505/380 381/498/381
f 390/453/390 389/506/389 339/395/339 340/456/340
f 380/505/380 379/439/379 329/434/329 330/388/330
f 331/387/331 381/498/381 380/505/380 330/388/330
f 435/507/435 434/508/434 384/509/384 385/502/385
f 394/459/394 393/510/393 343/401/343 344/460/344
f 384/509/384 383/443/383 333/438/333 334/392/334
f 335/511/335 385/502/385 384/512/384 334/392/334
f 439/513/439 438/514/438 388/515/388 389/506/389
f 398/465/398 397/516/397 347/405/347 348/466/348
f 388/515/388 387/447/387 337/442/337 338/396/338
f 339/395/339 389/506/389 388/515/388 338/396/338
f 443/517/443 442/518/442 392/519/392 393/510/393
f 400/479/400 351/472/351 401/471/401 450/520/450
f 392/519/392 391/452/391 341/446/341 342/402/342
f 343/401/343 393/510/393 392/519/392 342/402/342
f 447/521/447 446/522/446 396/523/396 397/516/397
f 454/524/454 453/478/453 403/360/403 404/525/404
f 396/523/396 395/458/395 345/450/345 346/406/346
f 347/405/347 397/516/397 396/523/396 346/406/346
f 506/526/506 505/527/505 455/528/455 456/529/456
f 400/479/400 399/464/399 349/455/349 350/404/350
f 455/530/455 454/524/454 404/525/404 405/531/405
f 414/486/414 413/532/413 363/533/363 364/487/364
f 404/525/404 403/360/403 353/363/353 354/408/354
f 355/412/355 405/534/405 404/525/404 354/535/354
f 459/536/459 458/537/458 408/538/408 409/462/409
f 418/539/418 417/540/417 367/494/367 368/492/368
f 408/538/408 407/480/407 357/474/357 358/473/358
f 359/417/359 409/462/409 408/538/408 358/418/358
f 463/541/463 462/467/462 412/470/412 413/542/413
f 422/496/422 421/543/421 371/431/371 372/497/372
f 412/470/412 411/469/411 361/354/361 362/353/362
f 363/533/363 413/532/413 412/470/412 362/353/362
f 467/544/467 466/545/466 416/546/416 417/540/417
f 426/500/426 425/547/425 375/435/375 376/501/376
f 416/546/416 415/485/415 365/482/365 366/427/366
f 367/494/367 417/540/417 416/546/416 366/427/366
f 471/548/471 470/549/470 420/550/420 421/543/421
f 430/504/430 429/551/429 379/439/379 380/505/380
f 420/550/420 419/490/419 369/483/369 370/432/370
f 371/431/371 421/543/421 420/550/420 370/432/370
f 475/552/475 474/553/474 424/554/424 425/547/425
f 434/508/434 433/555/433 383/443/383 384/509/384
f 424/554/424 423/495/423 373/488/373 374/436/374
f 375/435/375 425/547/425 424/554/424 374/436/374
f 479/556/479 478/557/478 428/558/428 429/551/429
f 438/514/438 437/559/437 387/447/387 388/515/388
f 428/558/428 427/499/427 377/493/377 378/440/378
f 379/439/379 429/551/429 428/558/428 378/440/378
f 483/560/483 482/561/482 432/562/432 433/555/433
f 442/518/442 441/563/441 391/564/391 392/519/392
f 432/562/432 431/503/431 381/498/381 382/444/382
f 383/565/383 433/555/433 432/562/432 382/444/382
f 487/566/487 486/567/486 436/568/436 437/559/437
f 446/522/446 445/569/445 395/458/395 396/523/396
f 436/568/436 435/507/435 385/502/385 386/448/386
f 387/447/387 437/559/437 436/568/436 386/448/386
f 491/570/491 490/571/490 440/572/440 441/563/441
f 450/520/450 449/573/449 399/464/399 400/479/400
f 440/572/440 439/513/439 389/506/389 390/453/390
f 391/452/391 441/563/441 440/572/440 390/453/390
f 495/574/495 494/575/494 444/576/444 445/569/445
f 510/577/510 509/578/509 459/536/459 460/579/460
f 444/576/444 443/517/443 393/510/393 394/459/394
f 395/458/395 445/569/445 444/576/444 394/459/394
f 499/580/499 498/581/498 448/582/448 449/573/449
f 562/583/562 561/584/561 511/585/511 512/586/512
f 502/476/502 501/587/501 451/588/451 452/477/452
f 448/582/448 447/521/447 397/516/397 398/465/398
f 399/464/399 449/573/449 448/582/448 398/465/398
f 458/537/458 457/589/457 407/480/407 408/538/408
f 603/590/603 602/591/602 552/592/552 553/593/553
f 451/588/451 500/594/500 450/520/450 401/471/401
f 452/477/452 451/588/451 401/471/401 402/361/402
f 403/360/403 453/478/453 452/477/452 402/361/402
f 507/595/507 506/526/506 456/529/456 457/589/457
f 466/545/466 465/596/465 415/485/415 416/546/416
f 456/529/456 455/530/455 405/411/405 406/410/406
f 407/480/407 457/589/457 456/529/456 406/410/406
f 511/585/511 510/577/510 460/579/460 461/468/461
f 470/549/470 469/597/469 419/490/419 420/550/420
f 460/579/460 459/536/459 409/462/409 410/461/410
f 411/469/411 461/468/461 460/579/460 410/461/410
f 515/598/515 514/599/514 464/600/464 465/596/465
f 474/553/474 473/601/473 423/495/423 424/554/424
f 464/600/464 463/541/463 413/542/413 414/486/414
f 415/485/415 465/596/465 464/600/464 414/486/414
f 519/602/519 518/603/518 468/604/468 469/597/469
f 478/605/478 477/606/477 427/607/427 428/558/428
f 468/608/468 467/544/467 417/540/417 418/491/418
f 419/490/419 469/597/469 468/608/468 418/491/418
f 523/609/523 522/610/522 472/611/472 473/601/473
f 482/561/482 481/612/481 431/503/431 432/613/432
f 472/611/472 471/548/471 421/543/421 422/496/422
f 423/495/423 473/601/473 472/611/472 422/496/422
f 527/614/527 526/615/526 476/616/476 477/606/477
f 486/567/486 485/617/485 435/507/435 436/568/436
f 476/616/476 475/552/475 425/547/425 426/500/426
f 427/607/427 477/606/477 476/616/476 426/500/426
f 531/618/531 530/619/530 480/620/480 481/621/481
f 490/571/490 489/622/489 439/513/439 440/572/440
f 480/620/480 479/556/479 429/551/429 430/504/430
f 431/503/431 481/621/481 480/620/480 430/504/430
f 535/623/535 534/624/534 484/625/484 485/617/485
f 494/575/494 493/626/493 443/517/443 444/576/444
f 484/625/484 483/560/483 433/555/433 434/508/434
f 435/507/435 485/617/485 484/625/484 434/508/434
f 539/627/539 538/628/538 488/629/488 489/622/489
f 498/581/498 497/630/497 447/521/447 448/582/448
f 488/629/488 487/566/487 437/559/437 438/514/438
f 439/513/439 489/622/489 488/629/488 438/514/438
f 543/631/543 542/632/542 492/633/492 493/626/493
f 500/594/500 451/588/451 501/587/501 550/634/550
f 492/633/492 491/570/491 441/563/441 442/518/442
f 443/517/443 493/626/493 492/633/492 442/635/442
f 547/636/547 546/637/546 496/638/496 497/630/497
f 554/639/554 553/593/553 503/475/503 504/640/504
f 496/638/496 495/574/495 445/569/445 446/522/446
f 447/521/447 497/630/497 496/638/496 446/522/446
f 606/641/606 605/642/605 555/643/555 556/644/556
f 500/594/500 499/580/499 449/573/449 450/520/450
f 555/643/555 554/639/554 504/640/504 505/527/505
f 514/599/514 513/645/513 463/646/463 464/600/464
f 504/640/504 503/475/503 453/478/453 454/524/454
f 455/528/455 505/527/505 504/640/504 454/524/454
f 559/647/559 558/648/558 508/649/508 509/578/509
f 518/603/518 517/650/517 467/544/467 468/608/468
f 508/649/508 507/595/507 457/589/457 458/537/458
f 459/536/459 509/578/509 508/649/508 458/537/458
f 563/651/563 562/583/562 512/586/512 513/652/513
f 522/610/522 521/653/521 471/548/471 472/611/472
f 512/586/512 511/585/511 461/468/461 462/467/462
f 463/646/463 513/645/513 512/586/512 462/467/462
f 567/654/567 566/655/566 516/656/516 517/650/517
f 526/615/526 525/657/525 475/552/475 476/616/476
f 516/656/516 515/598/515 465/596/465 466/545/466
f 467/544/467 517/650/517 516/656/516 466/545/466
f 571/658/571 570/659/570 520/660/520 521/653/521
f 530/619/530 529/661/529 479/556/479 480/620/480
f 520/660/520 519/662/519 469/597/469 470/549/470
f 471/548/471 521/653/521 520/660/520 470/549/470
f 575/663/575 574/664/574 524/665/524 525/657/525
f 534/624/534 533/666/533 483/560/483 484/625/484
f 524/665/524 523/609/523 473/601/473 474/553/474
f 475/552/475 525/657/525 524/665/524 474/553/474
f 579/667/579 578/668/578 528/669/528 529/661/529
f 538/628/538 537/670/537 487/566/487 488/629/488
f 528/669/528 527/614/527 477/606/477 478/605/478
f 479/556/479 529/661/529 528/669/528 478/557/478
f 583/671/583 582/672/582 532/673/532 533/666/533
f 542/632/542 541/674/541 491/570/491 492/633/492
f 532/673/532 531/618/531 481/621/481 482/561/482
f 483/560/483 533/666/533 532/673/532 482/561/482
f 587/675/587 586/676/586 536/677/536 537/670/537
f 546/637/546 545/678/545 495/574/495 496/638/496
f 536/677/536 535/623/535 485/617/485 486/567/486
f 487/566/487 537/670/537 536/677/536 486/567/486
f 591/679/591 590/680/590 540/681/540 541/674/541
f 550/634/550 549/682/549 499/580/499 500/594/500
f 540/681/540 539/627/539 489/622/489 490/571/490
f 491/570/491 541/674/541 540/681/540 490/571/490
f 595/683/595 594/684/594 544/685/544 545/678/545
f 610/686/610 609/687/609 559/647/559 560/688/560
f 544/685/544 543/631/543 493/689/493 494/575/494
f 495/574/495 545/678/545 544/685/544 494/575/494
f 599/690/599 598/691/598 548/692/548 549/682/549
f 662/693/662 661/694/661 611/695/611 612/696/612
f 602/591/602 601/697/601 551/698/551 552/592/552
f 548/692/548 547/636/547 497/630/497 498/581/498
f 499/580/499 549/682/549 548/692/548 498/581/498
f 558/648/558 557/699/557 507/595/507 508/649/508
f 703/700/703 702/701/702 652/702/652 653/703/653
f 551/698/551 600/704/600 550/634/550 501/587/501
f 552/592/552 551/698/551 501/587/501 502/476/502
f 503/475/503 553/593/553 552/592/552 502/476/502
f 607/705/607 606/641/606 556/644/556 557/699/557
f 566/655/566 565/706/565 515/598/515 516/656/516
f 556/644/556 555/643/555 505/707/505 506/526/506
f 507/595/507 557/699/557 556/644/556 506/526/506
f 611/695/611 610/686/610 560/688/560 561/584/561
f 570/659/570 569/708/569 519/662/519 520/660/520
f 560/688/560 559/647/559 509/578/509 510/577/510
f 511/585/511 561/584/561 560/688/560 510/577/510
f 615/709/615 614/710/614 564/711/564 565/706/565
f 574/664/574 573/712/573 523/609/523 524/665/524
f 564/711/564 563/651/563 513/652/513 514/599/514
f 515/598/515 565/706/565 564/711/564 514/599/514
f 619/713/619 618/714/618 568/715/568 569/716/569
f 578/668/578 577/717/577 527/614/527 528/669/528
f 568/715/568 567/654/567 517/650/517 518/603/518
f 519/662/519 569/708/569 568/715/568 518/603/518
f 623/718/623 622/719/622 572/720/572 573/712/573
f 582/672/582 581/721/581 531/618/531 532/673/532
f 572/720/572 571/658/571 521/653/521 522/610/522
f 523/609/523 573/712/573 572/720/572 522/610/522
f 627/722/627 626/723/626 576/724/576 577/717/577
f 586/676/586 585/725/585 535/623/535 536/677/536
f 576/724/576 575/663/575 525/657/525 526/615/526
f 527/614/527 577/717/577 576/724/576 526/615/526
f 631/726/631 630/727/630 580/728/580 581/721/581
f 590/680/590 589/729/589 539/627/539 540/681/540
f 580/728/580 579/667/579 529/661/529 530/619/530
f 531/618/531 581/721/581 580/728/580 530/730/530
f 635/731/635 634/732/634 584/733/584 585/725/585
f 594/684/594 593/734/593 543/631/543 544/685/544
f 584/733/584 583/671/583 533/666/533 534/624/534
f 535/623/535 585/725/585 584/733/584 534/624/534
f 639/735/639 638/736/638 588/737/588 589/729/589
f 598/691/598 597/738/597 547/636/547 548/692/548
f 588/737/588 587/675/587 537/670/537 538/628/538
f 539/627/539 589/729/589 588/737/588 538/628/538
f 643/739/643 642/740/642 592/741/592 593/734/593
f 600/704/600 551/698/551 601/697/601 650/742/650
f 592/741/592 591/679/591 541/674/541 542/632/542
f 543/631/543 593/734/593 592/741/592 542/632/542
f 647/743/647 646/744/646 596/745/596 597/738/597
f 654/746/654 653/703/653 603/590/603 604/747/604
f 596/745/596 595/683/595 545/678/545 546/637/546
f 547/636/547 597/738/597 596/745/596 546/637/546
f 706/748/706 705/749/705 655/750/655 656/751/656
f 600/704/600 599/690/599 549/682/549 550/634/550
f 655/752/655 654/746/654 604/747/604 605/642/605
f 614/710/614 613/753/613 563/754/563 564/711/564
f 604/747/604 603/590/603 553/593/553 554/639/554
f 555/643/555 605/642/605 604/747/604 554/639/554
f 659/755/659 658/756/658 608/757/608 609/687/609
f 618/714/618 617/758/617 567/654/567 568/715/568
f 608/757/608 607/705/607 557/699/557 558/648/558
f 559/647/559 609/687/609 608/757/608 558/648/558
f 663/759/663 662/693/662 612/696/612 613/760/613
f 622/719/622 621/761/621 571/658/571 572/720/572
f 612/696/612 611/695/611 561/584/561 562/583/562
f 563/754/563 613/753/613 612/696/612 562/583/562
f 667/762/667 666/763/666 616/764/616 617/758/617
f 626/723/626 625/765/625 575/663/575 576/724/576
f 616/764/616 615/709/615 565/706/565 566/655/566
f 567/654/567 617/758/617 616/764/616 566/655/566
f 671/766/671 670/767/670 620/768/620 621/761/621
f 630/727/630 629/769/629 579/667/579 580/728/580
f 620/768/620 619/770/619 569/716/569 570/659/570
f 571/658/571 621/761/621 620/768/620 570/659/570
f 675/771/675 674/772/674 624/773/624 625/765/625
f 634/732/634 633/774/633 583/671/583 584/733/584
f 624/773/624 623/718/623 573/712/573 574/664/574
f 575/663/575 625/765/625 624/773/624 574/664/574
f 679/775/679 678/776/678 628/777/628 629/769/629
f 638/736/638 637/778/637 587/675/587 588/737/588
f 628/777/628 627/722/627 577/717/577 578/668/578
f 579/667/579 629/769/629 628/777/628 578/668/578
f 683/779/683 682/780/682 632/781/632 633/774/633
f 642/740/642 641/782/641 591/679/591 592/741/592
f 632/781/632 631/726/631 581/721/581 582/672/582
f 583/671/583 633/774/633 632/781/632 582/672/582
f 687/783/687 686/784/686 636/785/636 637/778/637
f 646/744/646 645/786/645 595/683/595 596/745/596
f 636/785/636 635/731/635 585/725/585 586/676/586
f 587/675/587 637/778/637 636/785/636 586/676/586
f 691/787/691 690/788/690 640/789/640 641/782/641
f 650/742/650 649/790/649 599/690/599 600/704/600
f 640/789/640 639/735/639 589/729/589 590/680/590
f 591/679/591 641/782/641 640/789/640 590/680/590
f 695/791/695 694/792/694 644/793/644 645/786/645
f 710/794/710 709/795/709 659/755/659 660/796/660
f 644/793/644 643/739/643 593/734/593 594/797/594
f 595/683/595 645/786/645 644/793/644 594/797/594
f 699/798/699 698/799/698 648/800/648 649/790/649
f 762/801/762 761/802/761 711/803/711 712/804/712
f 702/701/702 701/805/701 651/806/651 652/702/652
f 648/800/648 647/743/647 597/738/597 598/691/598
f 599/690/599 649/790/649 648/800/648 598/691/598
f 658/756/658 657/807/657 607/705/607 608/757/608
f 803/808/803 802/809/802 752/810/752 753/811/753
f 651/806/651 700/812/700 650/742/650 601/697/601
f 652/702/652 651/806/651 601/697/601 602/591/602
f 603/590/603 653/703/653 652/702/652 602/591/602
f 707/813/707 706/748/706 656/751/656 657/807/657
f 666/763/666 665/814/665 615/709/615 616/764/616
f 656/751/656 655/752/655 605/642/605 606/641/606
f 607/705/607 657/807/657 656/751/656 606/641/606
f 711/803/711 710/794/710 660/796/660 661/694/661
f 670/767/670 669/815/669 619/713/619 620/768/620
f 660/796/660 659/755/659 609/687/609 610/686/610
f 611/695/611 661/694/661 660/796/660 610/686/610
f 715/816/715 714/817/714 664/818/664 665/814/665
f 674/772/674 673/819/673 623/718/623 624/773/624
f 664/818/664 663/759/663 613/760/613 614/710/614
f 615/709/615 665/814/665 664/818/664 614/710/614
f 719/820/719 718/821/718 668/822/668 669/815/669
f 678/776/678 677/823/677 627/722/627 628/777/628
f 668/822/668 667/762/667 617/758/617 618/714/618
f 619/713/619 669/815/669 668/822/668 618/714/618
f 723/824/723 722/825/722 672/826/672 673/819/673
f 682/780/682 681/827/681 631/726/631 632/781/632
f 672/826/672 671/766/671 621/761/621 622/719/622
f 623/718/623 673/819/673 672/826/672 622/719/622
f 727/828/727 726/829/726 676/830/676 677/823/677
f 686/784/686 685/831/685 635/731/635 636/785/636
f 676/830/676 675/771/675 625/765/625 626/723/626
f 627/722/627 677/823/677 676/830/676 626/723/626
f 731/832/731 730/833/730 680/834/680 681/827/681
f 690/788/690 689/835/689 639/735/639 640/789/640
f 680/834/680 679/836/679 629/769/629 630/727/630
f 631/726/631 681/837/681 680/834/680 630/727/630
f 735/838/735 734/839/734 684/840/684 685/831/685
f 694/792/694 693/841/693 643/739/643 644/793/644
f 684/840/684 683/779/683 633/774/633 634/732/634
f 635/731/635 685/831/685 684/840/684 634/732/634
f 739/842/739 738/843/738 688/844/688 689/835/689
f 698/799/698 697/845/697 647/743/647 648/800/648
f 688/844/688 687/783/687 637/778/637 638/736/638
f 639/735/639 689/835/689 688/844/688 638/736/638
f 743/846/743 742/847/742 692/848/692 693/849/693
f 700/812/700 651/806/651 701/805/701 750/850/750
f 692/848/692 691/787/691 641/782/641 642/740/642
f 643/739/643 693/841/693 692/848/692 642/740/642
f 747/851/747 746/852/746 696/853/696 697/845/697
f 754/854/754 753/811/753 703/700/703 704/855/704
f 696/853/696 695/791/695 645/786/645 646/744/646
f 647/743/647 697/845/697 696/853/696 646/744/646
f 806/856/806 805/857/805 755/858/755 756/859/756
f 700/812/700 699/798/699 649/790/649 650/742/650
f 755/858/755 754/854/754 704/855/704 705/860/705
f 714/817/714 713/861/713 663/862/663 664/818/664
f 704/855/704 703/700/703 653/703/653 654/746/654
f 655/750/655 705/749/705 704/855/704 654/746/654
f 759/863/759 758/864/758 708/865/708 709/795/709
f 718/821/718 717/866/717 667/762/667 668/867/668
f 708/865/708 707/813/707 657/807/657 658/756/658
f 659/755/659 709/795/709 708/865/708 658/756/658
f 763/868/763 762/869/762 712/804/712 713/870/713
f 722/825/722 721/871/721 671/766/671 672/826/672
f 712/804/712 711/803/711 661/694/661 662/693/662
f 663/862/663 713/861/713 712/804/712 662/693/662
f 767/872/767 766/873/766 716/874/716 717/875/717
f 726/829/726 725/876/725 675/771/675 676/830/676
f 716/874/716 715/816/715 665/814/665 666/763/666
f 667/762/667 717/866/717 716/874/716 666/763/666
f 771/877/771 770/878/770 720/879/720 721/871/721
f 730/833/730 729/880/729 679/775/679 680/834/680
f 720/879/720 719/820/719 669/815/669 670/767/670
f 671/766/671 721/871/721 720/879/720 670/767/670
f 775/881/775 774/882/774 724/883/724 725/876/725
f 734/839/734 733/884/733 683/779/683 684/840/684
f 724/883/724 723/824/723 673/819/673 674/772/674
f 675/771/675 725/876/725 724/883/724 674/772/674
f 779/885/779 778/886/778 728/887/728 729/880/729
f 738/843/738 737/888/737 687/783/687 688/844/688
f 728/887/728 727/828/727 677/823/677 678/776/678
f 679/775/679 729/880/729 728/889/728 678/776/678
f 783/890/783 782/891/782 732/892/732 733/884/733
f 742/847/742 741/893/741 691/787/691 692/848/692
f 732/894/732 731/832/731 681/827/681 682/780/682
f 683/779/683 733/884/733 732/894/732 682/780/682
f 787/895/787 786/896/786 736/897/736 737/888/737
f 746/852/746 745/898/745 695/791/695 696/853/696
f 736/897/736 735/838/735 685/831/685 686/784/686
f 687/783/687 737/888/737 736/897/736 686/784/686
f 791/899/791 790/900/790 740/901/740 741/893/741
f 750/850/750 749/902/749 699/798/699 700/812/700
f 740/901/740 739/842/739 689/835/689 690/788/690
f 691/787/691 741/893/741 740/901/740 690/788/690
f 795/903/795 794/904/794 744/905/744 745/898/745
f 810/906/810 809/907/809 759/908/759 760/909/760
f 744/905/744 743/846/743 693/841/693 694/792/694
f 695/791/695 745/898/745 744/905/744 694/792/694
f 799/910/799 798/911/798 748/912/748 749/902/749
f 862/913/862 861/914/861 811/915/811 812/916/812
f 802/809/802 801/917/801 751/918/751 752/810/752
f 748/912/748 747/851/747 697/845/697 698/799/698
f 699/798/699 749/902/749 748/912/748 698/799/698
f 758/919/758 757/920/757 707/813/707 708/865/708
f 903/921/903 902/922/902 852/923/852 853/924/853
f 751/918/751 800/925/800 750/850/750 701/805/701
f 752/810/752 751/918/751 701/805/701 702/701/702
f 703/700/703 753/811/753 752/810/752 702/701/702
f 807/926/807 806/856/806 756/859/756 757/920/757
f 766/873/766 765/927/765 715/816/715 716/874/716
f 756/859/756 755/858/755 705/860/705 706/748/706
f 707/813/707 757/920/757 756/859/756 706/748/706
f 811/915/811 810/906/810 760/928/760 761/929/761
f 770/878/770 769/930/769 719/820/719 720/879/720
f 760/909/760 759/908/759 709/795/709 710/794/710
f 711/803/711 761/929/761 760/928/760 710/794/710
f 815/931/815 814/932/814 764/933/764 765/927/765
f 774/882/774 773/934/773 723/824/723 724/883/724
f 764/933/764 763/868/763 713/870/713 714/817/714
f 715/816/715 765/927/765 764/933/764 714/817/714
f 819/935/819 818/936/818 768/937/768 769/930/769
f 778/886/778 777/938/777 727/828/727 728/887/728
f 768/937/768 767/872/767 717/866/717 718/821/718
f 719/820/719 769/930/769 768/937/768 718/821/718
f 823/939/823 822/940/822 772/941/772 773/934/773
f 782/891/782 781/942/781 731/832/731 732/894/732
f 772/941/772 771/877/771 721/871/721 722/825/722
f 723/824/723 773/934/773 772/941/772 722/825/722
f 827/943/827 826/944/826 776/945/776 777/946/777
f 786/896/786 785/947/785 735/838/735 736/897/736
f 776/945/776 775/881/775 725/876/725 726/829/726
f 727/828/727 777/938/777 776/945/776 726/829/726
f 831/948/831 830/949/830 780/950/780 781/942/781
f 790/900/790 789/951/789 739/842/739 740/901/740
f 780/950/780 779/885/779 729/880/729 730/833/730
f 731/832/731 781/942/781 780/950/780 730/833/730
f 835/952/835 834/953/834 784/954/784 785/947/785
f 794/904/794 793/955/793 743/846/743 744/905/744
f 784/956/784 783/890/783 733/884/733 734/839/734
f 735/838/735 785/957/785 784/956/784 734/839/734
f 839/958/839 838/959/838 788/960/788 789/951/789
f 798/911/798 797/961/797 747/851/747 748/912/748
f 788/960/788 787/895/787 737/888/737 738/843/738
f 739/842/739 789/951/789 788/960/788 738/843/738
f 843/962/843 842/963/842 792/964/792 793/955/793
f 800/925/800 751/918/751 801/917/801 850/965/850
f 792/964/792 791/966/791 741/893/741 742/967/742
f 743/846/743 793/955/793 792/964/792 742/847/742
f 847/968/847 846/969/846 796/970/796 797/961/797
f 854/971/854 853/924/853 803/808/803 804/972/804
f 796/970/796 795/903/795 745/898/745 746/852/746
f 747/851/747 797/961/797 796/970/796 746/852/746
f 906/973/906 905/974/905 855/975/855 856/976/856
f 800/925/800 799/910/799 749/902/749 750/850/750
f 855/975/855 854/971/854 804/972/804 805/857/805
f 814/932/814 813/977/813 763/978/763 764/933/764
f 804/979/804 803/808/803 753/811/753 754/854/754
f 755/858/755 805/857/805 804/979/804 754/854/754
f 859/980/859 858/981/858 808/982/808 809/907/809
f 818/936/818 817/983/817 767/872/767 768/937/768
f 808/982/808 807/926/807 757/920/757 758/919/758
f 759/863/759 809/907/809 808/982/808 758/864/758
f 863/984/863 862/913/862 812/916/812 813/985/813
f 822/940/822 821/986/821 771/877/771 772/941/772
f 812/916/812 811/915/811 761/802/761 762/869/762
f 763/978/763 813/977/813 812/916/812 762/869/762
f 867/987/867 866/988/866 816/989/816 817/983/817
f 826/944/826 825/990/825 775/881/775 776/945/776
f 816/991/816 815/931/815 765/927/765 766/992/766
f 767/872/767 817/983/817 816/989/816 766/873/766
f 871/993/871 870/994/870 820/995/820 821/986/821
f 830/949/830 829/996/829 779/885/779 780/950/780
f 820/995/820 819/935/819 769/930/769 770/878/770
f 771/877/771 821/986/821 820/995/820 770/878/770
f 875/997/875 874/998/874 824/999/824 825/990/825
f 834/953/834 833/1000/833 783/890/783 784/956/784
f 824/999/824 823/939/823 773/934/773 774/882/774
f 775/881/775 825/990/825 824/999/824 774/882/774
f 879/1001/879 878/1002/878 828/1003/828 829/996/829
f 838/1004/838 837/1005/837 787/895/787 788/960/788
f 828/1003/828 827/943/827 777/938/777 778/886/778
f 779/885/779 829/996/829 828/1003/828 778/886/778
f 883/1006/883 882/1007/882 832/1008/832 833/1000/833
f 842/963/842 841/1009/841 791/966/791 792/964/792
f 832/1008/832 831/948/831 781/942/781 782/891/782
f 783/890/783 833/1000/833 832/1008/832 782/891/782
f 887/1010/887 886/1011/886 836/1012/836 837/1013/837
f 846/969/846 845/1014/845 795/903/795 796/970/796
f 836/1012/836 835/952/835 785/947/785 786/896/786
f 787/895/787 837/1013/837 836/1012/836 786/896/786
f 891/1015/891 890/1016/890 840/1017/840 841/1009/841
f 850/965/850 849/1018/849 799/910/799 800/925/800
f 840/1017/840 839/958/839 789/951/789 790/900/790
f 791/899/791 841/1009/841 840/1019/840 790/900/790
f 895/1020/895 894/1021/894 844/1022/844 845/1014/845
f 910/1023/910 909/1024/909 859/980/859 860/1025/860
f 844/1022/844 843/962/843 793/955/793 794/904/794
f 795/903/795 845/1014/845 844/1022/844 794/904/794
f 899/1026/899 898/1027/898 848/1028/848 849/1018/849
f 962/1029/962 961/1030/961 911/1031/911 912/1032/912
f 902/922/902 901/1033/901 851/1034/851 852/923/852
f 848/1028/848 847/968/847 797/961/797 798/911/798
f 799/910/799 849/1018/849 848/1028/848 798/911/798
f 858/981/858 857/1035/857 807/926/807 808/982/808
f 1003/1036/1003 1002/1037/1002 952/1038/952 953/1039/953
f 851/1034/851 900/1040/900 850/965/850 801/917/801
f 852/923/852 851/1034/851 801/917/801 802/809/802
f 803/808/803 853/924/853 852/923/852 802/809/802
f 907/1041/907 906/973/906 856/976/856 857/1035/857
f 866/988/866 865/1042/865 815/931/815 816/989/816
f 856/976/856 855/975/855 805/857/805 806/856/806
f 807/926/807 857/1035/857 856/976/856 806/856/806
f 911/1031/911 910/1023/910 860/1025/860 861/914/861
f 870/994/870 869/1043/869 819/935/819 820/995/820
f 860/1025/860 859/980/859 809/907/809 810/906/810
f 811/915/811 861/914/861 860/1025/860 810/906/810
f 915/1044/915 914/1045/914 864/1046/864 865/1042/865
f 874/998/874 873/1047/873 823/939/823 824/999/824
f 864/1046/864 863/984/863 813/985/813 814/932/814
f 815/931/815 865/1042/865 864/1046/864 814/932/814
f 919/1048/919 918/1049/918 868/1050/868 869/1043/869
f 878/1002/878 877/1051/877 827/1052/827 828/1003/828
f 868/1050/868 867/987/867 817/983/817 818/936/818
f 819/935/819 869/1043/869 868/1050/868 818/936/818
f 923/1053/923 922/1054/922 872/1055/872 873/1047/873
f 882/1007/882 881/1056/881 831/948/831 832/1008/832
f 872/1055/872 871/993/871 821/986/821 822/940/822
f 823/939/823 873/1047/873 872/1055/872 822/940/822
f 927/1057/927 926/1058/926 876/1059/876 877/1060/877
f 886/1011/886 885/1061/885 835/952/835 836/1012/836
f 876/1059/876 875/997/875 825/990/825 826/944/826
f 827/1052/827 877/1051/877 876/1059/876 826/944/826
f 931/1062/931 930/1063/930 880/1064/880 881/1056/881
f 890/1016/890 889/1065/889 839/958/839 840/1017/840
f 880/1064/880 879/1001/879 829/996/829 830/949/830
f 831/948/831 881/1056/881 880/1064/880 830/949/830
f 935/1066/935 934/1067/934 884/1068/884 885/1061/885
f 894/1021/894 893/1069/893 843/962/843 844/1022/844
f 884/1068/884 883/1006/883 833/1000/833 834/953/834
f 835/952/835 885/1061/885 884/1068/884 834/953/834
f 939/1070/939 938/1071/938 888/1072/888 889/1073/889
f 898/1027/898 897/1074/897 847/968/847 848/1028/848
f 888/1072/888 887/1010/887 837/1005/837 838/959/838
f 839/958/839 889/1065/889 888/1072/888 838/959/838
f 943/1075/943 942/1076/942 892/1077/892 893/1069/893
f 900/1040/900 851/1034/851 901/1033/901 950/1078/950
f 892/1077/892 891/1015/891 841/1009/841 842/963/842
f 843/962/843 893/1069/893 892/1077/892 842/963/842
f 947/1079/947 946/1080/946 896/1081/896 897/1074/897
f 954/1082/954 953/1039/953 903/921/903 904/1083/904
f 896/1081/896 895/1020/895 845/1014/845 846/969/846
f 847/968/847 897/1074/897 896/1081/896 846/969/846
f 1006/1084/1006 1005/1085/1005 955/1086/955 956/1087/956
f 900/1040/900 899/1026/899 849/1018/849 850/965/850
f 955/1086/955 954/1082/954 904/1083/904 905/974/905
f 914/1045/914 913/1088/913 863/1089/863 864/1046/864
f 904/1090/904 903/921/903 853/924/853 854/1091/854
f 855/975/855 905/974/905 904/1090/904 854/1091/854
f 959/1092/959 958/1093/958 908/1094/908 909/1024/909
f 918/1049/918 917/1095/917 867/987/867 868/1050/868
f 908/1094/908 907/1041/907 857/1035/857 858/981/858
f 859/980/859 909/1024/909 908/1094/908 858/981/858
f 963/1096/963 962/1029/962 912/1032/912 913/1097/913
f 922/1054/922 921/1098/921 871/993/871 872/1055/872
f 912/1032/912 911/1031/911 861/914/861 862/913/862
f 863/1089/863 913/1088/913 912/1032/912 862/913/862
f 967/1099/967 966/1100/966 916/1101/916 917/1095/917
f 926/1058/926 925/1102/925 875/997/875 876/1059/876
f 916/1101/916 915/1044/915 865/1042/865 866/1103/866
f 867/987/867 917/1095/917 916/1101/916 866/1103/866
f 971/1104/971 970/1105/970 920/1106/920 921/1098/921
f 930/1063/930 929/1107/929 879/1001/879 880/1064/880
f 920/1106/920 919/1048/919 869/1043/869 870/994/870
f 871/993/871 921/1098/921 920/1106/920 870/994/870
f 975/1108/975 974/1109/974 924/1110/924 925/1102/925
f 934/1067/934 933/1111/933 883/1006/883 884/1068/884
f 924/1110/924 923/1053/923 873/1047/873 874/998/874
f 875/997/875 925/1102/925 924/1110/924 874/998/874
f 979/1112/979 978/1113/978 928/1114/928 929/1107/929
f 938/1071/938 937/1115/937 887/1010/887 888/1072/888
f 928/1114/928 927/1116/927 877/1060/877 878/1002/878
f 879/1001/879 929/1107/929 928/1114/928 878/1002/878
f 983/1117/983 982/1118/982 932/1119/932 933/1111/933
f 942/1076/942 941/1120/941 891/1015/891 892/1077/892
f 932/1119/932 931/1062/931 881/1056/881 882/1007/882
f 883/1006/883 933/1111/933 932/1119/932 882/1007/882
f 987/1121/987 986/1122/986 936/1123/936 937/1115/937
f 946/1080/946 945/1124/945 895/1020/895 896/1081/896
f 936/1123/936 935/1066/935 885/1061/885 886/1011/886
f 887/1010/887 937/1115/937 936/1123/936 886/1011/886
f 991/1125/991 990/1126/990 940/1127/940 941/1120/941
f 950/1078/950 949/1128/949 899/1026/899 900/1040/900
f 940/1127/940 939/1070/939 889/1073/889 890/1016/890
f 891/1015/891 941/1120/941 940/1127/940 890/1016/890
f 995/1129/995 994/1130/994 944/1131/944 945/1124/945
f 1010/1132/1010 1009/1133/1009 959/1092/959 960/1134/960
f 944/1131/944 943/1075/943 893/1069/893 894/1021/894
f 895/1020/895 945/1124/945 944/1131/944 894/1021/894
f 999/1135/999 998/1136/998 948/1137/948 949/1128/949
f 1062/1138/1062 1061/1139/1061 1011/1140/1011 1012/1141/1012
f 1002/1037/1002 1001/1142/1001 951/1143/951 952/1038/952
f 948/1137/948 947/1079/947 897/1074/897 898/1027/898
f 899/1026/899 949/1128/949 948/1137/948 898/1027/898
f 958/1093/958 957/1144/957 907/1041/907 908/1094/908
f 1103/1145/1103 1102/1146/1102 1052/1147/1052 1053/1148/1053
f 951/1143/951 1000/1149/1000 950/1078/950 901/1033/901
f 952/1038/952 951/1143/951 901/1033/901 902/922/902
f 903/921/903 953/1039/953 952/1038/952 902/922/902
f 1007/1150/1007 1006/1084/1006 956/1087/956 957/1144/957
f 966/1100/966 965/1151/965 915/1044/915 916/1101/916
f 956/1087/956 955/1086/955 905/974/905 906/973/906
f 907/1041/907 957/1144/957 956/1087/956 906/973/906
f 1011/1140/1011 1010/1132/1010 960/1134/960 961/1030/961
f 970/1105/970 969/1152/969 919/1048/919 920/1106/920
f 960/1134/960 959/1092/959 909/1024/909 910/1023/910
f 911/1031/911 961/1030/961 960/1134/960 910/1023/910
f 1015/1153/1015 1014/1154/1014 964/1155/964 965/1151/965
f 974/1109/974 973/1156/973 923/1053/923 924/1110/924
f 964/1155/964 963/1096/963 913/1097/913 914/1045/914
f 915/1044/915 965/1151/965 964/1155/964 914/1045/914
f 1019/1157/1019 1018/1158/1018 968/1159/968 969/1152/969
f 978/1113/978 977/1160/977 927/1057/927 928/1114/928
f 968/1159/968 967/1099/967 917/1095/917 918/1049/918
f 919/1048/919 969/1152/969 968/1159/968 918/1049/918
f 1023/1161/1023 1022/1162/1022 972/1163/972 973/1156/973
f 982/1118/982 981/1164/981 931/1062/931 932/1119/932
f 972/1163/972 971/1104/971 921/1098/921 922/1054/922
f 923/1053/923 973/1156/973 972/1163/972 922/1054/922
f 1027/1165/1027 1026/1166/1026 976/1167/976 977/1160/977
f 986/1122/986 985/1168/985 935/1066/935 936/1123/936
f 976/1167/976 975/1108/975 925/1102/925 926/1058/926
f 927/1057/927 977/1160/977 976/1167/976 926/1058/926
f 1031/1169/1031 1030/1170/1030 980/1171/980 981/1164/981
f 990/1126/990 989/1172/989 939/1173/939 940/1127/940
f 980/1171/980 979/1112/979 929/1107/929 930/1063/930
f 931/1062/931 981/1164/981 980/1171/980 930/1063/930
f 1035/1174/1035 1034/1175/1034 984/1176/984 985/1168/985
f 994/1130/994 993/1177/993 943/1075/943 944/1131/944
f 984/1176/984 983/1117/983 933/1111/933 934/1067/934
f 935/1066/935 985/1168/985 984/1176/984 934/1067/934
f 1039/1178/1039 1038/1179/1038 988/1180/988 989/1172/989
f 998/1136/998 997/1181/997 947/1079/947 948/1137/948
f 988/1180/988 987/1121/987 937/1115/937 938/1071/938
f 939/1173/939 989/1172/989 988/1180/988 938/1071/938
f 1043/1182/1043 1042/1183/1042 992/1184/992 993/1177/993
f 1000/1149/1000 951/1143/951 1001/1142/1001 1050/1185/1050
f 992/1184/992 991/1125/991 941/1120/941 942/1076/942
f 943/1075/943 993/1177/993 992/1184/992 942/1076/942
f 1047/1186/1047 1046/1187/1046 996/1188/996 997/1181/997
f 1054/1189/1054 1053/1148/1053 1003/1036/1003 1004/1190/1004
f 996/1188/996 995/1129/995 945/1124/945 946/1080/946
f 947/1079/947 997/1181/997 996/1188/996 946/1080/946
f 1106/1191/1106 1105/1192/1105 1055/1193/1055 1056/1194/1056
f 1000/1149/1000 999/1135/999 949/1128/949 950/1078/950
f 1055/1193/1055 1054/1189/1054 1004/1190/1004 1005/1085/1005
f 1014/1154/1014 1013/1195/1013 963/1196/963 964/1155/964
f 1004/1197/1004 1003/1036/1003 953/1039/953 954/1198/954
f 955/1086/955 1005/1085/1005 1004/1197/1004 954/1198/954
f 1059/1199/1059 1058/1200/1058 1008/1201/1008 1009/1133/1009
f 1018/1158/1018 1017/1202/1017 967/1099/967 968/1159/968
f 1008/1201/1008 1007/1150/1007 957/1144/957 958/1093/958
f 959/1092/959 1009/1133/1009 1008/1201/1008 958/1093/958
f 1063/1203/1063 1062/1138/1062 1012/1141/1012 1013/1204/1013
f 1022/1162/1022 1021/1205/1021 971/1104/971 972/1163/972
f 1012/1141/1012 1011/1140/1011 961/1030/961 962/1029/962
f 963/1196/963 1013/1195/1013 1012/1141/1012 962/1029/962
f 1067/1206/1067 1066/1207/1066 1016/1208/1016 1017/1202/1017
f 1026/1166/1026 1025/1209/1025 975/1108/975 976/1167/976
f 1016/1208/1016 1015/1153/1015 965/1151/965 966/1100/966
f 967/1099/967 1017/1202/1017 1016/1208/1016 966/1100/966
f 1071/1210/1071 1070/1211/1070 1020/1212/1020 1021/1205/1021
f 1030/1170/1030 1029/1213/1029 979/1112/979 980/1171/980
f 1020/1212/1020 1019/1157/1019 969/1152/969 970/1105/970
f 971/1104/971 1021/1205/1021 1020/1212/1020 970/1105/970
f 1075/1214/1075 1074/1215/1074 1024/1216/1024 1025/1209/1025
f 1034/1175/1034 1033/1217/1033 983/1117/983 984/1176/984
f 1024/1216/1024 1023/1161/1023 973/1156/973 974/1109/974
f 975/1108/975 1025/1209/1025 1024/1216/1024 974/1109/974
f 1079/1218/1079 1078/1219/1078 1028/1220/1028 1029/1213/1029
f 1038/1179/1038 1037/1221/1037 987/1121/987 988/1180/988
f 1028/1220/1028 1027/1165/1027 977/1160/977 978/1113/978
f 979/1112/979 1029/1213/1029 1028/1220/1028 978/1113/978
f 1083/1222/1083 1082/1223/1082 1032/1224/1032 1033/1217/1033
f 1042/1183/1042 1041/1225/1041 991/1125/991 992/1184/992
f 1032/1224/1032 1031/1169/1031 981/1164/981 982/1118/982
f 983/1117/983 1033/1217/1033 1032/1224/1032 982/1118/982
f 1087/1226/1087 1086/1227/1086 1036/1228/1036 1037/1221/1037
f 1046/1187/1046 1045/1229/1045 995/1129/995 996/1188/996
f 1036/1228/1036 1035/1174/1035 985/1168/985 986/1122/986
f 987/1121/987 1037/1221/1037 1036/1228/1036 986/1122/986
f 1091/1230/1091 1090/1231/1090 1040/1232/1040 1041/1225/1041
f 1050/1185/1050 1049/1233/1049 999/1135/999 1000/1149/1000
f 1040/1232/1040 1039/1178/1039 989/1234/989 990/1126/990
f 991/1125/991 1041/1225/1041 1040/1232/1040 990/1126/990
f 1095/1235/1095 1094/1236/1094 1044/1237/1044 1045/1229/1045
f 1110/1238/1110 1109/1239/1109 1059/1199/1059 1060/1240/1060
f 1044/1237/1044 1043/1182/1043 993/1177/993 994/1130/994
f 995/1129/995 1045/1229/1045 1044/1237/1044 994/1130/994
f 1099/1241/1099 1098/1242/1098 1048/1243/1048 1049/1233/1049
f 1185/1244/1185 1182/1245/1182 1111/1246/1111 1112/1247/1112
f 1102/1146/1102 1101/1248/1101 1051/1249/1051 1052/1147/1052
f 1048/1243/1048 1047/1186/1047 997/1181/997 998/1136/998
f 999/1135/999 1049/1233/1049 1048/1243/1048 998/1136/998
f 1058/1200/1058 1057/1250/1057 1007/1150/1007 1008/1201/1008
f 1154/1251/1154 1151/1252/1151 1101/1248/1101 1102/1146/1102
f 1051/1249/1051 1100/1253/1100 1050/1185/1050 1001/1142/1001
f 1052/1147/1052 1051/1249/1051 1001/1142/1001 1002/1037/1002
f 1003/1036/1003 1053/1148/1053 1052/1147/1052 1002/1037/1002
f 1107/1254/1107 1106/1255/1106 1056/1194/1056 1057/1250/1057
f 1066/1207/1066 1065/1256/1065 1015/1153/1015 1016/1257/1016
f 1056/1194/1056 1055/1193/1055 1005/1085/1005 1006/1084/1006
f 1007/1150/1007 1057/1250/1057 1056/1194/1056 1006/1084/1006
f 1111/1258/1111 1110/1259/1110 1060/1240/1060 1061/1139/1061
f 1070/1211/1070 1069/1260/1069 1019/1157/1019 1020/1212/1020
f 1060/1240/1060 1059/1199/1059 1009/1133/1009 1010/1132/1010
f 1011/1140/1011 1061/1139/1061 1060/1240/1060 1010/1132/1010
f 1115/1261/1115 1114/1262/1114 1064/1263/1064 1065/1256/1065
f 1074/1215/1074 1073/1264/1073 1023/1161/1023 1024/1216/1024
f 1064/1263/1064 1063/1203/1063 1013/1204/1013 1014/1154/1014
f 1015/1153/1015 1065/1256/1065 1064/1263/1064 1014/1154/1014
f 1119/1265/1119 1118/1266/1118 1068/1267/1068 1069/1260/1069
f 1078/1219/1078 1077/1268/1077 1027/1269/1027 1028/1220/1028
f 1068/1267/1068 1067/1206/1067 1017/1202/1017 1018/1158/1018
f 1019/1157/1019 1069/1260/1069 1068/1267/1068 1018/1158/1018
f 1123/1270/1123 1122/1271/1122 1072/1272/1072 1073/1264/1073
f 1082/1223/1082 1081/1273/1081 1031/1169/1031 1032/1224/1032
f 1072/1272/1072 1071/1210/1071 1021/1205/1021 1022/1162/1022
f 1023/1161/1023 1073/1264/1073 1072/1272/1072 1022/1162/1022
f 1127/1274/1127 1126/1275/1126 1076/1276/1076 1077/1268/1077
f 1086/1227/1086 1085/1277/1085 1035/1174/1035 1036/1228/1036
f 1076/1276/1076 1075/1214/1075 1025/1209/1025 1026/1166/1026
f 1027/1269/1027 1077/1268/1077 1076/1276/1076 1026/1166/1026
f 1131/1278/1131 1130/1279/1130 1080/1280/1080 1081/1273/1081
f 1090/1231/1090 1089/1281/1089 1039/1178/1039 1040/1232/1040
f 1080/1280/1080 1079/1218/1079 1029/1213/1029 1030/1170/1030
f 1031/1169/1031 1081/1273/1081 1080/1280/1080 1030/1170/1030
f 1135/1282/1135 1134/1283/1134 1084/1284/1084 1085/1277/1085
f 1094/1236/1094 1093/1285/1093 1043/1182/1043 1044/1237/1044
f 1084/1284/1084 1083/1222/1083 1033/1217/1033 1034/1175/1034
f 1035/1174/1035 1085/1277/1085 1084/1284/1084 1034/1175/1034
f 1139/1286/1139 1138/1287/1138 1088/1288/1088 1089/1289/1089
f 1098/1242/1098 1097/1290/1097 1047/1186/1047 1048/1243/1048
f 1088/1288/1088 1087/1226/1087 1037/1221/1037 1038/1179/1038
f 1039/1291/1039 1089/1281/1089 1088/1288/1088 1038/1179/1038
f 1143/1292/1143 1142/1293/1142 1092/1294/1092 1093/1285/1093
f 1100/1253/1100 1051/1249/1051 1101/1248/1101 1150/1295/1150
f 1092/1294/1092 1091/1230/1091 1041/1225/1041 1042/1183/1042
f 1043/1182/1043 1093/1285/1093 1092/1294/1092 1042/1183/1042
f 1147/1296/1147 1146/1297/1146 1096/1298/1096 1097/1290/1097
f 1161/1299/1161 1158/1300/1158 1103/1145/1103 1104/1301/1104
f 1096/1298/1096 1095/1235/1095 1045/1229/1045 1046/1187/1046
f 1152/1302/1152 1153/1303/1153 1156/1304/1156 1155/1305/1155
f 1047/1186/1047 1097/1290/1097 1096/1298/1096 1046/1187/1046
f 1154/1251/1154 1102/1146/1102 1103/1145/1103 1158/1300/1158
f 1153/1303/1153 1151/1252/1151 1154/1251/1154 1156/1304/1156
f 1100/1253/1100 1099/1241/1099 1049/1233/1049 1050/1185/1050
f 1164/1306/1164 1161/1299/1161 1104/1301/1104 1105/1192/1105
f 1114/1307/1114 1113/1308/1113 1063/1309/1063 1064/1263/1064
f 1104/1301/1104 1103/1145/1103 1053/1148/1053 1054/1189/1054
f 1055/1193/1055 1105/1192/1105 1104/1301/1104 1054/1310/1054
f 1176/1311/1176 1173/1312/1173 1108/1313/1108 1109/1314/1109
f 1118/1266/1118 1117/1315/1117 1067/1206/1067 1068/1267/1068
f 1108/1316/1108 1107/1317/1107 1057/1250/1057 1058/1200/1058
f 1059/1199/1059 1109/1314/1109 1108/1313/1108 1058/1200/1058
f 1188/1318/1188 1185/1244/1185 1112/1319/1112 1113/1320/1113
f 1122/1271/1122 1121/1321/1121 1071/1210/1071 1072/1272/1072
f 1112/1247/1112 1111/1246/1111 1061/1139/1061 1062/1138/1062
f 1063/1309/1063 1113/1322/1113 1112/1319/1112 1062/1138/1062
f 1200/1323/1200 1197/1324/1197 1116/1325/1116 1117/1315/1117
f 1126/1275/1126 1125/1326/1125 1075/1214/1075 1076/1276/1076
f 1116/1325/1116 1115/1327/1115 1065/1256/1065 1066/1328/1066
f 1067/1206/1067 1117/1315/1117 1116/1325/1116 1066/1328/1066
f 1212/1329/1212 1209/1330/1209 1120/1331/1120 1121/1321/1121
f 1130/1279/1130 1129/1332/1129 1079/1218/1079 1080/1280/1080
f 1120/1331/1120 1119/1265/1119 1069/1260/1069 1070/1211/1070
f 1071/1210/1071 1121/1321/1121 1120/1331/1120 1070/1211/1070
f 1224/1333/1224 1221/1334/1221 1124/1335/1124 1125/1326/1125
f 1134/1283/1134 1133/1336/1133 1083/1222/1083 1084/1284/1084
f 1124/1335/1124 1123/1270/1123 1073/1264/1073 1074/1215/1074
f 1075/1214/1075 1125/1326/1125 1124/1335/1124 1074/1215/1074
f 1236/1337/1236 1233/1338/1233 1128/1339/1128 1129/1332/1129
f 1138/1340/1138 1137/1341/1137 1087/1226/1087 1088/1288/1088
f 1128/1342/1128 1127/1274/1127 1077/1343/1077 1078/1219/1078
f 1079/1218/1079 1129/1332/1129 1128/1339/1128 1078/1219/1078
f 1248/1344/1248 1245/1345/1245 1132/1346/1132 1133/1336/1133
f 1142/1293/1142 1141/1347/1141 1091/1230/1091 1092/1294/1092
f 1132/1346/1132 1131/1278/1131 1081/1273/1081 1082/1223/1082
f 1083/1222/1083 1133/1336/1133 1132/1346/1132 1082/1223/1082
f 1260/1348/1260 1257/1349/1257 1136/1350/1136 1137/1351/1137
f 1146/1297/1146 1145/1352/1145 1095/1235/1095 1096/1298/1096
f 1136/1353/1136 1135/1282/1135 1085/1277/1085 1086/1227/1086
f 1087/1226/1087 1137/1351/1137 1136/1350/1136 1086/1227/1086
f 1272/1354/1272 1269/1355/1269 1140/1356/1140 1141/1347/1141
f 1150/1295/1150 1149/1357/1149 1099/1241/1099 1100/1253/1100
f 1164/1358/1164 1165/1359/1165 1162/1360/1162 1161/1299/1161
f 1140/1356/1140 1139/1361/1139 1089/1289/1089 1090/1231/1090
f 1091/1230/1091 1141/1347/1141 1140/1356/1140 1090/1231/1090
f 1284/1362/1284 1281/1363/1281 1144/1364/1144 1145/1352/1145
f 1144/1364/1144 1143/1292/1143 1093/1285/1093 1094/1236/1094
f 1498/1365/1498 1502/1366/1502 1301/1367/1301
f 1095/1235/1095 1145/1352/1145 1144/1364/1144 1094/1236/1094
f 1337/1368/1337 1502/1366/1502 1341/1369/1341
f 1296/1370/1296 1293/1371/1293 1148/1372/1148 1149/1357/1149
f 1150/1295/1150 1101/1248/1101 1151/1252/1151 1299/1373/1299
f 1148/1372/1148 1147/1296/1147 1097/1290/1097 1098/1242/1098
f 1099/1241/1099 1149/1357/1149 1148/1372/1148 1098/1242/1098
f 1173/1312/1173 1170/1374/1170 1107/1317/1107 1108/1316/1108
f 1300/1375/1300 1298/1376/1298 1295/1377/1295 1297/1378/1297
f 1166/1379/1166 1164/1306/1164 1105/1380/1105 1106/1191/1106
f 1197/1381/1197 1194/1382/1194 1115/1327/1115 1116/1325/1116
f 1167/1383/1167 1168/1384/1168 1171/1385/1171 1169/1386/1169
f 1182/1245/1182 1178/1387/1178 1110/1259/1110 1111/1258/1111
f 1169/1388/1169 1171/1385/1171 1174/1389/1174 1172/1390/1172
f 1177/1391/1177 1175/1392/1175 1172/1393/1172 1174/1389/1174
f 1178/1387/1178 1176/1311/1176 1109/1239/1109 1110/1238/1110
f 1209/1330/1209 1206/1394/1206 1119/1265/1119 1120/1331/1120
f 1179/1395/1179 1180/1396/1180 1183/1397/1183 1181/1398/1181
f 1194/1382/1194 1190/1399/1190 1114/1262/1114 1115/1400/1115
f 1181/1401/1181 1183/1397/1183 1186/1402/1186 1184/1403/1184
f 1189/1404/1189 1187/1405/1187 1184/1406/1184 1186/1402/1186
f 1190/1399/1190 1188/1318/1188 1113/1407/1113 1114/1307/1114
f 1221/1334/1221 1218/1408/1218 1123/1270/1123 1124/1335/1124
f 1191/1409/1191 1192/1410/1192 1195/1411/1195 1193/1412/1193
f 1206/1394/1206 1202/1413/1202 1118/1266/1118 1119/1265/1119
f 1193/1414/1193 1195/1411/1195 1198/1415/1198 1196/1416/1196
f 1201/1417/1201 1199/1418/1199 1196/1419/1196 1198/1420/1198
f 1202/1413/1202 1200/1323/1200 1117/1315/1117 1118/1266/1118
f 1233/1421/1233 1230/1422/1230 1127/1274/1127 1128/1342/1128
f 1203/1423/1203 1204/1424/1204 1207/1425/1207 1205/1426/1205
f 1218/1408/1218 1214/1427/1214 1122/1271/1122 1123/1270/1123
f 1205/1428/1205 1207/1429/1207 1210/1430/1210 1208/1431/1208
f 1213/1432/1213 1211/1433/1211 1208/1434/1208 1210/1435/1210
f 1214/1427/1214 1212/1329/1212 1121/1321/1121 1122/1271/1122
f 1245/1345/1245 1242/1436/1242 1131/1278/1131 1132/1346/1132
f 1215/1437/1215 1216/1438/1216 1219/1439/1219 1217/1440/1217
f 1230/1422/1230 1226/1441/1226 1126/1275/1126 1127/1274/1127
f 1217/1442/1217 1219/1439/1219 1222/1443/1222 1220/1444/1220
f 1225/1445/1225 1223/1446/1223 1220/1447/1220 1222/1443/1222
f 1226/1441/1226 1224/1333/1224 1125/1326/1125 1126/1275/1126
f 1257/1448/1257 1254/1449/1254 1135/1282/1135 1136/1353/1136
f 1227/1450/1227 1228/1451/1228 1231/1452/1231 1229/1453/1229
f 1242/1436/1242 1238/1454/1238 1130/1279/1130 1131/1278/1131
f 1229/1455/1229 1231/1452/1231 1234/1456/1234 1232/1457/1232
f 1237/1458/1237 1235/1459/1235 1232/1460/1232 1234/1456/1234
f 1238/1454/1238 1236/1337/1236 1129/1332/1129 1130/1279/1130
f 1269/1461/1269 1266/1462/1266 1139/1463/1139 1140/1356/1140
f 1239/1464/1239 1240/1465/1240 1243/1466/1243 1241/1467/1241
f 1254/1468/1254 1250/1469/1250 1134/1283/1134 1135/1282/1135
f 1241/1470/1241 1243/1466/1243 1246/1471/1246 1244/1472/1244
f 1249/1473/1249 1247/1474/1247 1244/1475/1244 1246/1471/1246
f 1250/1476/1250 1248/1344/1248 1133/1336/1133 1134/1283/1134
f 1281/1363/1281 1278/1477/1278 1143/1292/1143 1144/1364/1144
f 1251/1478/1251 1252/1479/1252 1255/1480/1255 1253/1481/1253
f 1266/1462/1266 1262/1482/1262 1138/1287/1138 1139/1286/1139
f 1253/1483/1253 1255/1480/1255 1258/1484/1258 1256/1485/1256
f 1261/1486/1261 1259/1487/1259 1256/1488/1256 1258/1484/1258
f 1262/1482/1262 1260/1348/1260 1137/1341/1137 1138/1340/1138
f 1293/1371/1293 1290/1489/1290 1147/1296/1147 1148/1372/1148
f 1263/1490/1263 1264/1491/1264 1267/1492/1267 1265/1493/1265
f 1278/1477/1278 1274/1494/1274 1142/1293/1142 1143/1292/1143
f 1265/1495/1265 1267/1492/1267 1270/1496/1270 1268/1497/1268
f 1273/1498/1273 1271/1499/1271 1268/1500/1268 1270/1496/1270
f 1274/1494/1274 1272/1354/1272 1141/1347/1141 1142/1293/1142
f 1157/1501/1157 1159/1502/1159 1162/1503/1162 1160/1504/1160
f 1275/1505/1275 1276/1506/1276 1279/1507/1279 1277/1508/1277
f 1290/1489/1290 1286/1509/1286 1146/1297/1146 1147/1296/1147
f 1277/1510/1277 1279/1511/1279 1282/1512/1282 1280/1513/1280
f 1285/1514/1285 1283/1515/1283 1280/1516/1280 1282/1517/1282
f 1304/1518/1304 1303/1519/1303 1307/1520/1307 1308/1521/1308
f 1286/1509/1286 1284/1362/1284 1145/1352/1145 1146/1297/1146
f 1287/1522/1287 1288/1523/1288 1291/1524/1291 1289/1525/1289
f 1153/1526/1153 1300/1527/1300 1299/1373/1299 1151/1252/1151
f 1289/1528/1289 1291/1524/1291 1294/1529/1294 1292/1530/1292
f 1299/1373/1299 1300/1527/1300 1297/1378/1297 1296/1370/1296
f 1302/3/1302 1304/1518/1304 1308/1521/1308 1306/4/1306
f 1299/1373/1299 1296/1370/1296 1149/1357/1149 1150/1295/1150
f 1500/1531/1500 1499/1532/1499 1496/1533/1496 1495/1534/1495
f 1155/1535/1155 1156/1536/1156 1159/1537/1159 1157/1538/1157
f 1307/1520/1307 1305/1539/1305 1309/1540/1309 1311/1541/1311
f 1170/1374/1170 1166/1379/1166 1106/1255/1106 1107/1254/1107
f 1152/1542/1152 1501/1543/1501 1298/1544/1298
f 1165/1359/1165 1163/1545/1163 1160/1546/1160 1162/1503/1162
f 1300/1527/1300 1153/1526/1153 1152/1542/1152 1298/1544/1298
f 1171/1385/1171 1170/1374/1170 1173/1312/1173 1174/1389/1174
f 1195/1411/1195 1194/1382/1194 1197/1324/1197 1198/1420/1198
f 1155/1305/1155 1501/1543/1501 1152/1302/1152
f 1165/1359/1165 1164/1358/1164 1166/1379/1166 1168/1384/1168
f 1207/1429/1207 1206/1394/1206 1209/1330/1209 1210/1430/1210
f 1180/1396/1180 1178/1387/1178 1182/1245/1182 1183/1397/1183
f 1179/1547/1179 1501/1543/1501 1175/1548/1175
f 1177/1391/1177 1176/1311/1176 1178/1387/1178 1180/1396/1180
f 1219/1439/1219 1218/1408/1218 1221/1334/1221 1222/1443/1222
f 1192/1410/1192 1190/1399/1190 1194/1382/1194 1195/1411/1195
f 1191/1549/1191 1501/1543/1501 1187/1550/1187
f 1189/1551/1189 1188/1552/1188 1190/1399/1190 1192/1410/1192
f 1231/1452/1231 1230/1422/1230 1233/1421/1233 1234/1456/1234
f 1204/1424/1204 1202/1413/1202 1206/1394/1206 1207/1425/1207
f 1203/1553/1203 1501/1543/1501 1199/1554/1199
f 1201/1555/1201 1200/1323/1200 1202/1413/1202 1204/1556/1204
f 1243/1466/1243 1242/1436/1242 1245/1345/1245 1246/1471/1246
f 1216/1438/1216 1214/1427/1214 1218/1408/1218 1219/1439/1219
f 1215/1557/1215 1501/1543/1501 1211/1558/1211
f 1213/1559/1213 1212/1329/1212 1214/1427/1214 1216/1560/1216
f 1255/1480/1255 1254/1449/1254 1257/1448/1257 1258/1484/1258
f 1228/1451/1228 1226/1441/1226 1230/1422/1230 1231/1452/1231
f 1227/1561/1227 1501/1543/1501 1223/1562/1223
f 1225/1445/1225 1224/1333/1224 1226/1441/1226 1228/1451/1228
f 1267/1492/1267 1266/1462/1266 1269/1461/1269 1270/1496/1270
f 1240/1465/1240 1238/1454/1238 1242/1436/1242 1243/1466/1243
f 1239/1563/1239 1501/1543/1501 1235/1564/1235
f 1237/1458/1237 1236/1337/1236 1238/1454/1238 1240/1465/1240
f 1279/1511/1279 1278/1477/1278 1281/1363/1281 1282/1512/1282
f 1252/1479/1252 1250/1469/1250 1254/1468/1254 1255/1480/1255
f 1251/1565/1251 1501/1543/1501 1247/1566/1247
f 1249/1473/1249 1248/1344/1248 1250/1476/1250 1252/1479/1252
f 1291/1524/1291 1290/1489/1290 1293/1371/1293 1294/1529/1294
f 1264/1491/1264 1262/1482/1262 1266/1462/1266 1267/1492/1267
f 1263/1567/1263 1501/1543/1501 1259/1568/1259
f 1261/1486/1261 1260/1348/1260 1262/1482/1262 1264/1491/1264
f 1163/1545/1163 1501/1543/1501 1160/1546/1160
f 1276/1506/1276 1274/1494/1274 1278/1477/1278 1279/1507/1279
f 1275/1569/1275 1501/1543/1501 1271/1570/1271
f 1273/1571/1273 1272/1354/1272 1274/1494/1274 1276/1572/1276
f 1175/1392/1175 1501/1543/1501 1172/1393/1172
f 1288/1523/1288 1286/1509/1286 1290/1489/1290 1291/1524/1291
f 1287/1573/1287 1501/1543/1501 1283/1574/1283
f 1285/1575/1285 1284/1362/1284 1286/1509/1286 1288/1576/1288
f 1187/1405/1187 1501/1543/1501 1184/1406/1184
f 1296/1370/1296 1297/1378/1297 1294/1529/1294 1293/1371/1293
f 1298/1376/1298 1501/1543/1501 1295/1377/1295
f 1168/1384/1168 1166/1379/1166 1170/1374/1170 1171/1385/1171
f 1303/1519/1303 1304/1577/1304 1499/1532/1499 1500/1531/1500
f 1156/1536/1156 1154/1251/1154 1158/1300/1158 1159/1537/1159
f 1163/1578/1163 1165/1359/1165 1168/1384/1168 1167/1579/1167
f 1199/1418/1199 1501/1543/1501 1196/1419/1196
f 1167/1579/1167 1501/1543/1501 1163/1578/1163
f 1176/1311/1176 1177/1391/1177 1174/1389/1174 1173/1312/1173
f 1211/1433/1211 1501/1543/1501 1208/1434/1208
f 1188/1552/1188 1189/1551/1189 1186/1402/1186 1185/1244/1185
f 1223/1446/1223 1501/1543/1501 1220/1447/1220
f 1200/1323/1200 1201/1555/1201 1198/1420/1198 1197/1324/1197
f 1235/1459/1235 1501/1543/1501 1232/1460/1232
f 1212/1329/1212 1213/1432/1213 1210/1435/1210 1209/1330/1209
f 1247/1474/1247 1501/1543/1501 1244/1475/1244
f 1224/1333/1224 1225/1445/1225 1222/1443/1222 1221/1334/1221
f 1259/1487/1259 1501/1543/1501 1256/1488/1256
f 1236/1337/1236 1237/1458/1237 1234/1456/1234 1233/1338/1233
f 1271/1499/1271 1501/1543/1501 1268/1500/1268
f 1248/1344/1248 1249/1473/1249 1246/1471/1246 1245/1345/1245
f 1283/1515/1283 1501/1543/1501 1280/1516/1280
f 1260/1348/1260 1261/1486/1261 1258/1484/1258 1257/1349/1257
f 1295/1580/1295 1501/1543/1501 1292/1581/1292
f 1272/1354/1272 1273/1498/1273 1270/1496/1270 1269/1461/1269
f 1284/1362/1284 1285/1514/1285 1282/1517/1282 1281/1363/1281
f 1499/1532/1499 1497/179/1497 1494/173/1494 1496/1533/1496
f 1159/1502/1159 1158/1300/1158 1161/1299/1161 1162/1503/1162
f 1169/1386/1169 1501/1543/1501 1167/1383/1167
f 1181/1398/1181 1501/1543/1501 1179/1395/1179
f 1193/1412/1193 1501/1543/1501 1191/1409/1191
f 1205/1426/1205 1501/1543/1501 1203/1423/1203
f 1217/1440/1217 1501/1543/1501 1215/1437/1215
f 1229/1453/1229 1501/1543/1501 1227/1450/1227
f 1241/1467/1241 1501/1543/1501 1239/1464/1239
f 1253/1481/1253 1501/1543/1501 1251/1478/1251
f 1265/1493/1265 1501/1543/1501 1263/1490/1263
f 1277/1508/1277 1501/1543/1501 1275/1505/1275
f 1289/1525/1289 1501/1543/1501 1287/1522/1287
f 1301/1367/1301 1303/1519/1303 1500/1531/1500 1498/1365/1498
f 1160/1504/1160 1501/1543/1501 1157/1501/1157
f 1172/1390/1172 1501/1543/1501 1169/1388/1169
f 1184/1403/1184 1501/1543/1501 1181/1401/1181
f 1196/1416/1196 1501/1543/1501 1193/1414/1193
f 1208/1431/1208 1501/1543/1501 1205/1428/1205
f 1220/1444/1220 1501/1543/1501 1217/1442/1217
f 1232/1457/1232 1501/1543/1501 1229/1455/1229
f 1244/1472/1244 1501/1543/1501 1241/1470/1241
f 1256/1485/1256 1501/1543/1501 1253/1483/1253
f 1268/1497/1268 1501/1543/1501 1265/1495/1265
f 1280/1513/1280 1501/1543/1501 1277/1510/1277
f 1333/1582/1333 1335/1583/1335 1331/1584/1331 1329/1585/1329
f 1292/1530/1292 1501/1543/1501 1289/1528/1289
f 1327/1586/1327 1325/1587/1325 1329/1588/1329 1331/1584/1331
f 1157/1538/1157 1501/1543/1501 1155/1535/1155
f 1175/1548/1175 1177/1391/1177 1180/1396/1180 1179/1547/1179
f 1187/1550/1187 1189/1404/1189 1192/1410/1192 1191/1549/1191
f 1199/1554/1199 1201/1555/1201 1204/1556/1204 1203/1553/1203
f 1211/1558/1211 1213/1559/1213 1216/1560/1216 1215/1557/1215
f 1223/1562/1223 1225/1445/1225 1228/1451/1228 1227/1561/1227
f 1235/1564/1235 1237/1458/1237 1240/1465/1240 1239/1563/1239
f 1247/1566/1247 1249/1473/1249 1252/1479/1252 1251/1565/1251
f 1259/1568/1259 1261/1486/1261 1264/1491/1264 1263/1567/1263
f 1271/1570/1271 1273/1571/1273 1276/1572/1276 1275/1569/1275
f 1283/1574/1283 1285/1575/1285 1288/1523/1288 1287/1573/1287
f 1297/1378/1297 1295/1580/1295 1292/1581/1292 1294/1529/1294
f 1183/1397/1183 1182/1245/1182 1185/1244/1185 1186/1402/1186
f 1499/1532/1499 1304/1577/1304 1302/3/1302 1497/179/1497
f 1303/1519/1303 1301/1589/1301 1305/1590/1305 1307/1520/1307
f 1317/1591/1317 1502/1366/1502 1321/1592/1321
f 1308/1593/1308 1307/1520/1307 1311/1541/1311 1312/1594/1312
f 1343/1595/1343 1341/1596/1341 1345/1597/1345 1347/1598/1347
f 1311/1541/1311 1309/1599/1309 1313/1600/1313 1315/1601/1315
f 1320/160/1320 1324/163/1324 1322/20/1322 1318/18/1318
f 1319/161/1319 1317/1591/1317 1321/1592/1321 1323/162/1323
f 1335/1583/1335 1336/1602/1336 1332/1603/1332 1331/1584/1331
f 1320/1604/1320 1318/18/1318 1314/13/1314 1316/1605/1316
f 1336/1602/1336 1335/1583/1335 1339/1606/1339 1340/1607/1340
f 1336/1602/1336 1340/1607/1340 1338/34/1338 1334/32/1334
f 1335/1583/1335 1333/1608/1333 1337/1609/1337 1339/1606/1339
f 1351/1610/1351 1352/1611/1352 1348/1612/1348 1347/1598/1347
f 1336/1602/1336 1334/32/1334 1330/27/1330 1332/1603/1332
f 1352/1611/1352 1351/1610/1351 1355/1613/1355 1356/1614/1356
f 1352/1615/1352 1356/1614/1356 1354/49/1354 1350/1616/1350
f 1351/1610/1351 1349/1617/1349 1353/1618/1353 1355/1613/1355
f 1367/1619/1367 1368/1620/1368 1364/1621/1364 1363/1622/1363
f 1352/1615/1352 1350/1616/1350 1346/41/1346 1348/1612/1348
f 1368/1623/1368 1367/1619/1367 1371/1624/1371 1372/1625/1372
f 1368/1620/1368 1372/1625/1372 1370/63/1370 1366/61/1366
f 1367/1619/1367 1365/1626/1365 1369/1627/1369 1371/1624/1371
f 1383/1628/1383 1384/1629/1384 1380/1630/1380 1379/1631/1379
f 1368/1620/1368 1366/61/1366 1362/56/1362 1364/1621/1364
f 1384/1629/1384 1383/1628/1383 1387/1632/1387 1388/1633/1388
f 1384/1629/1384 1388/1633/1388 1386/77/1386 1382/75/1382
f 1383/1628/1383 1381/1634/1381 1385/1635/1385 1387/1632/1387
f 1399/1636/1399 1400/1637/1400 1396/1638/1396 1395/1639/1395
f 1384/1629/1384 1382/75/1382 1378/70/1378 1380/1630/1380
f 1400/1637/1400 1399/1636/1399 1403/1640/1403 1404/1641/1404
f 1400/1637/1400 1404/1641/1404 1402/1642/1402 1398/89/1398
f 1399/1636/1399 1397/1643/1397 1401/1644/1401 1403/1640/1403
f 1415/1645/1415 1416/1646/1416 1412/1647/1412 1411/1648/1411
f 1400/1637/1400 1398/89/1398 1394/84/1394 1396/1638/1396
f 1416/1646/1416 1415/1645/1415 1419/1649/1419 1420/1650/1420
f 1416/1646/1416 1420/1650/1420 1418/105/1418 1414/103/1414
f 1415/1645/1415 1413/1651/1413 1417/1652/1417 1419/1649/1419
f 1431/1653/1431 1432/1654/1432 1428/1655/1428 1427/1656/1427
f 1416/1646/1416 1414/103/1414 1410/98/1410 1412/1647/1412
f 1432/1654/1432 1431/1653/1431 1435/1657/1435 1436/1658/1436
f 1432/1654/1432 1436/1658/1436 1434/119/1434 1430/117/1430
f 1431/1653/1431 1429/1659/1429 1433/1660/1433 1435/1657/1435
f 1447/1661/1447 1448/1662/1448 1444/1663/1444 1443/1664/1443
f 1432/1654/1432 1430/117/1430 1426/112/1426 1428/1655/1428
f 1448/1662/1448 1447/1661/1447 1451/1665/1451 1452/1666/1452
f 1448/1662/1448 1452/1666/1452 1450/133/1450 1446/131/1446
f 1447/1661/1447 1445/1667/1445 1449/1668/1449 1451/1665/1451
f 1463/1669/1463 1464/1670/1464 1460/1671/1460 1459/1672/1459
f 1448/1662/1448 1446/131/1446 1442/126/1442 1444/1663/1444
f 1464/1670/1464 1463/1669/1463 1467/1673/1467 1468/1674/1468
f 1464/1670/1464 1468/1674/1468 1466/147/1466 1462/145/1462
f 1463/1669/1463 1461/1675/1461 1465/1676/1465 1467/1673/1467
f 1479/1677/1479 1480/1678/1480 1476/1679/1476 1475/1680/1475
f 1464/1670/1464 1462/145/1462 1458/140/1458 1460/1671/1460
f 1480/1678/1480 1479/1677/1479 1483/1681/1483 1484/1682/1484
f 1480/1678/1480 1484/1682/1484 1482/165/1482 1478/159/1478
f 1479/1677/1479 1477/1683/1477 1481/1684/1481 1483/1681/1483
f 1480/1678/1480 1478/159/1478 1474/154/1474 1476/1679/1476
f 1495/1534/1495 1496/1533/1496 1492/1685/1492 1491/1686/1491
f 1341/1596/1341 1502/1366/1502 1345/1597/1345
f 1321/1687/1321 1502/1366/1502 1325/1688/1325
f 1496/1533/1496 1494/173/1494 1490/172/1490 1492/1685/1492
f 1301/1589/1301 1502/1366/1502 1305/1590/1305
f 1498/1689/1498 1500/1531/1500 1495/1534/1495 1493/1690/1493
f 1306/4/1306 1308/1593/1308 1312/1691/1312 1310/1692/1310
f 1319/161/1319 1320/1604/1320 1316/1605/1316 1315/1601/1315
f 1323/162/1323 1321/1687/1321 1325/1688/1325 1327/1586/1327
f 1339/1606/1339 1337/1368/1337 1341/1369/1341 1343/1595/1343
f 1324/163/1324 1323/162/1323 1327/1586/1327 1328/1693/1328
f 1322/20/1322 1324/163/1324 1328/1693/1328 1326/24/1326
f 1333/1608/1333 1502/1366/1502 1337/1609/1337
f 1349/1694/1349 1351/1610/1351 1347/1598/1347 1345/1695/1345
f 1355/1613/1355 1353/1696/1353 1357/1697/1357 1359/1698/1359
f 1340/1607/1340 1339/1606/1339 1343/1595/1343 1344/1699/1344
f 1338/34/1338 1340/1607/1340 1344/1699/1344 1342/38/1342
f 1349/1617/1349 1502/1366/1502 1353/1618/1353
f 1365/1700/1365 1367/1619/1367 1363/1622/1363 1361/1701/1361
f 1371/1624/1371 1369/1702/1369 1373/1703/1373 1375/1704/1375
f 1356/1614/1356 1355/1613/1355 1359/1698/1359 1360/1705/1360
f 1354/49/1354 1356/1706/1356 1360/1705/1360 1358/53/1358
f 1365/1626/1365 1502/1366/1502 1369/1627/1369
f 1381/1707/1381 1383/1628/1383 1379/1631/1379 1377/1708/1377
f 1387/1632/1387 1385/1709/1385 1389/1710/1389 1391/1711/1391
f 1372/1625/1372 1371/1624/1371 1375/1704/1375 1376/1712/1376
f 1370/63/1370 1372/1625/1372 1376/1712/1376 1374/67/1374
f 1381/1634/1381 1502/1366/1502 1385/1635/1385
f 1397/1713/1397 1399/1636/1399 1395/1639/1395 1393/1714/1393
f 1403/1640/1403 1401/1715/1401 1405/1716/1405 1407/1717/1407
f 1388/1633/1388 1387/1632/1387 1391/1711/1391 1392/1718/1392
f 1386/77/1386 1388/1633/1388 1392/1718/1392 1390/81/1390
f 1397/1643/1397 1502/1366/1502 1401/1644/1401
f 1413/1719/1413 1415/1645/1415 1411/1648/1411 1409/1720/1409
f 1419/1649/1419 1417/1721/1417 1421/1722/1421 1423/1723/1423
f 1404/1641/1404 1403/1640/1403 1407/1717/1407 1408/1724/1408
f 1402/1642/1402 1404/1641/1404 1408/1724/1408 1406/95/1406
f 1413/1651/1413 1502/1366/1502 1417/1652/1417
f 1429/1725/1429 1431/1653/1431 1427/1656/1427 1425/1726/1425
f 1435/1657/1435 1433/1727/1433 1437/1728/1437 1439/1729/1439
f 1420/1650/1420 1419/1649/1419 1423/1723/1423 1424/1730/1424
f 1418/105/1418 1420/1650/1420 1424/1730/1424 1422/109/1422
f 1429/1659/1429 1502/1366/1502 1433/1660/1433
f 1445/1731/1445 1447/1661/1447 1443/1664/1443 1441/1732/1441
f 1451/1665/1451 1449/1733/1449 1453/1734/1453 1455/1735/1455
f 1436/1658/1436 1435/1657/1435 1439/1729/1439 1440/1736/1440
f 1434/119/1434 1436/1658/1436 1440/1736/1440 1438/123/1438
f 1445/1667/1445 1502/1366/1502 1449/1668/1449
f 1461/1737/1461 1463/1669/1463 1459/1672/1459 1457/1738/1457
f 1467/1673/1467 1465/1739/1465 1469/1740/1469 1471/1741/1471
f 1452/1666/1452 1451/1665/1451 1455/1735/1455 1456/1742/1456
f 1450/133/1450 1452/1743/1452 1456/1742/1456 1454/137/1454
f 1461/1675/1461 1502/1366/1502 1465/1676/1465
f 1477/1744/1477 1479/1677/1479 1475/1680/1475 1473/1745/1473
f 1483/1681/1483 1481/1746/1481 1485/1747/1485 1487/1748/1487
f 1468/1674/1468 1467/1673/1467 1471/1741/1471 1472/1749/1472
f 1466/147/1466 1468/1674/1468 1472/1749/1472 1470/151/1470
f 1477/1683/1477 1502/1366/1502 1481/1684/1481
f 1493/1690/1493 1502/1366/1502 1498/1689/1498
f 1493/1750/1493 1495/1534/1495 1491/1686/1491 1489/1751/1489
f 1484/1682/1484 1483/1681/1483 1487/1748/1487 1488/1752/1488
f 1482/165/1482 1484/1682/1484 1488/1752/1488 1486/169/1486
f 1310/1692/1310 1312/1753/1312 1316/1754/1316 1314/13/1314
f 1326/24/1326 1328/1693/1328 1332/1603/1332 1330/27/1330
f 1353/1696/1353 1502/1366/1502 1357/1697/1357
f 1342/38/1342 1344/1699/1344 1348/1612/1348 1346/41/1346
f 1369/1702/1369 1502/1366/1502 1373/1703/1373
f 1358/53/1358 1360/1755/1360 1364/1756/1364 1362/56/1362
f 1385/1709/1385 1502/1366/1502 1389/1710/1389
f 1374/67/1374 1376/1712/1376 1380/1630/1380 1378/70/1378
f 1401/1715/1401 1502/1366/1502 1405/1716/1405
f 1390/81/1390 1392/1718/1392 1396/1638/1396 1394/84/1394
f 1417/1721/1417 1502/1366/1502 1421/1722/1421
f 1406/95/1406 1408/1724/1408 1412/1647/1412 1410/98/1410
f 1433/1727/1433 1502/1366/1502 1437/1728/1437
f 1422/109/1422 1424/1730/1424 1428/1655/1428 1426/112/1426
f 1449/1733/1449 1502/1366/1502 1453/1734/1453
f 1438/123/1438 1440/1736/1440 1444/1663/1444 1442/126/1442
f 1465/1739/1465 1502/1366/1502 1469/1740/1469
f 1454/137/1454 1456/1757/1456 1460/1671/1460 1458/140/1458
f 1481/1746/1481 1502/1366/1502 1485/1747/1485
f 1470/151/1470 1472/1749/1472 1476/1679/1476 1474/154/1474
f 1309/1599/1309 1502/1366/1502 1313/1600/1313
f 1486/169/1486 1488/1752/1488 1492/1685/1492 1490/172/1490
f 1325/1587/1325 1502/1366/1502 1329/1588/1329
f 106/15/106 105/198/105 55/11/55 56/16/56
f 1357/1758/1357 1502/1366/1502 1361/1759/1361
f 1373/1760/1373 1502/1366/1502 1377/1761/1377
f 1389/1762/1389 1502/1366/1502 1393/1763/1393
f 1405/1764/1405 1502/1366/1502 1409/1765/1409
f 1421/1766/1421 1502/1366/1502 1425/1767/1425
f 1437/1768/1437 1502/1366/1502 1441/1769/1441
f 1453/1770/1453 1502/1366/1502 1457/1771/1457
f 1469/1772/1469 1502/1366/1502 1473/1773/1473
f 1485/1774/1485 1502/1366/1502 1489/1775/1489
f 1313/1776/1313 1502/1366/1502 1317/1777/1317
f 110/29/110 109/206/109 59/25/59 60/30/60
f 100/184/100 51/182/51 101/181/101 150/238/150
f 1305/1539/1305 1502/1366/1502 1309/1540/1309
f 1497/179/1497 1302/3/1302 1/2/1 50/178/50
f 1317/1777/1317 1319/161/1319 1315/1601/1315 1313/1776/1313
f 1488/1752/1488 1487/1748/1487 1491/1686/1491 1492/1685/1492
f 1489/1751/1489 1502/1366/1502 1493/1750/1493
f 1472/1749/1472 1471/1741/1471 1475/1680/1475 1476/1679/1476
f 1473/1745/1473 1502/1366/1502 1477/1744/1477
f 1456/1757/1456 1455/1735/1455 1459/1672/1459 1460/1671/1460
f 1487/1748/1487 1485/1774/1485 1489/1775/1489 1491/1686/1491
f 1457/1738/1457 1502/1366/1502 1461/1737/1461
f 1440/1736/1440 1439/1729/1439 1443/1664/1443 1444/1663/1444
f 1471/1741/1471 1469/1772/1469 1473/1773/1473 1475/1680/1475
f 1441/1732/1441 1502/1366/1502 1445/1731/1445
f 1424/1730/1424 1423/1723/1423 1427/1656/1427 1428/1655/1428
f 1455/1735/1455 1453/1770/1453 1457/1771/1457 1459/1672/1459
f 1425/1726/1425 1502/1366/1502 1429/1725/1429
f 1408/1778/1408 1407/1717/1407 1411/1648/1411 1412/1647/1412
f 1439/1729/1439 1437/1768/1437 1441/1769/1441 1443/1664/1443
f 1409/1720/1409 1502/1366/1502 1413/1719/1413
f 1392/1718/1392 1391/1711/1391 1395/1639/1395 1396/1638/1396
f 1423/1723/1423 1421/1766/1421 1425/1767/1425 1427/1656/1427
f 1393/1714/1393 1502/1366/1502 1397/1713/1397
f 1376/1712/1376 1375/1704/1375 1379/1631/1379 1380/1630/1380
f 1407/1717/1407 1405/1764/1405 1409/1765/1409 1411/1648/1411
f 1377/1708/1377 1502/1366/1502 1381/1707/1381
f 1360/1755/1360 1359/1698/1359 1363/1622/1363 1364/1756/1364
f 1391/1711/1391 1389/1762/1389 1393/1763/1393 1395/1639/1395
f 1361/1701/1361 1502/1366/1502 1365/1700/1365
f 1344/1699/1344 1343/1595/1343 1347/1598/1347 1348/1612/1348
f 1375/1704/1375 1373/1760/1373 1377/1761/1377 1379/1631/1379
f 1345/1695/1345 1502/1366/1502 1349/1694/1349
f 1328/1693/1328 1327/1586/1327 1331/1584/1331 1332/1603/1332
f 1359/1698/1359 1357/1758/1357 1361/1759/1361 1363/1622/1363
f 1329/1585/1329 1502/1366/1502 1333/1582/1333
f 1312/1753/1312 1311/1541/1311 1315/1601/1315 1316/1754/1316
f 103/201/103 102/180/102 52/183/52 53/202/53
f 1504/1/1504 2808/4/2808 2804/3/2804 1503/2/1503
f 1556/5/1556 1506/8/1506 1505/7/1505 1555/6/1555
f 1505/9/1505 2812/10/2812 2808/4/2808 1504/1/1504
f 1557/11/1557 1507/12/1507 1506/8/1506 1556/5/1556
f 1506/8/1506 2816/13/2816 2812/10/2812 1505/9/1505
f 1609/14/1609 1559/17/1559 1558/16/1558 1608/15/1608
f 1507/12/1507 2820/18/2820 2816/13/2816 1506/8/1506
f 1508/19/1508 2824/20/2824 2820/18/2820 1507/12/1507
f 1560/21/1560 1510/23/1510 1509/22/1509 1559/17/1559
f 1509/22/1509 2828/24/2828 2824/20/2824 1508/19/1508
f 1561/25/1561 1511/26/1511 1510/23/1510 1560/21/1560
f 1510/23/1510 2832/27/2832 2828/24/2828 1509/22/1509
f 1613/28/1613 1563/31/1563 1562/30/1562 1612/29/1612
f 1511/26/1511 2836/32/2836 2832/27/2832 1510/23/1510
f 1512/33/1512 2840/34/2840 2836/32/2836 1511/26/1511
f 1564/35/1564 1514/37/1514 1513/36/1513 1563/31/1563
f 1513/36/1513 2844/38/2844 2840/34/2840 1512/33/1512
f 1565/39/1565 1515/40/1515 1514/37/1514 1564/35/1564
f 1514/37/1514 2848/41/2848 2844/38/2844 1513/36/1513
f 1617/42/1617 1567/45/1567 1566/44/1566 1616/43/1616
f 1515/46/1515 2852/47/2852 2848/41/2848 1514/37/1514
f 1516/48/1516 2856/49/2856 2852/47/2852 1515/46/1515
f 1568/50/1568 1518/52/1518 1517/51/1517 1567/45/1567
f 1517/51/1517 2860/53/2860 2856/49/2856 1516/48/1516
f 1569/54/1569 1519/55/1519 1518/52/1518 1568/50/1568
f 1518/52/1518 2864/56/2864 2860/53/2860 1517/51/1517
f 1621/57/1621 1571/60/1571 1570/59/1570 1620/58/1620
f 1519/55/1519 2868/61/2868 2864/56/2864 1518/52/1518
f 1520/62/1520 2872/63/2872 2868/61/2868 1519/55/1519
f 1572/64/1572 1522/66/1522 1521/65/1521 1571/60/1571
f 1521/65/1521 2876/67/2876 2872/63/2872 1520/62/1520
f 1573/68/1573 1523/69/1523 1522/66/1522 1572/64/1572
f 1522/66/1522 2880/70/2880 2876/67/2876 1521/65/1521
f 1625/71/1625 1575/74/1575 1574/73/1574 1624/72/1624
f 1523/69/1523 2884/75/2884 2880/70/2880 1522/66/1522
f 1524/76/1524 2888/77/2888 2884/75/2884 1523/69/1523
f 1576/78/1576 1526/80/1526 1525/79/1525 1575/74/1575
f 1525/79/1525 2892/81/2892 2888/77/2888 1524/76/1524
f 1577/82/1577 1527/83/1527 1526/80/1526 1576/78/1576
f 1526/80/1526 2896/84/2896 2892/81/2892 1525/79/1525
f 1629/85/1629 1579/88/1579 1578/87/1578 1628/86/1628
f 1527/83/1527 2900/89/2900 2896/84/2896 1526/80/1526
f 1528/90/1528 2904/91/2904 2900/89/2900 1527/83/1527
f 1580/92/1580 1530/94/1530 1529/93/1529 1579/88/1579
f 1529/93/1529 2908/95/2908 2904/91/2904 1528/90/1528
f 1581/96/1581 1531/97/1531 1530/94/1530 1580/92/1580
f 1530/94/1530 2912/98/2912 2908/95/2908 1529/93/1529
f 1633/99/1633 1583/102/1583 1582/101/1582 1632/100/1632
f 1531/97/1531 2916/103/2916 2912/98/2912 1530/94/1530
f 1532/104/1532 2920/105/2920 2916/103/2916 1531/97/1531
f 1584/106/1584 1534/108/1534 1533/107/1533 1583/102/1583
f 1533/107/1533 2924/109/2924 2920/105/2920 1532/104/1532
f 1585/110/1585 1535/111/1535 1534/108/1534 1584/106/1584
f 1534/108/1534 2928/112/2928 2924/109/2924 1533/107/1533
f 1637/113/1637 1587/116/1587 1586/115/1586 1636/114/1636
f 1535/111/1535 2932/117/2932 2928/112/2928 1534/108/1534
f 1536/118/1536 2936/119/2936 2932/117/2932 1535/111/1535
f 1588/120/1588 1538/122/1538 1537/121/1537 1587/116/1587
f 1537/121/1537 2940/123/2940 2936/119/2936 1536/118/1536
f 1589/124/1589 1539/125/1539 1538/122/1538 1588/120/1588
f 1538/122/1538 2944/126/2944 2940/123/2940 1537/121/1537
f 1641/127/1641 1591/130/1591 1590/129/1590 1640/128/1640
f 1539/125/1539 2948/131/2948 2944/126/2944 1538/122/1538
f 1540/132/1540 2952/133/2952 2948/131/2948 1539/125/1539
f 1592/134/1592 1542/136/1542 1541/135/1541 1591/130/1591
f 1541/135/1541 2956/137/2956 2952/133/2952 1540/132/1540
f 1593/138/1593 1543/139/1543 1542/136/1542 1592/134/1592
f 1542/136/1542 2960/140/2960 2956/137/2956 1541/135/1541
f 1645/141/1645 1595/144/1595 1594/143/1594 1644/142/1644
f 1543/139/1543 2964/145/2964 2960/140/2960 1542/136/1542
f 1544/146/1544 2968/147/2968 2964/145/2964 1543/139/1543
f 1596/148/1596 1546/150/1546 1545/149/1545 1595/144/1595
f 1545/149/1545 2972/151/2972 2968/147/2968 1544/146/1544
f 1597/152/1597 1547/153/1547 1546/150/1546 1596/148/1596
f 1546/150/1546 2976/154/2976 2972/151/2972 1545/149/1545
f 1649/155/1649 1599/158/1599 1598/157/1598 1648/156/1648
f 1547/153/1547 2980/159/2980 2976/154/2976 1546/150/1546
f 2822/160/2822 2826/163/2826 2825/162/2825 2821/161/2821
f 1548/164/1548 2984/165/2984 2980/159/2980 1547/153/1547
f 1600/166/1600 1550/168/1550 1549/167/1549 1599/158/1599
f 1549/167/1549 2988/169/2988 2984/165/2984 1548/164/1548
f 1601/170/1601 1551/171/1551 1550/168/1550 1600/166/1600
f 1550/168/1550 2992/172/2992 2988/169/2988 1549/167/1549
f 1551/171/1551 2996/173/2996 2992/172/2992 1550/168/1550
f 1656/174/1656 1606/177/1606 1605/176/1605 1655/175/1655
f 1552/178/1552 2999/179/2999 2996/173/2996 1551/171/1551
f 1604/180/1604 1554/183/1554 1553/182/1553 1603/181/1603
f 1553/182/1553 1503/2/1503 1552/178/1552 1602/184/1602
f 1554/183/1554 1504/1/1504 1503/2/1503 1553/182/1553
f 1505/7/1505 1504/1/1504 1554/183/1554 1555/6/1555
f 1558/16/1558 1508/19/1508 1507/12/1507 1557/11/1557
f 1509/22/1509 1508/19/1508 1558/16/1558 1559/17/1559
f 1562/30/1562 1512/33/1512 1511/26/1511 1561/25/1561
f 1513/36/1513 1512/33/1512 1562/30/1562 1563/31/1563
f 1566/44/1566 1516/48/1516 1515/40/1515 1565/39/1565
f 1517/51/1517 1516/48/1516 1566/44/1566 1567/45/1567
f 1570/59/1570 1520/62/1520 1519/55/1519 1569/54/1569
f 1521/65/1521 1520/62/1520 1570/59/1570 1571/60/1571
f 1574/73/1574 1524/76/1524 1523/69/1523 1573/68/1573
f 1525/79/1525 1524/76/1524 1574/73/1574 1575/74/1575
f 1578/185/1578 1528/186/1528 1527/83/1527 1577/82/1577
f 1529/93/1529 1528/186/1528 1578/185/1578 1579/88/1579
f 1582/101/1582 1532/104/1532 1531/97/1531 1581/96/1581
f 1533/107/1533 1532/104/1532 1582/101/1582 1583/102/1583
f 1586/115/1586 1536/118/1536 1535/111/1535 1585/110/1585
f 1537/121/1537 1536/118/1536 1586/115/1586 1587/116/1587
f 1590/129/1590 1540/132/1540 1539/125/1539 1589/124/1589
f 1541/135/1541 1540/132/1540 1590/129/1590 1591/130/1591
f 1594/143/1594 1544/146/1544 1543/139/1543 1593/138/1593
f 1545/149/1545 1544/146/1544 1594/143/1594 1595/144/1595
f 1664/187/1664 1614/189/1614 1613/28/1613 1663/188/1663
f 1598/157/1598 1548/164/1548 1547/153/1547 1597/152/1597
f 1549/167/1549 1548/164/1548 1598/157/1598 1599/158/1599
f 1705/190/1705 1655/193/1655 1654/192/1654 1704/191/1704
f 1708/194/1708 1658/197/1658 1657/196/1657 1707/195/1707
f 1602/184/1602 1552/178/1552 1551/171/1551 1601/170/1601
f 1657/196/1657 1607/198/1607 1606/177/1606 1656/174/1656
f 1616/43/1616 1566/44/1566 1565/200/1565 1615/199/1615
f 1606/177/1606 1556/5/1556 1555/202/1555 1605/201/1605
f 1557/11/1557 1556/5/1556 1606/177/1606 1607/198/1607
f 1661/203/1661 1611/206/1611 1610/205/1610 1660/204/1660
f 1620/58/1620 1570/59/1570 1569/54/1569 1619/207/1619
f 1610/205/1610 1560/21/1560 1559/17/1559 1609/14/1609
f 1561/25/1561 1560/21/1560 1610/205/1610 1611/206/1611
f 1665/208/1665 1615/209/1615 1614/189/1614 1664/187/1664
f 1624/72/1624 1574/73/1574 1573/68/1573 1623/210/1623
f 1614/189/1614 1564/35/1564 1563/31/1563 1613/28/1613
f 1565/200/1565 1564/35/1564 1614/189/1614 1615/199/1615
f 1669/211/1669 1619/207/1619 1618/213/1618 1668/212/1668
f 1628/86/1628 1578/87/1578 1577/82/1577 1627/214/1627
f 1618/213/1618 1568/50/1568 1567/45/1567 1617/42/1617
f 1569/54/1569 1568/50/1568 1618/213/1618 1619/207/1619
f 1673/215/1673 1623/210/1623 1622/217/1622 1672/216/1672
f 1632/100/1632 1582/101/1582 1581/96/1581 1631/218/1631
f 1622/217/1622 1572/64/1572 1571/60/1571 1621/57/1621
f 1573/68/1573 1572/64/1572 1622/217/1622 1623/210/1623
f 1677/219/1677 1627/214/1627 1626/221/1626 1676/220/1676
f 1636/114/1636 1586/115/1586 1585/110/1585 1635/222/1635
f 1626/221/1626 1576/78/1576 1575/74/1575 1625/71/1625
f 1577/82/1577 1576/78/1576 1626/221/1626 1627/214/1627
f 1681/223/1681 1631/218/1631 1630/225/1630 1680/224/1680
f 1640/128/1640 1590/129/1590 1589/124/1589 1639/226/1639
f 1630/225/1630 1580/92/1580 1579/88/1579 1629/85/1629
f 1581/96/1581 1580/92/1580 1630/225/1630 1631/218/1631
f 1685/227/1685 1635/222/1635 1634/229/1634 1684/228/1684
f 1644/142/1644 1594/143/1594 1593/138/1593 1643/230/1643
f 1634/229/1634 1584/106/1584 1583/102/1583 1633/99/1633
f 1585/110/1585 1584/106/1584 1634/229/1634 1635/222/1635
f 1689/231/1689 1639/226/1639 1638/233/1638 1688/232/1688
f 1648/156/1648 1598/157/1598 1597/152/1597 1647/234/1647
f 1638/233/1638 1588/120/1588 1587/116/1587 1637/113/1637
f 1589/124/1589 1588/120/1588 1638/233/1638 1639/226/1639
f 1693/235/1693 1643/230/1643 1642/237/1642 1692/236/1692
f 1652/238/1652 1602/184/1602 1601/170/1601 1651/239/1651
f 1642/237/1642 1592/134/1592 1591/130/1591 1641/127/1641
f 1593/138/1593 1592/134/1592 1642/237/1642 1643/230/1643
f 1697/240/1697 1647/234/1647 1646/242/1646 1696/241/1696
f 1712/243/1712 1662/245/1662 1661/203/1661 1711/244/1711
f 1646/242/1646 1596/148/1596 1595/144/1595 1645/141/1645
f 1597/152/1597 1596/148/1596 1646/242/1646 1647/234/1647
f 1701/246/1701 1651/239/1651 1650/248/1650 1700/247/1700
f 1764/249/1764 1714/252/1714 1713/251/1713 1763/250/1763
f 1704/191/1704 1654/192/1654 1653/254/1653 1703/253/1703
f 1650/248/1650 1600/166/1600 1599/158/1599 1649/155/1649
f 1601/170/1601 1600/166/1600 1650/248/1650 1651/239/1651
f 1660/204/1660 1610/205/1610 1609/14/1609 1659/255/1659
f 1805/256/1805 1755/259/1755 1754/258/1754 1804/257/1804
f 1653/254/1653 1603/181/1603 1652/238/1652 1702/260/1702
f 1654/192/1654 1604/180/1604 1603/181/1603 1653/254/1653
f 1605/176/1605 1604/180/1604 1654/192/1654 1655/175/1655
f 1709/261/1709 1659/255/1659 1658/197/1658 1708/194/1708
f 1668/212/1668 1618/213/1618 1617/42/1617 1667/262/1667
f 1658/197/1658 1608/15/1608 1607/198/1607 1657/196/1657
f 1609/14/1609 1608/15/1608 1658/197/1658 1659/255/1659
f 1713/251/1713 1663/188/1663 1662/245/1662 1712/243/1712
f 1672/216/1672 1622/217/1622 1621/57/1621 1671/263/1671
f 1662/245/1662 1612/29/1612 1611/206/1611 1661/203/1661
f 1613/28/1613 1612/29/1612 1662/245/1662 1663/188/1663
f 1717/264/1717 1667/262/1667 1666/266/1666 1716/265/1716
f 1676/220/1676 1626/221/1626 1625/71/1625 1675/267/1675
f 1666/266/1666 1616/43/1616 1615/209/1615 1665/208/1665
f 1617/42/1617 1616/43/1616 1666/266/1666 1667/262/1667
f 1721/268/1721 1671/263/1671 1670/270/1670 1720/269/1720
f 1680/224/1680 1630/225/1630 1629/85/1629 1679/271/1679
f 1670/270/1670 1620/58/1620 1619/207/1619 1669/211/1669
f 1621/57/1621 1620/58/1620 1670/270/1670 1671/263/1671
f 1725/272/1725 1675/267/1675 1674/274/1674 1724/273/1724
f 1684/228/1684 1634/229/1634 1633/99/1633 1683/275/1683
f 1674/274/1674 1624/72/1624 1623/210/1623 1673/215/1673
f 1625/71/1625 1624/72/1624 1674/274/1674 1675/267/1675
f 1729/276/1729 1679/271/1679 1678/278/1678 1728/277/1728
f 1688/232/1688 1638/233/1638 1637/113/1637 1687/279/1687
f 1678/280/1678 1628/281/1628 1627/214/1627 1677/219/1677
f 1629/85/1629 1628/281/1628 1678/280/1678 1679/271/1679
f 1733/282/1733 1683/275/1683 1682/284/1682 1732/283/1732
f 1692/236/1692 1642/237/1642 1641/127/1641 1691/285/1691
f 1682/284/1682 1632/100/1632 1631/218/1631 1681/223/1681
f 1633/99/1633 1632/100/1632 1682/284/1682 1683/275/1683
f 1737/286/1737 1687/279/1687 1686/288/1686 1736/287/1736
f 1696/241/1696 1646/242/1646 1645/141/1645 1695/289/1695
f 1686/288/1686 1636/114/1636 1635/222/1635 1685/227/1685
f 1637/113/1637 1636/114/1636 1686/288/1686 1687/279/1687
f 1741/290/1741 1691/285/1691 1690/292/1690 1740/291/1740
f 1700/247/1700 1650/248/1650 1649/155/1649 1699/293/1699
f 1690/292/1690 1640/128/1640 1639/226/1639 1689/231/1689
f 1641/127/1641 1640/128/1640 1690/292/1690 1691/285/1691
f 1745/294/1745 1695/289/1695 1694/296/1694 1744/295/1744
f 1702/260/1702 1752/297/1752 1703/253/1703 1653/254/1653
f 1694/296/1694 1644/142/1644 1643/230/1643 1693/235/1693
f 1645/141/1645 1644/142/1644 1694/296/1694 1695/289/1695
f 1749/298/1749 1699/293/1699 1698/300/1698 1748/299/1748
f 1756/301/1756 1706/302/1706 1705/190/1705 1755/259/1755
f 1698/300/1698 1648/156/1648 1647/234/1647 1697/240/1697
f 1649/155/1649 1648/156/1648 1698/300/1698 1699/293/1699
f 1808/303/1808 1758/306/1758 1757/305/1757 1807/304/1807
f 1702/260/1702 1652/238/1652 1651/239/1651 1701/246/1701
f 1757/305/1757 1707/195/1707 1706/302/1706 1756/301/1756
f 1716/265/1716 1666/266/1666 1665/308/1665 1715/307/1715
f 1706/302/1706 1656/174/1656 1655/193/1655 1705/190/1705
f 1657/196/1657 1656/174/1656 1706/302/1706 1707/195/1707
f 1761/309/1761 1711/244/1711 1710/311/1710 1760/310/1760
f 1720/269/1720 1670/270/1670 1669/211/1669 1719/312/1719
f 1710/311/1710 1660/204/1660 1659/255/1659 1709/261/1709
f 1661/203/1661 1660/204/1660 1710/311/1710 1711/244/1711
f 1765/313/1765 1715/314/1715 1714/252/1714 1764/249/1764
f 1724/273/1724 1674/274/1674 1673/215/1673 1723/315/1723
f 1714/252/1714 1664/187/1664 1663/188/1663 1713/251/1713
f 1665/308/1665 1664/187/1664 1714/252/1714 1715/307/1715
f 1769/316/1769 1719/312/1719 1718/318/1718 1768/317/1768
f 1728/277/1728 1678/278/1678 1677/219/1677 1727/319/1727
f 1718/318/1718 1668/212/1668 1667/262/1667 1717/264/1717
f 1669/211/1669 1668/212/1668 1718/318/1718 1719/312/1719
f 1773/320/1773 1723/315/1723 1722/322/1722 1772/321/1772
f 1732/283/1732 1682/284/1682 1681/223/1681 1731/323/1731
f 1722/322/1722 1672/216/1672 1671/263/1671 1721/268/1721
f 1673/215/1673 1672/216/1672 1722/322/1722 1723/315/1723
f 1777/324/1777 1727/319/1727 1726/326/1726 1776/325/1776
f 1736/287/1736 1686/288/1686 1685/227/1685 1735/327/1735
f 1726/326/1726 1676/220/1676 1675/267/1675 1725/272/1725
f 1677/219/1677 1676/220/1676 1726/326/1726 1727/319/1727
f 1781/328/1781 1731/323/1731 1730/330/1730 1780/329/1780
f 1740/291/1740 1690/292/1690 1689/231/1689 1739/331/1739
f 1730/330/1730 1680/224/1680 1679/271/1679 1729/276/1729
f 1681/223/1681 1680/224/1680 1730/330/1730 1731/323/1731
f 1785/332/1785 1735/327/1735 1734/334/1734 1784/333/1784
f 1744/295/1744 1694/296/1694 1693/235/1693 1743/335/1743
f 1734/334/1734 1684/228/1684 1683/275/1683 1733/282/1733
f 1685/227/1685 1684/228/1684 1734/334/1734 1735/327/1735
f 1789/336/1789 1739/331/1739 1738/338/1738 1788/337/1788
f 1748/299/1748 1698/300/1698 1697/240/1697 1747/339/1747
f 1738/338/1738 1688/232/1688 1687/279/1687 1737/286/1737
f 1689/231/1689 1688/232/1688 1738/338/1738 1739/331/1739
f 1793/340/1793 1743/335/1743 1742/342/1742 1792/341/1792
f 1752/297/1752 1702/260/1702 1701/246/1701 1751/343/1751
f 1742/342/1742 1692/236/1692 1691/285/1691 1741/290/1741
f 1693/235/1693 1692/236/1692 1742/342/1742 1743/335/1743
f 1797/344/1797 1747/339/1747 1746/346/1746 1796/345/1796
f 1812/347/1812 1762/349/1762 1761/309/1761 1811/348/1811
f 1746/346/1746 1696/241/1696 1695/289/1695 1745/294/1745
f 1697/240/1697 1696/241/1696 1746/346/1746 1747/339/1747
f 1801/350/1801 1751/343/1751 1750/352/1750 1800/351/1800
f 1864/353/1864 1814/356/1814 1813/355/1813 1863/354/1863
f 1804/257/1804 1754/258/1754 1753/358/1753 1803/357/1803
f 1750/352/1750 1700/247/1700 1699/293/1699 1749/298/1749
f 1701/246/1701 1700/247/1700 1750/352/1750 1751/343/1751
f 1760/310/1760 1710/311/1710 1709/261/1709 1759/359/1759
f 1905/360/1905 1855/363/1855 1854/362/1854 1904/361/1904
f 1753/358/1753 1703/253/1703 1752/297/1752 1802/364/1802
f 1754/258/1754 1704/191/1704 1703/253/1703 1753/358/1753
f 1705/190/1705 1704/191/1704 1754/258/1754 1755/259/1755
f 1809/365/1809 1759/359/1759 1758/306/1758 1808/303/1808
f 1768/317/1768 1718/318/1718 1717/264/1717 1767/366/1767
f 1758/306/1758 1708/194/1708 1707/195/1707 1757/305/1757
f 1709/261/1709 1708/194/1708 1758/306/1758 1759/359/1759
f 1813/355/1813 1763/250/1763 1762/349/1762 1812/347/1812
f 1772/321/1772 1722/322/1722 1721/268/1721 1771/367/1771
f 1762/349/1762 1712/243/1712 1711/244/1711 1761/309/1761
f 1713/251/1713 1712/243/1712 1762/349/1762 1763/250/1763
f 1817/368/1817 1767/371/1767 1766/370/1766 1816/369/1816
f 1776/325/1776 1726/326/1726 1725/272/1725 1775/372/1775
f 1766/370/1766 1716/265/1716 1715/314/1715 1765/313/1765
f 1717/264/1717 1716/265/1716 1766/370/1766 1767/366/1767
f 1821/373/1821 1771/367/1771 1770/375/1770 1820/374/1820
f 1780/329/1780 1730/330/1730 1729/276/1729 1779/376/1779
f 1770/375/1770 1720/269/1720 1719/312/1719 1769/316/1769
f 1721/268/1721 1720/269/1720 1770/375/1770 1771/367/1771
f 1825/377/1825 1775/372/1775 1774/379/1774 1824/378/1824
f 1784/333/1784 1734/334/1734 1733/282/1733 1783/380/1783
f 1774/379/1774 1724/273/1724 1723/315/1723 1773/320/1773
f 1725/272/1725 1724/273/1724 1774/379/1774 1775/372/1775
f 1829/381/1829 1779/376/1779 1778/383/1778 1828/382/1828
f 1788/337/1788 1738/338/1738 1737/286/1737 1787/384/1787
f 1778/385/1778 1728/386/1728 1727/319/1727 1777/324/1777
f 1729/276/1729 1728/386/1728 1778/385/1778 1779/376/1779
f 1833/387/1833 1783/380/1783 1782/389/1782 1832/388/1832
f 1792/341/1792 1742/342/1742 1741/290/1741 1791/390/1791
f 1782/389/1782 1732/283/1732 1731/323/1731 1781/328/1781
f 1733/282/1733 1732/283/1732 1782/389/1782 1783/380/1783
f 1837/391/1837 1787/384/1787 1786/393/1786 1836/392/1836
f 1796/345/1796 1746/346/1746 1745/294/1745 1795/394/1795
f 1786/393/1786 1736/287/1736 1735/327/1735 1785/332/1785
f 1737/286/1737 1736/287/1736 1786/393/1786 1787/384/1787
f 1841/395/1841 1791/390/1791 1790/397/1790 1840/396/1840
f 1800/351/1800 1750/352/1750 1749/298/1749 1799/398/1799
f 1790/397/1790 1740/400/1740 1739/331/1739 1789/399/1789
f 1741/290/1741 1740/291/1740 1790/397/1790 1791/390/1791
f 1845/401/1845 1795/394/1795 1794/403/1794 1844/402/1844
f 1802/364/1802 1852/404/1852 1803/357/1803 1753/358/1753
f 1794/403/1794 1744/295/1744 1743/335/1743 1793/340/1793
f 1745/294/1745 1744/295/1744 1794/403/1794 1795/394/1795
f 1849/405/1849 1799/398/1799 1798/407/1798 1848/406/1848
f 1856/408/1856 1806/409/1806 1805/256/1805 1855/363/1855
f 1798/407/1798 1748/299/1748 1747/339/1747 1797/344/1797
f 1749/298/1749 1748/299/1748 1798/407/1798 1799/398/1799
f 1908/410/1908 1858/413/1858 1857/412/1857 1907/411/1907
f 1802/364/1802 1752/297/1752 1751/343/1751 1801/350/1801
f 1857/412/1857 1807/304/1807 1806/409/1806 1856/408/1856
f 1816/414/1816 1766/370/1766 1765/416/1765 1815/415/1815
f 1806/409/1806 1756/301/1756 1755/259/1755 1805/256/1805
f 1757/305/1757 1756/301/1756 1806/409/1806 1807/304/1807
f 1861/417/1861 1811/348/1811 1810/419/1810 1860/418/1860
f 1820/374/1820 1770/375/1770 1769/316/1769 1819/420/1819
f 1810/419/1810 1760/310/1760 1759/359/1759 1809/365/1809
f 1761/309/1761 1760/310/1760 1810/419/1810 1811/348/1811
f 1865/421/1865 1815/423/1815 1814/422/1814 1864/353/1864
f 1824/378/1824 1774/379/1774 1773/320/1773 1823/424/1823
f 1814/422/1814 1764/249/1764 1763/250/1763 1813/355/1813
f 1765/416/1765 1764/249/1764 1814/422/1814 1815/425/1815
f 1869/426/1869 1819/420/1819 1818/428/1818 1868/427/1868
f 1828/382/1828 1778/383/1778 1777/324/1777 1827/429/1827
f 1818/430/1818 1768/317/1768 1767/366/1767 1817/368/1817
f 1769/316/1769 1768/317/1768 1818/428/1818 1819/420/1819
f 1873/431/1873 1823/424/1823 1822/433/1822 1872/432/1872
f 1832/388/1832 1782/389/1782 1781/328/1781 1831/434/1831
f 1822/433/1822 1772/321/1772 1771/367/1771 1821/373/1821
f 1773/320/1773 1772/321/1772 1822/433/1822 1823/424/1823
f 1877/435/1877 1827/429/1827 1826/437/1826 1876/436/1876
f 1836/392/1836 1786/393/1786 1785/332/1785 1835/438/1835
f 1826/437/1826 1776/325/1776 1775/372/1775 1825/377/1825
f 1777/324/1777 1776/325/1776 1826/437/1826 1827/429/1827
f 1881/439/1881 1831/434/1831 1830/441/1830 1880/440/1880
f 1840/396/1840 1790/397/1790 1789/399/1789 1839/442/1839
f 1830/441/1830 1780/329/1780 1779/376/1779 1829/381/1829
f 1781/328/1781 1780/329/1780 1830/441/1830 1831/434/1831
f 1885/443/1885 1835/438/1835 1834/445/1834 1884/444/1884
f 1844/402/1844 1794/403/1794 1793/340/1793 1843/446/1843
f 1834/445/1834 1784/333/1784 1783/380/1783 1833/387/1833
f 1785/332/1785 1784/333/1784 1834/445/1834 1835/438/1835
f 1889/447/1889 1839/442/1839 1838/449/1838 1888/448/1888
f 1848/406/1848 1798/407/1798 1797/344/1797 1847/450/1847
f 1838/449/1838 1788/337/1788 1787/384/1787 1837/391/1837
f 1789/336/1789 1788/337/1788 1838/451/1838 1839/442/1839
f 1893/452/1893 1843/446/1843 1842/454/1842 1892/453/1892
f 1852/404/1852 1802/364/1802 1801/350/1801 1851/455/1851
f 1842/456/1842 1792/341/1792 1791/457/1791 1841/395/1841
f 1793/340/1793 1792/341/1792 1842/456/1842 1843/446/1843
f 1897/458/1897 1847/450/1847 1846/460/1846 1896/459/1896
f 1912/461/1912 1862/463/1862 1861/417/1861 1911/462/1911
f 1846/460/1846 1796/345/1796 1795/394/1795 1845/401/1845
f 1797/344/1797 1796/345/1796 1846/460/1846 1847/450/1847
f 1901/464/1901 1851/455/1851 1850/466/1850 1900/465/1900
f 1964/467/1964 1914/470/1914 1913/469/1913 1963/468/1963
f 1904/361/1904 1854/362/1854 1853/472/1853 1903/471/1903
f 1850/466/1850 1800/351/1800 1799/398/1799 1849/405/1849
f 1801/350/1801 1800/351/1800 1850/466/1850 1851/455/1851
f 1860/473/1860 1810/419/1810 1809/365/1809 1859/474/1859
f 2005/475/2005 1955/478/1955 1954/477/1954 2004/476/2004
f 1853/472/1853 1803/357/1803 1852/404/1852 1902/479/1902
f 1854/362/1854 1804/257/1804 1803/357/1803 1853/472/1853
f 1805/256/1805 1804/257/1804 1854/362/1854 1855/363/1855
f 1909/480/1909 1859/481/1859 1858/413/1858 1908/410/1908
f 1868/427/1868 1818/428/1818 1817/368/1817 1867/482/1867
f 1858/413/1858 1808/303/1808 1807/304/1807 1857/412/1857
f 1809/365/1809 1808/303/1808 1858/413/1858 1859/474/1859
f 1913/469/1913 1863/354/1863 1862/463/1862 1912/461/1912
f 1872/432/1872 1822/433/1822 1821/373/1821 1871/483/1871
f 1862/463/1862 1812/347/1812 1811/348/1811 1861/484/1861
f 1813/355/1813 1812/347/1812 1862/463/1862 1863/354/1863
f 1917/485/1917 1867/482/1867 1866/487/1866 1916/486/1916
f 1876/436/1876 1826/437/1826 1825/377/1825 1875/488/1875
f 1866/487/1866 1816/414/1816 1815/489/1815 1865/421/1865
f 1817/368/1817 1816/369/1816 1866/487/1866 1867/482/1867
f 1921/490/1921 1871/483/1871 1870/492/1870 1920/491/1920
f 1880/440/1880 1830/441/1830 1829/381/1829 1879/493/1879
f 1870/492/1870 1820/374/1820 1819/420/1819 1869/494/1869
f 1821/373/1821 1820/374/1820 1870/492/1870 1871/483/1871
f 1925/495/1925 1875/488/1875 1874/497/1874 1924/496/1924
f 1884/444/1884 1834/445/1834 1833/387/1833 1883/498/1883
f 1874/497/1874 1824/378/1824 1823/424/1823 1873/431/1873
f 1825/377/1825 1824/378/1824 1874/497/1874 1875/488/1875
f 1929/499/1929 1879/493/1879 1878/501/1878 1928/500/1928
f 1888/448/1888 1838/449/1838 1837/391/1837 1887/502/1887
f 1878/501/1878 1828/382/1828 1827/429/1827 1877/435/1877
f 1829/381/1829 1828/382/1828 1878/501/1878 1879/493/1879
f 1933/503/1933 1883/498/1883 1882/505/1882 1932/504/1932
f 1892/453/1892 1842/456/1842 1841/395/1841 1891/506/1891
f 1882/505/1882 1832/388/1832 1831/434/1831 1881/439/1881
f 1833/387/1833 1832/388/1832 1882/505/1882 1883/498/1883
f 1937/507/1937 1887/502/1887 1886/509/1886 1936/508/1936
f 1896/459/1896 1846/460/1846 1845/401/1845 1895/510/1895
f 1886/509/1886 1836/392/1836 1835/438/1835 1885/443/1885
f 1837/511/1837 1836/392/1836 1886/512/1886 1887/502/1887
f 1941/513/1941 1891/506/1891 1890/515/1890 1940/514/1940
f 1900/465/1900 1850/466/1850 1849/405/1849 1899/516/1899
f 1890/515/1890 1840/396/1840 1839/442/1839 1889/447/1889
f 1841/395/1841 1840/396/1840 1890/515/1890 1891/506/1891
f 1945/517/1945 1895/510/1895 1894/519/1894 1944/518/1944
f 1902/479/1902 1952/520/1952 1903/471/1903 1853/472/1853
f 1894/519/1894 1844/402/1844 1843/446/1843 1893/452/1893
f 1845/401/1845 1844/402/1844 1894/519/1894 1895/510/1895
f 1949/521/1949 1899/516/1899 1898/523/1898 1948/522/1948
f 1956/524/1956 1906/525/1906 1905/360/1905 1955/478/1955
f 1898/523/1898 1848/406/1848 1847/450/1847 1897/458/1897
f 1849/405/1849 1848/406/1848 1898/523/1898 1899/516/1899
f 2008/526/2008 1958/529/1958 1957/528/1957 2007/527/2007
f 1902/479/1902 1852/404/1852 1851/455/1851 1901/464/1901
f 1957/530/1957 1907/531/1907 1906/525/1906 1956/524/1956
f 1916/486/1916 1866/487/1866 1865/533/1865 1915/532/1915
f 1906/525/1906 1856/408/1856 1855/363/1855 1905/360/1905
f 1857/412/1857 1856/535/1856 1906/525/1906 1907/534/1907
f 1961/536/1961 1911/462/1911 1910/538/1910 1960/537/1960
f 1920/539/1920 1870/492/1870 1869/494/1869 1919/540/1919
f 1910/538/1910 1860/473/1860 1859/474/1859 1909/480/1909
f 1861/417/1861 1860/418/1860 1910/538/1910 1911/462/1911
f 1965/541/1965 1915/542/1915 1914/470/1914 1964/467/1964
f 1924/496/1924 1874/497/1874 1873/431/1873 1923/543/1923
f 1914/470/1914 1864/353/1864 1863/354/1863 1913/469/1913
f 1865/533/1865 1864/353/1864 1914/470/1914 1915/532/1915
f 1969/544/1969 1919/540/1919 1918/546/1918 1968/545/1968
f 1928/500/1928 1878/501/1878 1877/435/1877 1927/547/1927
f 1918/546/1918 1868/427/1868 1867/482/1867 1917/485/1917
f 1869/494/1869 1868/427/1868 1918/546/1918 1919/540/1919
f 1973/548/1973 1923/543/1923 1922/550/1922 1972/549/1972
f 1932/504/1932 1882/505/1882 1881/439/1881 1931/551/1931
f 1922/550/1922 1872/432/1872 1871/483/1871 1921/490/1921
f 1873/431/1873 1872/432/1872 1922/550/1922 1923/543/1923
f 1977/552/1977 1927/547/1927 1926/554/1926 1976/553/1976
f 1936/508/1936 1886/509/1886 1885/443/1885 1935/555/1935
f 1926/554/1926 1876/436/1876 1875/488/1875 1925/495/1925
f 1877/435/1877 1876/436/1876 1926/554/1926 1927/547/1927
f 1981/556/1981 1931/551/1931 1930/558/1930 1980/557/1980
f 1940/514/1940 1890/515/1890 1889/447/1889 1939/559/1939
f 1930/558/1930 1880/440/1880 1879/493/1879 1929/499/1929
f 1881/439/1881 1880/440/1880 1930/558/1930 1931/551/1931
f 1985/560/1985 1935/555/1935 1934/562/1934 1984/561/1984
f 1944/518/1944 1894/519/1894 1893/564/1893 1943/563/1943
f 1934/562/1934 1884/444/1884 1883/498/1883 1933/503/1933
f 1885/565/1885 1884/444/1884 1934/562/1934 1935/555/1935
f 1989/566/1989 1939/559/1939 1938/568/1938 1988/567/1988
f 1948/522/1948 1898/523/1898 1897/458/1897 1947/569/1947
f 1938/568/1938 1888/448/1888 1887/502/1887 1937/507/1937
f 1889/447/1889 1888/448/1888 1938/568/1938 1939/559/1939
f 1993/570/1993 1943/563/1943 1942/572/1942 1992/571/1992
f 1952/520/1952 1902/479/1902 1901/464/1901 1951/573/1951
f 1942/572/1942 1892/453/1892 1891/506/1891 1941/513/1941
f 1893/452/1893 1892/453/1892 1942/572/1942 1943/563/1943
f 1997/574/1997 1947/569/1947 1946/576/1946 1996/575/1996
f 2012/577/2012 1962/579/1962 1961/536/1961 2011/578/2011
f 1946/576/1946 1896/459/1896 1895/510/1895 1945/517/1945
f 1897/458/1897 1896/459/1896 1946/576/1946 1947/569/1947
f 2001/580/2001 1951/573/1951 1950/582/1950 2000/581/2000
f 2064/583/2064 2014/586/2014 2013/585/2013 2063/584/2063
f 2004/476/2004 1954/477/1954 1953/588/1953 2003/587/2003
f 1950/582/1950 1900/465/1900 1899/516/1899 1949/521/1949
f 1901/464/1901 1900/465/1900 1950/582/1950 1951/573/1951
f 1960/537/1960 1910/538/1910 1909/480/1909 1959/589/1959
f 2105/590/2105 2055/593/2055 2054/592/2054 2104/591/2104
f 1953/588/1953 1903/471/1903 1952/520/1952 2002/594/2002
f 1954/477/1954 1904/361/1904 1903/471/1903 1953/588/1953
f 1905/360/1905 1904/361/1904 1954/477/1954 1955/478/1955
f 2009/595/2009 1959/589/1959 1958/529/1958 2008/526/2008
f 1968/545/1968 1918/546/1918 1917/485/1917 1967/596/1967
f 1958/529/1958 1908/410/1908 1907/411/1907 1957/530/1957
f 1909/480/1909 1908/410/1908 1958/529/1958 1959/589/1959
f 2013/585/2013 1963/468/1963 1962/579/1962 2012/577/2012
f 1972/549/1972 1922/550/1922 1921/490/1921 1971/597/1971
f 1962/579/1962 1912/461/1912 1911/462/1911 1961/536/1961
f 1913/469/1913 1912/461/1912 1962/579/1962 1963/468/1963
f 2017/598/2017 1967/596/1967 1966/600/1966 2016/599/2016
f 1976/553/1976 1926/554/1926 1925/495/1925 1975/601/1975
f 1966/600/1966 1916/486/1916 1915/542/1915 1965/541/1965
f 1917/485/1917 1916/486/1916 1966/600/1966 1967/596/1967
f 2021/602/2021 1971/597/1971 1970/604/1970 2020/603/2020
f 1980/605/1980 1930/558/1930 1929/607/1929 1979/606/1979
f 1970/608/1970 1920/491/1920 1919/540/1919 1969/544/1969
f 1921/490/1921 1920/491/1920 1970/608/1970 1971/597/1971
f 2025/609/2025 1975/601/1975 1974/611/1974 2024/610/2024
f 1984/561/1984 1934/613/1934 1933/503/1933 1983/612/1983
f 1974/611/1974 1924/496/1924 1923/543/1923 1973/548/1973
f 1925/495/1925 1924/496/1924 1974/611/1974 1975/601/1975
f 2029/614/2029 1979/606/1979 1978/616/1978 2028/615/2028
f 1988/567/1988 1938/568/1938 1937/507/1937 1987/617/1987
f 1978/616/1978 1928/500/1928 1927/547/1927 1977/552/1977
f 1929/607/1929 1928/500/1928 1978/616/1978 1979/606/1979
f 2033/618/2033 1983/621/1983 1982/620/1982 2032/619/2032
f 1992/571/1992 1942/572/1942 1941/513/1941 1991/622/1991
f 1982/620/1982 1932/504/1932 1931/551/1931 1981/556/1981
f 1933/503/1933 1932/504/1932 1982/620/1982 1983/621/1983
f 2037/623/2037 1987/617/1987 1986/625/1986 2036/624/2036
f 1996/575/1996 1946/576/1946 1945/517/1945 1995/626/1995
f 1986/625/1986 1936/508/1936 1935/555/1935 1985/560/1985
f 1937/507/1937 1936/508/1936 1986/625/1986 1987/617/1987
f 2041/627/2041 1991/622/1991 1990/629/1990 2040/628/2040
f 2000/581/2000 1950/582/1950 1949/521/1949 1999/630/1999
f 1990/629/1990 1940/514/1940 1939/559/1939 1989/566/1989
f 1941/513/1941 1940/514/1940 1990/629/1990 1991/622/1991
f 2045/631/2045 1995/626/1995 1994/633/1994 2044/632/2044
f 2002/594/2002 2052/634/2052 2003/587/2003 1953/588/1953
f 1994/633/1994 1944/518/1944 1943/563/1943 1993/570/1993
f 1945/517/1945 1944/635/1944 1994/633/1994 1995/626/1995
f 2049/636/2049 1999/630/1999 1998/638/1998 2048/637/2048
f 2056/639/2056 2006/640/2006 2005/475/2005 2055/593/2055
f 1998/638/1998 1948/522/1948 1947/569/1947 1997/574/1997
f 1949/521/1949 1948/522/1948 1998/638/1998 1999/630/1999
f 2108/641/2108 2058/644/2058 2057/643/2057 2107/642/2107
f 2002/594/2002 1952/520/1952 1951/573/1951 2001/580/2001
f 2057/643/2057 2007/527/2007 2006/640/2006 2056/639/2056
f 2016/599/2016 1966/600/1966 1965/646/1965 2015/645/2015
f 2006/640/2006 1956/524/1956 1955/478/1955 2005/475/2005
f 1957/528/1957 1956/524/1956 2006/640/2006 2007/527/2007
f 2061/647/2061 2011/578/2011 2010/649/2010 2060/648/2060
f 2020/603/2020 1970/608/1970 1969/544/1969 2019/650/2019
f 2010/649/2010 1960/537/1960 1959/589/1959 2009/595/2009
f 1961/536/1961 1960/537/1960 2010/649/2010 2011/578/2011
f 2065/651/2065 2015/652/2015 2014/586/2014 2064/583/2064
f 2024/610/2024 1974/611/1974 1973/548/1973 2023/653/2023
f 2014/586/2014 1964/467/1964 1963/468/1963 2013/585/2013
f 1965/646/1965 1964/467/1964 2014/586/2014 2015/645/2015
f 2069/654/2069 2019/650/2019 2018/656/2018 2068/655/2068
f 2028/615/2028 1978/616/1978 1977/552/1977 2027/657/2027
f 2018/656/2018 1968/545/1968 1967/596/1967 2017/598/2017
f 1969/544/1969 1968/545/1968 2018/656/2018 2019/650/2019
f 2073/658/2073 2023/653/2023 2022/660/2022 2072/659/2072
f 2032/619/2032 1982/620/1982 1981/556/1981 2031/661/2031
f 2022/660/2022 1972/549/1972 1971/597/1971 2021/662/2021
f 1973/548/1973 1972/549/1972 2022/660/2022 2023/653/2023
f 2077/663/2077 2027/657/2027 2026/665/2026 2076/664/2076
f 2036/624/2036 1986/625/1986 1985/560/1985 2035/666/2035
f 2026/665/2026 1976/553/1976 1975/601/1975 2025/609/2025
f 1977/552/1977 1976/553/1976 2026/665/2026 2027/657/2027
f 2081/667/2081 2031/661/2031 2030/669/2030 2080/668/2080
f 2040/628/2040 1990/629/1990 1989/566/1989 2039/670/2039
f 2030/669/2030 1980/605/1980 1979/606/1979 2029/614/2029
f 1981/556/1981 1980/557/1980 2030/669/2030 2031/661/2031
f 2085/671/2085 2035/666/2035 2034/673/2034 2084/672/2084
f 2044/632/2044 1994/633/1994 1993/570/1993 2043/674/2043
f 2034/673/2034 1984/561/1984 1983/621/1983 2033/618/2033
f 1985/560/1985 1984/561/1984 2034/673/2034 2035/666/2035
f 2089/675/2089 2039/670/2039 2038/677/2038 2088/676/2088
f 2048/637/2048 1998/638/1998 1997/574/1997 2047/678/2047
f 2038/677/2038 1988/567/1988 1987/617/1987 2037/623/2037
f 1989/566/1989 1988/567/1988 2038/677/2038 2039/670/2039
f 2093/679/2093 2043/674/2043 2042/681/2042 2092/680/2092
f 2052/634/2052 2002/594/2002 2001/580/2001 2051/682/2051
f 2042/681/2042 1992/571/1992 1991/622/1991 2041/627/2041
f 1993/570/1993 1992/571/1992 2042/681/2042 2043/674/2043
f 2097/683/2097 2047/678/2047 2046/685/2046 2096/684/2096
f 2112/686/2112 2062/688/2062 2061/647/2061 2111/687/2111
f 2046/685/2046 1996/575/1996 1995/689/1995 2045/631/2045
f 1997/574/1997 1996/575/1996 2046/685/2046 2047/678/2047
f 2101/690/2101 2051/682/2051 2050/692/2050 2100/691/2100
f 2164/693/2164 2114/696/2114 2113/695/2113 2163/694/2163
f 2104/591/2104 2054/592/2054 2053/698/2053 2103/697/2103
f 2050/692/2050 2000/581/2000 1999/630/1999 2049/636/2049
f 2001/580/2001 2000/581/2000 2050/692/2050 2051/682/2051
f 2060/648/2060 2010/649/2010 2009/595/2009 2059/699/2059
f 2205/700/2205 2155/703/2155 2154/702/2154 2204/701/2204
f 2053/698/2053 2003/587/2003 2052/634/2052 2102/704/2102
f 2054/592/2054 2004/476/2004 2003/587/2003 2053/698/2053
f 2005/475/2005 2004/476/2004 2054/592/2054 2055/593/2055
f 2109/705/2109 2059/699/2059 2058/644/2058 2108/641/2108
f 2068/655/2068 2018/656/2018 2017/598/2017 2067/706/2067
f 2058/644/2058 2008/526/2008 2007/707/2007 2057/643/2057
f 2009/595/2009 2008/526/2008 2058/644/2058 2059/699/2059
f 2113/695/2113 2063/584/2063 2062/688/2062 2112/686/2112
f 2072/659/2072 2022/660/2022 2021/662/2021 2071/708/2071
f 2062/688/2062 2012/577/2012 2011/578/2011 2061/647/2061
f 2013/585/2013 2012/577/2012 2062/688/2062 2063/584/2063
f 2117/709/2117 2067/706/2067 2066/711/2066 2116/710/2116
f 2076/664/2076 2026/665/2026 2025/609/2025 2075/712/2075
f 2066/711/2066 2016/599/2016 2015/652/2015 2065/651/2065
f 2017/598/2017 2016/599/2016 2066/711/2066 2067/706/2067
f 2121/713/2121 2071/716/2071 2070/715/2070 2120/714/2120
f 2080/668/2080 2030/669/2030 2029/614/2029 2079/717/2079
f 2070/715/2070 2020/603/2020 2019/650/2019 2069/654/2069
f 2021/662/2021 2020/603/2020 2070/715/2070 2071/708/2071
f 2125/718/2125 2075/712/2075 2074/720/2074 2124/719/2124
f 2084/672/2084 2034/673/2034 2033/618/2033 2083/721/2083
f 2074/720/2074 2024/610/2024 2023/653/2023 2073/658/2073
f 2025/609/2025 2024/610/2024 2074/720/2074 2075/712/2075
f 2129/722/2129 2079/717/2079 2078/724/2078 2128/723/2128
f 2088/676/2088 2038/677/2038 2037/623/2037 2087/725/2087
f 2078/724/2078 2028/615/2028 2027/657/2027 2077/663/2077
f 2029/614/2029 2028/615/2028 2078/724/2078 2079/717/2079
f 2133/726/2133 2083/721/2083 2082/728/2082 2132/727/2132
f 2092/680/2092 2042/681/2042 2041/627/2041 2091/729/2091
f 2082/728/2082 2032/619/2032 2031/661/2031 2081/667/2081
f 2033/618/2033 2032/730/2032 2082/728/2082 2083/721/2083
f 2137/731/2137 2087/725/2087 2086/733/2086 2136/732/2136
f 2096/684/2096 2046/685/2046 2045/631/2045 2095/734/2095
f 2086/733/2086 2036/624/2036 2035/666/2035 2085/671/2085
f 2037/623/2037 2036/624/2036 2086/733/2086 2087/725/2087
f 2141/735/2141 2091/729/2091 2090/737/2090 2140/736/2140
f 2100/691/2100 2050/692/2050 2049/636/2049 2099/738/2099
f 2090/737/2090 2040/628/2040 2039/670/2039 2089/675/2089
f 2041/627/2041 2040/628/2040 2090/737/2090 2091/729/2091
f 2145/739/2145 2095/734/2095 2094/741/2094 2144/740/2144
f 2102/704/2102 2152/742/2152 2103/697/2103 2053/698/2053
f 2094/741/2094 2044/632/2044 2043/674/2043 2093/679/2093
f 2045/631/2045 2044/632/2044 2094/741/2094 2095/734/2095
f 2149/743/2149 2099/738/2099 2098/745/2098 2148/744/2148
f 2156/746/2156 2106/747/2106 2105/590/2105 2155/703/2155
f 2098/745/2098 2048/637/2048 2047/678/2047 2097/683/2097
f 2049/636/2049 2048/637/2048 2098/745/2098 2099/738/2099
f 2208/748/2208 2158/751/2158 2157/750/2157 2207/749/2207
f 2102/704/2102 2052/634/2052 2051/682/2051 2101/690/2101
f 2157/752/2157 2107/642/2107 2106/747/2106 2156/746/2156
f 2116/710/2116 2066/711/2066 2065/754/2065 2115/753/2115
f 2106/747/2106 2056/639/2056 2055/593/2055 2105/590/2105
f 2057/643/2057 2056/639/2056 2106/747/2106 2107/642/2107
f 2161/755/2161 2111/687/2111 2110/757/2110 2160/756/2160
f 2120/714/2120 2070/715/2070 2069/654/2069 2119/758/2119
f 2110/757/2110 2060/648/2060 2059/699/2059 2109/705/2109
f 2061/647/2061 2060/648/2060 2110/757/2110 2111/687/2111
f 2165/759/2165 2115/760/2115 2114/696/2114 2164/693/2164
f 2124/719/2124 2074/720/2074 2073/658/2073 2123/761/2123
f 2114/696/2114 2064/583/2064 2063/584/2063 2113/695/2113
f 2065/754/2065 2064/583/2064 2114/696/2114 2115/753/2115
f 2169/762/2169 2119/758/2119 2118/764/2118 2168/763/2168
f 2128/723/2128 2078/724/2078 2077/663/2077 2127/765/2127
f 2118/764/2118 2068/655/2068 2067/706/2067 2117/709/2117
f 2069/654/2069 2068/655/2068 2118/764/2118 2119/758/2119
f 2173/766/2173 2123/761/2123 2122/768/2122 2172/767/2172
f 2132/727/2132 2082/728/2082 2081/667/2081 2131/769/2131
f 2122/768/2122 2072/659/2072 2071/716/2071 2121/770/2121
f 2073/658/2073 2072/659/2072 2122/768/2122 2123/761/2123
f 2177/771/2177 2127/765/2127 2126/773/2126 2176/772/2176
f 2136/732/2136 2086/733/2086 2085/671/2085 2135/774/2135
f 2126/773/2126 2076/664/2076 2075/712/2075 2125/718/2125
f 2077/663/2077 2076/664/2076 2126/773/2126 2127/765/2127
f 2181/775/2181 2131/769/2131 2130/777/2130 2180/776/2180
f 2140/736/2140 2090/737/2090 2089/675/2089 2139/778/2139
f 2130/777/2130 2080/668/2080 2079/717/2079 2129/722/2129
f 2081/667/2081 2080/668/2080 2130/777/2130 2131/769/2131
f 2185/779/2185 2135/774/2135 2134/781/2134 2184/780/2184
f 2144/740/2144 2094/741/2094 2093/679/2093 2143/782/2143
f 2134/781/2134 2084/672/2084 2083/721/2083 2133/726/2133
f 2085/671/2085 2084/672/2084 2134/781/2134 2135/774/2135
f 2189/783/2189 2139/778/2139 2138/785/2138 2188/784/2188
f 2148/744/2148 2098/745/2098 2097/683/2097 2147/786/2147
f 2138/785/2138 2088/676/2088 2087/725/2087 2137/731/2137
f 2089/675/2089 2088/676/2088 2138/785/2138 2139/778/2139
f 2193/787/2193 2143/782/2143 2142/789/2142 2192/788/2192
f 2152/742/2152 2102/704/2102 2101/690/2101 2151/790/2151
f 2142/789/2142 2092/680/2092 2091/729/2091 2141/735/2141
f 2093/679/2093 2092/680/2092 2142/789/2142 2143/782/2143
f 2197/791/2197 2147/786/2147 2146/793/2146 2196/792/2196
f 2212/794/2212 2162/796/2162 2161/755/2161 2211/795/2211
f 2146/793/2146 2096/797/2096 2095/734/2095 2145/739/2145
f 2097/683/2097 2096/797/2096 2146/793/2146 2147/786/2147
f 2201/798/2201 2151/790/2151 2150/800/2150 2200/799/2200
f 2264/801/2264 2214/804/2214 2213/803/2213 2263/802/2263
f 2204/701/2204 2154/702/2154 2153/806/2153 2203/805/2203
f 2150/800/2150 2100/691/2100 2099/738/2099 2149/743/2149
f 2101/690/2101 2100/691/2100 2150/800/2150 2151/790/2151
f 2160/756/2160 2110/757/2110 2109/705/2109 2159/807/2159
f 2305/808/2305 2255/811/2255 2254/810/2254 2304/809/2304
f 2153/806/2153 2103/697/2103 2152/742/2152 2202/812/2202
f 2154/702/2154 2104/591/2104 2103/697/2103 2153/806/2153
f 2105/590/2105 2104/591/2104 2154/702/2154 2155/703/2155
f 2209/813/2209 2159/807/2159 2158/751/2158 2208/748/2208
f 2168/763/2168 2118/764/2118 2117/709/2117 2167/814/2167
f 2158/751/2158 2108/641/2108 2107/642/2107 2157/752/2157
f 2109/705/2109 2108/641/2108 2158/751/2158 2159/807/2159
f 2213/803/2213 2163/694/2163 2162/796/2162 2212/794/2212
f 2172/767/2172 2122/768/2122 2121/713/2121 2171/815/2171
f 2162/796/2162 2112/686/2112 2111/687/2111 2161/755/2161
f 2113/695/2113 2112/686/2112 2162/796/2162 2163/694/2163
f 2217/816/2217 2167/814/2167 2166/818/2166 2216/817/2216
f 2176/772/2176 2126/773/2126 2125/718/2125 2175/819/2175
f 2166/818/2166 2116/710/2116 2115/760/2115 2165/759/2165
f 2117/709/2117 2116/710/2116 2166/818/2166 2167/814/2167
f 2221/820/2221 2171/815/2171 2170/822/2170 2220/821/2220
f 2180/776/2180 2130/777/2130 2129/722/2129 2179/823/2179
f 2170/822/2170 2120/714/2120 2119/758/2119 2169/762/2169
f 2121/713/2121 2120/714/2120 2170/822/2170 2171/815/2171
f 2225/824/2225 2175/819/2175 2174/826/2174 2224/825/2224
f 2184/780/2184 2134/781/2134 2133/726/2133 2183/827/2183
f 2174/826/2174 2124/719/2124 2123/761/2123 2173/766/2173
f 2125/718/2125 2124/719/2124 2174/826/2174 2175/819/2175
f 2229/828/2229 2179/823/2179 2178/830/2178 2228/829/2228
f 2188/784/2188 2138/785/2138 2137/731/2137 2187/831/2187
f 2178/830/2178 2128/723/2128 2127/765/2127 2177/771/2177
f 2129/722/2129 2128/723/2128 2178/830/2178 2179/823/2179
f 2233/832/2233 2183/827/2183 2182/834/2182 2232/833/2232
f 2192/788/2192 2142/789/2142 2141/735/2141 2191/835/2191
f 2182/834/2182 2132/727/2132 2131/769/2131 2181/836/2181
f 2133/726/2133 2132/727/2132 2182/834/2182 2183/837/2183
f 2237/838/2237 2187/831/2187 2186/840/2186 2236/839/2236
f 2196/792/2196 2146/793/2146 2145/739/2145 2195/841/2195
f 2186/840/2186 2136/732/2136 2135/774/2135 2185/779/2185
f 2137/731/2137 2136/732/2136 2186/840/2186 2187/831/2187
f 2241/842/2241 2191/835/2191 2190/844/2190 2240/843/2240
f 2200/799/2200 2150/800/2150 2149/743/2149 2199/845/2199
f 2190/844/2190 2140/736/2140 2139/778/2139 2189/783/2189
f 2141/735/2141 2140/736/2140 2190/844/2190 2191/835/2191
f 2245/846/2245 2195/849/2195 2194/848/2194 2244/847/2244
f 2202/812/2202 2252/850/2252 2203/805/2203 2153/806/2153
f 2194/848/2194 2144/740/2144 2143/782/2143 2193/787/2193
f 2145/739/2145 2144/740/2144 2194/848/2194 2195/841/2195
f 2249/851/2249 2199/845/2199 2198/853/2198 2248/852/2248
f 2256/854/2256 2206/855/2206 2205/700/2205 2255/811/2255
f 2198/853/2198 2148/744/2148 2147/786/2147 2197/791/2197
f 2149/743/2149 2148/744/2148 2198/853/2198 2199/845/2199
f 2308/856/2308 2258/859/2258 2257/858/2257 2307/857/2307
f 2202/812/2202 2152/742/2152 2151/790/2151 2201/798/2201
f 2257/858/2257 2207/860/2207 2206/855/2206 2256/854/2256
f 2216/817/2216 2166/818/2166 2165/862/2165 2215/861/2215
f 2206/855/2206 2156/746/2156 2155/703/2155 2205/700/2205
f 2157/750/2157 2156/746/2156 2206/855/2206 2207/749/2207
f 2261/863/2261 2211/795/2211 2210/865/2210 2260/864/2260
f 2220/821/2220 2170/867/2170 2169/762/2169 2219/866/2219
f 2210/865/2210 2160/756/2160 2159/807/2159 2209/813/2209
f 2161/755/2161 2160/756/2160 2210/865/2210 2211/795/2211
f 2265/868/2265 2215/870/2215 2214/804/2214 2264/869/2264
f 2224/825/2224 2174/826/2174 2173/766/2173 2223/871/2223
f 2214/804/2214 2164/693/2164 2163/694/2163 2213/803/2213
f 2165/862/2165 2164/693/2164 2214/804/2214 2215/861/2215
f 2269/872/2269 2219/875/2219 2218/874/2218 2268/873/2268
f 2228/829/2228 2178/830/2178 2177/771/2177 2227/876/2227
f 2218/874/2218 2168/763/2168 2167/814/2167 2217/816/2217
f 2169/762/2169 2168/763/2168 2218/874/2218 2219/866/2219
f 2273/877/2273 2223/871/2223 2222/879/2222 2272/878/2272
f 2232/833/2232 2182/834/2182 2181/775/2181 2231/880/2231
f 2222/879/2222 2172/767/2172 2171/815/2171 2221/820/2221
f 2173/766/2173 2172/767/2172 2222/879/2222 2223/871/2223
f 2277/881/2277 2227/876/2227 2226/883/2226 2276/882/2276
f 2236/839/2236 2186/840/2186 2185/779/2185 2235/884/2235
f 2226/883/2226 2176/772/2176 2175/819/2175 2225/824/2225
f 2177/771/2177 2176/772/2176 2226/883/2226 2227/876/2227
f 2281/885/2281 2231/880/2231 2230/887/2230 2280/886/2280
f 2240/843/2240 2190/844/2190 2189/783/2189 2239/888/2239
f 2230/887/2230 2180/776/2180 2179/823/2179 2229/828/2229
f 2181/775/2181 2180/776/2180 2230/889/2230 2231/880/2231
f 2285/890/2285 2235/884/2235 2234/892/2234 2284/891/2284
f 2244/847/2244 2194/848/2194 2193/787/2193 2243/893/2243
f 2234/894/2234 2184/780/2184 2183/827/2183 2233/832/2233
f 2185/779/2185 2184/780/2184 2234/894/2234 2235/884/2235
f 2289/895/2289 2239/888/2239 2238/897/2238 2288/896/2288
f 2248/852/2248 2198/853/2198 2197/791/2197 2247/898/2247
f 2238/897/2238 2188/784/2188 2187/831/2187 2237/838/2237
f 2189/783/2189 2188/784/2188 2238/897/2238 2239/888/2239
f 2293/899/2293 2243/893/2243 2242/901/2242 2292/900/2292
f 2252/850/2252 2202/812/2202 2201/798/2201 2251/902/2251
f 2242/901/2242 2192/788/2192 2191/835/2191 2241/842/2241
f 2193/787/2193 2192/788/2192 2242/901/2242 2243/893/2243
f 2297/903/2297 2247/898/2247 2246/905/2246 2296/904/2296
f 2312/906/2312 2262/909/2262 2261/908/2261 2311/907/2311
f 2246/905/2246 2196/792/2196 2195/841/2195 2245/846/2245
f 2197/791/2197 2196/792/2196 2246/905/2246 2247/898/2247
f 2301/910/2301 2251/902/2251 2250/912/2250 2300/911/2300
f 2364/913/2364 2314/916/2314 2313/915/2313 2363/914/2363
f 2304/809/2304 2254/810/2254 2253/918/2253 2303/917/2303
f 2250/912/2250 2200/799/2200 2199/845/2199 2249/851/2249
f 2201/798/2201 2200/799/2200 2250/912/2250 2251/902/2251
f 2260/919/2260 2210/865/2210 2209/813/2209 2259/920/2259
f 2405/921/2405 2355/924/2355 2354/923/2354 2404/922/2404
f 2253/918/2253 2203/805/2203 2252/850/2252 2302/925/2302
f 2254/810/2254 2204/701/2204 2203/805/2203 2253/918/2253
f 2205/700/2205 2204/701/2204 2254/810/2254 2255/811/2255
f 2309/926/2309 2259/920/2259 2258/859/2258 2308/856/2308
f 2268/873/2268 2218/874/2218 2217/816/2217 2267/927/2267
f 2258/859/2258 2208/748/2208 2207/860/2207 2257/858/2257
f 2209/813/2209 2208/748/2208 2258/859/2258 2259/920/2259
f 2313/915/2313 2263/929/2263 2262/928/2262 2312/906/2312
f 2272/878/2272 2222/879/2222 2221/820/2221 2271/930/2271
f 2262/909/2262 2212/794/2212 2211/795/2211 2261/908/2261
f 2213/803/2213 2212/794/2212 2262/928/2262 2263/929/2263
f 2317/931/2317 2267/927/2267 2266/933/2266 2316/932/2316
f 2276/882/2276 2226/883/2226 2225/824/2225 2275/934/2275
f 2266/933/2266 2216/817/2216 2215/870/2215 2265/868/2265
f 2217/816/2217 2216/817/2216 2266/933/2266 2267/927/2267
f 2321/935/2321 2271/930/2271 2270/937/2270 2320/936/2320
f 2280/886/2280 2230/887/2230 2229/828/2229 2279/938/2279
f 2270/937/2270 2220/821/2220 2219/866/2219 2269/872/2269
f 2221/820/2221 2220/821/2220 2270/937/2270 2271/930/2271
f 2325/939/2325 2275/934/2275 2274/941/2274 2324/940/2324
f 2284/891/2284 2234/894/2234 2233/832/2233 2283/942/2283
f 2274/941/2274 2224/825/2224 2223/871/2223 2273/877/2273
f 2225/824/2225 2224/825/2224 2274/941/2274 2275/934/2275
f 2329/943/2329 2279/946/2279 2278/945/2278 2328/944/2328
f 2288/896/2288 2238/897/2238 2237/838/2237 2287/947/2287
f 2278/945/2278 2228/829/2228 2227/876/2227 2277/881/2277
f 2229/828/2229 2228/829/2228 2278/945/2278 2279/938/2279
f 2333/948/2333 2283/942/2283 2282/950/2282 2332/949/2332
f 2292/900/2292 2242/901/2242 2241/842/2241 2291/951/2291
f 2282/950/2282 2232/833/2232 2231/880/2231 2281/885/2281
f 2233/832/2233 2232/833/2232 2282/950/2282 2283/942/2283
f 2337/952/2337 2287/947/2287 2286/954/2286 2336/953/2336
f 2296/904/2296 2246/905/2246 2245/846/2245 2295/955/2295
f 2286/956/2286 2236/839/2236 2235/884/2235 2285/890/2285
f 2237/838/2237 2236/839/2236 2286/956/2286 2287/957/2287
f 2341/958/2341 2291/951/2291 2290/960/2290 2340/959/2340
f 2300/911/2300 2250/912/2250 2249/851/2249 2299/961/2299
f 2290/960/2290 2240/843/2240 2239/888/2239 2289/895/2289
f 2241/842/2241 2240/843/2240 2290/960/2290 2291/951/2291
f 2345/962/2345 2295/955/2295 2294/964/2294 2344/963/2344
f 2302/925/2302 2352/965/2352 2303/917/2303 2253/918/2253
f 2294/964/2294 2244/967/2244 2243/893/2243 2293/966/2293
f 2245/846/2245 2244/847/2244 2294/964/2294 2295/955/2295
f 2349/968/2349 2299/961/2299 2298/970/2298 2348/969/2348
f 2356/971/2356 2306/972/2306 2305/808/2305 2355/924/2355
f 2298/970/2298 2248/852/2248 2247/898/2247 2297/903/2297
f 2249/851/2249 2248/852/2248 2298/970/2298 2299/961/2299
f 2408/973/2408 2358/976/2358 2357/975/2357 2407/974/2407
f 2302/925/2302 2252/850/2252 2251/902/2251 2301/910/2301
f 2357/975/2357 2307/857/2307 2306/972/2306 2356/971/2356
f 2316/932/2316 2266/933/2266 2265/978/2265 2315/977/2315
f 2306/979/2306 2256/854/2256 2255/811/2255 2305/808/2305
f 2257/858/2257 2256/854/2256 2306/979/2306 2307/857/2307
f 2361/980/2361 2311/907/2311 2310/982/2310 2360/981/2360
f 2320/936/2320 2270/937/2270 2269/872/2269 2319/983/2319
f 2310/982/2310 2260/919/2260 2259/920/2259 2309/926/2309
f 2261/863/2261 2260/864/2260 2310/982/2310 2311/907/2311
f 2365/984/2365 2315/985/2315 2314/916/2314 2364/913/2364
f 2324/940/2324 2274/941/2274 2273/877/2273 2323/986/2323
f 2314/916/2314 2264/869/2264 2263/802/2263 2313/915/2313
f 2265/978/2265 2264/869/2264 2314/916/2314 2315/977/2315
f 2369/987/2369 2319/983/2319 2318/989/2318 2368/988/2368
f 2328/944/2328 2278/945/2278 2277/881/2277 2327/990/2327
f 2318/991/2318 2268/992/2268 2267/927/2267 2317/931/2317
f 2269/872/2269 2268/873/2268 2318/989/2318 2319/983/2319
f 2373/993/2373 2323/986/2323 2322/995/2322 2372/994/2372
f 2332/949/2332 2282/950/2282 2281/885/2281 2331/996/2331
f 2322/995/2322 2272/878/2272 2271/930/2271 2321/935/2321
f 2273/877/2273 2272/878/2272 2322/995/2322 2323/986/2323
f 2377/997/2377 2327/990/2327 2326/999/2326 2376/998/2376
f 2336/953/2336 2286/956/2286 2285/890/2285 2335/1000/2335
f 2326/999/2326 2276/882/2276 2275/934/2275 2325/939/2325
f 2277/881/2277 2276/882/2276 2326/999/2326 2327/990/2327
f 2381/1001/2381 2331/996/2331 2330/1003/2330 2380/1002/2380
f 2340/1004/2340 2290/960/2290 2289/895/2289 2339/1005/2339
f 2330/1003/2330 2280/886/2280 2279/938/2279 2329/943/2329
f 2281/885/2281 2280/886/2280 2330/1003/2330 2331/996/2331
f 2385/1006/2385 2335/1000/2335 2334/1008/2334 2384/1007/2384
f 2344/963/2344 2294/964/2294 2293/966/2293 2343/1009/2343
f 2334/1008/2334 2284/891/2284 2283/942/2283 2333/948/2333
f 2285/890/2285 2284/891/2284 2334/1008/2334 2335/1000/2335
f 2389/1010/2389 2339/1013/2339 2338/1012/2338 2388/1011/2388
f 2348/969/2348 2298/970/2298 2297/903/2297 2347/1014/2347
f 2338/1012/2338 2288/896/2288 2287/947/2287 2337/952/2337
f 2289/895/2289 2288/896/2288 2338/1012/2338 2339/1013/2339
f 2393/1015/2393 2343/1009/2343 2342/1017/2342 2392/1016/2392
f 2352/965/2352 2302/925/2302 2301/910/2301 2351/1018/2351
f 2342/1017/2342 2292/900/2292 2291/951/2291 2341/958/2341
f 2293/899/2293 2292/900/2292 2342/1019/2342 2343/1009/2343
f 2397/1020/2397 2347/1014/2347 2346/1022/2346 2396/1021/2396
f 2412/1023/2412 2362/1025/2362 2361/980/2361 2411/1024/2411
f 2346/1022/2346 2296/904/2296 2295/955/2295 2345/962/2345
f 2297/903/2297 2296/904/2296 2346/1022/2346 2347/1014/2347
f 2401/1026/2401 2351/1018/2351 2350/1028/2350 2400/1027/2400
f 2464/1029/2464 2414/1032/2414 2413/1031/2413 2463/1030/2463
f 2404/922/2404 2354/923/2354 2353/1034/2353 2403/1033/2403
f 2350/1028/2350 2300/911/2300 2299/961/2299 2349/968/2349
f 2301/910/2301 2300/911/2300 2350/1028/2350 2351/1018/2351
f 2360/981/2360 2310/982/2310 2309/926/2309 2359/1035/2359
f 2505/1036/2505 2455/1039/2455 2454/1038/2454 2504/1037/2504
f 2353/1034/2353 2303/917/2303 2352/965/2352 2402/1040/2402
f 2354/923/2354 2304/809/2304 2303/917/2303 2353/1034/2353
f 2305/808/2305 2304/809/2304 2354/923/2354 2355/924/2355
f 2409/1041/2409 2359/1035/2359 2358/976/2358 2408/973/2408
f 2368/988/2368 2318/989/2318 2317/931/2317 2367/1042/2367
f 2358/976/2358 2308/856/2308 2307/857/2307 2357/975/2357
f 2309/926/2309 2308/856/2308 2358/976/2358 2359/1035/2359
f 2413/1031/2413 2363/914/2363 2362/1025/2362 2412/1023/2412
f 2372/994/2372 2322/995/2322 2321/935/2321 2371/1043/2371
f 2362/1025/2362 2312/906/2312 2311/907/2311 2361/980/2361
f 2313/915/2313 2312/906/2312 2362/1025/2362 2363/914/2363
f 2417/1044/2417 2367/1042/2367 2366/1046/2366 2416/1045/2416
f 2376/998/2376 2326/999/2326 2325/939/2325 2375/1047/2375
f 2366/1046/2366 2316/932/2316 2315/985/2315 2365/984/2365
f 2317/931/2317 2316/932/2316 2366/1046/2366 2367/1042/2367
f 2421/1048/2421 2371/1043/2371 2370/1050/2370 2420/1049/2420
f 2380/1002/2380 2330/1003/2330 2329/1052/2329 2379/1051/2379
f 2370/1050/2370 2320/936/2320 2319/983/2319 2369/987/2369
f 2321/935/2321 2320/936/2320 2370/1050/2370 2371/1043/2371
f 2425/1053/2425 2375/1047/2375 2374/1055/2374 2424/1054/2424
f 2384/1007/2384 2334/1008/2334 2333/948/2333 2383/1056/2383
f 2374/1055/2374 2324/940/2324 2323/986/2323 2373/993/2373
f 2325/939/2325 2324/940/2324 2374/1055/2374 2375/1047/2375
f 2429/1057/2429 2379/1060/2379 2378/1059/2378 2428/1058/2428
f 2388/1011/2388 2338/1012/2338 2337/952/2337 2387/1061/2387
f 2378/1059/2378 2328/944/2328 2327/990/2327 2377/997/2377
f 2329/1052/2329 2328/944/2328 2378/1059/2378 2379/1051/2379
f 2433/1062/2433 2383/1056/2383 2382/1064/2382 2432/1063/2432
f 2392/1016/2392 2342/1017/2342 2341/958/2341 2391/1065/2391
f 2382/1064/2382 2332/949/2332 2331/996/2331 2381/1001/2381
f 2333/948/2333 2332/949/2332 2382/1064/2382 2383/1056/2383
f 2437/1066/2437 2387/1061/2387 2386/1068/2386 2436/1067/2436
f 2396/1021/2396 2346/1022/2346 2345/962/2345 2395/1069/2395
f 2386/1068/2386 2336/953/2336 2335/1000/2335 2385/1006/2385
f 2337/952/2337 2336/953/2336 2386/1068/2386 2387/1061/2387
f 2441/1070/2441 2391/1073/2391 2390/1072/2390 2440/1071/2440
f 2400/1027/2400 2350/1028/2350 2349/968/2349 2399/1074/2399
f 2390/1072/2390 2340/959/2340 2339/1005/2339 2389/1010/2389
f 2341/958/2341 2340/959/2340 2390/1072/2390 2391/1065/2391
f 2445/1075/2445 2395/1069/2395 2394/1077/2394 2444/1076/2444
f 2402/1040/2402 2452/1078/2452 2403/1033/2403 2353/1034/2353
f 2394/1077/2394 2344/963/2344 2343/1009/2343 2393/1015/2393
f 2345/962/2345 2344/963/2344 2394/1077/2394 2395/1069/2395
f 2449/1079/2449 2399/1074/2399 2398/1081/2398 2448/1080/2448
f 2456/1082/2456 2406/1083/2406 2405/921/2405 2455/1039/2455
f 2398/1081/2398 2348/969/2348 2347/1014/2347 2397/1020/2397
f 2349/968/2349 2348/969/2348 2398/1081/2398 2399/1074/2399
f 2508/1084/2508 2458/1087/2458 2457/1086/2457 2507/1085/2507
f 2402/1040/2402 2352/965/2352 2351/1018/2351 2401/1026/2401
f 2457/1086/2457 2407/974/2407 2406/1083/2406 2456/1082/2456
f 2416/1045/2416 2366/1046/2366 2365/1089/2365 2415/1088/2415
f 2406/1090/2406 2356/1091/2356 2355/924/2355 2405/921/2405
f 2357/975/2357 2356/1091/2356 2406/1090/2406 2407/974/2407
f 2461/1092/2461 2411/1024/2411 2410/1094/2410 2460/1093/2460
f 2420/1049/2420 2370/1050/2370 2369/987/2369 2419/1095/2419
f 2410/1094/2410 2360/981/2360 2359/1035/2359 2409/1041/2409
f 2361/980/2361 2360/981/2360 2410/1094/2410 2411/1024/2411
f 2465/1096/2465 2415/1097/2415 2414/1032/2414 2464/1029/2464
f 2424/1054/2424 2374/1055/2374 2373/993/2373 2423/1098/2423
f 2414/1032/2414 2364/913/2364 2363/914/2363 2413/1031/2413
f 2365/1089/2365 2364/913/2364 2414/1032/2414 2415/1088/2415
f 2469/1099/2469 2419/1095/2419 2418/1101/2418 2468/1100/2468
f 2428/1058/2428 2378/1059/2378 2377/997/2377 2427/1102/2427
f 2418/1101/2418 2368/1103/2368 2367/1042/2367 2417/1044/2417
f 2369/987/2369 2368/1103/2368 2418/1101/2418 2419/1095/2419
f 2473/1104/2473 2423/1098/2423 2422/1106/2422 2472/1105/2472
f 2432/1063/2432 2382/1064/2382 2381/1001/2381 2431/1107/2431
f 2422/1106/2422 2372/994/2372 2371/1043/2371 2421/1048/2421
f 2373/993/2373 2372/994/2372 2422/1106/2422 2423/1098/2423
f 2477/1108/2477 2427/1102/2427 2426/1110/2426 2476/1109/2476
f 2436/1067/2436 2386/1068/2386 2385/1006/2385 2435/1111/2435
f 2426/1110/2426 2376/998/2376 2375/1047/2375 2425/1053/2425
f 2377/997/2377 2376/998/2376 2426/1110/2426 2427/1102/2427
f 2481/1112/2481 2431/1107/2431 2430/1114/2430 2480/1113/2480
f 2440/1071/2440 2390/1072/2390 2389/1010/2389 2439/1115/2439
f 2430/1114/2430 2380/1002/2380 2379/1060/2379 2429/1116/2429
f 2381/1001/2381 2380/1002/2380 2430/1114/2430 2431/1107/2431
f 2485/1117/2485 2435/1111/2435 2434/1119/2434 2484/1118/2484
f 2444/1076/2444 2394/1077/2394 2393/1015/2393 2443/1120/2443
f 2434/1119/2434 2384/1007/2384 2383/1056/2383 2433/1062/2433
f 2385/1006/2385 2384/1007/2384 2434/1119/2434 2435/1111/2435
f 2489/1121/2489 2439/1115/2439 2438/1123/2438 2488/1122/2488
f 2448/1080/2448 2398/1081/2398 2397/1020/2397 2447/1124/2447
f 2438/1123/2438 2388/1011/2388 2387/1061/2387 2437/1066/2437
f 2389/1010/2389 2388/1011/2388 2438/1123/2438 2439/1115/2439
f 2493/1125/2493 2443/1120/2443 2442/1127/2442 2492/1126/2492
f 2452/1078/2452 2402/1040/2402 2401/1026/2401 2451/1128/2451
f 2442/1127/2442 2392/1016/2392 2391/1073/2391 2441/1070/2441
f 2393/1015/2393 2392/1016/2392 2442/1127/2442 2443/1120/2443
f 2497/1129/2497 2447/1124/2447 2446/1131/2446 2496/1130/2496
f 2512/1132/2512 2462/1134/2462 2461/1092/2461 2511/1133/2511
f 2446/1131/2446 2396/1021/2396 2395/1069/2395 2445/1075/2445
f 2397/1020/2397 2396/1021/2396 2446/1131/2446 2447/1124/2447
f 2501/1135/2501 2451/1128/2451 2450/1137/2450 2500/1136/2500
f 2564/1138/2564 2514/1141/2514 2513/1140/2513 2563/1139/2563
f 2504/1037/2504 2454/1038/2454 2453/1143/2453 2503/1142/2503
f 2450/1137/2450 2400/1027/2400 2399/1074/2399 2449/1079/2449
f 2401/1026/2401 2400/1027/2400 2450/1137/2450 2451/1128/2451
f 2460/1093/2460 2410/1094/2410 2409/1041/2409 2459/1144/2459
f 2605/1145/2605 2555/1148/2555 2554/1147/2554 2604/1146/2604
f 2453/1143/2453 2403/1033/2403 2452/1078/2452 2502/1149/2502
f 2454/1038/2454 2404/922/2404 2403/1033/2403 2453/1143/2453
f 2405/921/2405 2404/922/2404 2454/1038/2454 2455/1039/2455
f 2509/1150/2509 2459/1144/2459 2458/1087/2458 2508/1084/2508
f 2468/1100/2468 2418/1101/2418 2417/1044/2417 2467/1151/2467
f 2458/1087/2458 2408/973/2408 2407/974/2407 2457/1086/2457
f 2409/1041/2409 2408/973/2408 2458/1087/2458 2459/1144/2459
f 2513/1140/2513 2463/1030/2463 2462/1134/2462 2512/1132/2512
f 2472/1105/2472 2422/1106/2422 2421/1048/2421 2471/1152/2471
f 2462/1134/2462 2412/1023/2412 2411/1024/2411 2461/1092/2461
f 2413/1031/2413 2412/1023/2412 2462/1134/2462 2463/1030/2463
f 2517/1153/2517 2467/1151/2467 2466/1155/2466 2516/1154/2516
f 2476/1109/2476 2426/1110/2426 2425/1053/2425 2475/1156/2475
f 2466/1155/2466 2416/1045/2416 2415/1097/2415 2465/1096/2465
f 2417/1044/2417 2416/1045/2416 2466/1155/2466 2467/1151/2467
f 2521/1157/2521 2471/1152/2471 2470/1159/2470 2520/1158/2520
f 2480/1113/2480 2430/1114/2430 2429/1057/2429 2479/1160/2479
f 2470/1159/2470 2420/1049/2420 2419/1095/2419 2469/1099/2469
f 2421/1048/2421 2420/1049/2420 2470/1159/2470 2471/1152/2471
f 2525/1161/2525 2475/1156/2475 2474/1163/2474 2524/1162/2524
f 2484/1118/2484 2434/1119/2434 2433/1062/2433 2483/1164/2483
f 2474/1163/2474 2424/1054/2424 2423/1098/2423 2473/1104/2473
f 2425/1053/2425 2424/1054/2424 2474/1163/2474 2475/1156/2475
f 2529/1165/2529 2479/1160/2479 2478/1167/2478 2528/1166/2528
f 2488/1122/2488 2438/1123/2438 2437/1066/2437 2487/1168/2487
f 2478/1167/2478 2428/1058/2428 2427/1102/2427 2477/1108/2477
f 2429/1057/2429 2428/1058/2428 2478/1167/2478 2479/1160/2479
f 2533/1169/2533 2483/1164/2483 2482/1171/2482 2532/1170/2532
f 2492/1126/2492 2442/1127/2442 2441/1173/2441 2491/1172/2491
f 2482/1171/2482 2432/1063/2432 2431/1107/2431 2481/1112/2481
f 2433/1062/2433 2432/1063/2432 2482/1171/2482 2483/1164/2483
f 2537/1174/2537 2487/1168/2487 2486/1176/2486 2536/1175/2536
f 2496/1130/2496 2446/1131/2446 2445/1075/2445 2495/1177/2495
f 2486/1176/2486 2436/1067/2436 2435/1111/2435 2485/1117/2485
f 2437/1066/2437 2436/1067/2436 2486/1176/2486 2487/1168/2487
f 2541/1178/2541 2491/1172/2491 2490/1180/2490 2540/1179/2540
f 2500/1136/2500 2450/1137/2450 2449/1079/2449 2499/1181/2499
f 2490/1180/2490 2440/1071/2440 2439/1115/2439 2489/1121/2489
f 2441/1173/2441 2440/1071/2440 2490/1180/2490 2491/1172/2491
f 2545/1182/2545 2495/1177/2495 2494/1184/2494 2544/1183/2544
f 2502/1149/2502 2552/1185/2552 2503/1142/2503 2453/1143/2453
f 2494/1184/2494 2444/1076/2444 2443/1120/2443 2493/1125/2493
f 2445/1075/2445 2444/1076/2444 2494/1184/2494 2495/1177/2495
f 2549/1186/2549 2499/1181/2499 2498/1188/2498 2548/1187/2548
f 2556/1189/2556 2506/1190/2506 2505/1036/2505 2555/1148/2555
f 2498/1188/2498 2448/1080/2448 2447/1124/2447 2497/1129/2497
f 2449/1079/2449 2448/1080/2448 2498/1188/2498 2499/1181/2499
f 2608/1191/2608 2558/1194/2558 2557/1193/2557 2607/1192/2607
f 2502/1149/2502 2452/1078/2452 2451/1128/2451 2501/1135/2501
f 2557/1193/2557 2507/1085/2507 2506/1190/2506 2556/1189/2556
f 2516/1154/2516 2466/1155/2466 2465/1196/2465 2515/1195/2515
f 2506/1197/2506 2456/1198/2456 2455/1039/2455 2505/1036/2505
f 2457/1086/2457 2456/1198/2456 2506/1197/2506 2507/1085/2507
f 2561/1199/2561 2511/1133/2511 2510/1201/2510 2560/1200/2560
f 2520/1158/2520 2470/1159/2470 2469/1099/2469 2519/1202/2519
f 2510/1201/2510 2460/1093/2460 2459/1144/2459 2509/1150/2509
f 2461/1092/2461 2460/1093/2460 2510/1201/2510 2511/1133/2511
f 2565/1203/2565 2515/1204/2515 2514/1141/2514 2564/1138/2564
f 2524/1162/2524 2474/1163/2474 2473/1104/2473 2523/1205/2523
f 2514/1141/2514 2464/1029/2464 2463/1030/2463 2513/1140/2513
f 2465/1196/2465 2464/1029/2464 2514/1141/2514 2515/1195/2515
f 2569/1206/2569 2519/1202/2519 2518/1208/2518 2568/1207/2568
f 2528/1166/2528 2478/1167/2478 2477/1108/2477 2527/1209/2527
f 2518/1208/2518 2468/1100/2468 2467/1151/2467 2517/1153/2517
f 2469/1099/2469 2468/1100/2468 2518/1208/2518 2519/1202/2519
f 2573/1210/2573 2523/1205/2523 2522/1212/2522 2572/1211/2572
f 2532/1170/2532 2482/1171/2482 2481/1112/2481 2531/1213/2531
f 2522/1212/2522 2472/1105/2472 2471/1152/2471 2521/1157/2521
f 2473/1104/2473 2472/1105/2472 2522/1212/2522 2523/1205/2523
f 2577/1214/2577 2527/1209/2527 2526/1216/2526 2576/1215/2576
f 2536/1175/2536 2486/1176/2486 2485/1117/2485 2535/1217/2535
f 2526/1216/2526 2476/1109/2476 2475/1156/2475 2525/1161/2525
f 2477/1108/2477 2476/1109/2476 2526/1216/2526 2527/1209/2527
f 2581/1218/2581 2531/1213/2531 2530/1220/2530 2580/1219/2580
f 2540/1179/2540 2490/1180/2490 2489/1121/2489 2539/1221/2539
f 2530/1220/2530 2480/1113/2480 2479/1160/2479 2529/1165/2529
f 2481/1112/2481 2480/1113/2480 2530/1220/2530 2531/1213/2531
f 2585/1222/2585 2535/1217/2535 2534/1224/2534 2584/1223/2584
f 2544/1183/2544 2494/1184/2494 2493/1125/2493 2543/1225/2543
f 2534/1224/2534 2484/1118/2484 2483/1164/2483 2533/1169/2533
f 2485/1117/2485 2484/1118/2484 2534/1224/2534 2535/1217/2535
f 2589/1226/2589 2539/1221/2539 2538/1228/2538 2588/1227/2588
f 2548/1187/2548 2498/1188/2498 2497/1129/2497 2547/1229/2547
f 2538/1228/2538 2488/1122/2488 2487/1168/2487 2537/1174/2537
f 2489/1121/2489 2488/1122/2488 2538/1228/2538 2539/1221/2539
f 2593/1230/2593 2543/1225/2543 2542/1232/2542 2592/1231/2592
f 2552/1185/2552 2502/1149/2502 2501/1135/2501 2551/1233/2551
f 2542/1232/2542 2492/1126/2492 2491/1234/2491 2541/1178/2541
f 2493/1125/2493 2492/1126/2492 2542/1232/2542 2543/1225/2543
f 2597/1235/2597 2547/1229/2547 2546/1237/2546 2596/1236/2596
f 2612/1238/2612 2562/1240/2562 2561/1199/2561 2611/1239/2611
f 2546/1237/2546 2496/1130/2496 2495/1177/2495 2545/1182/2545
f 2497/1129/2497 2496/1130/2496 2546/1237/2546 2547/1229/2547
f 2601/1241/2601 2551/1233/2551 2550/1243/2550 2600/1242/2600
f 2687/1244/2687 2614/1247/2614 2613/1246/2613 2684/1245/2684
f 2604/1146/2604 2554/1147/2554 2553/1249/2553 2603/1248/2603
f 2550/1243/2550 2500/1136/2500 2499/1181/2499 2549/1186/2549
f 2501/1135/2501 2500/1136/2500 2550/1243/2550 2551/1233/2551
f 2560/1200/2560 2510/1201/2510 2509/1150/2509 2559/1250/2559
f 2656/1251/2656 2604/1146/2604 2603/1248/2603 2653/1252/2653
f 2553/1249/2553 2503/1142/2503 2552/1185/2552 2602/1253/2602
f 2554/1147/2554 2504/1037/2504 2503/1142/2503 2553/1249/2553
f 2505/1036/2505 2504/1037/2504 2554/1147/2554 2555/1148/2555
f 2609/1254/2609 2559/1250/2559 2558/1194/2558 2608/1255/2608
f 2568/1207/2568 2518/1257/2518 2517/1153/2517 2567/1256/2567
f 2558/1194/2558 2508/1084/2508 2507/1085/2507 2557/1193/2557
f 2509/1150/2509 2508/1084/2508 2558/1194/2558 2559/1250/2559
f 2613/1258/2613 2563/1139/2563 2562/1240/2562 2612/1259/2612
f 2572/1211/2572 2522/1212/2522 2521/1157/2521 2571/1260/2571
f 2562/1240/2562 2512/1132/2512 2511/1133/2511 2561/1199/2561
f 2513/1140/2513 2512/1132/2512 2562/1240/2562 2563/1139/2563
f 2617/1261/2617 2567/1256/2567 2566/1263/2566 2616/1262/2616
f 2576/1215/2576 2526/1216/2526 2525/1161/2525 2575/1264/2575
f 2566/1263/2566 2516/1154/2516 2515/1204/2515 2565/1203/2565
f 2517/1153/2517 2516/1154/2516 2566/1263/2566 2567/1256/2567
f 2621/1265/2621 2571/1260/2571 2570/1267/2570 2620/1266/2620
f 2580/1219/2580 2530/1220/2530 2529/1269/2529 2579/1268/2579
f 2570/1267/2570 2520/1158/2520 2519/1202/2519 2569/1206/2569
f 2521/1157/2521 2520/1158/2520 2570/1267/2570 2571/1260/2571
f 2625/1270/2625 2575/1264/2575 2574/1272/2574 2624/1271/2624
f 2584/1223/2584 2534/1224/2534 2533/1169/2533 2583/1273/2583
f 2574/1272/2574 2524/1162/2524 2523/1205/2523 2573/1210/2573
f 2525/1161/2525 2524/1162/2524 2574/1272/2574 2575/1264/2575
f 2629/1274/2629 2579/1268/2579 2578/1276/2578 2628/1275/2628
f 2588/1227/2588 2538/1228/2538 2537/1174/2537 2587/1277/2587
f 2578/1276/2578 2528/1166/2528 2527/1209/2527 2577/1214/2577
f 2529/1269/2529 2528/1166/2528 2578/1276/2578 2579/1268/2579
f 2633/1278/2633 2583/1273/2583 2582/1280/2582 2632/1279/2632
f 2592/1231/2592 2542/1232/2542 2541/1178/2541 2591/1281/2591
f 2582/1280/2582 2532/1170/2532 2531/1213/2531 2581/1218/2581
f 2533/1169/2533 2532/1170/2532 2582/1280/2582 2583/1273/2583
f 2637/1282/2637 2587/1277/2587 2586/1284/2586 2636/1283/2636
f 2596/1236/2596 2546/1237/2546 2545/1182/2545 2595/1285/2595
f 2586/1284/2586 2536/1175/2536 2535/1217/2535 2585/1222/2585
f 2537/1174/2537 2536/1175/2536 2586/1284/2586 2587/1277/2587
f 2641/1286/2641 2591/1289/2591 2590/1288/2590 2640/1287/2640
f 2600/1242/2600 2550/1243/2550 2549/1186/2549 2599/1290/2599
f 2590/1288/2590 2540/1179/2540 2539/1221/2539 2589/1226/2589
f 2541/1291/2541 2540/1179/2540 2590/1288/2590 2591/1281/2591
f 2645/1292/2645 2595/1285/2595 2594/1294/2594 2644/1293/2644
f 2602/1253/2602 2652/1295/2652 2603/1248/2603 2553/1249/2553
f 2594/1294/2594 2544/1183/2544 2543/1225/2543 2593/1230/2593
f 2545/1182/2545 2544/1183/2544 2594/1294/2594 2595/1285/2595
f 2649/1296/2649 2599/1290/2599 2598/1298/2598 2648/1297/2648
f 2663/1299/2663 2606/1301/2606 2605/1145/2605 2660/1300/2660
f 2598/1298/2598 2548/1187/2548 2547/1229/2547 2597/1235/2597
f 2654/1302/2654 2657/1305/2657 2658/1304/2658 2655/1303/2655
f 2549/1186/2549 2548/1187/2548 2598/1298/2598 2599/1290/2599
f 2656/1251/2656 2660/1300/2660 2605/1145/2605 2604/1146/2604
f 2655/1303/2655 2658/1304/2658 2656/1251/2656 2653/1252/2653
f 2602/1253/2602 2552/1185/2552 2551/1233/2551 2601/1241/2601
f 2666/1306/2666 2607/1192/2607 2606/1301/2606 2663/1299/2663
f 2616/1307/2616 2566/1263/2566 2565/1309/2565 2615/1308/2615
f 2606/1301/2606 2556/1189/2556 2555/1148/2555 2605/1145/2605
f 2557/1193/2557 2556/1310/2556 2606/1301/2606 2607/1192/2607
f 2678/1311/2678 2611/1314/2611 2610/1313/2610 2675/1312/2675
f 2620/1266/2620 2570/1267/2570 2569/1206/2569 2619/1315/2619
f 2610/1316/2610 2560/1200/2560 2559/1250/2559 2609/1317/2609
f 2561/1199/2561 2560/1200/2560 2610/1313/2610 2611/1314/2611
f 2690/1318/2690 2615/1320/2615 2614/1319/2614 2687/1244/2687
f 2624/1271/2624 2574/1272/2574 2573/1210/2573 2623/1321/2623
f 2614/1247/2614 2564/1138/2564 2563/1139/2563 2613/1246/2613
f 2565/1309/2565 2564/1138/2564 2614/1319/2614 2615/1322/2615
f 2702/1323/2702 2619/1315/2619 2618/1325/2618 2699/1324/2699
f 2628/1275/2628 2578/1276/2578 2577/1214/2577 2627/1326/2627
f 2618/1325/2618 2568/1328/2568 2567/1256/2567 2617/1327/2617
f 2569/1206/2569 2568/1328/2568 2618/1325/2618 2619/1315/2619
f 2714/1329/2714 2623/1321/2623 2622/1331/2622 2711/1330/2711
f 2632/1279/2632 2582/1280/2582 2581/1218/2581 2631/1332/2631
f 2622/1331/2622 2572/1211/2572 2571/1260/2571 2621/1265/2621
f 2573/1210/2573 2572/1211/2572 2622/1331/2622 2623/1321/2623
f 2726/1333/2726 2627/1326/2627 2626/1335/2626 2723/1334/2723
f 2636/1283/2636 2586/1284/2586 2585/1222/2585 2635/1336/2635
f 2626/1335/2626 2576/1215/2576 2575/1264/2575 2625/1270/2625
f 2577/1214/2577 2576/1215/2576 2626/1335/2626 2627/1326/2627
f 2738/1337/2738 2631/1332/2631 2630/1339/2630 2735/1338/2735
f 2640/1340/2640 2590/1288/2590 2589/1226/2589 2639/1341/2639
f 2630/1342/2630 2580/1219/2580 2579/1343/2579 2629/1274/2629
f 2581/1218/2581 2580/1219/2580 2630/1339/2630 2631/1332/2631
f 2750/1344/2750 2635/1336/2635 2634/1346/2634 2747/1345/2747
f 2644/1293/2644 2594/1294/2594 2593/1230/2593 2643/1347/2643
f 2634/1346/2634 2584/1223/2584 2583/1273/2583 2633/1278/2633
f 2585/1222/2585 2584/1223/2584 2634/1346/2634 2635/1336/2635
f 2762/1348/2762 2639/1351/2639 2638/1350/2638 2759/1349/2759
f 2648/1297/2648 2598/1298/2598 2597/1235/2597 2647/1352/2647
f 2638/1353/2638 2588/1227/2588 2587/1277/2587 2637/1282/2637
f 2589/1226/2589 2588/1227/2588 2638/1350/2638 2639/1351/2639
f 2774/1354/2774 2643/1347/2643 2642/1356/2642 2771/1355/2771
f 2652/1295/2652 2602/1253/2602 2601/1241/2601 2651/1357/2651
f 2666/1358/2666 2663/1299/2663 2664/1360/2664 2667/1359/2667
f 2642/1356/2642 2592/1231/2592 2591/1289/2591 2641/1361/2641
f 2593/1230/2593 2592/1231/2592 2642/1356/2642 2643/1347/2643
f 2786/1362/2786 2647/1352/2647 2646/1364/2646 2783/1363/2783
f 2646/1364/2646 2596/1236/2596 2595/1285/2595 2645/1292/2645
f 3000/1365/3000 2803/1367/2803 3004/1366/3004
f 2597/1235/2597 2596/1236/2596 2646/1364/2646 2647/1352/2647
f 2839/1368/2839 2843/1369/2843 3004/1366/3004
f 2798/1370/2798 2651/1357/2651 2650/1372/2650 2795/1371/2795
f 2652/1295/2652 2801/1373/2801 2653/1252/2653 2603/1248/2603
f 2650/1372/2650 2600/1242/2600 2599/1290/2599 2649/1296/2649
f 2601/1241/2601 2600/1242/2600 2650/1372/2650 2651/1357/2651
f 2675/1312/2675 2610/1316/2610 2609/1317/2609 2672/1374/2672
f 2802/1375/2802 2799/1378/2799 2797/1377/2797 2800/1376/2800
f 2668/1379/2668 2608/1191/2608 2607/1380/2607 2666/1306/2666
f 2699/1381/2699 2618/1325/2618 2617/1327/2617 2696/1382/2696
f 2669/1383/2669 2671/1386/2671 2673/1385/2673 2670/1384/2670
f 2684/1245/2684 2613/1258/2613 2612/1259/2612 2680/1387/2680
f 2671/1388/2671 2674/1390/2674 2676/1389/2676 2673/1385/2673
f 2679/1391/2679 2676/1389/2676 2674/1393/2674 2677/1392/2677
f 2680/1387/2680 2612/1238/2612 2611/1239/2611 2678/1311/2678
f 2711/1330/2711 2622/1331/2622 2621/1265/2621 2708/1394/2708
f 2681/1395/2681 2683/1398/2683 2685/1397/2685 2682/1396/2682
f 2696/1382/2696 2617/1400/2617 2616/1262/2616 2692/1399/2692
f 2683/1401/2683 2686/1403/2686 2688/1402/2688 2685/1397/2685
f 2691/1404/2691 2688/1402/2688 2686/1406/2686 2689/1405/2689
f 2692/1399/2692 2616/1307/2616 2615/1407/2615 2690/1318/2690
f 2723/1334/2723 2626/1335/2626 2625/1270/2625 2720/1408/2720
f 2693/1409/2693 2695/1412/2695 2697/1411/2697 2694/1410/2694
f 2708/1394/2708 2621/1265/2621 2620/1266/2620 2704/1413/2704
f 2695/1414/2695 2698/1416/2698 2700/1415/2700 2697/1411/2697
f 2703/1417/2703 2700/1420/2700 2698/1419/2698 2701/1418/2701
f 2704/1413/2704 2620/1266/2620 2619/1315/2619 2702/1323/2702
f 2735/1421/2735 2630/1342/2630 2629/1274/2629 2732/1422/2732
f 2705/1423/2705 2707/1426/2707 2709/1425/2709 2706/1424/2706
f 2720/1408/2720 2625/1270/2625 2624/1271/2624 2716/1427/2716
f 2707/1428/2707 2710/1431/2710 2712/1430/2712 2709/1429/2709
f 2715/1432/2715 2712/1435/2712 2710/1434/2710 2713/1433/2713
f 2716/1427/2716 2624/1271/2624 2623/1321/2623 2714/1329/2714
f 2747/1345/2747 2634/1346/2634 2633/1278/2633 2744/1436/2744
f 2717/1437/2717 2719/1440/2719 2721/1439/2721 2718/1438/2718
f 2732/1422/2732 2629/1274/2629 2628/1275/2628 2728/1441/2728
f 2719/1442/2719 2722/1444/2722 2724/1443/2724 2721/1439/2721
f 2727/1445/2727 2724/1443/2724 2722/1447/2722 2725/1446/2725
f 2728/1441/2728 2628/1275/2628 2627/1326/2627 2726/1333/2726
f 2759/1448/2759 2638/1353/2638 2637/1282/2637 2756/1449/2756
f 2729/1450/2729 2731/1453/2731 2733/1452/2733 2730/1451/2730
f 2744/1436/2744 2633/1278/2633 2632/1279/2632 2740/1454/2740
f 2731/1455/2731 2734/1457/2734 2736/1456/2736 2733/1452/2733
f 2739/1458/2739 2736/1456/2736 2734/1460/2734 2737/1459/2737
f 2740/1454/2740 2632/1279/2632 2631/1332/2631 2738/1337/2738
f 2771/1461/2771 2642/1356/2642 2641/1463/2641 2768/1462/2768
f 2741/1464/2741 2743/1467/2743 2745/1466/2745 2742/1465/2742
f 2756/1468/2756 2637/1282/2637 2636/1283/2636 2752/1469/2752
f 2743/1470/2743 2746/1472/2746 2748/1471/2748 2745/1466/2745
f 2751/1473/2751 2748/1471/2748 2746/1475/2746 2749/1474/2749
f 2752/1476/2752 2636/1283/2636 2635/1336/2635 2750/1344/2750
f 2783/1363/2783 2646/1364/2646 2645/1292/2645 2780/1477/2780
f 2753/1478/2753 2755/1481/2755 2757/1480/2757 2754/1479/2754
f 2768/1462/2768 2641/1286/2641 2640/1287/2640 2764/1482/2764
f 2755/1483/2755 2758/1485/2758 2760/1484/2760 2757/1480/2757
f 2763/1486/2763 2760/1484/2760 2758/1488/2758 2761/1487/2761
f 2764/1482/2764 2640/1340/2640 2639/1341/2639 2762/1348/2762
f 2795/1371/2795 2650/1372/2650 2649/1296/2649 2792/1489/2792
f 2765/1490/2765 2767/1493/2767 2769/1492/2769 2766/1491/2766
f 2780/1477/2780 2645/1292/2645 2644/1293/2644 2776/1494/2776
f 2767/1495/2767 2770/1497/2770 2772/1496/2772 2769/1492/2769
f 2775/1498/2775 2772/1496/2772 2770/1500/2770 2773/1499/2773
f 2776/1494/2776 2644/1293/2644 2643/1347/2643 2774/1354/2774
f 2659/1501/2659 2662/1504/2662 2664/1503/2664 2661/1502/2661
f 2777/1505/2777 2779/1508/2779 2781/1507/2781 2778/1506/2778
f 2792/1489/2792 2649/1296/2649 2648/1297/2648 2788/1509/2788
f 2779/1510/2779 2782/1513/2782 2784/1512/2784 2781/1511/2781
f 2787/1514/2787 2784/1517/2784 2782/1516/2782 2785/1515/2785
f 2806/1518/2806 2810/1521/2810 2809/1520/2809 2805/1519/2805
f 2788/1509/2788 2648/1297/2648 2647/1352/2647 2786/1362/2786
f 2789/1522/2789 2791/1525/2791 2793/1524/2793 2790/1523/2790
f 2655/1526/2655 2653/1252/2653 2801/1373/2801 2802/1527/2802
f 2791/1528/2791 2794/1530/2794 2796/1529/2796 2793/1524/2793
f 2801/1373/2801 2798/1370/2798 2799/1378/2799 2802/1527/2802
f 2804/3/2804 2808/4/2808 2810/1521/2810 2806/1518/2806
f 2801/1373/2801 2652/1295/2652 2651/1357/2651 2798/1370/2798
f 3002/1531/3002 2997/1534/2997 2998/1533/2998 3001/1532/3001
f 2657/1535/2657 2659/1538/2659 2661/1537/2661 2658/1536/2658
f 2809/1520/2809 2813/1541/2813 2811/1540/2811 2807/1539/2807
f 2672/1374/2672 2609/1254/2609 2608/1255/2608 2668/1379/2668
f 2654/1542/2654 2800/1544/2800 3003/1543/3003
f 2667/1359/2667 2664/1503/2664 2662/1546/2662 2665/1545/2665
f 2802/1527/2802 2800/1544/2800 2654/1542/2654 2655/1526/2655
f 2673/1385/2673 2676/1389/2676 2675/1312/2675 2672/1374/2672
f 2697/1411/2697 2700/1420/2700 2699/1324/2699 2696/1382/2696
f 2657/1305/2657 2654/1302/2654 3003/1543/3003
f 2667/1359/2667 2670/1384/2670 2668/1379/2668 2666/1358/2666
f 2709/1429/2709 2712/1430/2712 2711/1330/2711 2708/1394/2708
f 2682/1396/2682 2685/1397/2685 2684/1245/2684 2680/1387/2680
f 2681/1547/2681 2677/1548/2677 3003/1543/3003
f 2679/1391/2679 2682/1396/2682 2680/1387/2680 2678/1311/2678
f 2721/1439/2721 2724/1443/2724 2723/1334/2723 2720/1408/2720
f 2694/1410/2694 2697/1411/2697 2696/1382/2696 2692/1399/2692
f 2693/1549/2693 2689/1550/2689 3003/1543/3003
f 2691/1551/2691 2694/1410/2694 2692/1399/2692 2690/1552/2690
f 2733/1452/2733 2736/1456/2736 2735/1421/2735 2732/1422/2732
f 2706/1424/2706 2709/1425/2709 2708/1394/2708 2704/1413/2704
f 2705/1553/2705 2701/1554/2701 3003/1543/3003
f 2703/1555/2703 2706/1556/2706 2704/1413/2704 2702/1323/2702
f 2745/1466/2745 2748/1471/2748 2747/1345/2747 2744/1436/2744
f 2718/1438/2718 2721/1439/2721 2720/1408/2720 2716/1427/2716
f 2717/1557/2717 2713/1558/2713 3003/1543/3003
f 2715/1559/2715 2718/1560/2718 2716/1427/2716 2714/1329/2714
f 2757/1480/2757 2760/1484/2760 2759/1448/2759 2756/1449/2756
f 2730/1451/2730 2733/1452/2733 2732/1422/2732 2728/1441/2728
f 2729/1561/2729 2725/1562/2725 3003/1543/3003
f 2727/1445/2727 2730/1451/2730 2728/1441/2728 2726/1333/2726
f 2769/1492/2769 2772/1496/2772 2771/1461/2771 2768/1462/2768
f 2742/1465/2742 2745/1466/2745 2744/1436/2744 2740/1454/2740
f 2741/1563/2741 2737/1564/2737 3003/1543/3003
f 2739/1458/2739 2742/1465/2742 2740/1454/2740 2738/1337/2738
f 2781/1511/2781 2784/1512/2784 2783/1363/2783 2780/1477/2780
f 2754/1479/2754 2757/1480/2757 2756/1468/2756 2752/1469/2752
f 2753/1565/2753 2749/1566/2749 3003/1543/3003
f 2751/1473/2751 2754/1479/2754 2752/1476/2752 2750/1344/2750
f 2793/1524/2793 2796/1529/2796 2795/1371/2795 2792/1489/2792
f 2766/1491/2766 2769/1492/2769 2768/1462/2768 2764/1482/2764
f 2765/1567/2765 2761/1568/2761 3003/1543/3003
f 2763/1486/2763 2766/1491/2766 2764/1482/2764 2762/1348/2762
f 2665/1545/2665 2662/1546/2662 3003/1543/3003
f 2778/1506/2778 2781/1507/2781 2780/1477/2780 2776/1494/2776
f 2777/1569/2777 2773/1570/2773 3003/1543/3003
f 2775/1571/2775 2778/1572/2778 2776/1494/2776 2774/1354/2774
f 2677/1392/2677 2674/1393/2674 3003/1543/3003
f 2790/1523/2790 2793/1524/2793 2792/1489/2792 2788/1509/2788
f 2789/1573/2789 2785/1574/2785 3003/1543/3003
f 2787/1575/2787 2790/1576/2790 2788/1509/2788 2786/1362/2786
f 2689/1405/2689 2686/1406/2686 3003/1543/3003
f 2798/1370/2798 2795/1371/2795 2796/1529/2796 2799/1378/2799
f 2800/1376/2800 2797/1377/2797 3003/1543/3003
f 2670/1384/2670 2673/1385/2673 2672/1374/2672 2668/1379/2668
f 2805/1519/2805 3002/1531/3002 3001/1532/3001 2806/1577/2806
f 2658/1536/2658 2661/1537/2661 2660/1300/2660 2656/1251/2656
f 2665/1578/2665 2669/1579/2669 2670/1384/2670 2667/1359/2667
f 2701/1418/2701 2698/1419/2698 3003/1543/3003
f 2669/1579/2669 2665/1578/2665 3003/1543/3003
f 2678/1311/2678 2675/1312/2675 2676/1389/2676 2679/1391/2679
f 2713/1433/2713 2710/1434/2710 3003/1543/3003
f 2690/1552/2690 2687/1244/2687 2688/1402/2688 2691/1551/2691
f 2725/1446/2725 2722/1447/2722 3003/1543/3003
f 2702/1323/2702 2699/1324/2699 2700/1420/2700 2703/1555/2703
f 2737/1459/2737 2734/1460/2734 3003/1543/3003
f 2714/1329/2714 2711/1330/2711 2712/1435/2712 2715/1432/2715
f 2749/1474/2749 2746/1475/2746 3003/1543/3003
f 2726/1333/2726 2723/1334/2723 2724/1443/2724 2727/1445/2727
f 2761/1487/2761 2758/1488/2758 3003/1543/3003
f 2738/1337/2738 2735/1338/2735 2736/1456/2736 2739/1458/2739
f 2773/1499/2773 2770/1500/2770 3003/1543/3003
f 2750/1344/2750 2747/1345/2747 2748/1471/2748 2751/1473/2751
f 2785/1515/2785 2782/1516/2782 3003/1543/3003
f 2762/1348/2762 2759/1349/2759 2760/1484/2760 2763/1486/2763
f 2797/1580/2797 2794/1581/2794 3003/1543/3003
f 2774/1354/2774 2771/1461/2771 2772/1496/2772 2775/1498/2775
f 2786/1362/2786 2783/1363/2783 2784/1517/2784 2787/1514/2787
f 3001/1532/3001 2998/1533/2998 2996/173/2996 2999/179/2999
f 2661/1502/2661 2664/1503/2664 2663/1299/2663 2660/1300/2660
f 2671/1386/2671 2669/1383/2669 3003/1543/3003
f 2683/1398/2683 2681/1395/2681 3003/1543/3003
f 2695/1412/2695 2693/1409/2693 3003/1543/3003
f 2707/1426/2707 2705/1423/2705 3003/1543/3003
f 2719/1440/2719 2717/1437/2717 3003/1543/3003
f 2731/1453/2731 2729/1450/2729 3003/1543/3003
f 2743/1467/2743 2741/1464/2741 3003/1543/3003
f 2755/1481/2755 2753/1478/2753 3003/1543/3003
f 2767/1493/2767 2765/1490/2765 3003/1543/3003
f 2779/1508/2779 2777/1505/2777 3003/1543/3003
f 2791/1525/2791 2789/1522/2789 3003/1543/3003
f 2803/1367/2803 3000/1365/3000 3002/1531/3002 2805/1519/2805
f 2662/1504/2662 2659/1501/2659 3003/1543/3003
f 2674/1390/2674 2671/1388/2671 3003/1543/3003
f 2686/1403/2686 2683/1401/2683 3003/1543/3003
f 2698/1416/2698 2695/1414/2695 3003/1543/3003
f 2710/1431/2710 2707/1428/2707 3003/1543/3003
f 2722/1444/2722 2719/1442/2719 3003/1543/3003
f 2734/1457/2734 2731/1455/2731 3003/1543/3003
f 2746/1472/2746 2743/1470/2743 3003/1543/3003
f 2758/1485/2758 2755/1483/2755 3003/1543/3003
f 2770/1497/2770 2767/1495/2767 3003/1543/3003
f 2782/1513/2782 2779/1510/2779 3003/1543/3003
f 2835/1582/2835 2831/1585/2831 2833/1584/2833 2837/1583/2837
f 2794/1530/2794 2791/1528/2791 3003/1543/3003
f 2829/1586/2829 2833/1584/2833 2831/1588/2831 2827/1587/2827
f 2659/1538/2659 2657/1535/2657 3003/1543/3003
f 2677/1548/2677 2681/1547/2681 2682/1396/2682 2679/1391/2679
f 2689/1550/2689 2693/1549/2693 2694/1410/2694 2691/1404/2691
f 2701/1554/2701 2705/1553/2705 2706/1556/2706 2703/1555/2703
f 2713/1558/2713 2717/1557/2717 2718/1560/2718 2715/1559/2715
f 2725/1562/2725 2729/1561/2729 2730/1451/2730 2727/1445/2727
f 2737/1564/2737 2741/1563/2741 2742/1465/2742 2739/1458/2739
f 2749/1566/2749 2753/1565/2753 2754/1479/2754 2751/1473/2751
f 2761/1568/2761 2765/1567/2765 2766/1491/2766 2763/1486/2763
f 2773/1570/2773 2777/1569/2777 2778/1572/2778 2775/1571/2775
f 2785/1574/2785 2789/1573/2789 2790/1523/2790 2787/1575/2787
f 2799/1378/2799 2796/1529/2796 2794/1581/2794 2797/1580/2797
f 2685/1397/2685 2688/1402/2688 2687/1244/2687 2684/1245/2684
f 3001/1532/3001 2999/179/2999 2804/3/2804 2806/1577/2806
f 2805/1519/2805 2809/1520/2809 2807/1590/2807 2803/1589/2803
f 2819/1591/2819 2823/1592/2823 3004/1366/3004
f 2810/1593/2810 2814/1594/2814 2813/1541/2813 2809/1520/2809
f 2845/1595/2845 2849/1598/2849 2847/1597/2847 2843/1596/2843
f 2813/1541/2813 2817/1601/2817 2815/1600/2815 2811/1599/2811
f 2822/160/2822 2820/18/2820 2824/20/2824 2826/163/2826
f 2821/161/2821 2825/162/2825 2823/1592/2823 2819/1591/2819
f 2837/1583/2837 2833/1584/2833 2834/1603/2834 2838/1602/2838
f 2822/1604/2822 2818/1605/2818 2816/13/2816 2820/18/2820
f 2838/1602/2838 2842/1607/2842 2841/1606/2841 2837/1583/2837
f 2838/1602/2838 2836/32/2836 2840/34/2840 2842/1607/2842
f 2837/1583/2837 2841/1606/2841 2839/1609/2839 2835/1608/2835
f 2853/1610/2853 2849/1598/2849 2850/1612/2850 2854/1611/2854
f 2838/1602/2838 2834/1603/2834 2832/27/2832 2836/32/2836
f 2854/1611/2854 2858/1614/2858 2857/1613/2857 2853/1610/2853
f 2854/1615/2854 2852/1616/2852 2856/49/2856 2858/1614/2858
f 2853/1610/2853 2857/1613/2857 2855/1618/2855 2851/1617/2851
f 2869/1619/2869 2865/1622/2865 2866/1621/2866 2870/1620/2870
f 2854/1615/2854 2850/1612/2850 2848/41/2848 2852/1616/2852
f 2870/1623/2870 2874/1625/2874 2873/1624/2873 2869/1619/2869
f 2870/1620/2870 2868/61/2868 2872/63/2872 2874/1625/2874
f 2869/1619/2869 2873/1624/2873 2871/1627/2871 2867/1626/2867
f 2885/1628/2885 2881/1631/2881 2882/1630/2882 2886/1629/2886
f 2870/1620/2870 2866/1621/2866 2864/56/2864 2868/61/2868
f 2886/1629/2886 2890/1633/2890 2889/1632/2889 2885/1628/2885
f 2886/1629/2886 2884/75/2884 2888/77/2888 2890/1633/2890
f 2885/1628/2885 2889/1632/2889 2887/1635/2887 2883/1634/2883
f 2901/1636/2901 2897/1639/2897 2898/1638/2898 2902/1637/2902
f 2886/1629/2886 2882/1630/2882 2880/70/2880 2884/75/2884
f 2902/1637/2902 2906/1641/2906 2905/1640/2905 2901/1636/2901
f 2902/1637/2902 2900/89/2900 2904/1642/2904 2906/1641/2906
f 2901/1636/2901 2905/1640/2905 2903/1644/2903 2899/1643/2899
f 2917/1645/2917 2913/1648/2913 2914/1647/2914 2918/1646/2918
f 2902/1637/2902 2898/1638/2898 2896/84/2896 2900/89/2900
f 2918/1646/2918 2922/1650/2922 2921/1649/2921 2917/1645/2917
f 2918/1646/2918 2916/103/2916 2920/105/2920 2922/1650/2922
f 2917/1645/2917 2921/1649/2921 2919/1652/2919 2915/1651/2915
f 2933/1653/2933 2929/1656/2929 2930/1655/2930 2934/1654/2934
f 2918/1646/2918 2914/1647/2914 2912/98/2912 2916/103/2916
f 2934/1654/2934 2938/1658/2938 2937/1657/2937 2933/1653/2933
f 2934/1654/2934 2932/117/2932 2936/119/2936 2938/1658/2938
f 2933/1653/2933 2937/1657/2937 2935/1660/2935 2931/1659/2931
f 2949/1661/2949 2945/1664/2945 2946/1663/2946 2950/1662/2950
f 2934/1654/2934 2930/1655/2930 2928/112/2928 2932/117/2932
f 2950/1662/2950 2954/1666/2954 2953/1665/2953 2949/1661/2949
f 2950/1662/2950 2948/131/2948 2952/133/2952 2954/1666/2954
f 2949/1661/2949 2953/1665/2953 2951/1668/2951 2947/1667/2947
f 2965/1669/2965 2961/1672/2961 2962/1671/2962 2966/1670/2966
f 2950/1662/2950 2946/1663/2946 2944/126/2944 2948/131/2948
f 2966/1670/2966 2970/1674/2970 2969/1673/2969 2965/1669/2965
f 2966/1670/2966 2964/145/2964 2968/147/2968 2970/1674/2970
f 2965/1669/2965 2969/1673/2969 2967/1676/2967 2963/1675/2963
f 2981/1677/2981 2977/1680/2977 2978/1679/2978 2982/1678/2982
f 2966/1670/2966 2962/1671/2962 2960/140/2960 2964/145/2964
f 2982/1678/2982 2986/1682/2986 2985/1681/2985 2981/1677/2981
f 2982/1678/2982 2980/159/2980 2984/165/2984 2986/1682/2986
f 2981/1677/2981 2985/1681/2985 2983/1684/2983 2979/1683/2979
f 2982/1678/2982 2978/1679/2978 2976/154/2976 2980/159/2980
f 2997/1534/2997 2993/1686/2993 2994/1685/2994 2998/1533/2998
f 2843/1596/2843 2847/1597/2847 3004/1366/3004
f 2823/1687/2823 2827/1688/2827 3004/1366/3004
f 2998/1533/2998 2994/1685/2994 2992/172/2992 2996/173/2996
f 2803/1589/2803 2807/1590/2807 3004/1366/3004
f 3000/1689/3000 2995/1690/2995 2997/1534/2997 3002/1531/3002
f 2808/4/2808 2812/1692/2812 2814/1691/2814 2810/1593/2810
f 2821/161/2821 2817/1601/2817 2818/1605/2818 2822/1604/2822
f 2825/162/2825 2829/1586/2829 2827/1688/2827 2823/1687/2823
f 2841/1606/2841 2845/1595/2845 2843/1369/2843 2839/1368/2839
f 2826/163/2826 2830/1693/2830 2829/1586/2829 2825/162/2825
f 2824/20/2824 2828/24/2828 2830/1693/2830 2826/163/2826
f 2835/1608/2835 2839/1609/2839 3004/1366/3004
f 2851/1694/2851 2847/1695/2847 2849/1598/2849 2853/1610/2853
f 2857/1613/2857 2861/1698/2861 2859/1697/2859 2855/1696/2855
f 2842/1607/2842 2846/1699/2846 2845/1595/2845 2841/1606/2841
f 2840/34/2840 2844/38/2844 2846/1699/2846 2842/1607/2842
f 2851/1617/2851 2855/1618/2855 3004/1366/3004
f 2867/1700/2867 2863/1701/2863 2865/1622/2865 2869/1619/2869
f 2873/1624/2873 2877/1704/2877 2875/1703/2875 2871/1702/2871
f 2858/1614/2858 2862/1705/2862 2861/1698/2861 2857/1613/2857
f 2856/49/2856 2860/53/2860 2862/1705/2862 2858/1706/2858
f 2867/1626/2867 2871/1627/2871 3004/1366/3004
f 2883/1707/2883 2879/1708/2879 2881/1631/2881 2885/1628/2885
f 2889/1632/2889 2893/1711/2893 2891/1710/2891 2887/1709/2887
f 2874/1625/2874 2878/1712/2878 2877/1704/2877 2873/1624/2873
f 2872/63/2872 2876/67/2876 2878/1712/2878 2874/1625/2874
f 2883/1634/2883 2887/1635/2887 3004/1366/3004
f 2899/1713/2899 2895/1714/2895 2897/1639/2897 2901/1636/2901
f 2905/1640/2905 2909/1717/2909 2907/1716/2907 2903/1715/2903
f 2890/1633/2890 2894/1718/2894 2893/1711/2893 2889/1632/2889
f 2888/77/2888 2892/81/2892 2894/1718/2894 2890/1633/2890
f 2899/1643/2899 2903/1644/2903 3004/1366/3004
f 2915/1719/2915 2911/1720/2911 2913/1648/2913 2917/1645/2917
f 2921/1649/2921 2925/1723/2925 2923/1722/2923 2919/1721/2919
f 2906/1641/2906 2910/1724/2910 2909/1717/2909 2905/1640/2905
f 2904/1642/2904 2908/95/2908 2910/1724/2910 2906/1641/2906
f 2915/1651/2915 2919/1652/2919 3004/1366/3004
f 2931/1725/2931 2927/1726/2927 2929/1656/2929 2933/1653/2933
f 2937/1657/2937 2941/1729/2941 2939/1728/2939 2935/1727/2935
f 2922/1650/2922 2926/1730/2926 2925/1723/2925 2921/1649/2921
f 2920/105/2920 2924/109/2924 2926/1730/2926 2922/1650/2922
f 2931/1659/2931 2935/1660/2935 3004/1366/3004
f 2947/1731/2947 2943/1732/2943 2945/1664/2945 2949/1661/2949
f 2953/1665/2953 2957/1735/2957 2955/1734/2955 2951/1733/2951
f 2938/1658/2938 2942/1736/2942 2941/1729/2941 2937/1657/2937
f 2936/119/2936 2940/123/2940 2942/1736/2942 2938/1658/2938
f 2947/1667/2947 2951/1668/2951 3004/1366/3004
f 2963/1737/2963 2959/1738/2959 2961/1672/2961 2965/1669/2965
f 2969/1673/2969 2973/1741/2973 2971/1740/2971 2967/1739/2967
f 2954/1666/2954 2958/1742/2958 2957/1735/2957 2953/1665/2953
f 2952/133/2952 2956/137/2956 2958/1742/2958 2954/1743/2954
f 2963/1675/2963 2967/1676/2967 3004/1366/3004
f 2979/1744/2979 2975/1745/2975 2977/1680/2977 2981/1677/2981
f 2985/1681/2985 2989/1748/2989 2987/1747/2987 2983/1746/2983
f 2970/1674/2970 2974/1749/2974 2973/1741/2973 2969/1673/2969
f 2968/147/2968 2972/151/2972 2974/1749/2974 2970/1674/2970
f 2979/1683/2979 2983/1684/2983 3004/1366/3004
f 2995/1690/2995 3000/1689/3000 3004/1366/3004
f 2995/1750/2995 2991/1751/2991 2993/1686/2993 2997/1534/2997
f 2986/1682/2986 2990/1752/2990 2989/1748/2989 2985/1681/2985
f 2984/165/2984 2988/169/2988 2990/1752/2990 2986/1682/2986
f 2812/1692/2812 2816/13/2816 2818/1754/2818 2814/1753/2814
f 2828/24/2828 2832/27/2832 2834/1603/2834 2830/1693/2830
f 2855/1696/2855 2859/1697/2859 3004/1366/3004
f 2844/38/2844 2848/41/2848 2850/1612/2850 2846/1699/2846
f 2871/1702/2871 2875/1703/2875 3004/1366/3004
f 2860/53/2860 2864/56/2864 2866/1756/2866 2862/1755/2862
f 2887/1709/2887 2891/1710/2891 3004/1366/3004
f 2876/67/2876 2880/70/2880 2882/1630/2882 2878/1712/2878
f 2903/1715/2903 2907/1716/2907 3004/1366/3004
f 2892/81/2892 2896/84/2896 2898/1638/2898 2894/1718/2894
f 2919/1721/2919 2923/1722/2923 3004/1366/3004
f 2908/95/2908 2912/98/2912 2914/1647/2914 2910/1724/2910
f 2935/1727/2935 2939/1728/2939 3004/1366/3004
f 2924/109/2924 2928/112/2928 2930/1655/2930 2926/1730/2926
f 2951/1733/2951 2955/1734/2955 3004/1366/3004
f 2940/123/2940 2944/126/2944 2946/1663/2946 2942/1736/2942
f 2967/1739/2967 2971/1740/2971 3004/1366/3004
f 2956/137/2956 2960/140/2960 2962/1671/2962 2958/1757/2958
f 2983/1746/2983 2987/1747/2987 3004/1366/3004
f 2972/151/2972 2976/154/2976 2978/1679/2978 2974/1749/2974
f 2811/1599/2811 2815/1600/2815 3004/1366/3004
f 2988/169/2988 2992/172/2992 2994/1685/2994 2990/1752/2990
f 2827/1587/2827 2831/1588/2831 3004/1366/3004
f 1608/15/1608 1558/16/1558 1557/11/1557 1607/198/1607
f 2859/1758/2859 2863/1759/2863 3004/1366/3004
f 2875/1760/2875 2879/1761/2879 3004/1366/3004
f 2891/1762/2891 2895/1763/2895 3004/1366/3004
f 2907/1764/2907 2911/1765/2911 3004/1366/3004
f 2923/1766/2923 2927/1767/2927 3004/1366/3004
f 2939/1768/2939 2943/1769/2943 3004/1366/3004
f 2955/1770/2955 2959/1771/2959 3004/1366/3004
f 2971/1772/2971 2975/1773/2975 3004/1366/3004
f 2987/1774/2987 2991/1775/2991 3004/1366/3004
f 2815/1776/2815 2819/1777/2819 3004/1366/3004
f 1612/29/1612 1562/30/1562 1561/25/1561 1611/206/1611
f 1602/184/1602 1652/238/1652 1603/181/1603 1553/182/1553
f 2807/1539/2807 2811/1540/2811 3004/1366/3004
f 2999/179/2999 1552/178/1552 1503/2/1503 2804/3/2804
f 2819/1777/2819 2815/1776/2815 2817/1601/2817 2821/161/2821
f 2990/1752/2990 2994/1685/2994 2993/1686/2993 2989/1748/2989
f 2991/1751/2991 2995/1750/2995 3004/1366/3004
f 2974/1749/2974 2978/1679/2978 2977/1680/2977 2973/1741/2973
f 2975/1745/2975 2979/1744/2979 3004/1366/3004
f 2958/1757/2958 2962/1671/2962 2961/1672/2961 2957/1735/2957
f 2989/1748/2989 2993/1686/2993 2991/1775/2991 2987/1774/2987
f 2959/1738/2959 2963/1737/2963 3004/1366/3004
f 2942/1736/2942 2946/1663/2946 2945/1664/2945 2941/1729/2941
f 2973/1741/2973 2977/1680/2977 2975/1773/2975 2971/1772/2971
f 2943/1732/2943 2947/1731/2947 3004/1366/3004
f 2926/1730/2926 2930/1655/2930 2929/1656/2929 2925/1723/2925
f 2957/1735/2957 2961/1672/2961 2959/1771/2959 2955/1770/2955
f 2927/1726/2927 2931/1725/2931 3004/1366/3004
f 2910/1778/2910 2914/1647/2914 2913/1648/2913 2909/1717/2909
f 2941/1729/2941 2945/1664/2945 2943/1769/2943 2939/1768/2939
f 2911/1720/2911 2915/1719/2915 3004/1366/3004
f 2894/1718/2894 2898/1638/2898 2897/1639/2897 2893/1711/2893
f 2925/1723/2925 2929/1656/2929 2927/1767/2927 2923/1766/2923
f 2895/1714/2895 2899/1713/2899 3004/1366/3004
f 2878/1712/2878 2882/1630/2882 2881/1631/2881 2877/1704/2877
f 2909/1717/2909 2913/1648/2913 2911/1765/2911 2907/1764/2907
f 2879/1708/2879 2883/1707/2883 3004/1366/3004
f 2862/1755/2862 2866/1756/2866 2865/1622/2865 2861/1698/2861
f 2893/1711/2893 2897/1639/2897 2895/1763/2895 2891/1762/2891
f 2863/1701/2863 2867/1700/2867 3004/1366/3004
f 2846/1699/2846 2850/1612/2850 2849/1598/2849 2845/1595/2845
f 2877/1704/2877 2881/1631/2881 2879/1761/2879 2875/1760/2875
f 2847/1695/2847 2851/1694/2851 3004/1366/3004
f 2830/1693/2830 2834/1603/2834 2833/1584/2833 2829/1586/2829
f 2861/1698/2861 2865/1622/2865 2863/1759/2863 2859/1758/2859
f 2831/1585/2831 2835/1582/2835 3004/1366/3004
f 2814/1753/2814 2818/1754/2818 2817/1601/2817 2813/1541/2813
f 1605/201/1605 1555/202/1555 1554/183/1554 1604/180/1604
f 3006/1/3006 4310/4/4310 4306/3/4306 3005/2/3005
f 3058/5/3058 3008/8/3008 3007/7/3007 3057/6/3057
f 3007/9/3007 4314/10/4314 4310/4/4310 3006/1/3006
f 3059/11/3059 3009/12/3009 3008/8/3008 3058/5/3058
f 3008/8/3008 4318/13/4318 4314/10/4314 3007/9/3007
f 3111/14/3111 3061/17/3061 3060/16/3060 3110/15/3110
f 3009/12/3009 4322/18/4322 4318/13/4318 3008/8/3008
f 3010/19/3010 4326/20/4326 4322/18/4322 3009/12/3009
f 3062/21/3062 3012/23/3012 3011/22/3011 3061/17/3061
f 3011/22/3011 4330/24/4330 4326/20/4326 3010/19/3010
f 3063/25/3063 3013/26/3013 3012/23/3012 3062/21/3062
f 3012/23/3012 4334/27/4334 4330/24/4330 3011/22/3011
f 3115/28/3115 3065/31/3065 3064/30/3064 3114/29/3114
f 3013/26/3013 4338/32/4338 4334/27/4334 3012/23/3012
f 3014/33/3014 4342/34/4342 4338/32/4338 3013/26/3013
f 3066/35/3066 3016/37/3016 3015/36/3015 3065/31/3065
f 3015/36/3015 4346/38/4346 4342/34/4342 3014/33/3014
f 3067/39/3067 3017/40/3017 3016/37/3016 3066/35/3066
f 3016/37/3016 4350/41/4350 4346/38/4346 3015/36/3015
f 3119/42/3119 3069/45/3069 3068/44/3068 3118/43/3118
f 3017/46/3017 4354/47/4354 4350/41/4350 3016/37/3016
f 3018/48/3018 4358/49/4358 4354/47/4354 3017/46/3017
f 3070/50/3070 3020/52/3020 3019/51/3019 3069/45/3069
f 3019/51/3019 4362/53/4362 4358/49/4358 3018/48/3018
f 3071/54/3071 3021/55/3021 3020/52/3020 3070/50/3070
f 3020/52/3020 4366/56/4366 4362/53/4362 3019/51/3019
f 3123/57/3123 3073/60/3073 3072/59/3072 3122/58/3122
f 3021/55/3021 4370/61/4370 4366/56/4366 3020/52/3020
f 3022/62/3022 4374/63/4374 4370/61/4370 3021/55/3021
f 3074/64/3074 3024/66/3024 3023/65/3023 3073/60/3073
f 3023/65/3023 4378/67/4378 4374/63/4374 3022/62/3022
f 3075/68/3075 3025/69/3025 3024/66/3024 3074/64/3074
f 3024/66/3024 4382/70/4382 4378/67/4378 3023/65/3023
f 3127/71/3127 3077/74/3077 3076/73/3076 3126/72/3126
f 3025/69/3025 4386/75/4386 4382/70/4382 3024/66/3024
f 3026/76/3026 4390/77/4390 4386/75/4386 3025/69/3025
f 3078/78/3078 3028/80/3028 3027/79/3027 3077/74/3077
f 3027/79/3027 4394/81/4394 4390/77/4390 3026/76/3026
f 3079/82/3079 3029/83/3029 3028/80/3028 3078/78/3078
f 3028/80/3028 4398/84/4398 4394/81/4394 3027/79/3027
f 3131/85/3131 3081/88/3081 3080/87/3080 3130/86/3130
f 3029/83/3029 4402/89/4402 4398/84/4398 3028/80/3028
f 3030/90/3030 4406/91/4406 4402/89/4402 3029/83/3029
f 3082/92/3082 3032/94/3032 3031/93/3031 3081/88/3081
f 3031/93/3031 4410/95/4410 4406/91/4406 3030/90/3030
f 3083/96/3083 3033/97/3033 3032/94/3032 3082/92/3082
f 3032/94/3032 4414/98/4414 4410/95/4410 3031/93/3031
f 3135/99/3135 3085/102/3085 3084/101/3084 3134/100/3134
f 3033/97/3033 4418/103/4418 4414/98/4414 3032/94/3032
f 3034/104/3034 4422/105/4422 4418/103/4418 3033/97/3033
f 3086/106/3086 3036/108/3036 3035/107/3035 3085/102/3085
f 3035/107/3035 4426/109/4426 4422/105/4422 3034/104/3034
f 3087/110/3087 3037/111/3037 3036/108/3036 3086/106/3086
f 3036/108/3036 4430/112/4430 4426/109/4426 3035/107/3035
f 3139/113/3139 3089/116/3089 3088/115/3088 3138/114/3138
f 3037/111/3037 4434/117/4434 4430/112/4430 3036/108/3036
f 3038/118/3038 4438/119/4438 4434/117/4434 3037/111/3037
f 3090/120/3090 3040/122/3040 3039/121/3039 3089/116/3089
f 3039/121/3039 4442/123/4442 4438/119/4438 3038/118/3038
f 3091/124/3091 3041/125/3041 3040/122/3040 3090/120/3090
f 3040/122/3040 4446/126/4446 4442/123/4442 3039/121/3039
f 3143/127/3143 3093/130/3093 3092/129/3092 3142/128/3142
f 3041/125/3041 4450/131/4450 4446/126/4446 3040/122/3040
f 3042/132/3042 4454/133/4454 4450/131/4450 3041/125/3041
f 3094/134/3094 3044/136/3044 3043/135/3043 3093/130/3093
f 3043/135/3043 4458/137/4458 4454/133/4454 3042/132/3042
f 3095/138/3095 3045/139/3045 3044/136/3044 3094/134/3094
f 3044/136/3044 4462/140/4462 4458/137/4458 3043/135/3043
f 3147/141/3147 3097/144/3097 3096/143/3096 3146/142/3146
f 3045/139/3045 4466/145/4466 4462/140/4462 3044/136/3044
f 3046/146/3046 4470/147/4470 4466/145/4466 3045/139/3045
f 3098/148/3098 3048/150/3048 3047/149/3047 3097/144/3097
f 3047/149/3047 4474/151/4474 4470/147/4470 3046/146/3046
f 3099/152/3099 3049/153/3049 3048/150/3048 3098/148/3098
f 3048/150/3048 4478/154/4478 4474/151/4474 3047/149/3047
f 3151/155/3151 3101/158/3101 3100/157/3100 3150/156/3150
f 3049/153/3049 4482/159/4482 4478/154/4478 3048/150/3048
f 4324/160/4324 4328/163/4328 4327/162/4327 4323/161/4323
f 3050/164/3050 4486/165/4485 4482/159/4482 3049/153/3049
f 3102/166/3102 3052/168/3052 3051/167/3051 3101/158/3101
f 3051/167/3051 4490/169/4489 4486/165/4485 3050/164/3050
f 3103/170/3103 3053/171/3053 3052/168/3052 3102/166/3102
f 3052/168/3052 4494/172/4493 4490/169/4489 3051/167/3051
f 3053/171/3053 4498/173/4497 4494/172/4493 3052/168/3052
f 3158/174/3158 3108/177/3108 3107/176/3107 3157/175/3157
f 3054/178/3054 4501/179/4500 4498/173/4497 3053/171/3053
f 3106/180/3106 3056/183/3056 3055/182/3055 3105/181/3105
f 3055/182/3055 3005/2/3005 3054/178/3054 3104/184/3104
f 3056/183/3056 3006/1/3006 3005/2/3005 3055/182/3055
f 3007/7/3007 3006/1/3006 3056/183/3056 3057/6/3057
f 3060/16/3060 3010/19/3010 3009/12/3009 3059/11/3059
f 3011/22/3011 3010/19/3010 3060/16/3060 3061/17/3061
f 3064/30/3064 3014/33/3014 3013/26/3013 3063/25/3063
f 3015/36/3015 3014/33/3014 3064/30/3064 3065/31/3065
f 3068/44/3068 3018/48/3018 3017/40/3017 3067/39/3067
f 3019/51/3019 3018/48/3018 3068/44/3068 3069/45/3069
f 3072/59/3072 3022/62/3022 3021/55/3021 3071/54/3071
f 3023/65/3023 3022/62/3022 3072/59/3072 3073/60/3073
f 3076/73/3076 3026/76/3026 3025/69/3025 3075/68/3075
f 3027/79/3027 3026/76/3026 3076/73/3076 3077/74/3077
f 3080/185/3080 3030/186/3030 3029/83/3029 3079/82/3079
f 3031/93/3031 3030/186/3030 3080/185/3080 3081/88/3081
f 3084/101/3084 3034/104/3034 3033/97/3033 3083/96/3083
f 3035/107/3035 3034/104/3034 3084/101/3084 3085/102/3085
f 3088/115/3088 3038/118/3038 3037/111/3037 3087/110/3087
f 3039/121/3039 3038/118/3038 3088/115/3088 3089/116/3089
f 3092/129/3092 3042/132/3042 3041/125/3041 3091/124/3091
f 3043/135/3043 3042/132/3042 3092/129/3092 3093/130/3093
f 3096/143/3096 3046/146/3046 3045/139/3045 3095/138/3095
f 3047/149/3047 3046/146/3046 3096/143/3096 3097/144/3097
f 3166/187/3166 3116/189/3116 3115/28/3115 3165/188/3165
f 3100/157/3100 3050/164/3050 3049/153/3049 3099/152/3099
f 3051/167/3051 3050/164/3050 3100/157/3100 3101/158/3101
f 3207/190/3207 3157/193/3157 3156/192/3156 3206/191/3206
f 3210/194/3210 3160/197/3160 3159/196/3159 3209/195/3209
f 3104/184/3104 3054/178/3054 3053/171/3053 3103/170/3103
f 3159/196/3159 3109/198/3109 3108/177/3108 3158/174/3158
f 3118/43/3118 3068/44/3068 3067/200/3067 3117/199/3117
f 3108/177/3108 3058/5/3058 3057/202/3057 3107/201/3107
f 3059/11/3059 3058/5/3058 3108/177/3108 3109/198/3109
f 3163/203/3163 3113/206/3113 3112/205/3112 3162/204/3162
f 3122/58/3122 3072/59/3072 3071/54/3071 3121/207/3121
f 3112/205/3112 3062/21/3062 3061/17/3061 3111/14/3111
f 3063/25/3063 3062/21/3062 3112/205/3112 3113/206/3113
f 3167/208/3167 3117/209/3117 3116/189/3116 3166/187/3166
f 3126/72/3126 3076/73/3076 3075/68/3075 3125/210/3125
f 3116/189/3116 3066/35/3066 3065/31/3065 3115/28/3115
f 3067/200/3067 3066/35/3066 3116/189/3116 3117/199/3117
f 3171/211/3171 3121/207/3121 3120/213/3120 3170/212/3170
f 3130/86/3130 3080/87/3080 3079/82/3079 3129/214/3129
f 3120/213/3120 3070/50/3070 3069/45/3069 3119/42/3119
f 3071/54/3071 3070/50/3070 3120/213/3120 3121/207/3121
f 3175/215/3175 3125/210/3125 3124/217/3124 3174/216/3174
f 3134/100/3134 3084/101/3084 3083/96/3083 3133/218/3133
f 3124/217/3124 3074/64/3074 3073/60/3073 3123/57/3123
f 3075/68/3075 3074/64/3074 3124/217/3124 3125/210/3125
f 3179/219/3179 3129/214/3129 3128/221/3128 3178/220/3178
f 3138/114/3138 3088/115/3088 3087/110/3087 3137/222/3137
f 3128/221/3128 3078/78/3078 3077/74/3077 3127/71/3127
f 3079/82/3079 3078/78/3078 3128/221/3128 3129/214/3129
f 3183/223/3183 3133/218/3133 3132/225/3132 3182/224/3182
f 3142/128/3142 3092/129/3092 3091/124/3091 3141/226/3141
f 3132/225/3132 3082/92/3082 3081/88/3081 3131/85/3131
f 3083/96/3083 3082/92/3082 3132/225/3132 3133/218/3133
f 3187/227/3187 3137/222/3137 3136/229/3136 3186/228/3186
f 3146/142/3146 3096/143/3096 3095/138/3095 3145/230/3145
f 3136/229/3136 3086/106/3086 3085/102/3085 3135/99/3135
f 3087/110/3087 3086/106/3086 3136/229/3136 3137/222/3137
f 3191/231/3191 3141/226/3141 3140/233/3140 3190/232/3190
f 3150/156/3150 3100/157/3100 3099/152/3099 3149/234/3149
f 3140/233/3140 3090/120/3090 3089/116/3089 3139/113/3139
f 3091/124/3091 3090/120/3090 3140/233/3140 3141/226/3141
f 3195/235/3195 3145/230/3145 3144/237/3144 3194/236/3194
f 3154/238/3154 3104/184/3104 3103/170/3103 3153/239/3153
f 3144/237/3144 3094/134/3094 3093/130/3093 3143/127/3143
f 3095/138/3095 3094/134/3094 3144/237/3144 3145/230/3145
f 3199/240/3199 3149/234/3149 3148/242/3148 3198/241/3198
f 3214/243/3214 3164/245/3164 3163/203/3163 3213/244/3213
f 3148/242/3148 3098/148/3098 3097/144/3097 3147/141/3147
f 3099/152/3099 3098/148/3098 3148/242/3148 3149/234/3149
f 3203/246/3203 3153/239/3153 3152/248/3152 3202/247/3202
f 3266/249/3266 3216/252/3216 3215/251/3215 3265/250/3265
f 3206/191/3206 3156/192/3156 3155/254/3155 3205/253/3205
f 3152/248/3152 3102/166/3102 3101/158/3101 3151/155/3151
f 3103/170/3103 3102/166/3102 3152/248/3152 3153/239/3153
f 3162/204/3162 3112/205/3112 3111/14/3111 3161/255/3161
f 3307/256/3307 3257/259/3257 3256/258/3256 3306/257/3306
f 3155/254/3155 3105/181/3105 3154/238/3154 3204/260/3204
f 3156/192/3156 3106/180/3106 3105/181/3105 3155/254/3155
f 3107/176/3107 3106/180/3106 3156/192/3156 3157/175/3157
f 3211/261/3211 3161/255/3161 3160/197/3160 3210/194/3210
f 3170/212/3170 3120/213/3120 3119/42/3119 3169/262/3169
f 3160/197/3160 3110/15/3110 3109/198/3109 3159/196/3159
f 3111/14/3111 3110/15/3110 3160/197/3160 3161/255/3161
f 3215/251/3215 3165/188/3165 3164/245/3164 3214/243/3214
f 3174/216/3174 3124/217/3124 3123/57/3123 3173/263/3173
f 3164/245/3164 3114/29/3114 3113/206/3113 3163/203/3163
f 3115/28/3115 3114/29/3114 3164/245/3164 3165/188/3165
f 3219/264/3219 3169/262/3169 3168/266/3168 3218/265/3218
f 3178/220/3178 3128/221/3128 3127/71/3127 3177/267/3177
f 3168/266/3168 3118/43/3118 3117/209/3117 3167/208/3167
f 3119/42/3119 3118/43/3118 3168/266/3168 3169/262/3169
f 3223/268/3223 3173/263/3173 3172/270/3172 3222/269/3222
f 3182/224/3182 3132/225/3132 3131/85/3131 3181/271/3181
f 3172/270/3172 3122/58/3122 3121/207/3121 3171/211/3171
f 3123/57/3123 3122/58/3122 3172/270/3172 3173/263/3173
f 3227/272/3227 3177/267/3177 3176/274/3176 3226/273/3226
f 3186/228/3186 3136/229/3136 3135/99/3135 3185/275/3185
f 3176/274/3176 3126/72/3126 3125/210/3125 3175/215/3175
f 3127/71/3127 3126/72/3126 3176/274/3176 3177/267/3177
f 3231/276/3231 3181/271/3181 3180/278/3180 3230/277/3230
f 3190/232/3190 3140/233/3140 3139/113/3139 3189/279/3189
f 3180/280/3180 3130/281/3130 3129/214/3129 3179/219/3179
f 3131/85/3131 3130/281/3130 3180/280/3180 3181/271/3181
f 3235/282/3235 3185/275/3185 3184/284/3184 3234/283/3234
f 3194/236/3194 3144/237/3144 3143/127/3143 3193/285/3193
f 3184/284/3184 3134/100/3134 3133/218/3133 3183/223/3183
f 3135/99/3135 3134/100/3134 3184/284/3184 3185/275/3185
f 3239/286/3239 3189/279/3189 3188/288/3188 3238/287/3238
f 3198/241/3198 3148/242/3148 3147/141/3147 3197/289/3197
f 3188/288/3188 3138/114/3138 3137/222/3137 3187/227/3187
f 3139/113/3139 3138/114/3138 3188/288/3188 3189/279/3189
f 3243/290/3243 3193/285/3193 3192/292/3192 3242/291/3242
f 3202/247/3202 3152/248/3152 3151/155/3151 3201/293/3201
f 3192/292/3192 3142/128/3142 3141/226/3141 3191/231/3191
f 3143/127/3143 3142/128/3142 3192/292/3192 3193/285/3193
f 3247/294/3247 3197/289/3197 3196/296/3196 3246/295/3246
f 3204/260/3204 3254/297/3254 3205/253/3205 3155/254/3155
f 3196/296/3196 3146/142/3146 3145/230/3145 3195/235/3195
f 3147/141/3147 3146/142/3146 3196/296/3196 3197/289/3197
f 3251/298/3251 3201/293/3201 3200/300/3200 3250/299/3250
f 3258/301/3258 3208/302/3208 3207/190/3207 3257/259/3257
f 3200/300/3200 3150/156/3150 3149/234/3149 3199/240/3199
f 3151/155/3151 3150/156/3150 3200/300/3200 3201/293/3201
f 3310/303/3310 3260/306/3260 3259/305/3259 3309/304/3309
f 3204/260/3204 3154/238/3154 3153/239/3153 3203/246/3203
f 3259/305/3259 3209/195/3209 3208/302/3208 3258/301/3258
f 3218/265/3218 3168/266/3168 3167/308/3167 3217/307/3217
f 3208/302/3208 3158/174/3158 3157/193/3157 3207/190/3207
f 3159/196/3159 3158/174/3158 3208/302/3208 3209/195/3209
f 3263/309/3263 3213/244/3213 3212/311/3212 3262/310/3262
f 3222/269/3222 3172/270/3172 3171/211/3171 3221/312/3221
f 3212/311/3212 3162/204/3162 3161/255/3161 3211/261/3211
f 3163/203/3163 3162/204/3162 3212/311/3212 3213/244/3213
f 3267/313/3267 3217/314/3217 3216/252/3216 3266/249/3266
f 3226/273/3226 3176/274/3176 3175/215/3175 3225/315/3225
f 3216/252/3216 3166/187/3166 3165/188/3165 3215/251/3215
f 3167/308/3167 3166/187/3166 3216/252/3216 3217/307/3217
f 3271/316/3271 3221/312/3221 3220/318/3220 3270/317/3270
f 3230/277/3230 3180/278/3180 3179/219/3179 3229/319/3229
f 3220/318/3220 3170/212/3170 3169/262/3169 3219/264/3219
f 3171/211/3171 3170/212/3170 3220/318/3220 3221/312/3221
f 3275/320/3275 3225/315/3225 3224/322/3224 3274/321/3274
f 3234/283/3234 3184/284/3184 3183/223/3183 3233/323/3233
f 3224/322/3224 3174/216/3174 3173/263/3173 3223/268/3223
f 3175/215/3175 3174/216/3174 3224/322/3224 3225/315/3225
f 3279/324/3279 3229/319/3229 3228/326/3228 3278/325/3278
f 3238/287/3238 3188/288/3188 3187/227/3187 3237/327/3237
f 3228/326/3228 3178/220/3178 3177/267/3177 3227/272/3227
f 3179/219/3179 3178/220/3178 3228/326/3228 3229/319/3229
f 3283/328/3283 3233/323/3233 3232/330/3232 3282/329/3282
f 3242/291/3242 3192/292/3192 3191/231/3191 3241/331/3241
f 3232/330/3232 3182/224/3182 3181/271/3181 3231/276/3231
f 3183/223/3183 3182/224/3182 3232/330/3232 3233/323/3233
f 3287/332/3287 3237/327/3237 3236/334/3236 3286/333/3286
f 3246/295/3246 3196/296/3196 3195/235/3195 3245/335/3245
f 3236/334/3236 3186/228/3186 3185/275/3185 3235/282/3235
f 3187/227/3187 3186/228/3186 3236/334/3236 3237/327/3237
f 3291/336/3291 3241/331/3241 3240/338/3240 3290/337/3290
f 3250/299/3250 3200/300/3200 3199/240/3199 3249/339/3249
f 3240/338/3240 3190/232/3190 3189/279/3189 3239/286/3239
f 3191/231/3191 3190/232/3190 3240/338/3240 3241/331/3241
f 3295/340/3295 3245/335/3245 3244/342/3244 3294/341/3294
f 3254/297/3254 3204/260/3204 3203/246/3203 3253/343/3253
f 3244/342/3244 3194/236/3194 3193/285/3193 3243/290/3243
f 3195/235/3195 3194/236/3194 3244/342/3244 3245/335/3245
f 3299/344/3299 3249/339/3249 3248/346/3248 3298/345/3298
f 3314/347/3314 3264/349/3264 3263/309/3263 3313/348/3313
f 3248/346/3248 3198/241/3198 3197/289/3197 3247/294/3247
f 3199/240/3199 3198/241/3198 3248/346/3248 3249/339/3249
f 3303/350/3303 3253/343/3253 3252/352/3252 3302/351/3302
f 3366/353/3366 3316/356/3316 3315/355/3315 3365/354/3365
f 3306/257/3306 3256/258/3256 3255/358/3255 3305/357/3305
f 3252/352/3252 3202/247/3202 3201/293/3201 3251/298/3251
f 3203/246/3203 3202/247/3202 3252/352/3252 3253/343/3253
f 3262/310/3262 3212/311/3212 3211/261/3211 3261/359/3261
f 3407/360/3407 3357/363/3357 3356/362/3356 3406/361/3406
f 3255/358/3255 3205/253/3205 3254/297/3254 3304/364/3304
f 3256/258/3256 3206/191/3206 3205/253/3205 3255/358/3255
f 3207/190/3207 3206/191/3206 3256/258/3256 3257/259/3257
f 3311/365/3311 3261/359/3261 3260/306/3260 3310/303/3310
f 3270/317/3270 3220/318/3220 3219/264/3219 3269/366/3269
f 3260/306/3260 3210/194/3210 3209/195/3209 3259/305/3259
f 3211/261/3211 3210/194/3210 3260/306/3260 3261/359/3261
f 3315/355/3315 3265/250/3265 3264/349/3264 3314/347/3314
f 3274/321/3274 3224/322/3224 3223/268/3223 3273/367/3273
f 3264/349/3264 3214/243/3214 3213/244/3213 3263/309/3263
f 3215/251/3215 3214/243/3214 3264/349/3264 3265/250/3265
f 3319/368/3319 3269/371/3269 3268/370/3268 3318/369/3318
f 3278/325/3278 3228/326/3228 3227/272/3227 3277/372/3277
f 3268/370/3268 3218/265/3218 3217/314/3217 3267/313/3267
f 3219/264/3219 3218/265/3218 3268/370/3268 3269/366/3269
f 3323/373/3323 3273/367/3273 3272/375/3272 3322/374/3322
f 3282/329/3282 3232/330/3232 3231/276/3231 3281/376/3281
f 3272/375/3272 3222/269/3222 3221/312/3221 3271/316/3271
f 3223/268/3223 3222/269/3222 3272/375/3272 3273/367/3273
f 3327/377/3327 3277/372/3277 3276/379/3276 3326/378/3326
f 3286/333/3286 3236/334/3236 3235/282/3235 3285/380/3285
f 3276/379/3276 3226/273/3226 3225/315/3225 3275/320/3275
f 3227/272/3227 3226/273/3226 3276/379/3276 3277/372/3277
f 3331/381/3331 3281/376/3281 3280/383/3280 3330/382/3330
f 3290/337/3290 3240/338/3240 3239/286/3239 3289/384/3289
f 3280/385/3280 3230/386/3230 3229/319/3229 3279/324/3279
f 3231/276/3231 3230/386/3230 3280/385/3280 3281/376/3281
f 3335/387/3335 3285/380/3285 3284/389/3284 3334/388/3334
f 3294/341/3294 3244/342/3244 3243/290/3243 3293/390/3293
f 3284/389/3284 3234/283/3234 3233/323/3233 3283/328/3283
f 3235/282/3235 3234/283/3234 3284/389/3284 3285/380/3285
f 3339/391/3339 3289/384/3289 3288/393/3288 3338/392/3338
f 3298/345/3298 3248/346/3248 3247/294/3247 3297/394/3297
f 3288/393/3288 3238/287/3238 3237/327/3237 3287/332/3287
f 3239/286/3239 3238/287/3238 3288/393/3288 3289/384/3289
f 3343/395/3343 3293/390/3293 3292/397/3292 3342/396/3342
f 3302/351/3302 3252/352/3252 3251/298/3251 3301/398/3301
f 3292/397/3292 3242/400/3242 3241/331/3241 3291/399/3291
f 3243/290/3243 3242/291/3242 3292/397/3292 3293/390/3293
f 3347/401/3347 3297/394/3297 3296/403/3296 3346/402/3346
f 3304/364/3304 3354/404/3354 3305/357/3305 3255/358/3255
f 3296/403/3296 3246/295/3246 3245/335/3245 3295/340/3295
f 3247/294/3247 3246/295/3246 3296/403/3296 3297/394/3297
f 3351/405/3351 3301/398/3301 3300/407/3300 3350/406/3350
f 3358/408/3358 3308/409/3308 3307/256/3307 3357/363/3357
f 3300/407/3300 3250/299/3250 3249/339/3249 3299/344/3299
f 3251/298/3251 3250/299/3250 3300/407/3300 3301/398/3301
f 3410/410/3410 3360/413/3360 3359/412/3359 3409/411/3409
f 3304/364/3304 3254/297/3254 3253/343/3253 3303/350/3303
f 3359/412/3359 3309/304/3309 3308/409/3308 3358/408/3358
f 3318/414/3318 3268/370/3268 3267/416/3267 3317/415/3317
f 3308/409/3308 3258/301/3258 3257/259/3257 3307/256/3307
f 3259/305/3259 3258/301/3258 3308/409/3308 3309/304/3309
f 3363/417/3363 3313/348/3313 3312/419/3312 3362/418/3362
f 3322/374/3322 3272/375/3272 3271/316/3271 3321/420/3321
f 3312/419/3312 3262/310/3262 3261/359/3261 3311/365/3311
f 3263/309/3263 3262/310/3262 3312/419/3312 3313/348/3313
f 3367/421/3367 3317/423/3317 3316/422/3316 3366/353/3366
f 3326/378/3326 3276/379/3276 3275/320/3275 3325/424/3325
f 3316/422/3316 3266/249/3266 3265/250/3265 3315/355/3315
f 3267/416/3267 3266/249/3266 3316/422/3316 3317/425/3317
f 3371/426/3371 3321/420/3321 3320/428/3320 3370/427/3370
f 3330/382/3330 3280/383/3280 3279/324/3279 3329/429/3329
f 3320/430/3320 3270/317/3270 3269/366/3269 3319/368/3319
f 3271/316/3271 3270/317/3270 3320/428/3320 3321/420/3321
f 3375/431/3375 3325/424/3325 3324/433/3324 3374/432/3374
f 3334/388/3334 3284/389/3284 3283/328/3283 3333/434/3333
f 3324/433/3324 3274/321/3274 3273/367/3273 3323/373/3323
f 3275/320/3275 3274/321/3274 3324/433/3324 3325/424/3325
f 3379/435/3379 3329/429/3329 3328/437/3328 3378/436/3378
f 3338/392/3338 3288/393/3288 3287/332/3287 3337/438/3337
f 3328/437/3328 3278/325/3278 3277/372/3277 3327/377/3327
f 3279/324/3279 3278/325/3278 3328/437/3328 3329/429/3329
f 3383/439/3383 3333/434/3333 3332/441/3332 3382/440/3382
f 3342/396/3342 3292/397/3292 3291/399/3291 3341/442/3341
f 3332/441/3332 3282/329/3282 3281/376/3281 3331/381/3331
f 3283/328/3283 3282/329/3282 3332/441/3332 3333/434/3333
f 3387/443/3387 3337/438/3337 3336/445/3336 3386/444/3386
f 3346/402/3346 3296/403/3296 3295/340/3295 3345/446/3345
f 3336/445/3336 3286/333/3286 3285/380/3285 3335/387/3335
f 3287/332/3287 3286/333/3286 3336/445/3336 3337/438/3337
f 3391/447/3391 3341/442/3341 3340/449/3340 3390/448/3390
f 3350/406/3350 3300/407/3300 3299/344/3299 3349/450/3349
f 3340/449/3340 3290/337/3290 3289/384/3289 3339/391/3339
f 3291/336/3291 3290/337/3290 3340/451/3340 3341/442/3341
f 3395/452/3395 3345/446/3345 3344/454/3344 3394/453/3394
f 3354/404/3354 3304/364/3304 3303/350/3303 3353/455/3353
f 3344/456/3344 3294/341/3294 3293/457/3293 3343/395/3343
f 3295/340/3295 3294/341/3294 3344/456/3344 3345/446/3345
f 3399/458/3399 3349/450/3349 3348/460/3348 3398/459/3398
f 3414/461/3414 3364/463/3364 3363/417/3363 3413/462/3413
f 3348/460/3348 3298/345/3298 3297/394/3297 3347/401/3347
f 3299/344/3299 3298/345/3298 3348/460/3348 3349/450/3349
f 3403/464/3403 3353/455/3353 3352/466/3352 3402/465/3402
f 3466/467/3466 3416/470/3416 3415/469/3415 3465/468/3465
f 3406/361/3406 3356/362/3356 3355/472/3355 3405/471/3405
f 3352/466/3352 3302/351/3302 3301/398/3301 3351/405/3351
f 3303/350/3303 3302/351/3302 3352/466/3352 3353/455/3353
f 3362/473/3362 3312/419/3312 3311/365/3311 3361/474/3361
f 3507/475/3507 3457/478/3457 3456/477/3456 3506/476/3506
f 3355/472/3355 3305/357/3305 3354/404/3354 3404/479/3404
f 3356/362/3356 3306/257/3306 3305/357/3305 3355/472/3355
f 3307/256/3307 3306/257/3306 3356/362/3356 3357/363/3357
f 3411/480/3411 3361/481/3361 3360/413/3360 3410/410/3410
f 3370/427/3370 3320/428/3320 3319/368/3319 3369/482/3369
f 3360/413/3360 3310/303/3310 3309/304/3309 3359/412/3359
f 3311/365/3311 3310/303/3310 3360/413/3360 3361/474/3361
f 3415/469/3415 3365/354/3365 3364/463/3364 3414/461/3414
f 3374/432/3374 3324/433/3324 3323/373/3323 3373/483/3373
f 3364/463/3364 3314/347/3314 3313/348/3313 3363/484/3363
f 3315/355/3315 3314/347/3314 3364/463/3364 3365/354/3365
f 3419/485/3419 3369/482/3369 3368/487/3368 3418/486/3418
f 3378/436/3378 3328/437/3328 3327/377/3327 3377/488/3377
f 3368/487/3368 3318/414/3318 3317/489/3317 3367/421/3367
f 3319/368/3319 3318/369/3318 3368/487/3368 3369/482/3369
f 3423/490/3423 3373/483/3373 3372/492/3372 3422/491/3422
f 3382/440/3382 3332/441/3332 3331/381/3331 3381/493/3381
f 3372/492/3372 3322/374/3322 3321/420/3321 3371/494/3371
f 3323/373/3323 3322/374/3322 3372/492/3372 3373/483/3373
f 3427/495/3427 3377/488/3377 3376/497/3376 3426/496/3426
f 3386/444/3386 3336/445/3336 3335/387/3335 3385/498/3385
f 3376/497/3376 3326/378/3326 3325/424/3325 3375/431/3375
f 3327/377/3327 3326/378/3326 3376/497/3376 3377/488/3377
f 3431/499/3431 3381/493/3381 3380/501/3380 3430/500/3430
f 3390/448/3390 3340/449/3340 3339/391/3339 3389/502/3389
f 3380/501/3380 3330/382/3330 3329/429/3329 3379/435/3379
f 3331/381/3331 3330/382/3330 3380/501/3380 3381/493/3381
f 3435/503/3435 3385/498/3385 3384/505/3384 3434/504/3434
f 3394/453/3394 3344/456/3344 3343/395/3343 3393/506/3393
f 3384/505/3384 3334/388/3334 3333/434/3333 3383/439/3383
f 3335/387/3335 3334/388/3334 3384/505/3384 3385/498/3385
f 3439/507/3439 3389/502/3389 3388/509/3388 3438/508/3438
f 3398/459/3398 3348/460/3348 3347/401/3347 3397/510/3397
f 3388/509/3388 3338/392/3338 3337/438/3337 3387/443/3387
f 3339/511/3339 3338/392/3338 3388/512/3388 3389/502/3389
f 3443/513/3443 3393/506/3393 3392/515/3392 3442/514/3442
f 3402/465/3402 3352/466/3352 3351/405/3351 3401/516/3401
f 3392/515/3392 3342/396/3342 3341/442/3341 3391/447/3391
f 3343/395/3343 3342/396/3342 3392/515/3392 3393/506/3393
f 3447/517/3447 3397/510/3397 3396/519/3396 3446/518/3446
f 3404/479/3404 3454/520/3454 3405/471/3405 3355/472/3355
f 3396/519/3396 3346/402/3346 3345/446/3345 3395/452/3395
f 3347/401/3347 3346/402/3346 3396/519/3396 3397/510/3397
f 3451/521/3451 3401/516/3401 3400/523/3400 3450/522/3450
f 3458/524/3458 3408/525/3408 3407/360/3407 3457/478/3457
f 3400/523/3400 3350/406/3350 3349/450/3349 3399/458/3399
f 3351/405/3351 3350/406/3350 3400/523/3400 3401/516/3401
f 3510/526/3510 3460/529/3460 3459/528/3459 3509/527/3509
f 3404/479/3404 3354/404/3354 3353/455/3353 3403/464/3403
f 3459/530/3459 3409/531/3409 3408/525/3408 3458/524/3458
f 3418/486/3418 3368/487/3368 3367/533/3367 3417/532/3417
f 3408/525/3408 3358/408/3358 3357/363/3357 3407/360/3407
f 3359/412/3359 3358/535/3358 3408/525/3408 3409/534/3409
f 3463/536/3463 3413/462/3413 3412/538/3412 3462/537/3462
f 3422/539/3422 3372/492/3372 3371/494/3371 3421/540/3421
f 3412/538/3412 3362/473/3362 3361/474/3361 3411/480/3411
f 3363/417/3363 3362/418/3362 3412/538/3412 3413/462/3413
f 3467/541/3467 3417/542/3417 3416/470/3416 3466/467/3466
f 3426/496/3426 3376/497/3376 3375/431/3375 3425/543/3425
f 3416/470/3416 3366/353/3366 3365/354/3365 3415/469/3415
f 3367/533/3367 3366/353/3366 3416/470/3416 3417/532/3417
f 3471/544/3471 3421/540/3421 3420/546/3420 3470/545/3470
f 3430/500/3430 3380/501/3380 3379/435/3379 3429/547/3429
f 3420/546/3420 3370/427/3370 3369/482/3369 3419/485/3419
f 3371/494/3371 3370/427/3370 3420/546/3420 3421/540/3421
f 3475/548/3475 3425/543/3425 3424/550/3424 3474/549/3474
f 3434/504/3434 3384/505/3384 3383/439/3383 3433/551/3433
f 3424/550/3424 3374/432/3374 3373/483/3373 3423/490/3423
f 3375/431/3375 3374/432/3374 3424/550/3424 3425/543/3425
f 3479/552/3479 3429/547/3429 3428/554/3428 3478/553/3478
f 3438/508/3438 3388/509/3388 3387/443/3387 3437/555/3437
f 3428/554/3428 3378/436/3378 3377/488/3377 3427/495/3427
f 3379/435/3379 3378/436/3378 3428/554/3428 3429/547/3429
f 3483/556/3483 3433/551/3433 3432/558/3432 3482/557/3482
f 3442/514/3442 3392/515/3392 3391/447/3391 3441/559/3441
f 3432/558/3432 3382/440/3382 3381/493/3381 3431/499/3431
f 3383/439/3383 3382/440/3382 3432/558/3432 3433/551/3433
f 3487/560/3487 3437/555/3437 3436/562/3436 3486/561/3486
f 3446/518/3446 3396/519/3396 3395/564/3395 3445/563/3445
f 3436/562/3436 3386/444/3386 3385/498/3385 3435/503/3435
f 3387/565/3387 3386/444/3386 3436/562/3436 3437/555/3437
f 3491/566/3491 3441/559/3441 3440/568/3440 3490/567/3490
f 3450/522/3450 3400/523/3400 3399/458/3399 3449/569/3449
f 3440/568/3440 3390/448/3390 3389/502/3389 3439/507/3439
f 3391/447/3391 3390/448/3390 3440/568/3440 3441/559/3441
f 3495/570/3495 3445/563/3445 3444/572/3444 3494/571/3494
f 3454/520/3454 3404/479/3404 3403/464/3403 3453/573/3453
f 3444/572/3444 3394/453/3394 3393/506/3393 3443/513/3443
f 3395/452/3395 3394/453/3394 3444/572/3444 3445/563/3445
f 3499/574/3499 3449/569/3449 3448/576/3448 3498/575/3498
f 3514/577/3514 3464/579/3464 3463/536/3463 3513/578/3513
f 3448/576/3448 3398/459/3398 3397/510/3397 3447/517/3447
f 3399/458/3399 3398/459/3398 3448/576/3448 3449/569/3449
f 3503/580/3503 3453/573/3453 3452/582/3452 3502/581/3502
f 3566/583/3566 3516/586/3516 3515/585/3515 3565/584/3565
f 3506/476/3506 3456/477/3456 3455/588/3455 3505/587/3505
f 3452/582/3452 3402/465/3402 3401/516/3401 3451/521/3451
f 3403/464/3403 3402/465/3402 3452/582/3452 3453/573/3453
f 3462/537/3462 3412/538/3412 3411/480/3411 3461/589/3461
f 3607/590/3607 3557/593/3557 3556/592/3556 3606/591/3606
f 3455/588/3455 3405/471/3405 3454/520/3454 3504/594/3504
f 3456/477/3456 3406/361/3406 3405/471/3405 3455/588/3455
f 3407/360/3407 3406/361/3406 3456/477/3456 3457/478/3457
f 3511/595/3511 3461/589/3461 3460/529/3460 3510/526/3510
f 3470/545/3470 3420/546/3420 3419/485/3419 3469/596/3469
f 3460/529/3460 3410/410/3410 3409/411/3409 3459/530/3459
f 3411/480/3411 3410/410/3410 3460/529/3460 3461/589/3461
f 3515/585/3515 3465/468/3465 3464/579/3464 3514/577/3514
f 3474/549/3474 3424/550/3424 3423/490/3423 3473/597/3473
f 3464/579/3464 3414/461/3414 3413/462/3413 3463/536/3463
f 3415/469/3415 3414/461/3414 3464/579/3464 3465/468/3465
f 3519/598/3519 3469/596/3469 3468/600/3468 3518/599/3518
f 3478/553/3478 3428/554/3428 3427/495/3427 3477/601/3477
f 3468/600/3468 3418/486/3418 3417/542/3417 3467/541/3467
f 3419/485/3419 3418/486/3418 3468/600/3468 3469/596/3469
f 3523/602/3523 3473/597/3473 3472/604/3472 3522/603/3522
f 3482/605/3482 3432/558/3432 3431/607/3431 3481/606/3481
f 3472/608/3472 3422/491/3422 3421/540/3421 3471/544/3471
f 3423/490/3423 3422/491/3422 3472/608/3472 3473/597/3473
f 3527/609/3527 3477/601/3477 3476/611/3476 3526/610/3526
f 3486/561/3486 3436/613/3436 3435/503/3435 3485/612/3485
f 3476/611/3476 3426/496/3426 3425/543/3425 3475/548/3475
f 3427/495/3427 3426/496/3426 3476/611/3476 3477/601/3477
f 3531/614/3531 3481/606/3481 3480/616/3480 3530/615/3530
f 3490/567/3490 3440/568/3440 3439/507/3439 3489/617/3489
f 3480/616/3480 3430/500/3430 3429/547/3429 3479/552/3479
f 3431/607/3431 3430/500/3430 3480/616/3480 3481/606/3481
f 3535/618/3535 3485/621/3485 3484/620/3484 3534/619/3534
f 3494/571/3494 3444/572/3444 3443/513/3443 3493/622/3493
f 3484/620/3484 3434/504/3434 3433/551/3433 3483/556/3483
f 3435/503/3435 3434/504/3434 3484/620/3484 3485/621/3485
f 3539/623/3539 3489/617/3489 3488/625/3488 3538/624/3538
f 3498/575/3498 3448/576/3448 3447/517/3447 3497/626/3497
f 3488/625/3488 3438/508/3438 3437/555/3437 3487/560/3487
f 3439/507/3439 3438/508/3438 3488/625/3488 3489/617/3489
f 3543/627/3543 3493/622/3493 3492/629/3492 3542/628/3542
f 3502/581/3502 3452/582/3452 3451/521/3451 3501/630/3501
f 3492/629/3492 3442/514/3442 3441/559/3441 3491/566/3491
f 3443/513/3443 3442/514/3442 3492/629/3492 3493/622/3493
f 3547/631/3547 3497/626/3497 3496/633/3496 3546/632/3546
f 3504/594/3504 3554/634/3554 3505/587/3505 3455/588/3455
f 3496/633/3496 3446/518/3446 3445/563/3445 3495/570/3495
f 3447/517/3447 3446/635/3446 3496/633/3496 3497/626/3497
f 3551/636/3551 3501/630/3501 3500/638/3500 3550/637/3550
f 3558/639/3558 3508/640/3508 3507/475/3507 3557/593/3557
f 3500/638/3500 3450/522/3450 3449/569/3449 3499/574/3499
f 3451/521/3451 3450/522/3450 3500/638/3500 3501/630/3501
f 3610/641/3610 3560/644/3560 3559/643/3559 3609/642/3609
f 3504/594/3504 3454/520/3454 3453/573/3453 3503/580/3503
f 3559/643/3559 3509/527/3509 3508/640/3508 3558/639/3558
f 3518/599/3518 3468/600/3468 3467/646/3467 3517/645/3517
f 3508/640/3508 3458/524/3458 3457/478/3457 3507/475/3507
f 3459/528/3459 3458/524/3458 3508/640/3508 3509/527/3509
f 3563/647/3563 3513/578/3513 3512/649/3512 3562/648/3562
f 3522/603/3522 3472/608/3472 3471/544/3471 3521/650/3521
f 3512/649/3512 3462/537/3462 3461/589/3461 3511/595/3511
f 3463/536/3463 3462/537/3462 3512/649/3512 3513/578/3513
f 3567/651/3567 3517/652/3517 3516/586/3516 3566/583/3566
f 3526/610/3526 3476/611/3476 3475/548/3475 3525/653/3525
f 3516/586/3516 3466/467/3466 3465/468/3465 3515/585/3515
f 3467/646/3467 3466/467/3466 3516/586/3516 3517/645/3517
f 3571/654/3571 3521/650/3521 3520/656/3520 3570/655/3570
f 3530/615/3530 3480/616/3480 3479/552/3479 3529/657/3529
f 3520/656/3520 3470/545/3470 3469/596/3469 3519/598/3519
f 3471/544/3471 3470/545/3470 3520/656/3520 3521/650/3521
f 3575/658/3575 3525/653/3525 3524/660/3524 3574/659/3574
f 3534/619/3534 3484/620/3484 3483/556/3483 3533/661/3533
f 3524/660/3524 3474/549/3474 3473/597/3473 3523/662/3523
f 3475/548/3475 3474/549/3474 3524/660/3524 3525/653/3525
f 3579/663/3579 3529/657/3529 3528/665/3528 3578/664/3578
f 3538/624/3538 3488/625/3488 3487/560/3487 3537/666/3537
f 3528/665/3528 3478/553/3478 3477/601/3477 3527/609/3527
f 3479/552/3479 3478/553/3478 3528/665/3528 3529/657/3529
f 3583/667/3583 3533/661/3533 3532/669/3532 3582/668/3582
f 3542/628/3542 3492/629/3492 3491/566/3491 3541/670/3541
f 3532/669/3532 3482/605/3482 3481/606/3481 3531/614/3531
f 3483/556/3483 3482/557/3482 3532/669/3532 3533/661/3533
f 3587/671/3587 3537/666/3537 3536/673/3536 3586/672/3586
f 3546/632/3546 3496/633/3496 3495/570/3495 3545/674/3545
f 3536/673/3536 3486/561/3486 3485/621/3485 3535/618/3535
f 3487/560/3487 3486/561/3486 3536/673/3536 3537/666/3537
f 3591/675/3591 3541/670/3541 3540/677/3540 3590/676/3590
f 3550/637/3550 3500/638/3500 3499/574/3499 3549/678/3549
f 3540/677/3540 3490/567/3490 3489/617/3489 3539/623/3539
f 3491/566/3491 3490/567/3490 3540/677/3540 3541/670/3541
f 3595/679/3595 3545/674/3545 3544/681/3544 3594/680/3594
f 3554/634/3554 3504/594/3504 3503/580/3503 3553/682/3553
f 3544/681/3544 3494/571/3494 3493/622/3493 3543/627/3543
f 3495/570/3495 3494/571/3494 3544/681/3544 3545/674/3545
f 3599/683/3599 3549/678/3549 3548/685/3548 3598/684/3598
f 3614/686/3614 3564/688/3564 3563/647/3563 3613/687/3613
f 3548/685/3548 3498/575/3498 3497/689/3497 3547/631/3547
f 3499/574/3499 3498/575/3498 3548/685/3548 3549/678/3549
f 3603/690/3603 3553/682/3553 3552/692/3552 3602/691/3602
f 3666/693/3666 3616/696/3616 3615/695/3615 3665/694/3665
f 3606/591/3606 3556/592/3556 3555/698/3555 3605/697/3605
f 3552/692/3552 3502/581/3502 3501/630/3501 3551/636/3551
f 3503/580/3503 3502/581/3502 3552/692/3552 3553/682/3553
f 3562/648/3562 3512/649/3512 3511/595/3511 3561/699/3561
f 3707/700/3707 3657/703/3657 3656/702/3656 3706/701/3706
f 3555/698/3555 3505/587/3505 3554/634/3554 3604/704/3604
f 3556/592/3556 3506/476/3506 3505/587/3505 3555/698/3555
f 3507/475/3507 3506/476/3506 3556/592/3556 3557/593/3557
f 3611/705/3611 3561/699/3561 3560/644/3560 3610/641/3610
f 3570/655/3570 3520/656/3520 3519/598/3519 3569/706/3569
f 3560/644/3560 3510/526/3510 3509/707/3509 3559/643/3559
f 3511/595/3511 3510/526/3510 3560/644/3560 3561/699/3561
f 3615/695/3615 3565/584/3565 3564/688/3564 3614/686/3614
f 3574/659/3574 3524/660/3524 3523/662/3523 3573/708/3573
f 3564/688/3564 3514/577/3514 3513/578/3513 3563/647/3563
f 3515/585/3515 3514/577/3514 3564/688/3564 3565/584/3565
f 3619/709/3619 3569/706/3569 3568/711/3568 3618/710/3618
f 3578/664/3578 3528/665/3528 3527/609/3527 3577/712/3577
f 3568/711/3568 3518/599/3518 3517/652/3517 3567/651/3567
f 3519/598/3519 3518/599/3518 3568/711/3568 3569/706/3569
f 3623/713/3623 3573/716/3573 3572/715/3572 3622/714/3622
f 3582/668/3582 3532/669/3532 3531/614/3531 3581/717/3581
f 3572/715/3572 3522/603/3522 3521/650/3521 3571/654/3571
f 3523/662/3523 3522/603/3522 3572/715/3572 3573/708/3573
f 3627/718/3627 3577/712/3577 3576/720/3576 3626/719/3626
f 3586/672/3586 3536/673/3536 3535/618/3535 3585/721/3585
f 3576/720/3576 3526/610/3526 3525/653/3525 3575/658/3575
f 3527/609/3527 3526/610/3526 3576/720/3576 3577/712/3577
f 3631/722/3631 3581/717/3581 3580/724/3580 3630/723/3630
f 3590/676/3590 3540/677/3540 3539/623/3539 3589/725/3589
f 3580/724/3580 3530/615/3530 3529/657/3529 3579/663/3579
f 3531/614/3531 3530/615/3530 3580/724/3580 3581/717/3581
f 3635/726/3635 3585/721/3585 3584/728/3584 3634/727/3634
f 3594/680/3594 3544/681/3544 3543/627/3543 3593/729/3593
f 3584/728/3584 3534/619/3534 3533/661/3533 3583/667/3583
f 3535/618/3535 3534/730/3534 3584/728/3584 3585/721/3585
f 3639/731/3639 3589/725/3589 3588/733/3588 3638/732/3638
f 3598/684/3598 3548/685/3548 3547/631/3547 3597/734/3597
f 3588/733/3588 3538/624/3538 3537/666/3537 3587/671/3587
f 3539/623/3539 3538/624/3538 3588/733/3588 3589/725/3589
f 3643/735/3643 3593/729/3593 3592/737/3592 3642/736/3642
f 3602/691/3602 3552/692/3552 3551/636/3551 3601/738/3601
f 3592/737/3592 3542/628/3542 3541/670/3541 3591/675/3591
f 3543/627/3543 3542/628/3542 3592/737/3592 3593/729/3593
f 3647/739/3647 3597/734/3597 3596/741/3596 3646/740/3646
f 3604/704/3604 3654/742/3654 3605/697/3605 3555/698/3555
f 3596/741/3596 3546/632/3546 3545/674/3545 3595/679/3595
f 3547/631/3547 3546/632/3546 3596/741/3596 3597/734/3597
f 3651/743/3651 3601/738/3601 3600/745/3600 3650/744/3650
f 3658/746/3658 3608/747/3608 3607/590/3607 3657/703/3657
f 3600/745/3600 3550/637/3550 3549/678/3549 3599/683/3599
f 3551/636/3551 3550/637/3550 3600/745/3600 3601/738/3601
f 3710/748/3710 3660/751/3660 3659/750/3659 3709/749/3709
f 3604/704/3604 3554/634/3554 3553/682/3553 3603/690/3603
f 3659/752/3659 3609/642/3609 3608/747/3608 3658/746/3658
f 3618/710/3618 3568/711/3568 3567/754/3567 3617/753/3617
f 3608/747/3608 3558/639/3558 3557/593/3557 3607/590/3607
f 3559/643/3559 3558/639/3558 3608/747/3608 3609/642/3609
f 3663/755/3663 3613/687/3613 3612/757/3612 3662/756/3662
f 3622/714/3622 3572/715/3572 3571/654/3571 3621/758/3621
f 3612/757/3612 3562/648/3562 3561/699/3561 3611/705/3611
f 3563/647/3563 3562/648/3562 3612/757/3612 3613/687/3613
f 3667/759/3667 3617/760/3617 3616/696/3616 3666/693/3666
f 3626/719/3626 3576/720/3576 3575/658/3575 3625/761/3625
f 3616/696/3616 3566/583/3566 3565/584/3565 3615/695/3615
f 3567/754/3567 3566/583/3566 3616/696/3616 3617/753/3617
f 3671/762/3671 3621/758/3621 3620/764/3620 3670/763/3670
f 3630/723/3630 3580/724/3580 3579/663/3579 3629/765/3629
f 3620/764/3620 3570/655/3570 3569/706/3569 3619/709/3619
f 3571/654/3571 3570/655/3570 3620/764/3620 3621/758/3621
f 3675/766/3675 3625/761/3625 3624/768/3624 3674/767/3674
f 3634/727/3634 3584/728/3584 3583/667/3583 3633/769/3633
f 3624/768/3624 3574/659/3574 3573/716/3573 3623/770/3623
f 3575/658/3575 3574/659/3574 3624/768/3624 3625/761/3625
f 3679/771/3679 3629/765/3629 3628/773/3628 3678/772/3678
f 3638/732/3638 3588/733/3588 3587/671/3587 3637/774/3637
f 3628/773/3628 3578/664/3578 3577/712/3577 3627/718/3627
f 3579/663/3579 3578/664/3578 3628/773/3628 3629/765/3629
f 3683/775/3683 3633/769/3633 3632/777/3632 3682/776/3682
f 3642/736/3642 3592/737/3592 3591/675/3591 3641/778/3641
f 3632/777/3632 3582/668/3582 3581/717/3581 3631/722/3631
f 3583/667/3583 3582/668/3582 3632/777/3632 3633/769/3633
f 3687/779/3687 3637/774/3637 3636/781/3636 3686/780/3686
f 3646/740/3646 3596/741/3596 3595/679/3595 3645/782/3645
f 3636/781/3636 3586/672/3586 3585/721/3585 3635/726/3635
f 3587/671/3587 3586/672/3586 3636/781/3636 3637/774/3637
f 3691/783/3691 3641/778/3641 3640/785/3640 3690/784/3690
f 3650/744/3650 3600/745/3600 3599/683/3599 3649/786/3649
f 3640/785/3640 3590/676/3590 3589/725/3589 3639/731/3639
f 3591/675/3591 3590/676/3590 3640/785/3640 3641/778/3641
f 3695/787/3695 3645/782/3645 3644/789/3644 3694/788/3694
f 3654/742/3654 3604/704/3604 3603/690/3603 3653/790/3653
f 3644/789/3644 3594/680/3594 3593/729/3593 3643/735/3643
f 3595/679/3595 3594/680/3594 3644/789/3644 3645/782/3645
f 3699/791/3699 3649/786/3649 3648/793/3648 3698/792/3698
f 3714/794/3714 3664/796/3664 3663/755/3663 3713/795/3713
f 3648/793/3648 3598/797/3598 3597/734/3597 3647/739/3647
f 3599/683/3599 3598/797/3598 3648/793/3648 3649/786/3649
f 3703/798/3703 3653/790/3653 3652/800/3652 3702/799/3702
f 3766/801/3766 3716/804/3716 3715/803/3715 3765/802/3765
f 3706/701/3706 3656/702/3656 3655/806/3655 3705/805/3705
f 3652/800/3652 3602/691/3602 3601/738/3601 3651/743/3651
f 3603/690/3603 3602/691/3602 3652/800/3652 3653/790/3653
f 3662/756/3662 3612/757/3612 3611/705/3611 3661/807/3661
f 3807/808/3807 3757/811/3757 3756/810/3756 3806/809/3806
f 3655/806/3655 3605/697/3605 3654/742/3654 3704/812/3704
f 3656/702/3656 3606/591/3606 3605/697/3605 3655/806/3655
f 3607/590/3607 3606/591/3606 3656/702/3656 3657/703/3657
f 3711/813/3711 3661/807/3661 3660/751/3660 3710/748/3710
f 3670/763/3670 3620/764/3620 3619/709/3619 3669/814/3669
f 3660/751/3660 3610/641/3610 3609/642/3609 3659/752/3659
f 3611/705/3611 3610/641/3610 3660/751/3660 3661/807/3661
f 3715/803/3715 3665/694/3665 3664/796/3664 3714/794/3714
f 3674/767/3674 3624/768/3624 3623/713/3623 3673/815/3673
f 3664/796/3664 3614/686/3614 3613/687/3613 3663/755/3663
f 3615/695/3615 3614/686/3614 3664/796/3664 3665/694/3665
f 3719/816/3719 3669/814/3669 3668/818/3668 3718/817/3718
f 3678/772/3678 3628/773/3628 3627/718/3627 3677/819/3677
f 3668/818/3668 3618/710/3618 3617/760/3617 3667/759/3667
f 3619/709/3619 3618/710/3618 3668/818/3668 3669/814/3669
f 3723/820/3723 3673/815/3673 3672/822/3672 3722/821/3722
f 3682/776/3682 3632/777/3632 3631/722/3631 3681/823/3681
f 3672/822/3672 3622/714/3622 3621/758/3621 3671/762/3671
f 3623/713/3623 3622/714/3622 3672/822/3672 3673/815/3673
f 3727/824/3727 3677/819/3677 3676/826/3676 3726/825/3726
f 3686/780/3686 3636/781/3636 3635/726/3635 3685/827/3685
f 3676/826/3676 3626/719/3626 3625/761/3625 3675/766/3675
f 3627/718/3627 3626/719/3626 3676/826/3676 3677/819/3677
f 3731/828/3731 3681/823/3681 3680/830/3680 3730/829/3730
f 3690/784/3690 3640/785/3640 3639/731/3639 3689/831/3689
f 3680/830/3680 3630/723/3630 3629/765/3629 3679/771/3679
f 3631/722/3631 3630/723/3630 3680/830/3680 3681/823/3681
f 3735/832/3735 3685/827/3685 3684/834/3684 3734/833/3734
f 3694/788/3694 3644/789/3644 3643/735/3643 3693/835/3693
f 3684/834/3684 3634/727/3634 3633/769/3633 3683/836/3683
f 3635/726/3635 3634/727/3634 3684/834/3684 3685/837/3685
f 3739/838/3739 3689/831/3689 3688/840/3688 3738/839/3738
f 3698/792/3698 3648/793/3648 3647/739/3647 3697/841/3697
f 3688/840/3688 3638/732/3638 3637/774/3637 3687/779/3687
f 3639/731/3639 3638/732/3638 3688/840/3688 3689/831/3689
f 3743/842/3743 3693/835/3693 3692/844/3692 3742/843/3742
f 3702/799/3702 3652/800/3652 3651/743/3651 3701/845/3701
f 3692/844/3692 3642/736/3642 3641/778/3641 3691/783/3691
f 3643/735/3643 3642/736/3642 3692/844/3692 3693/835/3693
f 3747/846/3747 3697/849/3697 3696/848/3696 3746/847/3746
f 3704/812/3704 3754/850/3754 3705/805/3705 3655/806/3655
f 3696/848/3696 3646/740/3646 3645/782/3645 3695/787/3695
f 3647/739/3647 3646/740/3646 3696/848/3696 3697/841/3697
f 3751/851/3751 3701/845/3701 3700/853/3700 3750/852/3750
f 3758/854/3758 3708/855/3708 3707/700/3707 3757/811/3757
f 3700/853/3700 3650/744/3650 3649/786/3649 3699/791/3699
f 3651/743/3651 3650/744/3650 3700/853/3700 3701/845/3701
f 3810/856/3810 3760/859/3760 3759/858/3759 3809/857/3809
f 3704/812/3704 3654/742/3654 3653/790/3653 3703/798/3703
f 3759/858/3759 3709/860/3709 3708/855/3708 3758/854/3758
f 3718/817/3718 3668/818/3668 3667/862/3667 3717/861/3717
f 3708/855/3708 3658/746/3658 3657/703/3657 3707/700/3707
f 3659/750/3659 3658/746/3658 3708/855/3708 3709/749/3709
f 3763/863/3763 3713/795/3713 3712/865/3712 3762/864/3762
f 3722/821/3722 3672/867/3672 3671/762/3671 3721/866/3721
f 3712/865/3712 3662/756/3662 3661/807/3661 3711/813/3711
f 3663/755/3663 3662/756/3662 3712/865/3712 3713/795/3713
f 3767/868/3767 3717/870/3717 3716/804/3716 3766/869/3766
f 3726/825/3726 3676/826/3676 3675/766/3675 3725/871/3725
f 3716/804/3716 3666/693/3666 3665/694/3665 3715/803/3715
f 3667/862/3667 3666/693/3666 3716/804/3716 3717/861/3717
f 3771/872/3771 3721/875/3721 3720/874/3720 3770/873/3770
f 3730/829/3730 3680/830/3680 3679/771/3679 3729/876/3729
f 3720/874/3720 3670/763/3670 3669/814/3669 3719/816/3719
f 3671/762/3671 3670/763/3670 3720/874/3720 3721/866/3721
f 3775/877/3775 3725/871/3725 3724/879/3724 3774/878/3774
f 3734/833/3734 3684/834/3684 3683/775/3683 3733/880/3733
f 3724/879/3724 3674/767/3674 3673/815/3673 3723/820/3723
f 3675/766/3675 3674/767/3674 3724/879/3724 3725/871/3725
f 3779/881/3779 3729/876/3729 3728/883/3728 3778/882/3778
f 3738/839/3738 3688/840/3688 3687/779/3687 3737/884/3737
f 3728/883/3728 3678/772/3678 3677/819/3677 3727/824/3727
f 3679/771/3679 3678/772/3678 3728/883/3728 3729/876/3729
f 3783/885/3783 3733/880/3733 3732/887/3732 3782/886/3782
f 3742/843/3742 3692/844/3692 3691/783/3691 3741/888/3741
f 3732/887/3732 3682/776/3682 3681/823/3681 3731/828/3731
f 3683/775/3683 3682/776/3682 3732/889/3732 3733/880/3733
f 3787/890/3787 3737/884/3737 3736/892/3736 3786/891/3786
f 3746/847/3746 3696/848/3696 3695/787/3695 3745/893/3745
f 3736/894/3736 3686/780/3686 3685/827/3685 3735/832/3735
f 3687/779/3687 3686/780/3686 3736/894/3736 3737/884/3737
f 3791/895/3791 3741/888/3741 3740/897/3740 3790/896/3790
f 3750/852/3750 3700/853/3700 3699/791/3699 3749/898/3749
f 3740/897/3740 3690/784/3690 3689/831/3689 3739/838/3739
f 3691/783/3691 3690/784/3690 3740/897/3740 3741/888/3741
f 3795/899/3795 3745/893/3745 3744/901/3744 3794/900/3794
f 3754/850/3754 3704/812/3704 3703/798/3703 3753/902/3753
f 3744/901/3744 3694/788/3694 3693/835/3693 3743/842/3743
f 3695/787/3695 3694/788/3694 3744/901/3744 3745/893/3745
f 3799/903/3799 3749/898/3749 3748/905/3748 3798/904/3798
f 3814/906/3814 3764/909/3764 3763/908/3763 3813/907/3813
f 3748/905/3748 3698/792/3698 3697/841/3697 3747/846/3747
f 3699/791/3699 3698/792/3698 3748/905/3748 3749/898/3749
f 3803/910/3803 3753/902/3753 3752/912/3752 3802/911/3802
f 3866/913/3866 3816/916/3816 3815/915/3815 3865/914/3865
f 3806/809/3806 3756/810/3756 3755/918/3755 3805/917/3805
f 3752/912/3752 3702/799/3702 3701/845/3701 3751/851/3751
f 3703/798/3703 3702/799/3702 3752/912/3752 3753/902/3753
f 3762/919/3762 3712/865/3712 3711/813/3711 3761/920/3761
f 3907/921/3907 3857/924/3857 3856/923/3856 3906/922/3906
f 3755/918/3755 3705/805/3705 3754/850/3754 3804/925/3804
f 3756/810/3756 3706/701/3706 3705/805/3705 3755/918/3755
f 3707/700/3707 3706/701/3706 3756/810/3756 3757/811/3757
f 3811/926/3811 3761/920/3761 3760/859/3760 3810/856/3810
f 3770/873/3770 3720/874/3720 3719/816/3719 3769/927/3769
f 3760/859/3760 3710/748/3710 3709/860/3709 3759/858/3759
f 3711/813/3711 3710/748/3710 3760/859/3760 3761/920/3761
f 3815/915/3815 3765/929/3765 3764/928/3764 3814/906/3814
f 3774/878/3774 3724/879/3724 3723/820/3723 3773/930/3773
f 3764/909/3764 3714/794/3714 3713/795/3713 3763/908/3763
f 3715/803/3715 3714/794/3714 3764/928/3764 3765/929/3765
f 3819/931/3819 3769/927/3769 3768/933/3768 3818/932/3818
f 3778/882/3778 3728/883/3728 3727/824/3727 3777/934/3777
f 3768/933/3768 3718/817/3718 3717/870/3717 3767/868/3767
f 3719/816/3719 3718/817/3718 3768/933/3768 3769/927/3769
f 3823/935/3823 3773/930/3773 3772/937/3772 3822/936/3822
f 3782/886/3782 3732/887/3732 3731/828/3731 3781/938/3781
f 3772/937/3772 3722/821/3722 3721/866/3721 3771/872/3771
f 3723/820/3723 3722/821/3722 3772/937/3772 3773/930/3773
f 3827/939/3827 3777/934/3777 3776/941/3776 3826/940/3826
f 3786/891/3786 3736/894/3736 3735/832/3735 3785/942/3785
f 3776/941/3776 3726/825/3726 3725/871/3725 3775/877/3775
f 3727/824/3727 3726/825/3726 3776/941/3776 3777/934/3777
f 3831/943/3831 3781/946/3781 3780/945/3780 3830/944/3830
f 3790/896/3790 3740/897/3740 3739/838/3739 3789/947/3789
f 3780/945/3780 3730/829/3730 3729/876/3729 3779/881/3779
f 3731/828/3731 3730/829/3730 3780/945/3780 3781/938/3781
f 3835/948/3835 3785/942/3785 3784/950/3784 3834/949/3834
f 3794/900/3794 3744/901/3744 3743/842/3743 3793/951/3793
f 3784/950/3784 3734/833/3734 3733/880/3733 3783/885/3783
f 3735/832/3735 3734/833/3734 3784/950/3784 3785/942/3785
f 3839/952/3839 3789/947/3789 3788/954/3788 3838/953/3838
f 3798/904/3798 3748/905/3748 3747/846/3747 3797/955/3797
f 3788/956/3788 3738/839/3738 3737/884/3737 3787/890/3787
f 3739/838/3739 3738/839/3738 3788/956/3788 3789/957/3789
f 3843/958/3843 3793/951/3793 3792/960/3792 3842/959/3842
f 3802/911/3802 3752/912/3752 3751/851/3751 3801/961/3801
f 3792/960/3792 3742/843/3742 3741/888/3741 3791/895/3791
f 3743/842/3743 3742/843/3742 3792/960/3792 3793/951/3793
f 3847/962/3847 3797/955/3797 3796/964/3796 3846/963/3846
f 3804/925/3804 3854/965/3854 3805/917/3805 3755/918/3755
f 3796/964/3796 3746/967/3746 3745/893/3745 3795/966/3795
f 3747/846/3747 3746/847/3746 3796/964/3796 3797/955/3797
f 3851/968/3851 3801/961/3801 3800/970/3800 3850/969/3850
f 3858/971/3858 3808/972/3808 3807/808/3807 3857/924/3857
f 3800/970/3800 3750/852/3750 3749/898/3749 3799/903/3799
f 3751/851/3751 3750/852/3750 3800/970/3800 3801/961/3801
f 3910/973/3910 3860/976/3860 3859/975/3859 3909/974/3909
f 3804/925/3804 3754/850/3754 3753/902/3753 3803/910/3803
f 3859/975/3859 3809/857/3809 3808/972/3808 3858/971/3858
f 3818/932/3818 3768/933/3768 3767/978/3767 3817/977/3817
f 3808/979/3808 3758/854/3758 3757/811/3757 3807/808/3807
f 3759/858/3759 3758/854/3758 3808/979/3808 3809/857/3809
f 3863/980/3863 3813/907/3813 3812/982/3812 3862/981/3862
f 3822/936/3822 3772/937/3772 3771/872/3771 3821/983/3821
f 3812/982/3812 3762/919/3762 3761/920/3761 3811/926/3811
f 3763/863/3763 3762/864/3762 3812/982/3812 3813/907/3813
f 3867/984/3867 3817/985/3817 3816/916/3816 3866/913/3866
f 3826/940/3826 3776/941/3776 3775/877/3775 3825/986/3825
f 3816/916/3816 3766/869/3766 3765/802/3765 3815/915/3815
f 3767/978/3767 3766/869/3766 3816/916/3816 3817/977/3817
f 3871/987/3871 3821/983/3821 3820/989/3820 3870/988/3870
f 3830/944/3830 3780/945/3780 3779/881/3779 3829/990/3829
f 3820/991/3820 3770/992/3770 3769/927/3769 3819/931/3819
f 3771/872/3771 3770/873/3770 3820/989/3820 3821/983/3821
f 3875/993/3875 3825/986/3825 3824/995/3824 3874/994/3874
f 3834/949/3834 3784/950/3784 3783/885/3783 3833/996/3833
f 3824/995/3824 3774/878/3774 3773/930/3773 3823/935/3823
f 3775/877/3775 3774/878/3774 3824/995/3824 3825/986/3825
f 3879/997/3879 3829/990/3829 3828/999/3828 3878/998/3878
f 3838/953/3838 3788/956/3788 3787/890/3787 3837/1000/3837
f 3828/999/3828 3778/882/3778 3777/934/3777 3827/939/3827
f 3779/881/3779 3778/882/3778 3828/999/3828 3829/990/3829
f 3883/1001/3883 3833/996/3833 3832/1003/3832 3882/1002/3882
f 3842/1004/3842 3792/960/3792 3791/895/3791 3841/1005/3841
f 3832/1003/3832 3782/886/3782 3781/938/3781 3831/943/3831
f 3783/885/3783 3782/886/3782 3832/1003/3832 3833/996/3833
f 3887/1006/3887 3837/1000/3837 3836/1008/3836 3886/1007/3886
f 3846/963/3846 3796/964/3796 3795/966/3795 3845/1009/3845
f 3836/1008/3836 3786/891/3786 3785/942/3785 3835/948/3835
f 3787/890/3787 3786/891/3786 3836/1008/3836 3837/1000/3837
f 3891/1010/3891 3841/1013/3841 3840/1012/3840 3890/1011/3890
f 3850/969/3850 3800/970/3800 3799/903/3799 3849/1014/3849
f 3840/1012/3840 3790/896/3790 3789/947/3789 3839/952/3839
f 3791/895/3791 3790/896/3790 3840/1012/3840 3841/1013/3841
f 3895/1015/3895 3845/1009/3845 3844/1017/3844 3894/1016/3894
f 3854/965/3854 3804/925/3804 3803/910/3803 3853/1018/3853
f 3844/1017/3844 3794/900/3794 3793/951/3793 3843/958/3843
f 3795/899/3795 3794/900/3794 3844/1019/3844 3845/1009/3845
f 3899/1020/3899 3849/1014/3849 3848/1022/3848 3898/1021/3898
f 3914/1023/3914 3864/1025/3864 3863/980/3863 3913/1024/3913
f 3848/1022/3848 3798/904/3798 3797/955/3797 3847/962/3847
f 3799/903/3799 3798/904/3798 3848/1022/3848 3849/1014/3849
f 3903/1026/3903 3853/1018/3853 3852/1028/3852 3902/1027/3902
f 3966/1029/3966 3916/1032/3916 3915/1031/3915 3965/1030/3965
f 3906/922/3906 3856/923/3856 3855/1034/3855 3905/1033/3905
f 3852/1028/3852 3802/911/3802 3801/961/3801 3851/968/3851
f 3803/910/3803 3802/911/3802 3852/1028/3852 3853/1018/3853
f 3862/981/3862 3812/982/3812 3811/926/3811 3861/1035/3861
f 4007/1036/4007 3957/1039/3957 3956/1038/3956 4006/1037/4006
f 3855/1034/3855 3805/917/3805 3854/965/3854 3904/1040/3904
f 3856/923/3856 3806/809/3806 3805/917/3805 3855/1034/3855
f 3807/808/3807 3806/809/3806 3856/923/3856 3857/924/3857
f 3911/1041/3911 3861/1035/3861 3860/976/3860 3910/973/3910
f 3870/988/3870 3820/989/3820 3819/931/3819 3869/1042/3869
f 3860/976/3860 3810/856/3810 3809/857/3809 3859/975/3859
f 3811/926/3811 3810/856/3810 3860/976/3860 3861/1035/3861
f 3915/1031/3915 3865/914/3865 3864/1025/3864 3914/1023/3914
f 3874/994/3874 3824/995/3824 3823/935/3823 3873/1043/3873
f 3864/1025/3864 3814/906/3814 3813/907/3813 3863/980/3863
f 3815/915/3815 3814/906/3814 3864/1025/3864 3865/914/3865
f 3919/1044/3919 3869/1042/3869 3868/1046/3868 3918/1045/3918
f 3878/998/3878 3828/999/3828 3827/939/3827 3877/1047/3877
f 3868/1046/3868 3818/932/3818 3817/985/3817 3867/984/3867
f 3819/931/3819 3818/932/3818 3868/1046/3868 3869/1042/3869
f 3923/1048/3923 3873/1043/3873 3872/1050/3872 3922/1049/3922
f 3882/1002/3882 3832/1003/3832 3831/1052/3831 3881/1051/3881
f 3872/1050/3872 3822/936/3822 3821/983/3821 3871/987/3871
f 3823/935/3823 3822/936/3822 3872/1050/3872 3873/1043/3873
f 3927/1053/3927 3877/1047/3877 3876/1055/3876 3926/1054/3926
f 3886/1007/3886 3836/1008/3836 3835/948/3835 3885/1056/3885
f 3876/1055/3876 3826/940/3826 3825/986/3825 3875/993/3875
f 3827/939/3827 3826/940/3826 3876/1055/3876 3877/1047/3877
f 3931/1057/3931 3881/1060/3881 3880/1059/3880 3930/1058/3930
f 3890/1011/3890 3840/1012/3840 3839/952/3839 3889/1061/3889
f 3880/1059/3880 3830/944/3830 3829/990/3829 3879/997/3879
f 3831/1052/3831 3830/944/3830 3880/1059/3880 3881/1051/3881
f 3935/1062/3935 3885/1056/3885 3884/1064/3884 3934/1063/3934
f 3894/1016/3894 3844/1017/3844 3843/958/3843 3893/1065/3893
f 3884/1064/3884 3834/949/3834 3833/996/3833 3883/1001/3883
f 3835/948/3835 3834/949/3834 3884/1064/3884 3885/1056/3885
f 3939/1066/3939 3889/1061/3889 3888/1068/3888 3938/1067/3938
f 3898/1021/3898 3848/1022/3848 3847/962/3847 3897/1069/3897
f 3888/1068/3888 3838/953/3838 3837/1000/3837 3887/1006/3887
f 3839/952/3839 3838/953/3838 3888/1068/3888 3889/1061/3889
f 3943/1070/3943 3893/1073/3893 3892/1072/3892 3942/1071/3942
f 3902/1027/3902 3852/1028/3852 3851/968/3851 3901/1074/3901
f 3892/1072/3892 3842/959/3842 3841/1005/3841 3891/1010/3891
f 3843/958/3843 3842/959/3842 3892/1072/3892 3893/1065/3893
f 3947/1075/3947 3897/1069/3897 3896/1077/3896 3946/1076/3946
f 3904/1040/3904 3954/1078/3954 3905/1033/3905 3855/1034/3855
f 3896/1077/3896 3846/963/3846 3845/1009/3845 3895/1015/3895
f 3847/962/3847 3846/963/3846 3896/1077/3896 3897/1069/3897
f 3951/1079/3951 3901/1074/3901 3900/1081/3900 3950/1080/3950
f 3958/1082/3958 3908/1083/3908 3907/921/3907 3957/1039/3957
f 3900/1081/3900 3850/969/3850 3849/1014/3849 3899/1020/3899
f 3851/968/3851 3850/969/3850 3900/1081/3900 3901/1074/3901
f 4010/1084/4010 3960/1087/3960 3959/1086/3959 4009/1085/4009
f 3904/1040/3904 3854/965/3854 3853/1018/3853 3903/1026/3903
f 3959/1086/3959 3909/974/3909 3908/1083/3908 3958/1082/3958
f 3918/1045/3918 3868/1046/3868 3867/1089/3867 3917/1088/3917
f 3908/1090/3908 3858/1091/3858 3857/924/3857 3907/921/3907
f 3859/975/3859 3858/1091/3858 3908/1090/3908 3909/974/3909
f 3963/1092/3963 3913/1024/3913 3912/1094/3912 3962/1093/3962
f 3922/1049/3922 3872/1050/3872 3871/987/3871 3921/1095/3921
f 3912/1094/3912 3862/981/3862 3861/1035/3861 3911/1041/3911
f 3863/980/3863 3862/981/3862 3912/1094/3912 3913/1024/3913
f 3967/1096/3967 3917/1097/3917 3916/1032/3916 3966/1029/3966
f 3926/1054/3926 3876/1055/3876 3875/993/3875 3925/1098/3925
f 3916/1032/3916 3866/913/3866 3865/914/3865 3915/1031/3915
f 3867/1089/3867 3866/913/3866 3916/1032/3916 3917/1088/3917
f 3971/1099/3971 3921/1095/3921 3920/1101/3920 3970/1100/3970
f 3930/1058/3930 3880/1059/3880 3879/997/3879 3929/1102/3929
f 3920/1101/3920 3870/1103/3870 3869/1042/3869 3919/1044/3919
f 3871/987/3871 3870/1103/3870 3920/1101/3920 3921/1095/3921
f 3975/1104/3975 3925/1098/3925 3924/1106/3924 3974/1105/3974
f 3934/1063/3934 3884/1064/3884 3883/1001/3883 3933/1107/3933
f 3924/1106/3924 3874/994/3874 3873/1043/3873 3923/1048/3923
f 3875/993/3875 3874/994/3874 3924/1106/3924 3925/1098/3925
f 3979/1108/3979 3929/1102/3929 3928/1110/3928 3978/1109/3978
f 3938/1067/3938 3888/1068/3888 3887/1006/3887 3937/1111/3937
f 3928/1110/3928 3878/998/3878 3877/1047/3877 3927/1053/3927
f 3879/997/3879 3878/998/3878 3928/1110/3928 3929/1102/3929
f 3983/1112/3983 3933/1107/3933 3932/1114/3932 3982/1113/3982
f 3942/1071/3942 3892/1072/3892 3891/1010/3891 3941/1115/3941
f 3932/1114/3932 3882/1002/3882 3881/1060/3881 3931/1116/3931
f 3883/1001/3883 3882/1002/3882 3932/1114/3932 3933/1107/3933
f 3987/1117/3987 3937/1111/3937 3936/1119/3936 3986/1118/3986
f 3946/1076/3946 3896/1077/3896 3895/1015/3895 3945/1120/3945
f 3936/1119/3936 3886/1007/3886 3885/1056/3885 3935/1062/3935
f 3887/1006/3887 3886/1007/3886 3936/1119/3936 3937/1111/3937
f 3991/1121/3991 3941/1115/3941 3940/1123/3940 3990/1122/3990
f 3950/1080/3950 3900/1081/3900 3899/1020/3899 3949/1124/3949
f 3940/1123/3940 3890/1011/3890 3889/1061/3889 3939/1066/3939
f 3891/1010/3891 3890/1011/3890 3940/1123/3940 3941/1115/3941
f 3995/1125/3995 3945/1120/3945 3944/1127/3944 3994/1126/3994
f 3954/1078/3954 3904/1040/3904 3903/1026/3903 3953/1128/3953
f 3944/1127/3944 3894/1016/3894 3893/1073/3893 3943/1070/3943
f 3895/1015/3895 3894/1016/3894 3944/1127/3944 3945/1120/3945
f 3999/1129/3999 3949/1124/3949 3948/1131/3948 3998/1130/3998
f 4014/1132/4014 3964/1134/3964 3963/1092/3963 4013/1133/4013
f 3948/1131/3948 3898/1021/3898 3897/1069/3897 3947/1075/3947
f 3899/1020/3899 3898/1021/3898 3948/1131/3948 3949/1124/3949
f 4003/1135/4003 3953/1128/3953 3952/1137/3952 4002/1136/4002
f 4066/1138/4066 4016/1141/4016 4015/1140/4015 4065/1139/4065
f 4006/1037/4006 3956/1038/3956 3955/1143/3955 4005/1142/4005
f 3952/1137/3952 3902/1027/3902 3901/1074/3901 3951/1079/3951
f 3903/1026/3903 3902/1027/3902 3952/1137/3952 3953/1128/3953
f 3962/1093/3962 3912/1094/3912 3911/1041/3911 3961/1144/3961
f 4107/1145/4107 4057/1148/4057 4056/1147/4056 4106/1146/4106
f 3955/1143/3955 3905/1033/3905 3954/1078/3954 4004/1149/4004
f 3956/1038/3956 3906/922/3906 3905/1033/3905 3955/1143/3955
f 3907/921/3907 3906/922/3906 3956/1038/3956 3957/1039/3957
f 4011/1150/4011 3961/1144/3961 3960/1087/3960 4010/1084/4010
f 3970/1100/3970 3920/1101/3920 3919/1044/3919 3969/1151/3969
f 3960/1087/3960 3910/973/3910 3909/974/3909 3959/1086/3959
f 3911/1041/3911 3910/973/3910 3960/1087/3960 3961/1144/3961
f 4015/1140/4015 3965/1030/3965 3964/1134/3964 4014/1132/4014
f 3974/1105/3974 3924/1106/3924 3923/1048/3923 3973/1152/3973
f 3964/1134/3964 3914/1023/3914 3913/1024/3913 3963/1092/3963
f 3915/1031/3915 3914/1023/3914 3964/1134/3964 3965/1030/3965
f 4019/1153/4019 3969/1151/3969 3968/1155/3968 4018/1154/4018
f 3978/1109/3978 3928/1110/3928 3927/1053/3927 3977/1156/3977
f 3968/1155/3968 3918/1045/3918 3917/1097/3917 3967/1096/3967
f 3919/1044/3919 3918/1045/3918 3968/1155/3968 3969/1151/3969
f 4023/1157/4023 3973/1152/3973 3972/1159/3972 4022/1158/4022
f 3982/1113/3982 3932/1114/3932 3931/1057/3931 3981/1160/3981
f 3972/1159/3972 3922/1049/3922 3921/1095/3921 3971/1099/3971
f 3923/1048/3923 3922/1049/3922 3972/1159/3972 3973/1152/3973
f 4027/1161/4027 3977/1156/3977 3976/1163/3976 4026/1162/4026
f 3986/1118/3986 3936/1119/3936 3935/1062/3935 3985/1164/3985
f 3976/1163/3976 3926/1054/3926 3925/1098/3925 3975/1104/3975
f 3927/1053/3927 3926/1054/3926 3976/1163/3976 3977/1156/3977
f 4031/1165/4031 3981/1160/3981 3980/1167/3980 4030/1166/4030
f 3990/1122/3990 3940/1123/3940 3939/1066/3939 3989/1168/3989
f 3980/1167/3980 3930/1058/3930 3929/1102/3929 3979/1108/3979
f 3931/1057/3931 3930/1058/3930 3980/1167/3980 3981/1160/3981
f 4035/1169/4035 3985/1164/3985 3984/1171/3984 4034/1170/4034
f 3994/1126/3994 3944/1127/3944 3943/1173/3943 3993/1172/3993
f 3984/1171/3984 3934/1063/3934 3933/1107/3933 3983/1112/3983
f 3935/1062/3935 3934/1063/3934 3984/1171/3984 3985/1164/3985
f 4039/1174/4039 3989/1168/3989 3988/1176/3988 4038/1175/4038
f 3998/1130/3998 3948/1131/3948 3947/1075/3947 3997/1177/3997
f 3988/1176/3988 3938/1067/3938 3937/1111/3937 3987/1117/3987
f 3939/1066/3939 3938/1067/3938 3988/1176/3988 3989/1168/3989
f 4043/1178/4043 3993/1172/3993 3992/1180/3992 4042/1179/4042
f 4002/1136/4002 3952/1137/3952 3951/1079/3951 4001/1181/4001
f 3992/1180/3992 3942/1071/3942 3941/1115/3941 3991/1121/3991
f 3943/1173/3943 3942/1071/3942 3992/1180/3992 3993/1172/3993
f 4047/1182/4047 3997/1177/3997 3996/1184/3996 4046/1183/4046
f 4004/1149/4004 4054/1185/4054 4005/1142/4005 3955/1143/3955
f 3996/1184/3996 3946/1076/3946 3945/1120/3945 3995/1125/3995
f 3947/1075/3947 3946/1076/3946 3996/1184/3996 3997/1177/3997
f 4051/1186/4051 4001/1181/4001 4000/1188/4000 4050/1187/4050
f 4058/1189/4058 4008/1190/4008 4007/1036/4007 4057/1148/4057
f 4000/1188/4000 3950/1080/3950 3949/1124/3949 3999/1129/3999
f 3951/1079/3951 3950/1080/3950 4000/1188/4000 4001/1181/4001
f 4110/1191/4110 4060/1194/4060 4059/1193/4059 4109/1192/4109
f 4004/1149/4004 3954/1078/3954 3953/1128/3953 4003/1135/4003
f 4059/1193/4059 4009/1085/4009 4008/1190/4008 4058/1189/4058
f 4018/1154/4018 3968/1155/3968 3967/1196/3967 4017/1195/4017
f 4008/1197/4008 3958/1198/3958 3957/1039/3957 4007/1036/4007
f 3959/1086/3959 3958/1198/3958 4008/1197/4008 4009/1085/4009
f 4063/1199/4063 4013/1133/4013 4012/1201/4012 4062/1200/4062
f 4022/1158/4022 3972/1159/3972 3971/1099/3971 4021/1202/4021
f 4012/1201/4012 3962/1093/3962 3961/1144/3961 4011/1150/4011
f 3963/1092/3963 3962/1093/3962 4012/1201/4012 4013/1133/4013
f 4067/1203/4067 4017/1204/4017 4016/1141/4016 4066/1138/4066
f 4026/1162/4026 3976/1163/3976 3975/1104/3975 4025/1205/4025
f 4016/1141/4016 3966/1029/3966 3965/1030/3965 4015/1140/4015
f 3967/1196/3967 3966/1029/3966 4016/1141/4016 4017/1195/4017
f 4071/1206/4071 4021/1202/4021 4020/1208/4020 4070/1207/4070
f 4030/1166/4030 3980/1167/3980 3979/1108/3979 4029/1209/4029
f 4020/1208/4020 3970/1100/3970 3969/1151/3969 4019/1153/4019
f 3971/1099/3971 3970/1100/3970 4020/1208/4020 4021/1202/4021
f 4075/1210/4075 4025/1205/4025 4024/1212/4024 4074/1211/4074
f 4034/1170/4034 3984/1171/3984 3983/1112/3983 4033/1213/4033
f 4024/1212/4024 3974/1105/3974 3973/1152/3973 4023/1157/4023
f 3975/1104/3975 3974/1105/3974 4024/1212/4024 4025/1205/4025
f 4079/1214/4079 4029/1209/4029 4028/1216/4028 4078/1215/4078
f 4038/1175/4038 3988/1176/3988 3987/1117/3987 4037/1217/4037
f 4028/1216/4028 3978/1109/3978 3977/1156/3977 4027/1161/4027
f 3979/1108/3979 3978/1109/3978 4028/1216/4028 4029/1209/4029
f 4083/1218/4083 4033/1213/4033 4032/1220/4032 4082/1219/4082
f 4042/1179/4042 3992/1180/3992 3991/1121/3991 4041/1221/4041
f 4032/1220/4032 3982/1113/3982 3981/1160/3981 4031/1165/4031
f 3983/1112/3983 3982/1113/3982 4032/1220/4032 4033/1213/4033
f 4087/1222/4087 4037/1217/4037 4036/1224/4036 4086/1223/4086
f 4046/1183/4046 3996/1184/3996 3995/1125/3995 4045/1225/4045
f 4036/1224/4036 3986/1118/3986 3985/1164/3985 4035/1169/4035
f 3987/1117/3987 3986/1118/3986 4036/1224/4036 4037/1217/4037
f 4091/1226/4091 4041/1221/4041 4040/1228/4040 4090/1227/4090
f 4050/1187/4050 4000/1188/4000 3999/1129/3999 4049/1229/4049
f 4040/1228/4040 3990/1122/3990 3989/1168/3989 4039/1174/4039
f 3991/1121/3991 3990/1122/3990 4040/1228/4040 4041/1221/4041
f 4095/1230/4095 4045/1225/4045 4044/1232/4044 4094/1231/4094
f 4054/1185/4054 4004/1149/4004 4003/1135/4003 4053/1233/4053
f 4044/1232/4044 3994/1126/3994 3993/1234/3993 4043/1178/4043
f 3995/1125/3995 3994/1126/3994 4044/1232/4044 4045/1225/4045
f 4099/1235/4099 4049/1229/4049 4048/1237/4048 4098/1236/4098
f 4114/1238/4114 4064/1240/4064 4063/1199/4063 4113/1239/4113
f 4048/1237/4048 3998/1130/3998 3997/1177/3997 4047/1182/4047
f 3999/1129/3999 3998/1130/3998 4048/1237/4048 4049/1229/4049
f 4103/1241/4103 4053/1233/4053 4052/1243/4052 4102/1242/4102
f 4189/1244/4189 4116/1247/4116 4115/1246/4115 4186/1245/4186
f 4106/1146/4106 4056/1147/4056 4055/1249/4055 4105/1248/4105
f 4052/1243/4052 4002/1136/4002 4001/1181/4001 4051/1186/4051
f 4003/1135/4003 4002/1136/4002 4052/1243/4052 4053/1233/4053
f 4062/1200/4062 4012/1201/4012 4011/1150/4011 4061/1250/4061
f 4158/1251/4158 4106/1146/4106 4105/1248/4105 4155/1252/4155
f 4055/1249/4055 4005/1142/4005 4054/1185/4054 4104/1253/4104
f 4056/1147/4056 4006/1037/4006 4005/1142/4005 4055/1249/4055
f 4007/1036/4007 4006/1037/4006 4056/1147/4056 4057/1148/4057
f 4111/1254/4111 4061/1250/4061 4060/1194/4060 4110/1255/4110
f 4070/1207/4070 4020/1257/4020 4019/1153/4019 4069/1256/4069
f 4060/1194/4060 4010/1084/4010 4009/1085/4009 4059/1193/4059
f 4011/1150/4011 4010/1084/4010 4060/1194/4060 4061/1250/4061
f 4115/1258/4115 4065/1139/4065 4064/1240/4064 4114/1259/4114
f 4074/1211/4074 4024/1212/4024 4023/1157/4023 4073/1260/4073
f 4064/1240/4064 4014/1132/4014 4013/1133/4013 4063/1199/4063
f 4015/1140/4015 4014/1132/4014 4064/1240/4064 4065/1139/4065
f 4119/1261/4119 4069/1256/4069 4068/1263/4068 4118/1262/4118
f 4078/1215/4078 4028/1216/4028 4027/1161/4027 4077/1264/4077
f 4068/1263/4068 4018/1154/4018 4017/1204/4017 4067/1203/4067
f 4019/1153/4019 4018/1154/4018 4068/1263/4068 4069/1256/4069
f 4123/1265/4123 4073/1260/4073 4072/1267/4072 4122/1266/4122
f 4082/1219/4082 4032/1220/4032 4031/1269/4031 4081/1268/4081
f 4072/1267/4072 4022/1158/4022 4021/1202/4021 4071/1206/4071
f 4023/1157/4023 4022/1158/4022 4072/1267/4072 4073/1260/4073
f 4127/1270/4127 4077/1264/4077 4076/1272/4076 4126/1271/4126
f 4086/1223/4086 4036/1224/4036 4035/1169/4035 4085/1273/4085
f 4076/1272/4076 4026/1162/4026 4025/1205/4025 4075/1210/4075
f 4027/1161/4027 4026/1162/4026 4076/1272/4076 4077/1264/4077
f 4131/1274/4131 4081/1268/4081 4080/1276/4080 4130/1275/4130
f 4090/1227/4090 4040/1228/4040 4039/1174/4039 4089/1277/4089
f 4080/1276/4080 4030/1166/4030 4029/1209/4029 4079/1214/4079
f 4031/1269/4031 4030/1166/4030 4080/1276/4080 4081/1268/4081
f 4135/1278/4135 4085/1273/4085 4084/1280/4084 4134/1279/4134
f 4094/1231/4094 4044/1232/4044 4043/1178/4043 4093/1281/4093
f 4084/1280/4084 4034/1170/4034 4033/1213/4033 4083/1218/4083
f 4035/1169/4035 4034/1170/4034 4084/1280/4084 4085/1273/4085
f 4139/1282/4139 4089/1277/4089 4088/1284/4088 4138/1283/4138
f 4098/1236/4098 4048/1237/4048 4047/1182/4047 4097/1285/4097
f 4088/1284/4088 4038/1175/4038 4037/1217/4037 4087/1222/4087
f 4039/1174/4039 4038/1175/4038 4088/1284/4088 4089/1277/4089
f 4143/1286/4143 4093/1289/4093 4092/1288/4092 4142/1287/4142
f 4102/1242/4102 4052/1243/4052 4051/1186/4051 4101/1290/4101
f 4092/1288/4092 4042/1179/4042 4041/1221/4041 4091/1226/4091
f 4043/1291/4043 4042/1179/4042 4092/1288/4092 4093/1281/4093
f 4147/1292/4147 4097/1285/4097 4096/1294/4096 4146/1293/4146
f 4104/1253/4104 4154/1295/4154 4105/1248/4105 4055/1249/4055
f 4096/1294/4096 4046/1183/4046 4045/1225/4045 4095/1230/4095
f 4047/1182/4047 4046/1183/4046 4096/1294/4096 4097/1285/4097
f 4151/1296/4151 4101/1290/4101 4100/1298/4100 4150/1297/4150
f 4165/1299/4165 4108/1301/4108 4107/1145/4107 4162/1300/4162
f 4100/1298/4100 4050/1187/4050 4049/1229/4049 4099/1235/4099
f 4156/1302/4156 4159/1305/4159 4160/1304/4160 4157/1303/4157
f 4051/1186/4051 4050/1187/4050 4100/1298/4100 4101/1290/4101
f 4158/1251/4158 4162/1300/4162 4107/1145/4107 4106/1146/4106
f 4157/1303/4157 4160/1304/4160 4158/1251/4158 4155/1252/4155
f 4104/1253/4104 4054/1185/4054 4053/1233/4053 4103/1241/4103
f 4168/1306/4168 4109/1192/4109 4108/1301/4108 4165/1299/4165
f 4118/1307/4118 4068/1263/4068 4067/1309/4067 4117/1308/4117
f 4108/1301/4108 4058/1189/4058 4057/1148/4057 4107/1145/4107
f 4059/1193/4059 4058/1310/4058 4108/1301/4108 4109/1192/4109
f 4180/1311/4180 4113/1314/4113 4112/1313/4112 4177/1312/4177
f 4122/1266/4122 4072/1267/4072 4071/1206/4071 4121/1315/4121
f 4112/1316/4112 4062/1200/4062 4061/1250/4061 4111/1317/4111
f 4063/1199/4063 4062/1200/4062 4112/1313/4112 4113/1314/4113
f 4192/1318/4192 4117/1320/4117 4116/1319/4116 4189/1244/4189
f 4126/1271/4126 4076/1272/4076 4075/1210/4075 4125/1321/4125
f 4116/1247/4116 4066/1138/4066 4065/1139/4065 4115/1246/4115
f 4067/1309/4067 4066/1138/4066 4116/1319/4116 4117/1322/4117
f 4204/1323/4204 4121/1315/4121 4120/1325/4120 4201/1324/4201
f 4130/1275/4130 4080/1276/4080 4079/1214/4079 4129/1326/4129
f 4120/1325/4120 4070/1328/4070 4069/1256/4069 4119/1327/4119
f 4071/1206/4071 4070/1328/4070 4120/1325/4120 4121/1315/4121
f 4216/1329/4216 4125/1321/4125 4124/1331/4124 4213/1330/4213
f 4134/1279/4134 4084/1280/4084 4083/1218/4083 4133/1332/4133
f 4124/1331/4124 4074/1211/4074 4073/1260/4073 4123/1265/4123
f 4075/1210/4075 4074/1211/4074 4124/1331/4124 4125/1321/4125
f 4228/1333/4228 4129/1326/4129 4128/1335/4128 4225/1334/4225
f 4138/1283/4138 4088/1284/4088 4087/1222/4087 4137/1336/4137
f 4128/1335/4128 4078/1215/4078 4077/1264/4077 4127/1270/4127
f 4079/1214/4079 4078/1215/4078 4128/1335/4128 4129/1326/4129
f 4240/1337/4240 4133/1332/4133 4132/1339/4132 4237/1338/4237
f 4142/1340/4142 4092/1288/4092 4091/1226/4091 4141/1341/4141
f 4132/1342/4132 4082/1219/4082 4081/1343/4081 4131/1274/4131
f 4083/1218/4083 4082/1219/4082 4132/1339/4132 4133/1332/4133
f 4252/1344/4252 4137/1336/4137 4136/1346/4136 4249/1345/4249
f 4146/1293/4146 4096/1294/4096 4095/1230/4095 4145/1347/4145
f 4136/1346/4136 4086/1223/4086 4085/1273/4085 4135/1278/4135
f 4087/1222/4087 4086/1223/4086 4136/1346/4136 4137/1336/4137
f 4264/1348/4264 4141/1351/4141 4140/1350/4140 4261/1349/4261
f 4150/1297/4150 4100/1298/4100 4099/1235/4099 4149/1352/4149
f 4140/1353/4140 4090/1227/4090 4089/1277/4089 4139/1282/4139
f 4091/1226/4091 4090/1227/4090 4140/1350/4140 4141/1351/4141
f 4276/1354/4276 4145/1347/4145 4144/1356/4144 4273/1355/4273
f 4154/1295/4154 4104/1253/4104 4103/1241/4103 4153/1357/4153
f 4168/1358/4168 4165/1299/4165 4166/1360/4166 4169/1359/4169
f 4144/1356/4144 4094/1231/4094 4093/1289/4093 4143/1361/4143
f 4095/1230/4095 4094/1231/4094 4144/1356/4144 4145/1347/4145
f 4288/1362/4288 4149/1352/4149 4148/1364/4148 4285/1363/4285
f 4148/1364/4148 4098/1236/4098 4097/1285/4097 4147/1292/4147
f 4502/1365/4501 4305/1367/4305 4506/1366/4505
f 4099/1235/4099 4098/1236/4098 4148/1364/4148 4149/1352/4149
f 4341/1368/4341 4345/1369/4345 4506/1366/4505
f 4300/1370/4300 4153/1357/4153 4152/1372/4152 4297/1371/4297
f 4154/1295/4154 4303/1373/4303 4155/1252/4155 4105/1248/4105
f 4152/1372/4152 4102/1242/4102 4101/1290/4101 4151/1296/4151
f 4103/1241/4103 4102/1242/4102 4152/1372/4152 4153/1357/4153
f 4177/1312/4177 4112/1316/4112 4111/1317/4111 4174/1374/4174
f 4304/1375/4304 4301/1378/4301 4299/1377/4299 4302/1376/4302
f 4170/1379/4170 4110/1191/4110 4109/1380/4109 4168/1306/4168
f 4201/1381/4201 4120/1325/4120 4119/1327/4119 4198/1382/4198
f 4171/1383/4171 4173/1386/4173 4175/1385/4175 4172/1384/4172
f 4186/1245/4186 4115/1258/4115 4114/1259/4114 4182/1387/4182
f 4173/1388/4173 4176/1390/4176 4178/1389/4178 4175/1385/4175
f 4181/1391/4181 4178/1389/4178 4176/1393/4176 4179/1392/4179
f 4182/1387/4182 4114/1238/4114 4113/1239/4113 4180/1311/4180
f 4213/1330/4213 4124/1331/4124 4123/1265/4123 4210/1394/4210
f 4183/1395/4183 4185/1398/4185 4187/1397/4187 4184/1396/4184
f 4198/1382/4198 4119/1400/4119 4118/1262/4118 4194/1399/4194
f 4185/1401/4185 4188/1403/4188 4190/1402/4190 4187/1397/4187
f 4193/1404/4193 4190/1402/4190 4188/1406/4188 4191/1405/4191
f 4194/1399/4194 4118/1307/4118 4117/1407/4117 4192/1318/4192
f 4225/1334/4225 4128/1335/4128 4127/1270/4127 4222/1408/4222
f 4195/1409/4195 4197/1412/4197 4199/1411/4199 4196/1410/4196
f 4210/1394/4210 4123/1265/4123 4122/1266/4122 4206/1413/4206
f 4197/1414/4197 4200/1416/4200 4202/1415/4202 4199/1411/4199
f 4205/1417/4205 4202/1420/4202 4200/1419/4200 4203/1418/4203
f 4206/1413/4206 4122/1266/4122 4121/1315/4121 4204/1323/4204
f 4237/1421/4237 4132/1342/4132 4131/1274/4131 4234/1422/4234
f 4207/1423/4207 4209/1426/4209 4211/1425/4211 4208/1424/4208
f 4222/1408/4222 4127/1270/4127 4126/1271/4126 4218/1427/4218
f 4209/1428/4209 4212/1431/4212 4214/1430/4214 4211/1429/4211
f 4217/1432/4217 4214/1435/4214 4212/1434/4212 4215/1433/4215
f 4218/1427/4218 4126/1271/4126 4125/1321/4125 4216/1329/4216
f 4249/1345/4249 4136/1346/4136 4135/1278/4135 4246/1436/4246
f 4219/1437/4219 4221/1440/4221 4223/1439/4223 4220/1438/4220
f 4234/1422/4234 4131/1274/4131 4130/1275/4130 4230/1441/4230
f 4221/1442/4221 4224/1444/4224 4226/1443/4226 4223/1439/4223
f 4229/1445/4229 4226/1443/4226 4224/1447/4224 4227/1446/4227
f 4230/1441/4230 4130/1275/4130 4129/1326/4129 4228/1333/4228
f 4261/1448/4261 4140/1353/4140 4139/1282/4139 4258/1449/4258
f 4231/1450/4231 4233/1453/4233 4235/1452/4235 4232/1451/4232
f 4246/1436/4246 4135/1278/4135 4134/1279/4134 4242/1454/4242
f 4233/1455/4233 4236/1457/4236 4238/1456/4238 4235/1452/4235
f 4241/1458/4241 4238/1456/4238 4236/1460/4236 4239/1459/4239
f 4242/1454/4242 4134/1279/4134 4133/1332/4133 4240/1337/4240
f 4273/1461/4273 4144/1356/4144 4143/1463/4143 4270/1462/4270
f 4243/1464/4243 4245/1467/4245 4247/1466/4247 4244/1465/4244
f 4258/1468/4258 4139/1282/4139 4138/1283/4138 4254/1469/4254
f 4245/1470/4245 4248/1472/4248 4250/1471/4250 4247/1466/4247
f 4253/1473/4253 4250/1471/4250 4248/1475/4248 4251/1474/4251
f 4254/1476/4254 4138/1283/4138 4137/1336/4137 4252/1344/4252
f 4285/1363/4285 4148/1364/4148 4147/1292/4147 4282/1477/4282
f 4255/1478/4255 4257/1481/4257 4259/1480/4259 4256/1479/4256
f 4270/1462/4270 4143/1286/4143 4142/1287/4142 4266/1482/4266
f 4257/1483/4257 4260/1485/4260 4262/1484/4262 4259/1480/4259
f 4265/1486/4265 4262/1484/4262 4260/1488/4260 4263/1487/4263
f 4266/1482/4266 4142/1340/4142 4141/1341/4141 4264/1348/4264
f 4297/1371/4297 4152/1372/4152 4151/1296/4151 4294/1489/4294
f 4267/1490/4267 4269/1493/4269 4271/1492/4271 4268/1491/4268
f 4282/1477/4282 4147/1292/4147 4146/1293/4146 4278/1494/4278
f 4269/1495/4269 4272/1497/4272 4274/1496/4274 4271/1492/4271
f 4277/1498/4277 4274/1496/4274 4272/1500/4272 4275/1499/4275
f 4278/1494/4278 4146/1293/4146 4145/1347/4145 4276/1354/4276
f 4161/1501/4161 4164/1504/4164 4166/1503/4166 4163/1502/4163
f 4279/1505/4279 4281/1508/4281 4283/1507/4283 4280/1506/4280
f 4294/1489/4294 4151/1296/4151 4150/1297/4150 4290/1509/4290
f 4281/1510/4281 4284/1513/4284 4286/1512/4286 4283/1511/4283
f 4289/1514/4289 4286/1517/4286 4284/1516/4284 4287/1515/4287
f 4308/1518/4308 4312/1521/4312 4311/1520/4311 4307/1519/4307
f 4290/1509/4290 4150/1297/4150 4149/1352/4149 4288/1362/4288
f 4291/1522/4291 4293/1525/4293 4295/1524/4295 4292/1523/4292
f 4157/1526/4157 4155/1252/4155 4303/1373/4303 4304/1527/4304
f 4293/1528/4293 4296/1530/4296 4298/1529/4298 4295/1524/4295
f 4303/1373/4303 4300/1370/4300 4301/1378/4301 4304/1527/4304
f 4306/3/4306 4310/4/4310 4312/1521/4312 4308/1518/4308
f 4303/1373/4303 4154/1295/4154 4153/1357/4153 4300/1370/4300
f 4504/1531/4503 4499/1534/4498 4500/1533/4499 4503/1532/4502
f 4159/1535/4159 4161/1538/4161 4163/1537/4163 4160/1536/4160
f 4311/1520/4311 4315/1541/4315 4313/1540/4313 4309/1539/4309
f 4174/1374/4174 4111/1254/4111 4110/1255/4110 4170/1379/4170
f 4156/1542/4156 4302/1544/4302 4505/1543/4504
f 4169/1359/4169 4166/1503/4166 4164/1546/4164 4167/1545/4167
f 4304/1527/4304 4302/1544/4302 4156/1542/4156 4157/1526/4157
f 4175/1385/4175 4178/1389/4178 4177/1312/4177 4174/1374/4174
f 4199/1411/4199 4202/1420/4202 4201/1324/4201 4198/1382/4198
f 4159/1305/4159 4156/1302/4156 4505/1543/4504
f 4169/1359/4169 4172/1384/4172 4170/1379/4170 4168/1358/4168
f 4211/1429/4211 4214/1430/4214 4213/1330/4213 4210/1394/4210
f 4184/1396/4184 4187/1397/4187 4186/1245/4186 4182/1387/4182
f 4183/1547/4183 4179/1548/4179 4505/1543/4504
f 4181/1391/4181 4184/1396/4184 4182/1387/4182 4180/1311/4180
f 4223/1439/4223 4226/1443/4226 4225/1334/4225 4222/1408/4222
f 4196/1410/4196 4199/1411/4199 4198/1382/4198 4194/1399/4194
f 4195/1549/4195 4191/1550/4191 4505/1543/4504
f 4193/1551/4193 4196/1410/4196 4194/1399/4194 4192/1552/4192
f 4235/1452/4235 4238/1456/4238 4237/1421/4237 4234/1422/4234
f 4208/1424/4208 4211/1425/4211 4210/1394/4210 4206/1413/4206
f 4207/1553/4207 4203/1554/4203 4505/1543/4504
f 4205/1555/4205 4208/1556/4208 4206/1413/4206 4204/1323/4204
f 4247/1466/4247 4250/1471/4250 4249/1345/4249 4246/1436/4246
f 4220/1438/4220 4223/1439/4223 4222/1408/4222 4218/1427/4218
f 4219/1557/4219 4215/1558/4215 4505/1543/4504
f 4217/1559/4217 4220/1560/4220 4218/1427/4218 4216/1329/4216
f 4259/1480/4259 4262/1484/4262 4261/1448/4261 4258/1449/4258
f 4232/1451/4232 4235/1452/4235 4234/1422/4234 4230/1441/4230
f 4231/1561/4231 4227/1562/4227 4505/1543/4504
f 4229/1445/4229 4232/1451/4232 4230/1441/4230 4228/1333/4228
f 4271/1492/4271 4274/1496/4274 4273/1461/4273 4270/1462/4270
f 4244/1465/4244 4247/1466/4247 4246/1436/4246 4242/1454/4242
f 4243/1563/4243 4239/1564/4239 4505/1543/4504
f 4241/1458/4241 4244/1465/4244 4242/1454/4242 4240/1337/4240
f 4283/1511/4283 4286/1512/4286 4285/1363/4285 4282/1477/4282
f 4256/1479/4256 4259/1480/4259 4258/1468/4258 4254/1469/4254
f 4255/1565/4255 4251/1566/4251 4505/1543/4504
f 4253/1473/4253 4256/1479/4256 4254/1476/4254 4252/1344/4252
f 4295/1524/4295 4298/1529/4298 4297/1371/4297 4294/1489/4294
f 4268/1491/4268 4271/1492/4271 4270/1462/4270 4266/1482/4266
f 4267/1567/4267 4263/1568/4263 4505/1543/4504
f 4265/1486/4265 4268/1491/4268 4266/1482/4266 4264/1348/4264
f 4167/1545/4167 4164/1546/4164 4505/1543/4504
f 4280/1506/4280 4283/1507/4283 4282/1477/4282 4278/1494/4278
f 4279/1569/4279 4275/1570/4275 4505/1543/4504
f 4277/1571/4277 4280/1572/4280 4278/1494/4278 4276/1354/4276
f 4179/1392/4179 4176/1393/4176 4505/1543/4504
f 4292/1523/4292 4295/1524/4295 4294/1489/4294 4290/1509/4290
f 4291/1573/4291 4287/1574/4287 4505/1543/4504
f 4289/1575/4289 4292/1576/4292 4290/1509/4290 4288/1362/4288
f 4191/1405/4191 4188/1406/4188 4505/1543/4504
f 4300/1370/4300 4297/1371/4297 4298/1529/4298 4301/1378/4301
f 4302/1376/4302 4299/1377/4299 4505/1543/4504
f 4172/1384/4172 4175/1385/4175 4174/1374/4174 4170/1379/4170
f 4307/1519/4307 4504/1531/4503 4503/1532/4502 4308/1577/4308
f 4160/1536/4160 4163/1537/4163 4162/1300/4162 4158/1251/4158
f 4167/1578/4167 4171/1579/4171 4172/1384/4172 4169/1359/4169
f 4203/1418/4203 4200/1419/4200 4505/1543/4504
f 4171/1579/4171 4167/1578/4167 4505/1543/4504
f 4180/1311/4180 4177/1312/4177 4178/1389/4178 4181/1391/4181
f 4215/1433/4215 4212/1434/4212 4505/1543/4504
f 4192/1552/4192 4189/1244/4189 4190/1402/4190 4193/1551/4193
f 4227/1446/4227 4224/1447/4224 4505/1543/4504
f 4204/1323/4204 4201/1324/4201 4202/1420/4202 4205/1555/4205
f 4239/1459/4239 4236/1460/4236 4505/1543/4504
f 4216/1329/4216 4213/1330/4213 4214/1435/4214 4217/1432/4217
f 4251/1474/4251 4248/1475/4248 4505/1543/4504
f 4228/1333/4228 4225/1334/4225 4226/1443/4226 4229/1445/4229
f 4263/1487/4263 4260/1488/4260 4505/1543/4504
f 4240/1337/4240 4237/1338/4237 4238/1456/4238 4241/1458/4241
f 4275/1499/4275 4272/1500/4272 4505/1543/4504
f 4252/1344/4252 4249/1345/4249 4250/1471/4250 4253/1473/4253
f 4287/1515/4287 4284/1516/4284 4505/1543/4504
f 4264/1348/4264 4261/1349/4261 4262/1484/4262 4265/1486/4265
f 4299/1580/4299 4296/1581/4296 4505/1543/4504
f 4276/1354/4276 4273/1461/4273 4274/1496/4274 4277/1498/4277
f 4288/1362/4288 4285/1363/4285 4286/1517/4286 4289/1514/4289
f 4503/1532/4502 4500/1533/4499 4498/173/4497 4501/179/4500
f 4163/1502/4163 4166/1503/4166 4165/1299/4165 4162/1300/4162
f 4173/1386/4173 4171/1383/4171 4505/1543/4504
f 4185/1398/4185 4183/1395/4183 4505/1543/4504
f 4197/1412/4197 4195/1409/4195 4505/1543/4504
f 4209/1426/4209 4207/1423/4207 4505/1543/4504
f 4221/1440/4221 4219/1437/4219 4505/1543/4504
f 4233/1453/4233 4231/1450/4231 4505/1543/4504
f 4245/1467/4245 4243/1464/4243 4505/1543/4504
f 4257/1481/4257 4255/1478/4255 4505/1543/4504
f 4269/1493/4269 4267/1490/4267 4505/1543/4504
f 4281/1508/4281 4279/1505/4279 4505/1543/4504
f 4293/1525/4293 4291/1522/4291 4505/1543/4504
f 4305/1367/4305 4502/1365/4501 4504/1531/4503 4307/1519/4307
f 4164/1504/4164 4161/1501/4161 4505/1543/4504
f 4176/1390/4176 4173/1388/4173 4505/1543/4504
f 4188/1403/4188 4185/1401/4185 4505/1543/4504
f 4200/1416/4200 4197/1414/4197 4505/1543/4504
f 4212/1431/4212 4209/1428/4209 4505/1543/4504
f 4224/1444/4224 4221/1442/4221 4505/1543/4504
f 4236/1457/4236 4233/1455/4233 4505/1543/4504
f 4248/1472/4248 4245/1470/4245 4505/1543/4504
f 4260/1485/4260 4257/1483/4257 4505/1543/4504
f 4272/1497/4272 4269/1495/4269 4505/1543/4504
f 4284/1513/4284 4281/1510/4281 4505/1543/4504
f 4337/1582/4337 4333/1585/4333 4335/1584/4335 4339/1583/4339
f 4296/1530/4296 4293/1528/4293 4505/1543/4504
f 4331/1586/4331 4335/1584/4335 4333/1588/4333 4329/1587/4329
f 4161/1538/4161 4159/1535/4159 4505/1543/4504
f 4179/1548/4179 4183/1547/4183 4184/1396/4184 4181/1391/4181
f 4191/1550/4191 4195/1549/4195 4196/1410/4196 4193/1404/4193
f 4203/1554/4203 4207/1553/4207 4208/1556/4208 4205/1555/4205
f 4215/1558/4215 4219/1557/4219 4220/1560/4220 4217/1559/4217
f 4227/1562/4227 4231/1561/4231 4232/1451/4232 4229/1445/4229
f 4239/1564/4239 4243/1563/4243 4244/1465/4244 4241/1458/4241
f 4251/1566/4251 4255/1565/4255 4256/1479/4256 4253/1473/4253
f 4263/1568/4263 4267/1567/4267 4268/1491/4268 4265/1486/4265
f 4275/1570/4275 4279/1569/4279 4280/1572/4280 4277/1571/4277
f 4287/1574/4287 4291/1573/4291 4292/1523/4292 4289/1575/4289
f 4301/1378/4301 4298/1529/4298 4296/1581/4296 4299/1580/4299
f 4187/1397/4187 4190/1402/4190 4189/1244/4189 4186/1245/4186
f 4503/1532/4502 4501/179/4500 4306/3/4306 4308/1577/4308
f 4307/1519/4307 4311/1520/4311 4309/1590/4309 4305/1589/4305
f 4321/1591/4321 4325/1592/4325 4506/1366/4505
f 4312/1593/4312 4316/1594/4316 4315/1541/4315 4311/1520/4311
f 4347/1595/4347 4351/1598/4351 4349/1597/4349 4345/1596/4345
f 4315/1541/4315 4319/1601/4319 4317/1600/4317 4313/1599/4313
f 4324/160/4324 4322/18/4322 4326/20/4326 4328/163/4328
f 4323/161/4323 4327/162/4327 4325/1592/4325 4321/1591/4321
f 4339/1583/4339 4335/1584/4335 4336/1603/4336 4340/1602/4340
f 4324/1604/4324 4320/1605/4320 4318/13/4318 4322/18/4322
f 4340/1602/4340 4344/1607/4344 4343/1606/4343 4339/1583/4339
f 4340/1602/4340 4338/32/4338 4342/34/4342 4344/1607/4344
f 4339/1583/4339 4343/1606/4343 4341/1609/4341 4337/1608/4337
f 4355/1610/4355 4351/1598/4351 4352/1612/4352 4356/1611/4356
f 4340/1602/4340 4336/1603/4336 4334/27/4334 4338/32/4338
f 4356/1611/4356 4360/1614/4360 4359/1613/4359 4355/1610/4355
f 4356/1615/4356 4354/1616/4354 4358/49/4358 4360/1614/4360
f 4355/1610/4355 4359/1613/4359 4357/1618/4357 4353/1617/4353
f 4371/1619/4371 4367/1622/4367 4368/1621/4368 4372/1620/4372
f 4356/1615/4356 4352/1612/4352 4350/41/4350 4354/1616/4354
f 4372/1623/4372 4376/1625/4376 4375/1624/4375 4371/1619/4371
f 4372/1620/4372 4370/61/4370 4374/63/4374 4376/1625/4376
f 4371/1619/4371 4375/1624/4375 4373/1627/4373 4369/1626/4369
f 4387/1628/4387 4383/1631/4383 4384/1630/4384 4388/1629/4388
f 4372/1620/4372 4368/1621/4368 4366/56/4366 4370/61/4370
f 4388/1629/4388 4392/1633/4392 4391/1632/4391 4387/1628/4387
f 4388/1629/4388 4386/75/4386 4390/77/4390 4392/1633/4392
f 4387/1628/4387 4391/1632/4391 4389/1635/4389 4385/1634/4385
f 4403/1636/4403 4399/1639/4399 4400/1638/4400 4404/1637/4404
f 4388/1629/4388 4384/1630/4384 4382/70/4382 4386/75/4386
f 4404/1637/4404 4408/1641/4408 4407/1640/4407 4403/1636/4403
f 4404/1637/4404 4402/89/4402 4406/1642/4406 4408/1641/4408
f 4403/1636/4403 4407/1640/4407 4405/1644/4405 4401/1643/4401
f 4419/1645/4419 4415/1648/4415 4416/1647/4416 4420/1646/4420
f 4404/1637/4404 4400/1638/4400 4398/84/4398 4402/89/4402
f 4420/1646/4420 4424/1650/4424 4423/1649/4423 4419/1645/4419
f 4420/1646/4420 4418/103/4418 4422/105/4422 4424/1650/4424
f 4419/1645/4419 4423/1649/4423 4421/1652/4421 4417/1651/4417
f 4435/1653/4435 4431/1656/4431 4432/1655/4432 4436/1654/4436
f 4420/1646/4420 4416/1647/4416 4414/98/4414 4418/103/4418
f 4436/1654/4436 4440/1658/4440 4439/1657/4439 4435/1653/4435
f 4436/1654/4436 4434/117/4434 4438/119/4438 4440/1658/4440
f 4435/1653/4435 4439/1657/4439 4437/1660/4437 4433/1659/4433
f 4451/1661/4451 4447/1664/4447 4448/1663/4448 4452/1662/4452
f 4436/1654/4436 4432/1655/4432 4430/112/4430 4434/117/4434
f 4452/1662/4452 4456/1666/4456 4455/1665/4455 4451/1661/4451
f 4452/1662/4452 4450/131/4450 4454/133/4454 4456/1666/4456
f 4451/1661/4451 4455/1665/4455 4453/1668/4453 4449/1667/4449
f 4467/1669/4467 4463/1672/4463 4464/1671/4464 4468/1670/4468
f 4452/1662/4452 4448/1663/4448 4446/126/4446 4450/131/4450
f 4468/1670/4468 4472/1674/4472 4471/1673/4471 4467/1669/4467
f 4468/1670/4468 4466/145/4466 4470/147/4470 4472/1674/4472
f 4467/1669/4467 4471/1673/4471 4469/1676/4469 4465/1675/4465
f 4483/1677/4483 4479/1680/4479 4480/1679/4480 4484/1678/4484
f 4468/1670/4468 4464/1671/4464 4462/140/4462 4466/145/4466
f 4484/1678/4484 4488/1682/4487 4487/1681/4486 4483/1677/4483
f 4484/1678/4484 4482/159/4482 4486/165/4485 4488/1682/4487
f 4483/1677/4483 4487/1681/4486 4485/1684/1481 4481/1683/4481
f 4484/1678/4484 4480/1679/4480 4478/154/4478 4482/159/4482
f 4499/1534/4498 4495/1686/4494 4496/1685/4495 4500/1533/4499
f 4345/1596/4345 4349/1597/4349 4506/1366/4505
f 4325/1687/4325 4329/1688/4329 4506/1366/4505
f 4500/1533/4499 4496/1685/4495 4494/172/4493 4498/173/4497
f 4305/1589/4305 4309/1590/4309 4506/1366/4505
f 4502/1689/4501 4497/1690/4496 4499/1534/4498 4504/1531/4503
f 4310/4/4310 4314/1692/4314 4316/1691/4316 4312/1593/4312
f 4323/161/4323 4319/1601/4319 4320/1605/4320 4324/1604/4324
f 4327/162/4327 4331/1586/4331 4329/1688/4329 4325/1687/4325
f 4343/1606/4343 4347/1595/4347 4345/1369/4345 4341/1368/4341
f 4328/163/4328 4332/1693/4332 4331/1586/4331 4327/162/4327
f 4326/20/4326 4330/24/4330 4332/1693/4332 4328/163/4328
f 4337/1608/4337 4341/1609/4341 4506/1366/4505
f 4353/1694/4353 4349/1695/4349 4351/1598/4351 4355/1610/4355
f 4359/1613/4359 4363/1698/4363 4361/1697/4361 4357/1696/4357
f 4344/1607/4344 4348/1699/4348 4347/1595/4347 4343/1606/4343
f 4342/34/4342 4346/38/4346 4348/1699/4348 4344/1607/4344
f 4353/1617/4353 4357/1618/4357 4506/1366/4505
f 4369/1700/4369 4365/1701/4365 4367/1622/4367 4371/1619/4371
f 4375/1624/4375 4379/1704/4379 4377/1703/4377 4373/1702/4373
f 4360/1614/4360 4364/1705/4364 4363/1698/4363 4359/1613/4359
f 4358/49/4358 4362/53/4362 4364/1705/4364 4360/1706/4360
f 4369/1626/4369 4373/1627/4373 4506/1366/4505
f 4385/1707/4385 4381/1708/4381 4383/1631/4383 4387/1628/4387
f 4391/1632/4391 4395/1711/4395 4393/1710/4393 4389/1709/4389
f 4376/1625/4376 4380/1712/4380 4379/1704/4379 4375/1624/4375
f 4374/63/4374 4378/67/4378 4380/1712/4380 4376/1625/4376
f 4385/1634/4385 4389/1635/4389 4506/1366/4505
f 4401/1713/4401 4397/1714/4397 4399/1639/4399 4403/1636/4403
f 4407/1640/4407 4411/1717/4411 4409/1716/4409 4405/1715/4405
f 4392/1633/4392 4396/1718/4396 4395/1711/4395 4391/1632/4391
f 4390/77/4390 4394/81/4394 4396/1718/4396 4392/1633/4392
f 4401/1643/4401 4405/1644/4405 4506/1366/4505
f 4417/1719/4417 4413/1720/4413 4415/1648/4415 4419/1645/4419
f 4423/1649/4423 4427/1723/4427 4425/1722/4425 4421/1721/4421
f 4408/1641/4408 4412/1724/4412 4411/1717/4411 4407/1640/4407
f 4406/1642/4406 4410/95/4410 4412/1724/4412 4408/1641/4408
f 4417/1651/4417 4421/1652/4421 4506/1366/4505
f 4433/1725/4433 4429/1726/4429 4431/1656/4431 4435/1653/4435
f 4439/1657/4439 4443/1729/4443 4441/1728/4441 4437/1727/4437
f 4424/1650/4424 4428/1730/4428 4427/1723/4427 4423/1649/4423
f 4422/105/4422 4426/109/4426 4428/1730/4428 4424/1650/4424
f 4433/1659/4433 4437/1660/4437 4506/1366/4505
f 4449/1731/4449 4445/1732/4445 4447/1664/4447 4451/1661/4451
f 4455/1665/4455 4459/1735/4459 4457/1734/4457 4453/1733/4453
f 4440/1658/4440 4444/1736/4444 4443/1729/4443 4439/1657/4439
f 4438/119/4438 4442/123/4442 4444/1736/4444 4440/1658/4440
f 4449/1667/4449 4453/1668/4453 4506/1366/4505
f 4465/1737/4465 4461/1738/4461 4463/1672/4463 4467/1669/4467
f 4471/1673/4471 4475/1741/4475 4473/1740/4473 4469/1739/4469
f 4456/1666/4456 4460/1742/4460 4459/1735/4459 4455/1665/4455
f 4454/133/4454 4458/137/4458 4460/1742/4460 4456/1743/4456
f 4465/1675/4465 4469/1676/4469 4506/1366/4505
f 4481/1744/4481 4477/1745/4477 4479/1680/4479 4483/1677/4483
f 4487/1681/4486 4491/1748/4490 4489/1747/4488 4485/1746/1481
f 4472/1674/4472 4476/1749/4476 4475/1741/4475 4471/1673/4471
f 4470/147/4470 4474/151/4474 4476/1749/4476 4472/1674/4472
f 4481/1683/4481 4485/1684/1481 4506/1366/4505
f 4497/1690/4496 4502/1689/4501 4506/1366/4505
f 4497/1750/4496 4493/1751/4492 4495/1686/4494 4499/1534/4498
f 4488/1682/4487 4492/1752/4491 4491/1748/4490 4487/1681/4486
f 4486/165/4485 4490/169/4489 4492/1752/4491 4488/1682/4487
f 4314/1692/4314 4318/13/4318 4320/1754/4320 4316/1753/4316
f 4330/24/4330 4334/27/4334 4336/1603/4336 4332/1693/4332
f 4357/1696/4357 4361/1697/4361 4506/1366/4505
f 4346/38/4346 4350/41/4350 4352/1612/4352 4348/1699/4348
f 4373/1702/4373 4377/1703/4377 4506/1366/4505
f 4362/53/4362 4366/56/4366 4368/1756/4368 4364/1755/4364
f 4389/1709/4389 4393/1710/4393 4506/1366/4505
f 4378/67/4378 4382/70/4382 4384/1630/4384 4380/1712/4380
f 4405/1715/4405 4409/1716/4409 4506/1366/4505
f 4394/81/4394 4398/84/4398 4400/1638/4400 4396/1718/4396
f 4421/1721/4421 4425/1722/4425 4506/1366/4505
f 4410/95/4410 4414/98/4414 4416/1647/4416 4412/1724/4412
f 4437/1727/4437 4441/1728/4441 4506/1366/4505
f 4426/109/4426 4430/112/4430 4432/1655/4432 4428/1730/4428
f 4453/1733/4453 4457/1734/4457 4506/1366/4505
f 4442/123/4442 4446/126/4446 4448/1663/4448 4444/1736/4444
f 4469/1739/4469 4473/1740/4473 4506/1366/4505
f 4458/137/4458 4462/140/4462 4464/1671/4464 4460/1757/4460
f 4485/1746/1481 4489/1747/4488 4506/1366/4505
f 4474/151/4474 4478/154/4478 4480/1679/4480 4476/1749/4476
f 4313/1599/4313 4317/1600/4317 4506/1366/4505
f 4490/169/4489 4494/172/4493 4496/1685/4495 4492/1752/4491
f 4329/1587/4329 4333/1588/4333 4506/1366/4505
f 3110/15/3110 3060/16/3060 3059/11/3059 3109/198/3109
f 4361/1758/4361 4365/1759/4365 4506/1366/4505
f 4377/1760/4377 4381/1761/4381 4506/1366/4505
f 4393/1762/4393 4397/1763/4397 4506/1366/4505
f 4409/1764/4409 4413/1765/4413 4506/1366/4505
f 4425/1766/4425 4429/1767/4429 4506/1366/4505
f 4441/1768/4441 4445/1769/4445 4506/1366/4505
f 4457/1770/4457 4461/1771/4461 4506/1366/4505
f 4473/1772/4473 4477/1773/4477 4506/1366/4505
f 4489/1774/4488 4493/1775/4492 4506/1366/4505
f 4317/1776/4317 4321/1777/4321 4506/1366/4505
f 3114/29/3114 3064/30/3064 3063/25/3063 3113/206/3113
f 3104/184/3104 3154/238/3154 3105/181/3105 3055/182/3055
f 4309/1539/4309 4313/1540/4313 4506/1366/4505
f 4501/179/4500 3054/178/3054 3005/2/3005 4306/3/4306
f 4321/1777/4321 4317/1776/4317 4319/1601/4319 4323/161/4323
f 4492/1752/4491 4496/1685/4495 4495/1686/4494 4491/1748/4490
f 4493/1751/4492 4497/1750/4496 4506/1366/4505
f 4476/1749/4476 4480/1679/4480 4479/1680/4479 4475/1741/4475
f 4477/1745/4477 4481/1744/4481 4506/1366/4505
f 4460/1757/4460 4464/1671/4464 4463/1672/4463 4459/1735/4459
f 4491/1748/4490 4495/1686/4494 4493/1775/4492 4489/1774/4488
f 4461/1738/4461 4465/1737/4465 4506/1366/4505
f 4444/1736/4444 4448/1663/4448 4447/1664/4447 4443/1729/4443
f 4475/1741/4475 4479/1680/4479 4477/1773/4477 4473/1772/4473
f 4445/1732/4445 4449/1731/4449 4506/1366/4505
f 4428/1730/4428 4432/1655/4432 4431/1656/4431 4427/1723/4427
f 4459/1735/4459 4463/1672/4463 4461/1771/4461 4457/1770/4457
f 4429/1726/4429 4433/1725/4433 4506/1366/4505
f 4412/1778/4412 4416/1647/4416 4415/1648/4415 4411/1717/4411
f 4443/1729/4443 4447/1664/4447 4445/1769/4445 4441/1768/4441
f 4413/1720/4413 4417/1719/4417 4506/1366/4505
f 4396/1718/4396 4400/1638/4400 4399/1639/4399 4395/1711/4395
f 4427/1723/4427 4431/1656/4431 4429/1767/4429 4425/1766/4425
f 4397/1714/4397 4401/1713/4401 4506/1366/4505
f 4380/1712/4380 4384/1630/4384 4383/1631/4383 4379/1704/4379
f 4411/1717/4411 4415/1648/4415 4413/1765/4413 4409/1764/4409
f 4381/1708/4381 4385/1707/4385 4506/1366/4505
f 4364/1755/4364 4368/1756/4368 4367/1622/4367 4363/1698/4363
f 4395/1711/4395 4399/1639/4399 4397/1763/4397 4393/1762/4393
f 4365/1701/4365 4369/1700/4369 4506/1366/4505
f 4348/1699/4348 4352/1612/4352 4351/1598/4351 4347/1595/4347
f 4379/1704/4379 4383/1631/4383 4381/1761/4381 4377/1760/4377
f 4349/1695/4349 4353/1694/4353 4506/1366/4505
f 4332/1693/4332 4336/1603/4336 4335/1584/4335 4331/1586/4331
f 4363/1698/4363 4367/1622/4367 4365/1759/4365 4361/1758/4361
f 4333/1585/4333 4337/1582/4337 4506/1366/4505
f 4316/1753/4316 4320/1754/4320 4319/1601/4319 4315/1541/4315
f 3107/201/3107 3057/202/3057 3056/183/3056 3106/180/3106
f 4508/1/4507 4507/2/4506 5808/3/5807 5812/4/5811
f 4560/5/4559 4559/6/4558 4509/7/4508 4510/8/4509
f 4509/9/4508 4508/1/4507 5812/4/5811 5816/10/5815
f 4561/11/4560 4560/5/4559 4510/8/4509 4511/12/4510
f 4510/8/4509 4509/9/4508 5816/10/5815 5820/13/5819
f 4613/14/4612 4612/15/4611 4562/16/4561 4563/17/4562
f 4511/12/4510 4510/8/4509 5820/13/5819 5824/18/5823
f 4512/19/4511 4511/12/4510 5824/18/5823 5828/20/5827
f 4564/21/4563 4563/17/4562 4513/22/4512 4514/23/4513
f 4513/22/4512 4512/19/4511 5828/20/5827 5832/24/5831
f 4565/25/4564 4564/21/4563 4514/23/4513 4515/26/4514
f 4514/23/4513 4513/22/4512 5832/24/5831 5836/27/5835
f 4617/28/4616 4616/29/4615 4566/30/4565 4567/31/4566
f 4515/26/4514 4514/23/4513 5836/27/5835 5840/32/5839
f 4516/33/4515 4515/26/4514 5840/32/5839 5844/34/5843
f 4568/35/4567 4567/31/4566 4517/36/4516 4518/37/4517
f 4517/36/4516 4516/33/4515 5844/34/5843 5848/38/5847
f 4569/39/4568 4568/35/4567 4518/37/4517 4519/40/4518
f 4518/37/4517 4517/36/4516 5848/38/5847 5852/41/5851
f 4621/42/4620 4620/43/4619 4570/44/4569 4571/45/4570
f 4519/46/4518 4518/37/4517 5852/41/5851 5856/47/5855
f 4520/48/4519 4519/46/4518 5856/47/5855 5860/49/5859
f 4572/50/4571 4571/45/4570 4521/51/4520 4522/52/4521
f 4521/51/4520 4520/48/4519 5860/49/5859 5864/53/5863
f 4573/54/4572 4572/50/4571 4522/52/4521 4523/55/4522
f 4522/52/4521 4521/51/4520 5864/53/5863 5868/56/5867
f 4625/57/4624 4624/58/4623 4574/59/4573 4575/60/4574
f 4523/55/4522 4522/52/4521 5868/56/5867 5872/61/5871
f 4524/62/4523 4523/55/4522 5872/61/5871 5876/63/5875
f 4576/64/4575 4575/60/4574 4525/65/4524 4526/66/4525
f 4525/65/4524 4524/62/4523 5876/63/5875 5880/67/5879
f 4577/68/4576 4576/64/4575 4526/66/4525 4527/69/4526
f 4526/66/4525 4525/65/4524 5880/67/5879 5884/70/5883
f 4629/71/4628 4628/72/4627 4578/73/4577 4579/74/4578
f 4527/69/4526 4526/66/4525 5884/70/5883 5888/75/5887
f 4528/76/4527 4527/69/4526 5888/75/5887 5892/77/5891
f 4580/78/4579 4579/74/4578 4529/79/4528 4530/80/4529
f 4529/79/4528 4528/76/4527 5892/77/5891 5896/81/5895
f 4581/82/4580 4580/78/4579 4530/80/4529 4531/83/4530
f 4530/80/4529 4529/79/4528 5896/81/5895 5900/84/5899
f 4633/85/4632 4632/86/4631 4582/87/4581 4583/88/4582
f 4531/83/4530 4530/80/4529 5900/84/5899 5904/89/5903
f 4532/90/4531 4531/83/4530 5904/89/5903 5908/91/5907
f 4584/92/4583 4583/88/4582 4533/93/4532 4534/94/4533
f 4533/93/4532 4532/90/4531 5908/91/5907 5912/95/5911
f 4585/96/4584 4584/92/4583 4534/94/4533 4535/97/4534
f 4534/94/4533 4533/93/4532 5912/95/5911 5916/98/5915
f 4637/99/4636 4636/100/4635 4586/101/4585 4587/102/4586
f 4535/97/4534 4534/94/4533 5916/98/5915 5920/103/5919
f 4536/104/4535 4535/97/4534 5920/103/5919 5924/105/5923
f 4588/106/4587 4587/102/4586 4537/107/4536 4538/108/4537
f 4537/107/4536 4536/104/4535 5924/105/5923 5928/109/5927
f 4589/110/4588 4588/106/4587 4538/108/4537 4539/111/4538
f 4538/108/4537 4537/107/4536 5928/109/5927 5932/112/5931
f 4641/113/4640 4640/114/4639 4590/115/4589 4591/116/4590
f 4539/111/4538 4538/108/4537 5932/112/5931 5936/117/5935
f 4540/118/4539 4539/111/4538 5936/117/5935 5940/119/5939
f 4592/120/4591 4591/116/4590 4541/121/4540 4542/122/4541
f 4541/121/4540 4540/118/4539 5940/119/5939 5944/123/5943
f 4593/124/4592 4592/120/4591 4542/122/4541 4543/125/4542
f 4542/122/4541 4541/121/4540 5944/123/5943 5948/126/5947
f 4645/127/4644 4644/128/4643 4594/129/4593 4595/130/4594
f 4543/125/4542 4542/122/4541 5948/126/5947 5952/131/5951
f 4544/132/4543 4543/125/4542 5952/131/5951 5956/133/5955
f 4596/134/4595 4595/130/4594 4545/135/4544 4546/136/4545
f 4545/135/4544 4544/132/4543 5956/133/5955 5960/137/5959
f 4597/138/4596 4596/134/4595 4546/136/4545 4547/139/4546
f 4546/136/4545 4545/135/4544 5960/137/5959 5964/140/5963
f 4649/141/4648 4648/142/4647 4598/143/4597 4599/144/4598
f 4547/139/4546 4546/136/4545 5964/140/5963 5968/145/5967
f 4548/146/4547 4547/139/4546 5968/145/5967 5972/147/5971
f 4600/148/4599 4599/144/4598 4549/149/4548 4550/150/4549
f 4549/149/4548 4548/146/4547 5972/147/5971 5976/151/5975
f 4601/152/4600 4600/148/4599 4550/150/4549 4551/153/4550
f 4550/150/4549 4549/149/4548 5976/151/5975 5980/154/5979
f 4653/155/4652 4652/156/4651 4602/157/4601 4603/158/4602
f 4551/153/4550 4550/150/4549 5980/154/5979 5984/159/5983
f 5826/160/5825 5825/161/5824 5829/162/5828 5830/163/5829
f 4552/164/4551 4551/153/4550 5984/159/5983 5988/165/5986
f 4604/166/4603 4603/158/4602 4553/167/4552 4554/168/4553
f 4553/167/4552 4552/164/4551 5988/165/5986 5992/169/5990
f 4605/170/4604 4604/166/4603 4554/168/4553 4555/171/4554
f 4554/168/4553 4553/167/4552 5992/169/5990 5996/172/5994
f 4555/171/4554 4554/168/4553 5996/172/5994 6000/173/5998
f 4660/174/4659 4659/175/4658 4609/176/4608 4610/177/4609
f 4556/178/4555 4555/171/4554 6000/173/5998 6003/179/6001
f 4608/180/4607 4607/181/4606 4557/182/4556 4558/183/4557
f 4557/182/4556 4606/184/4605 4556/178/4555 4507/2/4506
f 4558/183/4557 4557/182/4556 4507/2/4506 4508/1/4507
f 4509/7/4508 4559/6/4558 4558/183/4557 4508/1/4507
f 4562/16/4561 4561/11/4560 4511/12/4510 4512/19/4511
f 4513/22/4512 4563/17/4562 4562/16/4561 4512/19/4511
f 4566/30/4565 4565/25/4564 4515/26/4514 4516/33/4515
f 4517/36/4516 4567/31/4566 4566/30/4565 4516/33/4515
f 4570/44/4569 4569/39/4568 4519/40/4518 4520/48/4519
f 4521/51/4520 4571/45/4570 4570/44/4569 4520/48/4519
f 4574/59/4573 4573/54/4572 4523/55/4522 4524/62/4523
f 4525/65/4524 4575/60/4574 4574/59/4573 4524/62/4523
f 4578/73/4577 4577/68/4576 4527/69/4526 4528/76/4527
f 4529/79/4528 4579/74/4578 4578/73/4577 4528/76/4527
f 4582/185/4581 4581/82/4580 4531/83/4530 4532/186/4531
f 4533/93/4532 4583/88/4582 4582/185/4581 4532/186/4531
f 4586/101/4585 4585/96/4584 4535/97/4534 4536/104/4535
f 4537/107/4536 4587/102/4586 4586/101/4585 4536/104/4535
f 4590/115/4589 4589/110/4588 4539/111/4538 4540/118/4539
f 4541/121/4540 4591/116/4590 4590/115/4589 4540/118/4539
f 4594/129/4593 4593/124/4592 4543/125/4542 4544/132/4543
f 4545/135/4544 4595/130/4594 4594/129/4593 4544/132/4543
f 4598/143/4597 4597/138/4596 4547/139/4546 4548/146/4547
f 4549/149/4548 4599/144/4598 4598/143/4597 4548/146/4547
f 4668/187/4667 4667/188/4666 4617/28/4616 4618/189/4617
f 4602/157/4601 4601/152/4600 4551/153/4550 4552/164/4551
f 4553/167/4552 4603/158/4602 4602/157/4601 4552/164/4551
f 4709/190/4708 4708/191/4707 4658/192/4657 4659/193/4658
f 4712/194/4711 4711/195/4710 4661/196/4660 4662/197/4661
f 4606/184/4605 4605/170/4604 4555/171/4554 4556/178/4555
f 4661/196/4660 4660/174/4659 4610/177/4609 4611/198/4610
f 4620/43/4619 4619/199/4618 4569/200/4568 4570/44/4569
f 4610/177/4609 4609/201/4608 4559/202/4558 4560/5/4559
f 4561/11/4560 4611/198/4610 4610/177/4609 4560/5/4559
f 4665/203/4664 4664/204/4663 4614/205/4613 4615/206/4614
f 4624/58/4623 4623/207/4622 4573/54/4572 4574/59/4573
f 4614/205/4613 4613/14/4612 4563/17/4562 4564/21/4563
f 4565/25/4564 4615/206/4614 4614/205/4613 4564/21/4563
f 4669/208/4668 4668/187/4667 4618/189/4617 4619/209/4618
f 4628/72/4627 4627/210/4626 4577/68/4576 4578/73/4577
f 4618/189/4617 4617/28/4616 4567/31/4566 4568/35/4567
f 4569/200/4568 4619/199/4618 4618/189/4617 4568/35/4567
f 4673/211/4672 4672/212/4671 4622/213/4621 4623/207/4622
f 4632/86/4631 4631/214/4630 4581/82/4580 4582/87/4581
f 4622/213/4621 4621/42/4620 4571/45/4570 4572/50/4571
f 4573/54/4572 4623/207/4622 4622/213/4621 4572/50/4571
f 4677/215/4676 4676/216/4675 4626/217/4625 4627/210/4626
f 4636/100/4635 4635/218/4634 4585/96/4584 4586/101/4585
f 4626/217/4625 4625/57/4624 4575/60/4574 4576/64/4575
f 4577/68/4576 4627/210/4626 4626/217/4625 4576/64/4575
f 4681/219/4680 4680/220/4679 4630/221/4629 4631/214/4630
f 4640/114/4639 4639/222/4638 4589/110/4588 4590/115/4589
f 4630/221/4629 4629/71/4628 4579/74/4578 4580/78/4579
f 4581/82/4580 4631/214/4630 4630/221/4629 4580/78/4579
f 4685/223/4684 4684/224/4683 4634/225/4633 4635/218/4634
f 4644/128/4643 4643/226/4642 4593/124/4592 4594/129/4593
f 4634/225/4633 4633/85/4632 4583/88/4582 4584/92/4583
f 4585/96/4584 4635/218/4634 4634/225/4633 4584/92/4583
f 4689/227/4688 4688/228/4687 4638/229/4637 4639/222/4638
f 4648/142/4647 4647/230/4646 4597/138/4596 4598/143/4597
f 4638/229/4637 4637/99/4636 4587/102/4586 4588/106/4587
f 4589/110/4588 4639/222/4638 4638/229/4637 4588/106/4587
f 4693/231/4692 4692/232/4691 4642/233/4641 4643/226/4642
f 4652/156/4651 4651/234/4650 4601/152/4600 4602/157/4601
f 4642/233/4641 4641/113/4640 4591/116/4590 4592/120/4591
f 4593/124/4592 4643/226/4642 4642/233/4641 4592/120/4591
f 4697/235/4696 4696/236/4695 4646/237/4645 4647/230/4646
f 4656/238/4655 4655/239/4654 4605/170/4604 4606/184/4605
f 4646/237/4645 4645/127/4644 4595/130/4594 4596/134/4595
f 4597/138/4596 4647/230/4646 4646/237/4645 4596/134/4595
f 4701/240/4700 4700/241/4699 4650/242/4649 4651/234/4650
f 4716/243/4715 4715/244/4714 4665/203/4664 4666/245/4665
f 4650/242/4649 4649/141/4648 4599/144/4598 4600/148/4599
f 4601/152/4600 4651/234/4650 4650/242/4649 4600/148/4599
f 4705/246/4704 4704/247/4703 4654/248/4653 4655/239/4654
f 4768/249/4767 4767/250/4766 4717/251/4716 4718/252/4717
f 4708/191/4707 4707/253/4706 4657/254/4656 4658/192/4657
f 4654/248/4653 4653/155/4652 4603/158/4602 4604/166/4603
f 4605/170/4604 4655/239/4654 4654/248/4653 4604/166/4603
f 4664/204/4663 4663/255/4662 4613/14/4612 4614/205/4613
f 4809/256/4808 4808/257/4807 4758/258/4757 4759/259/4758
f 4657/254/4656 4706/260/4705 4656/238/4655 4607/181/4606
f 4658/192/4657 4657/254/4656 4607/181/4606 4608/180/4607
f 4609/176/4608 4659/175/4658 4658/192/4657 4608/180/4607
f 4713/261/4712 4712/194/4711 4662/197/4661 4663/255/4662
f 4672/212/4671 4671/262/4670 4621/42/4620 4622/213/4621
f 4662/197/4661 4661/196/4660 4611/198/4610 4612/15/4611
f 4613/14/4612 4663/255/4662 4662/197/4661 4612/15/4611
f 4717/251/4716 4716/243/4715 4666/245/4665 4667/188/4666
f 4676/216/4675 4675/263/4674 4625/57/4624 4626/217/4625
f 4666/245/4665 4665/203/4664 4615/206/4614 4616/29/4615
f 4617/28/4616 4667/188/4666 4666/245/4665 4616/29/4615
f 4721/264/4720 4720/265/4719 4670/266/4669 4671/262/4670
f 4680/220/4679 4679/267/4678 4629/71/4628 4630/221/4629
f 4670/266/4669 4669/208/4668 4619/209/4618 4620/43/4619
f 4621/42/4620 4671/262/4670 4670/266/4669 4620/43/4619
f 4725/268/4724 4724/269/4723 4674/270/4673 4675/263/4674
f 4684/224/4683 4683/271/4682 4633/85/4632 4634/225/4633
f 4674/270/4673 4673/211/4672 4623/207/4622 4624/58/4623
f 4625/57/4624 4675/263/4674 4674/270/4673 4624/58/4623
f 4729/272/4728 4728/273/4727 4678/274/4677 4679/267/4678
f 4688/228/4687 4687/275/4686 4637/99/4636 4638/229/4637
f 4678/274/4677 4677/215/4676 4627/210/4626 4628/72/4627
f 4629/71/4628 4679/267/4678 4678/274/4677 4628/72/4627
f 4733/276/4732 4732/277/4731 4682/278/4681 4683/271/4682
f 4692/232/4691 4691/279/4690 4641/113/4640 4642/233/4641
f 4682/280/4681 4681/219/4680 4631/214/4630 4632/281/4631
f 4633/85/4632 4683/271/4682 4682/280/4681 4632/281/4631
f 4737/282/4736 4736/283/4735 4686/284/4685 4687/275/4686
f 4696/236/4695 4695/285/4694 4645/127/4644 4646/237/4645
f 4686/284/4685 4685/223/4684 4635/218/4634 4636/100/4635
f 4637/99/4636 4687/275/4686 4686/284/4685 4636/100/4635
f 4741/286/4740 4740/287/4739 4690/288/4689 4691/279/4690
f 4700/241/4699 4699/289/4698 4649/141/4648 4650/242/4649
f 4690/288/4689 4689/227/4688 4639/222/4638 4640/114/4639
f 4641/113/4640 4691/279/4690 4690/288/4689 4640/114/4639
f 4745/290/4744 4744/291/4743 4694/292/4693 4695/285/4694
f 4704/247/4703 4703/293/4702 4653/155/4652 4654/248/4653
f 4694/292/4693 4693/231/4692 4643/226/4642 4644/128/4643
f 4645/127/4644 4695/285/4694 4694/292/4693 4644/128/4643
f 4749/294/4748 4748/295/4747 4698/296/4697 4699/289/4698
f 4706/260/4705 4657/254/4656 4707/253/4706 4756/297/4755
f 4698/296/4697 4697/235/4696 4647/230/4646 4648/142/4647
f 4649/141/4648 4699/289/4698 4698/296/4697 4648/142/4647
f 4753/298/4752 4752/299/4751 4702/300/4701 4703/293/4702
f 4760/301/4759 4759/259/4758 4709/190/4708 4710/302/4709
f 4702/300/4701 4701/240/4700 4651/234/4650 4652/156/4651
f 4653/155/4652 4703/293/4702 4702/300/4701 4652/156/4651
f 4812/303/4811 4811/304/4810 4761/305/4760 4762/306/4761
f 4706/260/4705 4705/246/4704 4655/239/4654 4656/238/4655
f 4761/305/4760 4760/301/4759 4710/302/4709 4711/195/4710
f 4720/265/4719 4719/307/4718 4669/308/4668 4670/266/4669
f 4710/302/4709 4709/190/4708 4659/193/4658 4660/174/4659
f 4661/196/4660 4711/195/4710 4710/302/4709 4660/174/4659
f 4765/309/4764 4764/310/4763 4714/311/4713 4715/244/4714
f 4724/269/4723 4723/312/4722 4673/211/4672 4674/270/4673
f 4714/311/4713 4713/261/4712 4663/255/4662 4664/204/4663
f 4665/203/4664 4715/244/4714 4714/311/4713 4664/204/4663
f 4769/313/4768 4768/249/4767 4718/252/4717 4719/314/4718
f 4728/273/4727 4727/315/4726 4677/215/4676 4678/274/4677
f 4718/252/4717 4717/251/4716 4667/188/4666 4668/187/4667
f 4669/308/4668 4719/307/4718 4718/252/4717 4668/187/4667
f 4773/316/4772 4772/317/4771 4722/318/4721 4723/312/4722
f 4732/277/4731 4731/319/4730 4681/219/4680 4682/278/4681
f 4722/318/4721 4721/264/4720 4671/262/4670 4672/212/4671
f 4673/211/4672 4723/312/4722 4722/318/4721 4672/212/4671
f 4777/320/4776 4776/321/4775 4726/322/4725 4727/315/4726
f 4736/283/4735 4735/323/4734 4685/223/4684 4686/284/4685
f 4726/322/4725 4725/268/4724 4675/263/4674 4676/216/4675
f 4677/215/4676 4727/315/4726 4726/322/4725 4676/216/4675
f 4781/324/4780 4780/325/4779 4730/326/4729 4731/319/4730
f 4740/287/4739 4739/327/4738 4689/227/4688 4690/288/4689
f 4730/326/4729 4729/272/4728 4679/267/4678 4680/220/4679
f 4681/219/4680 4731/319/4730 4730/326/4729 4680/220/4679
f 4785/328/4784 4784/329/4783 4734/330/4733 4735/323/4734
f 4744/291/4743 4743/331/4742 4693/231/4692 4694/292/4693
f 4734/330/4733 4733/276/4732 4683/271/4682 4684/224/4683
f 4685/223/4684 4735/323/4734 4734/330/4733 4684/224/4683
f 4789/332/4788 4788/333/4787 4738/334/4737 4739/327/4738
f 4748/295/4747 4747/335/4746 4697/235/4696 4698/296/4697
f 4738/334/4737 4737/282/4736 4687/275/4686 4688/228/4687
f 4689/227/4688 4739/327/4738 4738/334/4737 4688/228/4687
f 4793/336/4792 4792/337/4791 4742/338/4741 4743/331/4742
f 4752/299/4751 4751/339/4750 4701/240/4700 4702/300/4701
f 4742/338/4741 4741/286/4740 4691/279/4690 4692/232/4691
f 4693/231/4692 4743/331/4742 4742/338/4741 4692/232/4691
f 4797/340/4796 4796/341/4795 4746/342/4745 4747/335/4746
f 4756/297/4755 4755/343/4754 4705/246/4704 4706/260/4705
f 4746/342/4745 4745/290/4744 4695/285/4694 4696/236/4695
f 4697/235/4696 4747/335/4746 4746/342/4745 4696/236/4695
f 4801/344/4800 4800/345/4799 4750/346/4749 4751/339/4750
f 4816/347/4815 4815/348/4814 4765/309/4764 4766/349/4765
f 4750/346/4749 4749/294/4748 4699/289/4698 4700/241/4699
f 4701/240/4700 4751/339/4750 4750/346/4749 4700/241/4699
f 4805/350/4804 4804/351/4803 4754/352/4753 4755/343/4754
f 4868/353/4867 4867/354/4866 4817/355/4816 4818/356/4817
f 4808/257/4807 4807/357/4806 4757/358/4756 4758/258/4757
f 4754/352/4753 4753/298/4752 4703/293/4702 4704/247/4703
f 4705/246/4704 4755/343/4754 4754/352/4753 4704/247/4703
f 4764/310/4763 4763/359/4762 4713/261/4712 4714/311/4713
f 4909/360/4908 4908/361/4907 4858/362/4857 4859/363/4858
f 4757/358/4756 4806/364/4805 4756/297/4755 4707/253/4706
f 4758/258/4757 4757/358/4756 4707/253/4706 4708/191/4707
f 4709/190/4708 4759/259/4758 4758/258/4757 4708/191/4707
f 4813/365/4812 4812/303/4811 4762/306/4761 4763/359/4762
f 4772/317/4771 4771/366/4770 4721/264/4720 4722/318/4721
f 4762/306/4761 4761/305/4760 4711/195/4710 4712/194/4711
f 4713/261/4712 4763/359/4762 4762/306/4761 4712/194/4711
f 4817/355/4816 4816/347/4815 4766/349/4765 4767/250/4766
f 4776/321/4775 4775/367/4774 4725/268/4724 4726/322/4725
f 4766/349/4765 4765/309/4764 4715/244/4714 4716/243/4715
f 4717/251/4716 4767/250/4766 4766/349/4765 4716/243/4715
f 4821/368/4820 4820/369/4819 4770/370/4769 4771/371/4770
f 4780/325/4779 4779/372/4778 4729/272/4728 4730/326/4729
f 4770/370/4769 4769/313/4768 4719/314/4718 4720/265/4719
f 4721/264/4720 4771/366/4770 4770/370/4769 4720/265/4719
f 4825/373/4824 4824/374/4823 4774/375/4773 4775/367/4774
f 4784/329/4783 4783/376/4782 4733/276/4732 4734/330/4733
f 4774/375/4773 4773/316/4772 4723/312/4722 4724/269/4723
f 4725/268/4724 4775/367/4774 4774/375/4773 4724/269/4723
f 4829/377/4828 4828/378/4827 4778/379/4777 4779/372/4778
f 4788/333/4787 4787/380/4786 4737/282/4736 4738/334/4737
f 4778/379/4777 4777/320/4776 4727/315/4726 4728/273/4727
f 4729/272/4728 4779/372/4778 4778/379/4777 4728/273/4727
f 4833/381/4832 4832/382/4831 4782/383/4781 4783/376/4782
f 4792/337/4791 4791/384/4790 4741/286/4740 4742/338/4741
f 4782/385/4781 4781/324/4780 4731/319/4730 4732/386/4731
f 4733/276/4732 4783/376/4782 4782/385/4781 4732/386/4731
f 4837/387/4836 4836/388/4835 4786/389/4785 4787/380/4786
f 4796/341/4795 4795/390/4794 4745/290/4744 4746/342/4745
f 4786/389/4785 4785/328/4784 4735/323/4734 4736/283/4735
f 4737/282/4736 4787/380/4786 4786/389/4785 4736/283/4735
f 4841/391/4840 4840/392/4839 4790/393/4789 4791/384/4790
f 4800/345/4799 4799/394/4798 4749/294/4748 4750/346/4749
f 4790/393/4789 4789/332/4788 4739/327/4738 4740/287/4739
f 4741/286/4740 4791/384/4790 4790/393/4789 4740/287/4739
f 4845/395/4844 4844/396/4843 4794/397/4793 4795/390/4794
f 4804/351/4803 4803/398/4802 4753/298/4752 4754/352/4753
f 4794/397/4793 4793/399/4792 4743/331/4742 4744/400/4743
f 4745/290/4744 4795/390/4794 4794/397/4793 4744/291/4743
f 4849/401/4848 4848/402/4847 4798/403/4797 4799/394/4798
f 4806/364/4805 4757/358/4756 4807/357/4806 4856/404/4855
f 4798/403/4797 4797/340/4796 4747/335/4746 4748/295/4747
f 4749/294/4748 4799/394/4798 4798/403/4797 4748/295/4747
f 4853/405/4852 4852/406/4851 4802/407/4801 4803/398/4802
f 4860/408/4859 4859/363/4858 4809/256/4808 4810/409/4809
f 4802/407/4801 4801/344/4800 4751/339/4750 4752/299/4751
f 4753/298/4752 4803/398/4802 4802/407/4801 4752/299/4751
f 4912/410/4911 4911/411/4910 4861/412/4860 4862/413/4861
f 4806/364/4805 4805/350/4804 4755/343/4754 4756/297/4755
f 4861/412/4860 4860/408/4859 4810/409/4809 4811/304/4810
f 4820/414/4819 4819/415/4818 4769/416/4768 4770/370/4769
f 4810/409/4809 4809/256/4808 4759/259/4758 4760/301/4759
f 4761/305/4760 4811/304/4810 4810/409/4809 4760/301/4759
f 4865/417/4864 4864/418/4863 4814/419/4813 4815/348/4814
f 4824/374/4823 4823/420/4822 4773/316/4772 4774/375/4773
f 4814/419/4813 4813/365/4812 4763/359/4762 4764/310/4763
f 4765/309/4764 4815/348/4814 4814/419/4813 4764/310/4763
f 4869/421/4868 4868/353/4867 4818/422/4817 4819/423/4818
f 4828/378/4827 4827/424/4826 4777/320/4776 4778/379/4777
f 4818/422/4817 4817/355/4816 4767/250/4766 4768/249/4767
f 4769/416/4768 4819/425/4818 4818/422/4817 4768/249/4767
f 4873/426/4872 4872/427/4871 4822/428/4821 4823/420/4822
f 4832/382/4831 4831/429/4830 4781/324/4780 4782/383/4781
f 4822/430/4821 4821/368/4820 4771/366/4770 4772/317/4771
f 4773/316/4772 4823/420/4822 4822/428/4821 4772/317/4771
f 4877/431/4876 4876/432/4875 4826/433/4825 4827/424/4826
f 4836/388/4835 4835/434/4834 4785/328/4784 4786/389/4785
f 4826/433/4825 4825/373/4824 4775/367/4774 4776/321/4775
f 4777/320/4776 4827/424/4826 4826/433/4825 4776/321/4775
f 4881/435/4880 4880/436/4879 4830/437/4829 4831/429/4830
f 4840/392/4839 4839/438/4838 4789/332/4788 4790/393/4789
f 4830/437/4829 4829/377/4828 4779/372/4778 4780/325/4779
f 4781/324/4780 4831/429/4830 4830/437/4829 4780/325/4779
f 4885/439/4884 4884/440/4883 4834/441/4833 4835/434/4834
f 4844/396/4843 4843/442/4842 4793/399/4792 4794/397/4793
f 4834/441/4833 4833/381/4832 4783/376/4782 4784/329/4783
f 4785/328/4784 4835/434/4834 4834/441/4833 4784/329/4783
f 4889/443/4888 4888/444/4887 4838/445/4837 4839/438/4838
f 4848/402/4847 4847/446/4846 4797/340/4796 4798/403/4797
f 4838/445/4837 4837/387/4836 4787/380/4786 4788/333/4787
f 4789/332/4788 4839/438/4838 4838/445/4837 4788/333/4787
f 4893/447/4892 4892/448/4891 4842/449/4841 4843/442/4842
f 4852/406/4851 4851/450/4850 4801/344/4800 4802/407/4801
f 4842/449/4841 4841/391/4840 4791/384/4790 4792/337/4791
f 4793/336/4792 4843/442/4842 4842/451/4841 4792/337/4791
f 4897/452/4896 4896/453/4895 4846/454/4845 4847/446/4846
f 4856/404/4855 4855/455/4854 4805/350/4804 4806/364/4805
f 4846/456/4845 4845/395/4844 4795/457/4794 4796/341/4795
f 4797/340/4796 4847/446/4846 4846/456/4845 4796/341/4795
f 4901/458/4900 4900/459/4899 4850/460/4849 4851/450/4850
f 4916/461/4915 4915/462/4914 4865/417/4864 4866/463/4865
f 4850/460/4849 4849/401/4848 4799/394/4798 4800/345/4799
f 4801/344/4800 4851/450/4850 4850/460/4849 4800/345/4799
f 4905/464/4904 4904/465/4903 4854/466/4853 4855/455/4854
f 4968/467/4967 4967/468/4966 4917/469/4916 4918/470/4917
f 4908/361/4907 4907/471/4906 4857/472/4856 4858/362/4857
f 4854/466/4853 4853/405/4852 4803/398/4802 4804/351/4803
f 4805/350/4804 4855/455/4854 4854/466/4853 4804/351/4803
f 4864/473/4863 4863/474/4862 4813/365/4812 4814/419/4813
f 5009/475/5008 5008/476/5007 4958/477/4957 4959/478/4958
f 4857/472/4856 4906/479/4905 4856/404/4855 4807/357/4806
f 4858/362/4857 4857/472/4856 4807/357/4806 4808/257/4807
f 4809/256/4808 4859/363/4858 4858/362/4857 4808/257/4807
f 4913/480/4912 4912/410/4911 4862/413/4861 4863/481/4862
f 4872/427/4871 4871/482/4870 4821/368/4820 4822/428/4821
f 4862/413/4861 4861/412/4860 4811/304/4810 4812/303/4811
f 4813/365/4812 4863/474/4862 4862/413/4861 4812/303/4811
f 4917/469/4916 4916/461/4915 4866/463/4865 4867/354/4866
f 4876/432/4875 4875/483/4874 4825/373/4824 4826/433/4825
f 4866/463/4865 4865/484/4864 4815/348/4814 4816/347/4815
f 4817/355/4816 4867/354/4866 4866/463/4865 4816/347/4815
f 4921/485/4920 4920/486/4919 4870/487/4869 4871/482/4870
f 4880/436/4879 4879/488/4878 4829/377/4828 4830/437/4829
f 4870/487/4869 4869/421/4868 4819/489/4818 4820/414/4819
f 4821/368/4820 4871/482/4870 4870/487/4869 4820/369/4819
f 4925/490/4924 4924/491/4923 4874/492/4873 4875/483/4874
f 4884/440/4883 4883/493/4882 4833/381/4832 4834/441/4833
f 4874/492/4873 4873/494/4872 4823/420/4822 4824/374/4823
f 4825/373/4824 4875/483/4874 4874/492/4873 4824/374/4823
f 4929/495/4928 4928/496/4927 4878/497/4877 4879/488/4878
f 4888/444/4887 4887/498/4886 4837/387/4836 4838/445/4837
f 4878/497/4877 4877/431/4876 4827/424/4826 4828/378/4827
f 4829/377/4828 4879/488/4878 4878/497/4877 4828/378/4827
f 4933/499/4932 4932/500/4931 4882/501/4881 4883/493/4882
f 4892/448/4891 4891/502/4890 4841/391/4840 4842/449/4841
f 4882/501/4881 4881/435/4880 4831/429/4830 4832/382/4831
f 4833/381/4832 4883/493/4882 4882/501/4881 4832/382/4831
f 4937/503/4936 4936/504/4935 4886/505/4885 4887/498/4886
f 4896/453/4895 4895/506/4894 4845/395/4844 4846/456/4845
f 4886/505/4885 4885/439/4884 4835/434/4834 4836/388/4835
f 4837/387/4836 4887/498/4886 4886/505/4885 4836/388/4835
f 4941/507/4940 4940/508/4939 4890/509/4889 4891/502/4890
f 4900/459/4899 4899/510/4898 4849/401/4848 4850/460/4849
f 4890/509/4889 4889/443/4888 4839/438/4838 4840/392/4839
f 4841/511/4840 4891/502/4890 4890/512/4889 4840/392/4839
f 4945/513/4944 4944/514/4943 4894/515/4893 4895/506/4894
f 4904/465/4903 4903/516/4902 4853/405/4852 4854/466/4853
f 4894/515/4893 4893/447/4892 4843/442/4842 4844/396/4843
f 4845/395/4844 4895/506/4894 4894/515/4893 4844/396/4843
f 4949/517/4948 4948/518/4947 4898/519/4897 4899/510/4898
f 4906/479/4905 4857/472/4856 4907/471/4906 4956/520/4955
f 4898/519/4897 4897/452/4896 4847/446/4846 4848/402/4847
f 4849/401/4848 4899/510/4898 4898/519/4897 4848/402/4847
f 4953/521/4952 4952/522/4951 4902/523/4901 4903/516/4902
f 4960/524/4959 4959/478/4958 4909/360/4908 4910/525/4909
f 4902/523/4901 4901/458/4900 4851/450/4850 4852/406/4851
f 4853/405/4852 4903/516/4902 4902/523/4901 4852/406/4851
f 5012/526/5011 5011/527/5010 4961/528/4960 4962/529/4961
f 4906/479/4905 4905/464/4904 4855/455/4854 4856/404/4855
f 4961/530/4960 4960/524/4959 4910/525/4909 4911/531/4910
f 4920/486/4919 4919/532/4918 4869/533/4868 4870/487/4869
f 4910/525/4909 4909/360/4908 4859/363/4858 4860/408/4859
f 4861/412/4860 4911/534/4910 4910/525/4909 4860/535/4859
f 4965/536/4964 4964/537/4963 4914/538/4913 4915/462/4914
f 4924/539/4923 4923/540/4922 4873/494/4872 4874/492/4873
f 4914/538/4913 4913/480/4912 4863/474/4862 4864/473/4863
f 4865/417/4864 4915/462/4914 4914/538/4913 4864/418/4863
f 4969/541/4968 4968/467/4967 4918/470/4917 4919/542/4918
f 4928/496/4927 4927/543/4926 4877/431/4876 4878/497/4877
f 4918/470/4917 4917/469/4916 4867/354/4866 4868/353/4867
f 4869/533/4868 4919/532/4918 4918/470/4917 4868/353/4867
f 4973/544/4972 4972/545/4971 4922/546/4921 4923/540/4922
f 4932/500/4931 4931/547/4930 4881/435/4880 4882/501/4881
f 4922/546/4921 4921/485/4920 4871/482/4870 4872/427/4871
f 4873/494/4872 4923/540/4922 4922/546/4921 4872/427/4871
f 4977/548/4976 4976/549/4975 4926/550/4925 4927/543/4926
f 4936/504/4935 4935/551/4934 4885/439/4884 4886/505/4885
f 4926/550/4925 4925/490/4924 4875/483/4874 4876/432/4875
f 4877/431/4876 4927/543/4926 4926/550/4925 4876/432/4875
f 4981/552/4980 4980/553/4979 4930/554/4929 4931/547/4930
f 4940/508/4939 4939/555/4938 4889/443/4888 4890/509/4889
f 4930/554/4929 4929/495/4928 4879/488/4878 4880/436/4879
f 4881/435/4880 4931/547/4930 4930/554/4929 4880/436/4879
f 4985/556/4984 4984/557/4983 4934/558/4933 4935/551/4934
f 4944/514/4943 4943/559/4942 4893/447/4892 4894/515/4893
f 4934/558/4933 4933/499/4932 4883/493/4882 4884/440/4883
f 4885/439/4884 4935/551/4934 4934/558/4933 4884/440/4883
f 4989/560/4988 4988/561/4987 4938/562/4937 4939/555/4938
f 4948/518/4947 4947/563/4946 4897/564/4896 4898/519/4897
f 4938/562/4937 4937/503/4936 4887/498/4886 4888/444/4887
f 4889/565/4888 4939/555/4938 4938/562/4937 4888/444/4887
f 4993/566/4992 4992/567/4991 4942/568/4941 4943/559/4942
f 4952/522/4951 4951/569/4950 4901/458/4900 4902/523/4901
f 4942/568/4941 4941/507/4940 4891/502/4890 4892/448/4891
f 4893/447/4892 4943/559/4942 4942/568/4941 4892/448/4891
f 4997/570/4996 4996/571/4995 4946/572/4945 4947/563/4946
f 4956/520/4955 4955/573/4954 4905/464/4904 4906/479/4905
f 4946/572/4945 4945/513/4944 4895/506/4894 4896/453/4895
f 4897/452/4896 4947/563/4946 4946/572/4945 4896/453/4895
f 5001/574/5000 5000/575/4999 4950/576/4949 4951/569/4950
f 5016/577/5015 5015/578/5014 4965/536/4964 4966/579/4965
f 4950/576/4949 4949/517/4948 4899/510/4898 4900/459/4899
f 4901/458/4900 4951/569/4950 4950/576/4949 4900/459/4899
f 5005/580/5004 5004/581/5003 4954/582/4953 4955/573/4954
f 5068/583/5067 5067/584/5066 5017/585/5016 5018/586/5017
f 5008/476/5007 5007/587/5006 4957/588/4956 4958/477/4957
f 4954/582/4953 4953/521/4952 4903/516/4902 4904/465/4903
f 4905/464/4904 4955/573/4954 4954/582/4953 4904/465/4903
f 4964/537/4963 4963/589/4962 4913/480/4912 4914/538/4913
f 5109/590/5108 5108/591/5107 5058/592/5057 5059/593/5058
f 4957/588/4956 5006/594/5005 4956/520/4955 4907/471/4906
f 4958/477/4957 4957/588/4956 4907/471/4906 4908/361/4907
f 4909/360/4908 4959/478/4958 4958/477/4957 4908/361/4907
f 5013/595/5012 5012/526/5011 4962/529/4961 4963/589/4962
f 4972/545/4971 4971/596/4970 4921/485/4920 4922/546/4921
f 4962/529/4961 4961/530/4960 4911/411/4910 4912/410/4911
f 4913/480/4912 4963/589/4962 4962/529/4961 4912/410/4911
f 5017/585/5016 5016/577/5015 4966/579/4965 4967/468/4966
f 4976/549/4975 4975/597/4974 4925/490/4924 4926/550/4925
f 4966/579/4965 4965/536/4964 4915/462/4914 4916/461/4915
f 4917/469/4916 4967/468/4966 4966/579/4965 4916/461/4915
f 5021/598/5020 5020/599/5019 4970/600/4969 4971/596/4970
f 4980/553/4979 4979/601/4978 4929/495/4928 4930/554/4929
f 4970/600/4969 4969/541/4968 4919/542/4918 4920/486/4919
f 4921/485/4920 4971/596/4970 4970/600/4969 4920/486/4919
f 5025/602/5024 5024/603/5023 4974/604/4973 4975/597/4974
f 4984/605/4983 4983/606/4982 4933/607/4932 4934/558/4933
f 4974/608/4973 4973/544/4972 4923/540/4922 4924/491/4923
f 4925/490/4924 4975/597/4974 4974/608/4973 4924/491/4923
f 5029/609/5028 5028/610/5027 4978/611/4977 4979/601/4978
f 4988/561/4987 4987/612/4986 4937/503/4936 4938/613/4937
f 4978/611/4977 4977/548/4976 4927/543/4926 4928/496/4927
f 4929/495/4928 4979/601/4978 4978/611/4977 4928/496/4927
f 5033/614/5032 5032/615/5031 4982/616/4981 4983/606/4982
f 4992/567/4991 4991/617/4990 4941/507/4940 4942/568/4941
f 4982/616/4981 4981/552/4980 4931/547/4930 4932/500/4931
f 4933/607/4932 4983/606/4982 4982/616/4981 4932/500/4931
f 5037/618/5036 5036/619/5035 4986/620/4985 4987/621/4986
f 4996/571/4995 4995/622/4994 4945/513/4944 4946/572/4945
f 4986/620/4985 4985/556/4984 4935/551/4934 4936/504/4935
f 4937/503/4936 4987/621/4986 4986/620/4985 4936/504/4935
f 5041/623/5040 5040/624/5039 4990/625/4989 4991/617/4990
f 5000/575/4999 4999/626/4998 4949/517/4948 4950/576/4949
f 4990/625/4989 4989/560/4988 4939/555/4938 4940/508/4939
f 4941/507/4940 4991/617/4990 4990/625/4989 4940/508/4939
f 5045/627/5044 5044/628/5043 4994/629/4993 4995/622/4994
f 5004/581/5003 5003/630/5002 4953/521/4952 4954/582/4953
f 4994/629/4993 4993/566/4992 4943/559/4942 4944/514/4943
f 4945/513/4944 4995/622/4994 4994/629/4993 4944/514/4943
f 5049/631/5048 5048/632/5047 4998/633/4997 4999/626/4998
f 5006/594/5005 4957/588/4956 5007/587/5006 5056/634/5055
f 4998/633/4997 4997/570/4996 4947/563/4946 4948/518/4947
f 4949/517/4948 4999/626/4998 4998/633/4997 4948/635/4947
f 5053/636/5052 5052/637/5051 5002/638/5001 5003/630/5002
f 5060/639/5059 5059/593/5058 5009/475/5008 5010/640/5009
f 5002/638/5001 5001/574/5000 4951/569/4950 4952/522/4951
f 4953/521/4952 5003/630/5002 5002/638/5001 4952/522/4951
f 5112/641/5111 5111/642/5110 5061/643/5060 5062/644/5061
f 5006/594/5005 5005/580/5004 4955/573/4954 4956/520/4955
f 5061/643/5060 5060/639/5059 5010/640/5009 5011/527/5010
f 5020/599/5019 5019/645/5018 4969/646/4968 4970/600/4969
f 5010/640/5009 5009/475/5008 4959/478/4958 4960/524/4959
f 4961/528/4960 5011/527/5010 5010/640/5009 4960/524/4959
f 5065/647/5064 5064/648/5063 5014/649/5013 5015/578/5014
f 5024/603/5023 5023/650/5022 4973/544/4972 4974/608/4973
f 5014/649/5013 5013/595/5012 4963/589/4962 4964/537/4963
f 4965/536/4964 5015/578/5014 5014/649/5013 4964/537/4963
f 5069/651/5068 5068/583/5067 5018/586/5017 5019/652/5018
f 5028/610/5027 5027/653/5026 4977/548/4976 4978/611/4977
f 5018/586/5017 5017/585/5016 4967/468/4966 4968/467/4967
f 4969/646/4968 5019/645/5018 5018/586/5017 4968/467/4967
f 5073/654/5072 5072/655/5071 5022/656/5021 5023/650/5022
f 5032/615/5031 5031/657/5030 4981/552/4980 4982/616/4981
f 5022/656/5021 5021/598/5020 4971/596/4970 4972/545/4971
f 4973/544/4972 5023/650/5022 5022/656/5021 4972/545/4971
f 5077/658/5076 5076/659/5075 5026/660/5025 5027/653/5026
f 5036/619/5035 5035/661/5034 4985/556/4984 4986/620/4985
f 5026/660/5025 5025/662/5024 4975/597/4974 4976/549/4975
f 4977/548/4976 5027/653/5026 5026/660/5025 4976/549/4975
f 5081/663/5080 5080/664/5079 5030/665/5029 5031/657/5030
f 5040/624/5039 5039/666/5038 4989/560/4988 4990/625/4989
f 5030/665/5029 5029/609/5028 4979/601/4978 4980/553/4979
f 4981/552/4980 5031/657/5030 5030/665/5029 4980/553/4979
f 5085/667/5084 5084/668/5083 5034/669/5033 5035/661/5034
f 5044/628/5043 5043/670/5042 4993/566/4992 4994/629/4993
f 5034/669/5033 5033/614/5032 4983/606/4982 4984/605/4983
f 4985/556/4984 5035/661/5034 5034/669/5033 4984/557/4983
f 5089/671/5088 5088/672/5087 5038/673/5037 5039/666/5038
f 5048/632/5047 5047/674/5046 4997/570/4996 4998/633/4997
f 5038/673/5037 5037/618/5036 4987/621/4986 4988/561/4987
f 4989/560/4988 5039/666/5038 5038/673/5037 4988/561/4987
f 5093/675/5092 5092/676/5091 5042/677/5041 5043/670/5042
f 5052/637/5051 5051/678/5050 5001/574/5000 5002/638/5001
f 5042/677/5041 5041/623/5040 4991/617/4990 4992/567/4991
f 4993/566/4992 5043/670/5042 5042/677/5041 4992/567/4991
f 5097/679/5096 5096/680/5095 5046/681/5045 5047/674/5046
f 5056/634/5055 5055/682/5054 5005/580/5004 5006/594/5005
f 5046/681/5045 5045/627/5044 4995/622/4994 4996/571/4995
f 4997/570/4996 5047/674/5046 5046/681/5045 4996/571/4995
f 5101/683/5100 5100/684/5099 5050/685/5049 5051/678/5050
f 5116/686/5115 5115/687/5114 5065/647/5064 5066/688/5065
f 5050/685/5049 5049/631/5048 4999/689/4998 5000/575/4999
f 5001/574/5000 5051/678/5050 5050/685/5049 5000/575/4999
f 5105/690/5104 5104/691/5103 5054/692/5053 5055/682/5054
f 5168/693/5167 5167/694/5166 5117/695/5116 5118/696/5117
f 5108/591/5107 5107/697/5106 5057/698/5056 5058/592/5057
f 5054/692/5053 5053/636/5052 5003/630/5002 5004/581/5003
f 5005/580/5004 5055/682/5054 5054/692/5053 5004/581/5003
f 5064/648/5063 5063/699/5062 5013/595/5012 5014/649/5013
f 5209/700/5208 5208/701/5207 5158/702/5157 5159/703/5158
f 5057/698/5056 5106/704/5105 5056/634/5055 5007/587/5006
f 5058/592/5057 5057/698/5056 5007/587/5006 5008/476/5007
f 5009/475/5008 5059/593/5058 5058/592/5057 5008/476/5007
f 5113/705/5112 5112/641/5111 5062/644/5061 5063/699/5062
f 5072/655/5071 5071/706/5070 5021/598/5020 5022/656/5021
f 5062/644/5061 5061/643/5060 5011/707/5010 5012/526/5011
f 5013/595/5012 5063/699/5062 5062/644/5061 5012/526/5011
f 5117/695/5116 5116/686/5115 5066/688/5065 5067/584/5066
f 5076/659/5075 5075/708/5074 5025/662/5024 5026/660/5025
f 5066/688/5065 5065/647/5064 5015/578/5014 5016/577/5015
f 5017/585/5016 5067/584/5066 5066/688/5065 5016/577/5015
f 5121/709/5120 5120/710/5119 5070/711/5069 5071/706/5070
f 5080/664/5079 5079/712/5078 5029/609/5028 5030/665/5029
f 5070/711/5069 5069/651/5068 5019/652/5018 5020/599/5019
f 5021/598/5020 5071/706/5070 5070/711/5069 5020/599/5019
f 5125/713/5124 5124/714/5123 5074/715/5073 5075/716/5074
f 5084/668/5083 5083/717/5082 5033/614/5032 5034/669/5033
f 5074/715/5073 5073/654/5072 5023/650/5022 5024/603/5023
f 5025/662/5024 5075/708/5074 5074/715/5073 5024/603/5023
f 5129/718/5128 5128/719/5127 5078/720/5077 5079/712/5078
f 5088/672/5087 5087/721/5086 5037/618/5036 5038/673/5037
f 5078/720/5077 5077/658/5076 5027/653/5026 5028/610/5027
f 5029/609/5028 5079/712/5078 5078/720/5077 5028/610/5027
f 5133/722/5132 5132/723/5131 5082/724/5081 5083/717/5082
f 5092/676/5091 5091/725/5090 5041/623/5040 5042/677/5041
f 5082/724/5081 5081/663/5080 5031/657/5030 5032/615/5031
f 5033/614/5032 5083/717/5082 5082/724/5081 5032/615/5031
f 5137/726/5136 5136/727/5135 5086/728/5085 5087/721/5086
f 5096/680/5095 5095/729/5094 5045/627/5044 5046/681/5045
f 5086/728/5085 5085/667/5084 5035/661/5034 5036/619/5035
f 5037/618/5036 5087/721/5086 5086/728/5085 5036/730/5035
f 5141/731/5140 5140/732/5139 5090/733/5089 5091/725/5090
f 5100/684/5099 5099/734/5098 5049/631/5048 5050/685/5049
f 5090/733/5089 5089/671/5088 5039/666/5038 5040/624/5039
f 5041/623/5040 5091/725/5090 5090/733/5089 5040/624/5039
f 5145/735/5144 5144/736/5143 5094/737/5093 5095/729/5094
f 5104/691/5103 5103/738/5102 5053/636/5052 5054/692/5053
f 5094/737/5093 5093/675/5092 5043/670/5042 5044/628/5043
f 5045/627/5044 5095/729/5094 5094/737/5093 5044/628/5043
f 5149/739/5148 5148/740/5147 5098/741/5097 5099/734/5098
f 5106/704/5105 5057/698/5056 5107/697/5106 5156/742/5155
f 5098/741/5097 5097/679/5096 5047/674/5046 5048/632/5047
f 5049/631/5048 5099/734/5098 5098/741/5097 5048/632/5047
f 5153/743/5152 5152/744/5151 5102/745/5101 5103/738/5102
f 5160/746/5159 5159/703/5158 5109/590/5108 5110/747/5109
f 5102/745/5101 5101/683/5100 5051/678/5050 5052/637/5051
f 5053/636/5052 5103/738/5102 5102/745/5101 5052/637/5051
f 5212/748/5211 5211/749/5210 5161/750/5160 5162/751/5161
f 5106/704/5105 5105/690/5104 5055/682/5054 5056/634/5055
f 5161/752/5160 5160/746/5159 5110/747/5109 5111/642/5110
f 5120/710/5119 5119/753/5118 5069/754/5068 5070/711/5069
f 5110/747/5109 5109/590/5108 5059/593/5058 5060/639/5059
f 5061/643/5060 5111/642/5110 5110/747/5109 5060/639/5059
f 5165/755/5164 5164/756/5163 5114/757/5113 5115/687/5114
f 5124/714/5123 5123/758/5122 5073/654/5072 5074/715/5073
f 5114/757/5113 5113/705/5112 5063/699/5062 5064/648/5063
f 5065/647/5064 5115/687/5114 5114/757/5113 5064/648/5063
f 5169/759/5168 5168/693/5167 5118/696/5117 5119/760/5118
f 5128/719/5127 5127/761/5126 5077/658/5076 5078/720/5077
f 5118/696/5117 5117/695/5116 5067/584/5066 5068/583/5067
f 5069/754/5068 5119/753/5118 5118/696/5117 5068/583/5067
f 5173/762/5172 5172/763/5171 5122/764/5121 5123/758/5122
f 5132/723/5131 5131/765/5130 5081/663/5080 5082/724/5081
f 5122/764/5121 5121/709/5120 5071/706/5070 5072/655/5071
f 5073/654/5072 5123/758/5122 5122/764/5121 5072/655/5071
f 5177/766/5176 5176/767/5175 5126/768/5125 5127/761/5126
f 5136/727/5135 5135/769/5134 5085/667/5084 5086/728/5085
f 5126/768/5125 5125/770/5124 5075/716/5074 5076/659/5075
f 5077/658/5076 5127/761/5126 5126/768/5125 5076/659/5075
f 5181/771/5180 5180/772/5179 5130/773/5129 5131/765/5130
f 5140/732/5139 5139/774/5138 5089/671/5088 5090/733/5089
f 5130/773/5129 5129/718/5128 5079/712/5078 5080/664/5079
f 5081/663/5080 5131/765/5130 5130/773/5129 5080/664/5079
f 5185/775/5184 5184/776/5183 5134/777/5133 5135/769/5134
f 5144/736/5143 5143/778/5142 5093/675/5092 5094/737/5093
f 5134/777/5133 5133/722/5132 5083/717/5082 5084/668/5083
f 5085/667/5084 5135/769/5134 5134/777/5133 5084/668/5083
f 5189/779/5188 5188/780/5187 5138/781/5137 5139/774/5138
f 5148/740/5147 5147/782/5146 5097/679/5096 5098/741/5097
f 5138/781/5137 5137/726/5136 5087/721/5086 5088/672/5087
f 5089/671/5088 5139/774/5138 5138/781/5137 5088/672/5087
f 5193/783/5192 5192/784/5191 5142/785/5141 5143/778/5142
f 5152/744/5151 5151/786/5150 5101/683/5100 5102/745/5101
f 5142/785/5141 5141/731/5140 5091/725/5090 5092/676/5091
f 5093/675/5092 5143/778/5142 5142/785/5141 5092/676/5091
f 5197/787/5196 5196/788/5195 5146/789/5145 5147/782/5146
f 5156/742/5155 5155/790/5154 5105/690/5104 5106/704/5105
f 5146/789/5145 5145/735/5144 5095/729/5094 5096/680/5095
f 5097/679/5096 5147/782/5146 5146/789/5145 5096/680/5095
f 5201/791/5200 5200/792/5199 5150/793/5149 5151/786/5150
f 5216/794/5215 5215/795/5214 5165/755/5164 5166/796/5165
f 5150/793/5149 5149/739/5148 5099/734/5098 5100/797/5099
f 5101/683/5100 5151/786/5150 5150/793/5149 5100/797/5099
f 5205/798/5204 5204/799/5203 5154/800/5153 5155/790/5154
f 5268/801/5267 5267/802/5266 5217/803/5216 5218/804/5217
f 5208/701/5207 5207/805/5206 5157/806/5156 5158/702/5157
f 5154/800/5153 5153/743/5152 5103/738/5102 5104/691/5103
f 5105/690/5104 5155/790/5154 5154/800/5153 5104/691/5103
f 5164/756/5163 5163/807/5162 5113/705/5112 5114/757/5113
f 5309/808/5308 5308/809/5307 5258/810/5257 5259/811/5258
f 5157/806/5156 5206/812/5205 5156/742/5155 5107/697/5106
f 5158/702/5157 5157/806/5156 5107/697/5106 5108/591/5107
f 5109/590/5108 5159/703/5158 5158/702/5157 5108/591/5107
f 5213/813/5212 5212/748/5211 5162/751/5161 5163/807/5162
f 5172/763/5171 5171/814/5170 5121/709/5120 5122/764/5121
f 5162/751/5161 5161/752/5160 5111/642/5110 5112/641/5111
f 5113/705/5112 5163/807/5162 5162/751/5161 5112/641/5111
f 5217/803/5216 5216/794/5215 5166/796/5165 5167/694/5166
f 5176/767/5175 5175/815/5174 5125/713/5124 5126/768/5125
f 5166/796/5165 5165/755/5164 5115/687/5114 5116/686/5115
f 5117/695/5116 5167/694/5166 5166/796/5165 5116/686/5115
f 5221/816/5220 5220/817/5219 5170/818/5169 5171/814/5170
f 5180/772/5179 5179/819/5178 5129/718/5128 5130/773/5129
f 5170/818/5169 5169/759/5168 5119/760/5118 5120/710/5119
f 5121/709/5120 5171/814/5170 5170/818/5169 5120/710/5119
f 5225/820/5224 5224/821/5223 5174/822/5173 5175/815/5174
f 5184/776/5183 5183/823/5182 5133/722/5132 5134/777/5133
f 5174/822/5173 5173/762/5172 5123/758/5122 5124/714/5123
f 5125/713/5124 5175/815/5174 5174/822/5173 5124/714/5123
f 5229/824/5228 5228/825/5227 5178/826/5177 5179/819/5178
f 5188/780/5187 5187/827/5186 5137/726/5136 5138/781/5137
f 5178/826/5177 5177/766/5176 5127/761/5126 5128/719/5127
f 5129/718/5128 5179/819/5178 5178/826/5177 5128/719/5127
f 5233/828/5232 5232/829/5231 5182/830/5181 5183/823/5182
f 5192/784/5191 5191/831/5190 5141/731/5140 5142/785/5141
f 5182/830/5181 5181/771/5180 5131/765/5130 5132/723/5131
f 5133/722/5132 5183/823/5182 5182/830/5181 5132/723/5131
f 5237/832/5236 5236/833/5235 5186/834/5185 5187/827/5186
f 5196/788/5195 5195/835/5194 5145/735/5144 5146/789/5145
f 5186/834/5185 5185/836/5184 5135/769/5134 5136/727/5135
f 5137/726/5136 5187/837/5186 5186/834/5185 5136/727/5135
f 5241/838/5240 5240/839/5239 5190/840/5189 5191/831/5190
f 5200/792/5199 5199/841/5198 5149/739/5148 5150/793/5149
f 5190/840/5189 5189/779/5188 5139/774/5138 5140/732/5139
f 5141/731/5140 5191/831/5190 5190/840/5189 5140/732/5139
f 5245/842/5244 5244/843/5243 5194/844/5193 5195/835/5194
f 5204/799/5203 5203/845/5202 5153/743/5152 5154/800/5153
f 5194/844/5193 5193/783/5192 5143/778/5142 5144/736/5143
f 5145/735/5144 5195/835/5194 5194/844/5193 5144/736/5143
f 5249/846/5248 5248/847/5247 5198/848/5197 5199/849/5198
f 5206/812/5205 5157/806/5156 5207/805/5206 5256/850/5255
f 5198/848/5197 5197/787/5196 5147/782/5146 5148/740/5147
f 5149/739/5148 5199/841/5198 5198/848/5197 5148/740/5147
f 5253/851/5252 5252/852/5251 5202/853/5201 5203/845/5202
f 5260/854/5259 5259/811/5258 5209/700/5208 5210/855/5209
f 5202/853/5201 5201/791/5200 5151/786/5150 5152/744/5151
f 5153/743/5152 5203/845/5202 5202/853/5201 5152/744/5151
f 5312/856/5311 5311/857/5310 5261/858/5260 5262/859/5261
f 5206/812/5205 5205/798/5204 5155/790/5154 5156/742/5155
f 5261/858/5260 5260/854/5259 5210/855/5209 5211/860/5210
f 5220/817/5219 5219/861/5218 5169/862/5168 5170/818/5169
f 5210/855/5209 5209/700/5208 5159/703/5158 5160/746/5159
f 5161/750/5160 5211/749/5210 5210/855/5209 5160/746/5159
f 5265/863/5264 5264/864/5263 5214/865/5213 5215/795/5214
f 5224/821/5223 5223/866/5222 5173/762/5172 5174/867/5173
f 5214/865/5213 5213/813/5212 5163/807/5162 5164/756/5163
f 5165/755/5164 5215/795/5214 5214/865/5213 5164/756/5163
f 5269/868/5268 5268/869/5267 5218/804/5217 5219/870/5218
f 5228/825/5227 5227/871/5226 5177/766/5176 5178/826/5177
f 5218/804/5217 5217/803/5216 5167/694/5166 5168/693/5167
f 5169/862/5168 5219/861/5218 5218/804/5217 5168/693/5167
f 5273/872/5272 5272/873/5271 5222/874/5221 5223/875/5222
f 5232/829/5231 5231/876/5230 5181/771/5180 5182/830/5181
f 5222/874/5221 5221/816/5220 5171/814/5170 5172/763/5171
f 5173/762/5172 5223/866/5222 5222/874/5221 5172/763/5171
f 5277/877/5276 5276/878/5275 5226/879/5225 5227/871/5226
f 5236/833/5235 5235/880/5234 5185/775/5184 5186/834/5185
f 5226/879/5225 5225/820/5224 5175/815/5174 5176/767/5175
f 5177/766/5176 5227/871/5226 5226/879/5225 5176/767/5175
f 5281/881/5280 5280/882/5279 5230/883/5229 5231/876/5230
f 5240/839/5239 5239/884/5238 5189/779/5188 5190/840/5189
f 5230/883/5229 5229/824/5228 5179/819/5178 5180/772/5179
f 5181/771/5180 5231/876/5230 5230/883/5229 5180/772/5179
f 5285/885/5284 5284/886/5283 5234/887/5233 5235/880/5234
f 5244/843/5243 5243/888/5242 5193/783/5192 5194/844/5193
f 5234/887/5233 5233/828/5232 5183/823/5182 5184/776/5183
f 5185/775/5184 5235/880/5234 5234/889/5233 5184/776/5183
f 5289/890/5288 5288/891/5287 5238/892/5237 5239/884/5238
f 5248/847/5247 5247/893/5246 5197/787/5196 5198/848/5197
f 5238/894/5237 5237/832/5236 5187/827/5186 5188/780/5187
f 5189/779/5188 5239/884/5238 5238/894/5237 5188/780/5187
f 5293/895/5292 5292/896/5291 5242/897/5241 5243/888/5242
f 5252/852/5251 5251/898/5250 5201/791/5200 5202/853/5201
f 5242/897/5241 5241/838/5240 5191/831/5190 5192/784/5191
f 5193/783/5192 5243/888/5242 5242/897/5241 5192/784/5191
f 5297/899/5296 5296/900/5295 5246/901/5245 5247/893/5246
f 5256/850/5255 5255/902/5254 5205/798/5204 5206/812/5205
f 5246/901/5245 5245/842/5244 5195/835/5194 5196/788/5195
f 5197/787/5196 5247/893/5246 5246/901/5245 5196/788/5195
f 5301/903/5300 5300/904/5299 5250/905/5249 5251/898/5250
f 5316/906/5315 5315/907/5314 5265/908/5264 5266/909/5265
f 5250/905/5249 5249/846/5248 5199/841/5198 5200/792/5199
f 5201/791/5200 5251/898/5250 5250/905/5249 5200/792/5199
f 5305/910/5304 5304/911/5303 5254/912/5253 5255/902/5254
f 5368/913/5367 5367/914/5366 5317/915/5316 5318/916/5317
f 5308/809/5307 5307/917/5306 5257/918/5256 5258/810/5257
f 5254/912/5253 5253/851/5252 5203/845/5202 5204/799/5203
f 5205/798/5204 5255/902/5254 5254/912/5253 5204/799/5203
f 5264/919/5263 5263/920/5262 5213/813/5212 5214/865/5213
f 5409/921/5408 5408/922/5407 5358/923/5357 5359/924/5358
f 5257/918/5256 5306/925/5305 5256/850/5255 5207/805/5206
f 5258/810/5257 5257/918/5256 5207/805/5206 5208/701/5207
f 5209/700/5208 5259/811/5258 5258/810/5257 5208/701/5207
f 5313/926/5312 5312/856/5311 5262/859/5261 5263/920/5262
f 5272/873/5271 5271/927/5270 5221/816/5220 5222/874/5221
f 5262/859/5261 5261/858/5260 5211/860/5210 5212/748/5211
f 5213/813/5212 5263/920/5262 5262/859/5261 5212/748/5211
f 5317/915/5316 5316/906/5315 5266/928/5265 5267/929/5266
f 5276/878/5275 5275/930/5274 5225/820/5224 5226/879/5225
f 5266/909/5265 5265/908/5264 5215/795/5214 5216/794/5215
f 5217/803/5216 5267/929/5266 5266/928/5265 5216/794/5215
f 5321/931/5320 5320/932/5319 5270/933/5269 5271/927/5270
f 5280/882/5279 5279/934/5278 5229/824/5228 5230/883/5229
f 5270/933/5269 5269/868/5268 5219/870/5218 5220/817/5219
f 5221/816/5220 5271/927/5270 5270/933/5269 5220/817/5219
f 5325/935/5324 5324/936/5323 5274/937/5273 5275/930/5274
f 5284/886/5283 5283/938/5282 5233/828/5232 5234/887/5233
f 5274/937/5273 5273/872/5272 5223/866/5222 5224/821/5223
f 5225/820/5224 5275/930/5274 5274/937/5273 5224/821/5223
f 5329/939/5328 5328/940/5327 5278/941/5277 5279/934/5278
f 5288/891/5287 5287/942/5286 5237/832/5236 5238/894/5237
f 5278/941/5277 5277/877/5276 5227/871/5226 5228/825/5227
f 5229/824/5228 5279/934/5278 5278/941/5277 5228/825/5227
f 5333/943/5332 5332/944/5331 5282/945/5281 5283/946/5282
f 5292/896/5291 5291/947/5290 5241/838/5240 5242/897/5241
f 5282/945/5281 5281/881/5280 5231/876/5230 5232/829/5231
f 5233/828/5232 5283/938/5282 5282/945/5281 5232/829/5231
f 5337/948/5336 5336/949/5335 5286/950/5285 5287/942/5286
f 5296/900/5295 5295/951/5294 5245/842/5244 5246/901/5245
f 5286/950/5285 5285/885/5284 5235/880/5234 5236/833/5235
f 5237/832/5236 5287/942/5286 5286/950/5285 5236/833/5235
f 5341/952/5340 5340/953/5339 5290/954/5289 5291/947/5290
f 5300/904/5299 5299/955/5298 5249/846/5248 5250/905/5249
f 5290/956/5289 5289/890/5288 5239/884/5238 5240/839/5239
f 5241/838/5240 5291/957/5290 5290/956/5289 5240/839/5239
f 5345/958/5344 5344/959/5343 5294/960/5293 5295/951/5294
f 5304/911/5303 5303/961/5302 5253/851/5252 5254/912/5253
f 5294/960/5293 5293/895/5292 5243/888/5242 5244/843/5243
f 5245/842/5244 5295/951/5294 5294/960/5293 5244/843/5243
f 5349/962/5348 5348/963/5347 5298/964/5297 5299/955/5298
f 5306/925/5305 5257/918/5256 5307/917/5306 5356/965/5355
f 5298/964/5297 5297/966/5296 5247/893/5246 5248/967/5247
f 5249/846/5248 5299/955/5298 5298/964/5297 5248/847/5247
f 5353/968/5352 5352/969/5351 5302/970/5301 5303/961/5302
f 5360/971/5359 5359/924/5358 5309/808/5308 5310/972/5309
f 5302/970/5301 5301/903/5300 5251/898/5250 5252/852/5251
f 5253/851/5252 5303/961/5302 5302/970/5301 5252/852/5251
f 5412/973/5411 5411/974/5410 5361/975/5360 5362/976/5361
f 5306/925/5305 5305/910/5304 5255/902/5254 5256/850/5255
f 5361/975/5360 5360/971/5359 5310/972/5309 5311/857/5310
f 5320/932/5319 5319/977/5318 5269/978/5268 5270/933/5269
f 5310/979/5309 5309/808/5308 5259/811/5258 5260/854/5259
f 5261/858/5260 5311/857/5310 5310/979/5309 5260/854/5259
f 5365/980/5364 5364/981/5363 5314/982/5313 5315/907/5314
f 5324/936/5323 5323/983/5322 5273/872/5272 5274/937/5273
f 5314/982/5313 5313/926/5312 5263/920/5262 5264/919/5263
f 5265/863/5264 5315/907/5314 5314/982/5313 5264/864/5263
f 5369/984/5368 5368/913/5367 5318/916/5317 5319/985/5318
f 5328/940/5327 5327/986/5326 5277/877/5276 5278/941/5277
f 5318/916/5317 5317/915/5316 5267/802/5266 5268/869/5267
f 5269/978/5268 5319/977/5318 5318/916/5317 5268/869/5267
f 5373/987/5372 5372/988/5371 5322/989/5321 5323/983/5322
f 5332/944/5331 5331/990/5330 5281/881/5280 5282/945/5281
f 5322/991/5321 5321/931/5320 5271/927/5270 5272/992/5271
f 5273/872/5272 5323/983/5322 5322/989/5321 5272/873/5271
f 5377/993/5376 5376/994/5375 5326/995/5325 5327/986/5326
f 5336/949/5335 5335/996/5334 5285/885/5284 5286/950/5285
f 5326/995/5325 5325/935/5324 5275/930/5274 5276/878/5275
f 5277/877/5276 5327/986/5326 5326/995/5325 5276/878/5275
f 5381/997/5380 5380/998/5379 5330/999/5329 5331/990/5330
f 5340/953/5339 5339/1000/5338 5289/890/5288 5290/956/5289
f 5330/999/5329 5329/939/5328 5279/934/5278 5280/882/5279
f 5281/881/5280 5331/990/5330 5330/999/5329 5280/882/5279
f 5385/1001/5384 5384/1002/5383 5334/1003/5333 5335/996/5334
f 5344/1004/5343 5343/1005/5342 5293/895/5292 5294/960/5293
f 5334/1003/5333 5333/943/5332 5283/938/5282 5284/886/5283
f 5285/885/5284 5335/996/5334 5334/1003/5333 5284/886/5283
f 5389/1006/5388 5388/1007/5387 5338/1008/5337 5339/1000/5338
f 5348/963/5347 5347/1009/5346 5297/966/5296 5298/964/5297
f 5338/1008/5337 5337/948/5336 5287/942/5286 5288/891/5287
f 5289/890/5288 5339/1000/5338 5338/1008/5337 5288/891/5287
f 5393/1010/5392 5392/1011/5391 5342/1012/5341 5343/1013/5342
f 5352/969/5351 5351/1014/5350 5301/903/5300 5302/970/5301
f 5342/1012/5341 5341/952/5340 5291/947/5290 5292/896/5291
f 5293/895/5292 5343/1013/5342 5342/1012/5341 5292/896/5291
f 5397/1015/5396 5396/1016/5395 5346/1017/5345 5347/1009/5346
f 5356/965/5355 5355/1018/5354 5305/910/5304 5306/925/5305
f 5346/1017/5345 5345/958/5344 5295/951/5294 5296/900/5295
f 5297/899/5296 5347/1009/5346 5346/1019/5345 5296/900/5295
f 5401/1020/5400 5400/1021/5399 5350/1022/5349 5351/1014/5350
f 5416/1023/5415 5415/1024/5414 5365/980/5364 5366/1025/5365
f 5350/1022/5349 5349/962/5348 5299/955/5298 5300/904/5299
f 5301/903/5300 5351/1014/5350 5350/1022/5349 5300/904/5299
f 5405/1026/5404 5404/1027/5403 5354/1028/5353 5355/1018/5354
f 5468/1029/5467 5467/1030/5466 5417/1031/5416 5418/1032/5417
f 5408/922/5407 5407/1033/5406 5357/1034/5356 5358/923/5357
f 5354/1028/5353 5353/968/5352 5303/961/5302 5304/911/5303
f 5305/910/5304 5355/1018/5354 5354/1028/5353 5304/911/5303
f 5364/981/5363 5363/1035/5362 5313/926/5312 5314/982/5313
f 5509/1036/5508 5508/1037/5507 5458/1038/5457 5459/1039/5458
f 5357/1034/5356 5406/1040/5405 5356/965/5355 5307/917/5306
f 5358/923/5357 5357/1034/5356 5307/917/5306 5308/809/5307
f 5309/808/5308 5359/924/5358 5358/923/5357 5308/809/5307
f 5413/1041/5412 5412/973/5411 5362/976/5361 5363/1035/5362
f 5372/988/5371 5371/1042/5370 5321/931/5320 5322/989/5321
f 5362/976/5361 5361/975/5360 5311/857/5310 5312/856/5311
f 5313/926/5312 5363/1035/5362 5362/976/5361 5312/856/5311
f 5417/1031/5416 5416/1023/5415 5366/1025/5365 5367/914/5366
f 5376/994/5375 5375/1043/5374 5325/935/5324 5326/995/5325
f 5366/1025/5365 5365/980/5364 5315/907/5314 5316/906/5315
f 5317/915/5316 5367/914/5366 5366/1025/5365 5316/906/5315
f 5421/1044/5420 5420/1045/5419 5370/1046/5369 5371/1042/5370
f 5380/998/5379 5379/1047/5378 5329/939/5328 5330/999/5329
f 5370/1046/5369 5369/984/5368 5319/985/5318 5320/932/5319
f 5321/931/5320 5371/1042/5370 5370/1046/5369 5320/932/5319
f 5425/1048/5424 5424/1049/5423 5374/1050/5373 5375/1043/5374
f 5384/1002/5383 5383/1051/5382 5333/1052/5332 5334/1003/5333
f 5374/1050/5373 5373/987/5372 5323/983/5322 5324/936/5323
f 5325/935/5324 5375/1043/5374 5374/1050/5373 5324/936/5323
f 5429/1053/5428 5428/1054/5427 5378/1055/5377 5379/1047/5378
f 5388/1007/5387 5387/1056/5386 5337/948/5336 5338/1008/5337
f 5378/1055/5377 5377/993/5376 5327/986/5326 5328/940/5327
f 5329/939/5328 5379/1047/5378 5378/1055/5377 5328/940/5327
f 5433/1057/5432 5432/1058/5431 5382/1059/5381 5383/1060/5382
f 5392/1011/5391 5391/1061/5390 5341/952/5340 5342/1012/5341
f 5382/1059/5381 5381/997/5380 5331/990/5330 5332/944/5331
f 5333/1052/5332 5383/1051/5382 5382/1059/5381 5332/944/5331
f 5437/1062/5436 5436/1063/5435 5386/1064/5385 5387/1056/5386
f 5396/1016/5395 5395/1065/5394 5345/958/5344 5346/1017/5345
f 5386/1064/5385 5385/1001/5384 5335/996/5334 5336/949/5335
f 5337/948/5336 5387/1056/5386 5386/1064/5385 5336/949/5335
f 5441/1066/5440 5440/1067/5439 5390/1068/5389 5391/1061/5390
f 5400/1021/5399 5399/1069/5398 5349/962/5348 5350/1022/5349
f 5390/1068/5389 5389/1006/5388 5339/1000/5338 5340/953/5339
f 5341/952/5340 5391/1061/5390 5390/1068/5389 5340/953/5339
f 5445/1070/5444 5444/1071/5443 5394/1072/5393 5395/1073/5394
f 5404/1027/5403 5403/1074/5402 5353/968/5352 5354/1028/5353
f 5394/1072/5393 5393/1010/5392 5343/1005/5342 5344/959/5343
f 5345/958/5344 5395/1065/5394 5394/1072/5393 5344/959/5343
f 5449/1075/5448 5448/1076/5447 5398/1077/5397 5399/1069/5398
f 5406/1040/5405 5357/1034/5356 5407/1033/5406 5456/1078/5455
f 5398/1077/5397 5397/1015/5396 5347/1009/5346 5348/963/5347
f 5349/962/5348 5399/1069/5398 5398/1077/5397 5348/963/5347
f 5453/1079/5452 5452/1080/5451 5402/1081/5401 5403/1074/5402
f 5460/1082/5459 5459/1039/5458 5409/921/5408 5410/1083/5409
f 5402/1081/5401 5401/1020/5400 5351/1014/5350 5352/969/5351
f 5353/968/5352 5403/1074/5402 5402/1081/5401 5352/969/5351
f 5512/1084/5511 5511/1085/5510 5461/1086/5460 5462/1087/5461
f 5406/1040/5405 5405/1026/5404 5355/1018/5354 5356/965/5355
f 5461/1086/5460 5460/1082/5459 5410/1083/5409 5411/974/5410
f 5420/1045/5419 5419/1088/5418 5369/1089/5368 5370/1046/5369
f 5410/1090/5409 5409/921/5408 5359/924/5358 5360/1091/5359
f 5361/975/5360 5411/974/5410 5410/1090/5409 5360/1091/5359
f 5465/1092/5464 5464/1093/5463 5414/1094/5413 5415/1024/5414
f 5424/1049/5423 5423/1095/5422 5373/987/5372 5374/1050/5373
f 5414/1094/5413 5413/1041/5412 5363/1035/5362 5364/981/5363
f 5365/980/5364 5415/1024/5414 5414/1094/5413 5364/981/5363
f 5469/1096/5468 5468/1029/5467 5418/1032/5417 5419/1097/5418
f 5428/1054/5427 5427/1098/5426 5377/993/5376 5378/1055/5377
f 5418/1032/5417 5417/1031/5416 5367/914/5366 5368/913/5367
f 5369/1089/5368 5419/1088/5418 5418/1032/5417 5368/913/5367
f 5473/1099/5472 5472/1100/5471 5422/1101/5421 5423/1095/5422
f 5432/1058/5431 5431/1102/5430 5381/997/5380 5382/1059/5381
f 5422/1101/5421 5421/1044/5420 5371/1042/5370 5372/1103/5371
f 5373/987/5372 5423/1095/5422 5422/1101/5421 5372/1103/5371
f 5477/1104/5476 5476/1105/5475 5426/1106/5425 5427/1098/5426
f 5436/1063/5435 5435/1107/5434 5385/1001/5384 5386/1064/5385
f 5426/1106/5425 5425/1048/5424 5375/1043/5374 5376/994/5375
f 5377/993/5376 5427/1098/5426 5426/1106/5425 5376/994/5375
f 5481/1108/5480 5480/1109/5479 5430/1110/5429 5431/1102/5430
f 5440/1067/5439 5439/1111/5438 5389/1006/5388 5390/1068/5389
f 5430/1110/5429 5429/1053/5428 5379/1047/5378 5380/998/5379
f 5381/997/5380 5431/1102/5430 5430/1110/5429 5380/998/5379
f 5485/1112/5484 5484/1113/5483 5434/1114/5433 5435/1107/5434
f 5444/1071/5443 5443/1115/5442 5393/1010/5392 5394/1072/5393
f 5434/1114/5433 5433/1116/5432 5383/1060/5382 5384/1002/5383
f 5385/1001/5384 5435/1107/5434 5434/1114/5433 5384/1002/5383
f 5489/1117/5488 5488/1118/5487 5438/1119/5437 5439/1111/5438
f 5448/1076/5447 5447/1120/5446 5397/1015/5396 5398/1077/5397
f 5438/1119/5437 5437/1062/5436 5387/1056/5386 5388/1007/5387
f 5389/1006/5388 5439/1111/5438 5438/1119/5437 5388/1007/5387
f 5493/1121/5492 5492/1122/5491 5442/1123/5441 5443/1115/5442
f 5452/1080/5451 5451/1124/5450 5401/1020/5400 5402/1081/5401
f 5442/1123/5441 5441/1066/5440 5391/1061/5390 5392/1011/5391
f 5393/1010/5392 5443/1115/5442 5442/1123/5441 5392/1011/5391
f 5497/1125/5496 5496/1126/5495 5446/1127/5445 5447/1120/5446
f 5456/1078/5455 5455/1128/5454 5405/1026/5404 5406/1040/5405
f 5446/1127/5445 5445/1070/5444 5395/1073/5394 5396/1016/5395
f 5397/1015/5396 5447/1120/5446 5446/1127/5445 5396/1016/5395
f 5501/1129/5500 5500/1130/5499 5450/1131/5449 5451/1124/5450
f 5516/1132/5515 5515/1133/5514 5465/1092/5464 5466/1134/5465
f 5450/1131/5449 5449/1075/5448 5399/1069/5398 5400/1021/5399
f 5401/1020/5400 5451/1124/5450 5450/1131/5449 5400/1021/5399
f 5505/1135/5504 5504/1136/5503 5454/1137/5453 5455/1128/5454
f 5568/1138/5567 5567/1139/5566 5517/1140/5516 5518/1141/5517
f 5508/1037/5507 5507/1142/5506 5457/1143/5456 5458/1038/5457
f 5454/1137/5453 5453/1079/5452 5403/1074/5402 5404/1027/5403
f 5405/1026/5404 5455/1128/5454 5454/1137/5453 5404/1027/5403
f 5464/1093/5463 5463/1144/5462 5413/1041/5412 5414/1094/5413
f 5609/1145/5608 5608/1146/5607 5558/1147/5557 5559/1148/5558
f 5457/1143/5456 5506/1149/5505 5456/1078/5455 5407/1033/5406
f 5458/1038/5457 5457/1143/5456 5407/1033/5406 5408/922/5407
f 5409/921/5408 5459/1039/5458 5458/1038/5457 5408/922/5407
f 5513/1150/5512 5512/1084/5511 5462/1087/5461 5463/1144/5462
f 5472/1100/5471 5471/1151/5470 5421/1044/5420 5422/1101/5421
f 5462/1087/5461 5461/1086/5460 5411/974/5410 5412/973/5411
f 5413/1041/5412 5463/1144/5462 5462/1087/5461 5412/973/5411
f 5517/1140/5516 5516/1132/5515 5466/1134/5465 5467/1030/5466
f 5476/1105/5475 5475/1152/5474 5425/1048/5424 5426/1106/5425
f 5466/1134/5465 5465/1092/5464 5415/1024/5414 5416/1023/5415
f 5417/1031/5416 5467/1030/5466 5466/1134/5465 5416/1023/5415
f 5521/1153/5520 5520/1154/5519 5470/1155/5469 5471/1151/5470
f 5480/1109/5479 5479/1156/5478 5429/1053/5428 5430/1110/5429
f 5470/1155/5469 5469/1096/5468 5419/1097/5418 5420/1045/5419
f 5421/1044/5420 5471/1151/5470 5470/1155/5469 5420/1045/5419
f 5525/1157/5524 5524/1158/5523 5474/1159/5473 5475/1152/5474
f 5484/1113/5483 5483/1160/5482 5433/1057/5432 5434/1114/5433
f 5474/1159/5473 5473/1099/5472 5423/1095/5422 5424/1049/5423
f 5425/1048/5424 5475/1152/5474 5474/1159/5473 5424/1049/5423
f 5529/1161/5528 5528/1162/5527 5478/1163/5477 5479/1156/5478
f 5488/1118/5487 5487/1164/5486 5437/1062/5436 5438/1119/5437
f 5478/1163/5477 5477/1104/5476 5427/1098/5426 5428/1054/5427
f 5429/1053/5428 5479/1156/5478 5478/1163/5477 5428/1054/5427
f 5533/1165/5532 5532/1166/5531 5482/1167/5481 5483/1160/5482
f 5492/1122/5491 5491/1168/5490 5441/1066/5440 5442/1123/5441
f 5482/1167/5481 5481/1108/5480 5431/1102/5430 5432/1058/5431
f 5433/1057/5432 5483/1160/5482 5482/1167/5481 5432/1058/5431
f 5537/1169/5536 5536/1170/5535 5486/1171/5485 5487/1164/5486
f 5496/1126/5495 5495/1172/5494 5445/1173/5444 5446/1127/5445
f 5486/1171/5485 5485/1112/5484 5435/1107/5434 5436/1063/5435
f 5437/1062/5436 5487/1164/5486 5486/1171/5485 5436/1063/5435
f 5541/1174/5540 5540/1175/5539 5490/1176/5489 5491/1168/5490
f 5500/1130/5499 5499/1177/5498 5449/1075/5448 5450/1131/5449
f 5490/1176/5489 5489/1117/5488 5439/1111/5438 5440/1067/5439
f 5441/1066/5440 5491/1168/5490 5490/1176/5489 5440/1067/5439
f 5545/1178/5544 5544/1179/5543 5494/1180/5493 5495/1172/5494
f 5504/1136/5503 5503/1181/5502 5453/1079/5452 5454/1137/5453
f 5494/1180/5493 5493/1121/5492 5443/1115/5442 5444/1071/5443
f 5445/1173/5444 5495/1172/5494 5494/1180/5493 5444/1071/5443
f 5549/1182/5548 5548/1183/5547 5498/1184/5497 5499/1177/5498
f 5506/1149/5505 5457/1143/5456 5507/1142/5506 5556/1185/5555
f 5498/1184/5497 5497/1125/5496 5447/1120/5446 5448/1076/5447
f 5449/1075/5448 5499/1177/5498 5498/1184/5497 5448/1076/5447
f 5553/1186/5552 5552/1187/5551 5502/1188/5501 5503/1181/5502
f 5560/1189/5559 5559/1148/5558 5509/1036/5508 5510/1190/5509
f 5502/1188/5501 5501/1129/5500 5451/1124/5450 5452/1080/5451
f 5453/1079/5452 5503/1181/5502 5502/1188/5501 5452/1080/5451
f 5612/1191/5611 5611/1192/5610 5561/1193/5560 5562/1194/5561
f 5506/1149/5505 5505/1135/5504 5455/1128/5454 5456/1078/5455
f 5561/1193/5560 5560/1189/5559 5510/1190/5509 5511/1085/5510
f 5520/1154/5519 5519/1195/5518 5469/1196/5468 5470/1155/5469
f 5510/1197/5509 5509/1036/5508 5459/1039/5458 5460/1198/5459
f 5461/1086/5460 5511/1085/5510 5510/1197/5509 5460/1198/5459
f 5565/1199/5564 5564/1200/5563 5514/1201/5513 5515/1133/5514
f 5524/1158/5523 5523/1202/5522 5473/1099/5472 5474/1159/5473
f 5514/1201/5513 5513/1150/5512 5463/1144/5462 5464/1093/5463
f 5465/1092/5464 5515/1133/5514 5514/1201/5513 5464/1093/5463
f 5569/1203/5568 5568/1138/5567 5518/1141/5517 5519/1204/5518
f 5528/1162/5527 5527/1205/5526 5477/1104/5476 5478/1163/5477
f 5518/1141/5517 5517/1140/5516 5467/1030/5466 5468/1029/5467
f 5469/1196/5468 5519/1195/5518 5518/1141/5517 5468/1029/5467
f 5573/1206/5572 5572/1207/5571 5522/1208/5521 5523/1202/5522
f 5532/1166/5531 5531/1209/5530 5481/1108/5480 5482/1167/5481
f 5522/1208/5521 5521/1153/5520 5471/1151/5470 5472/1100/5471
f 5473/1099/5472 5523/1202/5522 5522/1208/5521 5472/1100/5471
f 5577/1210/5576 5576/1211/5575 5526/1212/5525 5527/1205/5526
f 5536/1170/5535 5535/1213/5534 5485/1112/5484 5486/1171/5485
f 5526/1212/5525 5525/1157/5524 5475/1152/5474 5476/1105/5475
f 5477/1104/5476 5527/1205/5526 5526/1212/5525 5476/1105/5475
f 5581/1214/5580 5580/1215/5579 5530/1216/5529 5531/1209/5530
f 5540/1175/5539 5539/1217/5538 5489/1117/5488 5490/1176/5489
f 5530/1216/5529 5529/1161/5528 5479/1156/5478 5480/1109/5479
f 5481/1108/5480 5531/1209/5530 5530/1216/5529 5480/1109/5479
f 5585/1218/5584 5584/1219/5583 5534/1220/5533 5535/1213/5534
f 5544/1179/5543 5543/1221/5542 5493/1121/5492 5494/1180/5493
f 5534/1220/5533 5533/1165/5532 5483/1160/5482 5484/1113/5483
f 5485/1112/5484 5535/1213/5534 5534/1220/5533 5484/1113/5483
f 5589/1222/5588 5588/1223/5587 5538/1224/5537 5539/1217/5538
f 5548/1183/5547 5547/1225/5546 5497/1125/5496 5498/1184/5497
f 5538/1224/5537 5537/1169/5536 5487/1164/5486 5488/1118/5487
f 5489/1117/5488 5539/1217/5538 5538/1224/5537 5488/1118/5487
f 5593/1226/5592 5592/1227/5591 5542/1228/5541 5543/1221/5542
f 5552/1187/5551 5551/1229/5550 5501/1129/5500 5502/1188/5501
f 5542/1228/5541 5541/1174/5540 5491/1168/5490 5492/1122/5491
f 5493/1121/5492 5543/1221/5542 5542/1228/5541 5492/1122/5491
f 5597/1230/5596 5596/1231/5595 5546/1232/5545 5547/1225/5546
f 5556/1185/5555 5555/1233/5554 5505/1135/5504 5506/1149/5505
f 5546/1232/5545 5545/1178/5544 5495/1234/5494 5496/1126/5495
f 5497/1125/5496 5547/1225/5546 5546/1232/5545 5496/1126/5495
f 5601/1235/5600 5600/1236/5599 5550/1237/5549 5551/1229/5550
f 5616/1238/5615 5615/1239/5614 5565/1199/5564 5566/1240/5565
f 5550/1237/5549 5549/1182/5548 5499/1177/5498 5500/1130/5499
f 5501/1129/5500 5551/1229/5550 5550/1237/5549 5500/1130/5499
f 5605/1241/5604 5604/1242/5603 5554/1243/5553 5555/1233/5554
f 5691/1244/5690 5688/1245/5687 5617/1246/5616 5618/1247/5617
f 5608/1146/5607 5607/1248/5606 5557/1249/5556 5558/1147/5557
f 5554/1243/5553 5553/1186/5552 5503/1181/5502 5504/1136/5503
f 5505/1135/5504 5555/1233/5554 5554/1243/5553 5504/1136/5503
f 5564/1200/5563 5563/1250/5562 5513/1150/5512 5514/1201/5513
f 5660/1251/5659 5657/1252/5656 5607/1248/5606 5608/1146/5607
f 5557/1249/5556 5606/1253/5605 5556/1185/5555 5507/1142/5506
f 5558/1147/5557 5557/1249/5556 5507/1142/5506 5508/1037/5507
f 5509/1036/5508 5559/1148/5558 5558/1147/5557 5508/1037/5507
f 5613/1254/5612 5612/1255/5611 5562/1194/5561 5563/1250/5562
f 5572/1207/5571 5571/1256/5570 5521/1153/5520 5522/1257/5521
f 5562/1194/5561 5561/1193/5560 5511/1085/5510 5512/1084/5511
f 5513/1150/5512 5563/1250/5562 5562/1194/5561 5512/1084/5511
f 5617/1258/5616 5616/1259/5615 5566/1240/5565 5567/1139/5566
f 5576/1211/5575 5575/1260/5574 5525/1157/5524 5526/1212/5525
f 5566/1240/5565 5565/1199/5564 5515/1133/5514 5516/1132/5515
f 5517/1140/5516 5567/1139/5566 5566/1240/5565 5516/1132/5515
f 5621/1261/5620 5620/1262/5619 5570/1263/5569 5571/1256/5570
f 5580/1215/5579 5579/1264/5578 5529/1161/5528 5530/1216/5529
f 5570/1263/5569 5569/1203/5568 5519/1204/5518 5520/1154/5519
f 5521/1153/5520 5571/1256/5570 5570/1263/5569 5520/1154/5519
f 5625/1265/5624 5624/1266/5623 5574/1267/5573 5575/1260/5574
f 5584/1219/5583 5583/1268/5582 5533/1269/5532 5534/1220/5533
f 5574/1267/5573 5573/1206/5572 5523/1202/5522 5524/1158/5523
f 5525/1157/5524 5575/1260/5574 5574/1267/5573 5524/1158/5523
f 5629/1270/5628 5628/1271/5627 5578/1272/5577 5579/1264/5578
f 5588/1223/5587 5587/1273/5586 5537/1169/5536 5538/1224/5537
f 5578/1272/5577 5577/1210/5576 5527/1205/5526 5528/1162/5527
f 5529/1161/5528 5579/1264/5578 5578/1272/5577 5528/1162/5527
f 5633/1274/5632 5632/1275/5631 5582/1276/5581 5583/1268/5582
f 5592/1227/5591 5591/1277/5590 5541/1174/5540 5542/1228/5541
f 5582/1276/5581 5581/1214/5580 5531/1209/5530 5532/1166/5531
f 5533/1269/5532 5583/1268/5582 5582/1276/5581 5532/1166/5531
f 5637/1278/5636 5636/1279/5635 5586/1280/5585 5587/1273/5586
f 5596/1231/5595 5595/1281/5594 5545/1178/5544 5546/1232/5545
f 5586/1280/5585 5585/1218/5584 5535/1213/5534 5536/1170/5535
f 5537/1169/5536 5587/1273/5586 5586/1280/5585 5536/1170/5535
f 5641/1282/5640 5640/1283/5639 5590/1284/5589 5591/1277/5590
f 5600/1236/5599 5599/1285/5598 5549/1182/5548 5550/1237/5549
f 5590/1284/5589 5589/1222/5588 5539/1217/5538 5540/1175/5539
f 5541/1174/5540 5591/1277/5590 5590/1284/5589 5540/1175/5539
f 5645/1286/5644 5644/1287/5643 5594/1288/5593 5595/1289/5594
f 5604/1242/5603 5603/1290/5602 5553/1186/5552 5554/1243/5553
f 5594/1288/5593 5593/1226/5592 5543/1221/5542 5544/1179/5543
f 5545/1291/5544 5595/1281/5594 5594/1288/5593 5544/1179/5543
f 5649/1292/5648 5648/1293/5647 5598/1294/5597 5599/1285/5598
f 5606/1253/5605 5557/1249/5556 5607/1248/5606 5656/1295/5655
f 5598/1294/5597 5597/1230/5596 5547/1225/5546 5548/1183/5547
f 5549/1182/5548 5599/1285/5598 5598/1294/5597 5548/1183/5547
f 5653/1296/5652 5652/1297/5651 5602/1298/5601 5603/1290/5602
f 5667/1299/5666 5664/1300/5663 5609/1145/5608 5610/1301/5609
f 5602/1298/5601 5601/1235/5600 5551/1229/5550 5552/1187/5551
f 5658/1302/5657 5659/1303/5658 5662/1304/5661 5661/1305/5660
f 5553/1186/5552 5603/1290/5602 5602/1298/5601 5552/1187/5551
f 5660/1251/5659 5608/1146/5607 5609/1145/5608 5664/1300/5663
f 5659/1303/5658 5657/1252/5656 5660/1251/5659 5662/1304/5661
f 5606/1253/5605 5605/1241/5604 5555/1233/5554 5556/1185/5555
f 5670/1306/5669 5667/1299/5666 5610/1301/5609 5611/1192/5610
f 5620/1307/5619 5619/1308/5618 5569/1309/5568 5570/1263/5569
f 5610/1301/5609 5609/1145/5608 5559/1148/5558 5560/1189/5559
f 5561/1193/5560 5611/1192/5610 5610/1301/5609 5560/1310/5559
f 5682/1311/5681 5679/1312/5678 5614/1313/5613 5615/1314/5614
f 5624/1266/5623 5623/1315/5622 5573/1206/5572 5574/1267/5573
f 5614/1316/5613 5613/1317/5612 5563/1250/5562 5564/1200/5563
f 5565/1199/5564 5615/1314/5614 5614/1313/5613 5564/1200/5563
f 5694/1318/5693 5691/1244/5690 5618/1319/5617 5619/1320/5618
f 5628/1271/5627 5627/1321/5626 5577/1210/5576 5578/1272/5577
f 5618/1247/5617 5617/1246/5616 5567/1139/5566 5568/1138/5567
f 5569/1309/5568 5619/1322/5618 5618/1319/5617 5568/1138/5567
f 5706/1323/5705 5703/1324/5702 5622/1325/5621 5623/1315/5622
f 5632/1275/5631 5631/1326/5630 5581/1214/5580 5582/1276/5581
f 5622/1325/5621 5621/1327/5620 5571/1256/5570 5572/1328/5571
f 5573/1206/5572 5623/1315/5622 5622/1325/5621 5572/1328/5571
f 5718/1329/5717 5715/1330/5714 5626/1331/5625 5627/1321/5626
f 5636/1279/5635 5635/1332/5634 5585/1218/5584 5586/1280/5585
f 5626/1331/5625 5625/1265/5624 5575/1260/5574 5576/1211/5575
f 5577/1210/5576 5627/1321/5626 5626/1331/5625 5576/1211/5575
f 5730/1333/5729 5727/1334/5726 5630/1335/5629 5631/1326/5630
f 5640/1283/5639 5639/1336/5638 5589/1222/5588 5590/1284/5589
f 5630/1335/5629 5629/1270/5628 5579/1264/5578 5580/1215/5579
f 5581/1214/5580 5631/1326/5630 5630/1335/5629 5580/1215/5579
f 5742/1337/5741 5739/1338/5738 5634/1339/5633 5635/1332/5634
f 5644/1340/5643 5643/1341/5642 5593/1226/5592 5594/1288/5593
f 5634/1342/5633 5633/1274/5632 5583/1343/5582 5584/1219/5583
f 5585/1218/5584 5635/1332/5634 5634/1339/5633 5584/1219/5583
f 5754/1344/5753 5751/1345/5750 5638/1346/5637 5639/1336/5638
f 5648/1293/5647 5647/1347/5646 5597/1230/5596 5598/1294/5597
f 5638/1346/5637 5637/1278/5636 5587/1273/5586 5588/1223/5587
f 5589/1222/5588 5639/1336/5638 5638/1346/5637 5588/1223/5587
f 5766/1348/5765 5763/1349/5762 5642/1350/5641 5643/1351/5642
f 5652/1297/5651 5651/1352/5650 5601/1235/5600 5602/1298/5601
f 5642/1353/5641 5641/1282/5640 5591/1277/5590 5592/1227/5591
f 5593/1226/5592 5643/1351/5642 5642/1350/5641 5592/1227/5591
f 5778/1354/5777 5775/1355/5774 5646/1356/5645 5647/1347/5646
f 5656/1295/5655 5655/1357/5654 5605/1241/5604 5606/1253/5605
f 5670/1358/5669 5671/1359/5670 5668/1360/5667 5667/1299/5666
f 5646/1356/5645 5645/1361/5644 5595/1289/5594 5596/1231/5595
f 5597/1230/5596 5647/1347/5646 5646/1356/5645 5596/1231/5595
f 5790/1362/5789 5787/1363/5786 5650/1364/5649 5651/1352/5650
f 5650/1364/5649 5649/1292/5648 5599/1285/5598 5600/1236/5599
f 6004/1365/6002 6008/1366/6006 5807/1367/5806
f 5601/1235/5600 5651/1352/5650 5650/1364/5649 5600/1236/5599
f 5843/1368/5842 6008/1366/6006 5847/1369/5846
f 5802/1370/5801 5799/1371/5798 5654/1372/5653 5655/1357/5654
f 5656/1295/5655 5607/1248/5606 5657/1252/5656 5805/1373/5804
f 5654/1372/5653 5653/1296/5652 5603/1290/5602 5604/1242/5603
f 5605/1241/5604 5655/1357/5654 5654/1372/5653 5604/1242/5603
f 5679/1312/5678 5676/1374/5675 5613/1317/5612 5614/1316/5613
f 5806/1375/5805 5804/1376/5803 5801/1377/5800 5803/1378/5802
f 5672/1379/5671 5670/1306/5669 5611/1380/5610 5612/1191/5611
f 5703/1381/5702 5700/1382/5699 5621/1327/5620 5622/1325/5621
f 5673/1383/5672 5674/1384/5673 5677/1385/5676 5675/1386/5674
f 5688/1245/5687 5684/1387/5683 5616/1259/5615 5617/1258/5616
f 5675/1388/5674 5677/1385/5676 5680/1389/5679 5678/1390/5677
f 5683/1391/5682 5681/1392/5680 5678/1393/5677 5680/1389/5679
f 5684/1387/5683 5682/1311/5681 5615/1239/5614 5616/1238/5615
f 5715/1330/5714 5712/1394/5711 5625/1265/5624 5626/1331/5625
f 5685/1395/5684 5686/1396/5685 5689/1397/5688 5687/1398/5686
f 5700/1382/5699 5696/1399/5695 5620/1262/5619 5621/1400/5620
f 5687/1401/5686 5689/1397/5688 5692/1402/5691 5690/1403/5689
f 5695/1404/5694 5693/1405/5692 5690/1406/5689 5692/1402/5691
f 5696/1399/5695 5694/1318/5693 5619/1407/5618 5620/1307/5619
f 5727/1334/5726 5724/1408/5723 5629/1270/5628 5630/1335/5629
f 5697/1409/5696 5698/1410/5697 5701/1411/5700 5699/1412/5698
f 5712/1394/5711 5708/1413/5707 5624/1266/5623 5625/1265/5624
f 5699/1414/5698 5701/1411/5700 5704/1415/5703 5702/1416/5701
f 5707/1417/5706 5705/1418/5704 5702/1419/5701 5704/1420/5703
f 5708/1413/5707 5706/1323/5705 5623/1315/5622 5624/1266/5623
f 5739/1421/5738 5736/1422/5735 5633/1274/5632 5634/1342/5633
f 5709/1423/5708 5710/1424/5709 5713/1425/5712 5711/1426/5710
f 5724/1408/5723 5720/1427/5719 5628/1271/5627 5629/1270/5628
f 5711/1428/5710 5713/1429/5712 5716/1430/5715 5714/1431/5713
f 5719/1432/5718 5717/1433/5716 5714/1434/5713 5716/1435/5715
f 5720/1427/5719 5718/1329/5717 5627/1321/5626 5628/1271/5627
f 5751/1345/5750 5748/1436/5747 5637/1278/5636 5638/1346/5637
f 5721/1437/5720 5722/1438/5721 5725/1439/5724 5723/1440/5722
f 5736/1422/5735 5732/1441/5731 5632/1275/5631 5633/1274/5632
f 5723/1442/5722 5725/1439/5724 5728/1443/5727 5726/1444/5725
f 5731/1445/5730 5729/1446/5728 5726/1447/5725 5728/1443/5727
f 5732/1441/5731 5730/1333/5729 5631/1326/5630 5632/1275/5631
f 5763/1448/5762 5760/1449/5759 5641/1282/5640 5642/1353/5641
f 5733/1450/5732 5734/1451/5733 5737/1452/5736 5735/1453/5734
f 5748/1436/5747 5744/1454/5743 5636/1279/5635 5637/1278/5636
f 5735/1455/5734 5737/1452/5736 5740/1456/5739 5738/1457/5737
f 5743/1458/5742 5741/1459/5740 5738/1460/5737 5740/1456/5739
f 5744/1454/5743 5742/1337/5741 5635/1332/5634 5636/1279/5635
f 5775/1461/5774 5772/1462/5771 5645/1463/5644 5646/1356/5645
f 5745/1464/5744 5746/1465/5745 5749/1466/5748 5747/1467/5746
f 5760/1468/5759 5756/1469/5755 5640/1283/5639 5641/1282/5640
f 5747/1470/5746 5749/1466/5748 5752/1471/5751 5750/1472/5749
f 5755/1473/5754 5753/1474/5752 5750/1475/5749 5752/1471/5751
f 5756/1476/5755 5754/1344/5753 5639/1336/5638 5640/1283/5639
f 5787/1363/5786 5784/1477/5783 5649/1292/5648 5650/1364/5649
f 5757/1478/5756 5758/1479/5757 5761/1480/5760 5759/1481/5758
f 5772/1462/5771 5768/1482/5767 5644/1287/5643 5645/1286/5644
f 5759/1483/5758 5761/1480/5760 5764/1484/5763 5762/1485/5761
f 5767/1486/5766 5765/1487/5764 5762/1488/5761 5764/1484/5763
f 5768/1482/5767 5766/1348/5765 5643/1341/5642 5644/1340/5643
f 5799/1371/5798 5796/1489/5795 5653/1296/5652 5654/1372/5653
f 5769/1490/5768 5770/1491/5769 5773/1492/5772 5771/1493/5770
f 5784/1477/5783 5780/1494/5779 5648/1293/5647 5649/1292/5648
f 5771/1495/5770 5773/1492/5772 5776/1496/5775 5774/1497/5773
f 5779/1498/5778 5777/1499/5776 5774/1500/5773 5776/1496/5775
f 5780/1494/5779 5778/1354/5777 5647/1347/5646 5648/1293/5647
f 5663/1501/5662 5665/1502/5664 5668/1503/5667 5666/1504/5665
f 5781/1505/5780 5782/1506/5781 5785/1507/5784 5783/1508/5782
f 5796/1489/5795 5792/1509/5791 5652/1297/5651 5653/1296/5652
f 5783/1510/5782 5785/1511/5784 5788/1512/5787 5786/1513/5785
f 5791/1514/5790 5789/1515/5788 5786/1516/5785 5788/1517/5787
f 5810/1518/5809 5809/1519/5808 5813/1520/5812 5814/1521/5813
f 5792/1509/5791 5790/1362/5789 5651/1352/5650 5652/1297/5651
f 5793/1522/5792 5794/1523/5793 5797/1524/5796 5795/1525/5794
f 5659/1526/5658 5806/1527/5805 5805/1373/5804 5657/1252/5656
f 5795/1528/5794 5797/1524/5796 5800/1529/5799 5798/1530/5797
f 5805/1373/5804 5806/1527/5805 5803/1378/5802 5802/1370/5801
f 5808/3/5807 5810/1518/5809 5814/1521/5813 5812/4/5811
f 5805/1373/5804 5802/1370/5801 5655/1357/5654 5656/1295/5655
f 6006/1531/6004 6005/1532/6003 6002/1533/6000 6001/1534/5999
f 5661/1535/5660 5662/1536/5661 5665/1537/5664 5663/1538/5662
f 5813/1520/5812 5811/1539/5810 5815/1540/5814 5817/1541/5816
f 5676/1374/5675 5672/1379/5671 5612/1255/5611 5613/1254/5612
f 5658/1542/5657 6007/1543/6005 5804/1544/5803
f 5671/1359/5670 5669/1545/5668 5666/1546/5665 5668/1503/5667
f 5806/1527/5805 5659/1526/5658 5658/1542/5657 5804/1544/5803
f 5677/1385/5676 5676/1374/5675 5679/1312/5678 5680/1389/5679
f 5701/1411/5700 5700/1382/5699 5703/1324/5702 5704/1420/5703
f 5661/1305/5660 6007/1543/6005 5658/1302/5657
f 5671/1359/5670 5670/1358/5669 5672/1379/5671 5674/1384/5673
f 5713/1429/5712 5712/1394/5711 5715/1330/5714 5716/1430/5715
f 5686/1396/5685 5684/1387/5683 5688/1245/5687 5689/1397/5688
f 5685/1547/5684 6007/1543/6005 5681/1548/5680
f 5683/1391/5682 5682/1311/5681 5684/1387/5683 5686/1396/5685
f 5725/1439/5724 5724/1408/5723 5727/1334/5726 5728/1443/5727
f 5698/1410/5697 5696/1399/5695 5700/1382/5699 5701/1411/5700
f 5697/1549/5696 6007/1543/6005 5693/1550/5692
f 5695/1551/5694 5694/1552/5693 5696/1399/5695 5698/1410/5697
f 5737/1452/5736 5736/1422/5735 5739/1421/5738 5740/1456/5739
f 5710/1424/5709 5708/1413/5707 5712/1394/5711 5713/1425/5712
f 5709/1553/5708 6007/1543/6005 5705/1554/5704
f 5707/1555/5706 5706/1323/5705 5708/1413/5707 5710/1556/5709
f 5749/1466/5748 5748/1436/5747 5751/1345/5750 5752/1471/5751
f 5722/1438/5721 5720/1427/5719 5724/1408/5723 5725/1439/5724
f 5721/1557/5720 6007/1543/6005 5717/1558/5716
f 5719/1559/5718 5718/1329/5717 5720/1427/5719 5722/1560/5721
f 5761/1480/5760 5760/1449/5759 5763/1448/5762 5764/1484/5763
f 5734/1451/5733 5732/1441/5731 5736/1422/5735 5737/1452/5736
f 5733/1561/5732 6007/1543/6005 5729/1562/5728
f 5731/1445/5730 5730/1333/5729 5732/1441/5731 5734/1451/5733
f 5773/1492/5772 5772/1462/5771 5775/1461/5774 5776/1496/5775
f 5746/1465/5745 5744/1454/5743 5748/1436/5747 5749/1466/5748
f 5745/1563/5744 6007/1543/6005 5741/1564/5740
f 5743/1458/5742 5742/1337/5741 5744/1454/5743 5746/1465/5745
f 5785/1511/5784 5784/1477/5783 5787/1363/5786 5788/1512/5787
f 5758/1479/5757 5756/1469/5755 5760/1468/5759 5761/1480/5760
f 5757/1565/5756 6007/1543/6005 5753/1566/5752
f 5755/1473/5754 5754/1344/5753 5756/1476/5755 5758/1479/5757
f 5797/1524/5796 5796/1489/5795 5799/1371/5798 5800/1529/5799
f 5770/1491/5769 5768/1482/5767 5772/1462/5771 5773/1492/5772
f 5769/1567/5768 6007/1543/6005 5765/1568/5764
f 5767/1486/5766 5766/1348/5765 5768/1482/5767 5770/1491/5769
f 5669/1545/5668 6007/1543/6005 5666/1546/5665
f 5782/1506/5781 5780/1494/5779 5784/1477/5783 5785/1507/5784
f 5781/1569/5780 6007/1543/6005 5777/1570/5776
f 5779/1571/5778 5778/1354/5777 5780/1494/5779 5782/1572/5781
f 5681/1392/5680 6007/1543/6005 5678/1393/5677
f 5794/1523/5793 5792/1509/5791 5796/1489/5795 5797/1524/5796
f 5793/1573/5792 6007/1543/6005 5789/1574/5788
f 5791/1575/5790 5790/1362/5789 5792/1509/5791 5794/1576/5793
f 5693/1405/5692 6007/1543/6005 5690/1406/5689
f 5802/1370/5801 5803/1378/5802 5800/1529/5799 5799/1371/5798
f 5804/1376/5803 6007/1543/6005 5801/1377/5800
f 5674/1384/5673 5672/1379/5671 5676/1374/5675 5677/1385/5676
f 5809/1519/5808 5810/1577/5809 6005/1532/6003 6006/1531/6004
f 5662/1536/5661 5660/1251/5659 5664/1300/5663 5665/1537/5664
f 5669/1578/5668 5671/1359/5670 5674/1384/5673 5673/1579/5672
f 5705/1418/5704 6007/1543/6005 5702/1419/5701
f 5673/1579/5672 6007/1543/6005 5669/1578/5668
f 5682/1311/5681 5683/1391/5682 5680/1389/5679 5679/1312/5678
f 5717/1433/5716 6007/1543/6005 5714/1434/5713
f 5694/1552/5693 5695/1551/5694 5692/1402/5691 5691/1244/5690
f 5729/1446/5728 6007/1543/6005 5726/1447/5725
f 5706/1323/5705 5707/1555/5706 5704/1420/5703 5703/1324/5702
f 5741/1459/5740 6007/1543/6005 5738/1460/5737
f 5718/1329/5717 5719/1432/5718 5716/1435/5715 5715/1330/5714
f 5753/1474/5752 6007/1543/6005 5750/1475/5749
f 5730/1333/5729 5731/1445/5730 5728/1443/5727 5727/1334/5726
f 5765/1487/5764 6007/1543/6005 5762/1488/5761
f 5742/1337/5741 5743/1458/5742 5740/1456/5739 5739/1338/5738
f 5777/1499/5776 6007/1543/6005 5774/1500/5773
f 5754/1344/5753 5755/1473/5754 5752/1471/5751 5751/1345/5750
f 5789/1515/5788 6007/1543/6005 5786/1516/5785
f 5766/1348/5765 5767/1486/5766 5764/1484/5763 5763/1349/5762
f 5801/1580/5800 6007/1543/6005 5798/1581/5797
f 5778/1354/5777 5779/1498/5778 5776/1496/5775 5775/1461/5774
f 5790/1362/5789 5791/1514/5790 5788/1517/5787 5787/1363/5786
f 6005/1532/6003 6003/179/6001 6000/173/5998 6002/1533/6000
f 5665/1502/5664 5664/1300/5663 5667/1299/5666 5668/1503/5667
f 5675/1386/5674 6007/1543/6005 5673/1383/5672
f 5687/1398/5686 6007/1543/6005 5685/1395/5684
f 5699/1412/5698 6007/1543/6005 5697/1409/5696
f 5711/1426/5710 6007/1543/6005 5709/1423/5708
f 5723/1440/5722 6007/1543/6005 5721/1437/5720
f 5735/1453/5734 6007/1543/6005 5733/1450/5732
f 5747/1467/5746 6007/1543/6005 5745/1464/5744
f 5759/1481/5758 6007/1543/6005 5757/1478/5756
f 5771/1493/5770 6007/1543/6005 5769/1490/5768
f 5783/1508/5782 6007/1543/6005 5781/1505/5780
f 5795/1525/5794 6007/1543/6005 5793/1522/5792
f 5807/1367/5806 5809/1519/5808 6006/1531/6004 6004/1365/6002
f 5666/1504/5665 6007/1543/6005 5663/1501/5662
f 5678/1390/5677 6007/1543/6005 5675/1388/5674
f 5690/1403/5689 6007/1543/6005 5687/1401/5686
f 5702/1416/5701 6007/1543/6005 5699/1414/5698
f 5714/1431/5713 6007/1543/6005 5711/1428/5710
f 5726/1444/5725 6007/1543/6005 5723/1442/5722
f 5738/1457/5737 6007/1543/6005 5735/1455/5734
f 5750/1472/5749 6007/1543/6005 5747/1470/5746
f 5762/1485/5761 6007/1543/6005 5759/1483/5758
f 5774/1497/5773 6007/1543/6005 5771/1495/5770
f 5786/1513/5785 6007/1543/6005 5783/1510/5782
f 5839/1582/5838 5841/1583/5840 5837/1584/5836 5835/1585/5834
f 5798/1530/5797 6007/1543/6005 5795/1528/5794
f 5833/1586/5832 5831/1587/5830 5835/1588/5834 5837/1584/5836
f 5663/1538/5662 6007/1543/6005 5661/1535/5660
f 5681/1548/5680 5683/1391/5682 5686/1396/5685 5685/1547/5684
f 5693/1550/5692 5695/1404/5694 5698/1410/5697 5697/1549/5696
f 5705/1554/5704 5707/1555/5706 5710/1556/5709 5709/1553/5708
f 5717/1558/5716 5719/1559/5718 5722/1560/5721 5721/1557/5720
f 5729/1562/5728 5731/1445/5730 5734/1451/5733 5733/1561/5732
f 5741/1564/5740 5743/1458/5742 5746/1465/5745 5745/1563/5744
f 5753/1566/5752 5755/1473/5754 5758/1479/5757 5757/1565/5756
f 5765/1568/5764 5767/1486/5766 5770/1491/5769 5769/1567/5768
f 5777/1570/5776 5779/1571/5778 5782/1572/5781 5781/1569/5780
f 5789/1574/5788 5791/1575/5790 5794/1523/5793 5793/1573/5792
f 5803/1378/5802 5801/1580/5800 5798/1581/5797 5800/1529/5799
f 5689/1397/5688 5688/1245/5687 5691/1244/5690 5692/1402/5691
f 6005/1532/6003 5810/1577/5809 5808/3/5807 6003/179/6001
f 5809/1519/5808 5807/1589/5806 5811/1590/5810 5813/1520/5812
f 5823/1591/5822 6008/1366/6006 5827/1592/5826
f 5814/1593/5813 5813/1520/5812 5817/1541/5816 5818/1594/5817
f 5849/1595/5848 5847/1596/5846 5851/1597/5850 5853/1598/5852
f 5817/1541/5816 5815/1599/5814 5819/1600/5818 5821/1601/5820
f 5826/160/5825 5830/163/5829 5828/20/5827 5824/18/5823
f 5825/161/5824 5823/1591/5822 5827/1592/5826 5829/162/5828
f 5841/1583/5840 5842/1602/5841 5838/1603/5837 5837/1584/5836
f 5826/1604/5825 5824/18/5823 5820/13/5819 5822/1605/5821
f 5842/1602/5841 5841/1583/5840 5845/1606/5844 5846/1607/5845
f 5842/1602/5841 5846/1607/5845 5844/34/5843 5840/32/5839
f 5841/1583/5840 5839/1608/5838 5843/1609/5842 5845/1606/5844
f 5857/1610/5856 5858/1611/5857 5854/1612/5853 5853/1598/5852
f 5842/1602/5841 5840/32/5839 5836/27/5835 5838/1603/5837
f 5858/1611/5857 5857/1610/5856 5861/1613/5860 5862/1614/5861
f 5858/1615/5857 5862/1614/5861 5860/49/5859 5856/1616/5855
f 5857/1610/5856 5855/1617/5854 5859/1618/5858 5861/1613/5860
f 5873/1619/5872 5874/1620/5873 5870/1621/5869 5869/1622/5868
f 5858/1615/5857 5856/1616/5855 5852/41/5851 5854/1612/5853
f 5874/1623/5873 5873/1619/5872 5877/1624/5876 5878/1625/5877
f 5874/1620/5873 5878/1625/5877 5876/63/5875 5872/61/5871
f 5873/1619/5872 5871/1626/5870 5875/1627/5874 5877/1624/5876
f 5889/1628/5888 5890/1629/5889 5886/1630/5885 5885/1631/5884
f 5874/1620/5873 5872/61/5871 5868/56/5867 5870/1621/5869
f 5890/1629/5889 5889/1628/5888 5893/1632/5892 5894/1633/5893
f 5890/1629/5889 5894/1633/5893 5892/77/5891 5888/75/5887
f 5889/1628/5888 5887/1634/5886 5891/1635/5890 5893/1632/5892
f 5905/1636/5904 5906/1637/5905 5902/1638/5901 5901/1639/5900
f 5890/1629/5889 5888/75/5887 5884/70/5883 5886/1630/5885
f 5906/1637/5905 5905/1636/5904 5909/1640/5908 5910/1641/5909
f 5906/1637/5905 5910/1641/5909 5908/1642/5907 5904/89/5903
f 5905/1636/5904 5903/1643/5902 5907/1644/5906 5909/1640/5908
f 5921/1645/5920 5922/1646/5921 5918/1647/5917 5917/1648/5916
f 5906/1637/5905 5904/89/5903 5900/84/5899 5902/1638/5901
f 5922/1646/5921 5921/1645/5920 5925/1649/5924 5926/1650/5925
f 5922/1646/5921 5926/1650/5925 5924/105/5923 5920/103/5919
f 5921/1645/5920 5919/1651/5918 5923/1652/5922 5925/1649/5924
f 5937/1653/5936 5938/1654/5937 5934/1655/5933 5933/1656/5932
f 5922/1646/5921 5920/103/5919 5916/98/5915 5918/1647/5917
f 5938/1654/5937 5937/1653/5936 5941/1657/5940 5942/1658/5941
f 5938/1654/5937 5942/1658/5941 5940/119/5939 5936/117/5935
f 5937/1653/5936 5935/1659/5934 5939/1660/5938 5941/1657/5940
f 5953/1661/5952 5954/1662/5953 5950/1663/5949 5949/1664/5948
f 5938/1654/5937 5936/117/5935 5932/112/5931 5934/1655/5933
f 5954/1662/5953 5953/1661/5952 5957/1665/5956 5958/1666/5957
f 5954/1662/5953 5958/1666/5957 5956/133/5955 5952/131/5951
f 5953/1661/5952 5951/1667/5950 5955/1668/5954 5957/1665/5956
f 5969/1669/5968 5970/1670/5969 5966/1671/5965 5965/1672/5964
f 5954/1662/5953 5952/131/5951 5948/126/5947 5950/1663/5949
f 5970/1670/5969 5969/1669/5968 5973/1673/5972 5974/1674/5973
f 5970/1670/5969 5974/1674/5973 5972/147/5971 5968/145/5967
f 5969/1669/5968 5967/1675/5966 5971/1676/5970 5973/1673/5972
f 5985/1677/5984 5986/1678/5985 5982/1679/5981 5981/1680/5980
f 5970/1670/5969 5968/145/5967 5964/140/5963 5966/1671/5965
f 5986/1678/5985 5985/1677/5984 5989/1681/5987 5990/1682/5988
f 5986/1678/5985 5990/1682/5988 5988/165/5986 5984/159/5983
f 5985/1677/5984 5983/1683/5982 5987/1684/2983 5989/1681/5987
f 5986/1678/5985 5984/159/5983 5980/154/5979 5982/1679/5981
f 6001/1534/5999 6002/1533/6000 5998/1685/5996 5997/1686/5995
f 5847/1596/5846 6008/1366/6006 5851/1597/5850
f 5827/1687/5826 6008/1366/6006 5831/1688/5830
f 6002/1533/6000 6000/173/5998 5996/172/5994 5998/1685/5996
f 5807/1589/5806 6008/1366/6006 5811/1590/5810
f 6004/1689/6002 6006/1531/6004 6001/1534/5999 5999/1690/5997
f 5812/4/5811 5814/1593/5813 5818/1691/5817 5816/1692/5815
f 5825/161/5824 5826/1604/5825 5822/1605/5821 5821/1601/5820
f 5829/162/5828 5827/1687/5826 5831/1688/5830 5833/1586/5832
f 5845/1606/5844 5843/1368/5842 5847/1369/5846 5849/1595/5848
f 5830/163/5829 5829/162/5828 5833/1586/5832 5834/1693/5833
f 5828/20/5827 5830/163/5829 5834/1693/5833 5832/24/5831
f 5839/1608/5838 6008/1366/6006 5843/1609/5842
f 5855/1694/5854 5857/1610/5856 5853/1598/5852 5851/1695/5850
f 5861/1613/5860 5859/1696/5858 5863/1697/5862 5865/1698/5864
f 5846/1607/5845 5845/1606/5844 5849/1595/5848 5850/1699/5849
f 5844/34/5843 5846/1607/5845 5850/1699/5849 5848/38/5847
f 5855/1617/5854 6008/1366/6006 5859/1618/5858
f 5871/1700/5870 5873/1619/5872 5869/1622/5868 5867/1701/5866
f 5877/1624/5876 5875/1702/5874 5879/1703/5878 5881/1704/5880
f 5862/1614/5861 5861/1613/5860 5865/1698/5864 5866/1705/5865
f 5860/49/5859 5862/1706/5861 5866/1705/5865 5864/53/5863
f 5871/1626/5870 6008/1366/6006 5875/1627/5874
f 5887/1707/5886 5889/1628/5888 5885/1631/5884 5883/1708/5882
f 5893/1632/5892 5891/1709/5890 5895/1710/5894 5897/1711/5896
f 5878/1625/5877 5877/1624/5876 5881/1704/5880 5882/1712/5881
f 5876/63/5875 5878/1625/5877 5882/1712/5881 5880/67/5879
f 5887/1634/5886 6008/1366/6006 5891/1635/5890
f 5903/1713/5902 5905/1636/5904 5901/1639/5900 5899/1714/5898
f 5909/1640/5908 5907/1715/5906 5911/1716/5910 5913/1717/5912
f 5894/1633/5893 5893/1632/5892 5897/1711/5896 5898/1718/5897
f 5892/77/5891 5894/1633/5893 5898/1718/5897 5896/81/5895
f 5903/1643/5902 6008/1366/6006 5907/1644/5906
f 5919/1719/5918 5921/1645/5920 5917/1648/5916 5915/1720/5914
f 5925/1649/5924 5923/1721/5922 5927/1722/5926 5929/1723/5928
f 5910/1641/5909 5909/1640/5908 5913/1717/5912 5914/1724/5913
f 5908/1642/5907 5910/1641/5909 5914/1724/5913 5912/95/5911
f 5919/1651/5918 6008/1366/6006 5923/1652/5922
f 5935/1725/5934 5937/1653/5936 5933/1656/5932 5931/1726/5930
f 5941/1657/5940 5939/1727/5938 5943/1728/5942 5945/1729/5944
f 5926/1650/5925 5925/1649/5924 5929/1723/5928 5930/1730/5929
f 5924/105/5923 5926/1650/5925 5930/1730/5929 5928/109/5927
f 5935/1659/5934 6008/1366/6006 5939/1660/5938
f 5951/1731/5950 5953/1661/5952 5949/1664/5948 5947/1732/5946
f 5957/1665/5956 5955/1733/5954 5959/1734/5958 5961/1735/5960
f 5942/1658/5941 5941/1657/5940 5945/1729/5944 5946/1736/5945
f 5940/119/5939 5942/1658/5941 5946/1736/5945 5944/123/5943
f 5951/1667/5950 6008/1366/6006 5955/1668/5954
f 5967/1737/5966 5969/1669/5968 5965/1672/5964 5963/1738/5962
f 5973/1673/5972 5971/1739/5970 5975/1740/5974 5977/1741/5976
f 5958/1666/5957 5957/1665/5956 5961/1735/5960 5962/1742/5961
f 5956/133/5955 5958/1743/5957 5962/1742/5961 5960/137/5959
f 5967/1675/5966 6008/1366/6006 5971/1676/5970
f 5983/1744/5982 5985/1677/5984 5981/1680/5980 5979/1745/5978
f 5989/1681/5987 5987/1746/2983 5991/1747/5989 5993/1748/5991
f 5974/1674/5973 5973/1673/5972 5977/1741/5976 5978/1749/5977
f 5972/147/5971 5974/1674/5973 5978/1749/5977 5976/151/5975
f 5983/1683/5982 6008/1366/6006 5987/1684/2983
f 5999/1690/5997 6008/1366/6006 6004/1689/6002
f 5999/1750/5997 6001/1534/5999 5997/1686/5995 5995/1751/5993
f 5990/1682/5988 5989/1681/5987 5993/1748/5991 5994/1752/5992
f 5988/165/5986 5990/1682/5988 5994/1752/5992 5992/169/5990
f 5816/1692/5815 5818/1753/5817 5822/1754/5821 5820/13/5819
f 5832/24/5831 5834/1693/5833 5838/1603/5837 5836/27/5835
f 5859/1696/5858 6008/1366/6006 5863/1697/5862
f 5848/38/5847 5850/1699/5849 5854/1612/5853 5852/41/5851
f 5875/1702/5874 6008/1366/6006 5879/1703/5878
f 5864/53/5863 5866/1755/5865 5870/1756/5869 5868/56/5867
f 5891/1709/5890 6008/1366/6006 5895/1710/5894
f 5880/67/5879 5882/1712/5881 5886/1630/5885 5884/70/5883
f 5907/1715/5906 6008/1366/6006 5911/1716/5910
f 5896/81/5895 5898/1718/5897 5902/1638/5901 5900/84/5899
f 5923/1721/5922 6008/1366/6006 5927/1722/5926
f 5912/95/5911 5914/1724/5913 5918/1647/5917 5916/98/5915
f 5939/1727/5938 6008/1366/6006 5943/1728/5942
f 5928/109/5927 5930/1730/5929 5934/1655/5933 5932/112/5931
f 5955/1733/5954 6008/1366/6006 5959/1734/5958
f 5944/123/5943 5946/1736/5945 5950/1663/5949 5948/126/5947
f 5971/1739/5970 6008/1366/6006 5975/1740/5974
f 5960/137/5959 5962/1757/5961 5966/1671/5965 5964/140/5963
f 5987/1746/2983 6008/1366/6006 5991/1747/5989
f 5976/151/5975 5978/1749/5977 5982/1679/5981 5980/154/5979
f 5815/1599/5814 6008/1366/6006 5819/1600/5818
f 5992/169/5990 5994/1752/5992 5998/1685/5996 5996/172/5994
f 5831/1587/5830 6008/1366/6006 5835/1588/5834
f 4612/15/4611 4611/198/4610 4561/11/4560 4562/16/4561
f 5863/1758/5862 6008/1366/6006 5867/1759/5866
f 5879/1760/5878 6008/1366/6006 5883/1761/5882
f 5895/1762/5894 6008/1366/6006 5899/1763/5898
f 5911/1764/5910 6008/1366/6006 5915/1765/5914
f 5927/1766/5926 6008/1366/6006 5931/1767/5930
f 5943/1768/5942 6008/1366/6006 5947/1769/5946
f 5959/1770/5958 6008/1366/6006 5963/1771/5962
f 5975/1772/5974 6008/1366/6006 5979/1773/5978
f 5991/1774/5989 6008/1366/6006 5995/1775/5993
f 5819/1776/5818 6008/1366/6006 5823/1777/5822
f 4616/29/4615 4615/206/4614 4565/25/4564 4566/30/4565
f 4606/184/4605 4557/182/4556 4607/181/4606 4656/238/4655
f 5811/1539/5810 6008/1366/6006 5815/1540/5814
f 6003/179/6001 5808/3/5807 4507/2/4506 4556/178/4555
f 5823/1777/5822 5825/161/5824 5821/1601/5820 5819/1776/5818
f 5994/1752/5992 5993/1748/5991 5997/1686/5995 5998/1685/5996
f 5995/1751/5993 6008/1366/6006 5999/1750/5997
f 5978/1749/5977 5977/1741/5976 5981/1680/5980 5982/1679/5981
f 5979/1745/5978 6008/1366/6006 5983/1744/5982
f 5962/1757/5961 5961/1735/5960 5965/1672/5964 5966/1671/5965
f 5993/1748/5991 5991/1774/5989 5995/1775/5993 5997/1686/5995
f 5963/1738/5962 6008/1366/6006 5967/1737/5966
f 5946/1736/5945 5945/1729/5944 5949/1664/5948 5950/1663/5949
f 5977/1741/5976 5975/1772/5974 5979/1773/5978 5981/1680/5980
f 5947/1732/5946 6008/1366/6006 5951/1731/5950
f 5930/1730/5929 5929/1723/5928 5933/1656/5932 5934/1655/5933
f 5961/1735/5960 5959/1770/5958 5963/1771/5962 5965/1672/5964
f 5931/1726/5930 6008/1366/6006 5935/1725/5934
f 5914/1778/5913 5913/1717/5912 5917/1648/5916 5918/1647/5917
f 5945/1729/5944 5943/1768/5942 5947/1769/5946 5949/1664/5948
f 5915/1720/5914 6008/1366/6006 5919/1719/5918
f 5898/1718/5897 5897/1711/5896 5901/1639/5900 5902/1638/5901
f 5929/1723/5928 5927/1766/5926 5931/1767/5930 5933/1656/5932
f 5899/1714/5898 6008/1366/6006 5903/1713/5902
f 5882/1712/5881 5881/1704/5880 5885/1631/5884 5886/1630/5885
f 5913/1717/5912 5911/1764/5910 5915/1765/5914 5917/1648/5916
f 5883/1708/5882 6008/1366/6006 5887/1707/5886
f 5866/1755/5865 5865/1698/5864 5869/1622/5868 5870/1756/5869
f 5897/1711/5896 5895/1762/5894 5899/1763/5898 5901/1639/5900
f 5867/1701/5866 6008/1366/6006 5871/1700/5870
f 5850/1699/5849 5849/1595/5848 5853/1598/5852 5854/1612/5853
f 5881/1704/5880 5879/1760/5878 5883/1761/5882 5885/1631/5884
f 5851/1695/5850 6008/1366/6006 5855/1694/5854
f 5834/1693/5833 5833/1586/5832 5837/1584/5836 5838/1603/5837
f 5865/1698/5864 5863/1758/5862 5867/1759/5866 5869/1622/5868
f 5835/1585/5834 6008/1366/6006 5839/1582/5838
f 5818/1753/5817 5817/1541/5816 5821/1601/5820 5822/1754/5821
f 4609/201/4608 4608/180/4607 4558/183/4557 4559/202/4558
o Circle.001
v -0.789551 2.753567 -3.453110
v -0.789551 2.705417 -2.827394
v -0.789551 2.719887 -3.448947
v -0.789551 2.710200 -3.439263
v -0.976434 2.705417 -2.819234
v -1.030968 2.753567 -3.442569
v -1.029762 2.710200 -3.428775
v -1.030606 2.719887 -3.438422
v -1.161894 2.705417 -2.794818
v -1.270548 2.753567 -3.411028
v -1.268144 2.710200 -3.397392
v -1.269825 2.719887 -3.406928
v -1.344521 2.705417 -2.754331
v -1.506468 2.753567 -3.358726
v -1.502884 2.710200 -3.345351
v -1.505390 2.719887 -3.354705
v -1.522923 2.705417 -2.698081
v -1.736931 2.753567 -3.286061
v -1.732195 2.710200 -3.273050
v -1.735507 2.719887 -3.282149
v -1.695745 2.705417 -2.626496
v -1.960184 2.753567 -3.193587
v -1.954332 2.710200 -3.181038
v -1.958424 2.719887 -3.189814
v -1.861669 2.705417 -2.540121
v -2.174527 2.753567 -3.082006
v -2.167603 2.710200 -3.070015
v -2.172446 2.719887 -3.078401
v -2.019434 2.705417 -2.439613
v -2.378330 2.753567 -2.952169
v -2.370389 2.710200 -2.940827
v -2.375943 2.719887 -2.948760
v -2.167840 2.705417 -2.325738
v -2.570042 2.753567 -2.805064
v -2.561142 2.710200 -2.794457
v -2.567366 2.719887 -2.801875
v -2.305755 2.705417 -2.199362
v -2.748203 2.753567 -2.641809
v -2.738412 2.710200 -2.632019
v -2.745259 2.719887 -2.638866
v -2.432131 2.705417 -2.061447
v -2.911457 2.753567 -2.463649
v -2.900850 2.710200 -2.454749
v -2.908268 2.719887 -2.460973
v -2.546007 2.705417 -1.913041
v -3.058563 2.753567 -2.271937
v -3.047220 2.710200 -2.263995
v -3.055153 2.719887 -2.269549
v -2.646514 2.705417 -1.755275
v -3.188400 2.753567 -2.068134
v -3.176409 2.710200 -2.061210
v -3.184795 2.719887 -2.066052
v -2.732889 2.705417 -1.589351
v -3.299980 2.753567 -1.853790
v -3.287431 2.710200 -1.847938
v -3.296207 2.719887 -1.852031
v -2.804474 2.705417 -1.416530
v -3.392454 2.753567 -1.630537
v -3.379443 2.710200 -1.625802
v -3.388543 2.719887 -1.629113
v -2.860724 2.705417 -1.238127
v -3.465119 2.753567 -1.400074
v -3.451745 2.710200 -1.396491
v -3.461098 2.719887 -1.398997
v -2.901212 2.705417 -1.055501
v -3.517421 2.753567 -1.164155
v -3.503785 2.710200 -1.161751
v -3.513322 2.719887 -1.163432
v -2.925628 2.705417 -0.870041
v -3.548962 2.753567 -0.924575
v -3.535169 2.710200 -0.923368
v -3.544815 2.719887 -0.924212
v -2.933787 2.705417 -0.683158
v -3.559503 2.753567 -0.683158
v -3.545657 2.710200 -0.683158
v -3.555340 2.719887 -0.683158
v -2.925628 2.705417 -0.496275
v -3.548963 2.753567 -0.441741
v -3.535169 2.710200 -0.442947
v -3.544816 2.719887 -0.442103
v -2.901212 2.705417 -0.310815
v -3.517421 2.753567 -0.202161
v -3.503785 2.710200 -0.204565
v -3.513322 2.719887 -0.202884
v -2.860724 2.705417 -0.128188
v -3.465119 2.753567 0.033758
v -3.451745 2.710200 0.030175
v -3.461098 2.719887 0.032681
v -2.804474 2.705417 0.050214
v -3.392454 2.753567 0.264221
v -3.379443 2.710200 0.259486
v -3.388543 2.719887 0.262798
v -2.732889 2.705417 0.223035
v -3.299980 2.753567 0.487474
v -3.287431 2.710200 0.481623
v -3.296207 2.719887 0.485715
v -2.646515 2.705417 0.388960
v -3.188400 2.753567 0.701818
v -3.176409 2.710200 0.694894
v -3.184795 2.719887 0.699737
v -2.546007 2.705417 0.546725
v -3.058563 2.753567 0.905621
v -3.047220 2.710200 0.897679
v -3.055153 2.719887 0.903234
v -2.432131 2.705417 0.695131
v -2.911457 2.753567 1.097333
v -2.900850 2.710200 1.088433
v -2.908268 2.719887 1.094657
v -2.305755 2.705417 0.833046
v -2.748203 2.753567 1.275494
v -2.738412 2.710200 1.265703
v -2.745259 2.719887 1.272550
v -2.167840 2.705417 0.959422
v -2.570042 2.753567 1.438748
v -2.561142 2.710200 1.428141
v -2.567366 2.719887 1.435559
v -2.019435 2.705417 1.073298
v -2.378330 2.753567 1.585854
v -2.370389 2.710200 1.574511
v -2.375943 2.719887 1.582444
v -1.861669 2.705417 1.173805
v -2.174527 2.753567 1.715691
v -2.167603 2.710200 1.703699
v -2.172446 2.719887 1.712085
v -1.695745 2.705417 1.260180
v -1.960184 2.753567 1.827271
v -1.954332 2.710200 1.814722
v -1.958424 2.719887 1.823498
v -1.522923 2.705417 1.331765
v -1.736931 2.753567 1.919745
v -1.732195 2.710200 1.906734
v -1.735507 2.719887 1.915833
v -1.344521 2.705417 1.388015
v -1.506468 2.753567 1.992410
v -1.502884 2.710200 1.979035
v -1.505390 2.719887 1.988389
v -1.161894 2.705417 1.428502
v -1.270548 2.753567 2.044712
v -1.268144 2.710200 2.031076
v -1.269825 2.719887 2.040612
v -0.976434 2.705417 1.452919
v -1.030968 2.753567 2.076253
v -1.029762 2.710200 2.062460
v -1.030606 2.719887 2.072106
v -0.789551 2.705417 1.461078
v -0.789551 2.753567 2.086794
v -0.789551 2.710200 2.072948
v -0.789551 2.719887 2.082631
v -0.602669 2.705417 1.452919
v -0.548134 2.753567 2.076253
v -0.549341 2.710200 2.062459
v -0.548497 2.719887 2.072106
v -0.417208 2.705417 1.428502
v -0.308554 2.753567 2.044712
v -0.310959 2.710200 2.031076
v -0.309277 2.719887 2.040612
v -0.234582 2.705417 1.388015
v -0.072635 2.753567 1.992410
v -0.076218 2.710200 1.979035
v -0.073712 2.719887 1.988389
v -0.056179 2.705417 1.331765
v 0.157828 2.753567 1.919745
v 0.153092 2.710200 1.906734
v 0.156404 2.719887 1.915833
v 0.116642 2.705417 1.260180
v 0.381081 2.753567 1.827271
v 0.375229 2.710200 1.814722
v 0.379322 2.719887 1.823498
v 0.282566 2.705417 1.173805
v 0.595425 2.753567 1.715691
v 0.588501 2.710200 1.703699
v 0.593343 2.719887 1.712085
v 0.440332 2.705417 1.073298
v 0.799228 2.753567 1.585854
v 0.791286 2.710200 1.574511
v 0.796840 2.719887 1.582444
v 0.588737 2.705417 0.959422
v 0.990939 2.753567 1.438748
v 0.982039 2.710200 1.428141
v 0.988264 2.719887 1.435559
v 0.726652 2.705417 0.833046
v 1.169100 2.753567 1.275494
v 1.159309 2.710200 1.265703
v 1.166157 2.719887 1.272550
v 0.853028 2.705417 0.695131
v 1.332355 2.753567 1.097333
v 1.321748 2.710200 1.088433
v 1.329166 2.719887 1.094657
v 0.966904 2.705417 0.546726
v 1.479460 2.753567 0.905621
v 1.468118 2.710200 0.897679
v 1.476050 2.719887 0.903234
v 1.067412 2.705417 0.388960
v 1.609297 2.753567 0.701818
v 1.597306 2.710200 0.694894
v 1.605692 2.719887 0.699737
v 1.153786 2.705417 0.223036
v 1.720877 2.753567 0.487474
v 1.708328 2.710200 0.481623
v 1.717105 2.719887 0.485715
v 1.225371 2.705417 0.050214
v 1.813352 2.753567 0.264221
v 1.800341 2.710200 0.259486
v 1.809440 2.719887 0.262798
v 1.281621 2.705417 -0.128189
v 1.886017 2.753567 0.033758
v 1.872642 2.710200 0.030175
v 1.881996 2.719887 0.032681
v 1.322109 2.705417 -0.310815
v 1.938318 2.753567 -0.202161
v 1.924683 2.710200 -0.204565
v 1.934219 2.719887 -0.202884
v 1.346525 2.705417 -0.496275
v 1.969860 2.753567 -0.441741
v 1.956066 2.710200 -0.442947
v 1.965713 2.719887 -0.442103
v 1.354685 2.705417 -0.683158
v 1.980400 2.753567 -0.683158
v 1.966554 2.710200 -0.683158
v 1.976238 2.719887 -0.683158
v 1.346525 2.705417 -0.870040
v 1.969860 2.753567 -0.924575
v 1.956066 2.710200 -0.923368
v 1.965713 2.719887 -0.924212
v 1.322109 2.705417 -1.055501
v 1.938318 2.753567 -1.164155
v 1.924683 2.710200 -1.161751
v 1.934219 2.719887 -1.163432
v 1.281622 2.705417 -1.238127
v 1.886017 2.753567 -1.400074
v 1.872642 2.710200 -1.396491
v 1.881996 2.719887 -1.398997
v 1.225371 2.705417 -1.416530
v 1.813352 2.753567 -1.630537
v 1.800341 2.710200 -1.625802
v 1.809440 2.719887 -1.629113
v 1.153787 2.705417 -1.589351
v 1.720878 2.753567 -1.853790
v 1.708328 2.710200 -1.847939
v 1.717105 2.719887 -1.852031
v 1.067412 2.705417 -1.755275
v 1.609297 2.753567 -2.068134
v 1.597306 2.710200 -2.061210
v 1.605692 2.719887 -2.066052
v 0.966904 2.705417 -1.913041
v 1.479460 2.753567 -2.271937
v 1.468118 2.710200 -2.263995
v 1.476050 2.719887 -2.269549
v 0.853029 2.705417 -2.061446
v 1.332355 2.753567 -2.463649
v 1.321748 2.710200 -2.454749
v 1.329166 2.719887 -2.460973
v 0.726653 2.705417 -2.199362
v 1.169100 2.753567 -2.641809
v 1.159310 2.710200 -2.632019
v 1.166157 2.719887 -2.638866
v 0.588738 2.705417 -2.325737
v 0.990939 2.753567 -2.805064
v 0.982039 2.710200 -2.794457
v 0.988264 2.719887 -2.801875
v 0.440332 2.705417 -2.439613
v 0.799228 2.753567 -2.952169
v 0.791286 2.710200 -2.940827
v 0.796840 2.719887 -2.948760
v 0.282566 2.705417 -2.540121
v 0.595425 2.753567 -3.082006
v 0.588501 2.710200 -3.070015
v 0.593343 2.719887 -3.078401
v 0.116642 2.705417 -2.626495
v 0.381081 2.753567 -3.193587
v 0.375229 2.710200 -3.181038
v 0.379322 2.719887 -3.189814
v -0.056179 2.705417 -2.698081
v 0.157828 2.753567 -3.286061
v 0.153092 2.710200 -3.273050
v 0.156404 2.719887 -3.282149
v -0.234582 2.705417 -2.754331
v -0.072635 2.753567 -3.358726
v -0.076219 2.710200 -3.345351
v -0.073712 2.719887 -3.354705
v -0.417208 2.705417 -2.794818
v -0.308554 2.753567 -3.411028
v -0.310958 2.710200 -3.397392
v -0.309277 2.719887 -3.406928
v -0.602669 2.705417 -2.819234
v -0.548134 2.753567 -3.442569
v -0.549341 2.710200 -3.428776
v -0.548497 2.719887 -3.438422
v -0.789551 2.917181 -2.808637
v -0.789551 2.852503 -3.451409
v -0.789551 2.899981 -3.436534
v -1.030820 2.852503 -3.440875
v -0.974799 2.917181 -2.800549
v -1.029524 2.899981 -3.426057
v -1.270253 2.852503 -3.409353
v -1.158637 2.917181 -2.776346
v -1.267670 2.899981 -3.394704
v -1.506027 2.852503 -3.357083
v -1.339666 2.917181 -2.736213
v -1.502177 2.899981 -3.342715
v -1.736349 2.852503 -3.284463
v -1.516508 2.917181 -2.680455
v -1.731261 2.899981 -3.270485
v -1.959465 2.852503 -3.192045
v -1.687818 2.917181 -2.609496
v -1.953178 2.899981 -3.178564
v -2.173677 2.852503 -3.080534
v -1.852291 2.917181 -2.523876
v -2.166240 2.899981 -3.067652
v -2.377355 2.852503 -2.950776
v -2.008676 2.917181 -2.424248
v -2.368823 2.899981 -2.938592
v -2.568949 2.852503 -2.803761
v -2.155783 2.917181 -2.311369
v -2.559387 2.899981 -2.792366
v -2.747000 2.852503 -2.640607
v -2.292492 2.917181 -2.186098
v -2.736482 2.899981 -2.630089
v -2.910155 2.852503 -2.462555
v -2.417763 2.917181 -2.049390
v -2.898760 2.899981 -2.452994
v -3.057170 2.852503 -2.270962
v -2.530642 2.917181 -1.902282
v -3.044985 2.899981 -2.262430
v -3.186927 2.852503 -2.067284
v -2.630270 2.917181 -1.745898
v -3.174045 2.899981 -2.059846
v -3.298439 2.852503 -1.853071
v -2.715889 2.917181 -1.581424
v -3.284957 2.899981 -1.846785
v -3.390856 2.852503 -1.629956
v -2.786849 2.917181 -1.410114
v -3.376878 2.899981 -1.624868
v -3.463476 2.852503 -1.399634
v -2.842606 2.917181 -1.233272
v -3.449108 2.899981 -1.395784
v -3.515746 2.852503 -1.163860
v -2.882740 2.917181 -1.052243
v -3.501097 2.899981 -1.161277
v -3.547268 2.852503 -0.924427
v -2.906942 2.917181 -0.868405
v -3.532450 2.899981 -0.923130
v -3.557802 2.852503 -0.683158
v -2.915030 2.917181 -0.683158
v -3.542928 2.899981 -0.683158
v -3.547269 2.852503 -0.441889
v -2.906942 2.917181 -0.497910
v -3.532450 2.899981 -0.443185
v -3.515746 2.852503 -0.202456
v -2.882740 2.917181 -0.314072
v -3.501097 2.899981 -0.205039
v -3.463477 2.852503 0.033318
v -2.842607 2.917181 -0.133044
v -3.449108 2.899981 0.029468
v -3.390856 2.852503 0.263640
v -2.786848 2.917181 0.043799
v -3.376878 2.899981 0.258552
v -3.298439 2.852503 0.486756
v -2.715889 2.917181 0.215109
v -3.284958 2.899981 0.480469
v -3.186927 2.852503 0.700968
v -2.630270 2.917181 0.379582
v -3.174045 2.899981 0.693530
v -3.057170 2.852503 0.904646
v -2.530642 2.917181 0.535967
v -3.044985 2.899981 0.896114
v -2.910155 2.852503 1.096240
v -2.417763 2.917181 0.683074
v -2.898760 2.899981 1.086678
v -2.747000 2.852503 1.274291
v -2.292492 2.917181 0.819783
v -2.736482 2.899981 1.263773
v -2.568949 2.852503 1.437445
v -2.155783 2.917181 0.945054
v -2.559387 2.899981 1.426050
v -2.377355 2.852503 1.584460
v -2.008676 2.917181 1.057933
v -2.368823 2.899981 1.572276
v -2.173677 2.852503 1.714218
v -1.852291 2.917181 1.157561
v -2.166240 2.899981 1.701335
v -1.959465 2.852503 1.825730
v -1.687818 2.917181 1.243180
v -1.953178 2.899981 1.812248
v -1.736349 2.852503 1.918147
v -1.516508 2.917181 1.314139
v -1.731261 2.899981 1.904169
v -1.506027 2.852503 1.990767
v -1.339666 2.917181 1.369897
v -1.502177 2.899981 1.976399
v -1.270253 2.852503 2.043037
v -1.158637 2.917181 1.410030
v -1.267670 2.899981 2.028388
v -1.030820 2.852503 2.074559
v -0.974799 2.917181 1.434233
v -1.029524 2.899981 2.059741
v -0.789551 2.852503 2.085093
v -0.789551 2.917181 1.442321
v -0.789551 2.899981 2.070219
v -0.548282 2.852503 2.074559
v -0.604304 2.917181 1.434233
v -0.549579 2.899981 2.059741
v -0.308850 2.852503 2.043037
v -0.420466 2.917181 1.410030
v -0.311432 2.899981 2.028388
v -0.073075 2.852503 1.990767
v -0.239437 2.917181 1.369897
v -0.076925 2.899981 1.976399
v 0.157246 2.852503 1.918147
v -0.062595 2.917181 1.314139
v 0.152159 2.899981 1.904169
v 0.380362 2.852503 1.825730
v 0.108715 2.917181 1.243180
v 0.374076 2.899981 1.812248
v 0.594574 2.852503 1.714218
v 0.273189 2.917181 1.157561
v 0.587137 2.899981 1.701336
v 0.798252 2.852503 1.584460
v 0.429573 2.917181 1.057933
v 0.789721 2.899981 1.572276
v 0.989846 2.852503 1.437445
v 0.576680 2.917181 0.945054
v 0.980285 2.899981 1.426050
v 1.167898 2.852503 1.274291
v 0.713389 2.917181 0.819783
v 1.157380 2.899981 1.263773
v 1.331052 2.852503 1.096240
v 0.838660 2.917181 0.683074
v 1.319657 2.899981 1.086678
v 1.478067 2.852503 0.904646
v 0.951539 2.917181 0.535967
v 1.465883 2.899981 0.896114
v 1.607824 2.852503 0.700968
v 1.051167 2.917181 0.379582
v 1.594942 2.899981 0.693531
v 1.719337 2.852503 0.486756
v 1.136787 2.917181 0.215109
v 1.705855 2.899981 0.480469
v 1.811754 2.852503 0.263640
v 1.207746 2.917181 0.043799
v 1.797776 2.899981 0.258552
v 1.884374 2.852503 0.033318
v 1.263504 2.917181 -0.133043
v 1.870006 2.899981 0.029468
v 1.936644 2.852503 -0.202456
v 1.303637 2.917181 -0.314072
v 1.921995 2.899981 -0.205039
v 1.968166 2.852503 -0.441889
v 1.327840 2.917181 -0.497910
v 1.953348 2.899981 -0.443185
v 1.978700 2.852503 -0.683158
v 1.335928 2.917181 -0.683158
v 1.963825 2.899981 -0.683158
v 1.968166 2.852503 -0.924427
v 1.327840 2.917181 -0.868405
v 1.953348 2.899981 -0.923130
v 1.936644 2.852503 -1.163860
v 1.303637 2.917181 -1.052243
v 1.921995 2.899981 -1.161277
v 1.884374 2.852503 -1.399634
v 1.263504 2.917181 -1.233272
v 1.870006 2.899981 -1.395784
v 1.811754 2.852503 -1.629956
v 1.207746 2.917181 -1.410114
v 1.797776 2.899981 -1.624868
v 1.719336 2.852503 -1.853071
v 1.136787 2.917181 -1.581424
v 1.705855 2.899981 -1.846785
v 1.607824 2.852503 -2.067284
v 1.051167 2.917181 -1.745898
v 1.594942 2.899981 -2.059846
v 1.478067 2.852503 -2.270962
v 0.951539 2.917181 -1.902282
v 1.465883 2.899981 -2.262430
v 1.331052 2.852503 -2.462555
v 0.838660 2.917181 -2.049390
v 1.319657 2.899981 -2.452994
v 1.167898 2.852503 -2.640607
v 0.713389 2.917181 -2.186099
v 1.157380 2.899981 -2.630089
v 0.989846 2.852503 -2.803761
v 0.576680 2.917181 -2.311369
v 0.980285 2.899981 -2.792366
v 0.798252 2.852503 -2.950776
v 0.429573 2.917181 -2.424248
v 0.789721 2.899981 -2.938592
v 0.594574 2.852503 -3.080534
v 0.273189 2.917181 -2.523876
v 0.587137 2.899981 -3.067651
v 0.380362 2.852503 -3.192046
v 0.108715 2.917181 -2.609496
v 0.374076 2.899981 -3.178564
v 0.157246 2.852503 -3.284463
v -0.062595 2.917181 -2.680455
v 0.152159 2.899981 -3.270485
v -0.073075 2.852503 -3.357083
v -0.239437 2.917181 -2.736213
v -0.076925 2.899981 -3.342715
v -0.308849 2.852503 -3.409353
v -0.420466 2.917181 -2.776346
v -0.311432 2.899981 -3.394704
v -0.548282 2.852503 -3.440875
v -0.604304 2.917181 -2.800549
v -0.549579 2.899981 -3.426057
v -1.023803 2.914861 -3.360674
v -0.789551 2.914861 -3.370902
v -1.256273 2.914861 -3.330069
v -1.485190 2.914861 -3.279319
v -1.708813 2.914861 -3.208811
v -1.925441 2.914861 -3.119081
v -2.133424 2.914861 -3.010812
v -2.331177 2.914861 -2.884829
v -2.517200 2.914861 -2.742089
v -2.690073 2.914861 -2.583679
v -2.848482 2.914861 -2.410806
v -2.991222 2.914861 -2.224784
v -3.117205 2.914861 -2.027030
v -3.225474 2.914861 -1.819047
v -3.315204 2.914861 -1.602420
v -3.385712 2.914861 -1.378797
v -3.436462 2.914861 -1.149880
v -3.467067 2.914861 -0.917410
v -3.477295 2.914861 -0.683158
v -3.467067 2.914861 -0.448906
v -3.436462 2.914861 -0.216436
v -3.385712 2.914861 0.012481
v -3.315204 2.914861 0.236104
v -3.225474 2.914861 0.452732
v -3.117205 2.914861 0.660715
v -2.991222 2.914861 0.858468
v -2.848482 2.914861 1.044491
v -2.690073 2.914861 1.217364
v -2.517200 2.914861 1.375773
v -2.331177 2.914861 1.518513
v -2.133424 2.914861 1.644496
v -1.925441 2.914861 1.752765
v -1.708814 2.914861 1.842495
v -1.485190 2.914861 1.913003
v -1.256273 2.914861 1.963753
v -1.023803 2.914861 1.994358
v -0.789551 2.914861 2.004586
v -0.555299 2.914861 1.994358
v -0.322829 2.914861 1.963753
v -0.093912 2.914861 1.913003
v 0.129711 2.914861 1.842495
v 0.346338 2.914861 1.752765
v 0.554321 2.914861 1.644496
v 0.752075 2.914861 1.518513
v 0.938097 2.914861 1.375773
v 1.110970 2.914861 1.217364
v 1.269380 2.914861 1.044491
v 1.412120 2.914861 0.858468
v 1.538103 2.914861 0.660715
v 1.646372 2.914861 0.452732
v 1.736102 2.914861 0.236104
v 1.806610 2.914861 0.012481
v 1.857359 2.914861 -0.216436
v 1.887964 2.914861 -0.448906
v 1.898192 2.914861 -0.683158
v 1.887964 2.914861 -0.917410
v 1.857359 2.914861 -1.149880
v 1.806610 2.914861 -1.378797
v 1.736102 2.914861 -1.602420
v 1.646372 2.914861 -1.819047
v 1.538103 2.914861 -2.027030
v 1.412120 2.914861 -2.224784
v 1.269380 2.914861 -2.410806
v 1.110970 2.914861 -2.583680
v 0.938097 2.914861 -2.742089
v 0.752075 2.914861 -2.884829
v 0.554321 2.914861 -3.010812
v 0.346338 2.914861 -3.119081
v 0.129711 2.914861 -3.208811
v -0.093912 2.914861 -3.279319
v -0.322829 2.914861 -3.330069
v -0.555299 2.914861 -3.360674
v -0.789551 2.706036 -3.388067
v -1.025300 2.706036 -3.377774
v -1.259254 2.706036 -3.346973
v -1.489634 2.706036 -3.295899
v -1.714685 2.706036 -3.224941
v -1.932695 2.706036 -3.134638
v -2.142005 2.706036 -3.025678
v -2.341023 2.706036 -2.898890
v -2.528234 2.706036 -2.755238
v -2.702211 2.706036 -2.595818
v -2.861632 2.706036 -2.421840
v -3.005283 2.706036 -2.234630
v -3.132071 2.706036 -2.035612
v -3.241031 2.706036 -1.826302
v -3.331334 2.706036 -1.608292
v -3.402293 2.706036 -1.383240
v -3.453367 2.706036 -1.152861
v -3.484167 2.706036 -0.918906
v -3.494460 2.706036 -0.683158
v -3.484167 2.706036 -0.447409
v -3.453367 2.706036 -0.213455
v -3.402293 2.706036 0.016924
v -3.331334 2.706036 0.241976
v -3.241031 2.706036 0.459986
v -3.132071 2.706036 0.669296
v -3.005283 2.706036 0.868314
v -2.861632 2.706036 1.055525
v -2.702211 2.706036 1.229502
v -2.528234 2.706036 1.388922
v -2.341023 2.706036 1.532574
v -2.142005 2.706036 1.659362
v -1.932696 2.706036 1.768322
v -1.714685 2.706036 1.858625
v -1.489634 2.706036 1.929584
v -1.259254 2.706036 1.980657
v -1.025300 2.706036 2.011458
v -0.789551 2.706036 2.021751
v -0.553803 2.706036 2.011458
v -0.319849 2.706036 1.980657
v -0.089469 2.706036 1.929584
v 0.135582 2.706036 1.858625
v 0.353593 2.706036 1.768322
v 0.562903 2.706036 1.659362
v 0.761921 2.706036 1.532574
v 0.949131 2.706036 1.388922
v 1.123108 2.706036 1.229502
v 1.282529 2.706036 1.055525
v 1.426181 2.706036 0.868314
v 1.552969 2.706036 0.669296
v 1.661929 2.706036 0.459986
v 1.752232 2.706036 0.241976
v 1.823190 2.706036 0.016924
v 1.874264 2.706036 -0.213455
v 1.905065 2.706036 -0.447409
v 1.915357 2.706036 -0.683158
v 1.905065 2.706036 -0.918906
v 1.874264 2.706036 -1.152861
v 1.823190 2.706036 -1.383240
v 1.752232 2.706036 -1.608292
v 1.661929 2.706036 -1.826302
v 1.552969 2.706036 -2.035612
v 1.426180 2.706036 -2.234630
v 1.282529 2.706036 -2.421840
v 1.123108 2.706036 -2.595818
v 0.949131 2.706036 -2.755238
v 0.761921 2.706036 -2.898890
v 0.562903 2.706036 -3.025678
v 0.353593 2.706036 -3.134638
v 0.135582 2.706036 -3.224941
v -0.089469 2.706036 -3.295899
v -0.319849 2.706036 -3.346973
v -0.553803 2.706036 -3.377774
v -0.789551 2.705417 -0.683158
v -0.789551 2.917181 -0.683158
vn -0.0870 -0.0528 -0.9948
vn -0.1734 -0.0528 -0.9834
vn -0.1714 0.1591 -0.9723
vn -0.0860 0.1591 -0.9835
vn -0.0000 1.0000 -0.0000
vn -0.0002 1.0000 -0.0021
vn -0.0004 1.0000 -0.0021
vn 0.0870 -0.0528 -0.9948
vn -0.0000 -0.0528 -0.9986
vn -0.0000 0.1591 -0.9873
vn 0.0860 0.1591 -0.9835
vn 0.8180 -0.0528 -0.5728
vn 0.7650 -0.0528 -0.6419
vn 0.7563 0.1591 -0.6346
vn 0.8087 0.1591 -0.5663
vn -0.0870 -0.0528 0.9948
vn -0.0000 -0.0528 0.9986
vn -0.0000 0.1591 0.9873
vn -0.0860 0.1591 0.9835
vn -0.7061 -0.0528 -0.7061
vn -0.7650 -0.0528 -0.6419
vn -0.7563 0.1591 -0.6346
vn -0.6981 0.1591 -0.6981
vn 0.7061 -0.0528 -0.7061
vn 0.6981 0.1591 -0.6981
vn 0.0870 -0.0528 0.9948
vn 0.0860 0.1591 0.9835
vn -0.8180 -0.0528 -0.5728
vn -0.8087 0.1591 -0.5663
vn 0.6419 -0.0528 -0.7650
vn 0.6346 0.1591 -0.7563
vn 0.1734 -0.0528 0.9834
vn 0.1714 0.1591 0.9723
vn -0.8648 -0.0528 -0.4993
vn -0.8550 0.1591 -0.4936
vn 0.5728 -0.0528 -0.8180
vn 0.5663 0.1591 -0.8087
vn 0.2585 -0.0528 0.9646
vn 0.2555 0.1591 0.9536
vn -0.9050 -0.0528 -0.4220
vn -0.8948 0.1591 -0.4172
vn 0.4993 -0.0528 -0.8648
vn 0.4936 0.1591 -0.8550
vn 0.3415 -0.0528 0.9384
vn 0.3377 0.1591 0.9277
vn -0.9384 -0.0528 -0.3415
vn -0.9277 0.1591 -0.3377
vn 0.4220 -0.0528 -0.9050
vn 0.4172 0.1591 -0.8948
vn 0.4220 -0.0528 0.9050
vn 0.4172 0.1591 0.8948
vn -0.9646 -0.0528 -0.2585
vn -0.9536 0.1591 -0.2555
vn 0.3415 -0.0528 -0.9384
vn 0.3377 0.1591 -0.9277
vn 0.4993 -0.0528 0.8648
vn 0.4936 0.1591 0.8550
vn -0.9834 -0.0528 -0.1734
vn -0.9723 0.1591 -0.1714
vn 0.2585 -0.0528 -0.9646
vn 0.2555 0.1591 -0.9536
vn 0.5728 -0.0528 0.8180
vn 0.5663 0.1591 0.8087
vn -0.9948 -0.0528 -0.0870
vn -0.9835 0.1591 -0.0860
vn 0.1734 -0.0528 -0.9834
vn 0.1714 0.1591 -0.9723
vn 0.6419 -0.0528 0.7650
vn 0.6346 0.1591 0.7563
vn -0.9986 -0.0528 -0.0000
vn -0.9873 0.1591 -0.0000
vn 0.7061 -0.0528 0.7061
vn 0.6981 0.1591 0.6981
vn -0.9948 -0.0528 0.0870
vn -0.9835 0.1591 0.0860
vn 0.7650 -0.0528 0.6419
vn 0.7563 0.1591 0.6346
vn -0.9834 -0.0528 0.1734
vn -0.9723 0.1591 0.1714
vn 0.8180 -0.0528 0.5728
vn 0.8087 0.1591 0.5663
vn -0.9646 -0.0528 0.2585
vn -0.9536 0.1591 0.2555
vn -0.2585 -0.0528 -0.9646
vn -0.2555 0.1591 -0.9536
vn 0.8648 -0.0528 0.4993
vn 0.8550 0.1591 0.4936
vn -0.9384 -0.0528 0.3415
vn -0.9277 0.1591 0.3377
vn 0.9050 -0.0528 0.4220
vn 0.8948 0.1591 0.4172
vn -0.9050 -0.0528 0.4220
vn -0.8948 0.1591 0.4172
vn 0.9384 -0.0528 0.3415
vn 0.9277 0.1591 0.3377
vn -0.8648 -0.0528 0.4993
vn -0.8550 0.1591 0.4936
vn 0.9646 -0.0528 0.2585
vn 0.9536 0.1591 0.2555
vn -0.8180 -0.0528 0.5728
vn -0.8087 0.1591 0.5663
vn 0.9834 -0.0528 0.1734
vn 0.9723 0.1591 0.1714
vn -0.7650 -0.0528 0.6419
vn -0.7563 0.1591 0.6346
vn 0.9948 -0.0528 0.0870
vn 0.9835 0.1591 0.0860
vn -0.7061 -0.0528 0.7061
vn -0.6981 0.1591 0.6981
vn 0.9986 -0.0528 -0.0000
vn 0.9873 0.1591 -0.0000
vn -0.6419 -0.0528 0.7650
vn -0.6346 0.1591 0.7563
vn 0.9948 -0.0528 -0.0870
vn 0.9835 0.1591 -0.0860
vn -0.5728 -0.0528 0.8180
vn -0.5663 0.1591 0.8087
vn -0.0000 -1.0000 -0.0000
vn -0.0001 -1.0000 -0.0006
vn -0.0000 -1.0000 -0.0006
vn 0.0001 -1.0000 -0.0006
vn 0.0001 -1.0000 -0.0005
vn 0.0002 -1.0000 -0.0005
vn 0.0003 -1.0000 -0.0005
vn 0.0004 -1.0000 -0.0004
vn 0.0005 -1.0000 -0.0003
vn 0.0005 -1.0000 -0.0002
vn 0.0005 -1.0000 -0.0001
vn 0.0006 -1.0000 -0.0001
vn 0.0006 -1.0000 -0.0000
vn 0.0006 -1.0000 0.0001
vn 0.0005 -1.0000 0.0001
vn 0.0005 -1.0000 0.0002
vn 0.0005 -1.0000 0.0003
vn 0.0004 -1.0000 0.0004
vn 0.0003 -1.0000 0.0005
vn 0.0002 -1.0000 0.0005
vn 0.0001 -1.0000 0.0005
vn 0.0001 -1.0000 0.0006
vn -0.0000 -1.0000 0.0006
vn -0.0001 -1.0000 0.0006
vn -0.0001 -1.0000 0.0005
vn -0.0002 -1.0000 0.0005
vn -0.0003 -1.0000 0.0005
vn -0.0004 -1.0000 0.0004
vn -0.0005 -1.0000 0.0003
vn -0.0005 -1.0000 0.0002
vn -0.0005 -1.0000 0.0001
vn -0.0006 -1.0000 0.0001
vn -0.0006 -1.0000 -0.0000
vn -0.0006 -1.0000 -0.0001
vn -0.0005 -1.0000 -0.0001
vn -0.0005 -1.0000 -0.0002
vn -0.0005 -1.0000 -0.0003
vn -0.0004 -1.0000 -0.0004
vn -0.0003 -1.0000 -0.0005
vn -0.0002 -1.0000 -0.0005
vn -0.0001 -1.0000 -0.0005
vn 0.9834 -0.0528 -0.1734
vn 0.9723 0.1591 -0.1714
vn -0.4993 -0.0528 0.8648
vn -0.4936 0.1591 0.8550
vn -0.3415 -0.0528 -0.9384
vn -0.3377 0.1591 -0.9277
vn 0.9646 -0.0528 -0.2585
vn 0.9536 0.1591 -0.2555
vn -0.4220 -0.0528 0.9050
vn -0.4172 0.1591 0.8948
vn -0.4220 -0.0528 -0.9050
vn -0.4172 0.1591 -0.8948
vn 0.9384 -0.0528 -0.3415
vn 0.9277 0.1591 -0.3377
vn -0.3415 -0.0528 0.9384
vn -0.3377 0.1591 0.9277
vn -0.4993 -0.0528 -0.8648
vn -0.4936 0.1591 -0.8550
vn 0.9050 -0.0528 -0.4220
vn 0.8948 0.1591 -0.4172
vn 0.0891 0.9932 -0.0747
vn 0.1694 0.9753 -0.1421
vn 0.1563 0.9753 -0.1563
vn 0.0822 0.9932 -0.0822
vn -0.2585 -0.0528 0.9646
vn -0.2555 0.1591 0.9536
vn -0.5728 -0.0528 -0.8180
vn -0.5663 0.1591 -0.8087
vn 0.8648 -0.0528 -0.4993
vn 0.8550 0.1591 -0.4936
vn -0.0616 -0.7070 -0.7045
vn -0.1228 -0.7070 -0.6965
vn -0.1734 -0.0528 0.9834
vn -0.1714 0.1591 0.9723
vn -0.0000 -0.7070 -0.7072
vn -0.6419 -0.0528 -0.7650
vn -0.6346 0.1591 -0.7563
vn -0.0865 -0.1227 -0.9887
vn -0.0000 -0.1227 -0.9924
vn -0.1723 -0.1227 -0.9774
vn -0.2569 -0.1227 -0.9586
vn -0.0071 -0.9967 -0.0808
vn -0.0037 -0.9991 -0.0421
vn -0.0073 -0.9991 -0.0416
vn -0.0141 -0.9967 -0.0798
vn -0.3394 -0.1227 -0.9326
vn -0.1830 -0.7070 -0.6831
vn -0.2419 -0.7070 -0.6646
vn -0.0000 0.2990 -0.9543
vn 0.0832 0.2990 -0.9506
vn -0.4194 -0.1227 -0.8995
vn -0.2989 -0.7070 -0.6410
vn 0.0891 0.9932 0.0747
vn 0.1694 0.9753 0.1421
vn 0.1811 0.9753 0.1268
vn 0.0953 0.9932 0.0667
vn -0.4962 -0.1227 -0.8595
vn -0.3536 -0.7070 -0.6125
vn -0.0109 -0.9991 -0.0408
vn 0.1054 0.9932 0.0491
vn 0.2004 0.9753 0.0934
vn 0.2078 0.9753 0.0756
vn 0.1093 0.9932 0.0398
vn -0.5692 -0.1227 -0.8130
vn -0.4056 -0.7070 -0.5793
vn -0.0144 -0.9991 -0.0397
vn 0.1093 0.9932 -0.0398
vn 0.2078 0.9753 -0.0756
vn 0.2004 0.9753 -0.0934
vn 0.1054 0.9932 -0.0491
vn -0.6379 -0.1227 -0.7603
vn -0.4546 -0.7070 -0.5418
vn -0.0178 -0.9991 -0.0383
vn 0.1915 0.9753 -0.1105
vn 0.1007 0.9932 -0.0581
vn -0.7018 -0.1227 -0.7018
vn -0.5001 -0.7070 -0.5001
vn -0.0211 -0.9991 -0.0366
vn 0.1811 0.9753 -0.1268
vn 0.0953 0.9932 -0.0667
vn -0.7603 -0.1227 -0.6379
vn -0.5418 -0.7070 -0.4546
vn -0.0242 -0.9991 -0.0346
vn -0.8130 -0.1227 -0.5692
vn -0.5793 -0.7070 -0.4056
vn -0.0271 -0.9991 -0.0323
vn -0.0000 0.9932 0.1163
vn -0.0000 0.9753 0.2211
vn 0.0193 0.9753 0.2203
vn 0.0101 0.9932 0.1158
vn -0.8595 -0.1227 -0.4962
vn -0.6125 -0.7070 -0.3536
vn -0.0299 -0.9991 -0.0299
vn -0.8995 -0.1227 -0.4194
vn -0.6410 -0.7070 -0.2989
vn -0.0323 -0.9991 -0.0271
vn 0.0747 0.9932 -0.0891
vn 0.1421 0.9753 -0.1694
vn 0.1268 0.9753 -0.1811
vn 0.0667 0.9932 -0.0953
vn -0.9326 -0.1227 -0.3394
vn -0.6646 -0.7070 -0.2419
vn -0.0346 -0.9991 -0.0242
vn 0.1106 0.9753 -0.1915
vn 0.0581 0.9932 -0.1007
vn -0.9586 -0.1227 -0.2569
vn -0.6831 -0.7070 -0.1830
vn -0.0366 -0.9991 -0.0211
vn 0.0934 0.9753 -0.2004
vn 0.0491 0.9932 -0.1054
vn -0.9774 -0.1227 -0.1723
vn -0.6965 -0.7070 -0.1228
vn -0.0383 -0.9991 -0.0178
vn 0.0756 0.9753 -0.2078
vn 0.0398 0.9932 -0.1093
vn -0.9887 -0.1227 -0.0865
vn -0.7045 -0.7070 -0.0616
vn -0.0397 -0.9991 -0.0144
vn 0.0572 0.9753 -0.2136
vn 0.0301 0.9932 -0.1123
vn -0.9924 -0.1227 -0.0000
vn -0.7072 -0.7070 -0.0000
vn -0.0408 -0.9991 -0.0109
vn 0.0384 0.9753 -0.2177
vn 0.0202 0.9932 -0.1145
vn -0.9887 -0.1227 0.0865
vn -0.7045 -0.7070 0.0616
vn -0.0416 -0.9991 -0.0073
vn 0.0193 0.9753 -0.2203
vn 0.0101 0.9932 -0.1158
vn -0.9774 -0.1227 0.1723
vn -0.6965 -0.7070 0.1228
vn -0.0421 -0.9991 -0.0037
vn -0.9586 -0.1227 0.2569
vn -0.6831 -0.7070 0.1830
vn -0.0422 -0.9991 -0.0000
vn -0.9326 -0.1227 0.3394
vn -0.6646 -0.7070 0.2419
vn -0.0421 -0.9991 0.0037
vn 0.1915 0.9753 0.1105
vn 0.1007 0.9932 0.0581
vn -0.8995 -0.1227 0.4194
vn -0.6410 -0.7070 0.2989
vn -0.0416 -0.9991 0.0073
vn -0.8595 -0.1227 0.4962
vn -0.6125 -0.7070 0.3536
vn -0.0408 -0.9991 0.0109
vn -0.0398 0.9932 -0.1093
vn -0.0756 0.9753 -0.2078
vn -0.0934 0.9753 -0.2004
vn -0.0491 0.9932 -0.1054
vn -0.8130 -0.1227 0.5692
vn -0.5793 -0.7070 0.4056
vn -0.0397 -0.9991 0.0144
vn 0.2136 0.9753 0.0572
vn 0.1123 0.9932 0.0301
vn -0.7603 -0.1227 0.6379
vn -0.5418 -0.7070 0.4546
vn -0.0383 -0.9991 0.0178
vn 0.2177 0.9753 0.0384
vn 0.1145 0.9932 0.0202
vn -0.7018 -0.1227 0.7018
vn -0.5001 -0.7070 0.5001
vn -0.0366 -0.9991 0.0211
vn 0.2203 0.9753 0.0193
vn 0.1158 0.9932 0.0101
vn -0.6379 -0.1227 0.7603
vn -0.4546 -0.7070 0.5418
vn -0.0346 -0.9991 0.0242
vn 0.2211 0.9753 -0.0000
vn 0.1163 0.9932 -0.0000
vn -0.5692 -0.1227 0.8130
vn -0.4056 -0.7070 0.5793
vn -0.0323 -0.9991 0.0271
vn 0.2203 0.9753 -0.0193
vn 0.1158 0.9932 -0.0101
vn -0.4962 -0.1227 0.8595
vn -0.3536 -0.7070 0.6125
vn -0.0299 -0.9991 0.0299
vn 0.2177 0.9753 -0.0384
vn 0.1145 0.9932 -0.0202
vn -0.4194 -0.1227 0.8995
vn -0.2989 -0.7070 0.6410
vn -0.0271 -0.9991 0.0323
vn 0.2136 0.9753 -0.0572
vn 0.1123 0.9932 -0.0301
vn -0.3394 -0.1227 0.9326
vn -0.2419 -0.7070 0.6646
vn -0.0242 -0.9991 0.0346
vn -0.2569 -0.1227 0.9586
vn -0.1830 -0.7070 0.6831
vn -0.0211 -0.9991 0.0366
vn -0.1105 0.9753 -0.1915
vn -0.0581 0.9932 -0.1007
vn -0.1723 -0.1227 0.9774
vn -0.1228 -0.7070 0.6965
vn -0.0178 -0.9991 0.0383
vn -0.1268 0.9753 -0.1811
vn -0.0667 0.9932 -0.0952
vn -0.0865 -0.1227 0.9887
vn -0.0616 -0.7070 0.7045
vn -0.0144 -0.9991 0.0397
vn -0.1421 0.9753 -0.1694
vn -0.0747 0.9932 -0.0891
vn -0.0000 -0.1227 0.9924
vn -0.0000 -0.7070 0.7072
vn -0.0109 -0.9991 0.0408
vn -0.1563 0.9753 -0.1563
vn -0.0822 0.9932 -0.0822
vn 0.0865 -0.1227 0.9887
vn 0.0616 -0.7070 0.7045
vn -0.0073 -0.9991 0.0416
vn -0.1694 0.9753 -0.1421
vn -0.0891 0.9932 -0.0747
vn 0.1723 -0.1227 0.9774
vn 0.1228 -0.7070 0.6965
vn -0.0037 -0.9991 0.0421
vn -0.0953 0.9932 -0.0667
vn -0.1811 0.9753 -0.1268
vn -0.1915 0.9753 -0.1105
vn -0.1007 0.9932 -0.0581
vn 0.2569 -0.1227 0.9586
vn 0.1830 -0.7070 0.6831
vn -0.0000 -0.9991 0.0422
vn 0.0865 -0.1227 -0.9887
vn 0.3394 -0.1227 0.9326
vn 0.2419 -0.7070 0.6646
vn 0.0037 -0.9991 0.0421
vn -0.2004 0.9753 -0.0934
vn -0.1054 0.9932 -0.0491
vn 0.4194 -0.1227 0.8995
vn 0.2989 -0.7070 0.6410
vn 0.0073 -0.9991 0.0416
vn -0.2078 0.9753 -0.0756
vn -0.1093 0.9932 -0.0398
vn 0.4962 -0.1227 0.8595
vn 0.3536 -0.7070 0.6125
vn 0.0109 -0.9991 0.0408
vn -0.2136 0.9753 -0.0572
vn -0.1123 0.9932 -0.0301
vn 0.5692 -0.1227 0.8130
vn 0.4056 -0.7070 0.5793
vn 0.0144 -0.9991 0.0397
vn -0.2177 0.9753 -0.0384
vn -0.1145 0.9932 -0.0202
vn 0.6379 -0.1227 0.7603
vn 0.4546 -0.7070 0.5418
vn 0.0178 -0.9991 0.0383
vn -0.2203 0.9753 -0.0193
vn -0.1158 0.9932 -0.0101
vn 0.7018 -0.1227 0.7018
vn 0.5001 -0.7070 0.5001
vn 0.0211 -0.9991 0.0366
vn -0.2211 0.9753 -0.0000
vn -0.1163 0.9932 -0.0000
vn 0.7603 -0.1227 0.6379
vn 0.5418 -0.7070 0.4546
vn 0.0242 -0.9991 0.0346
vn -0.2203 0.9753 0.0193
vn -0.1158 0.9932 0.0101
vn 0.8130 -0.1227 0.5692
vn 0.5793 -0.7070 0.4056
vn 0.0271 -0.9991 0.0323
vn -0.2177 0.9753 0.0384
vn -0.1145 0.9932 0.0202
vn 0.8595 -0.1227 0.4962
vn 0.6125 -0.7070 0.3536
vn 0.0299 -0.9991 0.0299
vn -0.2136 0.9753 0.0572
vn -0.1123 0.9932 0.0301
vn 0.8995 -0.1227 0.4194
vn 0.6410 -0.7070 0.2989
vn 0.0323 -0.9991 0.0271
vn -0.2078 0.9753 0.0756
vn -0.1093 0.9932 0.0398
vn 0.9326 -0.1227 0.3394
vn 0.6646 -0.7070 0.2419
vn 0.0346 -0.9991 0.0242
vn -0.2004 0.9753 0.0934
vn -0.1054 0.9932 0.0491
vn 0.9586 -0.1227 0.2569
vn 0.6831 -0.7070 0.1830
vn 0.0366 -0.9991 0.0211
vn -0.1915 0.9753 0.1105
vn -0.1007 0.9932 0.0581
vn 0.9774 -0.1227 0.1723
vn 0.6965 -0.7070 0.1228
vn 0.0383 -0.9991 0.0178
vn -0.1811 0.9753 0.1268
vn -0.0953 0.9932 0.0667
vn 0.9887 -0.1227 0.0865
vn 0.7045 -0.7070 0.0616
vn 0.0397 -0.9991 0.0144
vn -0.1694 0.9753 0.1421
vn -0.0891 0.9932 0.0747
vn 0.9924 -0.1227 -0.0000
vn 0.7072 -0.7070 -0.0000
vn 0.0408 -0.9991 0.0109
vn -0.1563 0.9753 0.1563
vn -0.0822 0.9932 0.0822
vn 0.9887 -0.1227 -0.0865
vn 0.7045 -0.7070 -0.0616
vn 0.0416 -0.9991 0.0073
vn -0.1421 0.9753 0.1694
vn -0.0747 0.9932 0.0891
vn 0.9774 -0.1227 -0.1723
vn 0.6965 -0.7070 -0.1228
vn 0.0421 -0.9991 0.0037
vn -0.1268 0.9753 0.1811
vn -0.0667 0.9932 0.0953
vn 0.9586 -0.1227 -0.2569
vn 0.6831 -0.7070 -0.1830
vn 0.0422 -0.9991 -0.0000
vn -0.1106 0.9753 0.1915
vn -0.0581 0.9932 0.1007
vn 0.9326 -0.1227 -0.3394
vn 0.6646 -0.7070 -0.2419
vn 0.0421 -0.9991 -0.0037
vn -0.0934 0.9753 0.2004
vn -0.0491 0.9932 0.1054
vn 0.8995 -0.1227 -0.4194
vn 0.6410 -0.7070 -0.2989
vn 0.0416 -0.9991 -0.0073
vn -0.0756 0.9753 0.2078
vn -0.0398 0.9932 0.1093
vn 0.8595 -0.1227 -0.4962
vn 0.6125 -0.7070 -0.3536
vn 0.0408 -0.9991 -0.0109
vn -0.0572 0.9753 0.2136
vn -0.0301 0.9932 0.1123
vn 0.8130 -0.1227 -0.5692
vn 0.5793 -0.7070 -0.4056
vn 0.0397 -0.9991 -0.0144
vn -0.0384 0.9753 0.2177
vn -0.0202 0.9932 0.1145
vn 0.7603 -0.1227 -0.6379
vn 0.5418 -0.7070 -0.4546
vn 0.0383 -0.9991 -0.0178
vn -0.0193 0.9753 0.2203
vn -0.0101 0.9932 0.1158
vn 0.7018 -0.1227 -0.7018
vn 0.5001 -0.7070 -0.5001
vn 0.0366 -0.9991 -0.0211
vn 0.6379 -0.1227 -0.7603
vn 0.4546 -0.7070 -0.5418
vn 0.0346 -0.9991 -0.0242
vn 0.0384 0.9753 0.2177
vn 0.0202 0.9932 0.1145
vn 0.5692 -0.1227 -0.8130
vn 0.4056 -0.7070 -0.5793
vn 0.0323 -0.9991 -0.0271
vn 0.4962 -0.1227 -0.8595
vn 0.3536 -0.7070 -0.6125
vn 0.0299 -0.9991 -0.0299
vn 0.0572 0.9753 0.2136
vn 0.0301 0.9932 0.1123
vn 0.4194 -0.1227 -0.8995
vn 0.2989 -0.7070 -0.6410
vn 0.0271 -0.9991 -0.0323
vn 0.0756 0.9753 0.2078
vn 0.0398 0.9932 0.1093
vn 0.3394 -0.1227 -0.9326
vn 0.2419 -0.7070 -0.6646
vn 0.0242 -0.9991 -0.0346
vn 0.0934 0.9753 0.2004
vn 0.0491 0.9932 0.1054
vn 0.2569 -0.1227 -0.9586
vn 0.1830 -0.7070 -0.6831
vn 0.0211 -0.9991 -0.0366
vn 0.1105 0.9753 0.1915
vn 0.0581 0.9932 0.1007
vn 0.1723 -0.1227 -0.9774
vn 0.1228 -0.7070 -0.6965
vn 0.0178 -0.9991 -0.0383
vn 0.1268 0.9753 0.1811
vn 0.0667 0.9932 0.0953
vn 0.0616 -0.7070 -0.7045
vn 0.0144 -0.9991 -0.0397
vn 0.1421 0.9753 0.1694
vn 0.0747 0.9932 0.0891
vn -0.0000 0.9753 -0.2211
vn -0.0000 0.9932 -0.1163
vn -0.0000 -0.9991 -0.0422
vn 0.0037 -0.9991 -0.0421
vn 0.0109 -0.9991 -0.0408
vn 0.1563 0.9753 0.1563
vn 0.0822 0.9932 0.0822
vn -0.0101 0.9932 -0.1158
vn -0.0193 0.9753 -0.2203
vn -0.0384 0.9753 -0.2177
vn -0.0202 0.9932 -0.1145
vn 0.0073 -0.9991 -0.0416
vn -0.0005 1.0000 -0.0020
vn -0.0832 0.2990 -0.9506
vn -0.0000 -0.9967 -0.0811
vn 0.0071 -0.9967 -0.0808
vn -0.0301 0.9932 -0.1123
vn -0.0572 0.9753 -0.2136
vn -0.1657 0.2990 -0.9398
vn 0.0002 1.0000 -0.0021
vn -0.0000 1.0000 -0.0021
vn -0.2470 0.2990 -0.9217
vn -0.3264 0.2990 -0.8967
vn -0.4033 0.2990 -0.8649
vn -0.4771 0.2990 -0.8264
vn -0.5473 0.2990 -0.7817
vn -0.6134 0.2990 -0.7310
vn -0.6748 0.2990 -0.6748
vn -0.7310 0.2990 -0.6134
vn -0.7817 0.2990 -0.5473
vn -0.8264 0.2990 -0.4771
vn -0.8649 0.2990 -0.4033
vn -0.8967 0.2990 -0.3264
vn -0.9217 0.2990 -0.2470
vn -0.9398 0.2990 -0.1657
vn -0.9506 0.2990 -0.0832
vn -0.9543 0.2990 -0.0000
vn -0.9506 0.2990 0.0832
vn -0.9398 0.2990 0.1657
vn -0.9217 0.2990 0.2470
vn -0.8967 0.2990 0.3264
vn -0.8649 0.2990 0.4033
vn -0.8264 0.2990 0.4771
vn -0.7817 0.2990 0.5473
vn -0.7310 0.2990 0.6134
vn -0.6748 0.2990 0.6748
vn -0.6134 0.2990 0.7310
vn -0.5473 0.2990 0.7817
vn -0.4771 0.2990 0.8264
vn -0.4033 0.2990 0.8649
vn -0.3264 0.2990 0.8967
vn -0.2470 0.2990 0.9217
vn -0.1657 0.2990 0.9398
vn -0.0832 0.2990 0.9506
vn -0.0000 0.2990 0.9543
vn 0.0832 0.2990 0.9506
vn 0.1657 0.2990 0.9398
vn 0.2470 0.2990 0.9217
vn 0.3264 0.2990 0.8967
vn 0.4033 0.2990 0.8649
vn 0.4771 0.2990 0.8264
vn 0.5473 0.2990 0.7817
vn 0.6134 0.2990 0.7310
vn 0.6748 0.2990 0.6748
vn 0.7310 0.2990 0.6134
vn 0.7817 0.2990 0.5473
vn 0.8264 0.2990 0.4771
vn 0.8649 0.2990 0.4033
vn 0.8967 0.2990 0.3264
vn 0.9217 0.2990 0.2470
vn 0.9398 0.2990 0.1657
vn 0.9506 0.2990 0.0832
vn 0.9543 0.2990 -0.0000
vn 0.9506 0.2990 -0.0832
vn 0.9398 0.2990 -0.1657
vn 0.9217 0.2990 -0.2470
vn 0.8967 0.2990 -0.3264
vn 0.8649 0.2990 -0.4033
vn 0.8264 0.2990 -0.4771
vn 0.7817 0.2990 -0.5473
vn 0.7310 0.2990 -0.6134
vn 0.6748 0.2990 -0.6748
vn 0.6134 0.2990 -0.7310
vn 0.5473 0.2990 -0.7817
vn 0.4771 0.2990 -0.8264
vn 0.4033 0.2990 -0.8649
vn 0.3264 0.2990 -0.8967
vn 0.2470 0.2990 -0.9217
vn 0.1657 0.2990 -0.9398
vn -0.0007 1.0000 -0.0020
vn -0.0009 1.0000 -0.0019
vn -0.0011 1.0000 -0.0018
vn -0.0012 1.0000 -0.0017
vn -0.0014 1.0000 -0.0016
vn -0.0015 1.0000 -0.0015
vn -0.0016 1.0000 -0.0014
vn -0.0017 1.0000 -0.0012
vn -0.0018 1.0000 -0.0011
vn -0.0019 1.0000 -0.0009
vn -0.0020 1.0000 -0.0007
vn -0.0020 1.0000 -0.0005
vn -0.0021 1.0000 -0.0004
vn -0.0021 1.0000 -0.0002
vn -0.0021 1.0000 -0.0000
vn -0.0021 1.0000 0.0002
vn -0.0021 1.0000 0.0004
vn -0.0020 1.0000 0.0005
vn -0.0020 1.0000 0.0007
vn -0.0019 1.0000 0.0009
vn -0.0018 1.0000 0.0011
vn -0.0017 1.0000 0.0012
vn -0.0016 1.0000 0.0014
vn -0.0015 1.0000 0.0015
vn -0.0014 1.0000 0.0016
vn -0.0012 1.0000 0.0017
vn -0.0011 1.0000 0.0018
vn -0.0009 1.0000 0.0019
vn -0.0007 1.0000 0.0020
vn -0.0005 1.0000 0.0020
vn -0.0004 1.0000 0.0021
vn -0.0002 1.0000 0.0021
vn -0.0000 1.0000 0.0021
vn 0.0002 1.0000 0.0021
vn 0.0004 1.0000 0.0021
vn 0.0005 1.0000 0.0020
vn 0.0007 1.0000 0.0020
vn 0.0009 1.0000 0.0019
vn 0.0011 1.0000 0.0018
vn 0.0012 1.0000 0.0017
vn 0.0014 1.0000 0.0016
vn 0.0015 1.0000 0.0015
vn 0.0016 1.0000 0.0014
vn 0.0017 1.0000 0.0012
vn 0.0018 1.0000 0.0011
vn 0.0019 1.0000 0.0009
vn 0.0020 1.0000 0.0007
vn 0.0020 1.0000 0.0005
vn 0.0021 1.0000 0.0004
vn 0.0021 1.0000 0.0002
vn 0.0021 1.0000 -0.0000
vn 0.0021 1.0000 -0.0002
vn 0.0021 1.0000 -0.0004
vn 0.0020 1.0000 -0.0005
vn 0.0020 1.0000 -0.0007
vn 0.0019 1.0000 -0.0009
vn 0.0018 1.0000 -0.0011
vn 0.0017 1.0000 -0.0012
vn 0.0016 1.0000 -0.0014
vn 0.0015 1.0000 -0.0015
vn 0.0014 1.0000 -0.0016
vn 0.0012 1.0000 -0.0017
vn 0.0011 1.0000 -0.0018
vn 0.0009 1.0000 -0.0019
vn 0.0007 1.0000 -0.0020
vn 0.0005 1.0000 -0.0020
vn 0.0004 1.0000 -0.0021
vn -0.0210 -0.9967 -0.0783
vn -0.0277 -0.9967 -0.0762
vn -0.0343 -0.9967 -0.0735
vn -0.0405 -0.9967 -0.0702
vn -0.0465 -0.9967 -0.0664
vn -0.0521 -0.9967 -0.0621
vn -0.0573 -0.9967 -0.0573
vn -0.0621 -0.9967 -0.0521
vn -0.0664 -0.9967 -0.0465
vn -0.0702 -0.9967 -0.0405
vn -0.0735 -0.9967 -0.0343
vn -0.0762 -0.9967 -0.0277
vn -0.0783 -0.9967 -0.0210
vn -0.0798 -0.9967 -0.0141
vn -0.0808 -0.9967 -0.0071
vn -0.0811 -0.9967 -0.0000
vn -0.0808 -0.9967 0.0071
vn -0.0798 -0.9967 0.0141
vn -0.0783 -0.9967 0.0210
vn -0.0762 -0.9967 0.0277
vn -0.0735 -0.9967 0.0343
vn -0.0702 -0.9967 0.0405
vn -0.0664 -0.9967 0.0465
vn -0.0621 -0.9967 0.0521
vn -0.0573 -0.9967 0.0573
vn -0.0521 -0.9967 0.0621
vn -0.0465 -0.9967 0.0664
vn -0.0405 -0.9967 0.0702
vn -0.0343 -0.9967 0.0735
vn -0.0277 -0.9967 0.0762
vn -0.0210 -0.9967 0.0783
vn -0.0141 -0.9967 0.0798
vn -0.0071 -0.9967 0.0808
vn -0.0000 -0.9967 0.0811
vn 0.0071 -0.9967 0.0808
vn 0.0141 -0.9967 0.0798
vn 0.0210 -0.9967 0.0783
vn 0.0277 -0.9967 0.0762
vn 0.0343 -0.9967 0.0735
vn 0.0405 -0.9967 0.0702
vn 0.0465 -0.9967 0.0664
vn 0.0521 -0.9967 0.0621
vn 0.0573 -0.9967 0.0573
vn 0.0621 -0.9967 0.0521
vn 0.0664 -0.9967 0.0465
vn 0.0702 -0.9967 0.0405
vn 0.0735 -0.9967 0.0343
vn 0.0762 -0.9967 0.0277
vn 0.0783 -0.9967 0.0210
vn 0.0798 -0.9967 0.0141
vn 0.0808 -0.9967 0.0071
vn 0.0811 -0.9967 -0.0000
vn 0.0808 -0.9967 -0.0071
vn 0.0798 -0.9967 -0.0141
vn 0.0783 -0.9967 -0.0210
vn 0.0762 -0.9967 -0.0277
vn 0.0735 -0.9967 -0.0343
vn 0.0702 -0.9967 -0.0405
vn 0.0664 -0.9967 -0.0465
vn 0.0621 -0.9967 -0.0521
vn 0.0573 -0.9967 -0.0573
vn 0.0521 -0.9967 -0.0621
vn 0.0465 -0.9967 -0.0664
vn 0.0405 -0.9967 -0.0702
vn 0.0343 -0.9967 -0.0735
vn 0.0277 -0.9967 -0.0762
vn 0.0210 -0.9967 -0.0783
vn 0.0141 -0.9967 -0.0798
vt 0.526765 0.473959
vt 0.526853 0.492979
vt 0.518344 0.493030
vt 0.518257 0.474021
vt 0.249647 0.750353
vt 0.176036 0.917648
vt 0.161735 0.910596
vt 0.526536 0.438463
vt 0.526659 0.455740
vt 0.518151 0.455814
vt 0.518028 0.438547
vt 0.654804 0.594888
vt 0.654774 0.615544
vt 0.646266 0.615520
vt 0.646296 0.594876
vt 0.611738 0.438463
vt 0.611861 0.455740
vt 0.603353 0.455814
vt 0.603230 0.438547
vt 0.526922 0.635924
vt 0.526853 0.655874
vt 0.518344 0.655825
vt 0.518413 0.635887
vt 0.654725 0.635924
vt 0.646216 0.635887
vt 0.611967 0.473959
vt 0.603459 0.474021
vt 0.526765 0.675241
vt 0.518257 0.675180
vt 0.654656 0.655874
vt 0.646147 0.655825
vt 0.612055 0.492979
vt 0.603546 0.493029
vt 0.526659 0.693877
vt 0.518151 0.693805
vt 0.654568 0.675241
vt 0.646059 0.675180
vt 0.612124 0.512655
vt 0.603615 0.512694
vt 0.526536 0.711642
vt 0.518028 0.711559
vt 0.654462 0.693877
vt 0.645954 0.693805
vt 0.612173 0.532840
vt 0.603665 0.532866
vt 0.526397 0.728400
vt 0.517888 0.728306
vt 0.654339 0.711642
vt 0.645830 0.711559
vt 0.612203 0.553378
vt 0.603695 0.553391
vt 0.568843 0.407246
vt 0.517733 0.743920
vt 0.654199 0.728400
vt 0.645691 0.728306
vt 0.612213 0.574113
vt 0.603705 0.574114
vt 0.568998 0.422257
vt 0.560489 0.422351
vt 0.526242 0.407246
vt 0.645536 0.743920
vt 0.612203 0.594888
vt 0.603695 0.594876
vt 0.569137 0.438463
vt 0.560629 0.438547
vt 0.526397 0.422257
vt 0.517888 0.422351
vt 0.612173 0.615544
vt 0.603665 0.615519
vt 0.569260 0.455740
vt 0.560752 0.455814
vt 0.612124 0.635924
vt 0.603615 0.635887
vt 0.569366 0.473959
vt 0.560858 0.474021
vt 0.612055 0.655874
vt 0.603546 0.655825
vt 0.569454 0.492979
vt 0.560945 0.493030
vt 0.611967 0.675241
vt 0.603459 0.675180
vt 0.569523 0.512656
vt 0.561014 0.512694
vt 0.526922 0.512656
vt 0.518413 0.512694
vt 0.611861 0.693877
vt 0.603353 0.693805
vt 0.569573 0.532840
vt 0.561064 0.532866
vt 0.611738 0.711642
vt 0.603230 0.711559
vt 0.569603 0.553378
vt 0.561094 0.553392
vt 0.611598 0.728400
vt 0.603090 0.728306
vt 0.569613 0.574113
vt 0.561104 0.574114
vt 0.654044 0.407246
vt 0.602935 0.743920
vt 0.569603 0.594888
vt 0.561094 0.594876
vt 0.654199 0.422257
vt 0.645691 0.422351
vt 0.569573 0.615544
vt 0.561064 0.615520
vt 0.654339 0.438463
vt 0.645830 0.438547
vt 0.569523 0.635924
vt 0.561014 0.635887
vt 0.654462 0.455740
vt 0.645954 0.455814
vt 0.569454 0.655874
vt 0.560945 0.655825
vt 0.654568 0.473959
vt 0.646059 0.474021
vt 0.569366 0.675241
vt 0.560858 0.675180
vt 0.697852 0.197147
vt 0.101655 0.359383
vt 0.534299 0.282287
vt 0.084981 0.331905
vt 0.521999 0.252593
vt 0.078503 0.317182
vt 0.517836 0.237056
vt 0.073332 0.301950
vt 0.515043 0.221214
vt 0.069509 0.286325
vt 0.513641 0.205190
vt 0.067062 0.270427
vt 0.513641 0.189104
vt 0.066010 0.254375
vt 0.515043 0.173080
vt 0.066360 0.238293
vt 0.517836 0.157238
vt 0.068112 0.222303
vt 0.521999 0.141701
vt 0.071250 0.206527
vt 0.527501 0.126585
vt 0.075751 0.191084
vt 0.534299 0.112006
vt 0.081581 0.176092
vt 0.542342 0.098076
vt 0.088695 0.161665
vt 0.551569 0.084899
vt 0.097040 0.147913
vt 0.561908 0.072577
vt 0.106552 0.134941
vt 0.573282 0.061203
vt 0.117158 0.122847
vt 0.585605 0.050863
vt 0.128778 0.111723
vt 0.598782 0.041637
vt 0.141323 0.101655
vt 0.612712 0.033594
vt 0.154697 0.092718
vt 0.627291 0.026796
vt 0.168800 0.084981
vt 0.642406 0.021294
vt 0.183524 0.078503
vt 0.657944 0.017131
vt 0.198756 0.073332
vt 0.673785 0.014337
vt 0.214380 0.069509
vt 0.689810 0.012936
vt 0.230279 0.067062
vt 0.705895 0.012936
vt 0.246330 0.066010
vt 0.721920 0.014337
vt 0.262412 0.066360
vt 0.737761 0.017131
vt 0.278402 0.068112
vt 0.753299 0.021294
vt 0.294179 0.071250
vt 0.768415 0.026796
vt 0.309622 0.075751
vt 0.782993 0.033594
vt 0.324614 0.081581
vt 0.796924 0.041637
vt 0.339041 0.088695
vt 0.810100 0.050863
vt 0.352792 0.097040
vt 0.822423 0.061203
vt 0.365765 0.106552
vt 0.833797 0.072577
vt 0.377859 0.117158
vt 0.844137 0.084899
vt 0.388982 0.128778
vt 0.853363 0.098076
vt 0.399050 0.141323
vt 0.861406 0.112007
vt 0.407987 0.154697
vt 0.868204 0.126585
vt 0.415724 0.168800
vt 0.873706 0.141701
vt 0.422203 0.183524
vt 0.877869 0.157239
vt 0.427373 0.198756
vt 0.880662 0.173080
vt 0.431197 0.214380
vt 0.882064 0.189104
vt 0.433644 0.230279
vt 0.882064 0.205190
vt 0.434696 0.246330
vt 0.880662 0.221215
vt 0.434345 0.262412
vt 0.877869 0.237056
vt 0.432594 0.278402
vt 0.873705 0.252594
vt 0.429456 0.294179
vt 0.868204 0.267709
vt 0.424954 0.309622
vt 0.861406 0.282288
vt 0.419124 0.324614
vt 0.853363 0.296218
vt 0.412010 0.339041
vt 0.844136 0.309395
vt 0.403665 0.352793
vt 0.833797 0.321717
vt 0.394153 0.365765
vt 0.822422 0.333092
vt 0.383547 0.377859
vt 0.810100 0.343431
vt 0.371928 0.388982
vt 0.796923 0.352658
vt 0.359383 0.399050
vt 0.782993 0.360700
vt 0.346008 0.407987
vt 0.768414 0.367499
vt 0.331905 0.415724
vt 0.753299 0.373000
vt 0.317182 0.422203
vt 0.737761 0.377163
vt 0.301950 0.427373
vt 0.721920 0.379957
vt 0.286325 0.431197
vt 0.705895 0.381359
vt 0.270427 0.433644
vt 0.689809 0.381359
vt 0.254375 0.434696
vt 0.673785 0.379957
vt 0.238293 0.434345
vt 0.657944 0.377163
vt 0.222303 0.432594
vt 0.642406 0.373000
vt 0.206527 0.429456
vt 0.627290 0.367498
vt 0.191084 0.424954
vt 0.612712 0.360700
vt 0.176092 0.419124
vt 0.598781 0.352657
vt 0.161665 0.412010
vt 0.585605 0.343431
vt 0.147913 0.403665
vt 0.573282 0.333091
vt 0.134941 0.394153
vt 0.561908 0.321717
vt 0.122847 0.383547
vt 0.551568 0.309395
vt 0.654656 0.492979
vt 0.646147 0.493030
vt 0.569260 0.693877
vt 0.560752 0.693805
vt 0.526972 0.532840
vt 0.518463 0.532866
vt 0.654725 0.512655
vt 0.646216 0.512694
vt 0.569137 0.711642
vt 0.560629 0.711559
vt 0.527002 0.553378
vt 0.518493 0.553392
vt 0.654774 0.532840
vt 0.646266 0.532866
vt 0.568998 0.728400
vt 0.560489 0.728306
vt 0.527012 0.574113
vt 0.518503 0.574114
vt 0.654804 0.553378
vt 0.646296 0.553392
vt 0.369549 0.947943
vt 0.642169 0.615324
vt 0.354368 0.962703
vt 0.351871 0.957641
vt 0.611444 0.407246
vt 0.560334 0.743920
vt 0.527002 0.594888
vt 0.518493 0.594876
vt 0.654814 0.574113
vt 0.646306 0.574114
vt 0.529658 0.474118
vt 0.047736 0.373304
vt 0.059223 0.390495
vt 0.529745 0.493109
vt 0.611598 0.422257
vt 0.603090 0.422351
vt 0.529552 0.455927
vt 0.037791 0.355177
vt 0.526972 0.615544
vt 0.518463 0.615520
vt 0.529814 0.512756
vt 0.051500 0.371020
vt 0.062774 0.387892
vt 0.529864 0.532910
vt 0.072165 0.406620
vt 0.086462 0.421555
vt 0.173541 0.974556
vt 0.513934 0.439303
vt 0.529894 0.553417
vt 0.102007 0.435188
vt 0.465057 0.666584
vt 0.599450 0.655412
vt 0.476956 0.684097
vt 0.471538 0.685677
vt 0.529904 0.574121
vt 0.118681 0.447414
vt 0.075475 0.403717
vt 0.542342 0.296218
vt 0.111723 0.371928
vt 0.479398 0.725190
vt 0.599135 0.710847
vt 0.486359 0.745187
vt 0.480717 0.745310
vt 0.529894 0.594865
vt 0.136357 0.458140
vt 0.089507 0.418375
vt 0.429898 0.895018
vt 0.642169 0.533115
vt 0.420680 0.914081
vt 0.416604 0.910178
vt 0.529864 0.615490
vt 0.154901 0.467284
vt 0.104763 0.431754
vt 0.642199 0.553530
vt 0.405760 0.928364
vt 0.402039 0.924121
vt 0.529814 0.635840
vt 0.174171 0.474778
vt 0.121127 0.443753
vt 0.642209 0.574141
vt 0.389651 0.941293
vt 0.386314 0.936741
vt 0.529745 0.655759
vt 0.194021 0.480564
vt 0.138475 0.454280
vt 0.642199 0.594791
vt 0.372477 0.952768
vt 0.529658 0.675097
vt 0.214299 0.484597
vt 0.156674 0.463255
vt 0.323939 0.531494
vt 0.599258 0.456477
vt 0.345004 0.533636
vt 0.342731 0.538802
vt 0.529552 0.693706
vt 0.234852 0.486848
vt 0.175586 0.470609
vt 0.529429 0.711444
vt 0.255523 0.487299
vt 0.195067 0.476287
vt 0.333416 0.965762
vt 0.642051 0.655413
vt 0.315902 0.977662
vt 0.314323 0.972243
vt 0.529290 0.728176
vt 0.276155 0.485947
vt 0.214969 0.480246
vt 0.641964 0.674664
vt 0.295839 0.982571
vt 0.294738 0.977036
vt 0.276245 0.486775
vt 0.571736 0.407506
vt 0.526242 0.744023
vt 0.296590 0.482802
vt 0.529135 0.743776
vt 0.235140 0.482455
vt 0.641859 0.693189
vt 0.275424 0.985713
vt 0.274810 0.980103
vt 0.296752 0.483618
vt 0.571891 0.422494
vt 0.316673 0.477887
vt 0.255427 0.482898
vt 0.641736 0.710847
vt 0.254813 0.987064
vt 0.254690 0.981422
vt 0.316906 0.478687
vt 0.572030 0.438675
vt 0.336252 0.471241
vt 0.275675 0.481571
vt 0.641598 0.727505
vt 0.234162 0.986614
vt 0.234532 0.980982
vt 0.572153 0.455927
vt 0.355177 0.462914
vt 0.295731 0.478484
vt 0.513641 0.408273
vt 0.213630 0.984365
vt 0.214488 0.978787
vt 0.572259 0.474118
vt 0.373304 0.452969
vt 0.315441 0.473661
vt 0.513795 0.423194
vt 0.193371 0.980336
vt 0.194713 0.974853
vt 0.572346 0.493109
vt 0.390495 0.441482
vt 0.334656 0.467138
vt 0.572415 0.512756
vt 0.406620 0.428541
vt 0.353229 0.458965
vt 0.572465 0.532910
vt 0.421555 0.414243
vt 0.371020 0.449205
vt 0.599363 0.674663
vt 0.481866 0.704161
vt 0.476331 0.705262
vt 0.572495 0.553417
vt 0.435188 0.398698
vt 0.387892 0.437932
vt 0.599258 0.693189
vt 0.485008 0.724576
vt 0.572505 0.574121
vt 0.447414 0.382024
vt 0.403717 0.425231
vt 0.104982 0.930603
vt 0.514367 0.533115
vt 0.085919 0.921386
vt 0.089822 0.917309
vt 0.572495 0.594865
vt 0.458140 0.364348
vt 0.418375 0.411199
vt 0.598997 0.727505
vt 0.485909 0.765837
vt 0.480277 0.765468
vt 0.572465 0.615490
vt 0.467284 0.345804
vt 0.431754 0.395943
vt 0.641444 0.408273
vt 0.483660 0.786370
vt 0.478082 0.785511
vt 0.572415 0.635840
vt 0.474778 0.326534
vt 0.443753 0.379578
vt 0.641598 0.423194
vt 0.479630 0.806629
vt 0.474148 0.805287
vt 0.572346 0.655759
vt 0.480564 0.306685
vt 0.454280 0.362231
vt 0.641736 0.439303
vt 0.473850 0.826459
vt 0.468506 0.824645
vt 0.572259 0.675097
vt 0.484597 0.286406
vt 0.463255 0.344031
vt 0.641859 0.456477
vt 0.466364 0.845710
vt 0.461198 0.843437
vt 0.572153 0.693706
vt 0.486848 0.265853
vt 0.470609 0.325119
vt 0.641964 0.474586
vt 0.457229 0.864235
vt 0.452280 0.861520
vt 0.572030 0.711444
vt 0.487299 0.245182
vt 0.476287 0.305638
vt 0.642051 0.493492
vt 0.446513 0.881894
vt 0.441820 0.878758
vt 0.571891 0.728176
vt 0.485947 0.224551
vt 0.480246 0.285736
vt 0.642120 0.513051
vt 0.434299 0.898551
vt 0.486775 0.224460
vt 0.614337 0.407506
vt 0.568843 0.744023
vt 0.482802 0.204115
vt 0.571736 0.743776
vt 0.482455 0.265565
vt 0.514396 0.553530
vt 0.071636 0.906465
vt 0.075879 0.902744
vt 0.483618 0.203953
vt 0.614492 0.422494
vt 0.477887 0.184032
vt 0.482898 0.245278
vt 0.514406 0.574141
vt 0.058707 0.890356
vt 0.063259 0.887019
vt 0.478687 0.183799
vt 0.614631 0.438675
vt 0.471241 0.164454
vt 0.481571 0.225030
vt 0.514396 0.594791
vt 0.047232 0.873182
vt 0.052057 0.870254
vt 0.614754 0.455927
vt 0.462914 0.145529
vt 0.478484 0.204974
vt 0.514367 0.615324
vt 0.037297 0.855073
vt 0.042358 0.852577
vt 0.614860 0.474118
vt 0.452969 0.127402
vt 0.473661 0.185264
vt 0.514317 0.635582
vt 0.028978 0.836167
vt 0.034238 0.834121
vt 0.614947 0.493109
vt 0.441482 0.110210
vt 0.467138 0.166049
vt 0.027757 0.815028
vt 0.514161 0.674664
vt 0.017429 0.796544
vt 0.022964 0.795443
vt 0.615016 0.512756
vt 0.428541 0.094086
vt 0.458965 0.147476
vt 0.529429 0.438675
vt 0.615066 0.532910
vt 0.414243 0.079150
vt 0.449205 0.129686
vt 0.514056 0.693189
vt 0.014286 0.776129
vt 0.019897 0.775515
vt 0.615096 0.553417
vt 0.398698 0.065518
vt 0.437932 0.112814
vt 0.513934 0.710847
vt 0.012935 0.755518
vt 0.018578 0.755395
vt 0.615106 0.574121
vt 0.382024 0.053292
vt 0.425231 0.096988
vt 0.513795 0.727505
vt 0.013386 0.734868
vt 0.019018 0.735237
vt 0.615096 0.594865
vt 0.364348 0.042566
vt 0.411199 0.082330
vt 0.556242 0.408273
vt 0.015635 0.714335
vt 0.021213 0.715194
vt 0.615066 0.615490
vt 0.345804 0.033421
vt 0.395942 0.068951
vt 0.556396 0.423194
vt 0.019664 0.694077
vt 0.025146 0.695418
vt 0.615016 0.635840
vt 0.326534 0.025927
vt 0.379578 0.056952
vt 0.556535 0.439303
vt 0.025444 0.674246
vt 0.030789 0.676061
vt 0.614947 0.655759
vt 0.306685 0.020142
vt 0.362231 0.046426
vt 0.556657 0.456477
vt 0.032930 0.654995
vt 0.038096 0.657269
vt 0.614860 0.675097
vt 0.286406 0.016108
vt 0.344031 0.037451
vt 0.556762 0.474586
vt 0.042066 0.636470
vt 0.047014 0.639185
vt 0.614754 0.693706
vt 0.265853 0.013857
vt 0.325119 0.030096
vt 0.556850 0.493492
vt 0.052781 0.618812
vt 0.057474 0.621947
vt 0.614631 0.711444
vt 0.245182 0.013406
vt 0.305638 0.024418
vt 0.556918 0.513051
vt 0.064995 0.602154
vt 0.069397 0.605687
vt 0.614492 0.728176
vt 0.224551 0.014758
vt 0.285736 0.020459
vt 0.556967 0.533115
vt 0.078614 0.586625
vt 0.082691 0.590527
vt 0.224460 0.013931
vt 0.656938 0.407506
vt 0.611444 0.744023
vt 0.204115 0.017904
vt 0.614337 0.743776
vt 0.265565 0.018250
vt 0.556997 0.553530
vt 0.093535 0.572341
vt 0.097256 0.576584
vt 0.203953 0.017087
vt 0.657092 0.422494
vt 0.184032 0.022818
vt 0.245278 0.017808
vt 0.557007 0.574141
vt 0.109644 0.559412
vt 0.112981 0.563964
vt 0.183799 0.022019
vt 0.657232 0.438675
vt 0.164454 0.029464
vt 0.225030 0.019135
vt 0.556997 0.594791
vt 0.126818 0.547937
vt 0.129746 0.552762
vt 0.657355 0.455927
vt 0.145529 0.037791
vt 0.204974 0.022222
vt 0.556967 0.615324
vt 0.144927 0.538002
vt 0.147423 0.543064
vt 0.657461 0.474118
vt 0.127402 0.047736
vt 0.185264 0.027045
vt 0.556918 0.635582
vt 0.163833 0.529683
vt 0.165879 0.534943
vt 0.657548 0.493109
vt 0.110210 0.059223
vt 0.166049 0.033567
vt 0.556850 0.655413
vt 0.183392 0.523043
vt 0.184972 0.528462
vt 0.657617 0.512756
vt 0.094086 0.072165
vt 0.147476 0.041740
vt 0.556762 0.674664
vt 0.203456 0.518134
vt 0.204557 0.523669
vt 0.657667 0.532910
vt 0.079150 0.086462
vt 0.129685 0.051500
vt 0.556657 0.693189
vt 0.223871 0.514992
vt 0.224485 0.520602
vt 0.657696 0.553417
vt 0.065518 0.102007
vt 0.112814 0.062774
vt 0.556535 0.710847
vt 0.244482 0.513641
vt 0.244605 0.519283
vt 0.657706 0.574121
vt 0.053292 0.118681
vt 0.096988 0.075475
vt 0.556396 0.727505
vt 0.265132 0.514091
vt 0.264763 0.519723
vt 0.657696 0.594865
vt 0.042566 0.136357
vt 0.082330 0.089507
vt 0.598843 0.408273
vt 0.285665 0.516340
vt 0.284806 0.521918
vt 0.657667 0.615490
vt 0.033421 0.154901
vt 0.068951 0.104763
vt 0.598997 0.423194
vt 0.305923 0.520370
vt 0.304582 0.525852
vt 0.657617 0.635840
vt 0.025927 0.174171
vt 0.056952 0.121127
vt 0.599135 0.439302
vt 0.325753 0.526149
vt 0.657548 0.655759
vt 0.020142 0.194021
vt 0.046425 0.138475
vt 0.599363 0.474586
vt 0.363530 0.542771
vt 0.360815 0.547719
vt 0.657461 0.675097
vt 0.016108 0.214299
vt 0.037451 0.156674
vt 0.657355 0.693706
vt 0.013857 0.234852
vt 0.030096 0.175586
vt 0.599450 0.493492
vt 0.381188 0.553487
vt 0.378053 0.558179
vt 0.657232 0.711444
vt 0.013406 0.255523
vt 0.024418 0.195067
vt 0.599519 0.513051
vt 0.397846 0.565700
vt 0.394313 0.570102
vt 0.657092 0.728176
vt 0.014758 0.276155
vt 0.020459 0.214969
vt 0.599568 0.533115
vt 0.413375 0.579319
vt 0.409472 0.583396
vt 0.013931 0.276245
vt 0.529135 0.407506
vt 0.654044 0.744023
vt 0.017904 0.296590
vt 0.656938 0.743776
vt 0.018250 0.235140
vt 0.599598 0.553530
vt 0.427659 0.594240
vt 0.423415 0.597961
vt 0.017087 0.296752
vt 0.529290 0.422494
vt 0.022818 0.316673
vt 0.017808 0.255427
vt 0.599608 0.574141
vt 0.440587 0.610349
vt 0.436036 0.613686
vt 0.022019 0.316906
vt 0.029464 0.336252
vt 0.019135 0.275675
vt 0.599598 0.594791
vt 0.452063 0.627523
vt 0.447238 0.630451
vt 0.175355 0.969211
vt 0.041740 0.353229
vt 0.033567 0.334656
vt 0.022222 0.295731
vt 0.599568 0.615324
vt 0.461998 0.645632
vt 0.456936 0.648129
vt 0.156563 0.961904
vt 0.514161 0.474586
vt 0.135765 0.957934
vt 0.138480 0.952986
vt 0.027045 0.315441
vt 0.148104 0.902324
vt 0.599519 0.635582
vt 0.470317 0.664538
vt 0.154290 0.967069
vt 0.514056 0.456477
vt 0.121242 0.942526
vt 0.514317 0.513051
vt 0.101449 0.935005
vt 0.642120 0.635582
vt 0.335462 0.971022
vt 0.206205 0.927889
vt 0.190897 0.923427
vt 0.514249 0.493492
vt 0.118106 0.947218
vt 0.514249 0.655413
vt 0.022338 0.816608
vt 0.560334 0.407350
vt 0.513641 0.743034
vt 0.602935 0.407350
vt 0.556242 0.743034
vt 0.645536 0.407350
vt 0.598843 0.743034
vt 0.517733 0.407350
vt 0.641444 0.743034
vt 0.135245 0.892896
vt 0.123257 0.882382
vt 0.112231 0.870864
vt 0.102250 0.858429
vt 0.093392 0.845171
vt 0.085722 0.831192
vt 0.079301 0.816597
vt 0.074175 0.801498
vt 0.070385 0.786011
vt 0.067960 0.770251
vt 0.066917 0.754340
vt 0.067265 0.738399
vt 0.069000 0.722549
vt 0.072111 0.706910
vt 0.076573 0.691602
vt 0.082352 0.676741
vt 0.089404 0.662441
vt 0.097676 0.648809
vt 0.107104 0.635950
vt 0.117618 0.623962
vt 0.129136 0.612936
vt 0.141571 0.602956
vt 0.154829 0.594097
vt 0.168808 0.586428
vt 0.183403 0.580006
vt 0.198501 0.574880
vt 0.213989 0.571091
vt 0.229749 0.568665
vt 0.245660 0.567622
vt 0.261601 0.567970
vt 0.277451 0.569706
vt 0.293090 0.572816
vt 0.308398 0.577278
vt 0.323259 0.583057
vt 0.337559 0.590109
vt 0.351191 0.598381
vt 0.364050 0.607810
vt 0.376038 0.618323
vt 0.387064 0.629841
vt 0.397044 0.642276
vt 0.405903 0.655534
vt 0.413572 0.669513
vt 0.419994 0.684108
vt 0.425119 0.699207
vt 0.428909 0.714695
vt 0.431335 0.730454
vt 0.432378 0.746365
vt 0.432030 0.762306
vt 0.430294 0.778156
vt 0.427184 0.793795
vt 0.422722 0.809103
vt 0.416943 0.823964
vt 0.409890 0.838265
vt 0.401619 0.851896
vt 0.392190 0.864755
vt 0.381677 0.876743
vt 0.370159 0.887769
vt 0.357724 0.897750
vt 0.344466 0.906608
vt 0.330487 0.914277
vt 0.315892 0.920699
vt 0.300793 0.925825
vt 0.285305 0.929615
vt 0.269546 0.932040
vt 0.253635 0.933083
vt 0.237694 0.932735
vt 0.221843 0.931000
vt 0.092718 0.346008
vt 0.527501 0.267709
s 1
usemtl Material.001
f 6014/1779/6007 6018/1780/6008 6303/1781/6009 6300/1782/6010
f 6658/1783/6011 6301/1784/6012 6304/1785/6013
f 6294/1786/6014 6009/1787/6015 6298/1788/6016 6510/1789/6017
f 6254/1790/6018 6258/1791/6019 6483/1792/6020 6480/1793/6021
f 6150/1794/6022 6154/1795/6023 6405/1796/6024 6402/1797/6025
f 6046/1798/6026 6050/1799/6027 6327/1800/6028 6324/1801/6029
f 6258/1791/6019 6262/1802/6030 6486/1803/6031 6483/1792/6020
f 6154/1795/6023 6158/1804/6032 6408/1805/6033 6405/1796/6024
f 6050/1799/6027 6054/1806/6034 6330/1807/6035 6327/1800/6028
f 6262/1802/6030 6266/1808/6036 6489/1809/6037 6486/1803/6031
f 6158/1804/6032 6162/1810/6038 6411/1811/6039 6408/1805/6033
f 6054/1806/6034 6058/1812/6040 6333/1813/6041 6330/1807/6035
f 6266/1808/6036 6270/1814/6042 6492/1815/6043 6489/1809/6037
f 6162/1810/6038 6166/1816/6044 6414/1817/6045 6411/1811/6039
f 6058/1812/6040 6062/1818/6046 6336/1819/6047 6333/1813/6041
f 6270/1814/6042 6274/1820/6048 6495/1821/6049 6492/1815/6043
f 6166/1816/6044 6170/1822/6050 6417/1823/6051 6414/1817/6045
f 6062/1818/6046 6066/1824/6052 6339/1825/6053 6336/1819/6047
f 6274/1820/6048 6278/1826/6054 6498/1827/6055 6495/1821/6049
f 6170/1822/6050 6174/1828/6056 6420/1829/6057 6417/1823/6051
f 6066/1824/6052 6070/1830/6058 6342/1831/6059 6339/1825/6053
f 6278/1826/6054 6282/1832/6060 6501/1833/6061 6498/1827/6055
f 6174/1828/6056 6178/1834/6062 6423/1835/6063 6420/1829/6057
f 6070/1830/6058 6074/1836/6064 6345/1837/6065 6342/1831/6059
f 6282/1832/6060 6286/1838/6066 6504/1839/6067 6501/1833/6061
f 6178/1834/6062 6182/1840/6068 6426/1841/6069 6423/1835/6063
f 6074/1836/6064 6078/1842/6070 6348/1843/6071 6345/1837/6065
f 6286/1838/6066 6290/1844/6072 6507/1845/6073 6504/1839/6067
f 6182/1840/6068 6186/1846/6074 6429/1847/6075 6426/1841/6069
f 6078/1842/6070 6082/1848/6076 6351/1849/6077 6348/1843/6071
f 6290/1844/6072 6294/1786/6014 6510/1789/6017 6507/1845/6073
f 6186/1846/6074 6190/1850/6078 6432/1851/6079 6429/1847/6075
f 6082/1848/6076 6086/1852/6080 6354/1853/6081 6351/1849/6077
f 6190/1850/6078 6194/1854/6082 6435/1855/6083 6432/1851/6079
f 6086/1852/6080 6090/1856/6084 6357/1857/6085 6354/1853/6081
f 6194/1854/6082 6198/1858/6086 6438/1859/6087 6435/1855/6083
f 6090/1856/6084 6094/1860/6088 6360/1861/6089 6357/1857/6085
f 6018/1780/6008 6022/1862/6090 6306/1863/6091 6303/1781/6009
f 6198/1858/6086 6202/1864/6092 6441/1865/6093 6438/1859/6087
f 6094/1860/6088 6098/1866/6094 6363/1867/6095 6360/1861/6089
f 6202/1864/6092 6206/1868/6096 6444/1869/6097 6441/1865/6093
f 6098/1866/6094 6102/1870/6098 6366/1871/6099 6363/1867/6095
f 6206/1868/6096 6210/1872/6100 6447/1873/6101 6444/1869/6097
f 6102/1870/6098 6106/1874/6102 6369/1875/6103 6366/1871/6099
f 6210/1872/6100 6214/1876/6104 6450/1877/6105 6447/1873/6101
f 6106/1874/6102 6110/1878/6106 6372/1879/6107 6369/1875/6103
f 6214/1876/6104 6218/1880/6108 6453/1881/6109 6450/1877/6105
f 6110/1878/6106 6114/1882/6110 6375/1883/6111 6372/1879/6107
f 6218/1880/6108 6222/1884/6112 6456/1885/6113 6453/1881/6109
f 6114/1882/6110 6118/1886/6114 6378/1887/6115 6375/1883/6111
f 6222/1884/6112 6226/1888/6116 6459/1889/6117 6456/1885/6113
f 6118/1886/6114 6122/1890/6118 6381/1891/6119 6378/1887/6115
f 6226/1888/6116 6230/1892/6120 6462/1893/6121 6459/1889/6117
f 6122/1890/6118 6126/1894/6122 6384/1895/6123 6381/1891/6119
f 6657/1896/6124 6017/1897/6125 6013/1898/6126
f 6657/1896/6124 6010/1899/6126 6293/1900/6126
f 6657/1896/6124 6293/1901/6126 6289/1902/6127
f 6657/1896/6124 6289/1903/6127 6285/1904/6128
f 6657/1896/6124 6285/1905/6128 6281/1906/6129
f 6657/1896/6124 6281/1907/6129 6277/1908/6129
f 6657/1896/6124 6277/1909/6129 6273/1910/6130
f 6657/1896/6124 6273/1911/6130 6269/1912/6130
f 6657/1896/6124 6269/1913/6130 6265/1914/6131
f 6657/1896/6124 6265/1915/6131 6261/1916/6131
f 6657/1896/6124 6261/1917/6131 6257/1918/6131
f 6657/1896/6124 6257/1919/6131 6253/1920/6132
f 6657/1896/6124 6253/1921/6132 6249/1922/6132
f 6657/1896/6124 6249/1923/6132 6245/1924/6133
f 6657/1896/6124 6245/1925/6133 6241/1926/6133
f 6657/1896/6124 6241/1927/6133 6237/1928/6134
f 6657/1896/6124 6237/1929/6134 6233/1930/6135
f 6657/1896/6124 6233/1931/6135 6229/1932/6136
f 6657/1896/6124 6229/1933/6136 6225/1934/6136
f 6657/1896/6124 6225/1935/6136 6221/1936/6136
f 6657/1896/6124 6221/1937/6136 6217/1938/6137
f 6657/1896/6124 6217/1939/6137 6213/1940/6138
f 6657/1896/6124 6213/1941/6138 6209/1942/6139
f 6657/1896/6124 6209/1943/6139 6205/1944/6139
f 6657/1896/6124 6205/1945/6139 6201/1946/6140
f 6657/1896/6124 6201/1947/6140 6197/1948/6140
f 6657/1896/6124 6197/1949/6140 6193/1950/6141
f 6657/1896/6124 6193/1951/6141 6189/1952/6141
f 6657/1896/6124 6189/1953/6141 6185/1954/6141
f 6657/1896/6124 6185/1955/6141 6181/1956/6142
f 6657/1896/6124 6181/1957/6142 6177/1958/6142
f 6657/1896/6124 6177/1959/6142 6173/1960/6143
f 6657/1896/6124 6173/1961/6143 6169/1962/6143
f 6657/1896/6124 6169/1963/6143 6165/1964/6144
f 6657/1896/6124 6165/1965/6144 6161/1966/6145
f 6657/1896/6124 6161/1967/6145 6157/1968/6146
f 6657/1896/6124 6157/1969/6146 6153/1970/6146
f 6657/1896/6124 6153/1971/6146 6149/1972/6146
f 6657/1896/6124 6149/1973/6146 6145/1974/6147
f 6657/1896/6124 6145/1975/6147 6141/1976/6148
f 6657/1896/6124 6141/1977/6148 6137/1978/6149
f 6657/1896/6124 6137/1979/6149 6133/1980/6149
f 6657/1896/6124 6133/1981/6149 6129/1982/6150
f 6657/1896/6124 6129/1983/6150 6125/1984/6150
f 6657/1896/6124 6125/1985/6150 6121/1986/6151
f 6657/1896/6124 6121/1987/6151 6117/1988/6151
f 6657/1896/6124 6117/1989/6151 6113/1990/6151
f 6657/1896/6124 6113/1991/6151 6109/1992/6152
f 6657/1896/6124 6109/1993/6152 6105/1994/6152
f 6657/1896/6124 6105/1995/6152 6101/1996/6153
f 6657/1896/6124 6101/1997/6153 6097/1998/6153
f 6657/1896/6124 6097/1999/6153 6093/2000/6154
f 6657/1896/6124 6093/2001/6154 6089/2002/6155
f 6657/1896/6124 6089/2003/6155 6085/2004/6156
f 6657/1896/6124 6085/2005/6156 6081/2006/6156
f 6657/1896/6124 6081/2007/6156 6077/2008/6156
f 6657/1896/6124 6077/2009/6156 6073/2010/6157
f 6657/1896/6124 6073/2011/6157 6069/2012/6158
f 6657/1896/6124 6069/2013/6158 6065/2014/6159
f 6657/1896/6124 6065/2015/6159 6061/2016/6159
f 6657/1896/6124 6061/2017/6159 6057/2018/6160
f 6657/1896/6124 6057/2019/6160 6053/2020/6160
f 6657/1896/6124 6053/2021/6160 6049/2022/6161
f 6657/1896/6124 6049/2023/6161 6045/2024/6161
f 6657/1896/6124 6045/2025/6161 6041/2026/6161
f 6657/1896/6124 6041/2027/6161 6037/2028/6162
f 6657/1896/6124 6037/2029/6162 6033/2030/6162
f 6657/1896/6124 6033/2031/6162 6029/2032/6163
f 6657/1896/6124 6029/2033/6163 6025/2034/6163
f 6657/1896/6124 6025/2035/6163 6021/2036/6164
f 6230/1892/6120 6234/2037/6165 6465/2038/6166 6462/1893/6121
f 6126/1894/6122 6130/2039/6167 6387/2040/6168 6384/1895/6123
f 6022/1862/6090 6026/2041/6169 6309/2042/6170 6306/1863/6091
f 6234/2037/6165 6238/2043/6171 6468/2044/6172 6465/2038/6166
f 6130/2039/6167 6134/2045/6173 6390/2046/6174 6387/2040/6168
f 6026/2041/6169 6030/2047/6175 6312/2048/6176 6309/2042/6170
f 6238/2043/6171 6242/2049/6177 6471/2050/6178 6468/2044/6172
f 6134/2045/6173 6138/2051/6179 6393/2052/6180 6390/2046/6174
f 6030/2047/6175 6034/2053/6181 6315/2054/6182 6312/2048/6176
f 6242/2049/6177 6246/2055/6183 6474/2056/6184 6471/2050/6178
f 6575/2057/6185 6485/2058/6186 6488/2059/6187 6576/2060/6188
f 6138/2051/6179 6142/2061/6189 6396/2062/6190 6393/2052/6180
f 6034/2053/6181 6038/2063/6191 6318/2064/6192 6315/2054/6182
f 6246/2055/6183 6250/2065/6193 6477/2066/6194 6474/2056/6184
f 6016/2067/6195 6015/2068/6195 6019/2069/6196 6020/2070/6196
f 6142/2061/6189 6146/2071/6197 6399/2072/6198 6396/2062/6190
f 6015/2068/6195 6016/2067/6195 6011/2073/6199 6012/2074/6199
f 6038/2063/6191 6042/2075/6200 6321/2076/6201 6318/2064/6192
f 6250/2065/6193 6254/1790/6018 6480/1793/6021 6477/2066/6194
f 6146/2071/6197 6150/1794/6022 6402/1797/6025 6399/2072/6198
f 6042/2075/6200 6046/1798/6026 6324/1801/6029 6321/2076/6201
f 6009/1787/6015 6014/1779/6007 6300/1782/6010 6298/1788/6016
f 6016/2067/6202 6014/1779/6007 6009/1787/6015 6011/2073/6203
f 6018/1780/6008 6020/2070/6204 6024/2077/6205 6022/1862/6090
f 6015/2068/6206 6586/2078/6207 6587/2079/6208 6019/2069/6209
f 6022/1862/6090 6024/2077/6205 6028/2080/6210 6026/2041/6169
f 6024/2077/6211 6023/2081/6211 6027/2082/6212 6028/2080/6212
f 6298/1788/6016 6299/2083/6213 6512/2084/6214 6510/1789/6017
f 6026/2041/6169 6028/2080/6210 6032/2085/6215 6030/2047/6175
f 6028/2080/6212 6027/2082/6212 6031/2086/6216 6032/2085/6216
f 6559/2087/6217 6437/2088/6218 6440/2089/6219 6560/2090/6220
f 6030/2047/6175 6032/2085/6215 6036/2091/6221 6034/2053/6181
f 6032/2085/6216 6031/2086/6216 6035/2092/6222 6036/2091/6222
f 6588/2093/6223 6587/2079/6208 6017/2094/6125 6021/2095/6164
f 6562/2096/6224 6446/2097/6225 6449/2098/6226 6563/2099/6227
f 6034/2053/6181 6036/2091/6221 6040/2100/6228 6038/2063/6191
f 6036/2091/6222 6035/2092/6222 6039/2101/6229 6040/2100/6229
f 6589/2102/6230 6588/2093/6223 6021/2036/6164 6025/2035/6163
f 6571/2103/6231 6473/2104/6232 6476/2105/6233 6572/2106/6234
f 6038/2063/6191 6040/2100/6228 6044/2107/6235 6042/2075/6200
f 6040/2100/6229 6039/2101/6229 6043/2108/6236 6044/2107/6236
f 6590/2109/6237 6589/2102/6230 6025/2034/6163 6029/2033/6163
f 6572/2106/6234 6476/2110/6233 6479/2111/6238 6573/2112/6239
f 6042/2075/6200 6044/2107/6235 6048/2113/6240 6046/1798/6026
f 6044/2107/6236 6043/2108/6236 6047/2114/6241 6048/2113/6241
f 6591/2115/6242 6590/2109/6237 6029/2032/6163 6033/2031/6162
f 6573/2112/6239 6479/2116/6238 6482/2117/6243 6574/2118/6244
f 6046/1798/6026 6048/2113/6240 6052/2119/6245 6050/1799/6027
f 6048/2113/6241 6047/2114/6241 6051/2120/6246 6052/2119/6246
f 6592/2121/6247 6591/2115/6242 6033/2030/6162 6037/2029/6162
f 6574/2118/6244 6482/2122/6243 6485/2123/6186 6575/2057/6185
f 6050/1799/6027 6052/2119/6245 6056/2124/6248 6054/1806/6034
f 6052/2119/6246 6051/2120/6246 6055/2125/6249 6056/2124/6249
f 6593/2126/6250 6592/2121/6247 6037/2028/6162 6041/2027/6161
f 6549/2127/6251 6407/2128/6252 6410/2129/6253 6550/2130/6254
f 6054/1806/6034 6056/2124/6248 6060/2131/6255 6058/1812/6040
f 6056/2124/6249 6055/2125/6249 6059/2132/6256 6060/2131/6256
f 6594/2133/6257 6593/2126/6250 6041/2026/6161 6045/2025/6161
f 6058/1812/6040 6060/2131/6255 6064/2134/6258 6062/1818/6046
f 6060/2131/6256 6059/2132/6256 6063/2135/6259 6064/2134/6259
f 6595/2136/6260 6594/2133/6257 6045/2024/6161 6049/2023/6161
f 6577/2137/6261 6491/2138/6262 6494/2139/6263 6578/2140/6264
f 6062/1818/6046 6064/2134/6258 6068/2141/6265 6066/1824/6052
f 6064/2134/6259 6063/2135/6259 6067/2142/6266 6068/2141/6266
f 6596/2143/6267 6595/2136/6260 6049/2022/6161 6053/2021/6160
f 6578/2140/6264 6494/2144/6263 6497/2145/6268 6579/2146/6269
f 6066/1824/6052 6068/2147/6265 6072/2148/6270 6070/2149/6058
f 6068/2141/6266 6067/2142/6266 6071/2150/6271 6072/2151/6271
f 6597/2152/6272 6596/2143/6267 6053/2020/6160 6057/2019/6160
f 6579/2146/6269 6497/2153/6268 6500/2154/6273 6580/2155/6274
f 6070/2149/6058 6072/2156/6270 6076/2157/6275 6074/1836/6064
f 6072/2156/6271 6071/2150/6271 6075/2158/6276 6076/2157/6276
f 6598/2159/6277 6597/2152/6272 6057/2018/6160 6061/2017/6159
f 6580/2155/6274 6500/2160/6273 6503/2161/6278 6581/2162/6279
f 6074/1836/6064 6076/2163/6275 6080/2164/6280 6078/1842/6070
f 6076/2163/6276 6075/2158/6276 6079/2165/6281 6080/2164/6281
f 6599/2166/6282 6598/2159/6277 6061/2016/6159 6065/2015/6159
f 6581/2162/6279 6503/2167/6278 6506/2168/6283 6582/2169/6284
f 6078/1842/6070 6080/2164/6280 6084/2170/6285 6082/1848/6076
f 6080/2164/6281 6079/2165/6281 6083/2171/6286 6084/2170/6286
f 6600/2172/6287 6599/2166/6282 6065/2014/6159 6069/2013/6158
f 6582/2169/6284 6506/2173/6283 6509/2174/6288 6583/2175/6289
f 6082/1848/6076 6084/2170/6285 6088/2176/6290 6086/1852/6080
f 6084/2170/6286 6083/2171/6286 6087/2177/6291 6088/2176/6291
f 6601/2178/6292 6600/2172/6287 6069/2012/6158 6073/2011/6157
f 6583/2175/6289 6509/2179/6288 6512/2180/6293 6584/2181/6294
f 6086/1852/6080 6088/2176/6290 6092/2182/6295 6090/1856/6084
f 6088/2176/6291 6087/2177/6291 6091/2183/6296 6092/2182/6296
f 6602/2184/6297 6601/2178/6292 6073/2010/6157 6077/2009/6156
f 6090/1856/6084 6092/2182/6295 6096/2185/6298 6094/1860/6088
f 6092/2182/6296 6091/2183/6296 6095/2186/6299 6096/2185/6299
f 6603/2187/6300 6602/2184/6297 6077/2008/6156 6081/2007/6156
f 6094/1860/6088 6096/2185/6298 6100/2188/6301 6098/1866/6094
f 6096/2185/6299 6095/2186/6299 6099/2189/6302 6100/2188/6302
f 6604/2190/6303 6603/2187/6300 6081/2006/6156 6085/2005/6156
f 6560/2090/6220 6440/2191/6219 6443/2192/6304 6561/2193/6305
f 6098/1866/6094 6100/2188/6301 6104/2194/6306 6102/1870/6098
f 6100/2188/6302 6099/2189/6302 6103/2195/6307 6104/2194/6307
f 6605/2196/6308 6604/2190/6303 6085/2004/6156 6089/2003/6155
f 6561/2193/6305 6443/2197/6304 6446/2198/6225 6562/2096/6224
f 6102/1870/6098 6104/2194/6306 6108/2199/6309 6106/1874/6102
f 6104/2194/6307 6103/2195/6307 6107/2200/6310 6108/2199/6310
f 6606/2201/6311 6605/2196/6308 6089/2002/6155 6093/2001/6154
f 6517/2202/6312 6311/2203/6313 6314/2204/6314 6518/2205/6315
f 6106/1874/6102 6108/2199/6309 6112/2206/6316 6110/1878/6106
f 6108/2199/6310 6107/2200/6310 6111/2207/6317 6112/2206/6317
f 6607/2208/6318 6606/2201/6311 6093/2000/6154 6097/1999/6153
f 6563/2099/6227 6449/2209/6226 6452/2210/6319 6564/2211/6320
f 6110/1878/6106 6112/2206/6316 6116/2212/6321 6114/1882/6110
f 6112/2206/6317 6111/2207/6317 6115/2213/6322 6116/2212/6322
f 6608/2214/6323 6607/2208/6318 6097/1998/6153 6101/1997/6153
f 6564/2211/6320 6452/2215/6319 6455/2216/6324 6565/2217/6325
f 6114/1882/6110 6116/2212/6321 6120/2218/6326 6118/1886/6114
f 6116/2212/6322 6115/2213/6322 6119/2219/6327 6120/2218/6327
f 6609/2220/6328 6608/2214/6323 6101/1996/6153 6105/1995/6152
f 6565/2217/6325 6455/2221/6324 6458/2222/6329 6566/2223/6330
f 6118/1886/6114 6120/2218/6326 6124/2224/6331 6122/1890/6118
f 6120/2218/6327 6119/2219/6327 6123/2225/6332 6124/2224/6332
f 6610/2226/6333 6609/2220/6328 6105/1994/6152 6109/1993/6152
f 6566/2223/6330 6458/2227/6329 6461/2228/6334 6567/2229/6335
f 6122/1890/6118 6124/2224/6331 6128/2230/6336 6126/1894/6122
f 6124/2224/6332 6123/2225/6332 6127/2231/6337 6128/2230/6337
f 6611/2232/6338 6610/2226/6333 6109/1992/6152 6113/1991/6151
f 6567/2229/6335 6461/2233/6334 6464/2234/6339 6568/2235/6340
f 6126/1894/6122 6128/2230/6336 6132/2236/6341 6130/2039/6167
f 6128/2230/6337 6127/2231/6337 6131/2237/6342 6132/2236/6342
f 6612/2238/6343 6611/2232/6338 6113/1990/6151 6117/1989/6151
f 6568/2235/6340 6464/2239/6339 6467/2240/6344 6569/2241/6345
f 6130/2039/6167 6132/2236/6341 6136/2242/6346 6134/2045/6173
f 6132/2236/6342 6131/2237/6342 6135/2243/6347 6136/2242/6347
f 6613/2244/6348 6612/2238/6343 6117/1988/6151 6121/1987/6151
f 6569/2241/6345 6467/2245/6344 6470/2246/6349 6570/2247/6350
f 6134/2045/6173 6136/2242/6346 6140/2248/6351 6138/2051/6179
f 6136/2242/6347 6135/2243/6347 6139/2249/6352 6140/2248/6352
f 6614/2250/6353 6613/2244/6348 6121/1986/6151 6125/1985/6150
f 6570/2247/6350 6470/2251/6349 6473/2252/6232 6571/2103/6231
f 6138/2051/6179 6140/2253/6351 6144/2254/6354 6142/2255/6189
f 6140/2248/6352 6139/2249/6352 6143/2256/6355 6144/2257/6355
f 6615/2258/6356 6614/2250/6353 6125/1984/6150 6129/1983/6150
f 6518/2205/6315 6314/2259/6314 6317/2260/6357 6519/2261/6358
f 6142/2255/6189 6144/2262/6354 6148/2263/6359 6146/2071/6197
f 6144/2262/6355 6143/2256/6355 6147/2264/6360 6148/2263/6360
f 6616/2265/6361 6615/2258/6356 6129/1982/6150 6133/1981/6149
f 6519/2261/6358 6317/2266/6357 6320/2267/6362 6520/2268/6363
f 6146/2071/6197 6148/2269/6359 6152/2270/6364 6150/1794/6022
f 6148/2269/6360 6147/2264/6360 6151/2271/6365 6152/2270/6365
f 6617/2272/6366 6616/2265/6361 6133/1980/6149 6137/1979/6149
f 6520/2268/6363 6320/2273/6362 6323/2274/6367 6521/2275/6368
f 6150/1794/6022 6152/2270/6364 6156/2276/6369 6154/1795/6023
f 6152/2270/6365 6151/2271/6365 6155/2277/6370 6156/2276/6370
f 6618/2278/6371 6617/2272/6366 6137/1978/6149 6141/1977/6148
f 6521/2275/6368 6323/2279/6367 6326/2280/6372 6522/2281/6373
f 6154/1795/6023 6156/2276/6369 6160/2282/6374 6158/1804/6032
f 6156/2276/6370 6155/2277/6370 6159/2283/6375 6160/2282/6375
f 6619/2284/6376 6618/2278/6371 6141/1976/6148 6145/1975/6147
f 6522/2281/6373 6326/2285/6372 6329/2286/6377 6523/2287/6378
f 6158/1804/6032 6160/2282/6374 6164/2288/6379 6162/1810/6038
f 6160/2282/6375 6159/2283/6375 6163/2289/6380 6164/2288/6380
f 6620/2290/6381 6619/2284/6376 6145/1974/6147 6149/1973/6146
f 6524/2291/6382 6332/2292/6383 6335/2293/6384 6525/2294/6385
f 6162/1810/6038 6164/2288/6379 6168/2295/6386 6166/1816/6044
f 6164/2288/6380 6163/2289/6380 6167/2296/6387 6168/2295/6387
f 6621/2297/6388 6620/2290/6381 6149/1972/6146 6153/1971/6146
f 6011/2073/6203 6009/1787/6015 6294/1786/6014 6296/2298/6389
f 6166/1816/6044 6168/2295/6386 6172/2299/6390 6170/1822/6050
f 6168/2295/6387 6167/2296/6387 6171/2300/6391 6172/2299/6391
f 6622/2301/6392 6621/2297/6388 6153/1970/6146 6157/1969/6146
f 6525/2294/6385 6335/2302/6384 6338/2303/6393 6526/2304/6394
f 6170/1822/6050 6172/2299/6390 6176/2305/6395 6174/1828/6056
f 6172/2299/6391 6171/2300/6391 6175/2306/6396 6176/2305/6396
f 6623/2307/6397 6622/2301/6392 6157/1968/6146 6161/1967/6145
f 6526/2304/6394 6338/2308/6393 6341/2309/6398 6527/2310/6399
f 6174/1828/6056 6176/2305/6395 6180/2311/6400 6178/1834/6062
f 6176/2305/6396 6175/2306/6396 6179/2312/6401 6180/2311/6401
f 6624/2313/6402 6623/2307/6397 6161/1966/6145 6165/1965/6144
f 6527/2310/6399 6341/2314/6398 6344/2315/6403 6528/2316/6404
f 6178/1834/6062 6180/2311/6400 6184/2317/6405 6182/1840/6068
f 6180/2311/6401 6179/2312/6401 6183/2318/6406 6184/2317/6406
f 6625/2319/6407 6624/2313/6402 6165/1964/6144 6169/1963/6143
f 6528/2316/6404 6344/2320/6403 6347/2321/6408 6529/2322/6409
f 6182/1840/6068 6184/2317/6405 6188/2323/6410 6186/1846/6074
f 6184/2317/6406 6183/2318/6406 6187/2324/6411 6188/2323/6411
f 6626/2325/6412 6625/2319/6407 6169/1962/6143 6173/1961/6143
f 6529/2322/6409 6347/2326/6408 6350/2327/6413 6530/2328/6414
f 6186/1846/6074 6188/2323/6410 6192/2329/6415 6190/1850/6078
f 6188/2323/6411 6187/2324/6411 6191/2330/6416 6192/2329/6416
f 6627/2331/6417 6626/2325/6412 6173/1960/6143 6177/1959/6142
f 6530/2328/6414 6350/2332/6413 6353/2333/6418 6531/2334/6419
f 6190/1850/6078 6192/2329/6415 6196/2335/6420 6194/1854/6082
f 6192/2329/6416 6191/2330/6416 6195/2336/6421 6196/2335/6421
f 6628/2337/6422 6627/2331/6417 6177/1958/6142 6181/1957/6142
f 6531/2334/6419 6353/2338/6418 6356/2339/6423 6532/2340/6424
f 6194/1854/6082 6196/2335/6420 6200/2341/6425 6198/1858/6086
f 6196/2335/6421 6195/2336/6421 6199/2342/6426 6200/2341/6426
f 6629/2343/6427 6628/2337/6422 6181/1956/6142 6185/1955/6141
f 6532/2340/6424 6356/2344/6423 6359/2345/6428 6533/2346/6429
f 6198/1858/6086 6200/2341/6425 6204/2347/6430 6202/1864/6092
f 6200/2341/6426 6199/2342/6426 6203/2348/6431 6204/2347/6431
f 6630/2349/6432 6629/2343/6427 6185/1954/6141 6189/1953/6141
f 6533/2346/6429 6359/2350/6428 6362/2351/6433 6534/2352/6434
f 6202/1864/6092 6204/2347/6430 6208/2353/6435 6206/1868/6096
f 6204/2347/6431 6203/2348/6431 6207/2354/6436 6208/2353/6436
f 6631/2355/6437 6630/2349/6432 6189/1952/6141 6193/1951/6141
f 6534/2352/6434 6362/2356/6433 6365/2357/6438 6535/2358/6439
f 6206/1868/6096 6208/2353/6435 6212/2359/6440 6210/1872/6100
f 6208/2353/6436 6207/2354/6436 6211/2360/6441 6212/2359/6441
f 6632/2361/6442 6631/2355/6437 6193/1950/6141 6197/1949/6140
f 6535/2358/6439 6365/2362/6438 6368/2363/6443 6536/2364/6444
f 6210/1872/6100 6212/2365/6440 6216/2366/6445 6214/2367/6104
f 6212/2359/6441 6211/2360/6441 6215/2368/6446 6216/2369/6446
f 6633/2370/6447 6632/2361/6442 6197/1948/6140 6201/1947/6140
f 6536/2364/6444 6368/2371/6443 6371/2372/6448 6537/2373/6449
f 6214/2367/6104 6216/2374/6445 6220/2375/6450 6218/1880/6108
f 6216/2374/6446 6215/2368/6446 6219/2376/6451 6220/2375/6451
f 6634/2377/6452 6633/2370/6447 6201/1946/6140 6205/1945/6139
f 6537/2373/6449 6371/2378/6448 6374/2379/6453 6538/2380/6454
f 6218/1880/6108 6220/2381/6450 6224/2382/6455 6222/1884/6112
f 6220/2381/6451 6219/2376/6451 6223/2383/6456 6224/2382/6456
f 6635/2384/6457 6634/2377/6452 6205/1944/6139 6209/1943/6139
f 6538/2380/6454 6374/2385/6453 6377/2386/6458 6539/2387/6459
f 6222/1884/6112 6224/2382/6455 6228/2388/6460 6226/1888/6116
f 6224/2382/6456 6223/2383/6456 6227/2389/6461 6228/2388/6461
f 6636/2390/6462 6635/2384/6457 6209/1942/6139 6213/1941/6138
f 6539/2387/6459 6377/2391/6458 6380/2392/6463 6540/2393/6464
f 6226/1888/6116 6228/2388/6460 6232/2394/6465 6230/1892/6120
f 6228/2388/6461 6227/2389/6461 6231/2395/6466 6232/2394/6466
f 6637/2396/6467 6636/2390/6462 6213/1940/6138 6217/1939/6137
f 6540/2393/6464 6380/2397/6463 6383/2398/6468 6541/2399/6469
f 6230/1892/6120 6232/2394/6465 6236/2400/6470 6234/2037/6165
f 6232/2394/6466 6231/2395/6466 6235/2401/6471 6236/2400/6471
f 6638/2402/6472 6637/2396/6467 6217/1938/6137 6221/1937/6136
f 6541/2399/6469 6383/2403/6468 6386/2404/6473 6542/2405/6474
f 6234/2037/6165 6236/2400/6470 6240/2406/6475 6238/2043/6171
f 6236/2400/6471 6235/2401/6471 6239/2407/6476 6240/2406/6476
f 6639/2408/6477 6638/2402/6472 6221/1936/6136 6225/1935/6136
f 6542/2405/6474 6386/2409/6473 6389/2410/6478 6543/2411/6479
f 6238/2043/6171 6240/2406/6475 6244/2412/6480 6242/2049/6177
f 6240/2406/6476 6239/2407/6476 6243/2413/6481 6244/2412/6481
f 6640/2414/6482 6639/2408/6477 6225/1934/6136 6229/1933/6136
f 6543/2411/6479 6389/2415/6478 6392/2416/6483 6544/2417/6484
f 6242/2049/6177 6244/2412/6480 6248/2418/6485 6246/2055/6183
f 6244/2412/6481 6243/2413/6481 6247/2419/6486 6248/2418/6486
f 6641/2420/6487 6640/2414/6482 6229/1932/6136 6233/1931/6135
f 6544/2417/6484 6392/2421/6483 6395/2422/6488 6545/2423/6489
f 6246/2055/6183 6248/2418/6485 6252/2424/6490 6250/2065/6193
f 6248/2418/6486 6247/2419/6486 6251/2425/6491 6252/2424/6491
f 6642/2426/6492 6641/2420/6487 6233/1930/6135 6237/1929/6134
f 6545/2423/6489 6395/2427/6488 6398/2428/6493 6546/2429/6494
f 6250/2065/6193 6252/2424/6490 6256/2430/6495 6254/1790/6018
f 6252/2424/6491 6251/2425/6491 6255/2431/6496 6256/2430/6496
f 6643/2432/6497 6642/2426/6492 6237/1928/6134 6241/1927/6133
f 6546/2429/6494 6398/2433/6493 6401/2434/6498 6547/2435/6499
f 6254/1790/6018 6256/2430/6495 6260/2436/6500 6258/1791/6019
f 6256/2430/6496 6255/2431/6496 6259/2437/6501 6260/2436/6501
f 6644/2438/6502 6643/2432/6497 6241/1926/6133 6245/1925/6133
f 6547/2435/6499 6401/2439/6498 6404/2440/6503 6548/2441/6504
f 6258/1791/6019 6260/2436/6500 6264/2442/6505 6262/1802/6030
f 6260/2436/6501 6259/2437/6501 6263/2443/6506 6264/2442/6506
f 6645/2444/6507 6644/2438/6502 6245/1924/6133 6249/1923/6132
f 6548/2441/6504 6404/2445/6503 6407/2446/6252 6549/2127/6251
f 6262/1802/6030 6264/2442/6505 6268/2447/6508 6266/1808/6036
f 6264/2442/6506 6263/2443/6506 6267/2448/6509 6268/2447/6509
f 6646/2449/6510 6645/2444/6507 6249/1922/6132 6253/1921/6132
f 6550/2130/6254 6410/2450/6253 6413/2451/6511 6551/2452/6512
f 6266/1808/6036 6268/2447/6508 6272/2453/6513 6270/1814/6042
f 6268/2447/6509 6267/2448/6509 6271/2454/6514 6272/2453/6514
f 6647/2455/6515 6646/2449/6510 6253/1920/6132 6257/1919/6131
f 6014/1779/6007 6016/2067/6202 6020/2070/6204 6018/1780/6008
f 6270/1814/6042 6272/2453/6513 6276/2456/6516 6274/1820/6048
f 6272/2453/6514 6271/2454/6514 6275/2457/6517 6276/2456/6517
f 6648/2458/6518 6647/2455/6515 6257/1918/6131 6261/1917/6131
f 6551/2452/6512 6413/2459/6511 6416/2460/6519 6552/2461/6520
f 6274/1820/6048 6276/2456/6516 6280/2462/6521 6278/1826/6054
f 6276/2456/6517 6275/2457/6517 6279/2463/6522 6280/2462/6522
f 6649/2464/6523 6648/2458/6518 6261/1916/6131 6265/1915/6131
f 6552/2461/6520 6416/2465/6519 6419/2466/6524 6553/2467/6525
f 6278/1826/6054 6280/2462/6521 6284/2468/6526 6282/1832/6060
f 6280/2462/6522 6279/2463/6522 6283/2469/6527 6284/2468/6527
f 6650/2470/6528 6649/2464/6523 6265/1914/6131 6269/1913/6130
f 6553/2467/6525 6419/2471/6524 6422/2472/6529 6554/2473/6530
f 6282/1832/6060 6284/2474/6526 6288/2475/6531 6286/2476/6066
f 6284/2468/6527 6283/2469/6527 6287/2477/6532 6288/2478/6532
f 6651/2479/6533 6650/2470/6528 6269/1912/6130 6273/1911/6130
f 6554/2473/6530 6422/2480/6529 6425/2481/6534 6555/2482/6535
f 6286/2476/6066 6288/2483/6531 6292/2484/6536 6290/1844/6072
f 6288/2483/6532 6287/2477/6532 6291/2485/6537 6292/2484/6537
f 6652/2486/6538 6651/2479/6533 6273/1910/6130 6277/1909/6129
f 6555/2482/6535 6425/2487/6534 6428/2488/6539 6556/2489/6540
f 6290/1844/6072 6292/2490/6536 6296/2298/6389 6294/1786/6014
f 6292/2490/6537 6291/2485/6537 6295/2491/6541 6296/2298/6541
f 6653/2492/6542 6652/2486/6538 6277/1908/6129 6281/1907/6129
f 6556/2489/6540 6428/2493/6539 6431/2494/6543 6557/2495/6544
f 6299/2083/6545 6514/2496/6546 6584/2181/6294 6512/2084/6293
f 6585/2497/6547 6656/2498/6548 6293/1900/6126 6010/1899/6126
f 6654/2499/6549 6653/2492/6542 6281/1906/6129 6285/1905/6128
f 6557/2495/6544 6431/2500/6543 6434/2501/6550 6558/2502/6551
f 6513/2503/6552 6302/2504/6553 6305/2505/6554 6515/2506/6555
f 6655/2507/6556 6654/2499/6549 6285/1904/6128 6289/1903/6127
f 6658/1783/6011 6304/1785/6013 6307/2508/6557
f 6558/2502/6551 6434/2509/6550 6437/2510/6218 6559/2087/6217
f 6300/1782/6010 6302/2511/6558 6299/2512/6213 6298/1788/6016
f 6656/2498/6548 6655/2507/6556 6289/1902/6127 6293/1901/6126
f 6585/2497/6547 6012/2074/6559 6295/2491/6560 6656/2498/6548
f 6516/2513/6561 6308/2514/6562 6311/2515/6313 6517/2202/6312
f 6020/2070/6196 6019/2069/6196 6023/2081/6211 6024/2077/6211
f 6302/2504/6558 6300/1782/6010 6303/1781/6009 6305/2505/6563
f 6576/2060/6188 6488/2516/6187 6491/2517/6262 6577/2137/6261
f 6587/2079/6208 6586/2078/6207 6013/1898/6126 6017/1897/6125
f 6658/1783/6011 6511/2518/6564 6297/2519/6565
f 6302/2511/6553 6513/2503/6552 6514/2496/6546 6299/2512/6545
f 6515/2506/6555 6516/2513/6561 6307/2508/6557 6304/1785/6013
f 6513/2503/6552 6515/2506/6555 6304/1785/6013 6301/1784/6012
f 6305/2520/6563 6303/1781/6009 6306/1863/6091 6308/2521/6566
f 6308/2514/6566 6306/1863/6091 6309/2042/6170 6311/2515/6567
f 6311/2203/6567 6309/2042/6170 6312/2048/6176 6314/2204/6568
f 6314/2259/6568 6312/2048/6176 6315/2054/6182 6317/2260/6569
f 6317/2266/6569 6315/2054/6182 6318/2064/6192 6320/2267/6570
f 6320/2273/6570 6318/2064/6192 6321/2076/6201 6323/2274/6571
f 6323/2279/6571 6321/2076/6201 6324/1801/6029 6326/2280/6572
f 6326/2285/6572 6324/1801/6029 6327/1800/6028 6329/2286/6573
f 6329/2522/6573 6327/1800/6028 6330/1807/6035 6332/2523/6574
f 6332/2292/6574 6330/1807/6035 6333/1813/6041 6335/2293/6575
f 6335/2302/6575 6333/1813/6041 6336/1819/6047 6338/2303/6576
f 6338/2308/6576 6336/1819/6047 6339/1825/6053 6341/2309/6577
f 6341/2314/6577 6339/1825/6053 6342/2524/6059 6344/2315/6578
f 6344/2525/6578 6342/2524/6059 6345/1837/6065 6347/2321/6579
f 6347/2326/6579 6345/1837/6065 6348/1843/6071 6350/2327/6580
f 6350/2332/6580 6348/1843/6071 6351/1849/6077 6353/2333/6581
f 6353/2338/6581 6351/1849/6077 6354/1853/6081 6356/2339/6582
f 6356/2344/6582 6354/1853/6081 6357/1857/6085 6359/2345/6583
f 6359/2350/6583 6357/1857/6085 6360/1861/6089 6362/2351/6584
f 6362/2356/6584 6360/1861/6089 6363/1867/6095 6365/2357/6585
f 6365/2362/6585 6363/1867/6095 6366/1871/6099 6368/2363/6586
f 6368/2371/6586 6366/1871/6099 6369/1875/6103 6371/2372/6587
f 6371/2378/6587 6369/1875/6103 6372/1879/6107 6374/2379/6588
f 6374/2385/6588 6372/1879/6107 6375/1883/6111 6377/2386/6589
f 6377/2391/6589 6375/1883/6111 6378/1887/6115 6380/2392/6590
f 6380/2397/6590 6378/1887/6115 6381/1891/6119 6383/2398/6591
f 6383/2403/6591 6381/1891/6119 6384/1895/6123 6386/2404/6592
f 6386/2409/6592 6384/1895/6123 6387/2040/6168 6389/2410/6593
f 6389/2415/6593 6387/2040/6168 6390/2046/6174 6392/2416/6594
f 6392/2421/6594 6390/2046/6174 6393/2052/6180 6395/2422/6595
f 6395/2427/6595 6393/2052/6180 6396/2526/6190 6398/2428/6596
f 6398/2527/6596 6396/2526/6190 6399/2072/6198 6401/2434/6597
f 6401/2439/6597 6399/2072/6198 6402/1797/6025 6404/2440/6598
f 6404/2445/6598 6402/1797/6025 6405/1796/6024 6407/2446/6599
f 6407/2128/6599 6405/1796/6024 6408/1805/6033 6410/2129/6600
f 6410/2450/6600 6408/1805/6033 6411/1811/6039 6413/2451/6601
f 6413/2459/6601 6411/1811/6039 6414/1817/6045 6416/2460/6602
f 6416/2465/6602 6414/1817/6045 6417/1823/6051 6419/2466/6603
f 6419/2471/6603 6417/1823/6051 6420/1829/6057 6422/2472/6604
f 6422/2480/6604 6420/1829/6057 6423/1835/6063 6425/2481/6605
f 6425/2487/6605 6423/1835/6063 6426/1841/6069 6428/2488/6606
f 6428/2493/6606 6426/1841/6069 6429/1847/6075 6431/2494/6607
f 6431/2500/6607 6429/1847/6075 6432/1851/6079 6434/2501/6608
f 6434/2509/6608 6432/1851/6079 6435/1855/6083 6437/2510/6609
f 6437/2088/6609 6435/1855/6083 6438/1859/6087 6440/2089/6610
f 6440/2191/6610 6438/1859/6087 6441/1865/6093 6443/2192/6611
f 6443/2197/6611 6441/1865/6093 6444/1869/6097 6446/2198/6612
f 6446/2097/6612 6444/1869/6097 6447/1873/6101 6449/2098/6613
f 6449/2209/6613 6447/1873/6101 6450/2528/6105 6452/2210/6614
f 6452/2529/6614 6450/2528/6105 6453/1881/6109 6455/2216/6615
f 6455/2221/6615 6453/1881/6109 6456/1885/6113 6458/2222/6616
f 6458/2227/6616 6456/1885/6113 6459/1889/6117 6461/2228/6617
f 6461/2233/6617 6459/1889/6117 6462/1893/6121 6464/2234/6618
f 6464/2239/6618 6462/1893/6121 6465/2038/6166 6467/2240/6619
f 6467/2245/6619 6465/2038/6166 6468/2044/6172 6470/2246/6620
f 6470/2251/6620 6468/2044/6172 6471/2050/6178 6473/2252/6621
f 6473/2104/6621 6471/2050/6178 6474/2056/6184 6476/2105/6622
f 6476/2110/6622 6474/2056/6184 6477/2066/6194 6479/2111/6623
f 6479/2116/6623 6477/2066/6194 6480/1793/6021 6482/2117/6624
f 6482/2122/6624 6480/1793/6021 6483/1792/6020 6485/2123/6625
f 6485/2058/6625 6483/1792/6020 6486/1803/6031 6488/2059/6626
f 6488/2516/6626 6486/1803/6031 6489/1809/6037 6491/2517/6627
f 6491/2138/6627 6489/1809/6037 6492/1815/6043 6494/2139/6628
f 6494/2144/6628 6492/1815/6043 6495/1821/6049 6497/2145/6629
f 6497/2153/6629 6495/1821/6049 6498/1827/6055 6500/2154/6630
f 6500/2160/6630 6498/1827/6055 6501/1833/6061 6503/2161/6631
f 6503/2167/6631 6501/1833/6061 6504/2530/6067 6506/2168/6632
f 6506/2531/6632 6504/2530/6067 6507/1845/6073 6509/2174/6633
f 6509/2179/6633 6507/1845/6073 6510/1789/6017 6512/2180/6214
f 6658/1783/6011 6297/2519/6565 6301/1784/6012
f 6516/2513/6561 6517/2202/6312 6310/2532/6634 6307/2508/6557
f 6657/1896/6124 6021/2095/6164 6017/2094/6125
f 6658/1783/6011 6307/2508/6557 6310/2532/6634
f 6658/1783/6011 6310/2532/6634 6313/2533/6635
f 6517/2202/6312 6518/2205/6315 6313/2533/6635 6310/2532/6634
f 6658/1783/6011 6313/2533/6635 6316/2534/6636
f 6518/2205/6315 6519/2261/6358 6316/2534/6636 6313/2533/6635
f 6658/1783/6011 6316/2534/6636 6319/2535/6637
f 6519/2261/6358 6520/2268/6363 6319/2535/6637 6316/2534/6636
f 6658/1783/6011 6319/2535/6637 6322/2536/6638
f 6520/2268/6363 6521/2275/6368 6322/2536/6638 6319/2535/6637
f 6658/1783/6011 6322/2536/6638 6325/2537/6639
f 6521/2275/6368 6522/2281/6373 6325/2537/6639 6322/2536/6638
f 6658/1783/6011 6325/2537/6639 6328/2538/6640
f 6522/2281/6373 6523/2287/6378 6328/2538/6640 6325/2537/6639
f 6658/1783/6011 6328/2538/6640 6331/2539/6641
f 6523/2287/6378 6524/2291/6382 6331/2539/6641 6328/2538/6640
f 6658/1783/6011 6331/2539/6641 6334/2540/6642
f 6524/2291/6382 6525/2294/6385 6334/2540/6642 6331/2539/6641
f 6658/1783/6011 6334/2540/6642 6337/2541/6643
f 6525/2294/6385 6526/2304/6394 6337/2541/6643 6334/2540/6642
f 6658/1783/6011 6337/2541/6643 6340/2542/6644
f 6526/2304/6394 6527/2310/6399 6340/2542/6644 6337/2541/6643
f 6658/1783/6011 6340/2542/6644 6343/2543/6645
f 6527/2310/6399 6528/2316/6404 6343/2543/6645 6340/2542/6644
f 6658/1783/6011 6343/2543/6645 6346/2544/6646
f 6528/2316/6404 6529/2322/6409 6346/2544/6646 6343/2543/6645
f 6658/1783/6011 6346/2544/6646 6349/2545/6647
f 6529/2322/6409 6530/2328/6414 6349/2545/6647 6346/2544/6646
f 6658/1783/6011 6349/2545/6647 6352/2546/6648
f 6530/2328/6414 6531/2334/6419 6352/2546/6648 6349/2545/6647
f 6658/1783/6011 6352/2546/6648 6355/2547/6649
f 6531/2334/6419 6532/2340/6424 6355/2547/6649 6352/2546/6648
f 6658/1783/6011 6355/2547/6649 6358/2548/6650
f 6532/2340/6424 6533/2346/6429 6358/2548/6650 6355/2547/6649
f 6658/1783/6011 6358/2548/6650 6361/2549/6651
f 6533/2346/6429 6534/2352/6434 6361/2549/6651 6358/2548/6650
f 6658/1783/6011 6361/2549/6651 6364/2550/6652
f 6534/2352/6434 6535/2358/6439 6364/2550/6652 6361/2549/6651
f 6658/1783/6011 6364/2550/6652 6367/2551/6653
f 6535/2358/6439 6536/2364/6444 6367/2551/6653 6364/2550/6652
f 6658/1783/6011 6367/2551/6653 6370/2552/6654
f 6536/2364/6444 6537/2373/6449 6370/2552/6654 6367/2551/6653
f 6658/1783/6011 6370/2552/6654 6373/2553/6655
f 6537/2373/6449 6538/2380/6454 6373/2553/6655 6370/2552/6654
f 6658/1783/6011 6373/2553/6655 6376/2554/6656
f 6538/2380/6454 6539/2387/6459 6376/2554/6656 6373/2553/6655
f 6658/1783/6011 6376/2554/6656 6379/2555/6657
f 6539/2387/6459 6540/2393/6464 6379/2555/6657 6376/2554/6656
f 6658/1783/6011 6379/2555/6657 6382/2556/6658
f 6540/2393/6464 6541/2399/6469 6382/2556/6658 6379/2555/6657
f 6658/1783/6011 6382/2556/6658 6385/2557/6659
f 6541/2399/6469 6542/2405/6474 6385/2557/6659 6382/2556/6658
f 6658/1783/6011 6385/2557/6659 6388/2558/6660
f 6542/2405/6474 6543/2411/6479 6388/2558/6660 6385/2557/6659
f 6658/1783/6011 6388/2558/6660 6391/2559/6661
f 6543/2411/6479 6544/2417/6484 6391/2559/6661 6388/2558/6660
f 6658/1783/6011 6391/2559/6661 6394/2560/6662
f 6544/2417/6484 6545/2423/6489 6394/2560/6662 6391/2559/6661
f 6658/1783/6011 6394/2560/6662 6397/2561/6663
f 6545/2423/6489 6546/2429/6494 6397/2561/6663 6394/2560/6662
f 6658/1783/6011 6397/2561/6663 6400/2562/6664
f 6546/2429/6494 6547/2435/6499 6400/2562/6664 6397/2561/6663
f 6658/1783/6011 6400/2562/6664 6403/2563/6665
f 6547/2435/6499 6548/2441/6504 6403/2563/6665 6400/2562/6664
f 6658/1783/6011 6403/2563/6665 6406/2564/6666
f 6548/2441/6504 6549/2127/6251 6406/2564/6666 6403/2563/6665
f 6658/1783/6011 6406/2564/6666 6409/2565/6667
f 6549/2127/6251 6550/2130/6254 6409/2565/6667 6406/2564/6666
f 6658/1783/6011 6409/2565/6667 6412/2566/6668
f 6550/2130/6254 6551/2452/6512 6412/2566/6668 6409/2565/6667
f 6658/1783/6011 6412/2566/6668 6415/2567/6669
f 6551/2452/6512 6552/2461/6520 6415/2567/6669 6412/2566/6668
f 6658/1783/6011 6415/2567/6669 6418/2568/6670
f 6552/2461/6520 6553/2467/6525 6418/2568/6670 6415/2567/6669
f 6658/1783/6011 6418/2568/6670 6421/2569/6671
f 6553/2467/6525 6554/2473/6530 6421/2569/6671 6418/2568/6670
f 6658/1783/6011 6421/2569/6671 6424/2570/6672
f 6554/2473/6530 6555/2482/6535 6424/2570/6672 6421/2569/6671
f 6658/1783/6011 6424/2570/6672 6427/2571/6673
f 6555/2482/6535 6556/2489/6540 6427/2571/6673 6424/2570/6672
f 6658/1783/6011 6427/2571/6673 6430/2572/6674
f 6556/2489/6540 6557/2495/6544 6430/2572/6674 6427/2571/6673
f 6658/1783/6011 6430/2572/6674 6433/2573/6675
f 6557/2495/6544 6558/2502/6551 6433/2573/6675 6430/2572/6674
f 6658/1783/6011 6433/2573/6675 6436/2574/6676
f 6558/2502/6551 6559/2087/6217 6436/2574/6676 6433/2573/6675
f 6658/1783/6011 6436/2574/6676 6439/2575/6677
f 6559/2087/6217 6560/2090/6220 6439/2575/6677 6436/2574/6676
f 6658/1783/6011 6439/2575/6677 6442/2576/6678
f 6560/2090/6220 6561/2193/6305 6442/2576/6678 6439/2575/6677
f 6658/1783/6011 6442/2576/6678 6445/2577/6679
f 6561/2193/6305 6562/2096/6224 6445/2577/6679 6442/2576/6678
f 6658/1783/6011 6445/2577/6679 6448/2578/6680
f 6562/2096/6224 6563/2099/6227 6448/2578/6680 6445/2577/6679
f 6658/1783/6011 6448/2578/6680 6451/2579/6681
f 6563/2099/6227 6564/2211/6320 6451/2579/6681 6448/2578/6680
f 6658/1783/6011 6451/2579/6681 6454/2580/6682
f 6564/2211/6320 6565/2217/6325 6454/2580/6682 6451/2579/6681
f 6658/1783/6011 6454/2580/6682 6457/2581/6683
f 6565/2217/6325 6566/2223/6330 6457/2581/6683 6454/2580/6682
f 6658/1783/6011 6457/2581/6683 6460/2582/6684
f 6566/2223/6330 6567/2229/6335 6460/2582/6684 6457/2581/6683
f 6658/1783/6011 6460/2582/6684 6463/2583/6685
f 6567/2229/6335 6568/2235/6340 6463/2583/6685 6460/2582/6684
f 6658/1783/6011 6463/2583/6685 6466/2584/6686
f 6568/2235/6340 6569/2241/6345 6466/2584/6686 6463/2583/6685
f 6658/1783/6011 6466/2584/6686 6469/2585/6687
f 6569/2241/6345 6570/2247/6350 6469/2585/6687 6466/2584/6686
f 6658/1783/6011 6469/2585/6687 6472/2586/6688
f 6570/2247/6350 6571/2103/6231 6472/2586/6688 6469/2585/6687
f 6658/1783/6011 6472/2586/6688 6475/2587/6689
f 6571/2103/6231 6572/2106/6234 6475/2587/6689 6472/2586/6688
f 6658/1783/6011 6475/2587/6689 6478/2588/6690
f 6572/2106/6234 6573/2112/6239 6478/2588/6690 6475/2587/6689
f 6658/1783/6011 6478/2588/6690 6481/2589/6691
f 6573/2112/6239 6574/2118/6244 6481/2589/6691 6478/2588/6690
f 6658/1783/6011 6481/2589/6691 6484/2590/6692
f 6574/2118/6244 6575/2057/6185 6484/2590/6692 6481/2589/6691
f 6658/1783/6011 6484/2590/6692 6487/2591/6693
f 6575/2057/6185 6576/2060/6188 6487/2591/6693 6484/2590/6692
f 6658/1783/6011 6487/2591/6693 6490/2592/6694
f 6576/2060/6188 6577/2137/6261 6490/2592/6694 6487/2591/6693
f 6658/1783/6011 6490/2592/6694 6493/2593/6695
f 6577/2137/6261 6578/2140/6264 6493/2593/6695 6490/2592/6694
f 6658/1783/6011 6493/2593/6695 6496/2594/6696
f 6578/2140/6264 6579/2146/6269 6496/2594/6696 6493/2593/6695
f 6658/1783/6011 6496/2594/6696 6499/2595/6697
f 6579/2146/6269 6580/2155/6274 6499/2595/6697 6496/2594/6696
f 6658/1783/6011 6499/2595/6697 6502/2596/6698
f 6580/2155/6274 6581/2162/6279 6502/2596/6698 6499/2595/6697
f 6658/1783/6011 6502/2596/6698 6505/2597/6699
f 6581/2162/6279 6582/2169/6284 6505/2597/6699 6502/2596/6698
f 6658/1783/6011 6505/2597/6699 6508/2598/6700
f 6582/2169/6284 6583/2175/6289 6508/2598/6700 6505/2597/6699
f 6658/1783/6011 6508/2598/6700 6511/2518/6564
f 6583/2175/6289 6584/2181/6294 6511/2518/6564 6508/2598/6700
f 6657/1896/6124 6013/2599/6126 6010/2600/6126
f 6584/2181/6294 6514/2496/6546 6297/2519/6565 6511/2518/6564
f 6023/2081/6701 6588/2093/6223 6589/2102/6230 6027/2082/6702
f 6027/2082/6702 6589/2102/6230 6590/2109/6237 6031/2086/6703
f 6031/2086/6703 6590/2109/6237 6591/2115/6242 6035/2092/6704
f 6035/2092/6704 6591/2115/6242 6592/2121/6247 6039/2101/6705
f 6039/2101/6705 6592/2121/6247 6593/2126/6250 6043/2108/6706
f 6043/2108/6706 6593/2126/6250 6594/2133/6257 6047/2114/6707
f 6047/2114/6707 6594/2133/6257 6595/2136/6260 6051/2120/6708
f 6051/2120/6708 6595/2136/6260 6596/2143/6267 6055/2125/6709
f 6055/2125/6709 6596/2143/6267 6597/2152/6272 6059/2132/6710
f 6059/2132/6710 6597/2152/6272 6598/2159/6277 6063/2135/6711
f 6063/2135/6711 6598/2159/6277 6599/2166/6282 6067/2142/6712
f 6067/2142/6712 6599/2166/6282 6600/2172/6287 6071/2150/6713
f 6071/2150/6713 6600/2172/6287 6601/2178/6292 6075/2158/6714
f 6075/2158/6714 6601/2178/6292 6602/2184/6297 6079/2165/6715
f 6079/2165/6715 6602/2184/6297 6603/2187/6300 6083/2171/6716
f 6083/2171/6716 6603/2187/6300 6604/2190/6303 6087/2177/6717
f 6087/2177/6717 6604/2190/6303 6605/2196/6308 6091/2183/6718
f 6091/2183/6718 6605/2196/6308 6606/2201/6311 6095/2186/6719
f 6095/2186/6719 6606/2201/6311 6607/2208/6318 6099/2189/6720
f 6099/2189/6720 6607/2208/6318 6608/2214/6323 6103/2195/6721
f 6103/2195/6721 6608/2214/6323 6609/2220/6328 6107/2200/6722
f 6107/2200/6722 6609/2220/6328 6610/2226/6333 6111/2207/6723
f 6111/2207/6723 6610/2226/6333 6611/2232/6338 6115/2213/6724
f 6115/2213/6724 6611/2232/6338 6612/2238/6343 6119/2219/6725
f 6119/2219/6725 6612/2238/6343 6613/2244/6348 6123/2225/6726
f 6123/2225/6726 6613/2244/6348 6614/2250/6353 6127/2231/6727
f 6127/2231/6727 6614/2250/6353 6615/2258/6356 6131/2237/6728
f 6131/2237/6728 6615/2258/6356 6616/2265/6361 6135/2243/6729
f 6135/2243/6729 6616/2265/6361 6617/2272/6366 6139/2249/6730
f 6139/2249/6730 6617/2272/6366 6618/2278/6371 6143/2256/6731
f 6143/2256/6731 6618/2278/6371 6619/2284/6376 6147/2264/6732
f 6147/2264/6732 6619/2284/6376 6620/2290/6381 6151/2271/6733
f 6151/2271/6733 6620/2290/6381 6621/2297/6388 6155/2277/6734
f 6155/2277/6734 6621/2297/6388 6622/2301/6392 6159/2283/6735
f 6159/2283/6735 6622/2301/6392 6623/2307/6397 6163/2289/6736
f 6163/2289/6736 6623/2307/6397 6624/2313/6402 6167/2296/6737
f 6167/2296/6737 6624/2313/6402 6625/2319/6407 6171/2300/6738
f 6171/2300/6738 6625/2319/6407 6626/2325/6412 6175/2306/6739
f 6175/2306/6739 6626/2325/6412 6627/2331/6417 6179/2312/6740
f 6179/2312/6740 6627/2331/6417 6628/2337/6422 6183/2318/6741
f 6183/2318/6741 6628/2337/6422 6629/2343/6427 6187/2324/6742
f 6187/2324/6742 6629/2343/6427 6630/2349/6432 6191/2330/6743
f 6191/2330/6743 6630/2349/6432 6631/2355/6437 6195/2336/6744
f 6195/2336/6744 6631/2355/6437 6632/2361/6442 6199/2342/6745
f 6199/2342/6745 6632/2361/6442 6633/2370/6447 6203/2348/6746
f 6203/2348/6746 6633/2370/6447 6634/2377/6452 6207/2354/6747
f 6207/2354/6747 6634/2377/6452 6635/2384/6457 6211/2360/6748
f 6211/2360/6748 6635/2384/6457 6636/2390/6462 6215/2368/6749
f 6215/2368/6749 6636/2390/6462 6637/2396/6467 6219/2376/6750
f 6219/2376/6750 6637/2396/6467 6638/2402/6472 6223/2383/6751
f 6223/2383/6751 6638/2402/6472 6639/2408/6477 6227/2389/6752
f 6227/2389/6752 6639/2408/6477 6640/2414/6482 6231/2395/6753
f 6231/2395/6753 6640/2414/6482 6641/2420/6487 6235/2401/6754
f 6235/2401/6754 6641/2420/6487 6642/2426/6492 6239/2407/6755
f 6239/2407/6755 6642/2426/6492 6643/2432/6497 6243/2413/6756
f 6243/2413/6756 6643/2432/6497 6644/2438/6502 6247/2419/6757
f 6247/2419/6757 6644/2438/6502 6645/2444/6507 6251/2425/6758
f 6251/2425/6758 6645/2444/6507 6646/2449/6510 6255/2431/6759
f 6255/2431/6759 6646/2449/6510 6647/2455/6515 6259/2437/6760
f 6259/2437/6760 6647/2455/6515 6648/2458/6518 6263/2443/6761
f 6263/2443/6761 6648/2458/6518 6649/2464/6523 6267/2448/6762
f 6267/2448/6762 6649/2464/6523 6650/2470/6528 6271/2454/6763
f 6271/2454/6763 6650/2470/6528 6651/2479/6533 6275/2457/6764
f 6275/2457/6764 6651/2479/6533 6652/2486/6538 6279/2463/6765
f 6279/2463/6765 6652/2486/6538 6653/2492/6542 6283/2469/6766
f 6283/2469/6766 6653/2492/6542 6654/2499/6549 6287/2477/6767
f 6287/2477/6767 6654/2499/6549 6655/2507/6556 6291/2485/6768
f 6291/2485/6768 6655/2507/6556 6656/2498/6548 6295/2491/6560
f 6514/2496/6546 6513/2503/6552 6301/1784/6012 6297/2519/6565
f 6523/2287/6378 6329/2522/6377 6332/2523/6383 6524/2291/6382
f 6515/2506/6555 6305/2520/6554 6308/2521/6562 6516/2513/6561
f 6019/2069/6209 6587/2079/6208 6588/2093/6223 6023/2081/6701
f 6012/2074/6199 6011/2073/6199 6296/2298/6541 6295/2491/6541
f 6586/2078/6207 6585/2497/6547 6010/2600/6126 6013/2599/6126
f 6586/2078/6207 6015/2068/6206 6012/2074/6559 6585/2497/6547
