# Blender v2.82 (sub 7) OBJ File: 'Sheet Metal.blend'
# www.blender.org
mtllib Sheet Metal.mtl
o Plane_Plane.004
v -1.484693 0.000000 0.959637
v 1.484693 0.000000 0.959637
v -1.484693 0.000000 -0.959637
v 1.484693 0.000000 -0.959637
v 0.000000 0.000000 0.959637
v 0.000000 0.000000 -0.959637
v 0.742347 0.000000 0.959637
v -0.742347 0.000000 -0.959637
v -0.742347 0.000000 0.959637
v 0.742347 0.000000 -0.959637
v 1.113520 0.000000 0.959637
v -1.113520 0.000000 -0.959637
v -0.371173 0.000000 0.959637
v 0.371173 0.000000 -0.959637
v 0.371173 0.000000 0.959637
v -0.371173 0.000000 -0.959637
v -1.113520 0.000000 0.959637
v 1.113520 0.000000 -0.959637
v 1.299106 0.000000 0.959637
v -1.299106 0.000000 -0.959637
v -0.185587 0.000000 0.959637
v 0.185587 0.000000 -0.959637
v 0.556760 0.000000 0.959637
v -0.556760 0.000000 -0.959637
v -0.927933 0.000000 0.959637
v 0.927933 0.000000 -0.959637
v 0.927933 0.000000 0.959637
v -0.927933 0.000000 -0.959637
v -0.556760 0.000000 0.959637
v 0.556760 0.000000 -0.959637
v 0.185587 0.000000 0.959637
v -0.185587 0.000000 -0.959637
v -1.299106 0.000000 0.959637
v 1.299106 0.000000 -0.959637
v -1.484693 0.029968 0.038965
v -1.484693 0.029968 -0.038965
v -1.484693 0.026801 0.034357
v -1.484693 0.024051 0.029317
v -1.484693 0.021752 0.023909
v -1.484693 0.019933 0.018200
v -1.484693 0.018617 0.012262
v -1.484693 0.017821 0.006170
v -1.484693 0.017555 0.000000
v -1.484693 0.017821 -0.006170
v -1.484693 0.018617 -0.012262
v -1.484693 0.019933 -0.018200
v -1.484693 0.021752 -0.023909
v -1.484693 0.024051 -0.029317
v -1.484693 0.026801 -0.034357
v 1.484693 0.029968 -0.038965
v 1.484693 0.029968 0.038965
v 1.484693 0.026801 -0.034357
v 1.484693 0.024051 -0.029317
v 1.484693 0.021752 -0.023909
v 1.484693 0.019933 -0.018200
v 1.484693 0.018617 -0.012262
v 1.484693 0.017821 -0.006170
v 1.484693 0.017555 0.000000
v 1.484693 0.017821 0.006170
v 1.484693 0.018617 0.012262
v 1.484693 0.019933 0.018200
v 1.484693 0.021752 0.023909
v 1.484693 0.024051 0.029317
v 1.484693 0.026801 0.034357
v 0.000000 0.029968 -0.038965
v 0.000000 0.029968 0.038965
v 0.000000 0.026801 -0.034357
v 0.000000 0.024051 -0.029317
v 0.000000 0.021752 -0.023909
v 0.000000 0.019933 -0.018200
v 0.000000 0.018617 -0.012262
v 0.000000 0.017821 -0.006170
v 0.000000 0.017555 0.000000
v 0.000000 0.017821 0.006170
v 0.000000 0.018617 0.012262
v 0.000000 0.019933 0.018200
v 0.000000 0.021752 0.023909
v 0.000000 0.024051 0.029317
v 0.000000 0.026801 0.034357
v -1.484693 0.029968 0.518783
v -1.484693 0.029968 0.440854
v -1.484693 0.026801 0.514176
v -1.484693 0.024051 0.509136
v -1.484693 0.021752 0.503727
v -1.484693 0.019933 0.498018
v -1.484693 0.018617 0.492080
v -1.484693 0.017821 0.485988
v -1.484693 0.017555 0.479819
v -1.484693 0.017821 0.473649
v -1.484693 0.018617 0.467557
v -1.484693 0.019933 0.461619
v -1.484693 0.021752 0.455910
v -1.484693 0.024051 0.450501
v -1.484693 0.026801 0.445462
v 1.484693 0.029968 -0.518783
v 1.484693 0.029968 -0.440854
v 1.484693 0.026801 -0.514176
v 1.484693 0.024051 -0.509136
v 1.484693 0.021752 -0.503727
v 1.484693 0.019933 -0.498018
v 1.484693 0.018617 -0.492080
v 1.484693 0.017821 -0.485988
v 1.484693 0.017555 -0.479819
v 1.484693 0.017821 -0.473649
v 1.484693 0.018617 -0.467557
v 1.484693 0.019933 -0.461619
v 1.484693 0.021752 -0.455910
v 1.484693 0.024051 -0.450501
v 1.484693 0.026801 -0.445462
v -1.484693 0.029968 -0.440854
v -1.484693 0.029968 -0.518783
v -1.484693 0.026801 -0.445462
v -1.484693 0.024051 -0.450501
v -1.484693 0.021752 -0.455910
v -1.484693 0.019933 -0.461619
v -1.484693 0.018617 -0.467557
v -1.484693 0.017821 -0.473649
v -1.484693 0.017555 -0.479819
v -1.484693 0.017821 -0.485988
v -1.484693 0.018617 -0.492080
v -1.484693 0.019933 -0.498018
v -1.484693 0.021752 -0.503727
v -1.484693 0.024051 -0.509136
v -1.484693 0.026801 -0.514176
v 1.484693 0.029968 0.440854
v 1.484693 0.029968 0.518783
v 1.484693 0.026801 0.445462
v 1.484693 0.024051 0.450501
v 1.484693 0.021752 0.455910
v 1.484693 0.019933 0.461619
v 1.484693 0.018617 0.467557
v 1.484693 0.017821 0.473649
v 1.484693 0.017555 0.479819
v 1.484693 0.017821 0.485988
v 1.484693 0.018617 0.492080
v 1.484693 0.019933 0.498018
v 1.484693 0.021752 0.503727
v 1.484693 0.024051 0.509136
v 1.484693 0.026801 0.514176
v 0.000000 0.029968 -0.518783
v 0.000000 0.029968 -0.440854
v 0.000000 0.026801 -0.514176
v 0.000000 0.024051 -0.509136
v 0.000000 0.021752 -0.503727
v 0.000000 0.019933 -0.498018
v 0.000000 0.018617 -0.492080
v 0.000000 0.017821 -0.485988
v 0.000000 0.017555 -0.479819
v 0.000000 0.017821 -0.473649
v 0.000000 0.018617 -0.467557
v 0.000000 0.019933 -0.461619
v 0.000000 0.021752 -0.455910
v 0.000000 0.024051 -0.450501
v 0.000000 0.026801 -0.445462
v 0.000000 0.029968 0.440854
v 0.000000 0.029968 0.518783
v 0.000000 0.026801 0.445462
v 0.000000 0.024051 0.450501
v 0.000000 0.021752 0.455910
v 0.000000 0.019933 0.461619
v 0.000000 0.018617 0.467557
v 0.000000 0.017821 0.473649
v 0.000000 0.017555 0.479819
v 0.000000 0.017821 0.485988
v 0.000000 0.018617 0.492080
v 0.000000 0.019933 0.498018
v 0.000000 0.021752 0.503727
v 0.000000 0.024051 0.509136
v 0.000000 0.026801 0.514176
v -0.742347 0.029968 -0.038965
v -0.742347 0.029968 0.038965
v -0.742347 0.026801 -0.034357
v -0.742347 0.024051 -0.029317
v -0.742347 0.021752 -0.023909
v -0.742347 0.019933 -0.018200
v -0.742347 0.018617 -0.012262
v -0.742347 0.017821 -0.006170
v -0.742347 0.017555 0.000000
v -0.742347 0.017821 0.006170
v -0.742347 0.018617 0.012262
v -0.742347 0.019933 0.018200
v -0.742347 0.021752 0.023909
v -0.742347 0.024051 0.029317
v -0.742347 0.026801 0.034357
v 0.742347 0.029968 -0.038965
v 0.742347 0.029968 0.038965
v 0.742347 0.026801 -0.034357
v 0.742347 0.024051 -0.029317
v 0.742347 0.021752 -0.023909
v 0.742347 0.019933 -0.018200
v 0.742347 0.018617 -0.012262
v 0.742347 0.017821 -0.006170
v 0.742347 0.017555 0.000000
v 0.742347 0.017821 0.006170
v 0.742347 0.018617 0.012262
v 0.742347 0.019933 0.018200
v 0.742347 0.021752 0.023909
v 0.742347 0.024051 0.029317
v 0.742347 0.026801 0.034357
v 0.742347 0.029968 0.440854
v 0.742347 0.029968 0.518783
v 0.742347 0.026801 0.445462
v 0.742347 0.024051 0.450501
v 0.742347 0.021752 0.455910
v 0.742347 0.019933 0.461619
v 0.742347 0.018617 0.467557
v 0.742347 0.017821 0.473649
v 0.742347 0.017555 0.479819
v 0.742347 0.017821 0.485988
v 0.742347 0.018617 0.492080
v 0.742347 0.019933 0.498018
v 0.742347 0.021752 0.503727
v 0.742347 0.024051 0.509136
v 0.742347 0.026801 0.514176
v -0.742347 0.029968 0.440854
v -0.742347 0.029968 0.518783
v -0.742347 0.026801 0.445462
v -0.742347 0.024051 0.450501
v -0.742347 0.021752 0.455910
v -0.742347 0.019933 0.461619
v -0.742347 0.018617 0.467557
v -0.742347 0.017821 0.473649
v -0.742347 0.017555 0.479819
v -0.742347 0.017821 0.485988
v -0.742347 0.018617 0.492080
v -0.742347 0.019933 0.498018
v -0.742347 0.021752 0.503727
v -0.742347 0.024051 0.509136
v -0.742347 0.026801 0.514176
v -0.742347 0.029968 -0.518783
v -0.742347 0.029968 -0.440854
v -0.742347 0.026801 -0.514176
v -0.742347 0.024051 -0.509136
v -0.742347 0.021752 -0.503727
v -0.742347 0.019933 -0.498018
v -0.742347 0.018617 -0.492080
v -0.742347 0.017821 -0.485988
v -0.742347 0.017555 -0.479819
v -0.742347 0.017821 -0.473649
v -0.742347 0.018617 -0.467557
v -0.742347 0.019933 -0.461619
v -0.742347 0.021752 -0.455910
v -0.742347 0.024051 -0.450501
v -0.742347 0.026801 -0.445462
v 0.742347 0.029968 -0.518783
v 0.742347 0.029968 -0.440854
v 0.742347 0.026801 -0.514176
v 0.742347 0.024051 -0.509136
v 0.742347 0.021752 -0.503727
v 0.742347 0.019933 -0.498018
v 0.742347 0.018617 -0.492080
v 0.742347 0.017821 -0.485988
v 0.742347 0.017555 -0.479819
v 0.742347 0.017821 -0.473649
v 0.742347 0.018617 -0.467557
v 0.742347 0.019933 -0.461619
v 0.742347 0.021752 -0.455910
v 0.742347 0.024051 -0.450501
v 0.742347 0.026801 -0.445462
v -1.484693 0.029968 0.758693
v -1.484693 0.029968 0.680763
v -1.484693 0.026801 0.754085
v -1.484693 0.024051 0.749045
v -1.484693 0.021752 0.743637
v -1.484693 0.019933 0.737928
v -1.484693 0.018617 0.731990
v -1.484693 0.017821 0.725898
v -1.484693 0.017555 0.719728
v -1.484693 0.017821 0.713558
v -1.484693 0.018617 0.707466
v -1.484693 0.019933 0.701528
v -1.484693 0.021752 0.695819
v -1.484693 0.024051 0.690411
v -1.484693 0.026801 0.685371
v 1.484693 0.029968 -0.758693
v 1.484693 0.029968 -0.680763
v 1.484693 0.026801 -0.754085
v 1.484693 0.024051 -0.749045
v 1.484693 0.021752 -0.743637
v 1.484693 0.019933 -0.737928
v 1.484693 0.018617 -0.731990
v 1.484693 0.017821 -0.725898
v 1.484693 0.017555 -0.719728
v 1.484693 0.017821 -0.713558
v 1.484693 0.018617 -0.707466
v 1.484693 0.019933 -0.701528
v 1.484693 0.021752 -0.695819
v 1.484693 0.024051 -0.690411
v 1.484693 0.026801 -0.685371
v -1.484693 0.029968 -0.200945
v -1.484693 0.029968 -0.278874
v -1.484693 0.026801 -0.205552
v -1.484693 0.024051 -0.210592
v -1.484693 0.021752 -0.216001
v -1.484693 0.019933 -0.221710
v -1.484693 0.018617 -0.227648
v -1.484693 0.017821 -0.233740
v -1.484693 0.017555 -0.239909
v -1.484693 0.017821 -0.246079
v -1.484693 0.018617 -0.252171
v -1.484693 0.019933 -0.258109
v -1.484693 0.021752 -0.263818
v -1.484693 0.024051 -0.269226
v -1.484693 0.026801 -0.274266
v 1.484693 0.029968 0.200945
v 1.484693 0.029968 0.278874
v 1.484693 0.026801 0.205552
v 1.484693 0.024051 0.210592
v 1.484693 0.021752 0.216001
v 1.484693 0.019933 0.221710
v 1.484693 0.018617 0.227648
v 1.484693 0.017821 0.233740
v 1.484693 0.017555 0.239909
v 1.484693 0.017821 0.246079
v 1.484693 0.018617 0.252171
v 1.484693 0.019933 0.258109
v 1.484693 0.021752 0.263818
v 1.484693 0.024051 0.269226
v 1.484693 0.026801 0.274266
v 0.000000 0.029968 -0.758693
v 0.000000 0.029968 -0.680763
v 0.000000 0.026801 -0.754085
v 0.000000 0.024051 -0.749045
v 0.000000 0.021752 -0.743637
v 0.000000 0.019933 -0.737928
v 0.000000 0.018617 -0.731990
v 0.000000 0.017821 -0.725898
v 0.000000 0.017555 -0.719728
v 0.000000 0.017821 -0.713558
v 0.000000 0.018617 -0.707466
v 0.000000 0.019933 -0.701528
v 0.000000 0.021752 -0.695819
v 0.000000 0.024051 -0.690411
v 0.000000 0.026801 -0.685371
v 0.000000 0.029968 0.200945
v 0.000000 0.029968 0.278874
v 0.000000 0.026801 0.205552
v 0.000000 0.024051 0.210592
v 0.000000 0.021752 0.216001
v 0.000000 0.019933 0.221710
v 0.000000 0.018617 0.227647
v 0.000000 0.017821 0.233740
v 0.000000 0.017555 0.239909
v 0.000000 0.017821 0.246079
v 0.000000 0.018617 0.252171
v 0.000000 0.019933 0.258109
v 0.000000 0.021752 0.263818
v 0.000000 0.024051 0.269226
v 0.000000 0.026801 0.274266
v -1.113520 0.029968 -0.038965
v -1.113520 0.029968 0.038965
v -1.113520 0.026801 -0.034357
v -1.113520 0.024051 -0.029317
v -1.113520 0.021752 -0.023909
v -1.113520 0.019933 -0.018200
v -1.113520 0.018617 -0.012262
v -1.113520 0.017821 -0.006170
v -1.113520 0.017555 0.000000
v -1.113520 0.017821 0.006170
v -1.113520 0.018617 0.012262
v -1.113520 0.019933 0.018200
v -1.113520 0.021752 0.023909
v -1.113520 0.024051 0.029317
v -1.113520 0.026801 0.034357
v 0.371173 0.029968 -0.038965
v 0.371173 0.029968 0.038965
v 0.371173 0.026801 -0.034357
v 0.371173 0.024051 -0.029317
v 0.371173 0.021752 -0.023909
v 0.371173 0.019933 -0.018200
v 0.371173 0.018617 -0.012262
v 0.371173 0.017821 -0.006170
v 0.371173 0.017555 0.000000
v 0.371173 0.017821 0.006170
v 0.371173 0.018617 0.012262
v 0.371173 0.019933 0.018200
v 0.371173 0.021752 0.023909
v 0.371173 0.024051 0.029317
v 0.371173 0.026801 0.034357
v -1.484693 0.029968 0.278874
v -1.484693 0.029968 0.200945
v -1.484693 0.026801 0.274266
v -1.484693 0.024051 0.269226
v -1.484693 0.021752 0.263818
v -1.484693 0.019933 0.258109
v -1.484693 0.018617 0.252171
v -1.484693 0.017821 0.246079
v -1.484693 0.017555 0.239909
v -1.484693 0.017821 0.233740
v -1.484693 0.018617 0.227648
v -1.484693 0.019933 0.221710
v -1.484693 0.021752 0.216001
v -1.484693 0.024051 0.210592
v -1.484693 0.026801 0.205552
v 1.484693 0.029968 -0.278874
v 1.484693 0.029968 -0.200945
v 1.484693 0.026801 -0.274266
v 1.484693 0.024051 -0.269226
v 1.484693 0.021752 -0.263818
v 1.484693 0.019933 -0.258109
v 1.484693 0.018617 -0.252171
v 1.484693 0.017821 -0.246079
v 1.484693 0.017555 -0.239909
v 1.484693 0.017821 -0.233740
v 1.484693 0.018617 -0.227648
v 1.484693 0.019933 -0.221710
v 1.484693 0.021752 -0.216001
v 1.484693 0.024051 -0.210592
v 1.484693 0.026801 -0.205552
v -1.484693 0.029968 -0.680763
v -1.484693 0.029968 -0.758693
v -1.484693 0.026801 -0.685371
v -1.484693 0.024051 -0.690411
v -1.484693 0.021752 -0.695819
v -1.484693 0.019933 -0.701528
v -1.484693 0.018617 -0.707466
v -1.484693 0.017821 -0.713558
v -1.484693 0.017555 -0.719728
v -1.484693 0.017821 -0.725898
v -1.484693 0.018617 -0.731990
v -1.484693 0.019933 -0.737928
v -1.484693 0.021752 -0.743637
v -1.484693 0.024051 -0.749045
v -1.484693 0.026801 -0.754085
v 1.484693 0.029968 0.680763
v 1.484693 0.029968 0.758693
v 1.484693 0.026801 0.685371
v 1.484693 0.024051 0.690411
v 1.484693 0.021752 0.695819
v 1.484693 0.019933 0.701528
v 1.484693 0.018617 0.707466
v 1.484693 0.017821 0.713558
v 1.484693 0.017555 0.719728
v 1.484693 0.017821 0.725898
v 1.484693 0.018617 0.731990
v 1.484693 0.019933 0.737928
v 1.484693 0.021752 0.743637
v 1.484693 0.024051 0.749045
v 1.484693 0.026801 0.754085
v 0.000000 0.029968 -0.278874
v 0.000000 0.029968 -0.200945
v 0.000000 0.026801 -0.274266
v 0.000000 0.024051 -0.269226
v 0.000000 0.021752 -0.263818
v 0.000000 0.019933 -0.258109
v 0.000000 0.018617 -0.252171
v 0.000000 0.017821 -0.246079
v 0.000000 0.017555 -0.239909
v 0.000000 0.017821 -0.233740
v 0.000000 0.018617 -0.227647
v 0.000000 0.019933 -0.221710
v 0.000000 0.021752 -0.216001
v 0.000000 0.024051 -0.210592
v 0.000000 0.026801 -0.205552
v 0.000000 0.029968 0.680763
v 0.000000 0.029968 0.758693
v 0.000000 0.026801 0.685371
v 0.000000 0.024051 0.690411
v 0.000000 0.021752 0.695819
v 0.000000 0.019933 0.701528
v 0.000000 0.018617 0.707466
v 0.000000 0.017821 0.713558
v 0.000000 0.017555 0.719728
v 0.000000 0.017821 0.725898
v 0.000000 0.018617 0.731990
v 0.000000 0.019933 0.737928
v 0.000000 0.021752 0.743637
v 0.000000 0.024051 0.749045
v 0.000000 0.026801 0.754085
v -0.371173 0.029968 -0.038965
v -0.371173 0.029968 0.038965
v -0.371173 0.026801 -0.034357
v -0.371173 0.024051 -0.029317
v -0.371173 0.021752 -0.023909
v -0.371173 0.019933 -0.018200
v -0.371173 0.018617 -0.012262
v -0.371173 0.017821 -0.006170
v -0.371173 0.017555 0.000000
v -0.371173 0.017821 0.006170
v -0.371173 0.018617 0.012262
v -0.371173 0.019933 0.018200
v -0.371173 0.021752 0.023909
v -0.371173 0.024051 0.029317
v -0.371173 0.026801 0.034357
v 1.113520 0.029968 -0.038965
v 1.113520 0.029968 0.038965
v 1.113520 0.026801 -0.034357
v 1.113520 0.024051 -0.029317
v 1.113520 0.021752 -0.023909
v 1.113520 0.019933 -0.018200
v 1.113520 0.018617 -0.012262
v 1.113520 0.017821 -0.006170
v 1.113520 0.017555 0.000000
v 1.113520 0.017821 0.006170
v 1.113520 0.018617 0.012262
v 1.113520 0.019933 0.018200
v 1.113520 0.021752 0.023909
v 1.113520 0.024051 0.029317
v 1.113520 0.026801 0.034357
v 0.742347 0.029968 0.200945
v 0.742347 0.029968 0.278874
v 0.742347 0.026801 0.205552
v 0.742347 0.024051 0.210592
v 0.742347 0.021752 0.216001
v 0.742347 0.019933 0.221710
v 0.742347 0.018617 0.227647
v 0.742347 0.017821 0.233740
v 0.742347 0.017555 0.239909
v 0.742347 0.017821 0.246079
v 0.742347 0.018617 0.252171
v 0.742347 0.019933 0.258109
v 0.742347 0.021752 0.263818
v 0.742347 0.024051 0.269226
v 0.742347 0.026801 0.274266
v 0.742347 0.029968 0.680763
v 0.742347 0.029968 0.758693
v 0.742347 0.026801 0.685371
v 0.742347 0.024051 0.690411
v 0.742347 0.021752 0.695819
v 0.742347 0.019933 0.701528
v 0.742347 0.018617 0.707466
v 0.742347 0.017821 0.713558
v 0.742347 0.017555 0.719728
v 0.742347 0.017821 0.725898
v 0.742347 0.018617 0.731990
v 0.742347 0.019933 0.737928
v 0.742347 0.021752 0.743637
v 0.742347 0.024051 0.749045
v 0.742347 0.026801 0.754085
v 0.371173 0.029968 0.440854
v 0.371173 0.029968 0.518783
v 0.371173 0.026801 0.445462
v 0.371173 0.024051 0.450501
v 0.371173 0.021752 0.455910
v 0.371173 0.019933 0.461619
v 0.371173 0.018617 0.467557
v 0.371173 0.017821 0.473649
v 0.371173 0.017555 0.479819
v 0.371173 0.017821 0.485988
v 0.371173 0.018617 0.492080
v 0.371173 0.019933 0.498018
v 0.371173 0.021752 0.503727
v 0.371173 0.024051 0.509136
v 0.371173 0.026801 0.514176
v 1.113520 0.029968 0.440854
v 1.113520 0.029968 0.518783
v 1.113520 0.026801 0.445462
v 1.113520 0.024051 0.450501
v 1.113520 0.021752 0.455910
v 1.113520 0.019933 0.461619
v 1.113520 0.018617 0.467557
v 1.113520 0.017821 0.473649
v 1.113520 0.017555 0.479819
v 1.113520 0.017821 0.485988
v 1.113520 0.018617 0.492080
v 1.113520 0.019933 0.498018
v 1.113520 0.021752 0.503727
v 1.113520 0.024051 0.509136
v 1.113520 0.026801 0.514176
v -0.742347 0.029968 0.200945
v -0.742347 0.029968 0.278874
v -0.742347 0.026801 0.205552
v -0.742347 0.024051 0.210592
v -0.742347 0.021752 0.216001
v -0.742347 0.019933 0.221710
v -0.742347 0.018617 0.227647
v -0.742347 0.017821 0.233740
v -0.742347 0.017555 0.239909
v -0.742347 0.017821 0.246079
v -0.742347 0.018617 0.252171
v -0.742347 0.019933 0.258109
v -0.742347 0.021752 0.263818
v -0.742347 0.024051 0.269226
v -0.742347 0.026801 0.274266
v -0.742347 0.029968 0.680763
v -0.742347 0.029968 0.758693
v -0.742347 0.026801 0.685371
v -0.742347 0.024051 0.690411
v -0.742347 0.021752 0.695819
v -0.742347 0.019933 0.701528
v -0.742347 0.018617 0.707466
v -0.742347 0.017821 0.713558
v -0.742347 0.017555 0.719728
v -0.742347 0.017821 0.725898
v -0.742347 0.018617 0.731990
v -0.742347 0.019933 0.737928
v -0.742347 0.021752 0.743637
v -0.742347 0.024051 0.749045
v -0.742347 0.026801 0.754085
v -1.113520 0.029968 0.440854
v -1.113520 0.029968 0.518783
v -1.113520 0.026801 0.445462
v -1.113520 0.024051 0.450501
v -1.113520 0.021752 0.455910
v -1.113520 0.019933 0.461619
v -1.113520 0.018617 0.467557
v -1.113520 0.017821 0.473649
v -1.113520 0.017555 0.479819
v -1.113520 0.017821 0.485988
v -1.113520 0.018617 0.492080
v -1.113520 0.019933 0.498018
v -1.113520 0.021752 0.503727
v -1.113520 0.024051 0.509136
v -1.113520 0.026801 0.514176
v -0.371173 0.029968 0.440854
v -0.371173 0.029968 0.518783
v -0.371173 0.026801 0.445462
v -0.371173 0.024051 0.450501
v -0.371173 0.021752 0.455910
v -0.371173 0.019933 0.461619
v -0.371173 0.018617 0.467557
v -0.371173 0.017821 0.473649
v -0.371173 0.017555 0.479819
v -0.371173 0.017821 0.485988
v -0.371173 0.018617 0.492080
v -0.371173 0.019933 0.498018
v -0.371173 0.021752 0.503727
v -0.371173 0.024051 0.509136
v -0.371173 0.026801 0.514176
v -0.742347 0.029968 -0.758693
v -0.742347 0.029968 -0.680763
v -0.742347 0.026801 -0.754085
v -0.742347 0.024051 -0.749045
v -0.742347 0.021752 -0.743637
v -0.742347 0.019933 -0.737928
v -0.742347 0.018617 -0.731990
v -0.742347 0.017821 -0.725898
v -0.742347 0.017555 -0.719728
v -0.742347 0.017821 -0.713558
v -0.742347 0.018617 -0.707466
v -0.742347 0.019933 -0.701528
v -0.742347 0.021752 -0.695819
v -0.742347 0.024051 -0.690411
v -0.742347 0.026801 -0.685371
v -0.742347 0.029968 -0.278874
v -0.742347 0.029968 -0.200945
v -0.742347 0.026801 -0.274266
v -0.742347 0.024051 -0.269226
v -0.742347 0.021752 -0.263818
v -0.742347 0.019933 -0.258109
v -0.742347 0.018617 -0.252171
v -0.742347 0.017821 -0.246079
v -0.742347 0.017555 -0.239909
v -0.742347 0.017821 -0.233740
v -0.742347 0.018617 -0.227647
v -0.742347 0.019933 -0.221710
v -0.742347 0.021752 -0.216001
v -0.742347 0.024051 -0.210592
v -0.742347 0.026801 -0.205552
v -1.113520 0.029968 -0.518783
v -1.113520 0.029968 -0.440854
v -1.113520 0.026801 -0.514176
v -1.113520 0.024051 -0.509136
v -1.113520 0.021752 -0.503727
v -1.113520 0.019933 -0.498018
v -1.113520 0.018617 -0.492080
v -1.113520 0.017821 -0.485988
v -1.113520 0.017555 -0.479819
v -1.113520 0.017821 -0.473649
v -1.113520 0.018617 -0.467557
v -1.113520 0.019933 -0.461619
v -1.113520 0.021752 -0.455910
v -1.113520 0.024051 -0.450501
v -1.113520 0.026801 -0.445462
v -0.371173 0.029968 -0.518783
v -0.371173 0.029968 -0.440854
v -0.371173 0.026801 -0.514176
v -0.371173 0.024051 -0.509136
v -0.371173 0.021752 -0.503727
v -0.371173 0.019933 -0.498018
v -0.371173 0.018617 -0.492080
v -0.371173 0.017821 -0.485988
v -0.371173 0.017555 -0.479819
v -0.371173 0.017821 -0.473649
v -0.371173 0.018617 -0.467557
v -0.371173 0.019933 -0.461619
v -0.371173 0.021752 -0.455910
v -0.371173 0.024051 -0.450501
v -0.371173 0.026801 -0.445462
v 0.742347 0.029968 -0.758693
v 0.742347 0.029968 -0.680763
v 0.742347 0.026801 -0.754085
v 0.742347 0.024051 -0.749045
v 0.742347 0.021752 -0.743637
v 0.742347 0.019933 -0.737928
v 0.742347 0.018617 -0.731990
v 0.742347 0.017821 -0.725898
v 0.742347 0.017555 -0.719728
v 0.742347 0.017821 -0.713558
v 0.742347 0.018617 -0.707466
v 0.742347 0.019933 -0.701528
v 0.742347 0.021752 -0.695819
v 0.742347 0.024051 -0.690411
v 0.742347 0.026801 -0.685371
v 0.742347 0.029968 -0.278874
v 0.742347 0.029968 -0.200945
v 0.742347 0.026801 -0.274266
v 0.742347 0.024051 -0.269226
v 0.742347 0.021752 -0.263818
v 0.742347 0.019933 -0.258109
v 0.742347 0.018617 -0.252171
v 0.742347 0.017821 -0.246079
v 0.742347 0.017555 -0.239909
v 0.742347 0.017821 -0.233740
v 0.742347 0.018617 -0.227647
v 0.742347 0.019933 -0.221710
v 0.742347 0.021752 -0.216001
v 0.742347 0.024051 -0.210592
v 0.742347 0.026801 -0.205552
v 0.371173 0.029968 -0.518783
v 0.371173 0.029968 -0.440854
v 0.371173 0.026801 -0.514176
v 0.371173 0.024051 -0.509136
v 0.371173 0.021752 -0.503727
v 0.371173 0.019933 -0.498018
v 0.371173 0.018617 -0.492080
v 0.371173 0.017821 -0.485988
v 0.371173 0.017555 -0.479819
v 0.371173 0.017821 -0.473649
v 0.371173 0.018617 -0.467557
v 0.371173 0.019933 -0.461619
v 0.371173 0.021752 -0.455910
v 0.371173 0.024051 -0.450501
v 0.371173 0.026801 -0.445462
v 1.113520 0.029968 -0.518783
v 1.113520 0.029968 -0.440854
v 1.113520 0.026801 -0.514176
v 1.113520 0.024051 -0.509136
v 1.113520 0.021752 -0.503727
v 1.113520 0.019933 -0.498018
v 1.113520 0.018617 -0.492080
v 1.113520 0.017821 -0.485988
v 1.113520 0.017555 -0.479819
v 1.113520 0.017821 -0.473649
v 1.113520 0.018617 -0.467557
v 1.113520 0.019933 -0.461619
v 1.113520 0.021752 -0.455910
v 1.113520 0.024051 -0.450501
v 1.113520 0.026801 -0.445462
v 1.113520 0.029968 -0.278874
v 1.113520 0.029968 -0.200945
v 1.113520 0.026801 -0.274266
v 1.113520 0.024051 -0.269226
v 1.113520 0.021752 -0.263818
v 1.113520 0.019933 -0.258109
v 1.113520 0.018617 -0.252171
v 1.113520 0.017821 -0.246079
v 1.113520 0.017555 -0.239909
v 1.113520 0.017821 -0.233740
v 1.113520 0.018617 -0.227647
v 1.113520 0.019933 -0.221710
v 1.113520 0.021752 -0.216001
v 1.113520 0.024051 -0.210592
v 1.113520 0.026801 -0.205552
v 0.371173 0.029968 -0.278874
v 0.371173 0.029968 -0.200945
v 0.371173 0.026801 -0.274266
v 0.371173 0.024051 -0.269226
v 0.371173 0.021752 -0.263818
v 0.371173 0.019933 -0.258109
v 0.371173 0.018617 -0.252171
v 0.371173 0.017821 -0.246079
v 0.371173 0.017555 -0.239909
v 0.371173 0.017821 -0.233740
v 0.371173 0.018617 -0.227647
v 0.371173 0.019933 -0.221710
v 0.371173 0.021752 -0.216001
v 0.371173 0.024051 -0.210592
v 0.371173 0.026801 -0.205552
v 0.371173 0.029968 -0.758693
v 0.371173 0.029968 -0.680763
v 0.371173 0.026801 -0.754085
v 0.371173 0.024051 -0.749045
v 0.371173 0.021752 -0.743637
v 0.371173 0.019933 -0.737928
v 0.371173 0.018617 -0.731990
v 0.371173 0.017821 -0.725898
v 0.371173 0.017555 -0.719728
v 0.371173 0.017821 -0.713558
v 0.371173 0.018617 -0.707466
v 0.371173 0.019933 -0.701528
v 0.371173 0.021752 -0.695819
v 0.371173 0.024051 -0.690411
v 0.371173 0.026801 -0.685371
v -0.371173 0.029968 -0.278874
v -0.371173 0.029968 -0.200945
v -0.371173 0.026801 -0.274266
v -0.371173 0.024051 -0.269226
v -0.371173 0.021752 -0.263818
v -0.371173 0.019933 -0.258109
v -0.371173 0.018617 -0.252171
v -0.371173 0.017821 -0.246079
v -0.371173 0.017555 -0.239909
v -0.371173 0.017821 -0.233740
v -0.371173 0.018617 -0.227647
v -0.371173 0.019933 -0.221710
v -0.371173 0.021752 -0.216001
v -0.371173 0.024051 -0.210592
v -0.371173 0.026801 -0.205552
v -1.113520 0.029968 -0.278874
v -1.113520 0.029968 -0.200945
v -1.113520 0.026801 -0.274266
v -1.113520 0.024051 -0.269226
v -1.113520 0.021752 -0.263818
v -1.113520 0.019933 -0.258109
v -1.113520 0.018617 -0.252171
v -1.113520 0.017821 -0.246079
v -1.113520 0.017555 -0.239909
v -1.113520 0.017821 -0.233740
v -1.113520 0.018617 -0.227647
v -1.113520 0.019933 -0.221710
v -1.113520 0.021752 -0.216001
v -1.113520 0.024051 -0.210592
v -1.113520 0.026801 -0.205552
v -1.113520 0.029968 -0.758693
v -1.113520 0.029968 -0.680763
v -1.113520 0.026801 -0.754085
v -1.113520 0.024051 -0.749045
v -1.113520 0.021752 -0.743637
v -1.113520 0.019933 -0.737928
v -1.113520 0.018617 -0.731990
v -1.113520 0.017821 -0.725898
v -1.113520 0.017555 -0.719728
v -1.113520 0.017821 -0.713558
v -1.113520 0.018617 -0.707466
v -1.113520 0.019933 -0.701528
v -1.113520 0.021752 -0.695819
v -1.113520 0.024051 -0.690411
v -1.113520 0.026801 -0.685371
v -0.371173 0.029968 0.680763
v -0.371173 0.029968 0.758693
v -0.371173 0.026801 0.685371
v -0.371173 0.024051 0.690411
v -0.371173 0.021752 0.695819
v -0.371173 0.019933 0.701528
v -0.371173 0.018617 0.707466
v -0.371173 0.017821 0.713558
v -0.371173 0.017555 0.719728
v -0.371173 0.017821 0.725898
v -0.371173 0.018617 0.731990
v -0.371173 0.019933 0.737928
v -0.371173 0.021752 0.743637
v -0.371173 0.024051 0.749045
v -0.371173 0.026801 0.754085
v -1.113520 0.029968 0.680763
v -1.113520 0.029968 0.758693
v -1.113520 0.026801 0.685371
v -1.113520 0.024051 0.690411
v -1.113520 0.021752 0.695819
v -1.113520 0.019933 0.701528
v -1.113520 0.018617 0.707466
v -1.113520 0.017821 0.713558
v -1.113520 0.017555 0.719728
v -1.113520 0.017821 0.725898
v -1.113520 0.018617 0.731990
v -1.113520 0.019933 0.737928
v -1.113520 0.021752 0.743637
v -1.113520 0.024051 0.749045
v -1.113520 0.026801 0.754085
v -1.113520 0.029968 0.200945
v -1.113520 0.029968 0.278874
v -1.113520 0.026801 0.205552
v -1.113520 0.024051 0.210592
v -1.113520 0.021752 0.216001
v -1.113520 0.019933 0.221710
v -1.113520 0.018617 0.227647
v -1.113520 0.017821 0.233740
v -1.113520 0.017555 0.239909
v -1.113520 0.017821 0.246079
v -1.113520 0.018617 0.252171
v -1.113520 0.019933 0.258109
v -1.113520 0.021752 0.263818
v -1.113520 0.024051 0.269226
v -1.113520 0.026801 0.274266
v 1.113520 0.029968 0.680763
v 1.113520 0.029968 0.758693
v 1.113520 0.026801 0.685371
v 1.113520 0.024051 0.690411
v 1.113520 0.021752 0.695819
v 1.113520 0.019933 0.701528
v 1.113520 0.018617 0.707466
v 1.113520 0.017821 0.713558
v 1.113520 0.017555 0.719728
v 1.113520 0.017821 0.725898
v 1.113520 0.018617 0.731990
v 1.113520 0.019933 0.737928
v 1.113520 0.021752 0.743637
v 1.113520 0.024051 0.749045
v 1.113520 0.026801 0.754085
v 0.371173 0.029968 0.680763
v 0.371173 0.029968 0.758693
v 0.371173 0.026801 0.685371
v 0.371173 0.024051 0.690411
v 0.371173 0.021752 0.695819
v 0.371173 0.019933 0.701528
v 0.371173 0.018617 0.707466
v 0.371173 0.017821 0.713558
v 0.371173 0.017555 0.719728
v 0.371173 0.017821 0.725898
v 0.371173 0.018617 0.731990
v 0.371173 0.019933 0.737928
v 0.371173 0.021752 0.743637
v 0.371173 0.024051 0.749045
v 0.371173 0.026801 0.754085
v 0.371173 0.029968 0.200945
v 0.371173 0.029968 0.278874
v 0.371173 0.026801 0.205552
v 0.371173 0.024051 0.210592
v 0.371173 0.021752 0.216001
v 0.371173 0.019933 0.221710
v 0.371173 0.018617 0.227647
v 0.371173 0.017821 0.233740
v 0.371173 0.017555 0.239909
v 0.371173 0.017821 0.246079
v 0.371173 0.018617 0.252171
v 0.371173 0.019933 0.258109
v 0.371173 0.021752 0.263818
v 0.371173 0.024051 0.269226
v 0.371173 0.026801 0.274266
v 1.113520 0.029968 0.200945
v 1.113520 0.029968 0.278874
v 1.113520 0.026801 0.205552
v 1.113520 0.024051 0.210592
v 1.113520 0.021752 0.216001
v 1.113520 0.019933 0.221710
v 1.113520 0.018617 0.227647
v 1.113520 0.017821 0.233740
v 1.113520 0.017555 0.239909
v 1.113520 0.017821 0.246079
v 1.113520 0.018617 0.252171
v 1.113520 0.019933 0.258109
v 1.113520 0.021752 0.263818
v 1.113520 0.024051 0.269226
v 1.113520 0.026801 0.274266
v -0.371173 0.029968 0.200945
v -0.371173 0.029968 0.278874
v -0.371173 0.026801 0.205552
v -0.371173 0.024051 0.210592
v -0.371173 0.021752 0.216001
v -0.371173 0.019933 0.221710
v -0.371173 0.018617 0.227647
v -0.371173 0.017821 0.233740
v -0.371173 0.017555 0.239909
v -0.371173 0.017821 0.246079
v -0.371173 0.018617 0.252171
v -0.371173 0.019933 0.258109
v -0.371173 0.021752 0.263818
v -0.371173 0.024051 0.269226
v -0.371173 0.026801 0.274266
v -0.371173 0.029968 -0.758693
v -0.371173 0.029968 -0.680763
v -0.371173 0.026801 -0.754085
v -0.371173 0.024051 -0.749045
v -0.371173 0.021752 -0.743637
v -0.371173 0.019933 -0.737928
v -0.371173 0.018617 -0.731990
v -0.371173 0.017821 -0.725898
v -0.371173 0.017555 -0.719728
v -0.371173 0.017821 -0.713558
v -0.371173 0.018617 -0.707466
v -0.371173 0.019933 -0.701528
v -0.371173 0.021752 -0.695819
v -0.371173 0.024051 -0.690411
v -0.371173 0.026801 -0.685371
v 1.113520 0.029968 -0.758693
v 1.113520 0.029968 -0.680763
v 1.113520 0.026801 -0.754085
v 1.113520 0.024051 -0.749045
v 1.113520 0.021752 -0.743637
v 1.113520 0.019933 -0.737928
v 1.113520 0.018617 -0.731990
v 1.113520 0.017821 -0.725898
v 1.113520 0.017555 -0.719728
v 1.113520 0.017821 -0.713558
v 1.113520 0.018617 -0.707466
v 1.113520 0.019933 -0.701528
v 1.113520 0.021752 -0.695819
v 1.113520 0.024051 -0.690411
v 1.113520 0.026801 -0.685371
v -1.484693 0.062290 0.878647
v -1.484693 0.062290 0.800718
v -1.484693 0.065456 0.874040
v -1.484693 0.068207 0.869000
v -1.484693 0.070506 0.863591
v -1.484693 0.072324 0.857882
v -1.484693 0.073640 0.851944
v -1.484693 0.074436 0.845852
v -1.484693 0.074703 0.839683
v -1.484693 0.074436 0.833513
v -1.484693 0.073640 0.827421
v -1.484693 0.072324 0.821483
v -1.484693 0.070506 0.815774
v -1.484693 0.068207 0.810365
v -1.484693 0.065457 0.805326
v 1.484693 0.062290 -0.878647
v 1.484693 0.062290 -0.800718
v 1.484693 0.065456 -0.874040
v 1.484693 0.068207 -0.869000
v 1.484693 0.070506 -0.863591
v 1.484693 0.072324 -0.857882
v 1.484693 0.073640 -0.851944
v 1.484693 0.074436 -0.845852
v 1.484693 0.074703 -0.839683
v 1.484693 0.074436 -0.833513
v 1.484693 0.073640 -0.827421
v 1.484693 0.072324 -0.821483
v 1.484693 0.070506 -0.815774
v 1.484693 0.068207 -0.810365
v 1.484693 0.065457 -0.805326
v -1.484693 0.062290 -0.080990
v -1.484693 0.062290 -0.158919
v -1.484693 0.065457 -0.085598
v -1.484693 0.068207 -0.090637
v -1.484693 0.070506 -0.096046
v -1.484693 0.072324 -0.101755
v -1.484693 0.073640 -0.107693
v -1.484693 0.074436 -0.113785
v -1.484693 0.074703 -0.119955
v -1.484693 0.074436 -0.126124
v -1.484693 0.073640 -0.132216
v -1.484693 0.072324 -0.138154
v -1.484693 0.070506 -0.143863
v -1.484693 0.068207 -0.149272
v -1.484693 0.065457 -0.154312
v 1.484693 0.062290 0.080990
v 1.484693 0.062290 0.158919
v 1.484693 0.065457 0.085598
v 1.484693 0.068207 0.090637
v 1.484693 0.070506 0.096046
v 1.484693 0.072324 0.101755
v 1.484693 0.073640 0.107693
v 1.484693 0.074436 0.113785
v 1.484693 0.074703 0.119955
v 1.484693 0.074436 0.126124
v 1.484693 0.073640 0.132216
v 1.484693 0.072324 0.138154
v 1.484693 0.070506 0.143863
v 1.484693 0.068207 0.149272
v 1.484693 0.065457 0.154312
v 0.000000 0.062290 -0.878647
v 0.000000 0.062290 -0.800718
v 0.000000 0.065457 -0.874040
v 0.000000 0.068207 -0.869000
v 0.000000 0.070506 -0.863591
v 0.000000 0.072324 -0.857882
v 0.000000 0.073640 -0.851944
v 0.000000 0.074436 -0.845852
v 0.000000 0.074703 -0.839683
v 0.000000 0.074436 -0.833513
v 0.000000 0.073640 -0.827421
v 0.000000 0.072324 -0.821483
v 0.000000 0.070506 -0.815774
v 0.000000 0.068207 -0.810365
v 0.000000 0.065457 -0.805326
v 0.000000 0.062290 0.080990
v 0.000000 0.062290 0.158919
v 0.000000 0.065457 0.085598
v 0.000000 0.068207 0.090637
v 0.000000 0.070506 0.096046
v 0.000000 0.072324 0.101755
v 0.000000 0.073640 0.107693
v 0.000000 0.074436 0.113785
v 0.000000 0.074703 0.119955
v 0.000000 0.074436 0.126124
v 0.000000 0.073640 0.132216
v 0.000000 0.072324 0.138154
v 0.000000 0.070506 0.143863
v 0.000000 0.068207 0.149272
v 0.000000 0.065457 0.154312
v -1.299106 0.029968 0.038965
v -1.299106 0.029968 -0.038965
v -1.299106 0.026801 0.034357
v -1.299106 0.024051 0.029317
v -1.299106 0.021752 0.023909
v -1.299106 0.019933 0.018200
v -1.299106 0.018617 0.012262
v -1.299106 0.017821 0.006170
v -1.299106 0.017555 0.000000
v -1.299106 0.017821 -0.006170
v -1.299106 0.018617 -0.012262
v -1.299106 0.019933 -0.018200
v -1.299106 0.021752 -0.023909
v -1.299106 0.024051 -0.029317
v -1.299106 0.026801 -0.034357
v 0.185587 0.029968 0.038965
v 0.185587 0.029968 -0.038965
v 0.185587 0.026801 0.034357
v 0.185587 0.024051 0.029317
v 0.185587 0.021752 0.023909
v 0.185587 0.019933 0.018200
v 0.185587 0.018617 0.012262
v 0.185587 0.017821 0.006170
v 0.185587 0.017555 0.000000
v 0.185587 0.017821 -0.006170
v 0.185587 0.018617 -0.012262
v 0.185587 0.019933 -0.018200
v 0.185587 0.021752 -0.023909
v 0.185587 0.024051 -0.029317
v 0.185587 0.026801 -0.034357
v -1.484693 0.062290 0.398828
v -1.484693 0.062290 0.320899
v -1.484693 0.065457 0.394221
v -1.484693 0.068207 0.389181
v -1.484693 0.070506 0.383773
v -1.484693 0.072324 0.378064
v -1.484693 0.073640 0.372126
v -1.484693 0.074436 0.366034
v -1.484693 0.074703 0.359864
v -1.484693 0.074436 0.353694
v -1.484693 0.073640 0.347602
v -1.484693 0.072324 0.341664
v -1.484693 0.070506 0.335955
v -1.484693 0.068207 0.330547
v -1.484693 0.065457 0.325507
v 1.484693 0.062290 -0.398828
v 1.484693 0.062290 -0.320899
v 1.484693 0.065457 -0.394221
v 1.484693 0.068207 -0.389181
v 1.484693 0.070506 -0.383773
v 1.484693 0.072324 -0.378064
v 1.484693 0.073640 -0.372126
v 1.484693 0.074436 -0.366034
v 1.484693 0.074703 -0.359864
v 1.484693 0.074436 -0.353694
v 1.484693 0.073640 -0.347602
v 1.484693 0.072324 -0.341664
v 1.484693 0.070506 -0.335955
v 1.484693 0.068207 -0.330547
v 1.484693 0.065457 -0.325507
v -1.484693 0.062290 -0.560809
v -1.484693 0.062290 -0.638738
v -1.484693 0.065456 -0.565416
v -1.484693 0.068207 -0.570456
v -1.484693 0.070506 -0.575864
v -1.484693 0.072324 -0.581574
v -1.484693 0.073640 -0.587511
v -1.484693 0.074436 -0.593604
v -1.484693 0.074703 -0.599773
v -1.484693 0.074436 -0.605943
v -1.484693 0.073640 -0.612035
v -1.484693 0.072324 -0.617973
v -1.484693 0.070506 -0.623682
v -1.484693 0.068207 -0.629090
v -1.484693 0.065457 -0.634130
v 1.484693 0.062290 0.560809
v 1.484693 0.062290 0.638738
v 1.484693 0.065456 0.565416
v 1.484693 0.068207 0.570456
v 1.484693 0.070506 0.575864
v 1.484693 0.072324 0.581574
v 1.484693 0.073640 0.587511
v 1.484693 0.074436 0.593604
v 1.484693 0.074703 0.599773
v 1.484693 0.074436 0.605943
v 1.484693 0.073640 0.612035
v 1.484693 0.072324 0.617973
v 1.484693 0.070506 0.623682
v 1.484693 0.068207 0.629090
v 1.484693 0.065457 0.634130
v 0.000000 0.062290 -0.398828
v 0.000000 0.062290 -0.320899
v 0.000000 0.065457 -0.394221
v 0.000000 0.068207 -0.389181
v 0.000000 0.070506 -0.383773
v 0.000000 0.072324 -0.378064
v 0.000000 0.073640 -0.372126
v 0.000000 0.074436 -0.366034
v 0.000000 0.074703 -0.359864
v 0.000000 0.074436 -0.353694
v 0.000000 0.073640 -0.347602
v 0.000000 0.072324 -0.341664
v 0.000000 0.070506 -0.335955
v 0.000000 0.068207 -0.330547
v 0.000000 0.065457 -0.325507
v 0.000000 0.062290 0.560809
v 0.000000 0.062290 0.638738
v 0.000000 0.065457 0.565416
v 0.000000 0.068207 0.570456
v 0.000000 0.070506 0.575864
v 0.000000 0.072324 0.581574
v 0.000000 0.073640 0.587511
v 0.000000 0.074436 0.593604
v 0.000000 0.074703 0.599773
v 0.000000 0.074436 0.605943
v 0.000000 0.073640 0.612035
v 0.000000 0.072324 0.617973
v 0.000000 0.070506 0.623682
v 0.000000 0.068207 0.629090
v 0.000000 0.065457 0.634130
v -0.556760 0.029968 0.038965
v -0.556760 0.029968 -0.038965
v -0.556760 0.026801 0.034357
v -0.556760 0.024051 0.029317
v -0.556760 0.021752 0.023909
v -0.556760 0.019933 0.018200
v -0.556760 0.018617 0.012262
v -0.556760 0.017821 0.006170
v -0.556760 0.017555 0.000000
v -0.556760 0.017821 -0.006170
v -0.556760 0.018617 -0.012262
v -0.556760 0.019933 -0.018200
v -0.556760 0.021752 -0.023909
v -0.556760 0.024051 -0.029317
v -0.556760 0.026801 -0.034357
v 0.927933 0.029968 0.038965
v 0.927933 0.029968 -0.038965
v 0.927933 0.026801 0.034357
v 0.927933 0.024051 0.029317
v 0.927933 0.021752 0.023909
v 0.927933 0.019933 0.018200
v 0.927933 0.018617 0.012262
v 0.927933 0.017821 0.006170
v 0.927933 0.017555 0.000000
v 0.927933 0.017821 -0.006170
v 0.927933 0.018617 -0.012262
v 0.927933 0.019933 -0.018200
v 0.927933 0.021752 -0.023909
v 0.927933 0.024051 -0.029317
v 0.927933 0.026801 -0.034357
v 0.742347 0.062290 0.080990
v 0.742347 0.062290 0.158919
v 0.742347 0.065457 0.085598
v 0.742347 0.068207 0.090637
v 0.742347 0.070506 0.096046
v 0.742347 0.072324 0.101755
v 0.742347 0.073640 0.107693
v 0.742347 0.074436 0.113785
v 0.742347 0.074703 0.119955
v 0.742347 0.074436 0.126124
v 0.742347 0.073640 0.132216
v 0.742347 0.072324 0.138154
v 0.742347 0.070506 0.143863
v 0.742347 0.068207 0.149272
v 0.742347 0.065457 0.154312
v 0.742347 0.062290 0.560809
v 0.742347 0.062290 0.638738
v 0.742347 0.065457 0.565416
v 0.742347 0.068207 0.570456
v 0.742347 0.070506 0.575864
v 0.742347 0.072324 0.581574
v 0.742347 0.073640 0.587511
v 0.742347 0.074436 0.593604
v 0.742347 0.074703 0.599773
v 0.742347 0.074436 0.605943
v 0.742347 0.073640 0.612035
v 0.742347 0.072324 0.617973
v 0.742347 0.070506 0.623682
v 0.742347 0.068207 0.629090
v 0.742347 0.065457 0.634130
v 0.185587 0.029968 0.518783
v 0.185587 0.029968 0.440854
v 0.185587 0.026801 0.514176
v 0.185587 0.024051 0.509136
v 0.185587 0.021752 0.503727
v 0.185587 0.019933 0.498018
v 0.185587 0.018617 0.492080
v 0.185587 0.017821 0.485988
v 0.185587 0.017555 0.479819
v 0.185587 0.017821 0.473649
v 0.185587 0.018617 0.467557
v 0.185587 0.019933 0.461619
v 0.185587 0.021752 0.455910
v 0.185587 0.024051 0.450501
v 0.185587 0.026801 0.445462
v 0.927933 0.029968 0.518783
v 0.927933 0.029968 0.440854
v 0.927933 0.026801 0.514176
v 0.927933 0.024051 0.509136
v 0.927933 0.021752 0.503727
v 0.927933 0.019933 0.498018
v 0.927933 0.018617 0.492080
v 0.927933 0.017821 0.485988
v 0.927933 0.017555 0.479819
v 0.927933 0.017821 0.473649
v 0.927933 0.018617 0.467557
v 0.927933 0.019933 0.461619
v 0.927933 0.021752 0.455910
v 0.927933 0.024051 0.450501
v 0.927933 0.026801 0.445462
v -0.742347 0.062290 0.080990
v -0.742347 0.062290 0.158919
v -0.742347 0.065457 0.085598
v -0.742347 0.068207 0.090637
v -0.742347 0.070506 0.096046
v -0.742347 0.072324 0.101755
v -0.742347 0.073640 0.107693
v -0.742347 0.074436 0.113785
v -0.742347 0.074703 0.119955
v -0.742347 0.074436 0.126124
v -0.742347 0.073640 0.132216
v -0.742347 0.072324 0.138154
v -0.742347 0.070506 0.143863
v -0.742347 0.068207 0.149272
v -0.742347 0.065457 0.154312
v -0.742347 0.062290 0.560809
v -0.742347 0.062290 0.638738
v -0.742347 0.065457 0.565416
v -0.742347 0.068207 0.570456
v -0.742347 0.070506 0.575864
v -0.742347 0.072324 0.581574
v -0.742347 0.073640 0.587511
v -0.742347 0.074436 0.593604
v -0.742347 0.074703 0.599773
v -0.742347 0.074436 0.605943
v -0.742347 0.073640 0.612035
v -0.742347 0.072324 0.617973
v -0.742347 0.070506 0.623682
v -0.742347 0.068207 0.629090
v -0.742347 0.065457 0.634130
v -1.299106 0.029968 0.518783
v -1.299106 0.029968 0.440854
v -1.299106 0.026801 0.514176
v -1.299106 0.024051 0.509136
v -1.299106 0.021752 0.503727
v -1.299106 0.019933 0.498018
v -1.299106 0.018617 0.492080
v -1.299106 0.017821 0.485988
v -1.299106 0.017555 0.479819
v -1.299106 0.017821 0.473649
v -1.299106 0.018617 0.467557
v -1.299106 0.019933 0.461619
v -1.299106 0.021752 0.455910
v -1.299106 0.024051 0.450501
v -1.299106 0.026801 0.445462
v -0.556760 0.029968 0.518783
v -0.556760 0.029968 0.440854
v -0.556760 0.026801 0.514176
v -0.556760 0.024051 0.509136
v -0.556760 0.021752 0.503727
v -0.556760 0.019933 0.498018
v -0.556760 0.018617 0.492080
v -0.556760 0.017821 0.485988
v -0.556760 0.017555 0.479819
v -0.556760 0.017821 0.473649
v -0.556760 0.018617 0.467557
v -0.556760 0.019933 0.461619
v -0.556760 0.021752 0.455910
v -0.556760 0.024051 0.450501
v -0.556760 0.026801 0.445462
v -0.742347 0.062290 -0.878647
v -0.742347 0.062290 -0.800718
v -0.742347 0.065457 -0.874040
v -0.742347 0.068207 -0.869000
v -0.742347 0.070506 -0.863591
v -0.742347 0.072324 -0.857882
v -0.742347 0.073640 -0.851944
v -0.742347 0.074436 -0.845852
v -0.742347 0.074703 -0.839683
v -0.742347 0.074436 -0.833513
v -0.742347 0.073640 -0.827421
v -0.742347 0.072324 -0.821483
v -0.742347 0.070506 -0.815774
v -0.742347 0.068207 -0.810365
v -0.742347 0.065457 -0.805326
v -0.742347 0.062290 -0.398828
v -0.742347 0.062290 -0.320899
v -0.742347 0.065457 -0.394221
v -0.742347 0.068207 -0.389181
v -0.742347 0.070506 -0.383773
v -0.742347 0.072324 -0.378064
v -0.742347 0.073640 -0.372126
v -0.742347 0.074436 -0.366034
v -0.742347 0.074703 -0.359864
v -0.742347 0.074436 -0.353694
v -0.742347 0.073640 -0.347602
v -0.742347 0.072324 -0.341664
v -0.742347 0.070506 -0.335955
v -0.742347 0.068207 -0.330547
v -0.742347 0.065457 -0.325507
v -1.299106 0.029968 -0.440854
v -1.299106 0.029968 -0.518783
v -1.299106 0.026801 -0.445462
v -1.299106 0.024051 -0.450501
v -1.299106 0.021752 -0.455910
v -1.299106 0.019933 -0.461619
v -1.299106 0.018617 -0.467557
v -1.299106 0.017821 -0.473649
v -1.299106 0.017555 -0.479819
v -1.299106 0.017821 -0.485988
v -1.299106 0.018617 -0.492080
v -1.299106 0.019933 -0.498018
v -1.299106 0.021752 -0.503727
v -1.299106 0.024051 -0.509136
v -1.299106 0.026801 -0.514176
v -0.556760 0.029968 -0.440854
v -0.556760 0.029968 -0.518783
v -0.556760 0.026801 -0.445462
v -0.556760 0.024051 -0.450501
v -0.556760 0.021752 -0.455910
v -0.556760 0.019933 -0.461619
v -0.556760 0.018617 -0.467557
v -0.556760 0.017821 -0.473649
v -0.556760 0.017555 -0.479819
v -0.556760 0.017821 -0.485988
v -0.556760 0.018617 -0.492080
v -0.556760 0.019933 -0.498018
v -0.556760 0.021752 -0.503727
v -0.556760 0.024051 -0.509136
v -0.556760 0.026801 -0.514176
v 0.742347 0.062290 -0.878647
v 0.742347 0.062290 -0.800718
v 0.742347 0.065457 -0.874040
v 0.742347 0.068207 -0.869000
v 0.742347 0.070506 -0.863591
v 0.742347 0.072324 -0.857882
v 0.742347 0.073640 -0.851944
v 0.742347 0.074436 -0.845852
v 0.742347 0.074703 -0.839683
v 0.742347 0.074436 -0.833513
v 0.742347 0.073640 -0.827421
v 0.742347 0.072324 -0.821483
v 0.742347 0.070506 -0.815774
v 0.742347 0.068207 -0.810365
v 0.742347 0.065457 -0.805326
v 0.742347 0.062290 -0.398828
v 0.742347 0.062290 -0.320899
v 0.742347 0.065457 -0.394221
v 0.742347 0.068207 -0.389181
v 0.742347 0.070506 -0.383773
v 0.742347 0.072324 -0.378064
v 0.742347 0.073640 -0.372126
v 0.742347 0.074436 -0.366034
v 0.742347 0.074703 -0.359864
v 0.742347 0.074436 -0.353694
v 0.742347 0.073640 -0.347602
v 0.742347 0.072324 -0.341664
v 0.742347 0.070506 -0.335955
v 0.742347 0.068207 -0.330547
v 0.742347 0.065457 -0.325507
v 0.185587 0.029968 -0.440854
v 0.185587 0.029968 -0.518783
v 0.185587 0.026801 -0.445462
v 0.185587 0.024051 -0.450501
v 0.185587 0.021752 -0.455910
v 0.185587 0.019933 -0.461619
v 0.185587 0.018617 -0.467557
v 0.185587 0.017821 -0.473649
v 0.185587 0.017555 -0.479819
v 0.185587 0.017821 -0.485988
v 0.185587 0.018617 -0.492080
v 0.185587 0.019933 -0.498018
v 0.185587 0.021752 -0.503727
v 0.185587 0.024051 -0.509136
v 0.185587 0.026801 -0.514176
v 0.927933 0.029968 -0.440854
v 0.927933 0.029968 -0.518783
v 0.927933 0.026801 -0.445462
v 0.927933 0.024051 -0.450501
v 0.927933 0.021752 -0.455910
v 0.927933 0.019933 -0.461619
v 0.927933 0.018617 -0.467557
v 0.927933 0.017821 -0.473649
v 0.927933 0.017555 -0.479819
v 0.927933 0.017821 -0.485988
v 0.927933 0.018617 -0.492080
v 0.927933 0.019933 -0.498018
v 0.927933 0.021752 -0.503727
v 0.927933 0.024051 -0.509136
v 0.927933 0.026801 -0.514176
v -1.484693 0.062290 0.638738
v -1.484693 0.062290 0.560809
v -1.484693 0.065456 0.634130
v -1.484693 0.068207 0.629090
v -1.484693 0.070506 0.623682
v -1.484693 0.072324 0.617973
v -1.484693 0.073640 0.612035
v -1.484693 0.074436 0.605943
v -1.484693 0.074703 0.599773
v -1.484693 0.074436 0.593604
v -1.484693 0.073640 0.587511
v -1.484693 0.072324 0.581574
v -1.484693 0.070506 0.575864
v -1.484693 0.068207 0.570456
v -1.484693 0.065457 0.565416
v 1.484693 0.062290 -0.638738
v 1.484693 0.062290 -0.560809
v 1.484693 0.065456 -0.634130
v 1.484693 0.068207 -0.629090
v 1.484693 0.070506 -0.623682
v 1.484693 0.072324 -0.617973
v 1.484693 0.073640 -0.612035
v 1.484693 0.074436 -0.605943
v 1.484693 0.074703 -0.599773
v 1.484693 0.074436 -0.593604
v 1.484693 0.073640 -0.587511
v 1.484693 0.072324 -0.581574
v 1.484693 0.070506 -0.575864
v 1.484693 0.068207 -0.570456
v 1.484693 0.065457 -0.565416
v -1.484693 0.062290 -0.320899
v -1.484693 0.062290 -0.398828
v -1.484693 0.065457 -0.325507
v -1.484693 0.068207 -0.330547
v -1.484693 0.070506 -0.335955
v -1.484693 0.072324 -0.341664
v -1.484693 0.073640 -0.347602
v -1.484693 0.074436 -0.353694
v -1.484693 0.074703 -0.359864
v -1.484693 0.074436 -0.366034
v -1.484693 0.073640 -0.372126
v -1.484693 0.072324 -0.378064
v -1.484693 0.070506 -0.383773
v -1.484693 0.068207 -0.389181
v -1.484693 0.065457 -0.394221
v 1.484693 0.062290 0.320899
v 1.484693 0.062290 0.398828
v 1.484693 0.065457 0.325507
v 1.484693 0.068207 0.330547
v 1.484693 0.070506 0.335955
v 1.484693 0.072324 0.341664
v 1.484693 0.073640 0.347602
v 1.484693 0.074436 0.353694
v 1.484693 0.074703 0.359864
v 1.484693 0.074436 0.366034
v 1.484693 0.073640 0.372126
v 1.484693 0.072324 0.378064
v 1.484693 0.070506 0.383773
v 1.484693 0.068207 0.389181
v 1.484693 0.065457 0.394221
v 0.000000 0.062290 -0.560809
v 0.000000 0.062290 -0.638738
v 0.000000 0.065457 -0.565416
v 0.000000 0.068207 -0.570456
v 0.000000 0.070506 -0.575864
v 0.000000 0.072324 -0.581574
v 0.000000 0.073640 -0.587511
v 0.000000 0.074436 -0.593604
v 0.000000 0.074703 -0.599773
v 0.000000 0.074436 -0.605943
v 0.000000 0.073640 -0.612035
v 0.000000 0.072324 -0.617973
v 0.000000 0.070506 -0.623682
v 0.000000 0.068207 -0.629090
v 0.000000 0.065457 -0.634130
v 0.000000 0.062290 0.398828
v 0.000000 0.062290 0.320899
v 0.000000 0.065457 0.394221
v 0.000000 0.068207 0.389181
v 0.000000 0.070506 0.383773
v 0.000000 0.072324 0.378064
v 0.000000 0.073640 0.372126
v 0.000000 0.074436 0.366034
v 0.000000 0.074703 0.359864
v 0.000000 0.074436 0.353694
v 0.000000 0.073640 0.347602
v 0.000000 0.072324 0.341664
v 0.000000 0.070506 0.335955
v 0.000000 0.068207 0.330547
v 0.000000 0.065457 0.325507
v -0.927933 0.029968 0.038965
v -0.927933 0.029968 -0.038965
v -0.927933 0.026801 0.034357
v -0.927933 0.024051 0.029317
v -0.927933 0.021752 0.023909
v -0.927933 0.019933 0.018200
v -0.927933 0.018617 0.012262
v -0.927933 0.017821 0.006170
v -0.927933 0.017555 0.000000
v -0.927933 0.017821 -0.006170
v -0.927933 0.018617 -0.012262
v -0.927933 0.019933 -0.018200
v -0.927933 0.021752 -0.023909
v -0.927933 0.024051 -0.029317
v -0.927933 0.026801 -0.034357
v 0.556760 0.029968 0.038965
v 0.556760 0.029968 -0.038965
v 0.556760 0.026801 0.034357
v 0.556760 0.024051 0.029317
v 0.556760 0.021752 0.023909
v 0.556760 0.019933 0.018200
v 0.556760 0.018617 0.012262
v 0.556760 0.017821 0.006170
v 0.556760 0.017555 0.000000
v 0.556760 0.017821 -0.006170
v 0.556760 0.018617 -0.012262
v 0.556760 0.019933 -0.018200
v 0.556760 0.021752 -0.023909
v 0.556760 0.024051 -0.029317
v 0.556760 0.026801 -0.034357
v -1.484693 0.062290 0.158919
v -1.484693 0.062290 0.080990
v -1.484693 0.065457 0.154312
v -1.484693 0.068207 0.149272
v -1.484693 0.070506 0.143863
v -1.484693 0.072324 0.138154
v -1.484693 0.073640 0.132216
v -1.484693 0.074436 0.126124
v -1.484693 0.074703 0.119955
v -1.484693 0.074436 0.113785
v -1.484693 0.073640 0.107693
v -1.484693 0.072324 0.101755
v -1.484693 0.070506 0.096046
v -1.484693 0.068207 0.090637
v -1.484693 0.065457 0.085598
v 1.484693 0.062290 -0.158919
v 1.484693 0.062290 -0.080990
v 1.484693 0.065457 -0.154312
v 1.484693 0.068207 -0.149272
v 1.484693 0.070506 -0.143863
v 1.484693 0.072324 -0.138154
v 1.484693 0.073640 -0.132216
v 1.484693 0.074436 -0.126124
v 1.484693 0.074703 -0.119955
v 1.484693 0.074436 -0.113785
v 1.484693 0.073640 -0.107693
v 1.484693 0.072324 -0.101755
v 1.484693 0.070506 -0.096046
v 1.484693 0.068207 -0.090637
v 1.484693 0.065457 -0.085598
v -1.484693 0.062290 -0.800718
v -1.484693 0.062290 -0.878647
v -1.484693 0.065456 -0.805326
v -1.484693 0.068207 -0.810365
v -1.484693 0.070506 -0.815774
v -1.484693 0.072324 -0.821483
v -1.484693 0.073640 -0.827421
v -1.484693 0.074436 -0.833513
v -1.484693 0.074703 -0.839683
v -1.484693 0.074436 -0.845852
v -1.484693 0.073640 -0.851944
v -1.484693 0.072324 -0.857882
v -1.484693 0.070506 -0.863591
v -1.484693 0.068207 -0.869000
v -1.484693 0.065457 -0.874040
v 1.484693 0.062290 0.800718
v 1.484693 0.062290 0.878647
v 1.484693 0.065456 0.805326
v 1.484693 0.068207 0.810365
v 1.484693 0.070506 0.815774
v 1.484693 0.072324 0.821483
v 1.484693 0.073640 0.827421
v 1.484693 0.074436 0.833513
v 1.484693 0.074703 0.839683
v 1.484693 0.074436 0.845852
v 1.484693 0.073640 0.851944
v 1.484693 0.072324 0.857882
v 1.484693 0.070506 0.863591
v 1.484693 0.068207 0.869000
v 1.484693 0.065457 0.874040
v 0.000000 0.062290 -0.080990
v 0.000000 0.062290 -0.158919
v 0.000000 0.065457 -0.085598
v 0.000000 0.068207 -0.090637
v 0.000000 0.070506 -0.096046
v 0.000000 0.072324 -0.101755
v 0.000000 0.073640 -0.107693
v 0.000000 0.074436 -0.113785
v 0.000000 0.074703 -0.119955
v 0.000000 0.074436 -0.126124
v 0.000000 0.073640 -0.132216
v 0.000000 0.072324 -0.138154
v 0.000000 0.070506 -0.143863
v 0.000000 0.068207 -0.149272
v 0.000000 0.065457 -0.154312
v 0.000000 0.062290 0.800718
v 0.000000 0.062290 0.878647
v 0.000000 0.065457 0.805326
v 0.000000 0.068207 0.810365
v 0.000000 0.070506 0.815774
v 0.000000 0.072324 0.821483
v 0.000000 0.073640 0.827421
v 0.000000 0.074436 0.833513
v 0.000000 0.074703 0.839683
v 0.000000 0.074436 0.845852
v 0.000000 0.073640 0.851944
v 0.000000 0.072324 0.857882
v 0.000000 0.070506 0.863591
v 0.000000 0.068207 0.869000
v 0.000000 0.065457 0.874040
v -0.185587 0.029968 0.038965
v -0.185587 0.029968 -0.038965
v -0.185587 0.026801 0.034357
v -0.185587 0.024051 0.029317
v -0.185587 0.021752 0.023909
v -0.185587 0.019933 0.018200
v -0.185587 0.018617 0.012262
v -0.185587 0.017821 0.006170
v -0.185587 0.017555 0.000000
v -0.185587 0.017821 -0.006170
v -0.185587 0.018617 -0.012262
v -0.185587 0.019933 -0.018200
v -0.185587 0.021752 -0.023909
v -0.185587 0.024051 -0.029317
v -0.185587 0.026801 -0.034357
v 1.299106 0.029968 0.038965
v 1.299106 0.029968 -0.038965
v 1.299106 0.026801 0.034357
v 1.299106 0.024051 0.029317
v 1.299106 0.021752 0.023909
v 1.299106 0.019933 0.018200
v 1.299106 0.018617 0.012262
v 1.299106 0.017821 0.006170
v 1.299106 0.017555 0.000000
v 1.299106 0.017821 -0.006170
v 1.299106 0.018617 -0.012262
v 1.299106 0.019933 -0.018200
v 1.299106 0.021752 -0.023909
v 1.299106 0.024051 -0.029317
v 1.299106 0.026801 -0.034357
v 0.742347 0.062290 0.320899
v 0.742347 0.062290 0.398828
v 0.742347 0.065457 0.325507
v 0.742347 0.068207 0.330547
v 0.742347 0.070506 0.335955
v 0.742347 0.072324 0.341664
v 0.742347 0.073640 0.347602
v 0.742347 0.074436 0.353694
v 0.742347 0.074703 0.359864
v 0.742347 0.074436 0.366034
v 0.742347 0.073640 0.372126
v 0.742347 0.072324 0.378064
v 0.742347 0.070506 0.383773
v 0.742347 0.068207 0.389181
v 0.742347 0.065457 0.394221
v 0.742347 0.062290 0.878647
v 0.742347 0.062290 0.800718
v 0.742347 0.065457 0.874040
v 0.742347 0.068207 0.869000
v 0.742347 0.070506 0.863591
v 0.742347 0.072324 0.857882
v 0.742347 0.073640 0.851944
v 0.742347 0.074436 0.845852
v 0.742347 0.074703 0.839683
v 0.742347 0.074436 0.833513
v 0.742347 0.073640 0.827421
v 0.742347 0.072324 0.821483
v 0.742347 0.070506 0.815774
v 0.742347 0.068207 0.810365
v 0.742347 0.065457 0.805326
v 0.556760 0.029968 0.518783
v 0.556760 0.029968 0.440854
v 0.556760 0.026801 0.514176
v 0.556760 0.024051 0.509136
v 0.556760 0.021752 0.503727
v 0.556760 0.019933 0.498018
v 0.556760 0.018617 0.492080
v 0.556760 0.017821 0.485988
v 0.556760 0.017555 0.479819
v 0.556760 0.017821 0.473649
v 0.556760 0.018617 0.467557
v 0.556760 0.019933 0.461619
v 0.556760 0.021752 0.455910
v 0.556760 0.024051 0.450501
v 0.556760 0.026801 0.445462
v 1.299106 0.029968 0.518783
v 1.299106 0.029968 0.440854
v 1.299106 0.026801 0.514176
v 1.299106 0.024051 0.509136
v 1.299106 0.021752 0.503727
v 1.299106 0.019933 0.498018
v 1.299106 0.018617 0.492080
v 1.299106 0.017821 0.485988
v 1.299106 0.017555 0.479819
v 1.299106 0.017821 0.473649
v 1.299106 0.018617 0.467557
v 1.299106 0.019933 0.461619
v 1.299106 0.021752 0.455910
v 1.299106 0.024051 0.450501
v 1.299106 0.026801 0.445462
v -0.742347 0.062290 0.320899
v -0.742347 0.062290 0.398828
v -0.742347 0.065457 0.325507
v -0.742347 0.068207 0.330547
v -0.742347 0.070506 0.335955
v -0.742347 0.072324 0.341664
v -0.742347 0.073640 0.347602
v -0.742347 0.074436 0.353694
v -0.742347 0.074703 0.359864
v -0.742347 0.074436 0.366034
v -0.742347 0.073640 0.372126
v -0.742347 0.072324 0.378064
v -0.742347 0.070506 0.383773
v -0.742347 0.068207 0.389181
v -0.742347 0.065457 0.394221
v -0.742347 0.062290 0.878647
v -0.742347 0.062290 0.800718
v -0.742347 0.065457 0.874040
v -0.742347 0.068207 0.869000
v -0.742347 0.070506 0.863591
v -0.742347 0.072324 0.857882
v -0.742347 0.073640 0.851944
v -0.742347 0.074436 0.845852
v -0.742347 0.074703 0.839683
v -0.742347 0.074436 0.833513
v -0.742347 0.073640 0.827421
v -0.742347 0.072324 0.821483
v -0.742347 0.070506 0.815774
v -0.742347 0.068207 0.810365
v -0.742347 0.065457 0.805326
v -0.927933 0.029968 0.518783
v -0.927933 0.029968 0.440854
v -0.927933 0.026801 0.514176
v -0.927933 0.024051 0.509136
v -0.927933 0.021752 0.503727
v -0.927933 0.019933 0.498018
v -0.927933 0.018617 0.492080
v -0.927933 0.017821 0.485988
v -0.927933 0.017555 0.479819
v -0.927933 0.017821 0.473649
v -0.927933 0.018617 0.467557
v -0.927933 0.019933 0.461619
v -0.927933 0.021752 0.455910
v -0.927933 0.024051 0.450501
v -0.927933 0.026801 0.445462
v -0.185587 0.029968 0.518783
v -0.185587 0.029968 0.440854
v -0.185587 0.026801 0.514176
v -0.185587 0.024051 0.509136
v -0.185587 0.021752 0.503727
v -0.185587 0.019933 0.498018
v -0.185587 0.018617 0.492080
v -0.185587 0.017821 0.485988
v -0.185587 0.017555 0.479819
v -0.185587 0.017821 0.473649
v -0.185587 0.018617 0.467557
v -0.185587 0.019933 0.461619
v -0.185587 0.021752 0.455910
v -0.185587 0.024051 0.450501
v -0.185587 0.026801 0.445462
v -0.742347 0.062290 -0.638738
v -0.742347 0.062290 -0.560809
v -0.742347 0.065457 -0.634130
v -0.742347 0.068207 -0.629090
v -0.742347 0.070506 -0.623682
v -0.742347 0.072324 -0.617973
v -0.742347 0.073640 -0.612035
v -0.742347 0.074436 -0.605943
v -0.742347 0.074703 -0.599773
v -0.742347 0.074436 -0.593604
v -0.742347 0.073640 -0.587511
v -0.742347 0.072324 -0.581574
v -0.742347 0.070506 -0.575864
v -0.742347 0.068207 -0.570456
v -0.742347 0.065457 -0.565416
v -0.742347 0.062290 -0.080990
v -0.742347 0.062290 -0.158919
v -0.742347 0.065457 -0.085598
v -0.742347 0.068207 -0.090637
v -0.742347 0.070506 -0.096046
v -0.742347 0.072324 -0.101755
v -0.742347 0.073640 -0.107693
v -0.742347 0.074436 -0.113785
v -0.742347 0.074703 -0.119955
v -0.742347 0.074436 -0.126124
v -0.742347 0.073640 -0.132216
v -0.742347 0.072324 -0.138154
v -0.742347 0.070506 -0.143863
v -0.742347 0.068207 -0.149272
v -0.742347 0.065457 -0.154312
v -0.927933 0.029968 -0.440854
v -0.927933 0.029968 -0.518783
v -0.927933 0.026801 -0.445462
v -0.927933 0.024051 -0.450501
v -0.927933 0.021752 -0.455910
v -0.927933 0.019933 -0.461619
v -0.927933 0.018617 -0.467557
v -0.927933 0.017821 -0.473649
v -0.927933 0.017555 -0.479819
v -0.927933 0.017821 -0.485988
v -0.927933 0.018617 -0.492080
v -0.927933 0.019933 -0.498018
v -0.927933 0.021752 -0.503727
v -0.927933 0.024051 -0.509136
v -0.927933 0.026801 -0.514176
v -0.185587 0.029968 -0.440854
v -0.185587 0.029968 -0.518783
v -0.185587 0.026801 -0.445462
v -0.185587 0.024051 -0.450501
v -0.185587 0.021752 -0.455910
v -0.185587 0.019933 -0.461619
v -0.185587 0.018617 -0.467557
v -0.185587 0.017821 -0.473649
v -0.185587 0.017555 -0.479819
v -0.185587 0.017821 -0.485988
v -0.185587 0.018617 -0.492080
v -0.185587 0.019933 -0.498018
v -0.185587 0.021752 -0.503727
v -0.185587 0.024051 -0.509136
v -0.185587 0.026801 -0.514176
v 0.742347 0.062290 -0.638738
v 0.742347 0.062290 -0.560809
v 0.742347 0.065457 -0.634130
v 0.742347 0.068207 -0.629090
v 0.742347 0.070506 -0.623682
v 0.742347 0.072324 -0.617973
v 0.742347 0.073640 -0.612035
v 0.742347 0.074436 -0.605943
v 0.742347 0.074703 -0.599773
v 0.742347 0.074436 -0.593604
v 0.742347 0.073640 -0.587511
v 0.742347 0.072324 -0.581574
v 0.742347 0.070506 -0.575864
v 0.742347 0.068207 -0.570456
v 0.742347 0.065457 -0.565416
v 0.742347 0.062290 -0.080990
v 0.742347 0.062290 -0.158919
v 0.742347 0.065457 -0.085598
v 0.742347 0.068207 -0.090637
v 0.742347 0.070506 -0.096046
v 0.742347 0.072324 -0.101755
v 0.742347 0.073640 -0.107693
v 0.742347 0.074436 -0.113785
v 0.742347 0.074703 -0.119955
v 0.742347 0.074436 -0.126124
v 0.742347 0.073640 -0.132216
v 0.742347 0.072324 -0.138154
v 0.742347 0.070506 -0.143863
v 0.742347 0.068207 -0.149272
v 0.742347 0.065457 -0.154312
v 0.556760 0.029968 -0.440854
v 0.556760 0.029968 -0.518783
v 0.556760 0.026801 -0.445462
v 0.556760 0.024051 -0.450501
v 0.556760 0.021752 -0.455910
v 0.556760 0.019933 -0.461619
v 0.556760 0.018617 -0.467557
v 0.556760 0.017821 -0.473649
v 0.556760 0.017555 -0.479819
v 0.556760 0.017821 -0.485988
v 0.556760 0.018617 -0.492080
v 0.556760 0.019933 -0.498018
v 0.556760 0.021752 -0.503727
v 0.556760 0.024051 -0.509136
v 0.556760 0.026801 -0.514176
v 1.299106 0.029968 -0.440854
v 1.299106 0.029968 -0.518783
v 1.299106 0.026801 -0.445462
v 1.299106 0.024051 -0.450501
v 1.299106 0.021752 -0.455910
v 1.299106 0.019933 -0.461619
v 1.299106 0.018617 -0.467557
v 1.299106 0.017821 -0.473649
v 1.299106 0.017555 -0.479819
v 1.299106 0.017821 -0.485988
v 1.299106 0.018617 -0.492080
v 1.299106 0.019933 -0.498018
v 1.299106 0.021752 -0.503727
v 1.299106 0.024051 -0.509136
v 1.299106 0.026801 -0.514176
v 1.113520 0.062290 -0.320899
v 1.113520 0.062290 -0.398828
v 1.113520 0.065457 -0.325507
v 1.113520 0.068207 -0.330547
v 1.113520 0.070506 -0.335955
v 1.113520 0.072324 -0.341664
v 1.113520 0.073640 -0.347602
v 1.113520 0.074436 -0.353694
v 1.113520 0.074703 -0.359864
v 1.113520 0.074436 -0.366034
v 1.113520 0.073640 -0.372126
v 1.113520 0.072324 -0.378064
v 1.113520 0.070506 -0.383773
v 1.113520 0.068207 -0.389181
v 1.113520 0.065457 -0.394221
v 1.113520 0.062290 -0.158919
v 1.113520 0.062290 -0.080990
v 1.113520 0.065457 -0.154312
v 1.113520 0.068207 -0.149272
v 1.113520 0.070506 -0.143863
v 1.113520 0.072324 -0.138154
v 1.113520 0.073640 -0.132216
v 1.113520 0.074436 -0.126124
v 1.113520 0.074703 -0.119955
v 1.113520 0.074436 -0.113785
v 1.113520 0.073640 -0.107693
v 1.113520 0.072324 -0.101755
v 1.113520 0.070506 -0.096046
v 1.113520 0.068207 -0.090637
v 1.113520 0.065457 -0.085598
v 0.927933 0.029968 -0.200945
v 0.927933 0.029968 -0.278874
v 0.927933 0.026801 -0.205552
v 0.927933 0.024051 -0.210592
v 0.927933 0.021752 -0.216001
v 0.927933 0.019933 -0.221710
v 0.927933 0.018617 -0.227647
v 0.927933 0.017821 -0.233740
v 0.927933 0.017555 -0.239909
v 0.927933 0.017821 -0.246079
v 0.927933 0.018617 -0.252171
v 0.927933 0.019933 -0.258109
v 0.927933 0.021752 -0.263818
v 0.927933 0.024051 -0.269226
v 0.927933 0.026801 -0.274266
v 1.299106 0.029968 -0.200945
v 1.299106 0.029968 -0.278874
v 1.299106 0.026801 -0.205552
v 1.299106 0.024051 -0.210592
v 1.299106 0.021752 -0.216001
v 1.299106 0.019933 -0.221710
v 1.299106 0.018617 -0.227647
v 1.299106 0.017821 -0.233740
v 1.299106 0.017555 -0.239909
v 1.299106 0.017821 -0.246079
v 1.299106 0.018617 -0.252171
v 1.299106 0.019933 -0.258109
v 1.299106 0.021752 -0.263818
v 1.299106 0.024051 -0.269226
v 1.299106 0.026801 -0.274266
v 0.371173 0.062290 -0.320899
v 0.371173 0.062290 -0.398828
v 0.371173 0.065457 -0.325507
v 0.371173 0.068207 -0.330547
v 0.371173 0.070506 -0.335955
v 0.371173 0.072324 -0.341664
v 0.371173 0.073640 -0.347602
v 0.371173 0.074436 -0.353694
v 0.371173 0.074703 -0.359864
v 0.371173 0.074436 -0.366034
v 0.371173 0.073640 -0.372126
v 0.371173 0.072324 -0.378064
v 0.371173 0.070506 -0.383773
v 0.371173 0.068207 -0.389181
v 0.371173 0.065457 -0.394221
v 0.371173 0.062290 -0.158919
v 0.371173 0.062290 -0.080990
v 0.371173 0.065457 -0.154312
v 0.371173 0.068207 -0.149272
v 0.371173 0.070506 -0.143863
v 0.371173 0.072324 -0.138154
v 0.371173 0.073640 -0.132216
v 0.371173 0.074436 -0.126124
v 0.371173 0.074703 -0.119955
v 0.371173 0.074436 -0.113785
v 0.371173 0.073640 -0.107693
v 0.371173 0.072324 -0.101755
v 0.371173 0.070506 -0.096046
v 0.371173 0.068207 -0.090637
v 0.371173 0.065457 -0.085598
v 0.185587 0.029968 -0.200945
v 0.185587 0.029968 -0.278874
v 0.185587 0.026801 -0.205552
v 0.185587 0.024051 -0.210592
v 0.185587 0.021752 -0.216001
v 0.185587 0.019933 -0.221710
v 0.185587 0.018617 -0.227647
v 0.185587 0.017821 -0.233740
v 0.185587 0.017555 -0.239909
v 0.185587 0.017821 -0.246079
v 0.185587 0.018617 -0.252171
v 0.185587 0.019933 -0.258109
v 0.185587 0.021752 -0.263818
v 0.185587 0.024051 -0.269226
v 0.185587 0.026801 -0.274266
v 0.556760 0.029968 -0.200945
v 0.556760 0.029968 -0.278874
v 0.556760 0.026801 -0.205552
v 0.556760 0.024051 -0.210592
v 0.556760 0.021752 -0.216001
v 0.556760 0.019933 -0.221710
v 0.556760 0.018617 -0.227647
v 0.556760 0.017821 -0.233740
v 0.556760 0.017555 -0.239909
v 0.556760 0.017821 -0.246079
v 0.556760 0.018617 -0.252171
v 0.556760 0.019933 -0.258109
v 0.556760 0.021752 -0.263818
v 0.556760 0.024051 -0.269226
v 0.556760 0.026801 -0.274266
v 0.371173 0.062290 -0.800718
v 0.371173 0.062290 -0.878647
v 0.371173 0.065457 -0.805326
v 0.371173 0.068207 -0.810365
v 0.371173 0.070506 -0.815774
v 0.371173 0.072324 -0.821483
v 0.371173 0.073640 -0.827421
v 0.371173 0.074436 -0.833513
v 0.371173 0.074703 -0.839683
v 0.371173 0.074436 -0.845852
v 0.371173 0.073640 -0.851944
v 0.371173 0.072324 -0.857882
v 0.371173 0.070506 -0.863591
v 0.371173 0.068207 -0.869000
v 0.371173 0.065457 -0.874040
v 0.371173 0.062290 -0.638738
v 0.371173 0.062290 -0.560809
v 0.371173 0.065457 -0.634130
v 0.371173 0.068207 -0.629090
v 0.371173 0.070506 -0.623682
v 0.371173 0.072324 -0.617973
v 0.371173 0.073640 -0.612035
v 0.371173 0.074436 -0.605943
v 0.371173 0.074703 -0.599773
v 0.371173 0.074436 -0.593604
v 0.371173 0.073640 -0.587511
v 0.371173 0.072324 -0.581574
v 0.371173 0.070506 -0.575864
v 0.371173 0.068207 -0.570456
v 0.371173 0.065457 -0.565416
v 0.185587 0.029968 -0.680763
v 0.185587 0.029968 -0.758693
v 0.185587 0.026801 -0.685371
v 0.185587 0.024051 -0.690411
v 0.185587 0.021752 -0.695819
v 0.185587 0.019933 -0.701528
v 0.185587 0.018617 -0.707466
v 0.185587 0.017821 -0.713558
v 0.185587 0.017555 -0.719728
v 0.185587 0.017821 -0.725898
v 0.185587 0.018617 -0.731990
v 0.185587 0.019933 -0.737928
v 0.185587 0.021752 -0.743637
v 0.185587 0.024051 -0.749045
v 0.185587 0.026801 -0.754085
v 0.556760 0.029968 -0.680763
v 0.556760 0.029968 -0.758693
v 0.556760 0.026801 -0.685371
v 0.556760 0.024051 -0.690411
v 0.556760 0.021752 -0.695819
v 0.556760 0.019933 -0.701528
v 0.556760 0.018617 -0.707466
v 0.556760 0.017821 -0.713558
v 0.556760 0.017555 -0.719728
v 0.556760 0.017821 -0.725898
v 0.556760 0.018617 -0.731990
v 0.556760 0.019933 -0.737928
v 0.556760 0.021752 -0.743637
v 0.556760 0.024051 -0.749045
v 0.556760 0.026801 -0.754085
v -0.371173 0.062290 -0.320899
v -0.371173 0.062290 -0.398828
v -0.371173 0.065457 -0.325507
v -0.371173 0.068207 -0.330547
v -0.371173 0.070506 -0.335955
v -0.371173 0.072324 -0.341664
v -0.371173 0.073640 -0.347602
v -0.371173 0.074436 -0.353694
v -0.371173 0.074703 -0.359864
v -0.371173 0.074436 -0.366034
v -0.371173 0.073640 -0.372126
v -0.371173 0.072324 -0.378064
v -0.371173 0.070506 -0.383773
v -0.371173 0.068207 -0.389181
v -0.371173 0.065457 -0.394221
v -0.371173 0.062290 -0.158919
v -0.371173 0.062290 -0.080990
v -0.371173 0.065457 -0.154312
v -0.371173 0.068207 -0.149272
v -0.371173 0.070506 -0.143863
v -0.371173 0.072324 -0.138154
v -0.371173 0.073640 -0.132216
v -0.371173 0.074436 -0.126124
v -0.371173 0.074703 -0.119955
v -0.371173 0.074436 -0.113785
v -0.371173 0.073640 -0.107693
v -0.371173 0.072324 -0.101755
v -0.371173 0.070506 -0.096046
v -0.371173 0.068207 -0.090637
v -0.371173 0.065457 -0.085598
v -0.556760 0.029968 -0.200945
v -0.556760 0.029968 -0.278874
v -0.556760 0.026801 -0.205552
v -0.556760 0.024051 -0.210592
v -0.556760 0.021752 -0.216001
v -0.556760 0.019933 -0.221710
v -0.556760 0.018617 -0.227647
v -0.556760 0.017821 -0.233740
v -0.556760 0.017555 -0.239909
v -0.556760 0.017821 -0.246079
v -0.556760 0.018617 -0.252171
v -0.556760 0.019933 -0.258109
v -0.556760 0.021752 -0.263818
v -0.556760 0.024051 -0.269226
v -0.556760 0.026801 -0.274266
v -0.185587 0.029968 -0.200945
v -0.185587 0.029968 -0.278874
v -0.185587 0.026801 -0.205552
v -0.185587 0.024051 -0.210592
v -0.185587 0.021752 -0.216001
v -0.185587 0.019933 -0.221710
v -0.185587 0.018617 -0.227647
v -0.185587 0.017821 -0.233740
v -0.185587 0.017555 -0.239909
v -0.185587 0.017821 -0.246079
v -0.185587 0.018617 -0.252171
v -0.185587 0.019933 -0.258109
v -0.185587 0.021752 -0.263818
v -0.185587 0.024051 -0.269226
v -0.185587 0.026801 -0.274266
v -1.113520 0.062290 -0.320899
v -1.113520 0.062290 -0.398828
v -1.113520 0.065457 -0.325507
v -1.113520 0.068207 -0.330547
v -1.113520 0.070506 -0.335955
v -1.113520 0.072324 -0.341664
v -1.113520 0.073640 -0.347602
v -1.113520 0.074436 -0.353694
v -1.113520 0.074703 -0.359864
v -1.113520 0.074436 -0.366034
v -1.113520 0.073640 -0.372126
v -1.113520 0.072324 -0.378064
v -1.113520 0.070506 -0.383773
v -1.113520 0.068207 -0.389181
v -1.113520 0.065457 -0.394221
v -1.113520 0.062290 -0.158919
v -1.113520 0.062290 -0.080990
v -1.113520 0.065457 -0.154312
v -1.113520 0.068207 -0.149272
v -1.113520 0.070506 -0.143863
v -1.113520 0.072324 -0.138154
v -1.113520 0.073640 -0.132216
v -1.113520 0.074436 -0.126124
v -1.113520 0.074703 -0.119955
v -1.113520 0.074436 -0.113785
v -1.113520 0.073640 -0.107693
v -1.113520 0.072324 -0.101755
v -1.113520 0.070506 -0.096046
v -1.113520 0.068207 -0.090637
v -1.113520 0.065457 -0.085598
v -1.299106 0.029968 -0.200945
v -1.299106 0.029968 -0.278874
v -1.299106 0.026801 -0.205552
v -1.299106 0.024051 -0.210592
v -1.299106 0.021752 -0.216001
v -1.299106 0.019933 -0.221710
v -1.299106 0.018617 -0.227647
v -1.299106 0.017821 -0.233740
v -1.299106 0.017555 -0.239909
v -1.299106 0.017821 -0.246079
v -1.299106 0.018617 -0.252171
v -1.299106 0.019933 -0.258109
v -1.299106 0.021752 -0.263818
v -1.299106 0.024051 -0.269226
v -1.299106 0.026801 -0.274266
v -0.927933 0.029968 -0.200945
v -0.927933 0.029968 -0.278874
v -0.927933 0.026801 -0.205552
v -0.927933 0.024051 -0.210592
v -0.927933 0.021752 -0.216001
v -0.927933 0.019933 -0.221710
v -0.927933 0.018617 -0.227647
v -0.927933 0.017821 -0.233740
v -0.927933 0.017555 -0.239909
v -0.927933 0.017821 -0.246079
v -0.927933 0.018617 -0.252171
v -0.927933 0.019933 -0.258109
v -0.927933 0.021752 -0.263818
v -0.927933 0.024051 -0.269226
v -0.927933 0.026801 -0.274266
v -1.113520 0.062290 -0.800718
v -1.113520 0.062290 -0.878647
v -1.113520 0.065457 -0.805326
v -1.113520 0.068207 -0.810365
v -1.113520 0.070506 -0.815774
v -1.113520 0.072324 -0.821483
v -1.113520 0.073640 -0.827421
v -1.113520 0.074436 -0.833513
v -1.113520 0.074703 -0.839683
v -1.113520 0.074436 -0.845852
v -1.113520 0.073640 -0.851944
v -1.113520 0.072324 -0.857882
v -1.113520 0.070506 -0.863591
v -1.113520 0.068207 -0.869000
v -1.113520 0.065457 -0.874040
v -1.113520 0.062290 -0.638738
v -1.113520 0.062290 -0.560809
v -1.113520 0.065457 -0.634130
v -1.113520 0.068207 -0.629090
v -1.113520 0.070506 -0.623682
v -1.113520 0.072324 -0.617973
v -1.113520 0.073640 -0.612035
v -1.113520 0.074436 -0.605943
v -1.113520 0.074703 -0.599773
v -1.113520 0.074436 -0.593604
v -1.113520 0.073640 -0.587511
v -1.113520 0.072324 -0.581574
v -1.113520 0.070506 -0.575864
v -1.113520 0.068207 -0.570456
v -1.113520 0.065457 -0.565416
v -1.299106 0.029968 -0.680763
v -1.299106 0.029968 -0.758693
v -1.299106 0.026801 -0.685371
v -1.299106 0.024051 -0.690411
v -1.299106 0.021752 -0.695819
v -1.299106 0.019933 -0.701528
v -1.299106 0.018617 -0.707466
v -1.299106 0.017821 -0.713558
v -1.299106 0.017555 -0.719728
v -1.299106 0.017821 -0.725898
v -1.299106 0.018617 -0.731990
v -1.299106 0.019933 -0.737928
v -1.299106 0.021752 -0.743637
v -1.299106 0.024051 -0.749045
v -1.299106 0.026801 -0.754085
v -0.927933 0.029968 -0.680763
v -0.927933 0.029968 -0.758693
v -0.927933 0.026801 -0.685371
v -0.927933 0.024051 -0.690411
v -0.927933 0.021752 -0.695819
v -0.927933 0.019933 -0.701528
v -0.927933 0.018617 -0.707466
v -0.927933 0.017821 -0.713558
v -0.927933 0.017555 -0.719728
v -0.927933 0.017821 -0.725898
v -0.927933 0.018617 -0.731990
v -0.927933 0.019933 -0.737928
v -0.927933 0.021752 -0.743637
v -0.927933 0.024051 -0.749045
v -0.927933 0.026801 -0.754085
v -0.371173 0.062290 0.638738
v -0.371173 0.062290 0.560809
v -0.371173 0.065457 0.634130
v -0.371173 0.068207 0.629090
v -0.371173 0.070506 0.623682
v -0.371173 0.072324 0.617973
v -0.371173 0.073640 0.612035
v -0.371173 0.074436 0.605943
v -0.371173 0.074703 0.599773
v -0.371173 0.074436 0.593604
v -0.371173 0.073640 0.587511
v -0.371173 0.072324 0.581574
v -0.371173 0.070506 0.575864
v -0.371173 0.068207 0.570456
v -0.371173 0.065457 0.565416
v -0.371173 0.062290 0.800718
v -0.371173 0.062290 0.878647
v -0.371173 0.065457 0.805326
v -0.371173 0.068207 0.810365
v -0.371173 0.070506 0.815774
v -0.371173 0.072324 0.821483
v -0.371173 0.073640 0.827421
v -0.371173 0.074436 0.833513
v -0.371173 0.074703 0.839683
v -0.371173 0.074436 0.845852
v -0.371173 0.073640 0.851944
v -0.371173 0.072324 0.857882
v -0.371173 0.070506 0.863591
v -0.371173 0.068207 0.869000
v -0.371173 0.065457 0.874040
v -0.556760 0.029968 0.758693
v -0.556760 0.029968 0.680763
v -0.556760 0.026801 0.754085
v -0.556760 0.024051 0.749045
v -0.556760 0.021752 0.743637
v -0.556760 0.019933 0.737928
v -0.556760 0.018617 0.731990
v -0.556760 0.017821 0.725898
v -0.556760 0.017555 0.719728
v -0.556760 0.017821 0.713558
v -0.556760 0.018617 0.707466
v -0.556760 0.019933 0.701528
v -0.556760 0.021752 0.695819
v -0.556760 0.024051 0.690411
v -0.556760 0.026801 0.685371
v -0.185587 0.029968 0.758693
v -0.185587 0.029968 0.680763
v -0.185587 0.026801 0.754085
v -0.185587 0.024051 0.749045
v -0.185587 0.021752 0.743637
v -0.185587 0.019933 0.737928
v -0.185587 0.018617 0.731990
v -0.185587 0.017821 0.725898
v -0.185587 0.017555 0.719728
v -0.185587 0.017821 0.713558
v -0.185587 0.018617 0.707466
v -0.185587 0.019933 0.701528
v -0.185587 0.021752 0.695819
v -0.185587 0.024051 0.690411
v -0.185587 0.026801 0.685371
v -1.113520 0.062290 0.638738
v -1.113520 0.062290 0.560809
v -1.113520 0.065457 0.634130
v -1.113520 0.068207 0.629090
v -1.113520 0.070506 0.623682
v -1.113520 0.072324 0.617973
v -1.113520 0.073640 0.612035
v -1.113520 0.074436 0.605943
v -1.113520 0.074703 0.599773
v -1.113520 0.074436 0.593604
v -1.113520 0.073640 0.587511
v -1.113520 0.072324 0.581574
v -1.113520 0.070506 0.575864
v -1.113520 0.068207 0.570456
v -1.113520 0.065457 0.565416
v -1.113520 0.062290 0.800718
v -1.113520 0.062290 0.878647
v -1.113520 0.065457 0.805326
v -1.113520 0.068207 0.810365
v -1.113520 0.070506 0.815774
v -1.113520 0.072324 0.821483
v -1.113520 0.073640 0.827421
v -1.113520 0.074436 0.833513
v -1.113520 0.074703 0.839683
v -1.113520 0.074436 0.845852
v -1.113520 0.073640 0.851944
v -1.113520 0.072324 0.857882
v -1.113520 0.070506 0.863591
v -1.113520 0.068207 0.869000
v -1.113520 0.065457 0.874040
v -1.299106 0.029968 0.758693
v -1.299106 0.029968 0.680763
v -1.299106 0.026801 0.754085
v -1.299106 0.024051 0.749045
v -1.299106 0.021752 0.743637
v -1.299106 0.019933 0.737928
v -1.299106 0.018617 0.731990
v -1.299106 0.017821 0.725898
v -1.299106 0.017555 0.719728
v -1.299106 0.017821 0.713558
v -1.299106 0.018617 0.707466
v -1.299106 0.019933 0.701528
v -1.299106 0.021752 0.695819
v -1.299106 0.024051 0.690411
v -1.299106 0.026801 0.685371
v -0.927933 0.029968 0.758693
v -0.927933 0.029968 0.680763
v -0.927933 0.026801 0.754085
v -0.927933 0.024051 0.749045
v -0.927933 0.021752 0.743637
v -0.927933 0.019933 0.737928
v -0.927933 0.018617 0.731990
v -0.927933 0.017821 0.725898
v -0.927933 0.017555 0.719728
v -0.927933 0.017821 0.713558
v -0.927933 0.018617 0.707466
v -0.927933 0.019933 0.701528
v -0.927933 0.021752 0.695819
v -0.927933 0.024051 0.690411
v -0.927933 0.026801 0.685371
v -1.113520 0.062290 0.158919
v -1.113520 0.062290 0.080990
v -1.113520 0.065457 0.154312
v -1.113520 0.068207 0.149272
v -1.113520 0.070506 0.143863
v -1.113520 0.072324 0.138154
v -1.113520 0.073640 0.132216
v -1.113520 0.074436 0.126124
v -1.113520 0.074703 0.119955
v -1.113520 0.074436 0.113785
v -1.113520 0.073640 0.107693
v -1.113520 0.072324 0.101755
v -1.113520 0.070506 0.096046
v -1.113520 0.068207 0.090637
v -1.113520 0.065457 0.085598
v -1.113520 0.062290 0.320899
v -1.113520 0.062290 0.398828
v -1.113520 0.065457 0.325507
v -1.113520 0.068207 0.330547
v -1.113520 0.070506 0.335955
v -1.113520 0.072324 0.341664
v -1.113520 0.073640 0.347602
v -1.113520 0.074436 0.353694
v -1.113520 0.074703 0.359864
v -1.113520 0.074436 0.366034
v -1.113520 0.073640 0.372126
v -1.113520 0.072324 0.378064
v -1.113520 0.070506 0.383773
v -1.113520 0.068207 0.389181
v -1.113520 0.065457 0.394221
v -1.299106 0.029968 0.278874
v -1.299106 0.029968 0.200945
v -1.299106 0.026801 0.274266
v -1.299106 0.024051 0.269226
v -1.299106 0.021752 0.263818
v -1.299106 0.019933 0.258109
v -1.299106 0.018617 0.252171
v -1.299106 0.017821 0.246079
v -1.299106 0.017555 0.239909
v -1.299106 0.017821 0.233740
v -1.299106 0.018617 0.227647
v -1.299106 0.019933 0.221710
v -1.299106 0.021752 0.216001
v -1.299106 0.024051 0.210592
v -1.299106 0.026801 0.205552
v -0.927933 0.029968 0.278874
v -0.927933 0.029968 0.200945
v -0.927933 0.026801 0.274266
v -0.927933 0.024051 0.269226
v -0.927933 0.021752 0.263818
v -0.927933 0.019933 0.258109
v -0.927933 0.018617 0.252171
v -0.927933 0.017821 0.246079
v -0.927933 0.017555 0.239909
v -0.927933 0.017821 0.233740
v -0.927933 0.018617 0.227647
v -0.927933 0.019933 0.221710
v -0.927933 0.021752 0.216001
v -0.927933 0.024051 0.210592
v -0.927933 0.026801 0.205552
v 1.113520 0.062290 0.638738
v 1.113520 0.062290 0.560809
v 1.113520 0.065457 0.634130
v 1.113520 0.068207 0.629090
v 1.113520 0.070506 0.623682
v 1.113520 0.072324 0.617973
v 1.113520 0.073640 0.612035
v 1.113520 0.074436 0.605943
v 1.113520 0.074703 0.599773
v 1.113520 0.074436 0.593604
v 1.113520 0.073640 0.587511
v 1.113520 0.072324 0.581574
v 1.113520 0.070506 0.575864
v 1.113520 0.068207 0.570456
v 1.113520 0.065457 0.565416
v 1.113520 0.062290 0.800718
v 1.113520 0.062290 0.878647
v 1.113520 0.065457 0.805326
v 1.113520 0.068207 0.810365
v 1.113520 0.070506 0.815774
v 1.113520 0.072324 0.821483
v 1.113520 0.073640 0.827421
v 1.113520 0.074436 0.833513
v 1.113520 0.074703 0.839683
v 1.113520 0.074436 0.845852
v 1.113520 0.073640 0.851944
v 1.113520 0.072324 0.857882
v 1.113520 0.070506 0.863591
v 1.113520 0.068207 0.869000
v 1.113520 0.065457 0.874040
v 0.927933 0.029968 0.758693
v 0.927933 0.029968 0.680763
v 0.927933 0.026801 0.754085
v 0.927933 0.024051 0.749045
v 0.927933 0.021752 0.743637
v 0.927933 0.019933 0.737928
v 0.927933 0.018617 0.731990
v 0.927933 0.017821 0.725898
v 0.927933 0.017555 0.719728
v 0.927933 0.017821 0.713558
v 0.927933 0.018617 0.707466
v 0.927933 0.019933 0.701528
v 0.927933 0.021752 0.695819
v 0.927933 0.024051 0.690411
v 0.927933 0.026801 0.685371
v 1.299106 0.029968 0.758693
v 1.299106 0.029968 0.680763
v 1.299106 0.026801 0.754085
v 1.299106 0.024051 0.749045
v 1.299106 0.021752 0.743637
v 1.299106 0.019933 0.737928
v 1.299106 0.018617 0.731990
v 1.299106 0.017821 0.725898
v 1.299106 0.017555 0.719728
v 1.299106 0.017821 0.713558
v 1.299106 0.018617 0.707466
v 1.299106 0.019933 0.701528
v 1.299106 0.021752 0.695819
v 1.299106 0.024051 0.690411
v 1.299106 0.026801 0.685371
v 0.371173 0.062290 0.638738
v 0.371173 0.062290 0.560809
v 0.371173 0.065457 0.634130
v 0.371173 0.068207 0.629090
v 0.371173 0.070506 0.623682
v 0.371173 0.072324 0.617973
v 0.371173 0.073640 0.612035
v 0.371173 0.074436 0.605943
v 0.371173 0.074703 0.599773
v 0.371173 0.074436 0.593604
v 0.371173 0.073640 0.587511
v 0.371173 0.072324 0.581574
v 0.371173 0.070506 0.575864
v 0.371173 0.068207 0.570456
v 0.371173 0.065457 0.565416
v 0.371173 0.062290 0.800718
v 0.371173 0.062290 0.878647
v 0.371173 0.065457 0.805326
v 0.371173 0.068207 0.810365
v 0.371173 0.070506 0.815774
v 0.371173 0.072324 0.821483
v 0.371173 0.073640 0.827421
v 0.371173 0.074436 0.833513
v 0.371173 0.074703 0.839683
v 0.371173 0.074436 0.845852
v 0.371173 0.073640 0.851944
v 0.371173 0.072324 0.857882
v 0.371173 0.070506 0.863591
v 0.371173 0.068207 0.869000
v 0.371173 0.065457 0.874040
v 0.185587 0.029968 0.758693
v 0.185587 0.029968 0.680763
v 0.185587 0.026801 0.754085
v 0.185587 0.024051 0.749045
v 0.185587 0.021752 0.743637
v 0.185587 0.019933 0.737928
v 0.185587 0.018617 0.731990
v 0.185587 0.017821 0.725898
v 0.185587 0.017555 0.719728
v 0.185587 0.017821 0.713558
v 0.185587 0.018617 0.707466
v 0.185587 0.019933 0.701528
v 0.185587 0.021752 0.695819
v 0.185587 0.024051 0.690411
v 0.185587 0.026801 0.685371
v 0.556760 0.029968 0.758693
v 0.556760 0.029968 0.680763
v 0.556760 0.026801 0.754085
v 0.556760 0.024051 0.749045
v 0.556760 0.021752 0.743637
v 0.556760 0.019933 0.737928
v 0.556760 0.018617 0.731990
v 0.556760 0.017821 0.725898
v 0.556760 0.017555 0.719728
v 0.556760 0.017821 0.713558
v 0.556760 0.018617 0.707466
v 0.556760 0.019933 0.701528
v 0.556760 0.021752 0.695819
v 0.556760 0.024051 0.690411
v 0.556760 0.026801 0.685371
v 0.371173 0.062290 0.158919
v 0.371173 0.062290 0.080990
v 0.371173 0.065457 0.154312
v 0.371173 0.068207 0.149272
v 0.371173 0.070506 0.143863
v 0.371173 0.072324 0.138154
v 0.371173 0.073640 0.132216
v 0.371173 0.074436 0.126124
v 0.371173 0.074703 0.119955
v 0.371173 0.074436 0.113785
v 0.371173 0.073640 0.107693
v 0.371173 0.072324 0.101755
v 0.371173 0.070506 0.096046
v 0.371173 0.068207 0.090637
v 0.371173 0.065457 0.085598
v 0.371173 0.062290 0.320899
v 0.371173 0.062290 0.398828
v 0.371173 0.065457 0.325507
v 0.371173 0.068207 0.330547
v 0.371173 0.070506 0.335955
v 0.371173 0.072324 0.341664
v 0.371173 0.073640 0.347602
v 0.371173 0.074436 0.353694
v 0.371173 0.074703 0.359864
v 0.371173 0.074436 0.366034
v 0.371173 0.073640 0.372126
v 0.371173 0.072324 0.378064
v 0.371173 0.070506 0.383773
v 0.371173 0.068207 0.389181
v 0.371173 0.065457 0.394221
v 0.185587 0.029968 0.278874
v 0.185587 0.029968 0.200945
v 0.185587 0.026801 0.274266
v 0.185587 0.024051 0.269226
v 0.185587 0.021752 0.263818
v 0.185587 0.019933 0.258109
v 0.185587 0.018617 0.252171
v 0.185587 0.017821 0.246079
v 0.185587 0.017555 0.239909
v 0.185587 0.017821 0.233740
v 0.185587 0.018617 0.227647
v 0.185587 0.019933 0.221710
v 0.185587 0.021752 0.216001
v 0.185587 0.024051 0.210592
v 0.185587 0.026801 0.205552
v 0.556760 0.029968 0.278874
v 0.556760 0.029968 0.200945
v 0.556760 0.026801 0.274266
v 0.556760 0.024051 0.269226
v 0.556760 0.021752 0.263818
v 0.556760 0.019933 0.258109
v 0.556760 0.018617 0.252171
v 0.556760 0.017821 0.246079
v 0.556760 0.017555 0.239909
v 0.556760 0.017821 0.233740
v 0.556760 0.018617 0.227647
v 0.556760 0.019933 0.221710
v 0.556760 0.021752 0.216001
v 0.556760 0.024051 0.210592
v 0.556760 0.026801 0.205552
v 1.113520 0.062290 0.158919
v 1.113520 0.062290 0.080990
v 1.113520 0.065457 0.154312
v 1.113520 0.068207 0.149272
v 1.113520 0.070506 0.143863
v 1.113520 0.072324 0.138154
v 1.113520 0.073640 0.132216
v 1.113520 0.074436 0.126124
v 1.113520 0.074703 0.119955
v 1.113520 0.074436 0.113785
v 1.113520 0.073640 0.107693
v 1.113520 0.072324 0.101755
v 1.113520 0.070506 0.096046
v 1.113520 0.068207 0.090637
v 1.113520 0.065457 0.085598
v 1.113520 0.062290 0.320899
v 1.113520 0.062290 0.398828
v 1.113520 0.065457 0.325507
v 1.113520 0.068207 0.330547
v 1.113520 0.070506 0.335955
v 1.113520 0.072324 0.341664
v 1.113520 0.073640 0.347602
v 1.113520 0.074436 0.353694
v 1.113520 0.074703 0.359864
v 1.113520 0.074436 0.366034
v 1.113520 0.073640 0.372126
v 1.113520 0.072324 0.378064
v 1.113520 0.070506 0.383773
v 1.113520 0.068207 0.389181
v 1.113520 0.065457 0.394221
v 0.927933 0.029968 0.278874
v 0.927933 0.029968 0.200945
v 0.927933 0.026801 0.274266
v 0.927933 0.024051 0.269226
v 0.927933 0.021752 0.263818
v 0.927933 0.019933 0.258109
v 0.927933 0.018617 0.252171
v 0.927933 0.017821 0.246079
v 0.927933 0.017555 0.239909
v 0.927933 0.017821 0.233740
v 0.927933 0.018617 0.227647
v 0.927933 0.019933 0.221710
v 0.927933 0.021752 0.216001
v 0.927933 0.024051 0.210592
v 0.927933 0.026801 0.205552
v 1.299106 0.029968 0.278874
v 1.299106 0.029968 0.200945
v 1.299106 0.026801 0.274266
v 1.299106 0.024051 0.269226
v 1.299106 0.021752 0.263818
v 1.299106 0.019933 0.258109
v 1.299106 0.018617 0.252171
v 1.299106 0.017821 0.246079
v 1.299106 0.017555 0.239909
v 1.299106 0.017821 0.233740
v 1.299106 0.018617 0.227647
v 1.299106 0.019933 0.221710
v 1.299106 0.021752 0.216001
v 1.299106 0.024051 0.210592
v 1.299106 0.026801 0.205552
v -0.371173 0.062290 0.158919
v -0.371173 0.062290 0.080990
v -0.371173 0.065457 0.154312
v -0.371173 0.068207 0.149272
v -0.371173 0.070506 0.143863
v -0.371173 0.072324 0.138154
v -0.371173 0.073640 0.132216
v -0.371173 0.074436 0.126124
v -0.371173 0.074703 0.119955
v -0.371173 0.074436 0.113785
v -0.371173 0.073640 0.107693
v -0.371173 0.072324 0.101755
v -0.371173 0.070506 0.096046
v -0.371173 0.068207 0.090637
v -0.371173 0.065457 0.085598
v -0.371173 0.062290 0.320899
v -0.371173 0.062290 0.398828
v -0.371173 0.065457 0.325507
v -0.371173 0.068207 0.330547
v -0.371173 0.070506 0.335955
v -0.371173 0.072324 0.341664
v -0.371173 0.073640 0.347602
v -0.371173 0.074436 0.353694
v -0.371173 0.074703 0.359864
v -0.371173 0.074436 0.366034
v -0.371173 0.073640 0.372126
v -0.371173 0.072324 0.378064
v -0.371173 0.070506 0.383773
v -0.371173 0.068207 0.389181
v -0.371173 0.065457 0.394221
v -0.556760 0.029968 0.278874
v -0.556760 0.029968 0.200945
v -0.556760 0.026801 0.274266
v -0.556760 0.024051 0.269226
v -0.556760 0.021752 0.263818
v -0.556760 0.019933 0.258109
v -0.556760 0.018617 0.252171
v -0.556760 0.017821 0.246079
v -0.556760 0.017555 0.239909
v -0.556760 0.017821 0.233740
v -0.556760 0.018617 0.227647
v -0.556760 0.019933 0.221710
v -0.556760 0.021752 0.216001
v -0.556760 0.024051 0.210592
v -0.556760 0.026801 0.205552
v -0.185587 0.029968 0.278874
v -0.185587 0.029968 0.200945
v -0.185587 0.026801 0.274266
v -0.185587 0.024051 0.269226
v -0.185587 0.021752 0.263818
v -0.185587 0.019933 0.258109
v -0.185587 0.018617 0.252171
v -0.185587 0.017821 0.246079
v -0.185587 0.017555 0.239909
v -0.185587 0.017821 0.233740
v -0.185587 0.018617 0.227647
v -0.185587 0.019933 0.221710
v -0.185587 0.021752 0.216001
v -0.185587 0.024051 0.210592
v -0.185587 0.026801 0.205552
v -0.371173 0.062290 -0.800718
v -0.371173 0.062290 -0.878647
v -0.371173 0.065457 -0.805326
v -0.371173 0.068207 -0.810365
v -0.371173 0.070506 -0.815774
v -0.371173 0.072324 -0.821483
v -0.371173 0.073640 -0.827421
v -0.371173 0.074436 -0.833513
v -0.371173 0.074703 -0.839683
v -0.371173 0.074436 -0.845852
v -0.371173 0.073640 -0.851944
v -0.371173 0.072324 -0.857882
v -0.371173 0.070506 -0.863591
v -0.371173 0.068207 -0.869000
v -0.371173 0.065457 -0.874040
v -0.371173 0.062290 -0.638738
v -0.371173 0.062290 -0.560809
v -0.371173 0.065457 -0.634130
v -0.371173 0.068207 -0.629090
v -0.371173 0.070506 -0.623682
v -0.371173 0.072324 -0.617973
v -0.371173 0.073640 -0.612035
v -0.371173 0.074436 -0.605943
v -0.371173 0.074703 -0.599773
v -0.371173 0.074436 -0.593604
v -0.371173 0.073640 -0.587511
v -0.371173 0.072324 -0.581574
v -0.371173 0.070506 -0.575864
v -0.371173 0.068207 -0.570456
v -0.371173 0.065457 -0.565416
v -0.556760 0.029968 -0.680763
v -0.556760 0.029968 -0.758693
v -0.556760 0.026801 -0.685371
v -0.556760 0.024051 -0.690411
v -0.556760 0.021752 -0.695819
v -0.556760 0.019933 -0.701528
v -0.556760 0.018617 -0.707466
v -0.556760 0.017821 -0.713558
v -0.556760 0.017555 -0.719728
v -0.556760 0.017821 -0.725898
v -0.556760 0.018617 -0.731990
v -0.556760 0.019933 -0.737928
v -0.556760 0.021752 -0.743637
v -0.556760 0.024051 -0.749045
v -0.556760 0.026801 -0.754085
v -0.185587 0.029968 -0.680763
v -0.185587 0.029968 -0.758693
v -0.185587 0.026801 -0.685371
v -0.185587 0.024051 -0.690411
v -0.185587 0.021752 -0.695819
v -0.185587 0.019933 -0.701528
v -0.185587 0.018617 -0.707466
v -0.185587 0.017821 -0.713558
v -0.185587 0.017555 -0.719728
v -0.185587 0.017821 -0.725898
v -0.185587 0.018617 -0.731990
v -0.185587 0.019933 -0.737928
v -0.185587 0.021752 -0.743637
v -0.185587 0.024051 -0.749045
v -0.185587 0.026801 -0.754085
v 1.113520 0.062290 -0.800718
v 1.113520 0.062290 -0.878647
v 1.113520 0.065457 -0.805326
v 1.113520 0.068207 -0.810365
v 1.113520 0.070506 -0.815774
v 1.113520 0.072324 -0.821483
v 1.113520 0.073640 -0.827421
v 1.113520 0.074436 -0.833513
v 1.113520 0.074703 -0.839683
v 1.113520 0.074436 -0.845852
v 1.113520 0.073640 -0.851944
v 1.113520 0.072324 -0.857882
v 1.113520 0.070506 -0.863591
v 1.113520 0.068207 -0.869000
v 1.113520 0.065457 -0.874040
v 1.113520 0.062290 -0.638738
v 1.113520 0.062290 -0.560809
v 1.113520 0.065457 -0.634130
v 1.113520 0.068207 -0.629090
v 1.113520 0.070506 -0.623682
v 1.113520 0.072324 -0.617973
v 1.113520 0.073640 -0.612035
v 1.113520 0.074436 -0.605943
v 1.113520 0.074703 -0.599773
v 1.113520 0.074436 -0.593604
v 1.113520 0.073640 -0.587511
v 1.113520 0.072324 -0.581574
v 1.113520 0.070506 -0.575864
v 1.113520 0.068207 -0.570456
v 1.113520 0.065457 -0.565416
v 0.927933 0.029968 -0.680763
v 0.927933 0.029968 -0.758693
v 0.927933 0.026801 -0.685371
v 0.927933 0.024051 -0.690411
v 0.927933 0.021752 -0.695819
v 0.927933 0.019933 -0.701528
v 0.927933 0.018617 -0.707466
v 0.927933 0.017821 -0.713558
v 0.927933 0.017555 -0.719728
v 0.927933 0.017821 -0.725898
v 0.927933 0.018617 -0.731990
v 0.927933 0.019933 -0.737928
v 0.927933 0.021752 -0.743637
v 0.927933 0.024051 -0.749045
v 0.927933 0.026801 -0.754085
v 1.299106 0.029968 -0.680763
v 1.299106 0.029968 -0.758693
v 1.299106 0.026801 -0.685371
v 1.299106 0.024051 -0.690411
v 1.299106 0.021752 -0.695819
v 1.299106 0.019933 -0.701528
v 1.299106 0.018617 -0.707466
v 1.299106 0.017821 -0.713558
v 1.299106 0.017555 -0.719728
v 1.299106 0.017821 -0.725898
v 1.299106 0.018617 -0.731990
v 1.299106 0.019933 -0.737928
v 1.299106 0.021752 -0.743637
v 1.299106 0.024051 -0.749045
v 1.299106 0.026801 -0.754085
v 1.299106 0.062290 -0.560809
v 1.299106 0.062290 -0.638738
v 1.299106 0.065457 -0.565416
v 1.299106 0.068207 -0.570456
v 1.299106 0.070506 -0.575864
v 1.299106 0.072324 -0.581574
v 1.299106 0.073640 -0.587511
v 1.299106 0.074436 -0.593604
v 1.299106 0.074703 -0.599773
v 1.299106 0.074436 -0.605943
v 1.299106 0.073640 -0.612035
v 1.299106 0.072324 -0.617973
v 1.299106 0.070506 -0.623682
v 1.299106 0.068207 -0.629090
v 1.299106 0.065457 -0.634130
v 0.927933 0.062290 -0.560809
v 0.927933 0.062290 -0.638738
v 0.927933 0.065457 -0.565416
v 0.927933 0.068207 -0.570456
v 0.927933 0.070506 -0.575864
v 0.927933 0.072324 -0.581574
v 0.927933 0.073640 -0.587511
v 0.927933 0.074436 -0.593604
v 0.927933 0.074703 -0.599773
v 0.927933 0.074436 -0.605943
v 0.927933 0.073640 -0.612035
v 0.927933 0.072324 -0.617973
v 0.927933 0.070506 -0.623682
v 0.927933 0.068207 -0.629090
v 0.927933 0.065457 -0.634130
v 0.927933 0.062290 -0.800718
v 0.927933 0.062290 -0.878647
v 0.927933 0.065457 -0.805326
v 0.927933 0.068207 -0.810365
v 0.927933 0.070506 -0.815774
v 0.927933 0.072324 -0.821483
v 0.927933 0.073640 -0.827421
v 0.927933 0.074436 -0.833513
v 0.927933 0.074703 -0.839683
v 0.927933 0.074436 -0.845852
v 0.927933 0.073640 -0.851944
v 0.927933 0.072324 -0.857882
v 0.927933 0.070506 -0.863591
v 0.927933 0.068207 -0.869000
v 0.927933 0.065457 -0.874040
v -0.185587 0.062290 -0.560809
v -0.185587 0.062290 -0.638738
v -0.185587 0.065457 -0.565416
v -0.185587 0.068207 -0.570456
v -0.185587 0.070506 -0.575864
v -0.185587 0.072324 -0.581574
v -0.185587 0.073640 -0.587511
v -0.185587 0.074436 -0.593604
v -0.185587 0.074703 -0.599773
v -0.185587 0.074436 -0.605943
v -0.185587 0.073640 -0.612035
v -0.185587 0.072324 -0.617973
v -0.185587 0.070506 -0.623682
v -0.185587 0.068207 -0.629090
v -0.185587 0.065457 -0.634130
v -0.556760 0.062290 -0.560809
v -0.556760 0.062290 -0.638738
v -0.556760 0.065457 -0.565416
v -0.556760 0.068207 -0.570456
v -0.556760 0.070506 -0.575864
v -0.556760 0.072324 -0.581574
v -0.556760 0.073640 -0.587511
v -0.556760 0.074436 -0.593604
v -0.556760 0.074703 -0.599773
v -0.556760 0.074436 -0.605943
v -0.556760 0.073640 -0.612035
v -0.556760 0.072324 -0.617973
v -0.556760 0.070506 -0.623682
v -0.556760 0.068207 -0.629090
v -0.556760 0.065457 -0.634130
v -0.556760 0.062290 -0.800718
v -0.556760 0.062290 -0.878647
v -0.556760 0.065457 -0.805326
v -0.556760 0.068207 -0.810365
v -0.556760 0.070506 -0.815774
v -0.556760 0.072324 -0.821483
v -0.556760 0.073640 -0.827421
v -0.556760 0.074436 -0.833513
v -0.556760 0.074703 -0.839683
v -0.556760 0.074436 -0.845852
v -0.556760 0.073640 -0.851944
v -0.556760 0.072324 -0.857882
v -0.556760 0.070506 -0.863591
v -0.556760 0.068207 -0.869000
v -0.556760 0.065457 -0.874040
v -0.185587 0.062290 0.398828
v -0.185587 0.062290 0.320899
v -0.185587 0.065457 0.394221
v -0.185587 0.068207 0.389181
v -0.185587 0.070506 0.383773
v -0.185587 0.072324 0.378064
v -0.185587 0.073640 0.372126
v -0.185587 0.074436 0.366034
v -0.185587 0.074703 0.359864
v -0.185587 0.074436 0.353694
v -0.185587 0.073640 0.347602
v -0.185587 0.072324 0.341664
v -0.185587 0.070506 0.335955
v -0.185587 0.068207 0.330547
v -0.185587 0.065457 0.325507
v -0.556760 0.062290 0.398828
v -0.556760 0.062290 0.320899
v -0.556760 0.065457 0.394221
v -0.556760 0.068207 0.389181
v -0.556760 0.070506 0.383773
v -0.556760 0.072324 0.378064
v -0.556760 0.073640 0.372126
v -0.556760 0.074436 0.366034
v -0.556760 0.074703 0.359864
v -0.556760 0.074436 0.353694
v -0.556760 0.073640 0.347602
v -0.556760 0.072324 0.341664
v -0.556760 0.070506 0.335955
v -0.556760 0.068207 0.330547
v -0.556760 0.065457 0.325507
v -0.556760 0.062290 0.158919
v -0.556760 0.062290 0.080990
v -0.556760 0.065457 0.154312
v -0.556760 0.068207 0.149272
v -0.556760 0.070506 0.143863
v -0.556760 0.072324 0.138154
v -0.556760 0.073640 0.132216
v -0.556760 0.074436 0.126124
v -0.556760 0.074703 0.119955
v -0.556760 0.074436 0.113785
v -0.556760 0.073640 0.107693
v -0.556760 0.072324 0.101755
v -0.556760 0.070506 0.096046
v -0.556760 0.068207 0.090637
v -0.556760 0.065457 0.085598
v 1.299106 0.062290 0.398828
v 1.299106 0.062290 0.320899
v 1.299106 0.065457 0.394221
v 1.299106 0.068207 0.389181
v 1.299106 0.070506 0.383773
v 1.299106 0.072324 0.378064
v 1.299106 0.073640 0.372126
v 1.299106 0.074436 0.366034
v 1.299106 0.074703 0.359864
v 1.299106 0.074436 0.353694
v 1.299106 0.073640 0.347602
v 1.299106 0.072324 0.341664
v 1.299106 0.070506 0.335955
v 1.299106 0.068207 0.330547
v 1.299106 0.065457 0.325507
v 0.927933 0.062290 0.398828
v 0.927933 0.062290 0.320899
v 0.927933 0.065457 0.394221
v 0.927933 0.068207 0.389181
v 0.927933 0.070506 0.383773
v 0.927933 0.072324 0.378064
v 0.927933 0.073640 0.372126
v 0.927933 0.074436 0.366034
v 0.927933 0.074703 0.359864
v 0.927933 0.074436 0.353694
v 0.927933 0.073640 0.347602
v 0.927933 0.072324 0.341664
v 0.927933 0.070506 0.335955
v 0.927933 0.068207 0.330547
v 0.927933 0.065457 0.325507
v 0.927933 0.062290 0.158919
v 0.927933 0.062290 0.080990
v 0.927933 0.065457 0.154312
v 0.927933 0.068207 0.149272
v 0.927933 0.070506 0.143863
v 0.927933 0.072324 0.138154
v 0.927933 0.073640 0.132216
v 0.927933 0.074436 0.126124
v 0.927933 0.074703 0.119955
v 0.927933 0.074436 0.113785
v 0.927933 0.073640 0.107693
v 0.927933 0.072324 0.101755
v 0.927933 0.070506 0.096046
v 0.927933 0.068207 0.090637
v 0.927933 0.065457 0.085598
v 0.556760 0.062290 0.398828
v 0.556760 0.062290 0.320899
v 0.556760 0.065457 0.394221
v 0.556760 0.068207 0.389181
v 0.556760 0.070506 0.383773
v 0.556760 0.072324 0.378064
v 0.556760 0.073640 0.372126
v 0.556760 0.074436 0.366034
v 0.556760 0.074703 0.359864
v 0.556760 0.074436 0.353694
v 0.556760 0.073640 0.347602
v 0.556760 0.072324 0.341664
v 0.556760 0.070506 0.335955
v 0.556760 0.068207 0.330547
v 0.556760 0.065457 0.325507
v 0.185587 0.062290 0.398828
v 0.185587 0.062290 0.320899
v 0.185587 0.065457 0.394221
v 0.185587 0.068207 0.389181
v 0.185587 0.070506 0.383773
v 0.185587 0.072324 0.378064
v 0.185587 0.073640 0.372126
v 0.185587 0.074436 0.366034
v 0.185587 0.074703 0.359864
v 0.185587 0.074436 0.353694
v 0.185587 0.073640 0.347602
v 0.185587 0.072324 0.341664
v 0.185587 0.070506 0.335955
v 0.185587 0.068207 0.330547
v 0.185587 0.065457 0.325507
v 0.185587 0.062290 0.158919
v 0.185587 0.062290 0.080990
v 0.185587 0.065457 0.154312
v 0.185587 0.068207 0.149272
v 0.185587 0.070506 0.143863
v 0.185587 0.072324 0.138154
v 0.185587 0.073640 0.132216
v 0.185587 0.074436 0.126124
v 0.185587 0.074703 0.119955
v 0.185587 0.074436 0.113785
v 0.185587 0.073640 0.107693
v 0.185587 0.072324 0.101755
v 0.185587 0.070506 0.096046
v 0.185587 0.068207 0.090637
v 0.185587 0.065457 0.085598
v 0.556760 0.062290 0.878647
v 0.556760 0.062290 0.800718
v 0.556760 0.065457 0.874040
v 0.556760 0.068207 0.869000
v 0.556760 0.070506 0.863591
v 0.556760 0.072324 0.857882
v 0.556760 0.073640 0.851944
v 0.556760 0.074436 0.845852
v 0.556760 0.074703 0.839683
v 0.556760 0.074436 0.833513
v 0.556760 0.073640 0.827421
v 0.556760 0.072324 0.821483
v 0.556760 0.070506 0.815774
v 0.556760 0.068207 0.810365
v 0.556760 0.065457 0.805326
v 0.185587 0.062290 0.878647
v 0.185587 0.062290 0.800718
v 0.185587 0.065457 0.874040
v 0.185587 0.068207 0.869000
v 0.185587 0.070506 0.863591
v 0.185587 0.072324 0.857882
v 0.185587 0.073640 0.851944
v 0.185587 0.074436 0.845852
v 0.185587 0.074703 0.839683
v 0.185587 0.074436 0.833513
v 0.185587 0.073640 0.827421
v 0.185587 0.072324 0.821483
v 0.185587 0.070506 0.815774
v 0.185587 0.068207 0.810365
v 0.185587 0.065457 0.805326
v 0.185587 0.062290 0.638738
v 0.185587 0.062290 0.560809
v 0.185587 0.065457 0.634130
v 0.185587 0.068207 0.629090
v 0.185587 0.070506 0.623682
v 0.185587 0.072324 0.617973
v 0.185587 0.073640 0.612035
v 0.185587 0.074436 0.605943
v 0.185587 0.074703 0.599773
v 0.185587 0.074436 0.593604
v 0.185587 0.073640 0.587511
v 0.185587 0.072324 0.581574
v 0.185587 0.070506 0.575864
v 0.185587 0.068207 0.570456
v 0.185587 0.065457 0.565416
v 1.299106 0.062290 0.878647
v 1.299106 0.062290 0.800718
v 1.299106 0.065457 0.874040
v 1.299106 0.068207 0.869000
v 1.299106 0.070506 0.863591
v 1.299106 0.072324 0.857882
v 1.299106 0.073640 0.851944
v 1.299106 0.074436 0.845852
v 1.299106 0.074703 0.839683
v 1.299106 0.074436 0.833513
v 1.299106 0.073640 0.827421
v 1.299106 0.072324 0.821483
v 1.299106 0.070506 0.815774
v 1.299106 0.068207 0.810365
v 1.299106 0.065457 0.805326
v 0.927933 0.062290 0.878647
v 0.927933 0.062290 0.800718
v 0.927933 0.065457 0.874040
v 0.927933 0.068207 0.869000
v 0.927933 0.070506 0.863591
v 0.927933 0.072324 0.857882
v 0.927933 0.073640 0.851944
v 0.927933 0.074436 0.845852
v 0.927933 0.074703 0.839683
v 0.927933 0.074436 0.833513
v 0.927933 0.073640 0.827421
v 0.927933 0.072324 0.821483
v 0.927933 0.070506 0.815774
v 0.927933 0.068207 0.810365
v 0.927933 0.065457 0.805326
v 0.927933 0.062290 0.638738
v 0.927933 0.062290 0.560809
v 0.927933 0.065457 0.634130
v 0.927933 0.068207 0.629090
v 0.927933 0.070506 0.623682
v 0.927933 0.072324 0.617973
v 0.927933 0.073640 0.612035
v 0.927933 0.074436 0.605943
v 0.927933 0.074703 0.599773
v 0.927933 0.074436 0.593604
v 0.927933 0.073640 0.587511
v 0.927933 0.072324 0.581574
v 0.927933 0.070506 0.575864
v 0.927933 0.068207 0.570456
v 0.927933 0.065457 0.565416
v -0.927933 0.062290 0.398828
v -0.927933 0.062290 0.320899
v -0.927933 0.065457 0.394221
v -0.927933 0.068207 0.389181
v -0.927933 0.070506 0.383773
v -0.927933 0.072324 0.378064
v -0.927933 0.073640 0.372126
v -0.927933 0.074436 0.366034
v -0.927933 0.074703 0.359864
v -0.927933 0.074436 0.353694
v -0.927933 0.073640 0.347602
v -0.927933 0.072324 0.341664
v -0.927933 0.070506 0.335955
v -0.927933 0.068207 0.330547
v -0.927933 0.065457 0.325507
v -1.299106 0.062290 0.398828
v -1.299106 0.062290 0.320899
v -1.299106 0.065457 0.394221
v -1.299106 0.068207 0.389181
v -1.299106 0.070506 0.383773
v -1.299106 0.072324 0.378064
v -1.299106 0.073640 0.372126
v -1.299106 0.074436 0.366034
v -1.299106 0.074703 0.359864
v -1.299106 0.074436 0.353694
v -1.299106 0.073640 0.347602
v -1.299106 0.072324 0.341664
v -1.299106 0.070506 0.335955
v -1.299106 0.068207 0.330547
v -1.299106 0.065457 0.325507
v -1.299106 0.062290 0.158919
v -1.299106 0.062290 0.080990
v -1.299106 0.065457 0.154312
v -1.299106 0.068207 0.149272
v -1.299106 0.070506 0.143863
v -1.299106 0.072324 0.138154
v -1.299106 0.073640 0.132216
v -1.299106 0.074436 0.126124
v -1.299106 0.074703 0.119955
v -1.299106 0.074436 0.113785
v -1.299106 0.073640 0.107693
v -1.299106 0.072324 0.101755
v -1.299106 0.070506 0.096046
v -1.299106 0.068207 0.090637
v -1.299106 0.065457 0.085598
v -0.927933 0.062290 0.878647
v -0.927933 0.062290 0.800718
v -0.927933 0.065457 0.874040
v -0.927933 0.068207 0.869000
v -0.927933 0.070506 0.863591
v -0.927933 0.072324 0.857882
v -0.927933 0.073640 0.851944
v -0.927933 0.074436 0.845852
v -0.927933 0.074703 0.839683
v -0.927933 0.074436 0.833513
v -0.927933 0.073640 0.827421
v -0.927933 0.072324 0.821483
v -0.927933 0.070506 0.815774
v -0.927933 0.068207 0.810365
v -0.927933 0.065457 0.805326
v -1.299106 0.062290 0.878647
v -1.299106 0.062290 0.800718
v -1.299106 0.065457 0.874040
v -1.299106 0.068207 0.869000
v -1.299106 0.070506 0.863591
v -1.299106 0.072324 0.857882
v -1.299106 0.073640 0.851944
v -1.299106 0.074436 0.845852
v -1.299106 0.074703 0.839683
v -1.299106 0.074436 0.833513
v -1.299106 0.073640 0.827421
v -1.299106 0.072324 0.821483
v -1.299106 0.070506 0.815774
v -1.299106 0.068207 0.810365
v -1.299106 0.065457 0.805326
v -1.299106 0.062290 0.638738
v -1.299106 0.062290 0.560809
v -1.299106 0.065457 0.634130
v -1.299106 0.068207 0.629090
v -1.299106 0.070506 0.623682
v -1.299106 0.072324 0.617973
v -1.299106 0.073640 0.612035
v -1.299106 0.074436 0.605943
v -1.299106 0.074703 0.599773
v -1.299106 0.074436 0.593604
v -1.299106 0.073640 0.587511
v -1.299106 0.072324 0.581574
v -1.299106 0.070506 0.575864
v -1.299106 0.068207 0.570456
v -1.299106 0.065457 0.565416
v -0.185587 0.062290 0.878647
v -0.185587 0.062290 0.800718
v -0.185587 0.065457 0.874040
v -0.185587 0.068207 0.869000
v -0.185587 0.070506 0.863591
v -0.185587 0.072324 0.857882
v -0.185587 0.073640 0.851944
v -0.185587 0.074436 0.845852
v -0.185587 0.074703 0.839683
v -0.185587 0.074436 0.833513
v -0.185587 0.073640 0.827421
v -0.185587 0.072324 0.821483
v -0.185587 0.070506 0.815774
v -0.185587 0.068207 0.810365
v -0.185587 0.065457 0.805326
v -0.556760 0.062290 0.878647
v -0.556760 0.062290 0.800718
v -0.556760 0.065457 0.874040
v -0.556760 0.068207 0.869000
v -0.556760 0.070506 0.863591
v -0.556760 0.072324 0.857882
v -0.556760 0.073640 0.851944
v -0.556760 0.074436 0.845852
v -0.556760 0.074703 0.839683
v -0.556760 0.074436 0.833513
v -0.556760 0.073640 0.827421
v -0.556760 0.072324 0.821483
v -0.556760 0.070506 0.815774
v -0.556760 0.068207 0.810365
v -0.556760 0.065457 0.805326
v -0.556760 0.062290 0.638738
v -0.556760 0.062290 0.560809
v -0.556760 0.065457 0.634130
v -0.556760 0.068207 0.629090
v -0.556760 0.070506 0.623682
v -0.556760 0.072324 0.617973
v -0.556760 0.073640 0.612035
v -0.556760 0.074436 0.605943
v -0.556760 0.074703 0.599773
v -0.556760 0.074436 0.593604
v -0.556760 0.073640 0.587511
v -0.556760 0.072324 0.581574
v -0.556760 0.070506 0.575864
v -0.556760 0.068207 0.570456
v -0.556760 0.065457 0.565416
v -0.927933 0.062290 -0.560809
v -0.927933 0.062290 -0.638738
v -0.927933 0.065457 -0.565416
v -0.927933 0.068207 -0.570456
v -0.927933 0.070506 -0.575864
v -0.927933 0.072324 -0.581574
v -0.927933 0.073640 -0.587511
v -0.927933 0.074436 -0.593604
v -0.927933 0.074703 -0.599773
v -0.927933 0.074436 -0.605943
v -0.927933 0.073640 -0.612035
v -0.927933 0.072324 -0.617973
v -0.927933 0.070506 -0.623682
v -0.927933 0.068207 -0.629090
v -0.927933 0.065457 -0.634130
v -1.299106 0.062290 -0.560809
v -1.299106 0.062290 -0.638738
v -1.299106 0.065457 -0.565416
v -1.299106 0.068207 -0.570456
v -1.299106 0.070506 -0.575864
v -1.299106 0.072324 -0.581574
v -1.299106 0.073640 -0.587511
v -1.299106 0.074436 -0.593604
v -1.299106 0.074703 -0.599773
v -1.299106 0.074436 -0.605943
v -1.299106 0.073640 -0.612035
v -1.299106 0.072324 -0.617973
v -1.299106 0.070506 -0.623682
v -1.299106 0.068207 -0.629090
v -1.299106 0.065457 -0.634130
v -1.299106 0.062290 -0.800718
v -1.299106 0.062290 -0.878647
v -1.299106 0.065457 -0.805326
v -1.299106 0.068207 -0.810365
v -1.299106 0.070506 -0.815774
v -1.299106 0.072324 -0.821483
v -1.299106 0.073640 -0.827421
v -1.299106 0.074436 -0.833513
v -1.299106 0.074703 -0.839683
v -1.299106 0.074436 -0.845852
v -1.299106 0.073640 -0.851944
v -1.299106 0.072324 -0.857882
v -1.299106 0.070506 -0.863591
v -1.299106 0.068207 -0.869000
v -1.299106 0.065457 -0.874040
v -0.927933 0.062290 -0.080990
v -0.927933 0.062290 -0.158919
v -0.927933 0.065457 -0.085598
v -0.927933 0.068207 -0.090637
v -0.927933 0.070506 -0.096046
v -0.927933 0.072324 -0.101755
v -0.927933 0.073640 -0.107693
v -0.927933 0.074436 -0.113785
v -0.927933 0.074703 -0.119955
v -0.927933 0.074436 -0.126124
v -0.927933 0.073640 -0.132216
v -0.927933 0.072324 -0.138154
v -0.927933 0.070506 -0.143863
v -0.927933 0.068207 -0.149272
v -0.927933 0.065457 -0.154312
v -1.299106 0.062290 -0.080990
v -1.299106 0.062290 -0.158919
v -1.299106 0.065457 -0.085598
v -1.299106 0.068207 -0.090637
v -1.299106 0.070506 -0.096046
v -1.299106 0.072324 -0.101755
v -1.299106 0.073640 -0.107693
v -1.299106 0.074436 -0.113785
v -1.299106 0.074703 -0.119955
v -1.299106 0.074436 -0.126124
v -1.299106 0.073640 -0.132216
v -1.299106 0.072324 -0.138154
v -1.299106 0.070506 -0.143863
v -1.299106 0.068207 -0.149272
v -1.299106 0.065457 -0.154312
v -1.299106 0.062290 -0.320899
v -1.299106 0.062290 -0.398828
v -1.299106 0.065457 -0.325507
v -1.299106 0.068207 -0.330547
v -1.299106 0.070506 -0.335955
v -1.299106 0.072324 -0.341664
v -1.299106 0.073640 -0.347602
v -1.299106 0.074436 -0.353694
v -1.299106 0.074703 -0.359864
v -1.299106 0.074436 -0.366034
v -1.299106 0.073640 -0.372126
v -1.299106 0.072324 -0.378064
v -1.299106 0.070506 -0.383773
v -1.299106 0.068207 -0.389181
v -1.299106 0.065457 -0.394221
v -0.185587 0.062290 -0.080990
v -0.185587 0.062290 -0.158919
v -0.185587 0.065457 -0.085598
v -0.185587 0.068207 -0.090637
v -0.185587 0.070506 -0.096046
v -0.185587 0.072324 -0.101755
v -0.185587 0.073640 -0.107693
v -0.185587 0.074436 -0.113785
v -0.185587 0.074703 -0.119955
v -0.185587 0.074436 -0.126124
v -0.185587 0.073640 -0.132216
v -0.185587 0.072324 -0.138154
v -0.185587 0.070506 -0.143863
v -0.185587 0.068207 -0.149272
v -0.185587 0.065457 -0.154312
v -0.556760 0.062290 -0.080990
v -0.556760 0.062290 -0.158919
v -0.556760 0.065457 -0.085598
v -0.556760 0.068207 -0.090637
v -0.556760 0.070506 -0.096046
v -0.556760 0.072324 -0.101755
v -0.556760 0.073640 -0.107693
v -0.556760 0.074436 -0.113785
v -0.556760 0.074703 -0.119955
v -0.556760 0.074436 -0.126124
v -0.556760 0.073640 -0.132216
v -0.556760 0.072324 -0.138154
v -0.556760 0.070506 -0.143863
v -0.556760 0.068207 -0.149272
v -0.556760 0.065457 -0.154312
v -0.556760 0.062290 -0.320899
v -0.556760 0.062290 -0.398828
v -0.556760 0.065457 -0.325507
v -0.556760 0.068207 -0.330547
v -0.556760 0.070506 -0.335955
v -0.556760 0.072324 -0.341664
v -0.556760 0.073640 -0.347602
v -0.556760 0.074436 -0.353694
v -0.556760 0.074703 -0.359864
v -0.556760 0.074436 -0.366034
v -0.556760 0.073640 -0.372126
v -0.556760 0.072324 -0.378064
v -0.556760 0.070506 -0.383773
v -0.556760 0.068207 -0.389181
v -0.556760 0.065457 -0.394221
v 0.556760 0.062290 -0.560809
v 0.556760 0.062290 -0.638738
v 0.556760 0.065457 -0.565416
v 0.556760 0.068207 -0.570456
v 0.556760 0.070506 -0.575864
v 0.556760 0.072324 -0.581574
v 0.556760 0.073640 -0.587511
v 0.556760 0.074436 -0.593604
v 0.556760 0.074703 -0.599773
v 0.556760 0.074436 -0.605943
v 0.556760 0.073640 -0.612035
v 0.556760 0.072324 -0.617973
v 0.556760 0.070506 -0.623682
v 0.556760 0.068207 -0.629090
v 0.556760 0.065457 -0.634130
v 0.185587 0.062290 -0.560809
v 0.185587 0.062290 -0.638738
v 0.185587 0.065457 -0.565416
v 0.185587 0.068207 -0.570456
v 0.185587 0.070506 -0.575864
v 0.185587 0.072324 -0.581574
v 0.185587 0.073640 -0.587511
v 0.185587 0.074436 -0.593604
v 0.185587 0.074703 -0.599773
v 0.185587 0.074436 -0.605943
v 0.185587 0.073640 -0.612035
v 0.185587 0.072324 -0.617973
v 0.185587 0.070506 -0.623682
v 0.185587 0.068207 -0.629090
v 0.185587 0.065457 -0.634130
v 0.185587 0.062290 -0.800718
v 0.185587 0.062290 -0.878647
v 0.185587 0.065457 -0.805326
v 0.185587 0.068207 -0.810365
v 0.185587 0.070506 -0.815774
v 0.185587 0.072324 -0.821483
v 0.185587 0.073640 -0.827421
v 0.185587 0.074436 -0.833513
v 0.185587 0.074703 -0.839683
v 0.185587 0.074436 -0.845852
v 0.185587 0.073640 -0.851944
v 0.185587 0.072324 -0.857882
v 0.185587 0.070506 -0.863591
v 0.185587 0.068207 -0.869000
v 0.185587 0.065457 -0.874040
v 0.556760 0.062290 -0.080990
v 0.556760 0.062290 -0.158919
v 0.556760 0.065457 -0.085598
v 0.556760 0.068207 -0.090637
v 0.556760 0.070506 -0.096046
v 0.556760 0.072324 -0.101755
v 0.556760 0.073640 -0.107693
v 0.556760 0.074436 -0.113785
v 0.556760 0.074703 -0.119955
v 0.556760 0.074436 -0.126124
v 0.556760 0.073640 -0.132216
v 0.556760 0.072324 -0.138154
v 0.556760 0.070506 -0.143863
v 0.556760 0.068207 -0.149272
v 0.556760 0.065457 -0.154312
v 0.185587 0.062290 -0.080990
v 0.185587 0.062290 -0.158919
v 0.185587 0.065457 -0.085598
v 0.185587 0.068207 -0.090637
v 0.185587 0.070506 -0.096046
v 0.185587 0.072324 -0.101755
v 0.185587 0.073640 -0.107693
v 0.185587 0.074436 -0.113785
v 0.185587 0.074703 -0.119955
v 0.185587 0.074436 -0.126124
v 0.185587 0.073640 -0.132216
v 0.185587 0.072324 -0.138154
v 0.185587 0.070506 -0.143863
v 0.185587 0.068207 -0.149272
v 0.185587 0.065457 -0.154312
v 0.185587 0.062290 -0.320899
v 0.185587 0.062290 -0.398828
v 0.185587 0.065457 -0.325507
v 0.185587 0.068207 -0.330547
v 0.185587 0.070506 -0.335955
v 0.185587 0.072324 -0.341664
v 0.185587 0.073640 -0.347602
v 0.185587 0.074436 -0.353694
v 0.185587 0.074703 -0.359864
v 0.185587 0.074436 -0.366034
v 0.185587 0.073640 -0.372126
v 0.185587 0.072324 -0.378064
v 0.185587 0.070506 -0.383773
v 0.185587 0.068207 -0.389181
v 0.185587 0.065457 -0.394221
v 1.299106 0.062290 -0.080990
v 1.299106 0.062290 -0.158919
v 1.299106 0.065457 -0.085598
v 1.299106 0.068207 -0.090637
v 1.299106 0.070506 -0.096046
v 1.299106 0.072324 -0.101755
v 1.299106 0.073640 -0.107693
v 1.299106 0.074436 -0.113785
v 1.299106 0.074703 -0.119955
v 1.299106 0.074436 -0.126124
v 1.299106 0.073640 -0.132216
v 1.299106 0.072324 -0.138154
v 1.299106 0.070506 -0.143863
v 1.299106 0.068207 -0.149272
v 1.299106 0.065457 -0.154312
v 0.927933 0.062290 -0.080990
v 0.927933 0.062290 -0.158919
v 0.927933 0.065457 -0.085598
v 0.927933 0.068207 -0.090637
v 0.927933 0.070506 -0.096046
v 0.927933 0.072324 -0.101755
v 0.927933 0.073640 -0.107693
v 0.927933 0.074436 -0.113785
v 0.927933 0.074703 -0.119955
v 0.927933 0.074436 -0.126124
v 0.927933 0.073640 -0.132216
v 0.927933 0.072324 -0.138154
v 0.927933 0.070506 -0.143863
v 0.927933 0.068207 -0.149272
v 0.927933 0.065457 -0.154312
v 0.927933 0.062290 -0.320899
v 0.927933 0.062290 -0.398828
v 0.927933 0.065457 -0.325507
v 0.927933 0.068207 -0.330547
v 0.927933 0.070506 -0.335955
v 0.927933 0.072324 -0.341664
v 0.927933 0.073640 -0.347602
v 0.927933 0.074436 -0.353694
v 0.927933 0.074703 -0.359864
v 0.927933 0.074436 -0.366034
v 0.927933 0.073640 -0.372126
v 0.927933 0.072324 -0.378064
v 0.927933 0.070506 -0.383773
v 0.927933 0.068207 -0.389181
v 0.927933 0.065457 -0.394221
v 1.299106 0.062290 -0.320899
v 1.299106 0.062290 -0.398828
v 1.299106 0.065457 -0.325507
v 1.299106 0.068207 -0.330547
v 1.299106 0.070506 -0.335955
v 1.299106 0.072324 -0.341664
v 1.299106 0.073640 -0.347602
v 1.299106 0.074436 -0.353694
v 1.299106 0.074703 -0.359864
v 1.299106 0.074436 -0.366034
v 1.299106 0.073640 -0.372126
v 1.299106 0.072324 -0.378064
v 1.299106 0.070506 -0.383773
v 1.299106 0.068207 -0.389181
v 1.299106 0.065457 -0.394221
v 0.556760 0.062290 -0.320899
v 0.556760 0.062290 -0.398828
v 0.556760 0.065457 -0.325507
v 0.556760 0.068207 -0.330547
v 0.556760 0.070506 -0.335955
v 0.556760 0.072324 -0.341664
v 0.556760 0.073640 -0.347602
v 0.556760 0.074436 -0.353694
v 0.556760 0.074703 -0.359864
v 0.556760 0.074436 -0.366034
v 0.556760 0.073640 -0.372126
v 0.556760 0.072324 -0.378064
v 0.556760 0.070506 -0.383773
v 0.556760 0.068207 -0.389181
v 0.556760 0.065457 -0.394221
v 0.556760 0.062290 -0.800718
v 0.556760 0.062290 -0.878647
v 0.556760 0.065457 -0.805326
v 0.556760 0.068207 -0.810365
v 0.556760 0.070506 -0.815774
v 0.556760 0.072324 -0.821483
v 0.556760 0.073640 -0.827421
v 0.556760 0.074436 -0.833513
v 0.556760 0.074703 -0.839683
v 0.556760 0.074436 -0.845852
v 0.556760 0.073640 -0.851944
v 0.556760 0.072324 -0.857882
v 0.556760 0.070506 -0.863591
v 0.556760 0.068207 -0.869000
v 0.556760 0.065457 -0.874040
v -0.185587 0.062290 -0.320899
v -0.185587 0.062290 -0.398828
v -0.185587 0.065457 -0.325507
v -0.185587 0.068207 -0.330547
v -0.185587 0.070506 -0.335955
v -0.185587 0.072324 -0.341664
v -0.185587 0.073640 -0.347602
v -0.185587 0.074436 -0.353694
v -0.185587 0.074703 -0.359864
v -0.185587 0.074436 -0.366034
v -0.185587 0.073640 -0.372126
v -0.185587 0.072324 -0.378064
v -0.185587 0.070506 -0.383773
v -0.185587 0.068207 -0.389181
v -0.185587 0.065457 -0.394221
v -0.927933 0.062290 -0.320899
v -0.927933 0.062290 -0.398828
v -0.927933 0.065457 -0.325507
v -0.927933 0.068207 -0.330547
v -0.927933 0.070506 -0.335955
v -0.927933 0.072324 -0.341664
v -0.927933 0.073640 -0.347602
v -0.927933 0.074436 -0.353694
v -0.927933 0.074703 -0.359864
v -0.927933 0.074436 -0.366034
v -0.927933 0.073640 -0.372126
v -0.927933 0.072324 -0.378064
v -0.927933 0.070506 -0.383773
v -0.927933 0.068207 -0.389181
v -0.927933 0.065457 -0.394221
v -0.927933 0.062290 -0.800718
v -0.927933 0.062290 -0.878647
v -0.927933 0.065457 -0.805326
v -0.927933 0.068207 -0.810365
v -0.927933 0.070506 -0.815774
v -0.927933 0.072324 -0.821483
v -0.927933 0.073640 -0.827421
v -0.927933 0.074436 -0.833513
v -0.927933 0.074703 -0.839683
v -0.927933 0.074436 -0.845852
v -0.927933 0.073640 -0.851944
v -0.927933 0.072324 -0.857882
v -0.927933 0.070506 -0.863591
v -0.927933 0.068207 -0.869000
v -0.927933 0.065457 -0.874040
v -0.185587 0.062290 0.638738
v -0.185587 0.062290 0.560809
v -0.185587 0.065457 0.634130
v -0.185587 0.068207 0.629090
v -0.185587 0.070506 0.623682
v -0.185587 0.072324 0.617973
v -0.185587 0.073640 0.612035
v -0.185587 0.074436 0.605943
v -0.185587 0.074703 0.599773
v -0.185587 0.074436 0.593604
v -0.185587 0.073640 0.587511
v -0.185587 0.072324 0.581574
v -0.185587 0.070506 0.575864
v -0.185587 0.068207 0.570456
v -0.185587 0.065457 0.565416
v -0.927933 0.062290 0.638738
v -0.927933 0.062290 0.560809
v -0.927933 0.065457 0.634130
v -0.927933 0.068207 0.629090
v -0.927933 0.070506 0.623682
v -0.927933 0.072324 0.617973
v -0.927933 0.073640 0.612035
v -0.927933 0.074436 0.605943
v -0.927933 0.074703 0.599773
v -0.927933 0.074436 0.593604
v -0.927933 0.073640 0.587511
v -0.927933 0.072324 0.581574
v -0.927933 0.070506 0.575864
v -0.927933 0.068207 0.570456
v -0.927933 0.065457 0.565416
v -0.927933 0.062290 0.158919
v -0.927933 0.062290 0.080990
v -0.927933 0.065457 0.154312
v -0.927933 0.068207 0.149272
v -0.927933 0.070506 0.143863
v -0.927933 0.072324 0.138154
v -0.927933 0.073640 0.132216
v -0.927933 0.074436 0.126124
v -0.927933 0.074703 0.119955
v -0.927933 0.074436 0.113785
v -0.927933 0.073640 0.107693
v -0.927933 0.072324 0.101755
v -0.927933 0.070506 0.096046
v -0.927933 0.068207 0.090637
v -0.927933 0.065457 0.085598
v 1.299106 0.062290 0.638738
v 1.299106 0.062290 0.560809
v 1.299106 0.065457 0.634130
v 1.299106 0.068207 0.629090
v 1.299106 0.070506 0.623682
v 1.299106 0.072324 0.617973
v 1.299106 0.073640 0.612035
v 1.299106 0.074436 0.605943
v 1.299106 0.074703 0.599773
v 1.299106 0.074436 0.593604
v 1.299106 0.073640 0.587511
v 1.299106 0.072324 0.581574
v 1.299106 0.070506 0.575864
v 1.299106 0.068207 0.570456
v 1.299106 0.065457 0.565416
v 0.556760 0.062290 0.638738
v 0.556760 0.062290 0.560809
v 0.556760 0.065457 0.634130
v 0.556760 0.068207 0.629090
v 0.556760 0.070506 0.623682
v 0.556760 0.072324 0.617973
v 0.556760 0.073640 0.612035
v 0.556760 0.074436 0.605943
v 0.556760 0.074703 0.599773
v 0.556760 0.074436 0.593604
v 0.556760 0.073640 0.587511
v 0.556760 0.072324 0.581574
v 0.556760 0.070506 0.575864
v 0.556760 0.068207 0.570456
v 0.556760 0.065457 0.565416
v 0.556760 0.062290 0.158919
v 0.556760 0.062290 0.080990
v 0.556760 0.065457 0.154312
v 0.556760 0.068207 0.149272
v 0.556760 0.070506 0.143863
v 0.556760 0.072324 0.138154
v 0.556760 0.073640 0.132216
v 0.556760 0.074436 0.126124
v 0.556760 0.074703 0.119955
v 0.556760 0.074436 0.113785
v 0.556760 0.073640 0.107693
v 0.556760 0.072324 0.101755
v 0.556760 0.070506 0.096046
v 0.556760 0.068207 0.090637
v 0.556760 0.065457 0.085598
v 1.299106 0.062290 0.158919
v 1.299106 0.062290 0.080990
v 1.299106 0.065457 0.154312
v 1.299106 0.068207 0.149272
v 1.299106 0.070506 0.143863
v 1.299106 0.072324 0.138154
v 1.299106 0.073640 0.132216
v 1.299106 0.074436 0.126124
v 1.299106 0.074703 0.119955
v 1.299106 0.074436 0.113785
v 1.299106 0.073640 0.107693
v 1.299106 0.072324 0.101755
v 1.299106 0.070506 0.096046
v 1.299106 0.068207 0.090637
v 1.299106 0.065457 0.085598
v -0.185587 0.062290 0.158919
v -0.185587 0.062290 0.080990
v -0.185587 0.065457 0.154312
v -0.185587 0.068207 0.149272
v -0.185587 0.070506 0.143863
v -0.185587 0.072324 0.138154
v -0.185587 0.073640 0.132216
v -0.185587 0.074436 0.126124
v -0.185587 0.074703 0.119955
v -0.185587 0.074436 0.113785
v -0.185587 0.073640 0.107693
v -0.185587 0.072324 0.101755
v -0.185587 0.070506 0.096046
v -0.185587 0.068207 0.090637
v -0.185587 0.065457 0.085598
v -0.185587 0.062290 -0.800718
v -0.185587 0.062290 -0.878647
v -0.185587 0.065457 -0.805326
v -0.185587 0.068207 -0.810365
v -0.185587 0.070506 -0.815774
v -0.185587 0.072324 -0.821483
v -0.185587 0.073640 -0.827421
v -0.185587 0.074436 -0.833513
v -0.185587 0.074703 -0.839683
v -0.185587 0.074436 -0.845852
v -0.185587 0.073640 -0.851944
v -0.185587 0.072324 -0.857882
v -0.185587 0.070506 -0.863591
v -0.185587 0.068207 -0.869000
v -0.185587 0.065457 -0.874040
v 1.299106 0.062290 -0.800718
v 1.299106 0.062290 -0.878647
v 1.299106 0.065457 -0.805326
v 1.299106 0.068207 -0.810365
v 1.299106 0.070506 -0.815774
v 1.299106 0.072324 -0.821483
v 1.299106 0.073640 -0.827421
v 1.299106 0.074436 -0.833513
v 1.299106 0.074703 -0.839683
v 1.299106 0.074436 -0.845852
v 1.299106 0.073640 -0.851944
v 1.299106 0.072324 -0.857882
v 1.299106 0.070506 -0.863591
v 1.299106 0.068207 -0.869000
v 1.299106 0.065457 -0.874040
v -1.484693 -0.015204 0.955745
v 1.484693 -0.015204 0.955745
v -1.484693 -0.015204 -0.955745
v 1.484693 -0.015204 -0.955745
v 0.000000 -0.015204 0.955745
v 0.000000 -0.015204 -0.955745
v 0.742347 -0.015204 0.955745
v -0.742347 -0.015204 -0.955745
v -0.742347 -0.015204 0.955745
v 0.742347 -0.015204 -0.955745
v 1.113520 -0.015204 0.955745
v -1.113520 -0.015204 -0.955745
v -0.371173 -0.015204 0.955745
v 0.371173 -0.015204 -0.955745
v 0.371173 -0.015204 0.955745
v -0.371173 -0.015204 -0.955745
v -1.113520 -0.015204 0.955745
v 1.113520 -0.015204 -0.955745
v 1.299106 -0.015204 0.955745
v -1.299106 -0.015204 -0.955745
v -0.185587 -0.015204 0.955745
v 0.185587 -0.015204 -0.955745
v 0.556760 -0.015204 0.955745
v -0.556760 -0.015204 -0.955745
v -0.927933 -0.015204 0.955745
v 0.927933 -0.015204 -0.955745
v 0.927933 -0.015204 0.955745
v -0.927933 -0.015204 -0.955745
v -0.556760 -0.015204 0.955745
v 0.556760 -0.015204 -0.955745
v 0.185587 -0.015204 0.955745
v -0.185587 -0.015204 -0.955745
v -1.299106 -0.015204 0.955745
v 1.299106 -0.015204 -0.955745
v -1.484693 0.014631 0.042680
v -1.484693 0.014631 -0.042680
v -1.484693 0.011126 0.037568
v -1.484693 0.008032 0.031902
v -1.484693 0.005487 0.025920
v -1.484693 0.003497 0.019676
v -1.484693 0.002068 0.013231
v -1.484693 0.001208 0.006650
v -1.484693 0.000921 0.000000
v -1.484693 0.001208 -0.006650
v -1.484693 0.002068 -0.013231
v -1.484693 0.003497 -0.019676
v -1.484693 0.005487 -0.025920
v -1.484693 0.008032 -0.031902
v -1.484693 0.011126 -0.037568
v 1.484693 0.014631 -0.042680
v 1.484693 0.014631 0.042680
v 1.484693 0.011126 -0.037568
v 1.484693 0.008032 -0.031902
v 1.484693 0.005487 -0.025920
v 1.484693 0.003497 -0.019676
v 1.484693 0.002068 -0.013231
v 1.484693 0.001208 -0.006650
v 1.484693 0.000921 0.000000
v 1.484693 0.001208 0.006650
v 1.484693 0.002068 0.013231
v 1.484693 0.003497 0.019676
v 1.484693 0.005487 0.025920
v 1.484693 0.008032 0.031902
v 1.484693 0.011126 0.037568
v 0.000000 0.014631 -0.042680
v 0.000000 0.014631 0.042680
v 0.000000 0.011126 -0.037568
v 0.000000 0.008032 -0.031902
v 0.000000 0.005487 -0.025920
v 0.000000 0.003497 -0.019676
v 0.000000 0.002068 -0.013231
v 0.000000 0.001208 -0.006650
v 0.000000 0.000921 0.000000
v 0.000000 0.001208 0.006650
v 0.000000 0.002068 0.013231
v 0.000000 0.003497 0.019676
v 0.000000 0.005487 0.025920
v 0.000000 0.008032 0.031902
v 0.000000 0.011126 0.037568
v -1.484693 0.014631 0.522498
v -1.484693 0.014631 0.437139
v -1.484693 0.011126 0.517387
v -1.484693 0.008032 0.511721
v -1.484693 0.005487 0.505738
v -1.484693 0.003497 0.499494
v -1.484693 0.002069 0.493050
v -1.484693 0.001208 0.486469
v -1.484693 0.000921 0.479819
v -1.484693 0.001208 0.473169
v -1.484693 0.002068 0.466587
v -1.484693 0.003497 0.460143
v -1.484693 0.005487 0.453899
v -1.484693 0.008032 0.447917
v -1.484693 0.011126 0.442250
v 1.484693 0.014631 -0.522498
v 1.484693 0.014631 -0.437139
v 1.484693 0.011126 -0.517387
v 1.484693 0.008032 -0.511721
v 1.484693 0.005487 -0.505738
v 1.484693 0.003497 -0.499494
v 1.484693 0.002069 -0.493050
v 1.484693 0.001208 -0.486469
v 1.484693 0.000921 -0.479819
v 1.484693 0.001208 -0.473169
v 1.484693 0.002068 -0.466587
v 1.484693 0.003497 -0.460143
v 1.484693 0.005487 -0.453899
v 1.484693 0.008032 -0.447917
v 1.484693 0.011126 -0.442250
v -1.484693 0.014631 -0.437139
v -1.484693 0.014631 -0.522498
v -1.484693 0.011126 -0.442250
v -1.484693 0.008032 -0.447917
v -1.484693 0.005487 -0.453899
v -1.484693 0.003497 -0.460143
v -1.484693 0.002068 -0.466587
v -1.484693 0.001208 -0.473169
v -1.484693 0.000921 -0.479819
v -1.484693 0.001208 -0.486469
v -1.484693 0.002068 -0.493050
v -1.484693 0.003497 -0.499494
v -1.484693 0.005487 -0.505738
v -1.484693 0.008032 -0.511721
v -1.484693 0.011126 -0.517387
v 1.484693 0.014631 0.437139
v 1.484693 0.014631 0.522498
v 1.484693 0.011126 0.442250
v 1.484693 0.008032 0.447917
v 1.484693 0.005487 0.453899
v 1.484693 0.003497 0.460143
v 1.484693 0.002068 0.466587
v 1.484693 0.001208 0.473169
v 1.484693 0.000921 0.479819
v 1.484693 0.001208 0.486469
v 1.484693 0.002068 0.493050
v 1.484693 0.003497 0.499494
v 1.484693 0.005487 0.505738
v 1.484693 0.008032 0.511721
v 1.484693 0.011126 0.517387
v 0.000000 0.014631 -0.522498
v 0.000000 0.014631 -0.437139
v 0.000000 0.011126 -0.517387
v 0.000000 0.008032 -0.511721
v 0.000000 0.005487 -0.505738
v 0.000000 0.003497 -0.499494
v 0.000000 0.002068 -0.493050
v 0.000000 0.001208 -0.486469
v 0.000000 0.000921 -0.479819
v 0.000000 0.001208 -0.473169
v 0.000000 0.002068 -0.466587
v 0.000000 0.003497 -0.460143
v 0.000000 0.005487 -0.453899
v 0.000000 0.008032 -0.447917
v 0.000000 0.011126 -0.442250
v 0.000000 0.014631 0.437139
v 0.000000 0.014631 0.522498
v 0.000000 0.011126 0.442250
v 0.000000 0.008032 0.447917
v 0.000000 0.005487 0.453899
v 0.000000 0.003497 0.460143
v 0.000000 0.002068 0.466587
v 0.000000 0.001208 0.473169
v 0.000000 0.000921 0.479819
v 0.000000 0.001208 0.486469
v 0.000000 0.002068 0.493050
v 0.000000 0.003497 0.499494
v 0.000000 0.005487 0.505738
v 0.000000 0.008032 0.511721
v 0.000000 0.011126 0.517387
v -0.742347 0.014631 -0.042680
v -0.742347 0.014631 0.042680
v -0.742347 0.011126 -0.037568
v -0.742347 0.008032 -0.031902
v -0.742347 0.005487 -0.025920
v -0.742347 0.003497 -0.019676
v -0.742347 0.002068 -0.013231
v -0.742347 0.001208 -0.006650
v -0.742347 0.000921 0.000000
v -0.742347 0.001208 0.006650
v -0.742347 0.002068 0.013231
v -0.742347 0.003497 0.019676
v -0.742347 0.005487 0.025920
v -0.742347 0.008032 0.031902
v -0.742347 0.011126 0.037568
v 0.742347 0.014631 -0.042680
v 0.742347 0.014631 0.042680
v 0.742347 0.011126 -0.037568
v 0.742347 0.008032 -0.031902
v 0.742347 0.005487 -0.025920
v 0.742347 0.003497 -0.019676
v 0.742347 0.002068 -0.013231
v 0.742347 0.001208 -0.006650
v 0.742347 0.000921 0.000000
v 0.742347 0.001208 0.006650
v 0.742347 0.002068 0.013231
v 0.742347 0.003497 0.019676
v 0.742347 0.005487 0.025920
v 0.742347 0.008032 0.031902
v 0.742347 0.011126 0.037568
v 0.742347 0.014631 0.437139
v 0.742347 0.014631 0.522498
v 0.742347 0.011126 0.442250
v 0.742347 0.008032 0.447917
v 0.742347 0.005487 0.453899
v 0.742347 0.003497 0.460143
v 0.742347 0.002068 0.466587
v 0.742347 0.001208 0.473169
v 0.742347 0.000921 0.479819
v 0.742347 0.001208 0.486469
v 0.742347 0.002068 0.493050
v 0.742347 0.003497 0.499494
v 0.742347 0.005487 0.505738
v 0.742347 0.008032 0.511721
v 0.742347 0.011126 0.517387
v -0.742347 0.014631 0.437139
v -0.742347 0.014631 0.522498
v -0.742347 0.011126 0.442250
v -0.742347 0.008032 0.447917
v -0.742347 0.005487 0.453899
v -0.742347 0.003497 0.460143
v -0.742347 0.002068 0.466587
v -0.742347 0.001208 0.473169
v -0.742347 0.000921 0.479819
v -0.742347 0.001208 0.486469
v -0.742347 0.002068 0.493050
v -0.742347 0.003497 0.499494
v -0.742347 0.005487 0.505738
v -0.742347 0.008032 0.511721
v -0.742347 0.011126 0.517387
v -0.742347 0.014631 -0.522498
v -0.742347 0.014631 -0.437139
v -0.742347 0.011126 -0.517387
v -0.742347 0.008032 -0.511721
v -0.742347 0.005487 -0.505738
v -0.742347 0.003497 -0.499494
v -0.742347 0.002068 -0.493050
v -0.742347 0.001208 -0.486469
v -0.742347 0.000921 -0.479819
v -0.742347 0.001208 -0.473169
v -0.742347 0.002068 -0.466587
v -0.742347 0.003497 -0.460143
v -0.742347 0.005487 -0.453899
v -0.742347 0.008032 -0.447917
v -0.742347 0.011126 -0.442250
v 0.742347 0.014631 -0.522498
v 0.742347 0.014631 -0.437139
v 0.742347 0.011126 -0.517387
v 0.742347 0.008032 -0.511721
v 0.742347 0.005487 -0.505738
v 0.742347 0.003497 -0.499494
v 0.742347 0.002068 -0.493050
v 0.742347 0.001208 -0.486469
v 0.742347 0.000921 -0.479819
v 0.742347 0.001208 -0.473169
v 0.742347 0.002068 -0.466587
v 0.742347 0.003497 -0.460143
v 0.742347 0.005487 -0.453899
v 0.742347 0.008032 -0.447917
v 0.742347 0.011126 -0.442250
v -1.484693 0.014631 0.762408
v -1.484693 0.014631 0.677048
v -1.484693 0.011126 0.757296
v -1.484693 0.008032 0.751630
v -1.484693 0.005487 0.745648
v -1.484693 0.003497 0.739404
v -1.484693 0.002069 0.732959
v -1.484693 0.001208 0.726378
v -1.484693 0.000921 0.719728
v -1.484693 0.001208 0.713078
v -1.484693 0.002068 0.706497
v -1.484693 0.003497 0.700052
v -1.484693 0.005487 0.693808
v -1.484693 0.008032 0.687826
v -1.484693 0.011126 0.682159
v 1.484693 0.014631 -0.762408
v 1.484693 0.014631 -0.677048
v 1.484693 0.011126 -0.757296
v 1.484693 0.008032 -0.751630
v 1.484693 0.005487 -0.745648
v 1.484693 0.003497 -0.739404
v 1.484693 0.002069 -0.732959
v 1.484693 0.001208 -0.726378
v 1.484693 0.000921 -0.719728
v 1.484693 0.001208 -0.713078
v 1.484693 0.002068 -0.706497
v 1.484693 0.003497 -0.700052
v 1.484693 0.005487 -0.693808
v 1.484693 0.008032 -0.687826
v 1.484693 0.011126 -0.682159
v -1.484693 0.014631 -0.197229
v -1.484693 0.014631 -0.282589
v -1.484693 0.011126 -0.202341
v -1.484693 0.008032 -0.208007
v -1.484693 0.005487 -0.213990
v -1.484693 0.003497 -0.220234
v -1.484693 0.002068 -0.226678
v -1.484693 0.001208 -0.233259
v -1.484693 0.000921 -0.239909
v -1.484693 0.001208 -0.246559
v -1.484693 0.002068 -0.253141
v -1.484693 0.003497 -0.259585
v -1.484693 0.005487 -0.265829
v -1.484693 0.008032 -0.271811
v -1.484693 0.011126 -0.277478
v 1.484693 0.014631 0.197229
v 1.484693 0.014631 0.282589
v 1.484693 0.011126 0.202341
v 1.484693 0.008032 0.208007
v 1.484693 0.005487 0.213990
v 1.484693 0.003497 0.220234
v 1.484693 0.002068 0.226678
v 1.484693 0.001208 0.233259
v 1.484693 0.000921 0.239909
v 1.484693 0.001208 0.246559
v 1.484693 0.002068 0.253141
v 1.484693 0.003497 0.259585
v 1.484693 0.005487 0.265829
v 1.484693 0.008032 0.271811
v 1.484693 0.011126 0.277478
v 0.000000 0.014631 -0.762408
v 0.000000 0.014631 -0.677048
v 0.000000 0.011126 -0.757296
v 0.000000 0.008032 -0.751630
v 0.000000 0.005487 -0.745648
v 0.000000 0.003497 -0.739404
v 0.000000 0.002068 -0.732959
v 0.000000 0.001208 -0.726378
v 0.000000 0.000921 -0.719728
v 0.000000 0.001208 -0.713078
v 0.000000 0.002068 -0.706497
v 0.000000 0.003497 -0.700052
v 0.000000 0.005487 -0.693808
v 0.000000 0.008032 -0.687826
v 0.000000 0.011126 -0.682159
v 0.000000 0.014631 0.197230
v 0.000000 0.014631 0.282589
v 0.000000 0.011126 0.202341
v 0.000000 0.008032 0.208007
v 0.000000 0.005487 0.213990
v 0.000000 0.003497 0.220234
v 0.000000 0.002068 0.226678
v 0.000000 0.001208 0.233259
v 0.000000 0.000921 0.239909
v 0.000000 0.001208 0.246559
v 0.000000 0.002068 0.253141
v 0.000000 0.003497 0.259585
v 0.000000 0.005487 0.265829
v 0.000000 0.008032 0.271811
v 0.000000 0.011126 0.277478
v -1.113520 0.014631 -0.042680
v -1.113520 0.014631 0.042680
v -1.113520 0.011126 -0.037568
v -1.113520 0.008032 -0.031902
v -1.113520 0.005487 -0.025920
v -1.113520 0.003497 -0.019676
v -1.113520 0.002068 -0.013231
v -1.113520 0.001208 -0.006650
v -1.113520 0.000921 0.000000
v -1.113520 0.001208 0.006650
v -1.113520 0.002068 0.013231
v -1.113520 0.003497 0.019676
v -1.113520 0.005487 0.025920
v -1.113520 0.008032 0.031902
v -1.113520 0.011126 0.037568
v 0.371173 0.014631 -0.042680
v 0.371173 0.014631 0.042680
v 0.371173 0.011126 -0.037568
v 0.371173 0.008032 -0.031902
v 0.371173 0.005487 -0.025920
v 0.371173 0.003497 -0.019676
v 0.371173 0.002068 -0.013231
v 0.371173 0.001208 -0.006650
v 0.371173 0.000921 0.000000
v 0.371173 0.001208 0.006650
v 0.371173 0.002068 0.013231
v 0.371173 0.003497 0.019676
v 0.371173 0.005487 0.025920
v 0.371173 0.008032 0.031902
v 0.371173 0.011126 0.037568
v -1.484693 0.014631 0.282589
v -1.484693 0.014631 0.197229
v -1.484693 0.011126 0.277478
v -1.484693 0.008032 0.271811
v -1.484693 0.005487 0.265829
v -1.484693 0.003497 0.259585
v -1.484693 0.002068 0.253141
v -1.484693 0.001208 0.246559
v -1.484693 0.000921 0.239909
v -1.484693 0.001208 0.233259
v -1.484693 0.002068 0.226678
v -1.484693 0.003497 0.220234
v -1.484693 0.005487 0.213990
v -1.484693 0.008032 0.208007
v -1.484693 0.011126 0.202341
v 1.484693 0.014631 -0.282589
v 1.484693 0.014631 -0.197229
v 1.484693 0.011126 -0.277478
v 1.484693 0.008032 -0.271811
v 1.484693 0.005487 -0.265829
v 1.484693 0.003497 -0.259585
v 1.484693 0.002068 -0.253141
v 1.484693 0.001208 -0.246559
v 1.484693 0.000921 -0.239909
v 1.484693 0.001208 -0.233259
v 1.484693 0.002068 -0.226678
v 1.484693 0.003497 -0.220234
v 1.484693 0.005487 -0.213990
v 1.484693 0.008032 -0.208007
v 1.484693 0.011126 -0.202341
v -1.484693 0.014631 -0.677048
v -1.484693 0.014631 -0.762408
v -1.484693 0.011126 -0.682159
v -1.484693 0.008032 -0.687826
v -1.484693 0.005487 -0.693808
v -1.484693 0.003497 -0.700052
v -1.484693 0.002069 -0.706497
v -1.484693 0.001208 -0.713078
v -1.484693 0.000921 -0.719728
v -1.484693 0.001208 -0.726378
v -1.484693 0.002068 -0.732959
v -1.484693 0.003497 -0.739404
v -1.484693 0.005487 -0.745648
v -1.484693 0.008032 -0.751630
v -1.484693 0.011126 -0.757296
v 1.484693 0.014631 0.677048
v 1.484693 0.014631 0.762408
v 1.484693 0.011126 0.682159
v 1.484693 0.008032 0.687826
v 1.484693 0.005487 0.693808
v 1.484693 0.003497 0.700052
v 1.484693 0.002069 0.706497
v 1.484693 0.001208 0.713078
v 1.484693 0.000921 0.719728
v 1.484693 0.001208 0.726378
v 1.484693 0.002068 0.732959
v 1.484693 0.003497 0.739404
v 1.484693 0.005487 0.745648
v 1.484693 0.008032 0.751630
v 1.484693 0.011126 0.757296
v 0.000000 0.014631 -0.282589
v 0.000000 0.014631 -0.197230
v 0.000000 0.011126 -0.277478
v 0.000000 0.008032 -0.271811
v 0.000000 0.005487 -0.265829
v 0.000000 0.003497 -0.259585
v 0.000000 0.002068 -0.253141
v 0.000000 0.001208 -0.246559
v 0.000000 0.000921 -0.239909
v 0.000000 0.001208 -0.233259
v 0.000000 0.002068 -0.226678
v 0.000000 0.003497 -0.220234
v 0.000000 0.005487 -0.213990
v 0.000000 0.008032 -0.208007
v 0.000000 0.011126 -0.202341
v 0.000000 0.014631 0.677048
v 0.000000 0.014631 0.762408
v 0.000000 0.011126 0.682159
v 0.000000 0.008032 0.687826
v 0.000000 0.005487 0.693808
v 0.000000 0.003497 0.700052
v 0.000000 0.002068 0.706497
v 0.000000 0.001208 0.713078
v 0.000000 0.000921 0.719728
v 0.000000 0.001208 0.726378
v 0.000000 0.002068 0.732959
v 0.000000 0.003497 0.739404
v 0.000000 0.005487 0.745648
v 0.000000 0.008032 0.751630
v 0.000000 0.011126 0.757296
v -0.371173 0.014631 -0.042680
v -0.371173 0.014631 0.042680
v -0.371173 0.011126 -0.037568
v -0.371173 0.008032 -0.031902
v -0.371173 0.005487 -0.025920
v -0.371173 0.003497 -0.019676
v -0.371173 0.002068 -0.013231
v -0.371173 0.001208 -0.006650
v -0.371173 0.000921 0.000000
v -0.371173 0.001208 0.006650
v -0.371173 0.002068 0.013231
v -0.371173 0.003497 0.019676
v -0.371173 0.005487 0.025920
v -0.371173 0.008032 0.031902
v -0.371173 0.011126 0.037568
v 1.113520 0.014631 -0.042680
v 1.113520 0.014631 0.042680
v 1.113520 0.011126 -0.037568
v 1.113520 0.008032 -0.031902
v 1.113520 0.005487 -0.025920
v 1.113520 0.003497 -0.019676
v 1.113520 0.002068 -0.013231
v 1.113520 0.001208 -0.006650
v 1.113520 0.000921 0.000000
v 1.113520 0.001208 0.006650
v 1.113520 0.002068 0.013231
v 1.113520 0.003497 0.019676
v 1.113520 0.005487 0.025920
v 1.113520 0.008032 0.031902
v 1.113520 0.011126 0.037568
v 0.742347 0.014631 0.197230
v 0.742347 0.014631 0.282589
v 0.742347 0.011126 0.202341
v 0.742347 0.008032 0.208007
v 0.742347 0.005487 0.213990
v 0.742347 0.003497 0.220234
v 0.742347 0.002068 0.226678
v 0.742347 0.001208 0.233259
v 0.742347 0.000921 0.239909
v 0.742347 0.001208 0.246559
v 0.742347 0.002068 0.253141
v 0.742347 0.003497 0.259585
v 0.742347 0.005487 0.265829
v 0.742347 0.008032 0.271811
v 0.742347 0.011126 0.277478
v 0.742347 0.014631 0.677048
v 0.742347 0.014631 0.762408
v 0.742347 0.011126 0.682159
v 0.742347 0.008032 0.687826
v 0.742347 0.005487 0.693808
v 0.742347 0.003497 0.700052
v 0.742347 0.002068 0.706497
v 0.742347 0.001208 0.713078
v 0.742347 0.000921 0.719728
v 0.742347 0.001208 0.726378
v 0.742347 0.002068 0.732959
v 0.742347 0.003497 0.739404
v 0.742347 0.005487 0.745648
v 0.742347 0.008032 0.751630
v 0.742347 0.011126 0.757296
v 0.371173 0.014631 0.437139
v 0.371173 0.014631 0.522498
v 0.371173 0.011126 0.442250
v 0.371173 0.008032 0.447917
v 0.371173 0.005487 0.453899
v 0.371173 0.003497 0.460143
v 0.371173 0.002068 0.466587
v 0.371173 0.001208 0.473169
v 0.371173 0.000921 0.479819
v 0.371173 0.001208 0.486469
v 0.371173 0.002068 0.493050
v 0.371173 0.003497 0.499494
v 0.371173 0.005487 0.505738
v 0.371173 0.008032 0.511721
v 0.371173 0.011126 0.517387
v 1.113520 0.014631 0.437139
v 1.113520 0.014631 0.522498
v 1.113520 0.011126 0.442250
v 1.113520 0.008032 0.447917
v 1.113520 0.005487 0.453899
v 1.113520 0.003497 0.460143
v 1.113520 0.002068 0.466587
v 1.113520 0.001208 0.473169
v 1.113520 0.000921 0.479819
v 1.113520 0.001208 0.486469
v 1.113520 0.002068 0.493050
v 1.113520 0.003497 0.499494
v 1.113520 0.005487 0.505738
v 1.113520 0.008032 0.511721
v 1.113520 0.011126 0.517387
v -0.742347 0.014631 0.197230
v -0.742347 0.014631 0.282589
v -0.742347 0.011126 0.202341
v -0.742347 0.008032 0.208007
v -0.742347 0.005487 0.213990
v -0.742347 0.003497 0.220234
v -0.742347 0.002068 0.226678
v -0.742347 0.001208 0.233259
v -0.742347 0.000921 0.239909
v -0.742347 0.001208 0.246559
v -0.742347 0.002068 0.253141
v -0.742347 0.003497 0.259585
v -0.742347 0.005487 0.265829
v -0.742347 0.008032 0.271811
v -0.742347 0.011126 0.277478
v -0.742347 0.014631 0.677048
v -0.742347 0.014631 0.762408
v -0.742347 0.011126 0.682159
v -0.742347 0.008032 0.687826
v -0.742347 0.005487 0.693808
v -0.742347 0.003497 0.700052
v -0.742347 0.002068 0.706497
v -0.742347 0.001208 0.713078
v -0.742347 0.000921 0.719728
v -0.742347 0.001208 0.726378
v -0.742347 0.002068 0.732959
v -0.742347 0.003497 0.739404
v -0.742347 0.005487 0.745648
v -0.742347 0.008032 0.751630
v -0.742347 0.011126 0.757296
v -1.113520 0.014631 0.437139
v -1.113520 0.014631 0.522498
v -1.113520 0.011126 0.442250
v -1.113520 0.008032 0.447917
v -1.113520 0.005487 0.453899
v -1.113520 0.003497 0.460143
v -1.113520 0.002068 0.466587
v -1.113520 0.001208 0.473169
v -1.113520 0.000921 0.479819
v -1.113520 0.001208 0.486469
v -1.113520 0.002068 0.493050
v -1.113520 0.003497 0.499494
v -1.113520 0.005487 0.505738
v -1.113520 0.008032 0.511721
v -1.113520 0.011126 0.517387
v -0.371173 0.014631 0.437139
v -0.371173 0.014631 0.522498
v -0.371173 0.011126 0.442250
v -0.371173 0.008032 0.447917
v -0.371173 0.005487 0.453899
v -0.371173 0.003497 0.460143
v -0.371173 0.002068 0.466587
v -0.371173 0.001208 0.473169
v -0.371173 0.000921 0.479819
v -0.371173 0.001208 0.486469
v -0.371173 0.002068 0.493050
v -0.371173 0.003497 0.499494
v -0.371173 0.005487 0.505738
v -0.371173 0.008032 0.511721
v -0.371173 0.011126 0.517387
v -0.742347 0.014631 -0.762408
v -0.742347 0.014631 -0.677048
v -0.742347 0.011126 -0.757296
v -0.742347 0.008032 -0.751630
v -0.742347 0.005487 -0.745648
v -0.742347 0.003497 -0.739404
v -0.742347 0.002068 -0.732959
v -0.742347 0.001208 -0.726378
v -0.742347 0.000921 -0.719728
v -0.742347 0.001208 -0.713078
v -0.742347 0.002068 -0.706497
v -0.742347 0.003497 -0.700052
v -0.742347 0.005487 -0.693808
v -0.742347 0.008032 -0.687826
v -0.742347 0.011126 -0.682159
v -0.742347 0.014631 -0.282589
v -0.742347 0.014631 -0.197230
v -0.742347 0.011126 -0.277478
v -0.742347 0.008032 -0.271811
v -0.742347 0.005487 -0.265829
v -0.742347 0.003497 -0.259585
v -0.742347 0.002068 -0.253141
v -0.742347 0.001208 -0.246559
v -0.742347 0.000921 -0.239909
v -0.742347 0.001208 -0.233259
v -0.742347 0.002068 -0.226678
v -0.742347 0.003497 -0.220234
v -0.742347 0.005487 -0.213990
v -0.742347 0.008032 -0.208007
v -0.742347 0.011126 -0.202341
v -1.113520 0.014631 -0.522498
v -1.113520 0.014631 -0.437139
v -1.113520 0.011126 -0.517387
v -1.113520 0.008032 -0.511721
v -1.113520 0.005487 -0.505738
v -1.113520 0.003497 -0.499494
v -1.113520 0.002068 -0.493050
v -1.113520 0.001208 -0.486469
v -1.113520 0.000921 -0.479819
v -1.113520 0.001208 -0.473169
v -1.113520 0.002068 -0.466587
v -1.113520 0.003497 -0.460143
v -1.113520 0.005487 -0.453899
v -1.113520 0.008032 -0.447917
v -1.113520 0.011126 -0.442250
v -0.371173 0.014631 -0.522498
v -0.371173 0.014631 -0.437139
v -0.371173 0.011126 -0.517387
v -0.371173 0.008032 -0.511721
v -0.371173 0.005487 -0.505738
v -0.371173 0.003497 -0.499494
v -0.371173 0.002068 -0.493050
v -0.371173 0.001208 -0.486469
v -0.371173 0.000921 -0.479819
v -0.371173 0.001208 -0.473169
v -0.371173 0.002068 -0.466587
v -0.371173 0.003497 -0.460143
v -0.371173 0.005487 -0.453899
v -0.371173 0.008032 -0.447917
v -0.371173 0.011126 -0.442250
v 0.742347 0.014631 -0.762408
v 0.742347 0.014631 -0.677048
v 0.742347 0.011126 -0.757296
v 0.742347 0.008032 -0.751630
v 0.742347 0.005487 -0.745648
v 0.742347 0.003497 -0.739404
v 0.742347 0.002068 -0.732959
v 0.742347 0.001208 -0.726378
v 0.742347 0.000921 -0.719728
v 0.742347 0.001208 -0.713078
v 0.742347 0.002068 -0.706497
v 0.742347 0.003497 -0.700052
v 0.742347 0.005487 -0.693808
v 0.742347 0.008032 -0.687826
v 0.742347 0.011126 -0.682159
v 0.742347 0.014631 -0.282589
v 0.742347 0.014631 -0.197230
v 0.742347 0.011126 -0.277478
v 0.742347 0.008032 -0.271811
v 0.742347 0.005487 -0.265829
v 0.742347 0.003497 -0.259585
v 0.742347 0.002068 -0.253141
v 0.742347 0.001208 -0.246559
v 0.742347 0.000921 -0.239909
v 0.742347 0.001208 -0.233259
v 0.742347 0.002068 -0.226678
v 0.742347 0.003497 -0.220234
v 0.742347 0.005487 -0.213990
v 0.742347 0.008032 -0.208007
v 0.742347 0.011126 -0.202341
v 0.371173 0.014631 -0.522498
v 0.371173 0.014631 -0.437139
v 0.371173 0.011126 -0.517387
v 0.371173 0.008032 -0.511721
v 0.371173 0.005487 -0.505738
v 0.371173 0.003497 -0.499494
v 0.371173 0.002068 -0.493050
v 0.371173 0.001208 -0.486469
v 0.371173 0.000921 -0.479819
v 0.371173 0.001208 -0.473169
v 0.371173 0.002068 -0.466587
v 0.371173 0.003497 -0.460143
v 0.371173 0.005487 -0.453899
v 0.371173 0.008032 -0.447917
v 0.371173 0.011126 -0.442250
v 1.113520 0.014631 -0.522498
v 1.113520 0.014631 -0.437139
v 1.113520 0.011126 -0.517387
v 1.113520 0.008032 -0.511721
v 1.113520 0.005487 -0.505738
v 1.113520 0.003497 -0.499494
v 1.113520 0.002068 -0.493050
v 1.113520 0.001208 -0.486469
v 1.113520 0.000921 -0.479819
v 1.113520 0.001208 -0.473169
v 1.113520 0.002068 -0.466587
v 1.113520 0.003497 -0.460143
v 1.113520 0.005487 -0.453899
v 1.113520 0.008032 -0.447917
v 1.113520 0.011126 -0.442250
v 1.113520 0.014631 -0.282589
v 1.113520 0.014631 -0.197230
v 1.113520 0.011126 -0.277478
v 1.113520 0.008032 -0.271811
v 1.113520 0.005487 -0.265829
v 1.113520 0.003497 -0.259585
v 1.113520 0.002068 -0.253141
v 1.113520 0.001208 -0.246559
v 1.113520 0.000921 -0.239909
v 1.113520 0.001208 -0.233259
v 1.113520 0.002068 -0.226678
v 1.113520 0.003497 -0.220234
v 1.113520 0.005487 -0.213990
v 1.113520 0.008032 -0.208007
v 1.113520 0.011126 -0.202341
v 0.371173 0.014631 -0.282589
v 0.371173 0.014631 -0.197230
v 0.371173 0.011126 -0.277478
v 0.371173 0.008032 -0.271811
v 0.371173 0.005487 -0.265829
v 0.371173 0.003497 -0.259585
v 0.371173 0.002068 -0.253141
v 0.371173 0.001208 -0.246559
v 0.371173 0.000921 -0.239909
v 0.371173 0.001208 -0.233259
v 0.371173 0.002068 -0.226678
v 0.371173 0.003497 -0.220234
v 0.371173 0.005487 -0.213990
v 0.371173 0.008032 -0.208007
v 0.371173 0.011126 -0.202341
v 0.371173 0.014631 -0.762408
v 0.371173 0.014631 -0.677048
v 0.371173 0.011126 -0.757296
v 0.371173 0.008032 -0.751630
v 0.371173 0.005487 -0.745648
v 0.371173 0.003497 -0.739404
v 0.371173 0.002068 -0.732959
v 0.371173 0.001208 -0.726378
v 0.371173 0.000921 -0.719728
v 0.371173 0.001208 -0.713078
v 0.371173 0.002068 -0.706497
v 0.371173 0.003497 -0.700052
v 0.371173 0.005487 -0.693808
v 0.371173 0.008032 -0.687826
v 0.371173 0.011126 -0.682159
v -0.371173 0.014631 -0.282589
v -0.371173 0.014631 -0.197230
v -0.371173 0.011126 -0.277478
v -0.371173 0.008032 -0.271811
v -0.371173 0.005487 -0.265829
v -0.371173 0.003497 -0.259585
v -0.371173 0.002068 -0.253141
v -0.371173 0.001208 -0.246559
v -0.371173 0.000921 -0.239909
v -0.371173 0.001208 -0.233259
v -0.371173 0.002068 -0.226678
v -0.371173 0.003497 -0.220234
v -0.371173 0.005487 -0.213990
v -0.371173 0.008032 -0.208007
v -0.371173 0.011126 -0.202341
v -1.113520 0.014631 -0.282589
v -1.113520 0.014631 -0.197230
v -1.113520 0.011126 -0.277478
v -1.113520 0.008032 -0.271811
v -1.113520 0.005487 -0.265829
v -1.113520 0.003497 -0.259585
v -1.113520 0.002068 -0.253141
v -1.113520 0.001208 -0.246559
v -1.113520 0.000921 -0.239909
v -1.113520 0.001208 -0.233259
v -1.113520 0.002068 -0.226678
v -1.113520 0.003497 -0.220234
v -1.113520 0.005487 -0.213990
v -1.113520 0.008032 -0.208007
v -1.113520 0.011126 -0.202341
v -1.113520 0.014631 -0.762408
v -1.113520 0.014631 -0.677048
v -1.113520 0.011126 -0.757296
v -1.113520 0.008032 -0.751630
v -1.113520 0.005487 -0.745648
v -1.113520 0.003497 -0.739404
v -1.113520 0.002068 -0.732959
v -1.113520 0.001208 -0.726378
v -1.113520 0.000921 -0.719728
v -1.113520 0.001208 -0.713078
v -1.113520 0.002068 -0.706497
v -1.113520 0.003497 -0.700052
v -1.113520 0.005487 -0.693808
v -1.113520 0.008032 -0.687826
v -1.113520 0.011126 -0.682159
v -0.371173 0.014631 0.677048
v -0.371173 0.014631 0.762408
v -0.371173 0.011126 0.682159
v -0.371173 0.008032 0.687826
v -0.371173 0.005487 0.693808
v -0.371173 0.003497 0.700052
v -0.371173 0.002068 0.706497
v -0.371173 0.001208 0.713078
v -0.371173 0.000921 0.719728
v -0.371173 0.001208 0.726378
v -0.371173 0.002068 0.732959
v -0.371173 0.003497 0.739404
v -0.371173 0.005487 0.745648
v -0.371173 0.008032 0.751630
v -0.371173 0.011126 0.757296
v -1.113520 0.014631 0.677048
v -1.113520 0.014631 0.762408
v -1.113520 0.011126 0.682159
v -1.113520 0.008032 0.687826
v -1.113520 0.005487 0.693808
v -1.113520 0.003497 0.700052
v -1.113520 0.002068 0.706497
v -1.113520 0.001208 0.713078
v -1.113520 0.000921 0.719728
v -1.113520 0.001208 0.726378
v -1.113520 0.002068 0.732959
v -1.113520 0.003497 0.739404
v -1.113520 0.005487 0.745648
v -1.113520 0.008032 0.751630
v -1.113520 0.011126 0.757296
v -1.113520 0.014631 0.197230
v -1.113520 0.014631 0.282589
v -1.113520 0.011126 0.202341
v -1.113520 0.008032 0.208007
v -1.113520 0.005487 0.213990
v -1.113520 0.003497 0.220234
v -1.113520 0.002068 0.226678
v -1.113520 0.001208 0.233259
v -1.113520 0.000921 0.239909
v -1.113520 0.001208 0.246559
v -1.113520 0.002068 0.253141
v -1.113520 0.003497 0.259585
v -1.113520 0.005487 0.265829
v -1.113520 0.008032 0.271811
v -1.113520 0.011126 0.277478
v 1.113520 0.014631 0.677048
v 1.113520 0.014631 0.762408
v 1.113520 0.011126 0.682159
v 1.113520 0.008032 0.687826
v 1.113520 0.005487 0.693808
v 1.113520 0.003497 0.700052
v 1.113520 0.002068 0.706497
v 1.113520 0.001208 0.713078
v 1.113520 0.000921 0.719728
v 1.113520 0.001208 0.726378
v 1.113520 0.002068 0.732959
v 1.113520 0.003497 0.739404
v 1.113520 0.005487 0.745648
v 1.113520 0.008032 0.751630
v 1.113520 0.011126 0.757296
v 0.371173 0.014631 0.677048
v 0.371173 0.014631 0.762408
v 0.371173 0.011126 0.682159
v 0.371173 0.008032 0.687826
v 0.371173 0.005487 0.693808
v 0.371173 0.003497 0.700052
v 0.371173 0.002068 0.706497
v 0.371173 0.001208 0.713078
v 0.371173 0.000921 0.719728
v 0.371173 0.001208 0.726378
v 0.371173 0.002068 0.732959
v 0.371173 0.003497 0.739404
v 0.371173 0.005487 0.745648
v 0.371173 0.008032 0.751630
v 0.371173 0.011126 0.757296
v 0.371173 0.014631 0.197230
v 0.371173 0.014631 0.282589
v 0.371173 0.011126 0.202341
v 0.371173 0.008032 0.208007
v 0.371173 0.005487 0.213990
v 0.371173 0.003497 0.220234
v 0.371173 0.002068 0.226678
v 0.371173 0.001208 0.233259
v 0.371173 0.000921 0.239909
v 0.371173 0.001208 0.246559
v 0.371173 0.002068 0.253141
v 0.371173 0.003497 0.259585
v 0.371173 0.005487 0.265829
v 0.371173 0.008032 0.271811
v 0.371173 0.011126 0.277478
v 1.113520 0.014631 0.197230
v 1.113520 0.014631 0.282589
v 1.113520 0.011126 0.202341
v 1.113520 0.008032 0.208007
v 1.113520 0.005487 0.213990
v 1.113520 0.003497 0.220234
v 1.113520 0.002068 0.226678
v 1.113520 0.001208 0.233259
v 1.113520 0.000921 0.239909
v 1.113520 0.001208 0.246559
v 1.113520 0.002068 0.253141
v 1.113520 0.003497 0.259585
v 1.113520 0.005487 0.265829
v 1.113520 0.008032 0.271811
v 1.113520 0.011126 0.277478
v -0.371173 0.014631 0.197230
v -0.371173 0.014631 0.282589
v -0.371173 0.011126 0.202341
v -0.371173 0.008032 0.208007
v -0.371173 0.005487 0.213990
v -0.371173 0.003497 0.220234
v -0.371173 0.002068 0.226678
v -0.371173 0.001208 0.233259
v -0.371173 0.000921 0.239909
v -0.371173 0.001208 0.246559
v -0.371173 0.002068 0.253141
v -0.371173 0.003497 0.259585
v -0.371173 0.005487 0.265829
v -0.371173 0.008032 0.271811
v -0.371173 0.011126 0.277478
v -0.371173 0.014631 -0.762408
v -0.371173 0.014631 -0.677048
v -0.371173 0.011126 -0.757296
v -0.371173 0.008032 -0.751630
v -0.371173 0.005487 -0.745648
v -0.371173 0.003497 -0.739404
v -0.371173 0.002068 -0.732959
v -0.371173 0.001208 -0.726378
v -0.371173 0.000921 -0.719728
v -0.371173 0.001208 -0.713078
v -0.371173 0.002068 -0.706497
v -0.371173 0.003497 -0.700052
v -0.371173 0.005487 -0.693808
v -0.371173 0.008032 -0.687826
v -0.371173 0.011126 -0.682159
v 1.113520 0.014631 -0.762408
v 1.113520 0.014631 -0.677048
v 1.113520 0.011126 -0.757296
v 1.113520 0.008032 -0.751630
v 1.113520 0.005487 -0.745648
v 1.113520 0.003497 -0.739404
v 1.113520 0.002068 -0.732959
v 1.113520 0.001208 -0.726378
v 1.113520 0.000921 -0.719728
v 1.113520 0.001208 -0.713078
v 1.113520 0.002068 -0.706497
v 1.113520 0.003497 -0.700052
v 1.113520 0.005487 -0.693808
v 1.113520 0.008032 -0.687826
v 1.113520 0.011126 -0.682159
v -1.484693 0.046953 0.874932
v -1.484693 0.046953 0.804433
v -1.484693 0.049782 0.870828
v -1.484693 0.052188 0.866415
v -1.484693 0.054241 0.861581
v -1.484693 0.055889 0.856406
v -1.484693 0.057091 0.850975
v -1.484693 0.057823 0.845372
v -1.484693 0.058069 0.839683
v -1.484693 0.057823 0.833993
v -1.484693 0.057091 0.828390
v -1.484693 0.055889 0.822959
v -1.484693 0.054241 0.817785
v -1.484693 0.052188 0.812950
v -1.484693 0.049782 0.808537
v 1.484693 0.046953 -0.874932
v 1.484693 0.046953 -0.804433
v 1.484693 0.049782 -0.870828
v 1.484693 0.052188 -0.866415
v 1.484693 0.054241 -0.861581
v 1.484693 0.055889 -0.856406
v 1.484693 0.057091 -0.850975
v 1.484693 0.057823 -0.845372
v 1.484693 0.058069 -0.839683
v 1.484693 0.057823 -0.833993
v 1.484693 0.057091 -0.828390
v 1.484693 0.055889 -0.822959
v 1.484693 0.054241 -0.817785
v 1.484693 0.052188 -0.812950
v 1.484693 0.049782 -0.808537
v -1.484693 0.046953 -0.084705
v -1.484693 0.046953 -0.155204
v -1.484693 0.049782 -0.088809
v -1.484693 0.052188 -0.093222
v -1.484693 0.054241 -0.098057
v -1.484693 0.055889 -0.103231
v -1.484693 0.057091 -0.108662
v -1.484693 0.057823 -0.114265
v -1.484693 0.058069 -0.119955
v -1.484693 0.057823 -0.125644
v -1.484693 0.057091 -0.131247
v -1.484693 0.055889 -0.136678
v -1.484693 0.054241 -0.141853
v -1.484693 0.052188 -0.146687
v -1.484693 0.049782 -0.151100
v 1.484693 0.046953 0.084705
v 1.484693 0.046953 0.155204
v 1.484693 0.049782 0.088809
v 1.484693 0.052188 0.093222
v 1.484693 0.054241 0.098057
v 1.484693 0.055889 0.103231
v 1.484693 0.057091 0.108662
v 1.484693 0.057823 0.114265
v 1.484693 0.058069 0.119955
v 1.484693 0.057823 0.125644
v 1.484693 0.057091 0.131247
v 1.484693 0.055889 0.136678
v 1.484693 0.054241 0.141853
v 1.484693 0.052188 0.146687
v 1.484693 0.049782 0.151100
v 0.000000 0.046953 -0.874932
v 0.000000 0.046953 -0.804433
v 0.000000 0.049782 -0.870828
v 0.000000 0.052188 -0.866415
v 0.000000 0.054241 -0.861581
v 0.000000 0.055889 -0.856406
v 0.000000 0.057091 -0.850975
v 0.000000 0.057823 -0.845372
v 0.000000 0.058069 -0.839683
v 0.000000 0.057823 -0.833993
v 0.000000 0.057091 -0.828390
v 0.000000 0.055889 -0.822959
v 0.000000 0.054241 -0.817785
v 0.000000 0.052188 -0.812950
v 0.000000 0.049782 -0.808537
v 0.000000 0.046953 0.084705
v 0.000000 0.046953 0.155204
v 0.000000 0.049782 0.088809
v 0.000000 0.052188 0.093222
v 0.000000 0.054241 0.098057
v 0.000000 0.055889 0.103231
v 0.000000 0.057091 0.108662
v 0.000000 0.057823 0.114265
v 0.000000 0.058069 0.119955
v 0.000000 0.057823 0.125644
v 0.000000 0.057091 0.131247
v 0.000000 0.055889 0.136678
v 0.000000 0.054241 0.141853
v 0.000000 0.052188 0.146687
v 0.000000 0.049782 0.151100
v -1.299106 0.014631 0.042680
v -1.299106 0.014631 -0.042680
v -1.299106 0.011126 0.037568
v -1.299106 0.008032 0.031902
v -1.299106 0.005487 0.025920
v -1.299106 0.003497 0.019676
v -1.299106 0.002068 0.013231
v -1.299106 0.001208 0.006650
v -1.299106 0.000921 0.000000
v -1.299106 0.001208 -0.006650
v -1.299106 0.002068 -0.013231
v -1.299106 0.003497 -0.019676
v -1.299106 0.005487 -0.025920
v -1.299106 0.008032 -0.031902
v -1.299106 0.011126 -0.037568
v 0.185587 0.014631 0.042680
v 0.185587 0.014631 -0.042680
v 0.185587 0.011126 0.037568
v 0.185587 0.008032 0.031902
v 0.185587 0.005487 0.025920
v 0.185587 0.003497 0.019676
v 0.185587 0.002068 0.013231
v 0.185587 0.001208 0.006650
v 0.185587 0.000921 0.000000
v 0.185587 0.001208 -0.006650
v 0.185587 0.002068 -0.013231
v 0.185587 0.003497 -0.019676
v 0.185587 0.005487 -0.025920
v 0.185587 0.008032 -0.031902
v 0.185587 0.011126 -0.037568
v -1.484693 0.046953 0.395113
v -1.484693 0.046953 0.324615
v -1.484693 0.049782 0.391009
v -1.484693 0.052188 0.386596
v -1.484693 0.054241 0.381762
v -1.484693 0.055889 0.376588
v -1.484693 0.057091 0.371156
v -1.484693 0.057823 0.365553
v -1.484693 0.058069 0.359864
v -1.484693 0.057823 0.354175
v -1.484693 0.057091 0.348572
v -1.484693 0.055889 0.343140
v -1.484693 0.054241 0.337966
v -1.484693 0.052188 0.333132
v -1.484693 0.049782 0.328719
v 1.484693 0.046953 -0.395113
v 1.484693 0.046953 -0.324615
v 1.484693 0.049782 -0.391009
v 1.484693 0.052188 -0.386596
v 1.484693 0.054241 -0.381762
v 1.484693 0.055889 -0.376588
v 1.484693 0.057091 -0.371156
v 1.484693 0.057823 -0.365553
v 1.484693 0.058069 -0.359864
v 1.484693 0.057823 -0.354175
v 1.484693 0.057091 -0.348572
v 1.484693 0.055889 -0.343140
v 1.484693 0.054241 -0.337966
v 1.484693 0.052188 -0.333132
v 1.484693 0.049782 -0.328719
v -1.484693 0.046953 -0.564524
v -1.484693 0.046953 -0.635023
v -1.484693 0.049782 -0.568628
v -1.484693 0.052188 -0.573041
v -1.484693 0.054241 -0.577875
v -1.484693 0.055889 -0.583050
v -1.484693 0.057091 -0.588481
v -1.484693 0.057823 -0.594084
v -1.484693 0.058069 -0.599773
v -1.484693 0.057823 -0.605463
v -1.484693 0.057091 -0.611066
v -1.484693 0.055889 -0.616497
v -1.484693 0.054241 -0.621671
v -1.484693 0.052188 -0.626506
v -1.484693 0.049782 -0.630919
v 1.484693 0.046953 0.564524
v 1.484693 0.046953 0.635023
v 1.484693 0.049782 0.568628
v 1.484693 0.052188 0.573041
v 1.484693 0.054241 0.577875
v 1.484693 0.055889 0.583050
v 1.484693 0.057091 0.588481
v 1.484693 0.057823 0.594084
v 1.484693 0.058069 0.599773
v 1.484693 0.057823 0.605463
v 1.484693 0.057091 0.611066
v 1.484693 0.055889 0.616497
v 1.484693 0.054241 0.621671
v 1.484693 0.052188 0.626506
v 1.484693 0.049782 0.630919
v 0.000000 0.046953 -0.395113
v 0.000000 0.046953 -0.324615
v 0.000000 0.049782 -0.391009
v 0.000000 0.052188 -0.386596
v 0.000000 0.054241 -0.381762
v 0.000000 0.055889 -0.376588
v 0.000000 0.057091 -0.371156
v 0.000000 0.057823 -0.365553
v 0.000000 0.058069 -0.359864
v 0.000000 0.057823 -0.354175
v 0.000000 0.057091 -0.348572
v 0.000000 0.055889 -0.343140
v 0.000000 0.054241 -0.337966
v 0.000000 0.052188 -0.333132
v 0.000000 0.049782 -0.328719
v 0.000000 0.046953 0.564524
v 0.000000 0.046953 0.635023
v 0.000000 0.049782 0.568628
v 0.000000 0.052188 0.573041
v 0.000000 0.054241 0.577875
v 0.000000 0.055889 0.583050
v 0.000000 0.057091 0.588481
v 0.000000 0.057823 0.594084
v 0.000000 0.058069 0.599773
v 0.000000 0.057823 0.605463
v 0.000000 0.057091 0.611066
v 0.000000 0.055889 0.616497
v 0.000000 0.054241 0.621671
v 0.000000 0.052188 0.626506
v 0.000000 0.049782 0.630919
v -0.556760 0.014631 0.042680
v -0.556760 0.014631 -0.042680
v -0.556760 0.011126 0.037568
v -0.556760 0.008032 0.031902
v -0.556760 0.005487 0.025920
v -0.556760 0.003497 0.019676
v -0.556760 0.002068 0.013231
v -0.556760 0.001208 0.006650
v -0.556760 0.000921 0.000000
v -0.556760 0.001208 -0.006650
v -0.556760 0.002068 -0.013231
v -0.556760 0.003497 -0.019676
v -0.556760 0.005487 -0.025920
v -0.556760 0.008032 -0.031902
v -0.556760 0.011126 -0.037568
v 0.927933 0.014631 0.042680
v 0.927933 0.014631 -0.042680
v 0.927933 0.011126 0.037568
v 0.927933 0.008032 0.031902
v 0.927933 0.005487 0.025920
v 0.927933 0.003497 0.019676
v 0.927933 0.002068 0.013231
v 0.927933 0.001208 0.006650
v 0.927933 0.000921 0.000000
v 0.927933 0.001208 -0.006650
v 0.927933 0.002068 -0.013231
v 0.927933 0.003497 -0.019676
v 0.927933 0.005487 -0.025920
v 0.927933 0.008032 -0.031902
v 0.927933 0.011126 -0.037568
v 0.742347 0.046953 0.084705
v 0.742347 0.046953 0.155204
v 0.742347 0.049782 0.088809
v 0.742347 0.052188 0.093222
v 0.742347 0.054241 0.098057
v 0.742347 0.055889 0.103231
v 0.742347 0.057091 0.108662
v 0.742347 0.057823 0.114265
v 0.742347 0.058069 0.119955
v 0.742347 0.057823 0.125644
v 0.742347 0.057091 0.131247
v 0.742347 0.055889 0.136678
v 0.742347 0.054241 0.141853
v 0.742347 0.052188 0.146687
v 0.742347 0.049782 0.151100
v 0.742347 0.046953 0.564524
v 0.742347 0.046953 0.635023
v 0.742347 0.049782 0.568628
v 0.742347 0.052188 0.573041
v 0.742347 0.054241 0.577875
v 0.742347 0.055889 0.583050
v 0.742347 0.057091 0.588481
v 0.742347 0.057823 0.594084
v 0.742347 0.058069 0.599773
v 0.742347 0.057823 0.605463
v 0.742347 0.057091 0.611066
v 0.742347 0.055889 0.616497
v 0.742347 0.054241 0.621671
v 0.742347 0.052188 0.626506
v 0.742347 0.049782 0.630919
v 0.185587 0.014631 0.522498
v 0.185587 0.014631 0.437139
v 0.185587 0.011126 0.517387
v 0.185587 0.008032 0.511721
v 0.185587 0.005487 0.505738
v 0.185587 0.003497 0.499494
v 0.185587 0.002068 0.493050
v 0.185587 0.001208 0.486469
v 0.185587 0.000921 0.479819
v 0.185587 0.001208 0.473169
v 0.185587 0.002068 0.466587
v 0.185587 0.003497 0.460143
v 0.185587 0.005487 0.453899
v 0.185587 0.008032 0.447917
v 0.185587 0.011126 0.442250
v 0.927933 0.014631 0.522498
v 0.927933 0.014631 0.437139
v 0.927933 0.011126 0.517387
v 0.927933 0.008032 0.511721
v 0.927933 0.005487 0.505738
v 0.927933 0.003497 0.499494
v 0.927933 0.002068 0.493050
v 0.927933 0.001208 0.486469
v 0.927933 0.000921 0.479819
v 0.927933 0.001208 0.473169
v 0.927933 0.002068 0.466587
v 0.927933 0.003497 0.460143
v 0.927933 0.005487 0.453899
v 0.927933 0.008032 0.447917
v 0.927933 0.011126 0.442250
v -0.742347 0.046953 0.084705
v -0.742347 0.046953 0.155204
v -0.742347 0.049782 0.088809
v -0.742347 0.052188 0.093222
v -0.742347 0.054241 0.098057
v -0.742347 0.055889 0.103231
v -0.742347 0.057091 0.108662
v -0.742347 0.057823 0.114265
v -0.742347 0.058069 0.119955
v -0.742347 0.057823 0.125644
v -0.742347 0.057091 0.131247
v -0.742347 0.055889 0.136678
v -0.742347 0.054241 0.141853
v -0.742347 0.052188 0.146687
v -0.742347 0.049782 0.151100
v -0.742347 0.046953 0.564524
v -0.742347 0.046953 0.635023
v -0.742347 0.049782 0.568628
v -0.742347 0.052188 0.573041
v -0.742347 0.054241 0.577875
v -0.742347 0.055889 0.583050
v -0.742347 0.057091 0.588481
v -0.742347 0.057823 0.594084
v -0.742347 0.058069 0.599773
v -0.742347 0.057823 0.605463
v -0.742347 0.057091 0.611066
v -0.742347 0.055889 0.616497
v -0.742347 0.054241 0.621671
v -0.742347 0.052188 0.626506
v -0.742347 0.049782 0.630919
v -1.299106 0.014631 0.522498
v -1.299106 0.014631 0.437139
v -1.299106 0.011126 0.517387
v -1.299106 0.008032 0.511721
v -1.299106 0.005487 0.505738
v -1.299106 0.003497 0.499494
v -1.299106 0.002068 0.493050
v -1.299106 0.001208 0.486469
v -1.299106 0.000921 0.479819
v -1.299106 0.001208 0.473169
v -1.299106 0.002068 0.466587
v -1.299106 0.003497 0.460143
v -1.299106 0.005487 0.453899
v -1.299106 0.008032 0.447917
v -1.299106 0.011126 0.442250
v -0.556760 0.014631 0.522498
v -0.556760 0.014631 0.437139
v -0.556760 0.011126 0.517387
v -0.556760 0.008032 0.511721
v -0.556760 0.005487 0.505738
v -0.556760 0.003497 0.499494
v -0.556760 0.002068 0.493050
v -0.556760 0.001208 0.486469
v -0.556760 0.000921 0.479819
v -0.556760 0.001208 0.473169
v -0.556760 0.002068 0.466587
v -0.556760 0.003497 0.460143
v -0.556760 0.005487 0.453899
v -0.556760 0.008032 0.447917
v -0.556760 0.011126 0.442250
v -0.742347 0.046953 -0.874932
v -0.742347 0.046953 -0.804433
v -0.742347 0.049782 -0.870828
v -0.742347 0.052188 -0.866415
v -0.742347 0.054241 -0.861581
v -0.742347 0.055889 -0.856406
v -0.742347 0.057091 -0.850975
v -0.742347 0.057823 -0.845372
v -0.742347 0.058069 -0.839683
v -0.742347 0.057823 -0.833993
v -0.742347 0.057091 -0.828390
v -0.742347 0.055889 -0.822959
v -0.742347 0.054241 -0.817785
v -0.742347 0.052188 -0.812950
v -0.742347 0.049782 -0.808537
v -0.742347 0.046953 -0.395113
v -0.742347 0.046953 -0.324615
v -0.742347 0.049782 -0.391009
v -0.742347 0.052188 -0.386596
v -0.742347 0.054241 -0.381762
v -0.742347 0.055889 -0.376588
v -0.742347 0.057091 -0.371156
v -0.742347 0.057823 -0.365553
v -0.742347 0.058069 -0.359864
v -0.742347 0.057823 -0.354175
v -0.742347 0.057091 -0.348572
v -0.742347 0.055889 -0.343140
v -0.742347 0.054241 -0.337966
v -0.742347 0.052188 -0.333132
v -0.742347 0.049782 -0.328719
v -1.299106 0.014631 -0.437139
v -1.299106 0.014631 -0.522498
v -1.299106 0.011126 -0.442250
v -1.299106 0.008032 -0.447917
v -1.299106 0.005487 -0.453899
v -1.299106 0.003497 -0.460143
v -1.299106 0.002068 -0.466587
v -1.299106 0.001208 -0.473169
v -1.299106 0.000921 -0.479819
v -1.299106 0.001208 -0.486469
v -1.299106 0.002068 -0.493050
v -1.299106 0.003497 -0.499494
v -1.299106 0.005487 -0.505738
v -1.299106 0.008032 -0.511721
v -1.299106 0.011126 -0.517387
v -0.556760 0.014631 -0.437139
v -0.556760 0.014631 -0.522498
v -0.556760 0.011126 -0.442250
v -0.556760 0.008032 -0.447917
v -0.556760 0.005487 -0.453899
v -0.556760 0.003497 -0.460143
v -0.556760 0.002068 -0.466587
v -0.556760 0.001208 -0.473169
v -0.556760 0.000921 -0.479819
v -0.556760 0.001208 -0.486469
v -0.556760 0.002068 -0.493050
v -0.556760 0.003497 -0.499494
v -0.556760 0.005487 -0.505738
v -0.556760 0.008032 -0.511721
v -0.556760 0.011126 -0.517387
v 0.742347 0.046953 -0.874932
v 0.742347 0.046953 -0.804433
v 0.742347 0.049782 -0.870828
v 0.742347 0.052188 -0.866415
v 0.742347 0.054241 -0.861581
v 0.742347 0.055889 -0.856406
v 0.742347 0.057091 -0.850975
v 0.742347 0.057823 -0.845372
v 0.742347 0.058069 -0.839683
v 0.742347 0.057823 -0.833993
v 0.742347 0.057091 -0.828390
v 0.742347 0.055889 -0.822959
v 0.742347 0.054241 -0.817785
v 0.742347 0.052188 -0.812950
v 0.742347 0.049782 -0.808537
v 0.742347 0.046953 -0.395113
v 0.742347 0.046953 -0.324615
v 0.742347 0.049782 -0.391009
v 0.742347 0.052188 -0.386596
v 0.742347 0.054241 -0.381762
v 0.742347 0.055889 -0.376588
v 0.742347 0.057091 -0.371156
v 0.742347 0.057823 -0.365553
v 0.742347 0.058069 -0.359864
v 0.742347 0.057823 -0.354175
v 0.742347 0.057091 -0.348572
v 0.742347 0.055889 -0.343140
v 0.742347 0.054241 -0.337966
v 0.742347 0.052188 -0.333132
v 0.742347 0.049782 -0.328719
v 0.185587 0.014631 -0.437139
v 0.185587 0.014631 -0.522498
v 0.185587 0.011126 -0.442250
v 0.185587 0.008032 -0.447917
v 0.185587 0.005487 -0.453899
v 0.185587 0.003497 -0.460143
v 0.185587 0.002068 -0.466587
v 0.185587 0.001208 -0.473169
v 0.185587 0.000921 -0.479819
v 0.185587 0.001208 -0.486469
v 0.185587 0.002068 -0.493050
v 0.185587 0.003497 -0.499494
v 0.185587 0.005487 -0.505738
v 0.185587 0.008032 -0.511721
v 0.185587 0.011126 -0.517387
v 0.927933 0.014631 -0.437139
v 0.927933 0.014631 -0.522498
v 0.927933 0.011126 -0.442250
v 0.927933 0.008032 -0.447917
v 0.927933 0.005487 -0.453899
v 0.927933 0.003497 -0.460143
v 0.927933 0.002068 -0.466587
v 0.927933 0.001208 -0.473169
v 0.927933 0.000921 -0.479819
v 0.927933 0.001208 -0.486469
v 0.927933 0.002068 -0.493050
v 0.927933 0.003497 -0.499494
v 0.927933 0.005487 -0.505738
v 0.927933 0.008032 -0.511721
v 0.927933 0.011126 -0.517387
v -1.484693 0.046953 0.635023
v -1.484693 0.046953 0.564524
v -1.484693 0.049782 0.630919
v -1.484693 0.052188 0.626506
v -1.484693 0.054241 0.621671
v -1.484693 0.055889 0.616497
v -1.484693 0.057091 0.611066
v -1.484693 0.057823 0.605463
v -1.484693 0.058069 0.599773
v -1.484693 0.057823 0.594084
v -1.484693 0.057091 0.588481
v -1.484693 0.055889 0.583050
v -1.484693 0.054241 0.577875
v -1.484693 0.052188 0.573041
v -1.484693 0.049782 0.568628
v 1.484693 0.046953 -0.635023
v 1.484693 0.046953 -0.564524
v 1.484693 0.049782 -0.630919
v 1.484693 0.052188 -0.626506
v 1.484693 0.054241 -0.621671
v 1.484693 0.055889 -0.616497
v 1.484693 0.057091 -0.611066
v 1.484693 0.057823 -0.605463
v 1.484693 0.058069 -0.599773
v 1.484693 0.057823 -0.594084
v 1.484693 0.057091 -0.588481
v 1.484693 0.055889 -0.583050
v 1.484693 0.054241 -0.577875
v 1.484693 0.052188 -0.573041
v 1.484693 0.049782 -0.568628
v -1.484693 0.046953 -0.324615
v -1.484693 0.046953 -0.395113
v -1.484693 0.049782 -0.328719
v -1.484693 0.052188 -0.333132
v -1.484693 0.054241 -0.337966
v -1.484693 0.055889 -0.343140
v -1.484693 0.057091 -0.348572
v -1.484693 0.057823 -0.354175
v -1.484693 0.058069 -0.359864
v -1.484693 0.057823 -0.365553
v -1.484693 0.057091 -0.371156
v -1.484693 0.055889 -0.376588
v -1.484693 0.054241 -0.381762
v -1.484693 0.052188 -0.386596
v -1.484693 0.049782 -0.391009
v 1.484693 0.046953 0.324615
v 1.484693 0.046953 0.395113
v 1.484693 0.049782 0.328719
v 1.484693 0.052188 0.333132
v 1.484693 0.054241 0.337966
v 1.484693 0.055889 0.343140
v 1.484693 0.057091 0.348572
v 1.484693 0.057823 0.354175
v 1.484693 0.058069 0.359864
v 1.484693 0.057823 0.365553
v 1.484693 0.057091 0.371156
v 1.484693 0.055889 0.376588
v 1.484693 0.054241 0.381762
v 1.484693 0.052188 0.386596
v 1.484693 0.049782 0.391009
v 0.000000 0.046953 -0.564524
v 0.000000 0.046953 -0.635023
v 0.000000 0.049782 -0.568628
v 0.000000 0.052188 -0.573041
v 0.000000 0.054241 -0.577875
v 0.000000 0.055889 -0.583050
v 0.000000 0.057091 -0.588481
v 0.000000 0.057823 -0.594084
v 0.000000 0.058069 -0.599773
v 0.000000 0.057823 -0.605463
v 0.000000 0.057091 -0.611066
v 0.000000 0.055889 -0.616497
v 0.000000 0.054241 -0.621671
v 0.000000 0.052188 -0.626506
v 0.000000 0.049782 -0.630919
v 0.000000 0.046953 0.395113
v 0.000000 0.046953 0.324615
v 0.000000 0.049782 0.391009
v 0.000000 0.052188 0.386596
v 0.000000 0.054241 0.381762
v 0.000000 0.055889 0.376588
v 0.000000 0.057091 0.371156
v 0.000000 0.057823 0.365553
v 0.000000 0.058069 0.359864
v 0.000000 0.057823 0.354175
v 0.000000 0.057091 0.348572
v 0.000000 0.055889 0.343140
v 0.000000 0.054241 0.337966
v 0.000000 0.052188 0.333132
v 0.000000 0.049782 0.328719
v -0.927933 0.014631 0.042680
v -0.927933 0.014631 -0.042680
v -0.927933 0.011126 0.037568
v -0.927933 0.008032 0.031902
v -0.927933 0.005487 0.025920
v -0.927933 0.003497 0.019676
v -0.927933 0.002068 0.013231
v -0.927933 0.001208 0.006650
v -0.927933 0.000921 0.000000
v -0.927933 0.001208 -0.006650
v -0.927933 0.002068 -0.013231
v -0.927933 0.003497 -0.019676
v -0.927933 0.005487 -0.025920
v -0.927933 0.008032 -0.031902
v -0.927933 0.011126 -0.037568
v 0.556760 0.014631 0.042680
v 0.556760 0.014631 -0.042680
v 0.556760 0.011126 0.037568
v 0.556760 0.008032 0.031902
v 0.556760 0.005487 0.025920
v 0.556760 0.003497 0.019676
v 0.556760 0.002068 0.013231
v 0.556760 0.001208 0.006650
v 0.556760 0.000921 0.000000
v 0.556760 0.001208 -0.006650
v 0.556760 0.002068 -0.013231
v 0.556760 0.003497 -0.019676
v 0.556760 0.005487 -0.025920
v 0.556760 0.008032 -0.031902
v 0.556760 0.011126 -0.037568
v -1.484693 0.046953 0.155204
v -1.484693 0.046953 0.084705
v -1.484693 0.049782 0.151100
v -1.484693 0.052188 0.146687
v -1.484693 0.054241 0.141853
v -1.484693 0.055889 0.136678
v -1.484693 0.057091 0.131247
v -1.484693 0.057823 0.125644
v -1.484693 0.058069 0.119955
v -1.484693 0.057823 0.114265
v -1.484693 0.057091 0.108662
v -1.484693 0.055889 0.103231
v -1.484693 0.054241 0.098057
v -1.484693 0.052188 0.093222
v -1.484693 0.049782 0.088809
v 1.484693 0.046953 -0.155204
v 1.484693 0.046953 -0.084705
v 1.484693 0.049782 -0.151100
v 1.484693 0.052188 -0.146687
v 1.484693 0.054241 -0.141853
v 1.484693 0.055889 -0.136678
v 1.484693 0.057091 -0.131247
v 1.484693 0.057823 -0.125644
v 1.484693 0.058069 -0.119955
v 1.484693 0.057823 -0.114265
v 1.484693 0.057091 -0.108662
v 1.484693 0.055889 -0.103231
v 1.484693 0.054241 -0.098057
v 1.484693 0.052188 -0.093222
v 1.484693 0.049782 -0.088809
v -1.484693 0.046953 -0.804433
v -1.484693 0.046953 -0.874932
v -1.484693 0.049782 -0.808537
v -1.484693 0.052188 -0.812950
v -1.484693 0.054241 -0.817785
v -1.484693 0.055889 -0.822959
v -1.484693 0.057091 -0.828390
v -1.484693 0.057823 -0.833993
v -1.484693 0.058069 -0.839683
v -1.484693 0.057823 -0.845372
v -1.484693 0.057091 -0.850975
v -1.484693 0.055889 -0.856406
v -1.484693 0.054241 -0.861581
v -1.484693 0.052188 -0.866415
v -1.484693 0.049782 -0.870828
v 1.484693 0.046953 0.804433
v 1.484693 0.046953 0.874932
v 1.484693 0.049782 0.808537
v 1.484693 0.052188 0.812950
v 1.484693 0.054241 0.817785
v 1.484693 0.055889 0.822959
v 1.484693 0.057091 0.828390
v 1.484693 0.057823 0.833993
v 1.484693 0.058069 0.839683
v 1.484693 0.057823 0.845372
v 1.484693 0.057091 0.850975
v 1.484693 0.055889 0.856406
v 1.484693 0.054241 0.861581
v 1.484693 0.052188 0.866415
v 1.484693 0.049782 0.870828
v 0.000000 0.046953 -0.084705
v 0.000000 0.046953 -0.155204
v 0.000000 0.049782 -0.088809
v 0.000000 0.052188 -0.093222
v 0.000000 0.054241 -0.098057
v 0.000000 0.055889 -0.103231
v 0.000000 0.057091 -0.108662
v 0.000000 0.057823 -0.114265
v 0.000000 0.058069 -0.119955
v 0.000000 0.057823 -0.125644
v 0.000000 0.057091 -0.131247
v 0.000000 0.055889 -0.136678
v 0.000000 0.054241 -0.141853
v 0.000000 0.052188 -0.146687
v 0.000000 0.049782 -0.151100
v 0.000000 0.046953 0.804433
v 0.000000 0.046953 0.874932
v 0.000000 0.049782 0.808537
v 0.000000 0.052188 0.812950
v 0.000000 0.054241 0.817785
v 0.000000 0.055889 0.822959
v 0.000000 0.057091 0.828390
v 0.000000 0.057823 0.833993
v 0.000000 0.058069 0.839683
v 0.000000 0.057823 0.845372
v 0.000000 0.057091 0.850975
v 0.000000 0.055889 0.856406
v 0.000000 0.054241 0.861581
v 0.000000 0.052188 0.866415
v 0.000000 0.049782 0.870828
v -0.185587 0.014631 0.042680
v -0.185587 0.014631 -0.042680
v -0.185587 0.011126 0.037568
v -0.185587 0.008032 0.031902
v -0.185587 0.005487 0.025920
v -0.185587 0.003497 0.019676
v -0.185587 0.002068 0.013231
v -0.185587 0.001208 0.006650
v -0.185587 0.000921 0.000000
v -0.185587 0.001208 -0.006650
v -0.185587 0.002068 -0.013231
v -0.185587 0.003497 -0.019676
v -0.185587 0.005487 -0.025920
v -0.185587 0.008032 -0.031902
v -0.185587 0.011126 -0.037568
v 1.299106 0.014631 0.042680
v 1.299106 0.014631 -0.042680
v 1.299106 0.011126 0.037568
v 1.299106 0.008032 0.031902
v 1.299106 0.005487 0.025920
v 1.299106 0.003497 0.019676
v 1.299106 0.002068 0.013231
v 1.299106 0.001208 0.006650
v 1.299106 0.000921 0.000000
v 1.299106 0.001208 -0.006650
v 1.299106 0.002068 -0.013231
v 1.299106 0.003497 -0.019676
v 1.299106 0.005487 -0.025920
v 1.299106 0.008032 -0.031902
v 1.299106 0.011126 -0.037568
v 0.742347 0.046953 0.324615
v 0.742347 0.046953 0.395113
v 0.742347 0.049782 0.328719
v 0.742347 0.052188 0.333132
v 0.742347 0.054241 0.337966
v 0.742347 0.055889 0.343140
v 0.742347 0.057091 0.348572
v 0.742347 0.057823 0.354175
v 0.742347 0.058069 0.359864
v 0.742347 0.057823 0.365553
v 0.742347 0.057091 0.371156
v 0.742347 0.055889 0.376588
v 0.742347 0.054241 0.381762
v 0.742347 0.052188 0.386596
v 0.742347 0.049782 0.391009
v 0.742347 0.046953 0.874932
v 0.742347 0.046953 0.804433
v 0.742347 0.049782 0.870828
v 0.742347 0.052188 0.866415
v 0.742347 0.054241 0.861581
v 0.742347 0.055889 0.856406
v 0.742347 0.057091 0.850975
v 0.742347 0.057823 0.845372
v 0.742347 0.058069 0.839683
v 0.742347 0.057823 0.833993
v 0.742347 0.057091 0.828390
v 0.742347 0.055889 0.822959
v 0.742347 0.054241 0.817785
v 0.742347 0.052188 0.812950
v 0.742347 0.049782 0.808537
v 0.556760 0.014631 0.522498
v 0.556760 0.014631 0.437139
v 0.556760 0.011126 0.517387
v 0.556760 0.008032 0.511721
v 0.556760 0.005487 0.505738
v 0.556760 0.003497 0.499494
v 0.556760 0.002068 0.493050
v 0.556760 0.001208 0.486469
v 0.556760 0.000921 0.479819
v 0.556760 0.001208 0.473169
v 0.556760 0.002068 0.466587
v 0.556760 0.003497 0.460143
v 0.556760 0.005487 0.453899
v 0.556760 0.008032 0.447917
v 0.556760 0.011126 0.442250
v 1.299106 0.014631 0.522498
v 1.299106 0.014631 0.437139
v 1.299106 0.011126 0.517387
v 1.299106 0.008032 0.511721
v 1.299106 0.005487 0.505738
v 1.299106 0.003497 0.499494
v 1.299106 0.002068 0.493050
v 1.299106 0.001208 0.486469
v 1.299106 0.000921 0.479819
v 1.299106 0.001208 0.473169
v 1.299106 0.002068 0.466587
v 1.299106 0.003497 0.460143
v 1.299106 0.005487 0.453899
v 1.299106 0.008032 0.447917
v 1.299106 0.011126 0.442250
v -0.742347 0.046953 0.324615
v -0.742347 0.046953 0.395113
v -0.742347 0.049782 0.328719
v -0.742347 0.052188 0.333132
v -0.742347 0.054241 0.337966
v -0.742347 0.055889 0.343140
v -0.742347 0.057091 0.348572
v -0.742347 0.057823 0.354175
v -0.742347 0.058069 0.359864
v -0.742347 0.057823 0.365553
v -0.742347 0.057091 0.371156
v -0.742347 0.055889 0.376588
v -0.742347 0.054241 0.381762
v -0.742347 0.052188 0.386596
v -0.742347 0.049782 0.391009
v -0.742347 0.046953 0.874932
v -0.742347 0.046953 0.804433
v -0.742347 0.049782 0.870828
v -0.742347 0.052188 0.866415
v -0.742347 0.054241 0.861581
v -0.742347 0.055889 0.856406
v -0.742347 0.057091 0.850975
v -0.742347 0.057823 0.845372
v -0.742347 0.058069 0.839683
v -0.742347 0.057823 0.833993
v -0.742347 0.057091 0.828390
v -0.742347 0.055889 0.822959
v -0.742347 0.054241 0.817785
v -0.742347 0.052188 0.812950
v -0.742347 0.049782 0.808537
v -0.927933 0.014631 0.522498
v -0.927933 0.014631 0.437139
v -0.927933 0.011126 0.517387
v -0.927933 0.008032 0.511721
v -0.927933 0.005487 0.505738
v -0.927933 0.003497 0.499494
v -0.927933 0.002068 0.493050
v -0.927933 0.001208 0.486469
v -0.927933 0.000921 0.479819
v -0.927933 0.001208 0.473169
v -0.927933 0.002068 0.466587
v -0.927933 0.003497 0.460143
v -0.927933 0.005487 0.453899
v -0.927933 0.008032 0.447917
v -0.927933 0.011126 0.442250
v -0.185587 0.014631 0.522498
v -0.185587 0.014631 0.437139
v -0.185587 0.011126 0.517387
v -0.185587 0.008032 0.511721
v -0.185587 0.005487 0.505738
v -0.185587 0.003497 0.499494
v -0.185587 0.002068 0.493050
v -0.185587 0.001208 0.486469
v -0.185587 0.000921 0.479819
v -0.185587 0.001208 0.473169
v -0.185587 0.002068 0.466587
v -0.185587 0.003497 0.460143
v -0.185587 0.005487 0.453899
v -0.185587 0.008032 0.447917
v -0.185587 0.011126 0.442250
v -0.742347 0.046953 -0.635023
v -0.742347 0.046953 -0.564524
v -0.742347 0.049782 -0.630919
v -0.742347 0.052188 -0.626506
v -0.742347 0.054241 -0.621671
v -0.742347 0.055889 -0.616497
v -0.742347 0.057091 -0.611066
v -0.742347 0.057823 -0.605463
v -0.742347 0.058069 -0.599773
v -0.742347 0.057823 -0.594084
v -0.742347 0.057091 -0.588481
v -0.742347 0.055889 -0.583050
v -0.742347 0.054241 -0.577875
v -0.742347 0.052188 -0.573041
v -0.742347 0.049782 -0.568628
v -0.742347 0.046953 -0.084705
v -0.742347 0.046953 -0.155204
v -0.742347 0.049782 -0.088809
v -0.742347 0.052188 -0.093222
v -0.742347 0.054241 -0.098057
v -0.742347 0.055889 -0.103231
v -0.742347 0.057091 -0.108662
v -0.742347 0.057823 -0.114265
v -0.742347 0.058069 -0.119955
v -0.742347 0.057823 -0.125644
v -0.742347 0.057091 -0.131247
v -0.742347 0.055889 -0.136678
v -0.742347 0.054241 -0.141853
v -0.742347 0.052188 -0.146687
v -0.742347 0.049782 -0.151100
v -0.927933 0.014631 -0.437139
v -0.927933 0.014631 -0.522498
v -0.927933 0.011126 -0.442250
v -0.927933 0.008032 -0.447917
v -0.927933 0.005487 -0.453899
v -0.927933 0.003497 -0.460143
v -0.927933 0.002068 -0.466587
v -0.927933 0.001208 -0.473169
v -0.927933 0.000921 -0.479819
v -0.927933 0.001208 -0.486469
v -0.927933 0.002068 -0.493050
v -0.927933 0.003497 -0.499494
v -0.927933 0.005487 -0.505738
v -0.927933 0.008032 -0.511721
v -0.927933 0.011126 -0.517387
v -0.185587 0.014631 -0.437139
v -0.185587 0.014631 -0.522498
v -0.185587 0.011126 -0.442250
v -0.185587 0.008032 -0.447917
v -0.185587 0.005487 -0.453899
v -0.185587 0.003497 -0.460143
v -0.185587 0.002068 -0.466587
v -0.185587 0.001208 -0.473169
v -0.185587 0.000921 -0.479819
v -0.185587 0.001208 -0.486469
v -0.185587 0.002068 -0.493050
v -0.185587 0.003497 -0.499494
v -0.185587 0.005487 -0.505738
v -0.185587 0.008032 -0.511721
v -0.185587 0.011126 -0.517387
v 0.742347 0.046953 -0.635023
v 0.742347 0.046953 -0.564524
v 0.742347 0.049782 -0.630919
v 0.742347 0.052188 -0.626506
v 0.742347 0.054241 -0.621671
v 0.742347 0.055889 -0.616497
v 0.742347 0.057091 -0.611066
v 0.742347 0.057823 -0.605463
v 0.742347 0.058069 -0.599773
v 0.742347 0.057823 -0.594084
v 0.742347 0.057091 -0.588481
v 0.742347 0.055889 -0.583050
v 0.742347 0.054241 -0.577875
v 0.742347 0.052188 -0.573041
v 0.742347 0.049782 -0.568628
v 0.742347 0.046953 -0.084705
v 0.742347 0.046953 -0.155204
v 0.742347 0.049782 -0.088809
v 0.742347 0.052188 -0.093222
v 0.742347 0.054241 -0.098057
v 0.742347 0.055889 -0.103231
v 0.742347 0.057091 -0.108662
v 0.742347 0.057823 -0.114265
v 0.742347 0.058069 -0.119955
v 0.742347 0.057823 -0.125644
v 0.742347 0.057091 -0.131247
v 0.742347 0.055889 -0.136678
v 0.742347 0.054241 -0.141853
v 0.742347 0.052188 -0.146687
v 0.742347 0.049782 -0.151100
v 0.556760 0.014631 -0.437139
v 0.556760 0.014631 -0.522498
v 0.556760 0.011126 -0.442250
v 0.556760 0.008032 -0.447917
v 0.556760 0.005487 -0.453899
v 0.556760 0.003497 -0.460143
v 0.556760 0.002068 -0.466587
v 0.556760 0.001208 -0.473169
v 0.556760 0.000921 -0.479819
v 0.556760 0.001208 -0.486469
v 0.556760 0.002068 -0.493050
v 0.556760 0.003497 -0.499494
v 0.556760 0.005487 -0.505738
v 0.556760 0.008032 -0.511721
v 0.556760 0.011126 -0.517387
v 1.299106 0.014631 -0.437139
v 1.299106 0.014631 -0.522498
v 1.299106 0.011126 -0.442250
v 1.299106 0.008032 -0.447917
v 1.299106 0.005487 -0.453899
v 1.299106 0.003497 -0.460143
v 1.299106 0.002068 -0.466587
v 1.299106 0.001208 -0.473169
v 1.299106 0.000921 -0.479819
v 1.299106 0.001208 -0.486469
v 1.299106 0.002068 -0.493050
v 1.299106 0.003497 -0.499494
v 1.299106 0.005487 -0.505738
v 1.299106 0.008032 -0.511721
v 1.299106 0.011126 -0.517387
v 1.113520 0.046953 -0.324615
v 1.113520 0.046953 -0.395113
v 1.113520 0.049782 -0.328719
v 1.113520 0.052188 -0.333132
v 1.113520 0.054241 -0.337966
v 1.113520 0.055889 -0.343140
v 1.113520 0.057091 -0.348572
v 1.113520 0.057823 -0.354175
v 1.113520 0.058069 -0.359864
v 1.113520 0.057823 -0.365553
v 1.113520 0.057091 -0.371156
v 1.113520 0.055889 -0.376588
v 1.113520 0.054241 -0.381762
v 1.113520 0.052188 -0.386596
v 1.113520 0.049782 -0.391009
v 1.113520 0.046953 -0.155204
v 1.113520 0.046953 -0.084705
v 1.113520 0.049782 -0.151100
v 1.113520 0.052188 -0.146687
v 1.113520 0.054241 -0.141853
v 1.113520 0.055889 -0.136678
v 1.113520 0.057091 -0.131247
v 1.113520 0.057823 -0.125644
v 1.113520 0.058069 -0.119955
v 1.113520 0.057823 -0.114265
v 1.113520 0.057091 -0.108662
v 1.113520 0.055889 -0.103231
v 1.113520 0.054241 -0.098057
v 1.113520 0.052188 -0.093222
v 1.113520 0.049782 -0.088809
v 0.927933 0.014631 -0.197230
v 0.927933 0.014631 -0.282589
v 0.927933 0.011126 -0.202341
v 0.927933 0.008032 -0.208007
v 0.927933 0.005487 -0.213990
v 0.927933 0.003497 -0.220234
v 0.927933 0.002068 -0.226678
v 0.927933 0.001208 -0.233259
v 0.927933 0.000921 -0.239909
v 0.927933 0.001208 -0.246559
v 0.927933 0.002068 -0.253141
v 0.927933 0.003497 -0.259585
v 0.927933 0.005487 -0.265829
v 0.927933 0.008032 -0.271811
v 0.927933 0.011126 -0.277478
v 1.299106 0.014631 -0.197230
v 1.299106 0.014631 -0.282589
v 1.299106 0.011126 -0.202341
v 1.299106 0.008032 -0.208007
v 1.299106 0.005487 -0.213990
v 1.299106 0.003497 -0.220234
v 1.299106 0.002068 -0.226678
v 1.299106 0.001208 -0.233259
v 1.299106 0.000921 -0.239909
v 1.299106 0.001208 -0.246559
v 1.299106 0.002068 -0.253141
v 1.299106 0.003497 -0.259585
v 1.299106 0.005487 -0.265829
v 1.299106 0.008032 -0.271811
v 1.299106 0.011126 -0.277478
v 0.371173 0.046953 -0.324615
v 0.371173 0.046953 -0.395113
v 0.371173 0.049782 -0.328719
v 0.371173 0.052188 -0.333132
v 0.371173 0.054241 -0.337966
v 0.371173 0.055889 -0.343140
v 0.371173 0.057091 -0.348572
v 0.371173 0.057823 -0.354175
v 0.371173 0.058069 -0.359864
v 0.371173 0.057823 -0.365553
v 0.371173 0.057091 -0.371156
v 0.371173 0.055889 -0.376588
v 0.371173 0.054241 -0.381762
v 0.371173 0.052188 -0.386596
v 0.371173 0.049782 -0.391009
v 0.371173 0.046953 -0.155204
v 0.371173 0.046953 -0.084705
v 0.371173 0.049782 -0.151100
v 0.371173 0.052188 -0.146687
v 0.371173 0.054241 -0.141853
v 0.371173 0.055889 -0.136678
v 0.371173 0.057091 -0.131247
v 0.371173 0.057823 -0.125644
v 0.371173 0.058069 -0.119955
v 0.371173 0.057823 -0.114265
v 0.371173 0.057091 -0.108662
v 0.371173 0.055889 -0.103231
v 0.371173 0.054241 -0.098057
v 0.371173 0.052188 -0.093222
v 0.371173 0.049782 -0.088809
v 0.185587 0.014631 -0.197230
v 0.185587 0.014631 -0.282589
v 0.185587 0.011126 -0.202341
v 0.185587 0.008032 -0.208007
v 0.185587 0.005487 -0.213990
v 0.185587 0.003497 -0.220234
v 0.185587 0.002068 -0.226678
v 0.185587 0.001208 -0.233259
v 0.185587 0.000921 -0.239909
v 0.185587 0.001208 -0.246559
v 0.185587 0.002068 -0.253141
v 0.185587 0.003497 -0.259585
v 0.185587 0.005487 -0.265829
v 0.185587 0.008032 -0.271811
v 0.185587 0.011126 -0.277478
v 0.556760 0.014631 -0.197230
v 0.556760 0.014631 -0.282589
v 0.556760 0.011126 -0.202341
v 0.556760 0.008032 -0.208007
v 0.556760 0.005487 -0.213990
v 0.556760 0.003497 -0.220234
v 0.556760 0.002068 -0.226678
v 0.556760 0.001208 -0.233259
v 0.556760 0.000921 -0.239909
v 0.556760 0.001208 -0.246559
v 0.556760 0.002068 -0.253141
v 0.556760 0.003497 -0.259585
v 0.556760 0.005487 -0.265829
v 0.556760 0.008032 -0.271811
v 0.556760 0.011126 -0.277478
v 0.371173 0.046953 -0.804433
v 0.371173 0.046953 -0.874932
v 0.371173 0.049782 -0.808537
v 0.371173 0.052188 -0.812950
v 0.371173 0.054241 -0.817785
v 0.371173 0.055889 -0.822959
v 0.371173 0.057091 -0.828390
v 0.371173 0.057823 -0.833993
v 0.371173 0.058069 -0.839683
v 0.371173 0.057823 -0.845372
v 0.371173 0.057091 -0.850975
v 0.371173 0.055889 -0.856406
v 0.371173 0.054241 -0.861581
v 0.371173 0.052188 -0.866415
v 0.371173 0.049782 -0.870828
v 0.371173 0.046953 -0.635023
v 0.371173 0.046953 -0.564524
v 0.371173 0.049782 -0.630919
v 0.371173 0.052188 -0.626506
v 0.371173 0.054241 -0.621671
v 0.371173 0.055889 -0.616497
v 0.371173 0.057091 -0.611066
v 0.371173 0.057823 -0.605463
v 0.371173 0.058069 -0.599773
v 0.371173 0.057823 -0.594084
v 0.371173 0.057091 -0.588481
v 0.371173 0.055889 -0.583050
v 0.371173 0.054241 -0.577875
v 0.371173 0.052188 -0.573041
v 0.371173 0.049782 -0.568628
v 0.185587 0.014631 -0.677048
v 0.185587 0.014631 -0.762408
v 0.185587 0.011126 -0.682159
v 0.185587 0.008032 -0.687826
v 0.185587 0.005487 -0.693808
v 0.185587 0.003497 -0.700052
v 0.185587 0.002068 -0.706497
v 0.185587 0.001208 -0.713078
v 0.185587 0.000921 -0.719728
v 0.185587 0.001208 -0.726378
v 0.185587 0.002068 -0.732959
v 0.185587 0.003497 -0.739404
v 0.185587 0.005487 -0.745648
v 0.185587 0.008032 -0.751630
v 0.185587 0.011126 -0.757296
v 0.556760 0.014631 -0.677048
v 0.556760 0.014631 -0.762408
v 0.556760 0.011126 -0.682159
v 0.556760 0.008032 -0.687826
v 0.556760 0.005487 -0.693808
v 0.556760 0.003497 -0.700052
v 0.556760 0.002068 -0.706497
v 0.556760 0.001208 -0.713078
v 0.556760 0.000921 -0.719728
v 0.556760 0.001208 -0.726378
v 0.556760 0.002068 -0.732959
v 0.556760 0.003497 -0.739404
v 0.556760 0.005487 -0.745648
v 0.556760 0.008032 -0.751630
v 0.556760 0.011126 -0.757296
v -0.371173 0.046953 -0.324615
v -0.371173 0.046953 -0.395113
v -0.371173 0.049782 -0.328719
v -0.371173 0.052188 -0.333132
v -0.371173 0.054241 -0.337966
v -0.371173 0.055889 -0.343140
v -0.371173 0.057091 -0.348572
v -0.371173 0.057823 -0.354175
v -0.371173 0.058069 -0.359864
v -0.371173 0.057823 -0.365553
v -0.371173 0.057091 -0.371156
v -0.371173 0.055889 -0.376588
v -0.371173 0.054241 -0.381762
v -0.371173 0.052188 -0.386596
v -0.371173 0.049782 -0.391009
v -0.371173 0.046953 -0.155204
v -0.371173 0.046953 -0.084705
v -0.371173 0.049782 -0.151100
v -0.371173 0.052188 -0.146687
v -0.371173 0.054241 -0.141853
v -0.371173 0.055889 -0.136678
v -0.371173 0.057091 -0.131247
v -0.371173 0.057823 -0.125644
v -0.371173 0.058069 -0.119955
v -0.371173 0.057823 -0.114265
v -0.371173 0.057091 -0.108662
v -0.371173 0.055889 -0.103231
v -0.371173 0.054241 -0.098057
v -0.371173 0.052188 -0.093222
v -0.371173 0.049782 -0.088809
v -0.556760 0.014631 -0.197230
v -0.556760 0.014631 -0.282589
v -0.556760 0.011126 -0.202341
v -0.556760 0.008032 -0.208007
v -0.556760 0.005487 -0.213990
v -0.556760 0.003497 -0.220234
v -0.556760 0.002068 -0.226678
v -0.556760 0.001208 -0.233259
v -0.556760 0.000921 -0.239909
v -0.556760 0.001208 -0.246559
v -0.556760 0.002068 -0.253141
v -0.556760 0.003497 -0.259585
v -0.556760 0.005487 -0.265829
v -0.556760 0.008032 -0.271811
v -0.556760 0.011126 -0.277478
v -0.185587 0.014631 -0.197230
v -0.185587 0.014631 -0.282589
v -0.185587 0.011126 -0.202341
v -0.185587 0.008032 -0.208007
v -0.185587 0.005487 -0.213990
v -0.185587 0.003497 -0.220234
v -0.185587 0.002068 -0.226678
v -0.185587 0.001208 -0.233259
v -0.185587 0.000921 -0.239909
v -0.185587 0.001208 -0.246559
v -0.185587 0.002068 -0.253141
v -0.185587 0.003497 -0.259585
v -0.185587 0.005487 -0.265829
v -0.185587 0.008032 -0.271811
v -0.185587 0.011126 -0.277478
v -1.113520 0.046953 -0.324615
v -1.113520 0.046953 -0.395113
v -1.113520 0.049782 -0.328719
v -1.113520 0.052188 -0.333132
v -1.113520 0.054241 -0.337966
v -1.113520 0.055889 -0.343140
v -1.113520 0.057091 -0.348572
v -1.113520 0.057823 -0.354175
v -1.113520 0.058069 -0.359864
v -1.113520 0.057823 -0.365553
v -1.113520 0.057091 -0.371156
v -1.113520 0.055889 -0.376588
v -1.113520 0.054241 -0.381762
v -1.113520 0.052188 -0.386596
v -1.113520 0.049782 -0.391009
v -1.113520 0.046953 -0.155204
v -1.113520 0.046953 -0.084705
v -1.113520 0.049782 -0.151100
v -1.113520 0.052188 -0.146687
v -1.113520 0.054241 -0.141853
v -1.113520 0.055889 -0.136678
v -1.113520 0.057091 -0.131247
v -1.113520 0.057823 -0.125644
v -1.113520 0.058069 -0.119955
v -1.113520 0.057823 -0.114265
v -1.113520 0.057091 -0.108662
v -1.113520 0.055889 -0.103231
v -1.113520 0.054241 -0.098057
v -1.113520 0.052188 -0.093222
v -1.113520 0.049782 -0.088809
v -1.299106 0.014631 -0.197230
v -1.299106 0.014631 -0.282589
v -1.299106 0.011126 -0.202341
v -1.299106 0.008032 -0.208007
v -1.299106 0.005487 -0.213990
v -1.299106 0.003497 -0.220234
v -1.299106 0.002068 -0.226678
v -1.299106 0.001208 -0.233259
v -1.299106 0.000921 -0.239909
v -1.299106 0.001208 -0.246559
v -1.299106 0.002068 -0.253141
v -1.299106 0.003497 -0.259585
v -1.299106 0.005487 -0.265829
v -1.299106 0.008032 -0.271811
v -1.299106 0.011126 -0.277478
v -0.927933 0.014631 -0.197230
v -0.927933 0.014631 -0.282589
v -0.927933 0.011126 -0.202341
v -0.927933 0.008032 -0.208007
v -0.927933 0.005487 -0.213990
v -0.927933 0.003497 -0.220234
v -0.927933 0.002068 -0.226678
v -0.927933 0.001208 -0.233259
v -0.927933 0.000921 -0.239909
v -0.927933 0.001208 -0.246559
v -0.927933 0.002068 -0.253141
v -0.927933 0.003497 -0.259585
v -0.927933 0.005487 -0.265829
v -0.927933 0.008032 -0.271811
v -0.927933 0.011126 -0.277478
v -1.113520 0.046953 -0.804433
v -1.113520 0.046953 -0.874932
v -1.113520 0.049782 -0.808537
v -1.113520 0.052188 -0.812950
v -1.113520 0.054241 -0.817785
v -1.113520 0.055889 -0.822959
v -1.113520 0.057091 -0.828390
v -1.113520 0.057823 -0.833993
v -1.113520 0.058069 -0.839683
v -1.113520 0.057823 -0.845372
v -1.113520 0.057091 -0.850975
v -1.113520 0.055889 -0.856406
v -1.113520 0.054241 -0.861581
v -1.113520 0.052188 -0.866415
v -1.113520 0.049782 -0.870828
v -1.113520 0.046953 -0.635023
v -1.113520 0.046953 -0.564524
v -1.113520 0.049782 -0.630919
v -1.113520 0.052188 -0.626506
v -1.113520 0.054241 -0.621671
v -1.113520 0.055889 -0.616497
v -1.113520 0.057091 -0.611066
v -1.113520 0.057823 -0.605463
v -1.113520 0.058069 -0.599773
v -1.113520 0.057823 -0.594084
v -1.113520 0.057091 -0.588481
v -1.113520 0.055889 -0.583050
v -1.113520 0.054241 -0.577875
v -1.113520 0.052188 -0.573041
v -1.113520 0.049782 -0.568628
v -1.299106 0.014631 -0.677048
v -1.299106 0.014631 -0.762408
v -1.299106 0.011126 -0.682159
v -1.299106 0.008032 -0.687826
v -1.299106 0.005487 -0.693808
v -1.299106 0.003497 -0.700052
v -1.299106 0.002068 -0.706497
v -1.299106 0.001208 -0.713078
v -1.299106 0.000921 -0.719728
v -1.299106 0.001208 -0.726378
v -1.299106 0.002068 -0.732959
v -1.299106 0.003497 -0.739404
v -1.299106 0.005487 -0.745648
v -1.299106 0.008032 -0.751630
v -1.299106 0.011126 -0.757296
v -0.927933 0.014631 -0.677048
v -0.927933 0.014631 -0.762408
v -0.927933 0.011126 -0.682159
v -0.927933 0.008032 -0.687826
v -0.927933 0.005487 -0.693808
v -0.927933 0.003497 -0.700052
v -0.927933 0.002068 -0.706497
v -0.927933 0.001208 -0.713078
v -0.927933 0.000921 -0.719728
v -0.927933 0.001208 -0.726378
v -0.927933 0.002068 -0.732959
v -0.927933 0.003497 -0.739404
v -0.927933 0.005487 -0.745648
v -0.927933 0.008032 -0.751630
v -0.927933 0.011126 -0.757296
v -0.371173 0.046953 0.635023
v -0.371173 0.046953 0.564524
v -0.371173 0.049782 0.630919
v -0.371173 0.052188 0.626506
v -0.371173 0.054241 0.621671
v -0.371173 0.055889 0.616497
v -0.371173 0.057091 0.611066
v -0.371173 0.057823 0.605463
v -0.371173 0.058069 0.599773
v -0.371173 0.057823 0.594084
v -0.371173 0.057091 0.588481
v -0.371173 0.055889 0.583050
v -0.371173 0.054241 0.577875
v -0.371173 0.052188 0.573041
v -0.371173 0.049782 0.568628
v -0.371173 0.046953 0.804433
v -0.371173 0.046953 0.874932
v -0.371173 0.049782 0.808537
v -0.371173 0.052188 0.812950
v -0.371173 0.054241 0.817785
v -0.371173 0.055889 0.822959
v -0.371173 0.057091 0.828390
v -0.371173 0.057823 0.833993
v -0.371173 0.058069 0.839683
v -0.371173 0.057823 0.845372
v -0.371173 0.057091 0.850975
v -0.371173 0.055889 0.856406
v -0.371173 0.054241 0.861581
v -0.371173 0.052188 0.866415
v -0.371173 0.049782 0.870828
v -0.556760 0.014631 0.762408
v -0.556760 0.014631 0.677048
v -0.556760 0.011126 0.757296
v -0.556760 0.008032 0.751630
v -0.556760 0.005487 0.745648
v -0.556760 0.003497 0.739404
v -0.556760 0.002068 0.732959
v -0.556760 0.001208 0.726378
v -0.556760 0.000921 0.719728
v -0.556760 0.001208 0.713078
v -0.556760 0.002068 0.706497
v -0.556760 0.003497 0.700052
v -0.556760 0.005487 0.693808
v -0.556760 0.008032 0.687826
v -0.556760 0.011126 0.682159
v -0.185587 0.014631 0.762408
v -0.185587 0.014631 0.677048
v -0.185587 0.011126 0.757296
v -0.185587 0.008032 0.751630
v -0.185587 0.005487 0.745648
v -0.185587 0.003497 0.739404
v -0.185587 0.002068 0.732959
v -0.185587 0.001208 0.726378
v -0.185587 0.000921 0.719728
v -0.185587 0.001208 0.713078
v -0.185587 0.002068 0.706497
v -0.185587 0.003497 0.700052
v -0.185587 0.005487 0.693808
v -0.185587 0.008032 0.687826
v -0.185587 0.011126 0.682159
v -1.113520 0.046953 0.635023
v -1.113520 0.046953 0.564524
v -1.113520 0.049782 0.630919
v -1.113520 0.052188 0.626506
v -1.113520 0.054241 0.621671
v -1.113520 0.055889 0.616497
v -1.113520 0.057091 0.611066
v -1.113520 0.057823 0.605463
v -1.113520 0.058069 0.599773
v -1.113520 0.057823 0.594084
v -1.113520 0.057091 0.588481
v -1.113520 0.055889 0.583050
v -1.113520 0.054241 0.577875
v -1.113520 0.052188 0.573041
v -1.113520 0.049782 0.568628
v -1.113520 0.046953 0.804433
v -1.113520 0.046953 0.874932
v -1.113520 0.049782 0.808537
v -1.113520 0.052188 0.812950
v -1.113520 0.054241 0.817785
v -1.113520 0.055889 0.822959
v -1.113520 0.057091 0.828390
v -1.113520 0.057823 0.833993
v -1.113520 0.058069 0.839683
v -1.113520 0.057823 0.845372
v -1.113520 0.057091 0.850975
v -1.113520 0.055889 0.856406
v -1.113520 0.054241 0.861581
v -1.113520 0.052188 0.866415
v -1.113520 0.049782 0.870828
v -1.299106 0.014631 0.762408
v -1.299106 0.014631 0.677048
v -1.299106 0.011126 0.757296
v -1.299106 0.008032 0.751630
v -1.299106 0.005487 0.745648
v -1.299106 0.003497 0.739404
v -1.299106 0.002068 0.732959
v -1.299106 0.001208 0.726378
v -1.299106 0.000921 0.719728
v -1.299106 0.001208 0.713078
v -1.299106 0.002068 0.706497
v -1.299106 0.003497 0.700052
v -1.299106 0.005487 0.693808
v -1.299106 0.008032 0.687826
v -1.299106 0.011126 0.682159
v -0.927933 0.014631 0.762408
v -0.927933 0.014631 0.677048
v -0.927933 0.011126 0.757296
v -0.927933 0.008032 0.751630
v -0.927933 0.005487 0.745648
v -0.927933 0.003497 0.739404
v -0.927933 0.002068 0.732959
v -0.927933 0.001208 0.726378
v -0.927933 0.000921 0.719728
v -0.927933 0.001208 0.713078
v -0.927933 0.002068 0.706497
v -0.927933 0.003497 0.700052
v -0.927933 0.005487 0.693808
v -0.927933 0.008032 0.687826
v -0.927933 0.011126 0.682159
v -1.113520 0.046953 0.155204
v -1.113520 0.046953 0.084705
v -1.113520 0.049782 0.151100
v -1.113520 0.052188 0.146687
v -1.113520 0.054241 0.141853
v -1.113520 0.055889 0.136678
v -1.113520 0.057091 0.131247
v -1.113520 0.057823 0.125644
v -1.113520 0.058069 0.119955
v -1.113520 0.057823 0.114265
v -1.113520 0.057091 0.108662
v -1.113520 0.055889 0.103231
v -1.113520 0.054241 0.098057
v -1.113520 0.052188 0.093222
v -1.113520 0.049782 0.088809
v -1.113520 0.046953 0.324615
v -1.113520 0.046953 0.395113
v -1.113520 0.049782 0.328719
v -1.113520 0.052188 0.333132
v -1.113520 0.054241 0.337966
v -1.113520 0.055889 0.343140
v -1.113520 0.057091 0.348572
v -1.113520 0.057823 0.354175
v -1.113520 0.058069 0.359864
v -1.113520 0.057823 0.365553
v -1.113520 0.057091 0.371156
v -1.113520 0.055889 0.376588
v -1.113520 0.054241 0.381762
v -1.113520 0.052188 0.386596
v -1.113520 0.049782 0.391009
v -1.299106 0.014631 0.282589
v -1.299106 0.014631 0.197230
v -1.299106 0.011126 0.277478
v -1.299106 0.008032 0.271811
v -1.299106 0.005487 0.265829
v -1.299106 0.003497 0.259585
v -1.299106 0.002068 0.253141
v -1.299106 0.001208 0.246559
v -1.299106 0.000921 0.239909
v -1.299106 0.001208 0.233259
v -1.299106 0.002068 0.226678
v -1.299106 0.003497 0.220234
v -1.299106 0.005487 0.213990
v -1.299106 0.008032 0.208007
v -1.299106 0.011126 0.202341
v -0.927933 0.014631 0.282589
v -0.927933 0.014631 0.197230
v -0.927933 0.011126 0.277478
v -0.927933 0.008032 0.271811
v -0.927933 0.005487 0.265829
v -0.927933 0.003497 0.259585
v -0.927933 0.002068 0.253141
v -0.927933 0.001208 0.246559
v -0.927933 0.000921 0.239909
v -0.927933 0.001208 0.233259
v -0.927933 0.002068 0.226678
v -0.927933 0.003497 0.220234
v -0.927933 0.005487 0.213990
v -0.927933 0.008032 0.208007
v -0.927933 0.011126 0.202341
v 1.113520 0.046953 0.635023
v 1.113520 0.046953 0.564524
v 1.113520 0.049782 0.630919
v 1.113520 0.052188 0.626506
v 1.113520 0.054241 0.621671
v 1.113520 0.055889 0.616497
v 1.113520 0.057091 0.611066
v 1.113520 0.057823 0.605463
v 1.113520 0.058069 0.599773
v 1.113520 0.057823 0.594084
v 1.113520 0.057091 0.588481
v 1.113520 0.055889 0.583050
v 1.113520 0.054241 0.577875
v 1.113520 0.052188 0.573041
v 1.113520 0.049782 0.568628
v 1.113520 0.046953 0.804433
v 1.113520 0.046953 0.874932
v 1.113520 0.049782 0.808537
v 1.113520 0.052188 0.812950
v 1.113520 0.054241 0.817785
v 1.113520 0.055889 0.822959
v 1.113520 0.057091 0.828390
v 1.113520 0.057823 0.833993
v 1.113520 0.058069 0.839683
v 1.113520 0.057823 0.845372
v 1.113520 0.057091 0.850975
v 1.113520 0.055889 0.856406
v 1.113520 0.054241 0.861581
v 1.113520 0.052188 0.866415
v 1.113520 0.049782 0.870828
v 0.927933 0.014631 0.762408
v 0.927933 0.014631 0.677048
v 0.927933 0.011126 0.757296
v 0.927933 0.008032 0.751630
v 0.927933 0.005487 0.745648
v 0.927933 0.003497 0.739404
v 0.927933 0.002068 0.732959
v 0.927933 0.001208 0.726378
v 0.927933 0.000921 0.719728
v 0.927933 0.001208 0.713078
v 0.927933 0.002068 0.706497
v 0.927933 0.003497 0.700052
v 0.927933 0.005487 0.693808
v 0.927933 0.008032 0.687826
v 0.927933 0.011126 0.682159
v 1.299106 0.014631 0.762408
v 1.299106 0.014631 0.677048
v 1.299106 0.011126 0.757296
v 1.299106 0.008032 0.751630
v 1.299106 0.005487 0.745648
v 1.299106 0.003497 0.739404
v 1.299106 0.002068 0.732959
v 1.299106 0.001208 0.726378
v 1.299106 0.000921 0.719728
v 1.299106 0.001208 0.713078
v 1.299106 0.002068 0.706497
v 1.299106 0.003497 0.700052
v 1.299106 0.005487 0.693808
v 1.299106 0.008032 0.687826
v 1.299106 0.011126 0.682159
v 0.371173 0.046953 0.635023
v 0.371173 0.046953 0.564524
v 0.371173 0.049782 0.630919
v 0.371173 0.052188 0.626506
v 0.371173 0.054241 0.621671
v 0.371173 0.055889 0.616497
v 0.371173 0.057091 0.611066
v 0.371173 0.057823 0.605463
v 0.371173 0.058069 0.599773
v 0.371173 0.057823 0.594084
v 0.371173 0.057091 0.588481
v 0.371173 0.055889 0.583050
v 0.371173 0.054241 0.577875
v 0.371173 0.052188 0.573041
v 0.371173 0.049782 0.568628
v 0.371173 0.046953 0.804433
v 0.371173 0.046953 0.874932
v 0.371173 0.049782 0.808537
v 0.371173 0.052188 0.812950
v 0.371173 0.054241 0.817785
v 0.371173 0.055889 0.822959
v 0.371173 0.057091 0.828390
v 0.371173 0.057823 0.833993
v 0.371173 0.058069 0.839683
v 0.371173 0.057823 0.845372
v 0.371173 0.057091 0.850975
v 0.371173 0.055889 0.856406
v 0.371173 0.054241 0.861581
v 0.371173 0.052188 0.866415
v 0.371173 0.049782 0.870828
v 0.185587 0.014631 0.762408
v 0.185587 0.014631 0.677048
v 0.185587 0.011126 0.757296
v 0.185587 0.008032 0.751630
v 0.185587 0.005487 0.745648
v 0.185587 0.003497 0.739404
v 0.185587 0.002068 0.732959
v 0.185587 0.001208 0.726378
v 0.185587 0.000921 0.719728
v 0.185587 0.001208 0.713078
v 0.185587 0.002068 0.706497
v 0.185587 0.003497 0.700052
v 0.185587 0.005487 0.693808
v 0.185587 0.008032 0.687826
v 0.185587 0.011126 0.682159
v 0.556760 0.014631 0.762408
v 0.556760 0.014631 0.677048
v 0.556760 0.011126 0.757296
v 0.556760 0.008032 0.751630
v 0.556760 0.005487 0.745648
v 0.556760 0.003497 0.739404
v 0.556760 0.002068 0.732959
v 0.556760 0.001208 0.726378
v 0.556760 0.000921 0.719728
v 0.556760 0.001208 0.713078
v 0.556760 0.002068 0.706497
v 0.556760 0.003497 0.700052
v 0.556760 0.005487 0.693808
v 0.556760 0.008032 0.687826
v 0.556760 0.011126 0.682159
v 0.371173 0.046953 0.155204
v 0.371173 0.046953 0.084705
v 0.371173 0.049782 0.151100
v 0.371173 0.052188 0.146687
v 0.371173 0.054241 0.141853
v 0.371173 0.055889 0.136678
v 0.371173 0.057091 0.131247
v 0.371173 0.057823 0.125644
v 0.371173 0.058069 0.119955
v 0.371173 0.057823 0.114265
v 0.371173 0.057091 0.108662
v 0.371173 0.055889 0.103231
v 0.371173 0.054241 0.098057
v 0.371173 0.052188 0.093222
v 0.371173 0.049782 0.088809
v 0.371173 0.046953 0.324615
v 0.371173 0.046953 0.395113
v 0.371173 0.049782 0.328719
v 0.371173 0.052188 0.333132
v 0.371173 0.054241 0.337966
v 0.371173 0.055889 0.343140
v 0.371173 0.057091 0.348572
v 0.371173 0.057823 0.354175
v 0.371173 0.058069 0.359864
v 0.371173 0.057823 0.365553
v 0.371173 0.057091 0.371156
v 0.371173 0.055889 0.376588
v 0.371173 0.054241 0.381762
v 0.371173 0.052188 0.386596
v 0.371173 0.049782 0.391009
v 0.185587 0.014631 0.282589
v 0.185587 0.014631 0.197230
v 0.185587 0.011126 0.277478
v 0.185587 0.008032 0.271811
v 0.185587 0.005487 0.265829
v 0.185587 0.003497 0.259585
v 0.185587 0.002068 0.253141
v 0.185587 0.001208 0.246559
v 0.185587 0.000921 0.239909
v 0.185587 0.001208 0.233259
v 0.185587 0.002068 0.226678
v 0.185587 0.003497 0.220234
v 0.185587 0.005487 0.213990
v 0.185587 0.008032 0.208007
v 0.185587 0.011126 0.202341
v 0.556760 0.014631 0.282589
v 0.556760 0.014631 0.197230
v 0.556760 0.011126 0.277478
v 0.556760 0.008032 0.271811
v 0.556760 0.005487 0.265829
v 0.556760 0.003497 0.259585
v 0.556760 0.002068 0.253141
v 0.556760 0.001208 0.246559
v 0.556760 0.000921 0.239909
v 0.556760 0.001208 0.233259
v 0.556760 0.002068 0.226678
v 0.556760 0.003497 0.220234
v 0.556760 0.005487 0.213990
v 0.556760 0.008032 0.208007
v 0.556760 0.011126 0.202341
v 1.113520 0.046953 0.155204
v 1.113520 0.046953 0.084705
v 1.113520 0.049782 0.151100
v 1.113520 0.052188 0.146687
v 1.113520 0.054241 0.141853
v 1.113520 0.055889 0.136678
v 1.113520 0.057091 0.131247
v 1.113520 0.057823 0.125644
v 1.113520 0.058069 0.119955
v 1.113520 0.057823 0.114265
v 1.113520 0.057091 0.108662
v 1.113520 0.055889 0.103231
v 1.113520 0.054241 0.098057
v 1.113520 0.052188 0.093222
v 1.113520 0.049782 0.088809
v 1.113520 0.046953 0.324615
v 1.113520 0.046953 0.395113
v 1.113520 0.049782 0.328719
v 1.113520 0.052188 0.333132
v 1.113520 0.054241 0.337966
v 1.113520 0.055889 0.343140
v 1.113520 0.057091 0.348572
v 1.113520 0.057823 0.354175
v 1.113520 0.058069 0.359864
v 1.113520 0.057823 0.365553
v 1.113520 0.057091 0.371156
v 1.113520 0.055889 0.376588
v 1.113520 0.054241 0.381762
v 1.113520 0.052188 0.386596
v 1.113520 0.049782 0.391009
v 0.927933 0.014631 0.282589
v 0.927933 0.014631 0.197230
v 0.927933 0.011126 0.277478
v 0.927933 0.008032 0.271811
v 0.927933 0.005487 0.265829
v 0.927933 0.003497 0.259585
v 0.927933 0.002068 0.253141
v 0.927933 0.001208 0.246559
v 0.927933 0.000921 0.239909
v 0.927933 0.001208 0.233259
v 0.927933 0.002068 0.226678
v 0.927933 0.003497 0.220234
v 0.927933 0.005487 0.213990
v 0.927933 0.008032 0.208007
v 0.927933 0.011126 0.202341
v 1.299106 0.014631 0.282589
v 1.299106 0.014631 0.197230
v 1.299106 0.011126 0.277478
v 1.299106 0.008032 0.271811
v 1.299106 0.005487 0.265829
v 1.299106 0.003497 0.259585
v 1.299106 0.002068 0.253141
v 1.299106 0.001208 0.246559
v 1.299106 0.000921 0.239909
v 1.299106 0.001208 0.233259
v 1.299106 0.002068 0.226678
v 1.299106 0.003497 0.220234
v 1.299106 0.005487 0.213990
v 1.299106 0.008032 0.208007
v 1.299106 0.011126 0.202341
v -0.371173 0.046953 0.155204
v -0.371173 0.046953 0.084705
v -0.371173 0.049782 0.151100
v -0.371173 0.052188 0.146687
v -0.371173 0.054241 0.141853
v -0.371173 0.055889 0.136678
v -0.371173 0.057091 0.131247
v -0.371173 0.057823 0.125644
v -0.371173 0.058069 0.119955
v -0.371173 0.057823 0.114265
v -0.371173 0.057091 0.108662
v -0.371173 0.055889 0.103231
v -0.371173 0.054241 0.098057
v -0.371173 0.052188 0.093222
v -0.371173 0.049782 0.088809
v -0.371173 0.046953 0.324615
v -0.371173 0.046953 0.395113
v -0.371173 0.049782 0.328719
v -0.371173 0.052188 0.333132
v -0.371173 0.054241 0.337966
v -0.371173 0.055889 0.343140
v -0.371173 0.057091 0.348572
v -0.371173 0.057823 0.354175
v -0.371173 0.058069 0.359864
v -0.371173 0.057823 0.365553
v -0.371173 0.057091 0.371156
v -0.371173 0.055889 0.376588
v -0.371173 0.054241 0.381762
v -0.371173 0.052188 0.386596
v -0.371173 0.049782 0.391009
v -0.556760 0.014631 0.282589
v -0.556760 0.014631 0.197230
v -0.556760 0.011126 0.277478
v -0.556760 0.008032 0.271811
v -0.556760 0.005487 0.265829
v -0.556760 0.003497 0.259585
v -0.556760 0.002068 0.253141
v -0.556760 0.001208 0.246559
v -0.556760 0.000921 0.239909
v -0.556760 0.001208 0.233259
v -0.556760 0.002068 0.226678
v -0.556760 0.003497 0.220234
v -0.556760 0.005487 0.213990
v -0.556760 0.008032 0.208007
v -0.556760 0.011126 0.202341
v -0.185587 0.014631 0.282589
v -0.185587 0.014631 0.197230
v -0.185587 0.011126 0.277478
v -0.185587 0.008032 0.271811
v -0.185587 0.005487 0.265829
v -0.185587 0.003497 0.259585
v -0.185587 0.002068 0.253141
v -0.185587 0.001208 0.246559
v -0.185587 0.000921 0.239909
v -0.185587 0.001208 0.233259
v -0.185587 0.002068 0.226678
v -0.185587 0.003497 0.220234
v -0.185587 0.005487 0.213990
v -0.185587 0.008032 0.208007
v -0.185587 0.011126 0.202341
v -0.371173 0.046953 -0.804433
v -0.371173 0.046953 -0.874932
v -0.371173 0.049782 -0.808537
v -0.371173 0.052188 -0.812950
v -0.371173 0.054241 -0.817785
v -0.371173 0.055889 -0.822959
v -0.371173 0.057091 -0.828390
v -0.371173 0.057823 -0.833993
v -0.371173 0.058069 -0.839683
v -0.371173 0.057823 -0.845372
v -0.371173 0.057091 -0.850975
v -0.371173 0.055889 -0.856406
v -0.371173 0.054241 -0.861581
v -0.371173 0.052188 -0.866415
v -0.371173 0.049782 -0.870828
v -0.371173 0.046953 -0.635023
v -0.371173 0.046953 -0.564524
v -0.371173 0.049782 -0.630919
v -0.371173 0.052188 -0.626506
v -0.371173 0.054241 -0.621671
v -0.371173 0.055889 -0.616497
v -0.371173 0.057091 -0.611066
v -0.371173 0.057823 -0.605463
v -0.371173 0.058069 -0.599773
v -0.371173 0.057823 -0.594084
v -0.371173 0.057091 -0.588481
v -0.371173 0.055889 -0.583050
v -0.371173 0.054241 -0.577875
v -0.371173 0.052188 -0.573041
v -0.371173 0.049782 -0.568628
v -0.556760 0.014631 -0.677048
v -0.556760 0.014631 -0.762408
v -0.556760 0.011126 -0.682159
v -0.556760 0.008032 -0.687826
v -0.556760 0.005487 -0.693808
v -0.556760 0.003497 -0.700052
v -0.556760 0.002068 -0.706497
v -0.556760 0.001208 -0.713078
v -0.556760 0.000921 -0.719728
v -0.556760 0.001208 -0.726378
v -0.556760 0.002068 -0.732959
v -0.556760 0.003497 -0.739404
v -0.556760 0.005487 -0.745648
v -0.556760 0.008032 -0.751630
v -0.556760 0.011126 -0.757296
v -0.185587 0.014631 -0.677048
v -0.185587 0.014631 -0.762408
v -0.185587 0.011126 -0.682159
v -0.185587 0.008032 -0.687826
v -0.185587 0.005487 -0.693808
v -0.185587 0.003497 -0.700052
v -0.185587 0.002068 -0.706497
v -0.185587 0.001208 -0.713078
v -0.185587 0.000921 -0.719728
v -0.185587 0.001208 -0.726378
v -0.185587 0.002068 -0.732959
v -0.185587 0.003497 -0.739404
v -0.185587 0.005487 -0.745648
v -0.185587 0.008032 -0.751630
v -0.185587 0.011126 -0.757296
v 1.113520 0.046953 -0.804433
v 1.113520 0.046953 -0.874932
v 1.113520 0.049782 -0.808537
v 1.113520 0.052188 -0.812950
v 1.113520 0.054241 -0.817785
v 1.113520 0.055889 -0.822959
v 1.113520 0.057091 -0.828390
v 1.113520 0.057823 -0.833993
v 1.113520 0.058069 -0.839683
v 1.113520 0.057823 -0.845372
v 1.113520 0.057091 -0.850975
v 1.113520 0.055889 -0.856406
v 1.113520 0.054241 -0.861581
v 1.113520 0.052188 -0.866415
v 1.113520 0.049782 -0.870828
v 1.113520 0.046953 -0.635023
v 1.113520 0.046953 -0.564524
v 1.113520 0.049782 -0.630919
v 1.113520 0.052188 -0.626506
v 1.113520 0.054241 -0.621671
v 1.113520 0.055889 -0.616497
v 1.113520 0.057091 -0.611066
v 1.113520 0.057823 -0.605463
v 1.113520 0.058069 -0.599773
v 1.113520 0.057823 -0.594084
v 1.113520 0.057091 -0.588481
v 1.113520 0.055889 -0.583050
v 1.113520 0.054241 -0.577875
v 1.113520 0.052188 -0.573041
v 1.113520 0.049782 -0.568628
v 0.927933 0.014631 -0.677048
v 0.927933 0.014631 -0.762408
v 0.927933 0.011126 -0.682159
v 0.927933 0.008032 -0.687826
v 0.927933 0.005487 -0.693808
v 0.927933 0.003497 -0.700052
v 0.927933 0.002068 -0.706497
v 0.927933 0.001208 -0.713078
v 0.927933 0.000921 -0.719728
v 0.927933 0.001208 -0.726378
v 0.927933 0.002068 -0.732959
v 0.927933 0.003497 -0.739404
v 0.927933 0.005487 -0.745648
v 0.927933 0.008032 -0.751630
v 0.927933 0.011126 -0.757296
v 1.299106 0.014631 -0.677048
v 1.299106 0.014631 -0.762408
v 1.299106 0.011126 -0.682159
v 1.299106 0.008032 -0.687826
v 1.299106 0.005487 -0.693808
v 1.299106 0.003497 -0.700052
v 1.299106 0.002068 -0.706497
v 1.299106 0.001208 -0.713078
v 1.299106 0.000921 -0.719728
v 1.299106 0.001208 -0.726378
v 1.299106 0.002068 -0.732959
v 1.299106 0.003497 -0.739404
v 1.299106 0.005487 -0.745648
v 1.299106 0.008032 -0.751630
v 1.299106 0.011126 -0.757296
v 1.299106 0.046953 -0.564524
v 1.299106 0.046953 -0.635023
v 1.299106 0.049782 -0.568628
v 1.299106 0.052188 -0.573041
v 1.299106 0.054241 -0.577875
v 1.299106 0.055889 -0.583050
v 1.299106 0.057091 -0.588481
v 1.299106 0.057823 -0.594084
v 1.299106 0.058069 -0.599773
v 1.299106 0.057823 -0.605463
v 1.299106 0.057091 -0.611066
v 1.299106 0.055889 -0.616497
v 1.299106 0.054241 -0.621671
v 1.299106 0.052188 -0.626506
v 1.299106 0.049782 -0.630919
v 0.927933 0.046953 -0.564524
v 0.927933 0.046953 -0.635023
v 0.927933 0.049782 -0.568628
v 0.927933 0.052188 -0.573041
v 0.927933 0.054241 -0.577875
v 0.927933 0.055889 -0.583050
v 0.927933 0.057091 -0.588481
v 0.927933 0.057823 -0.594084
v 0.927933 0.058069 -0.599773
v 0.927933 0.057823 -0.605463
v 0.927933 0.057091 -0.611066
v 0.927933 0.055889 -0.616497
v 0.927933 0.054241 -0.621671
v 0.927933 0.052188 -0.626506
v 0.927933 0.049782 -0.630919
v 0.927933 0.046953 -0.804433
v 0.927933 0.046953 -0.874932
v 0.927933 0.049782 -0.808537
v 0.927933 0.052188 -0.812950
v 0.927933 0.054241 -0.817785
v 0.927933 0.055889 -0.822959
v 0.927933 0.057091 -0.828390
v 0.927933 0.057823 -0.833993
v 0.927933 0.058069 -0.839683
v 0.927933 0.057823 -0.845372
v 0.927933 0.057091 -0.850975
v 0.927933 0.055889 -0.856406
v 0.927933 0.054241 -0.861581
v 0.927933 0.052188 -0.866415
v 0.927933 0.049782 -0.870828
v -0.185587 0.046953 -0.564524
v -0.185587 0.046953 -0.635023
v -0.185587 0.049782 -0.568628
v -0.185587 0.052188 -0.573041
v -0.185587 0.054241 -0.577875
v -0.185587 0.055889 -0.583050
v -0.185587 0.057091 -0.588481
v -0.185587 0.057823 -0.594084
v -0.185587 0.058069 -0.599773
v -0.185587 0.057823 -0.605463
v -0.185587 0.057091 -0.611066
v -0.185587 0.055889 -0.616497
v -0.185587 0.054241 -0.621671
v -0.185587 0.052188 -0.626506
v -0.185587 0.049782 -0.630919
v -0.556760 0.046953 -0.564524
v -0.556760 0.046953 -0.635023
v -0.556760 0.049782 -0.568628
v -0.556760 0.052188 -0.573041
v -0.556760 0.054241 -0.577875
v -0.556760 0.055889 -0.583050
v -0.556760 0.057091 -0.588481
v -0.556760 0.057823 -0.594084
v -0.556760 0.058069 -0.599773
v -0.556760 0.057823 -0.605463
v -0.556760 0.057091 -0.611066
v -0.556760 0.055889 -0.616497
v -0.556760 0.054241 -0.621671
v -0.556760 0.052188 -0.626506
v -0.556760 0.049782 -0.630919
v -0.556760 0.046953 -0.804433
v -0.556760 0.046953 -0.874932
v -0.556760 0.049782 -0.808537
v -0.556760 0.052188 -0.812950
v -0.556760 0.054241 -0.817785
v -0.556760 0.055889 -0.822959
v -0.556760 0.057091 -0.828390
v -0.556760 0.057823 -0.833993
v -0.556760 0.058069 -0.839683
v -0.556760 0.057823 -0.845372
v -0.556760 0.057091 -0.850975
v -0.556760 0.055889 -0.856406
v -0.556760 0.054241 -0.861581
v -0.556760 0.052188 -0.866415
v -0.556760 0.049782 -0.870828
v -0.185587 0.046953 0.395113
v -0.185587 0.046953 0.324615
v -0.185587 0.049782 0.391009
v -0.185587 0.052188 0.386596
v -0.185587 0.054241 0.381762
v -0.185587 0.055889 0.376588
v -0.185587 0.057091 0.371156
v -0.185587 0.057823 0.365553
v -0.185587 0.058069 0.359864
v -0.185587 0.057823 0.354175
v -0.185587 0.057091 0.348572
v -0.185587 0.055889 0.343140
v -0.185587 0.054241 0.337966
v -0.185587 0.052188 0.333132
v -0.185587 0.049782 0.328719
v -0.556760 0.046953 0.395113
v -0.556760 0.046953 0.324615
v -0.556760 0.049782 0.391009
v -0.556760 0.052188 0.386596
v -0.556760 0.054241 0.381762
v -0.556760 0.055889 0.376588
v -0.556760 0.057091 0.371156
v -0.556760 0.057823 0.365553
v -0.556760 0.058069 0.359864
v -0.556760 0.057823 0.354175
v -0.556760 0.057091 0.348572
v -0.556760 0.055889 0.343140
v -0.556760 0.054241 0.337966
v -0.556760 0.052188 0.333132
v -0.556760 0.049782 0.328719
v -0.556760 0.046953 0.155204
v -0.556760 0.046953 0.084705
v -0.556760 0.049782 0.151100
v -0.556760 0.052188 0.146687
v -0.556760 0.054241 0.141853
v -0.556760 0.055889 0.136678
v -0.556760 0.057091 0.131247
v -0.556760 0.057823 0.125644
v -0.556760 0.058069 0.119955
v -0.556760 0.057823 0.114265
v -0.556760 0.057091 0.108662
v -0.556760 0.055889 0.103231
v -0.556760 0.054241 0.098057
v -0.556760 0.052188 0.093222
v -0.556760 0.049782 0.088809
v 1.299106 0.046953 0.395113
v 1.299106 0.046953 0.324615
v 1.299106 0.049782 0.391009
v 1.299106 0.052188 0.386596
v 1.299106 0.054241 0.381762
v 1.299106 0.055889 0.376588
v 1.299106 0.057091 0.371156
v 1.299106 0.057823 0.365553
v 1.299106 0.058069 0.359864
v 1.299106 0.057823 0.354175
v 1.299106 0.057091 0.348572
v 1.299106 0.055889 0.343140
v 1.299106 0.054241 0.337966
v 1.299106 0.052188 0.333132
v 1.299106 0.049782 0.328719
v 0.927933 0.046953 0.395113
v 0.927933 0.046953 0.324615
v 0.927933 0.049782 0.391009
v 0.927933 0.052188 0.386596
v 0.927933 0.054241 0.381762
v 0.927933 0.055889 0.376588
v 0.927933 0.057091 0.371156
v 0.927933 0.057823 0.365553
v 0.927933 0.058069 0.359864
v 0.927933 0.057823 0.354175
v 0.927933 0.057091 0.348572
v 0.927933 0.055889 0.343140
v 0.927933 0.054241 0.337966
v 0.927933 0.052188 0.333132
v 0.927933 0.049782 0.328719
v 0.927933 0.046953 0.155204
v 0.927933 0.046953 0.084705
v 0.927933 0.049782 0.151100
v 0.927933 0.052188 0.146687
v 0.927933 0.054241 0.141853
v 0.927933 0.055889 0.136678
v 0.927933 0.057091 0.131247
v 0.927933 0.057823 0.125644
v 0.927933 0.058069 0.119955
v 0.927933 0.057823 0.114265
v 0.927933 0.057091 0.108662
v 0.927933 0.055889 0.103231
v 0.927933 0.054241 0.098057
v 0.927933 0.052188 0.093222
v 0.927933 0.049782 0.088809
v 0.556760 0.046953 0.395113
v 0.556760 0.046953 0.324615
v 0.556760 0.049782 0.391009
v 0.556760 0.052188 0.386596
v 0.556760 0.054241 0.381762
v 0.556760 0.055889 0.376588
v 0.556760 0.057091 0.371156
v 0.556760 0.057823 0.365553
v 0.556760 0.058069 0.359864
v 0.556760 0.057823 0.354175
v 0.556760 0.057091 0.348572
v 0.556760 0.055889 0.343140
v 0.556760 0.054241 0.337966
v 0.556760 0.052188 0.333132
v 0.556760 0.049782 0.328719
v 0.185587 0.046953 0.395113
v 0.185587 0.046953 0.324615
v 0.185587 0.049782 0.391009
v 0.185587 0.052188 0.386596
v 0.185587 0.054241 0.381762
v 0.185587 0.055889 0.376588
v 0.185587 0.057091 0.371156
v 0.185587 0.057823 0.365553
v 0.185587 0.058069 0.359864
v 0.185587 0.057823 0.354175
v 0.185587 0.057091 0.348572
v 0.185587 0.055889 0.343140
v 0.185587 0.054241 0.337966
v 0.185587 0.052188 0.333132
v 0.185587 0.049782 0.328719
v 0.185587 0.046953 0.155204
v 0.185587 0.046953 0.084705
v 0.185587 0.049782 0.151100
v 0.185587 0.052188 0.146687
v 0.185587 0.054241 0.141853
v 0.185587 0.055889 0.136678
v 0.185587 0.057091 0.131247
v 0.185587 0.057823 0.125644
v 0.185587 0.058069 0.119955
v 0.185587 0.057823 0.114265
v 0.185587 0.057091 0.108662
v 0.185587 0.055889 0.103231
v 0.185587 0.054241 0.098057
v 0.185587 0.052188 0.093222
v 0.185587 0.049782 0.088809
v 0.556760 0.046953 0.874932
v 0.556760 0.046953 0.804433
v 0.556760 0.049782 0.870828
v 0.556760 0.052188 0.866415
v 0.556760 0.054241 0.861581
v 0.556760 0.055889 0.856406
v 0.556760 0.057091 0.850975
v 0.556760 0.057823 0.845372
v 0.556760 0.058069 0.839683
v 0.556760 0.057823 0.833993
v 0.556760 0.057091 0.828390
v 0.556760 0.055889 0.822959
v 0.556760 0.054241 0.817785
v 0.556760 0.052188 0.812950
v 0.556760 0.049782 0.808537
v 0.185587 0.046953 0.874932
v 0.185587 0.046953 0.804433
v 0.185587 0.049782 0.870828
v 0.185587 0.052188 0.866415
v 0.185587 0.054241 0.861581
v 0.185587 0.055889 0.856406
v 0.185587 0.057091 0.850975
v 0.185587 0.057823 0.845372
v 0.185587 0.058069 0.839683
v 0.185587 0.057823 0.833993
v 0.185587 0.057091 0.828390
v 0.185587 0.055889 0.822959
v 0.185587 0.054241 0.817785
v 0.185587 0.052188 0.812950
v 0.185587 0.049782 0.808537
v 0.185587 0.046953 0.635023
v 0.185587 0.046953 0.564524
v 0.185587 0.049782 0.630919
v 0.185587 0.052188 0.626506
v 0.185587 0.054241 0.621671
v 0.185587 0.055889 0.616497
v 0.185587 0.057091 0.611066
v 0.185587 0.057823 0.605463
v 0.185587 0.058069 0.599773
v 0.185587 0.057823 0.594084
v 0.185587 0.057091 0.588481
v 0.185587 0.055889 0.583050
v 0.185587 0.054241 0.577875
v 0.185587 0.052188 0.573041
v 0.185587 0.049782 0.568628
v 1.299106 0.046953 0.874932
v 1.299106 0.046953 0.804433
v 1.299106 0.049782 0.870828
v 1.299106 0.052188 0.866415
v 1.299106 0.054241 0.861581
v 1.299106 0.055889 0.856406
v 1.299106 0.057091 0.850975
v 1.299106 0.057823 0.845372
v 1.299106 0.058069 0.839683
v 1.299106 0.057823 0.833993
v 1.299106 0.057091 0.828390
v 1.299106 0.055889 0.822959
v 1.299106 0.054241 0.817785
v 1.299106 0.052188 0.812950
v 1.299106 0.049782 0.808537
v 0.927933 0.046953 0.874932
v 0.927933 0.046953 0.804433
v 0.927933 0.049782 0.870828
v 0.927933 0.052188 0.866415
v 0.927933 0.054241 0.861581
v 0.927933 0.055889 0.856406
v 0.927933 0.057091 0.850975
v 0.927933 0.057823 0.845372
v 0.927933 0.058069 0.839683
v 0.927933 0.057823 0.833993
v 0.927933 0.057091 0.828390
v 0.927933 0.055889 0.822959
v 0.927933 0.054241 0.817785
v 0.927933 0.052188 0.812950
v 0.927933 0.049782 0.808537
v 0.927933 0.046953 0.635023
v 0.927933 0.046953 0.564524
v 0.927933 0.049782 0.630919
v 0.927933 0.052188 0.626506
v 0.927933 0.054241 0.621671
v 0.927933 0.055889 0.616497
v 0.927933 0.057091 0.611066
v 0.927933 0.057823 0.605463
v 0.927933 0.058069 0.599773
v 0.927933 0.057823 0.594084
v 0.927933 0.057091 0.588481
v 0.927933 0.055889 0.583050
v 0.927933 0.054241 0.577875
v 0.927933 0.052188 0.573041
v 0.927933 0.049782 0.568628
v -0.927933 0.046953 0.395113
v -0.927933 0.046953 0.324615
v -0.927933 0.049782 0.391009
v -0.927933 0.052188 0.386596
v -0.927933 0.054241 0.381762
v -0.927933 0.055889 0.376588
v -0.927933 0.057091 0.371156
v -0.927933 0.057823 0.365553
v -0.927933 0.058069 0.359864
v -0.927933 0.057823 0.354175
v -0.927933 0.057091 0.348572
v -0.927933 0.055889 0.343140
v -0.927933 0.054241 0.337966
v -0.927933 0.052188 0.333132
v -0.927933 0.049782 0.328719
v -1.299106 0.046953 0.395113
v -1.299106 0.046953 0.324615
v -1.299106 0.049782 0.391009
v -1.299106 0.052188 0.386596
v -1.299106 0.054241 0.381762
v -1.299106 0.055889 0.376588
v -1.299106 0.057091 0.371156
v -1.299106 0.057823 0.365553
v -1.299106 0.058069 0.359864
v -1.299106 0.057823 0.354175
v -1.299106 0.057091 0.348572
v -1.299106 0.055889 0.343140
v -1.299106 0.054241 0.337966
v -1.299106 0.052188 0.333132
v -1.299106 0.049782 0.328719
v -1.299106 0.046953 0.155204
v -1.299106 0.046953 0.084705
v -1.299106 0.049782 0.151100
v -1.299106 0.052188 0.146687
v -1.299106 0.054241 0.141853
v -1.299106 0.055889 0.136678
v -1.299106 0.057091 0.131247
v -1.299106 0.057823 0.125644
v -1.299106 0.058069 0.119955
v -1.299106 0.057823 0.114265
v -1.299106 0.057091 0.108662
v -1.299106 0.055889 0.103231
v -1.299106 0.054241 0.098057
v -1.299106 0.052188 0.093222
v -1.299106 0.049782 0.088809
v -0.927933 0.046953 0.874932
v -0.927933 0.046953 0.804433
v -0.927933 0.049782 0.870828
v -0.927933 0.052188 0.866415
v -0.927933 0.054241 0.861581
v -0.927933 0.055889 0.856406
v -0.927933 0.057091 0.850975
v -0.927933 0.057823 0.845372
v -0.927933 0.058069 0.839683
v -0.927933 0.057823 0.833993
v -0.927933 0.057091 0.828390
v -0.927933 0.055889 0.822959
v -0.927933 0.054241 0.817785
v -0.927933 0.052188 0.812950
v -0.927933 0.049782 0.808537
v -1.299106 0.046953 0.874932
v -1.299106 0.046953 0.804433
v -1.299106 0.049782 0.870828
v -1.299106 0.052188 0.866415
v -1.299106 0.054241 0.861581
v -1.299106 0.055889 0.856406
v -1.299106 0.057091 0.850975
v -1.299106 0.057823 0.845372
v -1.299106 0.058069 0.839683
v -1.299106 0.057823 0.833993
v -1.299106 0.057091 0.828390
v -1.299106 0.055889 0.822959
v -1.299106 0.054241 0.817785
v -1.299106 0.052188 0.812950
v -1.299106 0.049782 0.808537
v -1.299106 0.046953 0.635023
v -1.299106 0.046953 0.564524
v -1.299106 0.049782 0.630919
v -1.299106 0.052188 0.626506
v -1.299106 0.054241 0.621671
v -1.299106 0.055889 0.616497
v -1.299106 0.057091 0.611066
v -1.299106 0.057823 0.605463
v -1.299106 0.058069 0.599773
v -1.299106 0.057823 0.594084
v -1.299106 0.057091 0.588481
v -1.299106 0.055889 0.583050
v -1.299106 0.054241 0.577875
v -1.299106 0.052188 0.573041
v -1.299106 0.049782 0.568628
v -0.185587 0.046953 0.874932
v -0.185587 0.046953 0.804433
v -0.185587 0.049782 0.870828
v -0.185587 0.052188 0.866415
v -0.185587 0.054241 0.861581
v -0.185587 0.055889 0.856406
v -0.185587 0.057091 0.850975
v -0.185587 0.057823 0.845372
v -0.185587 0.058069 0.839683
v -0.185587 0.057823 0.833993
v -0.185587 0.057091 0.828390
v -0.185587 0.055889 0.822959
v -0.185587 0.054241 0.817785
v -0.185587 0.052188 0.812950
v -0.185587 0.049782 0.808537
v -0.556760 0.046953 0.874932
v -0.556760 0.046953 0.804433
v -0.556760 0.049782 0.870828
v -0.556760 0.052188 0.866415
v -0.556760 0.054241 0.861581
v -0.556760 0.055889 0.856406
v -0.556760 0.057091 0.850975
v -0.556760 0.057823 0.845372
v -0.556760 0.058069 0.839683
v -0.556760 0.057823 0.833993
v -0.556760 0.057091 0.828390
v -0.556760 0.055889 0.822959
v -0.556760 0.054241 0.817785
v -0.556760 0.052188 0.812950
v -0.556760 0.049782 0.808537
v -0.556760 0.046953 0.635023
v -0.556760 0.046953 0.564524
v -0.556760 0.049782 0.630919
v -0.556760 0.052188 0.626506
v -0.556760 0.054241 0.621671
v -0.556760 0.055889 0.616497
v -0.556760 0.057091 0.611066
v -0.556760 0.057823 0.605463
v -0.556760 0.058069 0.599773
v -0.556760 0.057823 0.594084
v -0.556760 0.057091 0.588481
v -0.556760 0.055889 0.583050
v -0.556760 0.054241 0.577875
v -0.556760 0.052188 0.573041
v -0.556760 0.049782 0.568628
v -0.927933 0.046953 -0.564524
v -0.927933 0.046953 -0.635023
v -0.927933 0.049782 -0.568628
v -0.927933 0.052188 -0.573041
v -0.927933 0.054241 -0.577875
v -0.927933 0.055889 -0.583050
v -0.927933 0.057091 -0.588481
v -0.927933 0.057823 -0.594084
v -0.927933 0.058069 -0.599773
v -0.927933 0.057823 -0.605463
v -0.927933 0.057091 -0.611066
v -0.927933 0.055889 -0.616497
v -0.927933 0.054241 -0.621671
v -0.927933 0.052188 -0.626506
v -0.927933 0.049782 -0.630919
v -1.299106 0.046953 -0.564524
v -1.299106 0.046953 -0.635023
v -1.299106 0.049782 -0.568628
v -1.299106 0.052188 -0.573041
v -1.299106 0.054241 -0.577875
v -1.299106 0.055889 -0.583050
v -1.299106 0.057091 -0.588481
v -1.299106 0.057823 -0.594084
v -1.299106 0.058069 -0.599773
v -1.299106 0.057823 -0.605463
v -1.299106 0.057091 -0.611066
v -1.299106 0.055889 -0.616497
v -1.299106 0.054241 -0.621671
v -1.299106 0.052188 -0.626506
v -1.299106 0.049782 -0.630919
v -1.299106 0.046953 -0.804433
v -1.299106 0.046953 -0.874932
v -1.299106 0.049782 -0.808537
v -1.299106 0.052188 -0.812950
v -1.299106 0.054241 -0.817785
v -1.299106 0.055889 -0.822959
v -1.299106 0.057091 -0.828390
v -1.299106 0.057823 -0.833993
v -1.299106 0.058069 -0.839683
v -1.299106 0.057823 -0.845372
v -1.299106 0.057091 -0.850975
v -1.299106 0.055889 -0.856406
v -1.299106 0.054241 -0.861581
v -1.299106 0.052188 -0.866415
v -1.299106 0.049782 -0.870828
v -0.927933 0.046953 -0.084705
v -0.927933 0.046953 -0.155204
v -0.927933 0.049782 -0.088809
v -0.927933 0.052188 -0.093222
v -0.927933 0.054241 -0.098057
v -0.927933 0.055889 -0.103231
v -0.927933 0.057091 -0.108662
v -0.927933 0.057823 -0.114265
v -0.927933 0.058069 -0.119955
v -0.927933 0.057823 -0.125644
v -0.927933 0.057091 -0.131247
v -0.927933 0.055889 -0.136678
v -0.927933 0.054241 -0.141853
v -0.927933 0.052188 -0.146687
v -0.927933 0.049782 -0.151100
v -1.299106 0.046953 -0.084705
v -1.299106 0.046953 -0.155204
v -1.299106 0.049782 -0.088809
v -1.299106 0.052188 -0.093222
v -1.299106 0.054241 -0.098057
v -1.299106 0.055889 -0.103231
v -1.299106 0.057091 -0.108662
v -1.299106 0.057823 -0.114265
v -1.299106 0.058069 -0.119955
v -1.299106 0.057823 -0.125644
v -1.299106 0.057091 -0.131247
v -1.299106 0.055889 -0.136678
v -1.299106 0.054241 -0.141853
v -1.299106 0.052188 -0.146687
v -1.299106 0.049782 -0.151100
v -1.299106 0.046953 -0.324615
v -1.299106 0.046953 -0.395113
v -1.299106 0.049782 -0.328719
v -1.299106 0.052188 -0.333132
v -1.299106 0.054241 -0.337966
v -1.299106 0.055889 -0.343140
v -1.299106 0.057091 -0.348572
v -1.299106 0.057823 -0.354175
v -1.299106 0.058069 -0.359864
v -1.299106 0.057823 -0.365553
v -1.299106 0.057091 -0.371156
v -1.299106 0.055889 -0.376588
v -1.299106 0.054241 -0.381762
v -1.299106 0.052188 -0.386596
v -1.299106 0.049782 -0.391009
v -0.185587 0.046953 -0.084705
v -0.185587 0.046953 -0.155204
v -0.185587 0.049782 -0.088809
v -0.185587 0.052188 -0.093222
v -0.185587 0.054241 -0.098057
v -0.185587 0.055889 -0.103231
v -0.185587 0.057091 -0.108662
v -0.185587 0.057823 -0.114265
v -0.185587 0.058069 -0.119955
v -0.185587 0.057823 -0.125644
v -0.185587 0.057091 -0.131247
v -0.185587 0.055889 -0.136678
v -0.185587 0.054241 -0.141853
v -0.185587 0.052188 -0.146687
v -0.185587 0.049782 -0.151100
v -0.556760 0.046953 -0.084705
v -0.556760 0.046953 -0.155204
v -0.556760 0.049782 -0.088809
v -0.556760 0.052188 -0.093222
v -0.556760 0.054241 -0.098057
v -0.556760 0.055889 -0.103231
v -0.556760 0.057091 -0.108662
v -0.556760 0.057823 -0.114265
v -0.556760 0.058069 -0.119955
v -0.556760 0.057823 -0.125644
v -0.556760 0.057091 -0.131247
v -0.556760 0.055889 -0.136678
v -0.556760 0.054241 -0.141853
v -0.556760 0.052188 -0.146687
v -0.556760 0.049782 -0.151100
v -0.556760 0.046953 -0.324615
v -0.556760 0.046953 -0.395113
v -0.556760 0.049782 -0.328719
v -0.556760 0.052188 -0.333132
v -0.556760 0.054241 -0.337966
v -0.556760 0.055889 -0.343140
v -0.556760 0.057091 -0.348572
v -0.556760 0.057823 -0.354175
v -0.556760 0.058069 -0.359864
v -0.556760 0.057823 -0.365553
v -0.556760 0.057091 -0.371156
v -0.556760 0.055889 -0.376588
v -0.556760 0.054241 -0.381762
v -0.556760 0.052188 -0.386596
v -0.556760 0.049782 -0.391009
v 0.556760 0.046953 -0.564524
v 0.556760 0.046953 -0.635023
v 0.556760 0.049782 -0.568628
v 0.556760 0.052188 -0.573041
v 0.556760 0.054241 -0.577875
v 0.556760 0.055889 -0.583050
v 0.556760 0.057091 -0.588481
v 0.556760 0.057823 -0.594084
v 0.556760 0.058069 -0.599773
v 0.556760 0.057823 -0.605463
v 0.556760 0.057091 -0.611066
v 0.556760 0.055889 -0.616497
v 0.556760 0.054241 -0.621671
v 0.556760 0.052188 -0.626506
v 0.556760 0.049782 -0.630919
v 0.185587 0.046953 -0.564524
v 0.185587 0.046953 -0.635023
v 0.185587 0.049782 -0.568628
v 0.185587 0.052188 -0.573041
v 0.185587 0.054241 -0.577875
v 0.185587 0.055889 -0.583050
v 0.185587 0.057091 -0.588481
v 0.185587 0.057823 -0.594084
v 0.185587 0.058069 -0.599773
v 0.185587 0.057823 -0.605463
v 0.185587 0.057091 -0.611066
v 0.185587 0.055889 -0.616497
v 0.185587 0.054241 -0.621671
v 0.185587 0.052188 -0.626506
v 0.185587 0.049782 -0.630919
v 0.185587 0.046953 -0.804433
v 0.185587 0.046953 -0.874932
v 0.185587 0.049782 -0.808537
v 0.185587 0.052188 -0.812950
v 0.185587 0.054241 -0.817785
v 0.185587 0.055889 -0.822959
v 0.185587 0.057091 -0.828390
v 0.185587 0.057823 -0.833993
v 0.185587 0.058069 -0.839683
v 0.185587 0.057823 -0.845372
v 0.185587 0.057091 -0.850975
v 0.185587 0.055889 -0.856406
v 0.185587 0.054241 -0.861581
v 0.185587 0.052188 -0.866415
v 0.185587 0.049782 -0.870828
v 0.556760 0.046953 -0.084705
v 0.556760 0.046953 -0.155204
v 0.556760 0.049782 -0.088809
v 0.556760 0.052188 -0.093222
v 0.556760 0.054241 -0.098057
v 0.556760 0.055889 -0.103231
v 0.556760 0.057091 -0.108662
v 0.556760 0.057823 -0.114265
v 0.556760 0.058069 -0.119955
v 0.556760 0.057823 -0.125644
v 0.556760 0.057091 -0.131247
v 0.556760 0.055889 -0.136678
v 0.556760 0.054241 -0.141853
v 0.556760 0.052188 -0.146687
v 0.556760 0.049782 -0.151100
v 0.185587 0.046953 -0.084705
v 0.185587 0.046953 -0.155204
v 0.185587 0.049782 -0.088809
v 0.185587 0.052188 -0.093222
v 0.185587 0.054241 -0.098057
v 0.185587 0.055889 -0.103231
v 0.185587 0.057091 -0.108662
v 0.185587 0.057823 -0.114265
v 0.185587 0.058069 -0.119955
v 0.185587 0.057823 -0.125644
v 0.185587 0.057091 -0.131247
v 0.185587 0.055889 -0.136678
v 0.185587 0.054241 -0.141853
v 0.185587 0.052188 -0.146687
v 0.185587 0.049782 -0.151100
v 0.185587 0.046953 -0.324615
v 0.185587 0.046953 -0.395113
v 0.185587 0.049782 -0.328719
v 0.185587 0.052188 -0.333132
v 0.185587 0.054241 -0.337966
v 0.185587 0.055889 -0.343140
v 0.185587 0.057091 -0.348572
v 0.185587 0.057823 -0.354175
v 0.185587 0.058069 -0.359864
v 0.185587 0.057823 -0.365553
v 0.185587 0.057091 -0.371156
v 0.185587 0.055889 -0.376588
v 0.185587 0.054241 -0.381762
v 0.185587 0.052188 -0.386596
v 0.185587 0.049782 -0.391009
v 1.299106 0.046953 -0.084705
v 1.299106 0.046953 -0.155204
v 1.299106 0.049782 -0.088809
v 1.299106 0.052188 -0.093222
v 1.299106 0.054241 -0.098057
v 1.299106 0.055889 -0.103231
v 1.299106 0.057091 -0.108662
v 1.299106 0.057823 -0.114265
v 1.299106 0.058069 -0.119955
v 1.299106 0.057823 -0.125644
v 1.299106 0.057091 -0.131247
v 1.299106 0.055889 -0.136678
v 1.299106 0.054241 -0.141853
v 1.299106 0.052188 -0.146687
v 1.299106 0.049782 -0.151100
v 0.927933 0.046953 -0.084705
v 0.927933 0.046953 -0.155204
v 0.927933 0.049782 -0.088809
v 0.927933 0.052188 -0.093222
v 0.927933 0.054241 -0.098057
v 0.927933 0.055889 -0.103231
v 0.927933 0.057091 -0.108662
v 0.927933 0.057823 -0.114265
v 0.927933 0.058069 -0.119955
v 0.927933 0.057823 -0.125644
v 0.927933 0.057091 -0.131247
v 0.927933 0.055889 -0.136678
v 0.927933 0.054241 -0.141853
v 0.927933 0.052188 -0.146687
v 0.927933 0.049782 -0.151100
v 0.927933 0.046953 -0.324615
v 0.927933 0.046953 -0.395113
v 0.927933 0.049782 -0.328719
v 0.927933 0.052188 -0.333132
v 0.927933 0.054241 -0.337966
v 0.927933 0.055889 -0.343140
v 0.927933 0.057091 -0.348572
v 0.927933 0.057823 -0.354175
v 0.927933 0.058069 -0.359864
v 0.927933 0.057823 -0.365553
v 0.927933 0.057091 -0.371156
v 0.927933 0.055889 -0.376588
v 0.927933 0.054241 -0.381762
v 0.927933 0.052188 -0.386596
v 0.927933 0.049782 -0.391009
v 1.299106 0.046953 -0.324615
v 1.299106 0.046953 -0.395113
v 1.299106 0.049782 -0.328719
v 1.299106 0.052188 -0.333132
v 1.299106 0.054241 -0.337966
v 1.299106 0.055889 -0.343140
v 1.299106 0.057091 -0.348572
v 1.299106 0.057823 -0.354175
v 1.299106 0.058069 -0.359864
v 1.299106 0.057823 -0.365553
v 1.299106 0.057091 -0.371156
v 1.299106 0.055889 -0.376588
v 1.299106 0.054241 -0.381762
v 1.299106 0.052188 -0.386596
v 1.299106 0.049782 -0.391009
v 0.556760 0.046953 -0.324615
v 0.556760 0.046953 -0.395113
v 0.556760 0.049782 -0.328719
v 0.556760 0.052188 -0.333132
v 0.556760 0.054241 -0.337966
v 0.556760 0.055889 -0.343140
v 0.556760 0.057091 -0.348572
v 0.556760 0.057823 -0.354175
v 0.556760 0.058069 -0.359864
v 0.556760 0.057823 -0.365553
v 0.556760 0.057091 -0.371156
v 0.556760 0.055889 -0.376588
v 0.556760 0.054241 -0.381762
v 0.556760 0.052188 -0.386596
v 0.556760 0.049782 -0.391009
v 0.556760 0.046953 -0.804433
v 0.556760 0.046953 -0.874932
v 0.556760 0.049782 -0.808537
v 0.556760 0.052188 -0.812950
v 0.556760 0.054241 -0.817785
v 0.556760 0.055889 -0.822959
v 0.556760 0.057091 -0.828390
v 0.556760 0.057823 -0.833993
v 0.556760 0.058069 -0.839683
v 0.556760 0.057823 -0.845372
v 0.556760 0.057091 -0.850975
v 0.556760 0.055889 -0.856406
v 0.556760 0.054241 -0.861581
v 0.556760 0.052188 -0.866415
v 0.556760 0.049782 -0.870828
v -0.185587 0.046953 -0.324615
v -0.185587 0.046953 -0.395113
v -0.185587 0.049782 -0.328719
v -0.185587 0.052188 -0.333132
v -0.185587 0.054241 -0.337966
v -0.185587 0.055889 -0.343140
v -0.185587 0.057091 -0.348572
v -0.185587 0.057823 -0.354175
v -0.185587 0.058069 -0.359864
v -0.185587 0.057823 -0.365553
v -0.185587 0.057091 -0.371156
v -0.185587 0.055889 -0.376588
v -0.185587 0.054241 -0.381762
v -0.185587 0.052188 -0.386596
v -0.185587 0.049782 -0.391009
v -0.927933 0.046953 -0.324615
v -0.927933 0.046953 -0.395113
v -0.927933 0.049782 -0.328719
v -0.927933 0.052188 -0.333132
v -0.927933 0.054241 -0.337966
v -0.927933 0.055889 -0.343140
v -0.927933 0.057091 -0.348572
v -0.927933 0.057823 -0.354175
v -0.927933 0.058069 -0.359864
v -0.927933 0.057823 -0.365553
v -0.927933 0.057091 -0.371156
v -0.927933 0.055889 -0.376588
v -0.927933 0.054241 -0.381762
v -0.927933 0.052188 -0.386596
v -0.927933 0.049782 -0.391009
v -0.927933 0.046953 -0.804433
v -0.927933 0.046953 -0.874932
v -0.927933 0.049782 -0.808537
v -0.927933 0.052188 -0.812950
v -0.927933 0.054241 -0.817785
v -0.927933 0.055889 -0.822959
v -0.927933 0.057091 -0.828390
v -0.927933 0.057823 -0.833993
v -0.927933 0.058069 -0.839683
v -0.927933 0.057823 -0.845372
v -0.927933 0.057091 -0.850975
v -0.927933 0.055889 -0.856406
v -0.927933 0.054241 -0.861581
v -0.927933 0.052188 -0.866415
v -0.927933 0.049782 -0.870828
v -0.185587 0.046953 0.635023
v -0.185587 0.046953 0.564524
v -0.185587 0.049782 0.630919
v -0.185587 0.052188 0.626506
v -0.185587 0.054241 0.621671
v -0.185587 0.055889 0.616497
v -0.185587 0.057091 0.611066
v -0.185587 0.057823 0.605463
v -0.185587 0.058069 0.599773
v -0.185587 0.057823 0.594084
v -0.185587 0.057091 0.588481
v -0.185587 0.055889 0.583050
v -0.185587 0.054241 0.577875
v -0.185587 0.052188 0.573041
v -0.185587 0.049782 0.568628
v -0.927933 0.046953 0.635023
v -0.927933 0.046953 0.564524
v -0.927933 0.049782 0.630919
v -0.927933 0.052188 0.626506
v -0.927933 0.054241 0.621671
v -0.927933 0.055889 0.616497
v -0.927933 0.057091 0.611066
v -0.927933 0.057823 0.605463
v -0.927933 0.058069 0.599773
v -0.927933 0.057823 0.594084
v -0.927933 0.057091 0.588481
v -0.927933 0.055889 0.583050
v -0.927933 0.054241 0.577875
v -0.927933 0.052188 0.573041
v -0.927933 0.049782 0.568628
v -0.927933 0.046953 0.155204
v -0.927933 0.046953 0.084705
v -0.927933 0.049782 0.151100
v -0.927933 0.052188 0.146687
v -0.927933 0.054241 0.141853
v -0.927933 0.055889 0.136678
v -0.927933 0.057091 0.131247
v -0.927933 0.057823 0.125644
v -0.927933 0.058069 0.119955
v -0.927933 0.057823 0.114265
v -0.927933 0.057091 0.108662
v -0.927933 0.055889 0.103231
v -0.927933 0.054241 0.098057
v -0.927933 0.052188 0.093222
v -0.927933 0.049782 0.088809
v 1.299106 0.046953 0.635023
v 1.299106 0.046953 0.564524
v 1.299106 0.049782 0.630919
v 1.299106 0.052188 0.626506
v 1.299106 0.054241 0.621671
v 1.299106 0.055889 0.616497
v 1.299106 0.057091 0.611066
v 1.299106 0.057823 0.605463
v 1.299106 0.058069 0.599773
v 1.299106 0.057823 0.594084
v 1.299106 0.057091 0.588481
v 1.299106 0.055889 0.583050
v 1.299106 0.054241 0.577875
v 1.299106 0.052188 0.573041
v 1.299106 0.049782 0.568628
v 0.556760 0.046953 0.635023
v 0.556760 0.046953 0.564524
v 0.556760 0.049782 0.630919
v 0.556760 0.052188 0.626506
v 0.556760 0.054241 0.621671
v 0.556760 0.055889 0.616497
v 0.556760 0.057091 0.611066
v 0.556760 0.057823 0.605463
v 0.556760 0.058069 0.599773
v 0.556760 0.057823 0.594084
v 0.556760 0.057091 0.588481
v 0.556760 0.055889 0.583050
v 0.556760 0.054241 0.577875
v 0.556760 0.052188 0.573041
v 0.556760 0.049782 0.568628
v 0.556760 0.046953 0.155204
v 0.556760 0.046953 0.084705
v 0.556760 0.049782 0.151100
v 0.556760 0.052188 0.146687
v 0.556760 0.054241 0.141853
v 0.556760 0.055889 0.136678
v 0.556760 0.057091 0.131247
v 0.556760 0.057823 0.125644
v 0.556760 0.058069 0.119955
v 0.556760 0.057823 0.114265
v 0.556760 0.057091 0.108662
v 0.556760 0.055889 0.103231
v 0.556760 0.054241 0.098057
v 0.556760 0.052188 0.093222
v 0.556760 0.049782 0.088809
v 1.299106 0.046953 0.155204
v 1.299106 0.046953 0.084705
v 1.299106 0.049782 0.151100
v 1.299106 0.052188 0.146687
v 1.299106 0.054241 0.141853
v 1.299106 0.055889 0.136678
v 1.299106 0.057091 0.131247
v 1.299106 0.057823 0.125644
v 1.299106 0.058069 0.119955
v 1.299106 0.057823 0.114265
v 1.299106 0.057091 0.108662
v 1.299106 0.055889 0.103231
v 1.299106 0.054241 0.098057
v 1.299106 0.052188 0.093222
v 1.299106 0.049782 0.088809
v -0.185587 0.046953 0.155204
v -0.185587 0.046953 0.084705
v -0.185587 0.049782 0.151100
v -0.185587 0.052188 0.146687
v -0.185587 0.054241 0.141853
v -0.185587 0.055889 0.136678
v -0.185587 0.057091 0.131247
v -0.185587 0.057823 0.125644
v -0.185587 0.058069 0.119955
v -0.185587 0.057823 0.114265
v -0.185587 0.057091 0.108662
v -0.185587 0.055889 0.103231
v -0.185587 0.054241 0.098057
v -0.185587 0.052188 0.093222
v -0.185587 0.049782 0.088809
v -0.185587 0.046953 -0.804433
v -0.185587 0.046953 -0.874932
v -0.185587 0.049782 -0.808537
v -0.185587 0.052188 -0.812950
v -0.185587 0.054241 -0.817785
v -0.185587 0.055889 -0.822959
v -0.185587 0.057091 -0.828390
v -0.185587 0.057823 -0.833993
v -0.185587 0.058069 -0.839683
v -0.185587 0.057823 -0.845372
v -0.185587 0.057091 -0.850975
v -0.185587 0.055889 -0.856406
v -0.185587 0.054241 -0.861581
v -0.185587 0.052188 -0.866415
v -0.185587 0.049782 -0.870828
v 1.299106 0.046953 -0.804433
v 1.299106 0.046953 -0.874932
v 1.299106 0.049782 -0.808537
v 1.299106 0.052188 -0.812950
v 1.299106 0.054241 -0.817785
v 1.299106 0.055889 -0.822959
v 1.299106 0.057091 -0.828390
v 1.299106 0.057823 -0.833993
v 1.299106 0.058069 -0.839683
v 1.299106 0.057823 -0.845372
v 1.299106 0.057091 -0.850975
v 1.299106 0.055889 -0.856406
v 1.299106 0.054241 -0.861581
v 1.299106 0.052188 -0.866415
v 1.299106 0.049782 -0.870828
vt 0.500000 0.957802
vt 0.562500 0.957802
vt 0.562500 1.000000
vt 0.500000 1.000000
vt 0.250000 0.957802
vt 0.312500 0.957802
vt 0.312500 1.000000
vt 0.250000 1.000000
vt 0.000000 0.270302
vt 0.062500 0.270302
vt 0.062500 0.292198
vt 0.000000 0.292198
vt 0.937500 0.520302
vt 1.000000 0.520302
vt 1.000000 0.542198
vt 0.937500 0.542198
vt 0.687500 0.520302
vt 0.750000 0.520302
vt 0.750000 0.542198
vt 0.687500 0.542198
vt 0.250000 0.207802
vt 0.312500 0.207802
vt 0.312500 0.229698
vt 0.250000 0.229698
vt 0.937500 0.270302
vt 1.000000 0.270302
vt 1.000000 0.292198
vt 0.937500 0.292198
vt 0.187500 0.520302
vt 0.250000 0.520302
vt 0.250000 0.542198
vt 0.187500 0.542198
vt 0.250000 0.707802
vt 0.312500 0.707802
vt 0.312500 0.729698
vt 0.250000 0.729698
vt 0.312500 0.520302
vt 0.312500 0.542198
vt 0.750000 0.957802
vt 0.812500 0.957802
vt 0.812500 1.000000
vt 0.750000 1.000000
vt 0.750000 0.707802
vt 0.812500 0.707802
vt 0.812500 0.729698
vt 0.750000 0.729698
vt 0.500000 0.207802
vt 0.562500 0.207802
vt 0.562500 0.229698
vt 0.500000 0.229698
vt 0.000000 0.957802
vt 0.062500 0.957802
vt 0.062500 1.000000
vt 0.000000 1.000000
vt 0.000000 0.145302
vt 0.062500 0.145302
vt 0.062500 0.167198
vt 0.000000 0.167198
vt 0.937500 0.770302
vt 1.000000 0.770302
vt 1.000000 0.792198
vt 0.937500 0.792198
vt 0.812500 0.770302
vt 0.875000 0.770302
vt 0.875000 0.792198
vt 0.812500 0.792198
vt 0.625000 0.582802
vt 0.687500 0.582802
vt 0.687500 0.604698
vt 0.625000 0.604698
vt 0.937500 0.645302
vt 1.000000 0.645302
vt 1.000000 0.667198
vt 0.937500 0.667198
vt 0.562500 0.770302
vt 0.625000 0.770302
vt 0.625000 0.792198
vt 0.562500 0.792198
vt 0.625000 0.832802
vt 0.687500 0.832802
vt 0.687500 0.854698
vt 0.625000 0.854698
vt 0.625000 0.707802
vt 0.687500 0.707802
vt 0.687500 0.729698
vt 0.625000 0.729698
vt 0.125000 0.957802
vt 0.187500 0.957802
vt 0.187500 1.000000
vt 0.125000 1.000000
vt 0.375000 0.582802
vt 0.437500 0.582802
vt 0.437500 0.604698
vt 0.375000 0.604698
vt 0.750000 0.582802
vt 0.812500 0.582802
vt 0.812500 0.604698
vt 0.750000 0.604698
vt 0.312500 0.770302
vt 0.375000 0.770302
vt 0.375000 0.792198
vt 0.312500 0.792198
vt 0.125000 0.582802
vt 0.187500 0.582802
vt 0.187500 0.604698
vt 0.125000 0.604698
vt 0.500000 0.082802
vt 0.562500 0.082802
vt 0.562500 0.104698
vt 0.500000 0.104698
vt 0.062500 0.770302
vt 0.125000 0.770302
vt 0.125000 0.792198
vt 0.062500 0.792198
vt 0.125000 0.832802
vt 0.187500 0.832802
vt 0.187500 0.854698
vt 0.125000 0.854698
vt 0.125000 0.707802
vt 0.187500 0.707802
vt 0.187500 0.729698
vt 0.125000 0.729698
vt 0.312500 0.000000
vt 0.375000 0.000000
vt 0.375000 0.042198
vt 0.312500 0.042198
vt 0.375000 0.082802
vt 0.437500 0.082802
vt 0.437500 0.104698
vt 0.375000 0.104698
vt 0.250000 0.582802
vt 0.312500 0.582802
vt 0.312500 0.604698
vt 0.250000 0.604698
vt 0.312500 0.270302
vt 0.375000 0.270302
vt 0.375000 0.292198
vt 0.312500 0.292198
vt 0.125000 0.082802
vt 0.187500 0.082802
vt 0.187500 0.104698
vt 0.125000 0.104698
vt 0.375000 0.457802
vt 0.437500 0.457802
vt 0.437500 0.479698
vt 0.375000 0.479698
vt 0.125000 0.270302
vt 0.125000 0.292198
vt 0.125000 0.332802
vt 0.187500 0.332802
vt 0.187500 0.354698
vt 0.125000 0.354698
vt 0.125000 0.207802
vt 0.187500 0.207802
vt 0.187500 0.229698
vt 0.125000 0.229698
vt 0.062500 0.520302
vt 0.125000 0.520302
vt 0.125000 0.542198
vt 0.062500 0.542198
vt 0.875000 0.082802
vt 0.937500 0.082802
vt 0.937500 0.104698
vt 0.875000 0.104698
vt 0.250000 0.082802
vt 0.312500 0.082802
vt 0.312500 0.104698
vt 0.250000 0.104698
vt 0.812500 0.270302
vt 0.875000 0.270302
vt 0.875000 0.292198
vt 0.812500 0.292198
vt 0.625000 0.082802
vt 0.687500 0.082802
vt 0.687500 0.104698
vt 0.625000 0.104698
vt 0.937500 0.145302
vt 1.000000 0.145302
vt 1.000000 0.167198
vt 0.937500 0.167198
vt 0.562500 0.270302
vt 0.625000 0.270302
vt 0.625000 0.292198
vt 0.562500 0.292198
vt 0.625000 0.332802
vt 0.687500 0.332802
vt 0.687500 0.354698
vt 0.625000 0.354698
vt 0.625000 0.207802
vt 0.687500 0.207802
vt 0.687500 0.229698
vt 0.625000 0.229698
vt 0.562500 0.520302
vt 0.625000 0.520302
vt 0.625000 0.542198
vt 0.562500 0.542198
vt 0.875000 0.332802
vt 0.937500 0.332802
vt 0.937500 0.354698
vt 0.875000 0.354698
vt 0.750000 0.082802
vt 0.812500 0.082802
vt 0.812500 0.104698
vt 0.750000 0.104698
vt 0.812500 0.520302
vt 0.875000 0.520302
vt 0.875000 0.542198
vt 0.812500 0.542198
vt 0.375000 0.332802
vt 0.437500 0.332802
vt 0.437500 0.354698
vt 0.375000 0.354698
vt 0.937500 0.395302
vt 1.000000 0.395302
vt 1.000000 0.417198
vt 0.937500 0.417198
vt 0.375000 0.520302
vt 0.375000 0.542198
vt 0.375000 0.832802
vt 0.437500 0.832802
vt 0.437500 0.854698
vt 0.375000 0.854698
vt 0.125000 0.457802
vt 0.187500 0.457802
vt 0.187500 0.479698
vt 0.125000 0.479698
vt 0.875000 0.957802
vt 0.937500 0.957802
vt 0.937500 1.000000
vt 0.875000 1.000000
vt 0.875000 0.832802
vt 0.937500 0.832802
vt 0.937500 0.854698
vt 0.875000 0.854698
vt 0.500000 0.332802
vt 0.562500 0.332802
vt 0.562500 0.354698
vt 0.500000 0.354698
vt 0.000000 0.000000
vt 0.062500 0.000000
vt 0.062500 0.042198
vt 0.000000 0.042198
vt 0.937500 0.895302
vt 1.000000 0.895302
vt 1.000000 0.917198
vt 0.937500 0.917198
vt 0.875000 0.895302
vt 0.875000 0.917198
vt 0.875000 0.582802
vt 0.937500 0.582802
vt 0.937500 0.604698
vt 0.875000 0.604698
vt 0.000000 0.770302
vt 0.000000 0.792198
vt 0.750000 0.895302
vt 0.812500 0.895302
vt 0.812500 0.917198
vt 0.750000 0.917198
vt 0.687500 0.770302
vt 0.750000 0.770302
vt 0.750000 0.792198
vt 0.687500 0.792198
vt 0.687500 0.957802
vt 0.687500 1.000000
vt 0.687500 0.895302
vt 0.687500 0.917198
vt 0.812500 0.832802
vt 0.812500 0.854698
vt 0.375000 0.895302
vt 0.437500 0.895302
vt 0.437500 0.917198
vt 0.375000 0.917198
vt 0.750000 0.832802
vt 0.750000 0.854698
vt 0.437500 0.707802
vt 0.500000 0.707802
vt 0.500000 0.729698
vt 0.437500 0.729698
vt 0.250000 0.895302
vt 0.312500 0.895302
vt 0.312500 0.917198
vt 0.250000 0.917198
vt 0.187500 0.770302
vt 0.250000 0.770302
vt 0.250000 0.792198
vt 0.187500 0.792198
vt 0.437500 0.770302
vt 0.437500 0.792198
vt 0.187500 0.895302
vt 0.187500 0.917198
vt 0.312500 0.832802
vt 0.312500 0.854698
vt 0.375000 0.395302
vt 0.437500 0.395302
vt 0.437500 0.417198
vt 0.375000 0.417198
vt 0.250000 0.832802
vt 0.250000 0.854698
vt 0.437500 0.207802
vt 0.437500 0.229698
vt 0.250000 0.395302
vt 0.312500 0.395302
vt 0.312500 0.417198
vt 0.250000 0.417198
vt 0.187500 0.270302
vt 0.250000 0.270302
vt 0.250000 0.292198
vt 0.187500 0.292198
vt 0.437500 0.270302
vt 0.437500 0.292198
vt 0.250000 0.457802
vt 0.250000 0.479698
vt 0.187500 0.395302
vt 0.187500 0.417198
vt 0.312500 0.332802
vt 0.312500 0.354698
vt 0.875000 0.395302
vt 0.875000 0.417198
vt 0.250000 0.332802
vt 0.250000 0.354698
vt 0.562500 0.707802
vt 0.562500 0.729698
vt 0.750000 0.395302
vt 0.812500 0.395302
vt 0.812500 0.417198
vt 0.750000 0.417198
vt 0.687500 0.270302
vt 0.750000 0.270302
vt 0.750000 0.292198
vt 0.687500 0.292198
vt 0.687500 0.457802
vt 0.750000 0.457802
vt 0.750000 0.479698
vt 0.687500 0.479698
vt 0.687500 0.395302
vt 0.687500 0.417198
vt 0.812500 0.332802
vt 0.812500 0.354698
vt 0.625000 0.395302
vt 0.625000 0.417198
vt 0.875000 0.207802
vt 0.937500 0.207802
vt 0.937500 0.229698
vt 0.875000 0.229698
vt 0.750000 0.207802
vt 0.750000 0.229698
vt 0.500000 0.395302
vt 0.562500 0.395302
vt 0.562500 0.417198
vt 0.500000 0.417198
vt 0.500000 0.270302
vt 0.500000 0.292198
vt 0.500000 0.520302
vt 0.500000 0.542198
vt 0.625000 0.145302
vt 0.687500 0.145302
vt 0.687500 0.167198
vt 0.625000 0.167198
vt 0.375000 0.957802
vt 0.437500 0.957802
vt 0.437500 1.000000
vt 0.375000 1.000000
vt 0.250000 0.000000
vt 0.250000 0.042198
vt 0.500000 0.145302
vt 0.562500 0.145302
vt 0.562500 0.167198
vt 0.500000 0.167198
vt 0.750000 0.000000
vt 0.812500 0.000000
vt 0.812500 0.042198
vt 0.750000 0.042198
vt 0.625000 0.000000
vt 0.687500 0.000000
vt 0.687500 0.042198
vt 0.625000 0.042198
vt 0.437500 0.145302
vt 0.437500 0.167198
vt 0.875000 0.145302
vt 0.875000 0.167198
vt 0.562500 0.000000
vt 0.562500 0.042198
vt 0.437500 0.000000
vt 0.500000 0.000000
vt 0.500000 0.042198
vt 0.437500 0.042198
vt 0.750000 0.145302
vt 0.812500 0.145302
vt 0.812500 0.167198
vt 0.750000 0.167198
vt 0.875000 0.000000
vt 0.937500 0.000000
vt 0.937500 0.042198
vt 0.875000 0.042198
vt 0.125000 0.395302
vt 0.125000 0.417198
vt 0.375000 0.207802
vt 0.375000 0.229698
vt 1.000000 0.582802
vt 1.000000 0.604698
vt 0.000000 0.207802
vt 0.062500 0.207802
vt 0.062500 0.229698
vt 0.000000 0.229698
vt 0.937500 0.457802
vt 1.000000 0.457802
vt 1.000000 0.479698
vt 0.937500 0.479698
vt 0.000000 0.332802
vt 0.062500 0.332802
vt 0.062500 0.354698
vt 0.000000 0.354698
vt 0.125000 0.145302
vt 0.187500 0.145302
vt 0.187500 0.167198
vt 0.125000 0.167198
vt 0.625000 0.957802
vt 0.625000 1.000000
vt 1.000000 0.832802
vt 1.000000 0.854698
vt 1.000000 0.957802
vt 1.000000 1.000000
vt 0.125000 0.000000
vt 0.187500 0.000000
vt 0.187500 0.042198
vt 0.125000 0.042198
vt 0.937500 0.707802
vt 1.000000 0.707802
vt 1.000000 0.729698
vt 0.937500 0.729698
vt 0.000000 0.082802
vt 0.062500 0.082802
vt 0.062500 0.104698
vt 0.000000 0.104698
vt 0.375000 0.145302
vt 0.375000 0.167198
vt 0.250000 0.145302
vt 0.312500 0.145302
vt 0.312500 0.167198
vt 0.250000 0.167198
vt 0.125000 0.895302
vt 0.125000 0.917198
vt 0.375000 0.707802
vt 0.375000 0.729698
vt 1.000000 0.082802
vt 1.000000 0.104698
vt 0.000000 0.707802
vt 0.062500 0.707802
vt 0.062500 0.729698
vt 0.000000 0.729698
vt 1.000000 0.000000
vt 1.000000 0.042198
vt 0.000000 0.832802
vt 0.062500 0.832802
vt 0.062500 0.854698
vt 0.000000 0.854698
vt 0.125000 0.645302
vt 0.187500 0.645302
vt 0.187500 0.667198
vt 0.125000 0.667198
vt 0.625000 0.457802
vt 0.625000 0.479698
vt 1.000000 0.332802
vt 1.000000 0.354698
vt 0.000000 0.457802
vt 0.062500 0.457802
vt 0.062500 0.479698
vt 0.000000 0.479698
vt 1.000000 0.207802
vt 1.000000 0.229698
vt 0.000000 0.582802
vt 0.062500 0.582802
vt 0.062500 0.604698
vt 0.000000 0.604698
vt 0.375000 0.645302
vt 0.437500 0.645302
vt 0.437500 0.667198
vt 0.375000 0.667198
vt 0.875000 0.457802
vt 0.875000 0.479698
vt 0.500000 0.457802
vt 0.500000 0.479698
vt 0.250000 0.645302
vt 0.312500 0.645302
vt 0.312500 0.667198
vt 0.250000 0.667198
vt 0.312500 0.457802
vt 0.312500 0.479698
vt 0.437500 0.520302
vt 0.437500 0.542198
vt 0.625000 0.895302
vt 0.625000 0.917198
vt 0.875000 0.707802
vt 0.875000 0.729698
vt 0.500000 0.895302
vt 0.562500 0.895302
vt 0.562500 0.917198
vt 0.500000 0.917198
vt 0.500000 0.770302
vt 0.500000 0.792198
vt 0.562500 0.832802
vt 0.562500 0.854698
vt 0.625000 0.645302
vt 0.687500 0.645302
vt 0.687500 0.667198
vt 0.625000 0.667198
vt 0.000000 0.395302
vt 0.062500 0.395302
vt 0.062500 0.417198
vt 0.000000 0.417198
vt 0.812500 0.207802
vt 0.812500 0.229698
vt 0.500000 0.645302
vt 0.562500 0.645302
vt 0.562500 0.667198
vt 0.500000 0.667198
vt 0.562500 0.582802
vt 0.562500 0.604698
vt 0.875000 0.645302
vt 0.875000 0.667198
vt 0.750000 0.332802
vt 0.750000 0.354698
vt 0.562500 0.457802
vt 0.562500 0.479698
vt 0.750000 0.645302
vt 0.812500 0.645302
vt 0.812500 0.667198
vt 0.750000 0.667198
vt 0.812500 0.457802
vt 0.812500 0.479698
vt 0.000000 0.895302
vt 0.062500 0.895302
vt 0.062500 0.917198
vt 0.000000 0.917198
vt 0.500000 0.582802
vt 0.500000 0.604698
vt 0.062500 0.645302
vt 0.062500 0.667198
vt 0.500000 0.832802
vt 0.500000 0.854698
vt 0.000000 0.645302
vt 0.000000 0.667198
vt 0.000000 0.520302
vt 0.000000 0.517943
vt 0.062500 0.517943
vt 0.000000 0.515443
vt 0.062500 0.515443
vt 0.000000 0.512832
vt 0.062500 0.512832
vt 0.000000 0.510144
vt 0.062500 0.510144
vt 0.000000 0.507412
vt 0.062500 0.507412
vt 0.000000 0.504672
vt 0.062500 0.504672
vt 0.000000 0.500000
vt 0.062500 0.500000
vt 0.000000 0.495328
vt 0.062500 0.495328
vt 0.000000 0.492588
vt 0.062500 0.492588
vt 0.000000 0.489856
vt 0.062500 0.489856
vt 0.000000 0.487168
vt 0.062500 0.487168
vt 0.000000 0.484557
vt 0.062500 0.484557
vt 0.000000 0.482057
vt 0.062500 0.482057
vt 0.500000 0.517943
vt 0.562500 0.517943
vt 0.500000 0.515443
vt 0.562500 0.515443
vt 0.500000 0.512832
vt 0.562500 0.512832
vt 0.500000 0.510144
vt 0.562500 0.510144
vt 0.500000 0.507412
vt 0.562500 0.507412
vt 0.500000 0.504672
vt 0.562500 0.504672
vt 0.500000 0.500000
vt 0.562500 0.500000
vt 0.500000 0.495328
vt 0.562500 0.495328
vt 0.500000 0.492588
vt 0.562500 0.492588
vt 0.500000 0.489856
vt 0.562500 0.489856
vt 0.500000 0.487168
vt 0.562500 0.487168
vt 0.500000 0.484557
vt 0.562500 0.484557
vt 0.500000 0.482057
vt 0.562500 0.482057
vt 0.250000 0.517943
vt 0.312500 0.517943
vt 0.250000 0.515443
vt 0.312500 0.515443
vt 0.250000 0.512832
vt 0.312500 0.512832
vt 0.250000 0.510144
vt 0.312500 0.510144
vt 0.250000 0.507412
vt 0.312500 0.507412
vt 0.250000 0.504672
vt 0.312500 0.504672
vt 0.250000 0.500000
vt 0.312500 0.500000
vt 0.250000 0.495328
vt 0.312500 0.495328
vt 0.250000 0.492588
vt 0.312500 0.492588
vt 0.250000 0.489856
vt 0.312500 0.489856
vt 0.250000 0.487168
vt 0.312500 0.487168
vt 0.250000 0.484557
vt 0.312500 0.484557
vt 0.250000 0.482057
vt 0.312500 0.482057
vt 0.750000 0.517943
vt 0.812500 0.517943
vt 0.750000 0.515443
vt 0.812500 0.515443
vt 0.750000 0.512832
vt 0.812500 0.512832
vt 0.750000 0.510144
vt 0.812500 0.510144
vt 0.750000 0.507412
vt 0.812500 0.507412
vt 0.750000 0.504672
vt 0.812500 0.504672
vt 0.750000 0.500000
vt 0.812500 0.500000
vt 0.750000 0.495328
vt 0.812500 0.495328
vt 0.750000 0.492588
vt 0.812500 0.492588
vt 0.750000 0.489856
vt 0.812500 0.489856
vt 0.750000 0.487168
vt 0.812500 0.487168
vt 0.750000 0.484557
vt 0.812500 0.484557
vt 0.750000 0.482057
vt 0.812500 0.482057
vt 0.500000 0.267943
vt 0.562500 0.267943
vt 0.500000 0.265443
vt 0.562500 0.265443
vt 0.500000 0.262832
vt 0.562500 0.262832
vt 0.500000 0.260144
vt 0.562500 0.260144
vt 0.500000 0.257412
vt 0.562500 0.257412
vt 0.500000 0.254672
vt 0.562500 0.254672
vt 0.500000 0.250000
vt 0.562500 0.250000
vt 0.500000 0.245328
vt 0.562500 0.245328
vt 0.500000 0.242588
vt 0.562500 0.242588
vt 0.500000 0.239856
vt 0.562500 0.239856
vt 0.500000 0.237168
vt 0.562500 0.237168
vt 0.500000 0.234557
vt 0.562500 0.234557
vt 0.500000 0.232057
vt 0.562500 0.232057
vt 0.750000 0.267943
vt 0.812500 0.267943
vt 0.750000 0.265443
vt 0.812500 0.265443
vt 0.750000 0.262832
vt 0.812500 0.262832
vt 0.750000 0.260144
vt 0.812500 0.260144
vt 0.750000 0.257412
vt 0.812500 0.257412
vt 0.750000 0.254672
vt 0.812500 0.254672
vt 0.750000 0.250000
vt 0.812500 0.250000
vt 0.750000 0.245328
vt 0.812500 0.245328
vt 0.750000 0.242588
vt 0.812500 0.242588
vt 0.750000 0.239856
vt 0.812500 0.239856
vt 0.750000 0.237168
vt 0.812500 0.237168
vt 0.750000 0.234557
vt 0.812500 0.234557
vt 0.750000 0.232057
vt 0.812500 0.232057
vt 0.000000 0.267943
vt 0.062500 0.267943
vt 0.000000 0.265443
vt 0.062500 0.265443
vt 0.000000 0.262832
vt 0.062500 0.262832
vt 0.000000 0.260144
vt 0.062500 0.260144
vt 0.000000 0.257412
vt 0.062500 0.257412
vt 0.000000 0.254672
vt 0.062500 0.254672
vt 0.000000 0.250000
vt 0.062500 0.250000
vt 0.000000 0.245328
vt 0.062500 0.245328
vt 0.000000 0.242588
vt 0.062500 0.242588
vt 0.000000 0.239856
vt 0.062500 0.239856
vt 0.000000 0.237168
vt 0.062500 0.237168
vt 0.000000 0.234557
vt 0.062500 0.234557
vt 0.000000 0.232057
vt 0.062500 0.232057
vt 0.250000 0.267943
vt 0.312500 0.267943
vt 0.250000 0.265443
vt 0.312500 0.265443
vt 0.250000 0.262832
vt 0.312500 0.262832
vt 0.250000 0.260144
vt 0.312500 0.260144
vt 0.250000 0.257412
vt 0.312500 0.257412
vt 0.250000 0.254672
vt 0.312500 0.254672
vt 0.250000 0.250000
vt 0.312500 0.250000
vt 0.250000 0.245328
vt 0.312500 0.245328
vt 0.250000 0.242588
vt 0.312500 0.242588
vt 0.250000 0.239856
vt 0.312500 0.239856
vt 0.250000 0.237168
vt 0.312500 0.237168
vt 0.250000 0.234557
vt 0.312500 0.234557
vt 0.250000 0.232057
vt 0.312500 0.232057
vt 0.000000 0.767943
vt 0.062500 0.767943
vt 0.000000 0.765443
vt 0.062500 0.765443
vt 0.000000 0.762832
vt 0.062500 0.762832
vt 0.000000 0.760144
vt 0.062500 0.760144
vt 0.000000 0.757412
vt 0.062500 0.757412
vt 0.000000 0.754672
vt 0.062500 0.754672
vt 0.000000 0.750000
vt 0.062500 0.750000
vt 0.000000 0.745328
vt 0.062500 0.745328
vt 0.000000 0.742588
vt 0.062500 0.742588
vt 0.000000 0.739856
vt 0.062500 0.739856
vt 0.000000 0.737168
vt 0.062500 0.737168
vt 0.000000 0.734557
vt 0.062500 0.734557
vt 0.000000 0.732057
vt 0.062500 0.732057
vt 0.250000 0.767943
vt 0.312500 0.767943
vt 0.250000 0.765443
vt 0.312500 0.765443
vt 0.250000 0.762832
vt 0.312500 0.762832
vt 0.250000 0.760144
vt 0.312500 0.760144
vt 0.250000 0.757412
vt 0.312500 0.757412
vt 0.250000 0.754672
vt 0.312500 0.754672
vt 0.250000 0.750000
vt 0.312500 0.750000
vt 0.250000 0.745328
vt 0.312500 0.745328
vt 0.250000 0.742588
vt 0.312500 0.742588
vt 0.250000 0.739856
vt 0.312500 0.739856
vt 0.250000 0.737168
vt 0.312500 0.737168
vt 0.250000 0.734557
vt 0.312500 0.734557
vt 0.250000 0.732057
vt 0.312500 0.732057
vt 0.500000 0.767943
vt 0.562500 0.767943
vt 0.500000 0.765443
vt 0.562500 0.765443
vt 0.500000 0.762832
vt 0.562500 0.762832
vt 0.500000 0.760144
vt 0.562500 0.760144
vt 0.500000 0.757412
vt 0.562500 0.757412
vt 0.500000 0.754672
vt 0.562500 0.754672
vt 0.500000 0.750000
vt 0.562500 0.750000
vt 0.500000 0.745328
vt 0.562500 0.745328
vt 0.500000 0.742588
vt 0.562500 0.742588
vt 0.500000 0.739856
vt 0.562500 0.739856
vt 0.500000 0.737168
vt 0.562500 0.737168
vt 0.500000 0.734557
vt 0.562500 0.734557
vt 0.500000 0.732057
vt 0.562500 0.732057
vt 0.750000 0.767943
vt 0.812500 0.767943
vt 0.750000 0.765443
vt 0.812500 0.765443
vt 0.750000 0.762832
vt 0.812500 0.762832
vt 0.750000 0.760144
vt 0.812500 0.760144
vt 0.750000 0.757412
vt 0.812500 0.757412
vt 0.750000 0.754672
vt 0.812500 0.754672
vt 0.750000 0.750000
vt 0.812500 0.750000
vt 0.750000 0.745328
vt 0.812500 0.745328
vt 0.750000 0.742588
vt 0.812500 0.742588
vt 0.750000 0.739856
vt 0.812500 0.739856
vt 0.750000 0.737168
vt 0.812500 0.737168
vt 0.750000 0.734557
vt 0.812500 0.734557
vt 0.750000 0.732057
vt 0.812500 0.732057
vt 0.125000 0.517943
vt 0.187500 0.517943
vt 0.125000 0.515443
vt 0.187500 0.515443
vt 0.125000 0.512832
vt 0.187500 0.512832
vt 0.125000 0.510144
vt 0.187500 0.510144
vt 0.125000 0.507412
vt 0.187500 0.507412
vt 0.125000 0.504672
vt 0.187500 0.504672
vt 0.125000 0.500000
vt 0.187500 0.500000
vt 0.125000 0.495328
vt 0.187500 0.495328
vt 0.125000 0.492588
vt 0.187500 0.492588
vt 0.125000 0.489856
vt 0.187500 0.489856
vt 0.125000 0.487168
vt 0.187500 0.487168
vt 0.125000 0.484557
vt 0.187500 0.484557
vt 0.125000 0.482057
vt 0.187500 0.482057
vt 0.625000 0.517943
vt 0.687500 0.517943
vt 0.625000 0.515443
vt 0.687500 0.515443
vt 0.625000 0.512832
vt 0.687500 0.512832
vt 0.625000 0.510144
vt 0.687500 0.510144
vt 0.625000 0.507412
vt 0.687500 0.507412
vt 0.625000 0.504672
vt 0.687500 0.504672
vt 0.625000 0.500000
vt 0.687500 0.500000
vt 0.625000 0.495328
vt 0.687500 0.495328
vt 0.625000 0.492588
vt 0.687500 0.492588
vt 0.625000 0.489856
vt 0.687500 0.489856
vt 0.625000 0.487168
vt 0.687500 0.487168
vt 0.625000 0.484557
vt 0.687500 0.484557
vt 0.625000 0.482057
vt 0.687500 0.482057
vt 0.375000 0.517943
vt 0.437500 0.517943
vt 0.375000 0.515443
vt 0.437500 0.515443
vt 0.375000 0.512832
vt 0.437500 0.512832
vt 0.375000 0.510144
vt 0.437500 0.510144
vt 0.375000 0.507412
vt 0.437500 0.507412
vt 0.375000 0.504672
vt 0.437500 0.504672
vt 0.375000 0.500000
vt 0.437500 0.500000
vt 0.375000 0.495328
vt 0.437500 0.495328
vt 0.375000 0.492588
vt 0.437500 0.492588
vt 0.375000 0.489856
vt 0.437500 0.489856
vt 0.375000 0.487168
vt 0.437500 0.487168
vt 0.375000 0.484557
vt 0.437500 0.484557
vt 0.375000 0.482057
vt 0.437500 0.482057
vt 0.875000 0.517943
vt 0.937500 0.517943
vt 0.875000 0.515443
vt 0.937500 0.515443
vt 0.875000 0.512832
vt 0.937500 0.512832
vt 0.875000 0.510144
vt 0.937500 0.510144
vt 0.875000 0.507412
vt 0.937500 0.507412
vt 0.875000 0.504672
vt 0.937500 0.504672
vt 0.875000 0.500000
vt 0.937500 0.500000
vt 0.875000 0.495328
vt 0.937500 0.495328
vt 0.875000 0.492588
vt 0.937500 0.492588
vt 0.875000 0.489856
vt 0.937500 0.489856
vt 0.875000 0.487168
vt 0.937500 0.487168
vt 0.875000 0.484557
vt 0.937500 0.484557
vt 0.875000 0.482057
vt 0.937500 0.482057
vt 0.625000 0.267943
vt 0.687500 0.267943
vt 0.625000 0.265443
vt 0.687500 0.265443
vt 0.625000 0.262832
vt 0.687500 0.262832
vt 0.625000 0.260144
vt 0.687500 0.260144
vt 0.625000 0.257412
vt 0.687500 0.257412
vt 0.625000 0.254672
vt 0.687500 0.254672
vt 0.625000 0.250000
vt 0.687500 0.250000
vt 0.625000 0.245328
vt 0.687500 0.245328
vt 0.625000 0.242588
vt 0.687500 0.242588
vt 0.625000 0.239856
vt 0.687500 0.239856
vt 0.625000 0.237168
vt 0.687500 0.237168
vt 0.625000 0.234557
vt 0.687500 0.234557
vt 0.625000 0.232057
vt 0.687500 0.232057
vt 0.875000 0.267943
vt 0.937500 0.267943
vt 0.875000 0.265443
vt 0.937500 0.265443
vt 0.875000 0.262832
vt 0.937500 0.262832
vt 0.875000 0.260144
vt 0.937500 0.260144
vt 0.875000 0.257412
vt 0.937500 0.257412
vt 0.875000 0.254672
vt 0.937500 0.254672
vt 0.875000 0.250000
vt 0.937500 0.250000
vt 0.875000 0.245328
vt 0.937500 0.245328
vt 0.875000 0.242588
vt 0.937500 0.242588
vt 0.875000 0.239856
vt 0.937500 0.239856
vt 0.875000 0.237168
vt 0.937500 0.237168
vt 0.875000 0.234557
vt 0.937500 0.234557
vt 0.875000 0.232057
vt 0.937500 0.232057
vt 0.125000 0.267943
vt 0.187500 0.267943
vt 0.125000 0.265443
vt 0.187500 0.265443
vt 0.125000 0.262832
vt 0.187500 0.262832
vt 0.125000 0.260144
vt 0.187500 0.260144
vt 0.125000 0.257412
vt 0.187500 0.257412
vt 0.125000 0.254672
vt 0.187500 0.254672
vt 0.125000 0.250000
vt 0.187500 0.250000
vt 0.125000 0.245328
vt 0.187500 0.245328
vt 0.125000 0.242588
vt 0.187500 0.242588
vt 0.125000 0.239856
vt 0.187500 0.239856
vt 0.125000 0.237168
vt 0.187500 0.237168
vt 0.125000 0.234557
vt 0.187500 0.234557
vt 0.125000 0.232057
vt 0.187500 0.232057
vt 0.375000 0.267943
vt 0.437500 0.267943
vt 0.375000 0.265443
vt 0.437500 0.265443
vt 0.375000 0.262832
vt 0.437500 0.262832
vt 0.375000 0.260144
vt 0.437500 0.260144
vt 0.375000 0.257412
vt 0.437500 0.257412
vt 0.375000 0.254672
vt 0.437500 0.254672
vt 0.375000 0.250000
vt 0.437500 0.250000
vt 0.375000 0.245328
vt 0.437500 0.245328
vt 0.375000 0.242588
vt 0.437500 0.242588
vt 0.375000 0.239856
vt 0.437500 0.239856
vt 0.375000 0.237168
vt 0.437500 0.237168
vt 0.375000 0.234557
vt 0.437500 0.234557
vt 0.375000 0.232057
vt 0.437500 0.232057
vt 0.125000 0.767943
vt 0.187500 0.767943
vt 0.125000 0.765443
vt 0.187500 0.765443
vt 0.125000 0.762832
vt 0.187500 0.762832
vt 0.125000 0.760144
vt 0.187500 0.760144
vt 0.125000 0.757412
vt 0.187500 0.757412
vt 0.125000 0.754672
vt 0.187500 0.754672
vt 0.125000 0.750000
vt 0.187500 0.750000
vt 0.125000 0.745328
vt 0.187500 0.745328
vt 0.125000 0.742588
vt 0.187500 0.742588
vt 0.125000 0.739856
vt 0.187500 0.739856
vt 0.125000 0.737168
vt 0.187500 0.737168
vt 0.125000 0.734557
vt 0.187500 0.734557
vt 0.125000 0.732057
vt 0.187500 0.732057
vt 0.375000 0.767943
vt 0.437500 0.767943
vt 0.375000 0.765443
vt 0.437500 0.765443
vt 0.375000 0.762832
vt 0.437500 0.762832
vt 0.375000 0.760144
vt 0.437500 0.760144
vt 0.375000 0.757412
vt 0.437500 0.757412
vt 0.375000 0.754672
vt 0.437500 0.754672
vt 0.375000 0.750000
vt 0.437500 0.750000
vt 0.375000 0.745328
vt 0.437500 0.745328
vt 0.375000 0.742588
vt 0.437500 0.742588
vt 0.375000 0.739856
vt 0.437500 0.739856
vt 0.375000 0.737168
vt 0.437500 0.737168
vt 0.375000 0.734557
vt 0.437500 0.734557
vt 0.375000 0.732057
vt 0.437500 0.732057
vt 0.625000 0.767943
vt 0.687500 0.767943
vt 0.625000 0.765443
vt 0.687500 0.765443
vt 0.625000 0.762832
vt 0.687500 0.762832
vt 0.625000 0.760144
vt 0.687500 0.760144
vt 0.625000 0.757412
vt 0.687500 0.757412
vt 0.625000 0.754672
vt 0.687500 0.754672
vt 0.625000 0.750000
vt 0.687500 0.750000
vt 0.625000 0.745328
vt 0.687500 0.745328
vt 0.625000 0.742588
vt 0.687500 0.742588
vt 0.625000 0.739856
vt 0.687500 0.739856
vt 0.625000 0.737168
vt 0.687500 0.737168
vt 0.625000 0.734557
vt 0.687500 0.734557
vt 0.625000 0.732057
vt 0.687500 0.732057
vt 0.875000 0.767943
vt 0.937500 0.767943
vt 0.875000 0.765443
vt 0.937500 0.765443
vt 0.875000 0.762832
vt 0.937500 0.762832
vt 0.875000 0.760144
vt 0.937500 0.760144
vt 0.875000 0.757412
vt 0.937500 0.757412
vt 0.875000 0.754672
vt 0.937500 0.754672
vt 0.875000 0.750000
vt 0.937500 0.750000
vt 0.875000 0.745328
vt 0.937500 0.745328
vt 0.875000 0.742588
vt 0.937500 0.742588
vt 0.875000 0.739856
vt 0.937500 0.739856
vt 0.875000 0.737168
vt 0.937500 0.737168
vt 0.875000 0.734557
vt 0.937500 0.734557
vt 0.875000 0.732057
vt 0.937500 0.732057
vt 0.750000 0.642943
vt 0.812500 0.642943
vt 0.750000 0.640443
vt 0.812500 0.640443
vt 0.750000 0.637832
vt 0.812500 0.637832
vt 0.750000 0.635144
vt 0.812500 0.635144
vt 0.750000 0.632412
vt 0.812500 0.632412
vt 0.750000 0.629672
vt 0.812500 0.629672
vt 0.750000 0.625000
vt 0.812500 0.625000
vt 0.750000 0.620328
vt 0.812500 0.620328
vt 0.750000 0.617588
vt 0.812500 0.617588
vt 0.750000 0.614856
vt 0.812500 0.614856
vt 0.750000 0.612168
vt 0.812500 0.612168
vt 0.750000 0.609557
vt 0.812500 0.609557
vt 0.750000 0.607057
vt 0.812500 0.607057
vt 0.875000 0.642943
vt 0.937500 0.642943
vt 0.875000 0.640443
vt 0.937500 0.640443
vt 0.875000 0.637832
vt 0.937500 0.637832
vt 0.875000 0.635144
vt 0.937500 0.635144
vt 0.875000 0.632412
vt 0.937500 0.632412
vt 0.875000 0.629672
vt 0.937500 0.629672
vt 0.875000 0.625000
vt 0.937500 0.625000
vt 0.875000 0.620328
vt 0.937500 0.620328
vt 0.875000 0.617588
vt 0.937500 0.617588
vt 0.875000 0.614856
vt 0.937500 0.614856
vt 0.875000 0.612168
vt 0.937500 0.612168
vt 0.875000 0.609557
vt 0.937500 0.609557
vt 0.875000 0.607057
vt 0.937500 0.607057
vt 0.500000 0.642943
vt 0.562500 0.642943
vt 0.500000 0.640443
vt 0.562500 0.640443
vt 0.500000 0.637832
vt 0.562500 0.637832
vt 0.500000 0.635144
vt 0.562500 0.635144
vt 0.500000 0.632412
vt 0.562500 0.632412
vt 0.500000 0.629672
vt 0.562500 0.629672
vt 0.500000 0.625000
vt 0.562500 0.625000
vt 0.500000 0.620328
vt 0.562500 0.620328
vt 0.500000 0.617588
vt 0.562500 0.617588
vt 0.500000 0.614856
vt 0.562500 0.614856
vt 0.500000 0.612168
vt 0.562500 0.612168
vt 0.500000 0.609557
vt 0.562500 0.609557
vt 0.500000 0.607057
vt 0.562500 0.607057
vt 0.625000 0.642943
vt 0.687500 0.642943
vt 0.625000 0.640443
vt 0.687500 0.640443
vt 0.625000 0.637832
vt 0.687500 0.637832
vt 0.625000 0.635144
vt 0.687500 0.635144
vt 0.625000 0.632412
vt 0.687500 0.632412
vt 0.625000 0.629672
vt 0.687500 0.629672
vt 0.625000 0.625000
vt 0.687500 0.625000
vt 0.625000 0.620328
vt 0.687500 0.620328
vt 0.625000 0.617588
vt 0.687500 0.617588
vt 0.625000 0.614856
vt 0.687500 0.614856
vt 0.625000 0.612168
vt 0.687500 0.612168
vt 0.625000 0.609557
vt 0.687500 0.609557
vt 0.625000 0.607057
vt 0.687500 0.607057
vt 0.500000 0.892943
vt 0.562500 0.892943
vt 0.500000 0.890443
vt 0.562500 0.890443
vt 0.500000 0.887832
vt 0.562500 0.887832
vt 0.500000 0.885144
vt 0.562500 0.885144
vt 0.500000 0.882413
vt 0.562500 0.882413
vt 0.500000 0.879672
vt 0.562500 0.879672
vt 0.500000 0.875000
vt 0.562500 0.875000
vt 0.500000 0.870328
vt 0.562500 0.870328
vt 0.500000 0.867588
vt 0.562500 0.867588
vt 0.500000 0.864856
vt 0.562500 0.864856
vt 0.500000 0.862168
vt 0.562500 0.862168
vt 0.500000 0.859557
vt 0.562500 0.859557
vt 0.500000 0.857057
vt 0.562500 0.857057
vt 0.625000 0.892943
vt 0.687500 0.892943
vt 0.625000 0.890443
vt 0.687500 0.890443
vt 0.625000 0.887832
vt 0.687500 0.887832
vt 0.625000 0.885144
vt 0.687500 0.885144
vt 0.625000 0.882413
vt 0.687500 0.882413
vt 0.625000 0.879672
vt 0.687500 0.879672
vt 0.625000 0.875000
vt 0.687500 0.875000
vt 0.625000 0.870328
vt 0.687500 0.870328
vt 0.625000 0.867588
vt 0.687500 0.867588
vt 0.625000 0.864856
vt 0.687500 0.864856
vt 0.625000 0.862168
vt 0.687500 0.862168
vt 0.625000 0.859557
vt 0.687500 0.859557
vt 0.625000 0.857057
vt 0.687500 0.857057
vt 0.250000 0.642943
vt 0.312500 0.642943
vt 0.250000 0.640443
vt 0.312500 0.640443
vt 0.250000 0.637832
vt 0.312500 0.637832
vt 0.250000 0.635144
vt 0.312500 0.635144
vt 0.250000 0.632412
vt 0.312500 0.632412
vt 0.250000 0.629672
vt 0.312500 0.629672
vt 0.250000 0.625000
vt 0.312500 0.625000
vt 0.250000 0.620328
vt 0.312500 0.620328
vt 0.250000 0.617588
vt 0.312500 0.617588
vt 0.250000 0.614856
vt 0.312500 0.614856
vt 0.250000 0.612168
vt 0.312500 0.612168
vt 0.250000 0.609557
vt 0.312500 0.609557
vt 0.250000 0.607057
vt 0.312500 0.607057
vt 0.375000 0.642943
vt 0.437500 0.642943
vt 0.375000 0.640443
vt 0.437500 0.640443
vt 0.375000 0.637832
vt 0.437500 0.637832
vt 0.375000 0.635144
vt 0.437500 0.635144
vt 0.375000 0.632412
vt 0.437500 0.632412
vt 0.375000 0.629672
vt 0.437500 0.629672
vt 0.375000 0.625000
vt 0.437500 0.625000
vt 0.375000 0.620328
vt 0.437500 0.620328
vt 0.375000 0.617588
vt 0.437500 0.617588
vt 0.375000 0.614856
vt 0.437500 0.614856
vt 0.375000 0.612168
vt 0.437500 0.612168
vt 0.375000 0.609557
vt 0.437500 0.609557
vt 0.375000 0.607057
vt 0.437500 0.607057
vt 0.000000 0.642943
vt 0.062500 0.642943
vt 0.000000 0.640443
vt 0.062500 0.640443
vt 0.000000 0.637832
vt 0.062500 0.637832
vt 0.000000 0.635144
vt 0.062500 0.635144
vt 0.000000 0.632412
vt 0.062500 0.632412
vt 0.000000 0.629672
vt 0.062500 0.629672
vt 0.000000 0.625000
vt 0.062500 0.625000
vt 0.000000 0.620328
vt 0.062500 0.620328
vt 0.000000 0.617588
vt 0.062500 0.617588
vt 0.000000 0.614856
vt 0.062500 0.614856
vt 0.000000 0.612168
vt 0.062500 0.612168
vt 0.000000 0.609557
vt 0.062500 0.609557
vt 0.000000 0.607057
vt 0.062500 0.607057
vt 0.125000 0.642943
vt 0.187500 0.642943
vt 0.125000 0.640443
vt 0.187500 0.640443
vt 0.125000 0.637832
vt 0.187500 0.637832
vt 0.125000 0.635144
vt 0.187500 0.635144
vt 0.125000 0.632412
vt 0.187500 0.632412
vt 0.125000 0.629672
vt 0.187500 0.629672
vt 0.125000 0.625000
vt 0.187500 0.625000
vt 0.125000 0.620328
vt 0.187500 0.620328
vt 0.125000 0.617588
vt 0.187500 0.617588
vt 0.125000 0.614856
vt 0.187500 0.614856
vt 0.125000 0.612168
vt 0.187500 0.612168
vt 0.125000 0.609557
vt 0.187500 0.609557
vt 0.125000 0.607057
vt 0.187500 0.607057
vt 0.000000 0.892943
vt 0.062500 0.892943
vt 0.000000 0.890443
vt 0.062500 0.890443
vt 0.000000 0.887832
vt 0.062500 0.887832
vt 0.000000 0.885144
vt 0.062500 0.885144
vt 0.000000 0.882413
vt 0.062500 0.882413
vt 0.000000 0.879672
vt 0.062500 0.879672
vt 0.000000 0.875000
vt 0.062500 0.875000
vt 0.000000 0.870328
vt 0.062500 0.870328
vt 0.000000 0.867588
vt 0.062500 0.867588
vt 0.000000 0.864856
vt 0.062500 0.864856
vt 0.000000 0.862168
vt 0.062500 0.862168
vt 0.000000 0.859557
vt 0.062500 0.859557
vt 0.000000 0.857057
vt 0.062500 0.857057
vt 0.125000 0.892943
vt 0.187500 0.892943
vt 0.125000 0.890443
vt 0.187500 0.890443
vt 0.125000 0.887832
vt 0.187500 0.887832
vt 0.125000 0.885144
vt 0.187500 0.885144
vt 0.125000 0.882413
vt 0.187500 0.882413
vt 0.125000 0.879672
vt 0.187500 0.879672
vt 0.125000 0.875000
vt 0.187500 0.875000
vt 0.125000 0.870328
vt 0.187500 0.870328
vt 0.125000 0.867588
vt 0.187500 0.867588
vt 0.125000 0.864856
vt 0.187500 0.864856
vt 0.125000 0.862168
vt 0.187500 0.862168
vt 0.125000 0.859557
vt 0.187500 0.859557
vt 0.125000 0.857057
vt 0.187500 0.857057
vt 0.250000 0.142943
vt 0.312500 0.142943
vt 0.250000 0.140443
vt 0.312500 0.140443
vt 0.250000 0.137832
vt 0.312500 0.137832
vt 0.250000 0.135144
vt 0.312500 0.135144
vt 0.250000 0.132412
vt 0.312500 0.132412
vt 0.250000 0.129672
vt 0.312500 0.129672
vt 0.250000 0.125000
vt 0.312500 0.125000
vt 0.250000 0.120328
vt 0.312500 0.120328
vt 0.250000 0.117587
vt 0.312500 0.117587
vt 0.250000 0.114856
vt 0.312500 0.114856
vt 0.250000 0.112168
vt 0.312500 0.112168
vt 0.250000 0.109557
vt 0.312500 0.109557
vt 0.250000 0.107057
vt 0.312500 0.107057
vt 0.375000 0.142943
vt 0.437500 0.142943
vt 0.375000 0.140443
vt 0.437500 0.140443
vt 0.375000 0.137832
vt 0.437500 0.137832
vt 0.375000 0.135144
vt 0.437500 0.135144
vt 0.375000 0.132412
vt 0.437500 0.132412
vt 0.375000 0.129672
vt 0.437500 0.129672
vt 0.375000 0.125000
vt 0.437500 0.125000
vt 0.375000 0.120328
vt 0.437500 0.120328
vt 0.375000 0.117587
vt 0.437500 0.117587
vt 0.375000 0.114856
vt 0.437500 0.114856
vt 0.375000 0.112168
vt 0.437500 0.112168
vt 0.375000 0.109557
vt 0.437500 0.109557
vt 0.375000 0.107057
vt 0.437500 0.107057
vt 0.000000 0.142943
vt 0.062500 0.142943
vt 0.000000 0.140443
vt 0.062500 0.140443
vt 0.000000 0.137832
vt 0.062500 0.137832
vt 0.000000 0.135144
vt 0.062500 0.135144
vt 0.000000 0.132412
vt 0.062500 0.132412
vt 0.000000 0.129672
vt 0.062500 0.129672
vt 0.000000 0.125000
vt 0.062500 0.125000
vt 0.000000 0.120328
vt 0.062500 0.120328
vt 0.000000 0.117587
vt 0.062500 0.117587
vt 0.000000 0.114856
vt 0.062500 0.114856
vt 0.000000 0.112168
vt 0.062500 0.112168
vt 0.000000 0.109557
vt 0.062500 0.109557
vt 0.000000 0.107057
vt 0.062500 0.107057
vt 0.125000 0.142943
vt 0.187500 0.142943
vt 0.125000 0.140443
vt 0.187500 0.140443
vt 0.125000 0.137832
vt 0.187500 0.137832
vt 0.125000 0.135144
vt 0.187500 0.135144
vt 0.125000 0.132412
vt 0.187500 0.132412
vt 0.125000 0.129672
vt 0.187500 0.129672
vt 0.125000 0.125000
vt 0.187500 0.125000
vt 0.125000 0.120328
vt 0.187500 0.120328
vt 0.125000 0.117587
vt 0.187500 0.117587
vt 0.125000 0.114856
vt 0.187500 0.114856
vt 0.125000 0.112168
vt 0.187500 0.112168
vt 0.125000 0.109557
vt 0.187500 0.109557
vt 0.125000 0.107057
vt 0.187500 0.107057
vt 0.000000 0.392943
vt 0.062500 0.392943
vt 0.000000 0.390443
vt 0.062500 0.390443
vt 0.000000 0.387832
vt 0.062500 0.387832
vt 0.000000 0.385144
vt 0.062500 0.385144
vt 0.000000 0.382412
vt 0.062500 0.382412
vt 0.000000 0.379672
vt 0.062500 0.379672
vt 0.000000 0.375000
vt 0.062500 0.375000
vt 0.000000 0.370328
vt 0.062500 0.370328
vt 0.000000 0.367588
vt 0.062500 0.367588
vt 0.000000 0.364856
vt 0.062500 0.364856
vt 0.000000 0.362168
vt 0.062500 0.362168
vt 0.000000 0.359557
vt 0.062500 0.359557
vt 0.000000 0.357057
vt 0.062500 0.357057
vt 0.125000 0.392943
vt 0.187500 0.392943
vt 0.125000 0.390443
vt 0.187500 0.390443
vt 0.125000 0.387832
vt 0.187500 0.387832
vt 0.125000 0.385144
vt 0.187500 0.385144
vt 0.125000 0.382412
vt 0.187500 0.382412
vt 0.125000 0.379672
vt 0.187500 0.379672
vt 0.125000 0.375000
vt 0.187500 0.375000
vt 0.125000 0.370328
vt 0.187500 0.370328
vt 0.125000 0.367588
vt 0.187500 0.367588
vt 0.125000 0.364856
vt 0.187500 0.364856
vt 0.125000 0.362168
vt 0.187500 0.362168
vt 0.125000 0.359557
vt 0.187500 0.359557
vt 0.125000 0.357057
vt 0.187500 0.357057
vt 0.750000 0.142943
vt 0.812500 0.142943
vt 0.750000 0.140443
vt 0.812500 0.140443
vt 0.750000 0.137832
vt 0.812500 0.137832
vt 0.750000 0.135144
vt 0.812500 0.135144
vt 0.750000 0.132412
vt 0.812500 0.132412
vt 0.750000 0.129672
vt 0.812500 0.129672
vt 0.750000 0.125000
vt 0.812500 0.125000
vt 0.750000 0.120328
vt 0.812500 0.120328
vt 0.750000 0.117587
vt 0.812500 0.117587
vt 0.750000 0.114856
vt 0.812500 0.114856
vt 0.750000 0.112168
vt 0.812500 0.112168
vt 0.750000 0.109557
vt 0.812500 0.109557
vt 0.750000 0.107057
vt 0.812500 0.107057
vt 0.875000 0.142943
vt 0.937500 0.142943
vt 0.875000 0.140443
vt 0.937500 0.140443
vt 0.875000 0.137832
vt 0.937500 0.137832
vt 0.875000 0.135144
vt 0.937500 0.135144
vt 0.875000 0.132412
vt 0.937500 0.132412
vt 0.875000 0.129672
vt 0.937500 0.129672
vt 0.875000 0.125000
vt 0.937500 0.125000
vt 0.875000 0.120328
vt 0.937500 0.120328
vt 0.875000 0.117587
vt 0.937500 0.117587
vt 0.875000 0.114856
vt 0.937500 0.114856
vt 0.875000 0.112168
vt 0.937500 0.112168
vt 0.875000 0.109557
vt 0.937500 0.109557
vt 0.875000 0.107057
vt 0.937500 0.107057
vt 0.500000 0.142943
vt 0.562500 0.142943
vt 0.500000 0.140443
vt 0.562500 0.140443
vt 0.500000 0.137832
vt 0.562500 0.137832
vt 0.500000 0.135144
vt 0.562500 0.135144
vt 0.500000 0.132412
vt 0.562500 0.132412
vt 0.500000 0.129672
vt 0.562500 0.129672
vt 0.500000 0.125000
vt 0.562500 0.125000
vt 0.500000 0.120328
vt 0.562500 0.120328
vt 0.500000 0.117587
vt 0.562500 0.117587
vt 0.500000 0.114856
vt 0.562500 0.114856
vt 0.500000 0.112168
vt 0.562500 0.112168
vt 0.500000 0.109557
vt 0.562500 0.109557
vt 0.500000 0.107057
vt 0.562500 0.107057
vt 0.625000 0.142943
vt 0.687500 0.142943
vt 0.625000 0.140443
vt 0.687500 0.140443
vt 0.625000 0.137832
vt 0.687500 0.137832
vt 0.625000 0.135144
vt 0.687500 0.135144
vt 0.625000 0.132412
vt 0.687500 0.132412
vt 0.625000 0.129672
vt 0.687500 0.129672
vt 0.625000 0.125000
vt 0.687500 0.125000
vt 0.625000 0.120328
vt 0.687500 0.120328
vt 0.625000 0.117587
vt 0.687500 0.117587
vt 0.625000 0.114856
vt 0.687500 0.114856
vt 0.625000 0.112168
vt 0.687500 0.112168
vt 0.625000 0.109557
vt 0.687500 0.109557
vt 0.625000 0.107057
vt 0.687500 0.107057
vt 0.500000 0.392943
vt 0.562500 0.392943
vt 0.500000 0.390443
vt 0.562500 0.390443
vt 0.500000 0.387832
vt 0.562500 0.387832
vt 0.500000 0.385144
vt 0.562500 0.385144
vt 0.500000 0.382412
vt 0.562500 0.382412
vt 0.500000 0.379672
vt 0.562500 0.379672
vt 0.500000 0.375000
vt 0.562500 0.375000
vt 0.500000 0.370328
vt 0.562500 0.370328
vt 0.500000 0.367588
vt 0.562500 0.367588
vt 0.500000 0.364856
vt 0.562500 0.364856
vt 0.500000 0.362168
vt 0.562500 0.362168
vt 0.500000 0.359557
vt 0.562500 0.359557
vt 0.500000 0.357057
vt 0.562500 0.357057
vt 0.625000 0.392943
vt 0.687500 0.392943
vt 0.625000 0.390443
vt 0.687500 0.390443
vt 0.625000 0.387832
vt 0.687500 0.387832
vt 0.625000 0.385144
vt 0.687500 0.385144
vt 0.625000 0.382412
vt 0.687500 0.382412
vt 0.625000 0.379672
vt 0.687500 0.379672
vt 0.625000 0.375000
vt 0.687500 0.375000
vt 0.625000 0.370328
vt 0.687500 0.370328
vt 0.625000 0.367588
vt 0.687500 0.367588
vt 0.625000 0.364856
vt 0.687500 0.364856
vt 0.625000 0.362168
vt 0.687500 0.362168
vt 0.625000 0.359557
vt 0.687500 0.359557
vt 0.625000 0.357057
vt 0.687500 0.357057
vt 0.750000 0.392943
vt 0.812500 0.392943
vt 0.750000 0.390443
vt 0.812500 0.390443
vt 0.750000 0.387832
vt 0.812500 0.387832
vt 0.750000 0.385144
vt 0.812500 0.385144
vt 0.750000 0.382412
vt 0.812500 0.382412
vt 0.750000 0.379672
vt 0.812500 0.379672
vt 0.750000 0.375000
vt 0.812500 0.375000
vt 0.750000 0.370328
vt 0.812500 0.370328
vt 0.750000 0.367588
vt 0.812500 0.367588
vt 0.750000 0.364856
vt 0.812500 0.364856
vt 0.750000 0.362168
vt 0.812500 0.362168
vt 0.750000 0.359557
vt 0.812500 0.359557
vt 0.750000 0.357057
vt 0.812500 0.357057
vt 0.875000 0.392943
vt 0.937500 0.392943
vt 0.875000 0.390443
vt 0.937500 0.390443
vt 0.875000 0.387832
vt 0.937500 0.387832
vt 0.875000 0.385144
vt 0.937500 0.385144
vt 0.875000 0.382412
vt 0.937500 0.382412
vt 0.875000 0.379672
vt 0.937500 0.379672
vt 0.875000 0.375000
vt 0.937500 0.375000
vt 0.875000 0.370328
vt 0.937500 0.370328
vt 0.875000 0.367588
vt 0.937500 0.367588
vt 0.875000 0.364856
vt 0.937500 0.364856
vt 0.875000 0.362168
vt 0.937500 0.362168
vt 0.875000 0.359557
vt 0.937500 0.359557
vt 0.875000 0.357057
vt 0.937500 0.357057
vt 0.250000 0.392943
vt 0.312500 0.392943
vt 0.250000 0.390443
vt 0.312500 0.390443
vt 0.250000 0.387832
vt 0.312500 0.387832
vt 0.250000 0.385144
vt 0.312500 0.385144
vt 0.250000 0.382412
vt 0.312500 0.382412
vt 0.250000 0.379672
vt 0.312500 0.379672
vt 0.250000 0.375000
vt 0.312500 0.375000
vt 0.250000 0.370328
vt 0.312500 0.370328
vt 0.250000 0.367588
vt 0.312500 0.367588
vt 0.250000 0.364856
vt 0.312500 0.364856
vt 0.250000 0.362168
vt 0.312500 0.362168
vt 0.250000 0.359557
vt 0.312500 0.359557
vt 0.250000 0.357057
vt 0.312500 0.357057
vt 0.375000 0.392943
vt 0.437500 0.392943
vt 0.375000 0.390443
vt 0.437500 0.390443
vt 0.375000 0.387832
vt 0.437500 0.387832
vt 0.375000 0.385144
vt 0.437500 0.385144
vt 0.375000 0.382412
vt 0.437500 0.382412
vt 0.375000 0.379672
vt 0.437500 0.379672
vt 0.375000 0.375000
vt 0.437500 0.375000
vt 0.375000 0.370328
vt 0.437500 0.370328
vt 0.375000 0.367588
vt 0.437500 0.367588
vt 0.375000 0.364856
vt 0.437500 0.364856
vt 0.375000 0.362168
vt 0.437500 0.362168
vt 0.375000 0.359557
vt 0.437500 0.359557
vt 0.375000 0.357057
vt 0.437500 0.357057
vt 0.250000 0.892943
vt 0.312500 0.892943
vt 0.250000 0.890443
vt 0.312500 0.890443
vt 0.250000 0.887832
vt 0.312500 0.887832
vt 0.250000 0.885144
vt 0.312500 0.885144
vt 0.250000 0.882413
vt 0.312500 0.882413
vt 0.250000 0.879672
vt 0.312500 0.879672
vt 0.250000 0.875000
vt 0.312500 0.875000
vt 0.250000 0.870328
vt 0.312500 0.870328
vt 0.250000 0.867588
vt 0.312500 0.867588
vt 0.250000 0.864856
vt 0.312500 0.864856
vt 0.250000 0.862168
vt 0.312500 0.862168
vt 0.250000 0.859557
vt 0.312500 0.859557
vt 0.250000 0.857057
vt 0.312500 0.857057
vt 0.375000 0.892943
vt 0.437500 0.892943
vt 0.375000 0.890443
vt 0.437500 0.890443
vt 0.375000 0.887832
vt 0.437500 0.887832
vt 0.375000 0.885144
vt 0.437500 0.885144
vt 0.375000 0.882413
vt 0.437500 0.882413
vt 0.375000 0.879672
vt 0.437500 0.879672
vt 0.375000 0.875000
vt 0.437500 0.875000
vt 0.375000 0.870328
vt 0.437500 0.870328
vt 0.375000 0.867588
vt 0.437500 0.867588
vt 0.375000 0.864856
vt 0.437500 0.864856
vt 0.375000 0.862168
vt 0.437500 0.862168
vt 0.375000 0.859557
vt 0.437500 0.859557
vt 0.375000 0.857057
vt 0.437500 0.857057
vt 0.750000 0.892943
vt 0.812500 0.892943
vt 0.750000 0.890443
vt 0.812500 0.890443
vt 0.750000 0.887832
vt 0.812500 0.887832
vt 0.750000 0.885144
vt 0.812500 0.885144
vt 0.750000 0.882413
vt 0.812500 0.882413
vt 0.750000 0.879672
vt 0.812500 0.879672
vt 0.750000 0.875000
vt 0.812500 0.875000
vt 0.750000 0.870328
vt 0.812500 0.870328
vt 0.750000 0.867588
vt 0.812500 0.867588
vt 0.750000 0.864856
vt 0.812500 0.864856
vt 0.750000 0.862168
vt 0.812500 0.862168
vt 0.750000 0.859557
vt 0.812500 0.859557
vt 0.750000 0.857057
vt 0.812500 0.857057
vt 0.875000 0.892943
vt 0.937500 0.892943
vt 0.875000 0.890443
vt 0.937500 0.890443
vt 0.875000 0.887832
vt 0.937500 0.887832
vt 0.875000 0.885144
vt 0.937500 0.885144
vt 0.875000 0.882413
vt 0.937500 0.882413
vt 0.875000 0.879672
vt 0.937500 0.879672
vt 0.875000 0.875000
vt 0.937500 0.875000
vt 0.875000 0.870328
vt 0.937500 0.870328
vt 0.875000 0.867588
vt 0.937500 0.867588
vt 0.875000 0.864856
vt 0.937500 0.864856
vt 0.875000 0.862168
vt 0.937500 0.862168
vt 0.875000 0.859557
vt 0.937500 0.859557
vt 0.875000 0.857057
vt 0.937500 0.857057
vt 1.000000 0.517943
vt 1.000000 0.515443
vt 1.000000 0.512832
vt 1.000000 0.510144
vt 1.000000 0.507412
vt 1.000000 0.504672
vt 1.000000 0.500000
vt 1.000000 0.495328
vt 1.000000 0.492588
vt 1.000000 0.489856
vt 1.000000 0.487168
vt 1.000000 0.484557
vt 1.000000 0.482057
vt 1.000000 0.267943
vt 1.000000 0.265443
vt 1.000000 0.262832
vt 1.000000 0.260144
vt 1.000000 0.257412
vt 1.000000 0.254672
vt 1.000000 0.250000
vt 1.000000 0.245328
vt 1.000000 0.242588
vt 1.000000 0.239856
vt 1.000000 0.237168
vt 1.000000 0.234557
vt 1.000000 0.232057
vt 1.000000 0.767943
vt 1.000000 0.765443
vt 1.000000 0.762832
vt 1.000000 0.760144
vt 1.000000 0.757412
vt 1.000000 0.754672
vt 1.000000 0.750000
vt 1.000000 0.745328
vt 1.000000 0.742588
vt 1.000000 0.739856
vt 1.000000 0.737168
vt 1.000000 0.734557
vt 1.000000 0.732057
vt 1.000000 0.642943
vt 1.000000 0.640443
vt 1.000000 0.637832
vt 1.000000 0.635144
vt 1.000000 0.632412
vt 1.000000 0.629672
vt 1.000000 0.625000
vt 1.000000 0.620328
vt 1.000000 0.617588
vt 1.000000 0.614856
vt 1.000000 0.612168
vt 1.000000 0.609557
vt 1.000000 0.607057
vt 1.000000 0.142943
vt 1.000000 0.140443
vt 1.000000 0.137832
vt 1.000000 0.135144
vt 1.000000 0.132412
vt 1.000000 0.129672
vt 1.000000 0.125000
vt 1.000000 0.120328
vt 1.000000 0.117587
vt 1.000000 0.114856
vt 1.000000 0.112168
vt 1.000000 0.109557
vt 1.000000 0.107057
vt 1.000000 0.392943
vt 1.000000 0.390443
vt 1.000000 0.387832
vt 1.000000 0.385144
vt 1.000000 0.382412
vt 1.000000 0.379672
vt 1.000000 0.375000
vt 1.000000 0.370328
vt 1.000000 0.367588
vt 1.000000 0.364856
vt 1.000000 0.362168
vt 1.000000 0.359557
vt 1.000000 0.357057
vt 1.000000 0.892943
vt 1.000000 0.890443
vt 1.000000 0.887832
vt 1.000000 0.885144
vt 1.000000 0.882413
vt 1.000000 0.879672
vt 1.000000 0.875000
vt 1.000000 0.870328
vt 1.000000 0.867588
vt 1.000000 0.864856
vt 1.000000 0.862168
vt 1.000000 0.859557
vt 1.000000 0.857057
vt 0.875000 0.830443
vt 0.937500 0.830443
vt 0.875000 0.827943
vt 0.937500 0.827943
vt 0.875000 0.825332
vt 0.937500 0.825332
vt 0.875000 0.822644
vt 0.937500 0.822644
vt 0.875000 0.819912
vt 0.937500 0.819912
vt 0.875000 0.817172
vt 0.937500 0.817172
vt 0.875000 0.812500
vt 0.937500 0.812500
vt 0.875000 0.807828
vt 0.937500 0.807828
vt 0.875000 0.805088
vt 0.937500 0.805088
vt 0.875000 0.802356
vt 0.937500 0.802356
vt 0.875000 0.799668
vt 0.937500 0.799668
vt 0.875000 0.797057
vt 0.937500 0.797057
vt 0.875000 0.794557
vt 0.937500 0.794557
vt 1.000000 0.830443
vt 1.000000 0.827943
vt 1.000000 0.825332
vt 1.000000 0.822644
vt 1.000000 0.819912
vt 1.000000 0.817172
vt 1.000000 0.812500
vt 1.000000 0.807828
vt 1.000000 0.805088
vt 1.000000 0.802356
vt 1.000000 0.799668
vt 1.000000 0.797057
vt 1.000000 0.794557
vt 0.750000 0.830443
vt 0.812500 0.830443
vt 0.750000 0.827943
vt 0.812500 0.827943
vt 0.750000 0.825332
vt 0.812500 0.825332
vt 0.750000 0.822644
vt 0.812500 0.822644
vt 0.750000 0.819912
vt 0.812500 0.819912
vt 0.750000 0.817172
vt 0.812500 0.817172
vt 0.750000 0.812500
vt 0.812500 0.812500
vt 0.750000 0.807828
vt 0.812500 0.807828
vt 0.750000 0.805088
vt 0.812500 0.805088
vt 0.750000 0.802356
vt 0.812500 0.802356
vt 0.750000 0.799668
vt 0.812500 0.799668
vt 0.750000 0.797057
vt 0.812500 0.797057
vt 0.750000 0.794557
vt 0.812500 0.794557
vt 0.750000 0.955443
vt 0.812500 0.955443
vt 0.750000 0.952943
vt 0.812500 0.952943
vt 0.750000 0.950332
vt 0.812500 0.950332
vt 0.750000 0.947644
vt 0.812500 0.947644
vt 0.750000 0.944912
vt 0.812500 0.944912
vt 0.750000 0.942172
vt 0.812500 0.942172
vt 0.750000 0.937500
vt 0.812500 0.937500
vt 0.750000 0.932828
vt 0.812500 0.932828
vt 0.750000 0.930088
vt 0.812500 0.930088
vt 0.750000 0.927356
vt 0.812500 0.927356
vt 0.750000 0.924668
vt 0.812500 0.924668
vt 0.750000 0.922057
vt 0.812500 0.922057
vt 0.750000 0.919557
vt 0.812500 0.919557
vt 0.875000 0.955443
vt 0.875000 0.952943
vt 0.875000 0.950332
vt 0.875000 0.947644
vt 0.875000 0.944912
vt 0.875000 0.942172
vt 0.875000 0.937500
vt 0.875000 0.932828
vt 0.875000 0.930088
vt 0.875000 0.927356
vt 0.875000 0.924668
vt 0.875000 0.922057
vt 0.875000 0.919557
vt 0.375000 0.830443
vt 0.437500 0.830443
vt 0.375000 0.827943
vt 0.437500 0.827943
vt 0.375000 0.825332
vt 0.437500 0.825332
vt 0.375000 0.822644
vt 0.437500 0.822644
vt 0.375000 0.819912
vt 0.437500 0.819912
vt 0.375000 0.817172
vt 0.437500 0.817172
vt 0.375000 0.812500
vt 0.437500 0.812500
vt 0.375000 0.807828
vt 0.437500 0.807828
vt 0.375000 0.805088
vt 0.437500 0.805088
vt 0.375000 0.802356
vt 0.437500 0.802356
vt 0.375000 0.799668
vt 0.437500 0.799668
vt 0.375000 0.797057
vt 0.437500 0.797057
vt 0.375000 0.794557
vt 0.437500 0.794557
vt 0.500000 0.830443
vt 0.500000 0.827943
vt 0.500000 0.825332
vt 0.500000 0.822644
vt 0.500000 0.819912
vt 0.500000 0.817172
vt 0.500000 0.812500
vt 0.500000 0.807828
vt 0.500000 0.805088
vt 0.500000 0.802356
vt 0.500000 0.799668
vt 0.500000 0.797057
vt 0.500000 0.794557
vt 0.250000 0.830443
vt 0.312500 0.830443
vt 0.250000 0.827943
vt 0.312500 0.827943
vt 0.250000 0.825332
vt 0.312500 0.825332
vt 0.250000 0.822644
vt 0.312500 0.822644
vt 0.250000 0.819912
vt 0.312500 0.819912
vt 0.250000 0.817172
vt 0.312500 0.817172
vt 0.250000 0.812500
vt 0.312500 0.812500
vt 0.250000 0.807828
vt 0.312500 0.807828
vt 0.250000 0.805088
vt 0.312500 0.805088
vt 0.250000 0.802356
vt 0.312500 0.802356
vt 0.250000 0.799668
vt 0.312500 0.799668
vt 0.250000 0.797057
vt 0.312500 0.797057
vt 0.250000 0.794557
vt 0.312500 0.794557
vt 0.250000 0.955443
vt 0.312500 0.955443
vt 0.250000 0.952943
vt 0.312500 0.952943
vt 0.250000 0.950332
vt 0.312500 0.950332
vt 0.250000 0.947644
vt 0.312500 0.947644
vt 0.250000 0.944912
vt 0.312500 0.944912
vt 0.250000 0.942172
vt 0.312500 0.942172
vt 0.250000 0.937500
vt 0.312500 0.937500
vt 0.250000 0.932828
vt 0.312500 0.932828
vt 0.250000 0.930088
vt 0.312500 0.930088
vt 0.250000 0.927356
vt 0.312500 0.927356
vt 0.250000 0.924668
vt 0.312500 0.924668
vt 0.250000 0.922057
vt 0.312500 0.922057
vt 0.250000 0.919557
vt 0.312500 0.919557
vt 0.375000 0.955443
vt 0.375000 0.952943
vt 0.375000 0.950332
vt 0.375000 0.947644
vt 0.375000 0.944912
vt 0.375000 0.942172
vt 0.375000 0.937500
vt 0.375000 0.932828
vt 0.375000 0.930088
vt 0.375000 0.927356
vt 0.375000 0.924668
vt 0.375000 0.922057
vt 0.375000 0.919557
vt 0.375000 0.330443
vt 0.437500 0.330443
vt 0.375000 0.327943
vt 0.437500 0.327943
vt 0.375000 0.325332
vt 0.437500 0.325332
vt 0.375000 0.322644
vt 0.437500 0.322644
vt 0.375000 0.319912
vt 0.437500 0.319912
vt 0.375000 0.317172
vt 0.437500 0.317172
vt 0.375000 0.312500
vt 0.437500 0.312500
vt 0.375000 0.307828
vt 0.437500 0.307828
vt 0.375000 0.305088
vt 0.437500 0.305088
vt 0.375000 0.302356
vt 0.437500 0.302356
vt 0.375000 0.299668
vt 0.437500 0.299668
vt 0.375000 0.297057
vt 0.437500 0.297057
vt 0.375000 0.294557
vt 0.437500 0.294557
vt 0.500000 0.330443
vt 0.500000 0.327943
vt 0.500000 0.325332
vt 0.500000 0.322644
vt 0.500000 0.319912
vt 0.500000 0.317172
vt 0.500000 0.312500
vt 0.500000 0.307828
vt 0.500000 0.305088
vt 0.500000 0.302356
vt 0.500000 0.299668
vt 0.500000 0.297057
vt 0.500000 0.294557
vt 0.250000 0.330443
vt 0.312500 0.330443
vt 0.250000 0.327943
vt 0.312500 0.327943
vt 0.250000 0.325332
vt 0.312500 0.325332
vt 0.250000 0.322644
vt 0.312500 0.322644
vt 0.250000 0.319912
vt 0.312500 0.319912
vt 0.250000 0.317172
vt 0.312500 0.317172
vt 0.250000 0.312500
vt 0.312500 0.312500
vt 0.250000 0.307828
vt 0.312500 0.307828
vt 0.250000 0.305088
vt 0.312500 0.305088
vt 0.250000 0.302356
vt 0.312500 0.302356
vt 0.250000 0.299668
vt 0.312500 0.299668
vt 0.250000 0.297057
vt 0.312500 0.297057
vt 0.250000 0.294557
vt 0.312500 0.294557
vt 0.250000 0.455443
vt 0.312500 0.455443
vt 0.250000 0.452943
vt 0.312500 0.452943
vt 0.250000 0.450332
vt 0.312500 0.450332
vt 0.250000 0.447644
vt 0.312500 0.447644
vt 0.250000 0.444912
vt 0.312500 0.444912
vt 0.250000 0.442172
vt 0.312500 0.442172
vt 0.250000 0.437500
vt 0.312500 0.437500
vt 0.250000 0.432828
vt 0.312500 0.432828
vt 0.250000 0.430088
vt 0.312500 0.430088
vt 0.250000 0.427356
vt 0.312500 0.427356
vt 0.250000 0.424668
vt 0.312500 0.424668
vt 0.250000 0.422057
vt 0.312500 0.422057
vt 0.250000 0.419557
vt 0.312500 0.419557
vt 0.375000 0.455443
vt 0.375000 0.452943
vt 0.375000 0.450332
vt 0.375000 0.447644
vt 0.375000 0.444912
vt 0.375000 0.442172
vt 0.375000 0.437500
vt 0.375000 0.432828
vt 0.375000 0.430088
vt 0.375000 0.427356
vt 0.375000 0.424668
vt 0.375000 0.422057
vt 0.375000 0.419557
vt 0.875000 0.330443
vt 0.937500 0.330443
vt 0.875000 0.327943
vt 0.937500 0.327943
vt 0.875000 0.325332
vt 0.937500 0.325332
vt 0.875000 0.322644
vt 0.937500 0.322644
vt 0.875000 0.319912
vt 0.937500 0.319912
vt 0.875000 0.317172
vt 0.937500 0.317172
vt 0.875000 0.312500
vt 0.937500 0.312500
vt 0.875000 0.307828
vt 0.937500 0.307828
vt 0.875000 0.305088
vt 0.937500 0.305088
vt 0.875000 0.302356
vt 0.937500 0.302356
vt 0.875000 0.299668
vt 0.937500 0.299668
vt 0.875000 0.297057
vt 0.937500 0.297057
vt 0.875000 0.294557
vt 0.937500 0.294557
vt 1.000000 0.330443
vt 1.000000 0.327943
vt 1.000000 0.325332
vt 1.000000 0.322644
vt 1.000000 0.319912
vt 1.000000 0.317172
vt 1.000000 0.312500
vt 1.000000 0.307828
vt 1.000000 0.305088
vt 1.000000 0.302356
vt 1.000000 0.299668
vt 1.000000 0.297057
vt 1.000000 0.294557
vt 0.750000 0.330443
vt 0.812500 0.330443
vt 0.750000 0.327943
vt 0.812500 0.327943
vt 0.750000 0.325332
vt 0.812500 0.325332
vt 0.750000 0.322644
vt 0.812500 0.322644
vt 0.750000 0.319912
vt 0.812500 0.319912
vt 0.750000 0.317172
vt 0.812500 0.317172
vt 0.750000 0.312500
vt 0.812500 0.312500
vt 0.750000 0.307828
vt 0.812500 0.307828
vt 0.750000 0.305088
vt 0.812500 0.305088
vt 0.750000 0.302356
vt 0.812500 0.302356
vt 0.750000 0.299668
vt 0.812500 0.299668
vt 0.750000 0.297057
vt 0.812500 0.297057
vt 0.750000 0.294557
vt 0.812500 0.294557
vt 0.750000 0.455443
vt 0.812500 0.455443
vt 0.750000 0.452943
vt 0.812500 0.452943
vt 0.750000 0.450332
vt 0.812500 0.450332
vt 0.750000 0.447644
vt 0.812500 0.447644
vt 0.750000 0.444912
vt 0.812500 0.444912
vt 0.750000 0.442172
vt 0.812500 0.442172
vt 0.750000 0.437500
vt 0.812500 0.437500
vt 0.750000 0.432828
vt 0.812500 0.432828
vt 0.750000 0.430088
vt 0.812500 0.430088
vt 0.750000 0.427356
vt 0.812500 0.427356
vt 0.750000 0.424668
vt 0.812500 0.424668
vt 0.750000 0.422057
vt 0.812500 0.422057
vt 0.750000 0.419557
vt 0.812500 0.419557
vt 0.875000 0.455443
vt 0.875000 0.452943
vt 0.875000 0.450332
vt 0.875000 0.447644
vt 0.875000 0.444912
vt 0.875000 0.442172
vt 0.875000 0.437500
vt 0.875000 0.432828
vt 0.875000 0.430088
vt 0.875000 0.427356
vt 0.875000 0.424668
vt 0.875000 0.422057
vt 0.875000 0.419557
vt 0.625000 0.330443
vt 0.687500 0.330443
vt 0.625000 0.327943
vt 0.687500 0.327943
vt 0.625000 0.325332
vt 0.687500 0.325332
vt 0.625000 0.322644
vt 0.687500 0.322644
vt 0.625000 0.319912
vt 0.687500 0.319912
vt 0.625000 0.317172
vt 0.687500 0.317172
vt 0.625000 0.312500
vt 0.687500 0.312500
vt 0.625000 0.307828
vt 0.687500 0.307828
vt 0.625000 0.305088
vt 0.687500 0.305088
vt 0.625000 0.302356
vt 0.687500 0.302356
vt 0.625000 0.299668
vt 0.687500 0.299668
vt 0.625000 0.297057
vt 0.687500 0.297057
vt 0.625000 0.294557
vt 0.687500 0.294557
vt 0.562500 0.330443
vt 0.562500 0.327943
vt 0.562500 0.325332
vt 0.562500 0.322644
vt 0.562500 0.319912
vt 0.562500 0.317172
vt 0.562500 0.312500
vt 0.562500 0.307828
vt 0.562500 0.305088
vt 0.562500 0.302356
vt 0.562500 0.299668
vt 0.562500 0.297057
vt 0.562500 0.294557
vt 0.500000 0.455443
vt 0.562500 0.455443
vt 0.500000 0.452943
vt 0.562500 0.452943
vt 0.500000 0.450332
vt 0.562500 0.450332
vt 0.500000 0.447644
vt 0.562500 0.447644
vt 0.500000 0.444912
vt 0.562500 0.444912
vt 0.500000 0.442172
vt 0.562500 0.442172
vt 0.500000 0.437500
vt 0.562500 0.437500
vt 0.500000 0.432828
vt 0.562500 0.432828
vt 0.500000 0.430088
vt 0.562500 0.430088
vt 0.500000 0.427356
vt 0.562500 0.427356
vt 0.500000 0.424668
vt 0.562500 0.424668
vt 0.500000 0.422057
vt 0.562500 0.422057
vt 0.500000 0.419557
vt 0.562500 0.419557
vt 0.625000 0.455443
vt 0.625000 0.452943
vt 0.625000 0.450332
vt 0.625000 0.447644
vt 0.625000 0.444912
vt 0.625000 0.442172
vt 0.625000 0.437500
vt 0.625000 0.432828
vt 0.625000 0.430088
vt 0.625000 0.427356
vt 0.625000 0.424668
vt 0.625000 0.422057
vt 0.625000 0.419557
vt 0.625000 0.080443
vt 0.687500 0.080443
vt 0.625000 0.077943
vt 0.687500 0.077943
vt 0.625000 0.075332
vt 0.687500 0.075332
vt 0.625000 0.072644
vt 0.687500 0.072644
vt 0.625000 0.069912
vt 0.687500 0.069912
vt 0.625000 0.067172
vt 0.687500 0.067172
vt 0.625000 0.062500
vt 0.687500 0.062500
vt 0.625000 0.057828
vt 0.687500 0.057828
vt 0.625000 0.055088
vt 0.687500 0.055088
vt 0.625000 0.052356
vt 0.687500 0.052356
vt 0.625000 0.049668
vt 0.687500 0.049668
vt 0.625000 0.047057
vt 0.687500 0.047057
vt 0.625000 0.044557
vt 0.687500 0.044557
vt 0.750000 0.080443
vt 0.750000 0.077943
vt 0.750000 0.075332
vt 0.750000 0.072644
vt 0.750000 0.069912
vt 0.750000 0.067172
vt 0.750000 0.062500
vt 0.750000 0.057828
vt 0.750000 0.055088
vt 0.750000 0.052356
vt 0.750000 0.049668
vt 0.750000 0.047057
vt 0.750000 0.044557
vt 0.500000 0.080443
vt 0.562500 0.080443
vt 0.500000 0.077943
vt 0.562500 0.077943
vt 0.500000 0.075332
vt 0.562500 0.075332
vt 0.500000 0.072644
vt 0.562500 0.072644
vt 0.500000 0.069912
vt 0.562500 0.069912
vt 0.500000 0.067172
vt 0.562500 0.067172
vt 0.500000 0.062500
vt 0.562500 0.062500
vt 0.500000 0.057828
vt 0.562500 0.057828
vt 0.500000 0.055088
vt 0.562500 0.055088
vt 0.500000 0.052356
vt 0.562500 0.052356
vt 0.500000 0.049668
vt 0.562500 0.049668
vt 0.500000 0.047057
vt 0.562500 0.047057
vt 0.500000 0.044557
vt 0.562500 0.044557
vt 0.500000 0.205443
vt 0.562500 0.205443
vt 0.500000 0.202943
vt 0.562500 0.202943
vt 0.500000 0.200332
vt 0.562500 0.200332
vt 0.500000 0.197644
vt 0.562500 0.197644
vt 0.500000 0.194912
vt 0.562500 0.194912
vt 0.500000 0.192172
vt 0.562500 0.192172
vt 0.500000 0.187500
vt 0.562500 0.187500
vt 0.500000 0.182828
vt 0.562500 0.182828
vt 0.500000 0.180088
vt 0.562500 0.180088
vt 0.500000 0.177356
vt 0.562500 0.177356
vt 0.500000 0.174668
vt 0.562500 0.174668
vt 0.500000 0.172057
vt 0.562500 0.172057
vt 0.500000 0.169557
vt 0.562500 0.169557
vt 0.625000 0.205443
vt 0.625000 0.202943
vt 0.625000 0.200332
vt 0.625000 0.197644
vt 0.625000 0.194912
vt 0.625000 0.192172
vt 0.625000 0.187500
vt 0.625000 0.182828
vt 0.625000 0.180088
vt 0.625000 0.177356
vt 0.625000 0.174668
vt 0.625000 0.172057
vt 0.625000 0.169557
vt 0.875000 0.080443
vt 0.937500 0.080443
vt 0.875000 0.077943
vt 0.937500 0.077943
vt 0.875000 0.075332
vt 0.937500 0.075332
vt 0.875000 0.072644
vt 0.937500 0.072644
vt 0.875000 0.069912
vt 0.937500 0.069912
vt 0.875000 0.067172
vt 0.937500 0.067172
vt 0.875000 0.062500
vt 0.937500 0.062500
vt 0.875000 0.057828
vt 0.937500 0.057828
vt 0.875000 0.055088
vt 0.937500 0.055088
vt 0.875000 0.052356
vt 0.937500 0.052356
vt 0.875000 0.049668
vt 0.937500 0.049668
vt 0.875000 0.047057
vt 0.937500 0.047057
vt 0.875000 0.044557
vt 0.937500 0.044557
vt 1.000000 0.080443
vt 1.000000 0.077943
vt 1.000000 0.075332
vt 1.000000 0.072644
vt 1.000000 0.069912
vt 1.000000 0.067172
vt 1.000000 0.062500
vt 1.000000 0.057828
vt 1.000000 0.055088
vt 1.000000 0.052356
vt 1.000000 0.049668
vt 1.000000 0.047057
vt 1.000000 0.044557
vt 0.812500 0.080443
vt 0.812500 0.077943
vt 0.812500 0.075332
vt 0.812500 0.072644
vt 0.812500 0.069912
vt 0.812500 0.067172
vt 0.812500 0.062500
vt 0.812500 0.057828
vt 0.812500 0.055088
vt 0.812500 0.052356
vt 0.812500 0.049668
vt 0.812500 0.047057
vt 0.812500 0.044557
vt 0.750000 0.205443
vt 0.812500 0.205443
vt 0.750000 0.202943
vt 0.812500 0.202943
vt 0.750000 0.200332
vt 0.812500 0.200332
vt 0.750000 0.197644
vt 0.812500 0.197644
vt 0.750000 0.194912
vt 0.812500 0.194912
vt 0.750000 0.192172
vt 0.812500 0.192172
vt 0.750000 0.187500
vt 0.812500 0.187500
vt 0.750000 0.182828
vt 0.812500 0.182828
vt 0.750000 0.180088
vt 0.812500 0.180088
vt 0.750000 0.177356
vt 0.812500 0.177356
vt 0.750000 0.174668
vt 0.812500 0.174668
vt 0.750000 0.172057
vt 0.812500 0.172057
vt 0.750000 0.169557
vt 0.812500 0.169557
vt 0.875000 0.205443
vt 0.875000 0.202943
vt 0.875000 0.200332
vt 0.875000 0.197644
vt 0.875000 0.194912
vt 0.875000 0.192172
vt 0.875000 0.187500
vt 0.875000 0.182828
vt 0.875000 0.180088
vt 0.875000 0.177356
vt 0.875000 0.174668
vt 0.875000 0.172057
vt 0.875000 0.169557
vt 0.125000 0.330443
vt 0.187500 0.330443
vt 0.125000 0.327943
vt 0.187500 0.327943
vt 0.125000 0.325332
vt 0.187500 0.325332
vt 0.125000 0.322644
vt 0.187500 0.322644
vt 0.125000 0.319912
vt 0.187500 0.319912
vt 0.125000 0.317172
vt 0.187500 0.317172
vt 0.125000 0.312500
vt 0.187500 0.312500
vt 0.125000 0.307828
vt 0.187500 0.307828
vt 0.125000 0.305088
vt 0.187500 0.305088
vt 0.125000 0.302356
vt 0.187500 0.302356
vt 0.125000 0.299668
vt 0.187500 0.299668
vt 0.125000 0.297057
vt 0.187500 0.297057
vt 0.125000 0.294557
vt 0.187500 0.294557
vt 0.000000 0.330443
vt 0.062500 0.330443
vt 0.000000 0.327943
vt 0.062500 0.327943
vt 0.000000 0.325332
vt 0.062500 0.325332
vt 0.000000 0.322644
vt 0.062500 0.322644
vt 0.000000 0.319912
vt 0.062500 0.319912
vt 0.000000 0.317172
vt 0.062500 0.317172
vt 0.000000 0.312500
vt 0.062500 0.312500
vt 0.000000 0.307828
vt 0.062500 0.307828
vt 0.000000 0.305088
vt 0.062500 0.305088
vt 0.000000 0.302356
vt 0.062500 0.302356
vt 0.000000 0.299668
vt 0.062500 0.299668
vt 0.000000 0.297057
vt 0.062500 0.297057
vt 0.000000 0.294557
vt 0.062500 0.294557
vt 0.000000 0.455443
vt 0.062500 0.455443
vt 0.000000 0.452943
vt 0.062500 0.452943
vt 0.000000 0.450332
vt 0.062500 0.450332
vt 0.000000 0.447644
vt 0.062500 0.447644
vt 0.000000 0.444912
vt 0.062500 0.444912
vt 0.000000 0.442172
vt 0.062500 0.442172
vt 0.000000 0.437500
vt 0.062500 0.437500
vt 0.000000 0.432828
vt 0.062500 0.432828
vt 0.000000 0.430088
vt 0.062500 0.430088
vt 0.000000 0.427356
vt 0.062500 0.427356
vt 0.000000 0.424668
vt 0.062500 0.424668
vt 0.000000 0.422057
vt 0.062500 0.422057
vt 0.000000 0.419557
vt 0.062500 0.419557
vt 0.125000 0.455443
vt 0.125000 0.452943
vt 0.125000 0.450332
vt 0.125000 0.447644
vt 0.125000 0.444912
vt 0.125000 0.442172
vt 0.125000 0.437500
vt 0.125000 0.432828
vt 0.125000 0.430088
vt 0.125000 0.427356
vt 0.125000 0.424668
vt 0.125000 0.422057
vt 0.125000 0.419557
vt 0.125000 0.080443
vt 0.187500 0.080443
vt 0.125000 0.077943
vt 0.187500 0.077943
vt 0.125000 0.075332
vt 0.187500 0.075332
vt 0.125000 0.072644
vt 0.187500 0.072644
vt 0.125000 0.069912
vt 0.187500 0.069912
vt 0.125000 0.067172
vt 0.187500 0.067172
vt 0.125000 0.062500
vt 0.187500 0.062500
vt 0.125000 0.057828
vt 0.187500 0.057828
vt 0.125000 0.055088
vt 0.187500 0.055088
vt 0.125000 0.052356
vt 0.187500 0.052356
vt 0.125000 0.049668
vt 0.187500 0.049668
vt 0.125000 0.047057
vt 0.187500 0.047057
vt 0.125000 0.044557
vt 0.187500 0.044557
vt 0.250000 0.080443
vt 0.250000 0.077943
vt 0.250000 0.075332
vt 0.250000 0.072644
vt 0.250000 0.069912
vt 0.250000 0.067172
vt 0.250000 0.062500
vt 0.250000 0.057828
vt 0.250000 0.055088
vt 0.250000 0.052356
vt 0.250000 0.049668
vt 0.250000 0.047057
vt 0.250000 0.044557
vt 0.000000 0.080443
vt 0.062500 0.080443
vt 0.000000 0.077943
vt 0.062500 0.077943
vt 0.000000 0.075332
vt 0.062500 0.075332
vt 0.000000 0.072644
vt 0.062500 0.072644
vt 0.000000 0.069912
vt 0.062500 0.069912
vt 0.000000 0.067172
vt 0.062500 0.067172
vt 0.000000 0.062500
vt 0.062500 0.062500
vt 0.000000 0.057828
vt 0.062500 0.057828
vt 0.000000 0.055088
vt 0.062500 0.055088
vt 0.000000 0.052356
vt 0.062500 0.052356
vt 0.000000 0.049668
vt 0.062500 0.049668
vt 0.000000 0.047057
vt 0.062500 0.047057
vt 0.000000 0.044557
vt 0.062500 0.044557
vt 0.000000 0.205443
vt 0.062500 0.205443
vt 0.000000 0.202943
vt 0.062500 0.202943
vt 0.000000 0.200332
vt 0.062500 0.200332
vt 0.000000 0.197644
vt 0.062500 0.197644
vt 0.000000 0.194912
vt 0.062500 0.194912
vt 0.000000 0.192172
vt 0.062500 0.192172
vt 0.000000 0.187500
vt 0.062500 0.187500
vt 0.000000 0.182828
vt 0.062500 0.182828
vt 0.000000 0.180088
vt 0.062500 0.180088
vt 0.000000 0.177356
vt 0.062500 0.177356
vt 0.000000 0.174668
vt 0.062500 0.174668
vt 0.000000 0.172057
vt 0.062500 0.172057
vt 0.000000 0.169557
vt 0.062500 0.169557
vt 0.125000 0.205443
vt 0.125000 0.202943
vt 0.125000 0.200332
vt 0.125000 0.197644
vt 0.125000 0.194912
vt 0.125000 0.192172
vt 0.125000 0.187500
vt 0.125000 0.182828
vt 0.125000 0.180088
vt 0.125000 0.177356
vt 0.125000 0.174668
vt 0.125000 0.172057
vt 0.125000 0.169557
vt 0.375000 0.080443
vt 0.437500 0.080443
vt 0.375000 0.077943
vt 0.437500 0.077943
vt 0.375000 0.075332
vt 0.437500 0.075332
vt 0.375000 0.072644
vt 0.437500 0.072644
vt 0.375000 0.069912
vt 0.437500 0.069912
vt 0.375000 0.067172
vt 0.437500 0.067172
vt 0.375000 0.062500
vt 0.437500 0.062500
vt 0.375000 0.057828
vt 0.437500 0.057828
vt 0.375000 0.055088
vt 0.437500 0.055088
vt 0.375000 0.052356
vt 0.437500 0.052356
vt 0.375000 0.049668
vt 0.437500 0.049668
vt 0.375000 0.047057
vt 0.437500 0.047057
vt 0.375000 0.044557
vt 0.437500 0.044557
vt 0.312500 0.080443
vt 0.312500 0.077943
vt 0.312500 0.075332
vt 0.312500 0.072644
vt 0.312500 0.069912
vt 0.312500 0.067172
vt 0.312500 0.062500
vt 0.312500 0.057828
vt 0.312500 0.055088
vt 0.312500 0.052356
vt 0.312500 0.049668
vt 0.312500 0.047057
vt 0.312500 0.044557
vt 0.250000 0.205443
vt 0.312500 0.205443
vt 0.250000 0.202943
vt 0.312500 0.202943
vt 0.250000 0.200332
vt 0.312500 0.200332
vt 0.250000 0.197644
vt 0.312500 0.197644
vt 0.250000 0.194912
vt 0.312500 0.194912
vt 0.250000 0.192172
vt 0.312500 0.192172
vt 0.250000 0.187500
vt 0.312500 0.187500
vt 0.250000 0.182828
vt 0.312500 0.182828
vt 0.250000 0.180088
vt 0.312500 0.180088
vt 0.250000 0.177356
vt 0.312500 0.177356
vt 0.250000 0.174668
vt 0.312500 0.174668
vt 0.250000 0.172057
vt 0.312500 0.172057
vt 0.250000 0.169557
vt 0.312500 0.169557
vt 0.375000 0.205443
vt 0.375000 0.202943
vt 0.375000 0.200332
vt 0.375000 0.197644
vt 0.375000 0.194912
vt 0.375000 0.192172
vt 0.375000 0.187500
vt 0.375000 0.182828
vt 0.375000 0.180088
vt 0.375000 0.177356
vt 0.375000 0.174668
vt 0.375000 0.172057
vt 0.375000 0.169557
vt 0.125000 0.830443
vt 0.187500 0.830443
vt 0.125000 0.827943
vt 0.187500 0.827943
vt 0.125000 0.825332
vt 0.187500 0.825332
vt 0.125000 0.822644
vt 0.187500 0.822644
vt 0.125000 0.819912
vt 0.187500 0.819912
vt 0.125000 0.817172
vt 0.187500 0.817172
vt 0.125000 0.812500
vt 0.187500 0.812500
vt 0.125000 0.807828
vt 0.187500 0.807828
vt 0.125000 0.805088
vt 0.187500 0.805088
vt 0.125000 0.802356
vt 0.187500 0.802356
vt 0.125000 0.799668
vt 0.187500 0.799668
vt 0.125000 0.797057
vt 0.187500 0.797057
vt 0.125000 0.794557
vt 0.187500 0.794557
vt 0.000000 0.830443
vt 0.062500 0.830443
vt 0.000000 0.827943
vt 0.062500 0.827943
vt 0.000000 0.825332
vt 0.062500 0.825332
vt 0.000000 0.822644
vt 0.062500 0.822644
vt 0.000000 0.819912
vt 0.062500 0.819912
vt 0.000000 0.817172
vt 0.062500 0.817172
vt 0.000000 0.812500
vt 0.062500 0.812500
vt 0.000000 0.807828
vt 0.062500 0.807828
vt 0.000000 0.805088
vt 0.062500 0.805088
vt 0.000000 0.802356
vt 0.062500 0.802356
vt 0.000000 0.799668
vt 0.062500 0.799668
vt 0.000000 0.797057
vt 0.062500 0.797057
vt 0.000000 0.794557
vt 0.062500 0.794557
vt 0.000000 0.955443
vt 0.062500 0.955443
vt 0.000000 0.952943
vt 0.062500 0.952943
vt 0.000000 0.950332
vt 0.062500 0.950332
vt 0.000000 0.947644
vt 0.062500 0.947644
vt 0.000000 0.944912
vt 0.062500 0.944912
vt 0.000000 0.942172
vt 0.062500 0.942172
vt 0.000000 0.937500
vt 0.062500 0.937500
vt 0.000000 0.932828
vt 0.062500 0.932828
vt 0.000000 0.930088
vt 0.062500 0.930088
vt 0.000000 0.927356
vt 0.062500 0.927356
vt 0.000000 0.924668
vt 0.062500 0.924668
vt 0.000000 0.922057
vt 0.062500 0.922057
vt 0.000000 0.919557
vt 0.062500 0.919557
vt 0.125000 0.955443
vt 0.125000 0.952943
vt 0.125000 0.950332
vt 0.125000 0.947644
vt 0.125000 0.944912
vt 0.125000 0.942172
vt 0.125000 0.937500
vt 0.125000 0.932828
vt 0.125000 0.930088
vt 0.125000 0.927356
vt 0.125000 0.924668
vt 0.125000 0.922057
vt 0.125000 0.919557
vt 0.125000 0.580443
vt 0.187500 0.580443
vt 0.125000 0.577943
vt 0.187500 0.577943
vt 0.125000 0.575332
vt 0.187500 0.575332
vt 0.125000 0.572644
vt 0.187500 0.572644
vt 0.125000 0.569912
vt 0.187500 0.569912
vt 0.125000 0.567172
vt 0.187500 0.567172
vt 0.125000 0.562500
vt 0.187500 0.562500
vt 0.125000 0.557828
vt 0.187500 0.557828
vt 0.125000 0.555088
vt 0.187500 0.555088
vt 0.125000 0.552356
vt 0.187500 0.552356
vt 0.125000 0.549668
vt 0.187500 0.549668
vt 0.125000 0.547057
vt 0.187500 0.547057
vt 0.125000 0.544557
vt 0.187500 0.544557
vt 0.250000 0.580443
vt 0.250000 0.577943
vt 0.250000 0.575332
vt 0.250000 0.572644
vt 0.250000 0.569912
vt 0.250000 0.567172
vt 0.250000 0.562500
vt 0.250000 0.557828
vt 0.250000 0.555088
vt 0.250000 0.552356
vt 0.250000 0.549668
vt 0.250000 0.547057
vt 0.250000 0.544557
vt 0.000000 0.580443
vt 0.062500 0.580443
vt 0.000000 0.577943
vt 0.062500 0.577943
vt 0.000000 0.575332
vt 0.062500 0.575332
vt 0.000000 0.572644
vt 0.062500 0.572644
vt 0.000000 0.569912
vt 0.062500 0.569912
vt 0.000000 0.567172
vt 0.062500 0.567172
vt 0.000000 0.562500
vt 0.062500 0.562500
vt 0.000000 0.557828
vt 0.062500 0.557828
vt 0.000000 0.555088
vt 0.062500 0.555088
vt 0.000000 0.552356
vt 0.062500 0.552356
vt 0.000000 0.549668
vt 0.062500 0.549668
vt 0.000000 0.547057
vt 0.062500 0.547057
vt 0.000000 0.544557
vt 0.062500 0.544557
vt 0.000000 0.542198
vt 0.000000 0.705443
vt 0.062500 0.705443
vt 0.000000 0.702943
vt 0.062500 0.702943
vt 0.000000 0.700332
vt 0.062500 0.700332
vt 0.000000 0.697644
vt 0.062500 0.697644
vt 0.000000 0.694912
vt 0.062500 0.694912
vt 0.000000 0.692172
vt 0.062500 0.692172
vt 0.000000 0.687500
vt 0.062500 0.687500
vt 0.000000 0.682828
vt 0.062500 0.682828
vt 0.000000 0.680088
vt 0.062500 0.680088
vt 0.000000 0.677356
vt 0.062500 0.677356
vt 0.000000 0.674668
vt 0.062500 0.674668
vt 0.000000 0.672057
vt 0.062500 0.672057
vt 0.000000 0.669557
vt 0.062500 0.669557
vt 0.125000 0.705443
vt 0.125000 0.702943
vt 0.125000 0.700332
vt 0.125000 0.697644
vt 0.125000 0.694912
vt 0.125000 0.692172
vt 0.125000 0.687500
vt 0.125000 0.682828
vt 0.125000 0.680088
vt 0.125000 0.677356
vt 0.125000 0.674668
vt 0.125000 0.672057
vt 0.125000 0.669557
vt 0.375000 0.580443
vt 0.437500 0.580443
vt 0.375000 0.577943
vt 0.437500 0.577943
vt 0.375000 0.575332
vt 0.437500 0.575332
vt 0.375000 0.572644
vt 0.437500 0.572644
vt 0.375000 0.569912
vt 0.437500 0.569912
vt 0.375000 0.567172
vt 0.437500 0.567172
vt 0.375000 0.562500
vt 0.437500 0.562500
vt 0.375000 0.557828
vt 0.437500 0.557828
vt 0.375000 0.555088
vt 0.437500 0.555088
vt 0.375000 0.552356
vt 0.437500 0.552356
vt 0.375000 0.549668
vt 0.437500 0.549668
vt 0.375000 0.547057
vt 0.437500 0.547057
vt 0.375000 0.544557
vt 0.437500 0.544557
vt 0.500000 0.580443
vt 0.500000 0.577943
vt 0.500000 0.575332
vt 0.500000 0.572644
vt 0.500000 0.569912
vt 0.500000 0.567172
vt 0.500000 0.562500
vt 0.500000 0.557828
vt 0.500000 0.555088
vt 0.500000 0.552356
vt 0.500000 0.549668
vt 0.500000 0.547057
vt 0.500000 0.544557
vt 0.312500 0.580443
vt 0.312500 0.577943
vt 0.312500 0.575332
vt 0.312500 0.572644
vt 0.312500 0.569912
vt 0.312500 0.567172
vt 0.312500 0.562500
vt 0.312500 0.557828
vt 0.312500 0.555088
vt 0.312500 0.552356
vt 0.312500 0.549668
vt 0.312500 0.547057
vt 0.312500 0.544557
vt 0.250000 0.705443
vt 0.312500 0.705443
vt 0.250000 0.702943
vt 0.312500 0.702943
vt 0.250000 0.700332
vt 0.312500 0.700332
vt 0.250000 0.697644
vt 0.312500 0.697644
vt 0.250000 0.694912
vt 0.312500 0.694912
vt 0.250000 0.692172
vt 0.312500 0.692172
vt 0.250000 0.687500
vt 0.312500 0.687500
vt 0.250000 0.682828
vt 0.312500 0.682828
vt 0.250000 0.680088
vt 0.312500 0.680088
vt 0.250000 0.677356
vt 0.312500 0.677356
vt 0.250000 0.674668
vt 0.312500 0.674668
vt 0.250000 0.672057
vt 0.312500 0.672057
vt 0.250000 0.669557
vt 0.312500 0.669557
vt 0.375000 0.705443
vt 0.375000 0.702943
vt 0.375000 0.700332
vt 0.375000 0.697644
vt 0.375000 0.694912
vt 0.375000 0.692172
vt 0.375000 0.687500
vt 0.375000 0.682828
vt 0.375000 0.680088
vt 0.375000 0.677356
vt 0.375000 0.674668
vt 0.375000 0.672057
vt 0.375000 0.669557
vt 0.625000 0.830443
vt 0.687500 0.830443
vt 0.625000 0.827943
vt 0.687500 0.827943
vt 0.625000 0.825332
vt 0.687500 0.825332
vt 0.625000 0.822644
vt 0.687500 0.822644
vt 0.625000 0.819912
vt 0.687500 0.819912
vt 0.625000 0.817172
vt 0.687500 0.817172
vt 0.625000 0.812500
vt 0.687500 0.812500
vt 0.625000 0.807828
vt 0.687500 0.807828
vt 0.625000 0.805088
vt 0.687500 0.805088
vt 0.625000 0.802356
vt 0.687500 0.802356
vt 0.625000 0.799668
vt 0.687500 0.799668
vt 0.625000 0.797057
vt 0.687500 0.797057
vt 0.625000 0.794557
vt 0.687500 0.794557
vt 0.562500 0.830443
vt 0.562500 0.827943
vt 0.562500 0.825332
vt 0.562500 0.822644
vt 0.562500 0.819912
vt 0.562500 0.817172
vt 0.562500 0.812500
vt 0.562500 0.807828
vt 0.562500 0.805088
vt 0.562500 0.802356
vt 0.562500 0.799668
vt 0.562500 0.797057
vt 0.562500 0.794557
vt 0.500000 0.955443
vt 0.562500 0.955443
vt 0.500000 0.952943
vt 0.562500 0.952943
vt 0.500000 0.950332
vt 0.562500 0.950332
vt 0.500000 0.947644
vt 0.562500 0.947644
vt 0.500000 0.944912
vt 0.562500 0.944912
vt 0.500000 0.942172
vt 0.562500 0.942172
vt 0.500000 0.937500
vt 0.562500 0.937500
vt 0.500000 0.932828
vt 0.562500 0.932828
vt 0.500000 0.930088
vt 0.562500 0.930088
vt 0.500000 0.927356
vt 0.562500 0.927356
vt 0.500000 0.924668
vt 0.562500 0.924668
vt 0.500000 0.922057
vt 0.562500 0.922057
vt 0.500000 0.919557
vt 0.562500 0.919557
vt 0.625000 0.955443
vt 0.625000 0.952943
vt 0.625000 0.950332
vt 0.625000 0.947644
vt 0.625000 0.944912
vt 0.625000 0.942172
vt 0.625000 0.937500
vt 0.625000 0.932828
vt 0.625000 0.930088
vt 0.625000 0.927356
vt 0.625000 0.924668
vt 0.625000 0.922057
vt 0.625000 0.919557
vt 0.625000 0.580443
vt 0.687500 0.580443
vt 0.625000 0.577943
vt 0.687500 0.577943
vt 0.625000 0.575332
vt 0.687500 0.575332
vt 0.625000 0.572644
vt 0.687500 0.572644
vt 0.625000 0.569912
vt 0.687500 0.569912
vt 0.625000 0.567172
vt 0.687500 0.567172
vt 0.625000 0.562500
vt 0.687500 0.562500
vt 0.625000 0.557828
vt 0.687500 0.557828
vt 0.625000 0.555088
vt 0.687500 0.555088
vt 0.625000 0.552356
vt 0.687500 0.552356
vt 0.625000 0.549668
vt 0.687500 0.549668
vt 0.625000 0.547057
vt 0.687500 0.547057
vt 0.625000 0.544557
vt 0.687500 0.544557
vt 0.750000 0.580443
vt 0.750000 0.577943
vt 0.750000 0.575332
vt 0.750000 0.572644
vt 0.750000 0.569912
vt 0.750000 0.567172
vt 0.750000 0.562500
vt 0.750000 0.557828
vt 0.750000 0.555088
vt 0.750000 0.552356
vt 0.750000 0.549668
vt 0.750000 0.547057
vt 0.750000 0.544557
vt 0.562500 0.580443
vt 0.562500 0.577943
vt 0.562500 0.575332
vt 0.562500 0.572644
vt 0.562500 0.569912
vt 0.562500 0.567172
vt 0.562500 0.562500
vt 0.562500 0.557828
vt 0.562500 0.555088
vt 0.562500 0.552356
vt 0.562500 0.549668
vt 0.562500 0.547057
vt 0.562500 0.544557
vt 0.500000 0.705443
vt 0.562500 0.705443
vt 0.500000 0.702943
vt 0.562500 0.702943
vt 0.500000 0.700332
vt 0.562500 0.700332
vt 0.500000 0.697644
vt 0.562500 0.697644
vt 0.500000 0.694912
vt 0.562500 0.694912
vt 0.500000 0.692172
vt 0.562500 0.692172
vt 0.500000 0.687500
vt 0.562500 0.687500
vt 0.500000 0.682828
vt 0.562500 0.682828
vt 0.500000 0.680088
vt 0.562500 0.680088
vt 0.500000 0.677356
vt 0.562500 0.677356
vt 0.500000 0.674668
vt 0.562500 0.674668
vt 0.500000 0.672057
vt 0.562500 0.672057
vt 0.500000 0.669557
vt 0.562500 0.669557
vt 0.625000 0.705443
vt 0.625000 0.702943
vt 0.625000 0.700332
vt 0.625000 0.697644
vt 0.625000 0.694912
vt 0.625000 0.692172
vt 0.625000 0.687500
vt 0.625000 0.682828
vt 0.625000 0.680088
vt 0.625000 0.677356
vt 0.625000 0.674668
vt 0.625000 0.672057
vt 0.625000 0.669557
vt 0.875000 0.580443
vt 0.937500 0.580443
vt 0.875000 0.577943
vt 0.937500 0.577943
vt 0.875000 0.575332
vt 0.937500 0.575332
vt 0.875000 0.572644
vt 0.937500 0.572644
vt 0.875000 0.569912
vt 0.937500 0.569912
vt 0.875000 0.567172
vt 0.937500 0.567172
vt 0.875000 0.562500
vt 0.937500 0.562500
vt 0.875000 0.557828
vt 0.937500 0.557828
vt 0.875000 0.555088
vt 0.937500 0.555088
vt 0.875000 0.552356
vt 0.937500 0.552356
vt 0.875000 0.549668
vt 0.937500 0.549668
vt 0.875000 0.547057
vt 0.937500 0.547057
vt 0.875000 0.544557
vt 0.937500 0.544557
vt 1.000000 0.580443
vt 1.000000 0.577943
vt 1.000000 0.575332
vt 1.000000 0.572644
vt 1.000000 0.569912
vt 1.000000 0.567172
vt 1.000000 0.562500
vt 1.000000 0.557828
vt 1.000000 0.555088
vt 1.000000 0.552356
vt 1.000000 0.549668
vt 1.000000 0.547057
vt 1.000000 0.544557
vt 0.812500 0.580443
vt 0.812500 0.577943
vt 0.812500 0.575332
vt 0.812500 0.572644
vt 0.812500 0.569912
vt 0.812500 0.567172
vt 0.812500 0.562500
vt 0.812500 0.557828
vt 0.812500 0.555088
vt 0.812500 0.552356
vt 0.812500 0.549668
vt 0.812500 0.547057
vt 0.812500 0.544557
vt 0.750000 0.705443
vt 0.812500 0.705443
vt 0.750000 0.702943
vt 0.812500 0.702943
vt 0.750000 0.700332
vt 0.812500 0.700332
vt 0.750000 0.697644
vt 0.812500 0.697644
vt 0.750000 0.694912
vt 0.812500 0.694912
vt 0.750000 0.692172
vt 0.812500 0.692172
vt 0.750000 0.687500
vt 0.812500 0.687500
vt 0.750000 0.682828
vt 0.812500 0.682828
vt 0.750000 0.680088
vt 0.812500 0.680088
vt 0.750000 0.677356
vt 0.812500 0.677356
vt 0.750000 0.674668
vt 0.812500 0.674668
vt 0.750000 0.672057
vt 0.812500 0.672057
vt 0.750000 0.669557
vt 0.812500 0.669557
vt 0.875000 0.705443
vt 0.875000 0.702943
vt 0.875000 0.700332
vt 0.875000 0.697644
vt 0.875000 0.694912
vt 0.875000 0.692172
vt 0.875000 0.687500
vt 0.875000 0.682828
vt 0.875000 0.680088
vt 0.875000 0.677356
vt 0.875000 0.674668
vt 0.875000 0.672057
vt 0.875000 0.669557
vt 0.937500 0.705443
vt 0.937500 0.702943
vt 0.937500 0.700332
vt 0.937500 0.697644
vt 0.937500 0.694912
vt 0.937500 0.692172
vt 0.937500 0.687500
vt 0.937500 0.682828
vt 0.937500 0.680088
vt 0.937500 0.677356
vt 0.937500 0.674668
vt 0.937500 0.672057
vt 0.937500 0.669557
vt 1.000000 0.705443
vt 1.000000 0.702943
vt 1.000000 0.700332
vt 1.000000 0.697644
vt 1.000000 0.694912
vt 1.000000 0.692172
vt 1.000000 0.687500
vt 1.000000 0.682828
vt 1.000000 0.680088
vt 1.000000 0.677356
vt 1.000000 0.674668
vt 1.000000 0.672057
vt 1.000000 0.669557
vt 0.687500 0.705443
vt 0.687500 0.702943
vt 0.687500 0.700332
vt 0.687500 0.697644
vt 0.687500 0.694912
vt 0.687500 0.692172
vt 0.687500 0.687500
vt 0.687500 0.682828
vt 0.687500 0.680088
vt 0.687500 0.677356
vt 0.687500 0.674668
vt 0.687500 0.672057
vt 0.687500 0.669557
vt 0.687500 0.955443
vt 0.687500 0.952943
vt 0.687500 0.950332
vt 0.687500 0.947644
vt 0.687500 0.944912
vt 0.687500 0.942172
vt 0.687500 0.937500
vt 0.687500 0.932828
vt 0.687500 0.930088
vt 0.687500 0.927356
vt 0.687500 0.924668
vt 0.687500 0.922057
vt 0.687500 0.919557
vt 0.437500 0.705443
vt 0.437500 0.702943
vt 0.437500 0.700332
vt 0.437500 0.697644
vt 0.437500 0.694912
vt 0.437500 0.692172
vt 0.437500 0.687500
vt 0.437500 0.682828
vt 0.437500 0.680088
vt 0.437500 0.677356
vt 0.437500 0.674668
vt 0.437500 0.672057
vt 0.437500 0.669557
vt 0.187500 0.705443
vt 0.187500 0.702943
vt 0.187500 0.700332
vt 0.187500 0.697644
vt 0.187500 0.694912
vt 0.187500 0.692172
vt 0.187500 0.687500
vt 0.187500 0.682828
vt 0.187500 0.680088
vt 0.187500 0.677356
vt 0.187500 0.674668
vt 0.187500 0.672057
vt 0.187500 0.669557
vt 0.187500 0.955443
vt 0.187500 0.952943
vt 0.187500 0.950332
vt 0.187500 0.947644
vt 0.187500 0.944912
vt 0.187500 0.942172
vt 0.187500 0.937500
vt 0.187500 0.932828
vt 0.187500 0.930088
vt 0.187500 0.927356
vt 0.187500 0.924668
vt 0.187500 0.922057
vt 0.187500 0.919557
vt 0.437500 0.205443
vt 0.437500 0.202943
vt 0.437500 0.200332
vt 0.437500 0.197644
vt 0.437500 0.194912
vt 0.437500 0.192172
vt 0.437500 0.187500
vt 0.437500 0.182828
vt 0.437500 0.180088
vt 0.437500 0.177356
vt 0.437500 0.174668
vt 0.437500 0.172057
vt 0.437500 0.169557
vt 0.187500 0.205443
vt 0.187500 0.202943
vt 0.187500 0.200332
vt 0.187500 0.197644
vt 0.187500 0.194912
vt 0.187500 0.192172
vt 0.187500 0.187500
vt 0.187500 0.182828
vt 0.187500 0.180088
vt 0.187500 0.177356
vt 0.187500 0.174668
vt 0.187500 0.172057
vt 0.187500 0.169557
vt 0.187500 0.455443
vt 0.187500 0.452943
vt 0.187500 0.450332
vt 0.187500 0.447644
vt 0.187500 0.444912
vt 0.187500 0.442172
vt 0.187500 0.437500
vt 0.187500 0.432828
vt 0.187500 0.430088
vt 0.187500 0.427356
vt 0.187500 0.424668
vt 0.187500 0.422057
vt 0.187500 0.419557
vt 0.937500 0.205443
vt 0.937500 0.202943
vt 0.937500 0.200332
vt 0.937500 0.197644
vt 0.937500 0.194912
vt 0.937500 0.192172
vt 0.937500 0.187500
vt 0.937500 0.182828
vt 0.937500 0.180088
vt 0.937500 0.177356
vt 0.937500 0.174668
vt 0.937500 0.172057
vt 0.937500 0.169557
vt 1.000000 0.205443
vt 1.000000 0.202943
vt 1.000000 0.200332
vt 1.000000 0.197644
vt 1.000000 0.194912
vt 1.000000 0.192172
vt 1.000000 0.187500
vt 1.000000 0.182828
vt 1.000000 0.180088
vt 1.000000 0.177356
vt 1.000000 0.174668
vt 1.000000 0.172057
vt 1.000000 0.169557
vt 0.687500 0.205443
vt 0.687500 0.202943
vt 0.687500 0.200332
vt 0.687500 0.197644
vt 0.687500 0.194912
vt 0.687500 0.192172
vt 0.687500 0.187500
vt 0.687500 0.182828
vt 0.687500 0.180088
vt 0.687500 0.177356
vt 0.687500 0.174668
vt 0.687500 0.172057
vt 0.687500 0.169557
vt 0.687500 0.455443
vt 0.687500 0.452943
vt 0.687500 0.450332
vt 0.687500 0.447644
vt 0.687500 0.444912
vt 0.687500 0.442172
vt 0.687500 0.437500
vt 0.687500 0.432828
vt 0.687500 0.430088
vt 0.687500 0.427356
vt 0.687500 0.424668
vt 0.687500 0.422057
vt 0.687500 0.419557
vt 0.937500 0.455443
vt 0.937500 0.452943
vt 0.937500 0.450332
vt 0.937500 0.447644
vt 0.937500 0.444912
vt 0.937500 0.442172
vt 0.937500 0.437500
vt 0.937500 0.432828
vt 0.937500 0.430088
vt 0.937500 0.427356
vt 0.937500 0.424668
vt 0.937500 0.422057
vt 0.937500 0.419557
vt 1.000000 0.455443
vt 1.000000 0.452943
vt 1.000000 0.450332
vt 1.000000 0.447644
vt 1.000000 0.444912
vt 1.000000 0.442172
vt 1.000000 0.437500
vt 1.000000 0.432828
vt 1.000000 0.430088
vt 1.000000 0.427356
vt 1.000000 0.424668
vt 1.000000 0.422057
vt 1.000000 0.419557
vt 0.437500 0.455443
vt 0.437500 0.452943
vt 0.437500 0.450332
vt 0.437500 0.447644
vt 0.437500 0.444912
vt 0.437500 0.442172
vt 0.437500 0.437500
vt 0.437500 0.432828
vt 0.437500 0.430088
vt 0.437500 0.427356
vt 0.437500 0.424668
vt 0.437500 0.422057
vt 0.437500 0.419557
vt 0.437500 0.955443
vt 0.437500 0.952943
vt 0.437500 0.950332
vt 0.437500 0.947644
vt 0.437500 0.944912
vt 0.437500 0.942172
vt 0.437500 0.937500
vt 0.437500 0.932828
vt 0.437500 0.930088
vt 0.437500 0.927356
vt 0.437500 0.924668
vt 0.437500 0.922057
vt 0.437500 0.919557
vt 0.937500 0.955443
vt 0.937500 0.952943
vt 0.937500 0.950332
vt 0.937500 0.947644
vt 0.937500 0.944912
vt 0.937500 0.942172
vt 0.937500 0.937500
vt 0.937500 0.932828
vt 0.937500 0.930088
vt 0.937500 0.927356
vt 0.937500 0.924668
vt 0.937500 0.922057
vt 0.937500 0.919557
vt 1.000000 0.955443
vt 1.000000 0.952943
vt 1.000000 0.950332
vt 1.000000 0.947644
vt 1.000000 0.944912
vt 1.000000 0.942172
vt 1.000000 0.937500
vt 1.000000 0.932828
vt 1.000000 0.930088
vt 1.000000 0.927356
vt 1.000000 0.924668
vt 1.000000 0.922057
vt 1.000000 0.919557
vt 0.500000 0.957802
vt 0.500000 1.000000
vt 0.562500 1.000000
vt 0.562500 0.957802
vt 0.250000 0.957802
vt 0.250000 1.000000
vt 0.312500 1.000000
vt 0.312500 0.957802
vt 0.000000 0.270302
vt 0.000000 0.292198
vt 0.062500 0.292198
vt 0.062500 0.270302
vt 0.937500 0.520302
vt 0.937500 0.542198
vt 1.000000 0.542198
vt 1.000000 0.520302
vt 0.687500 0.520302
vt 0.687500 0.542198
vt 0.750000 0.542198
vt 0.750000 0.520302
vt 0.250000 0.207802
vt 0.250000 0.229698
vt 0.312500 0.229698
vt 0.312500 0.207802
vt 0.937500 0.270302
vt 0.937500 0.292198
vt 1.000000 0.292198
vt 1.000000 0.270302
vt 0.187500 0.520302
vt 0.187500 0.542198
vt 0.250000 0.542198
vt 0.250000 0.520302
vt 0.250000 0.707802
vt 0.250000 0.729698
vt 0.312500 0.729698
vt 0.312500 0.707802
vt 0.312500 0.542198
vt 0.312500 0.520302
vt 0.750000 0.957802
vt 0.750000 1.000000
vt 0.812500 1.000000
vt 0.812500 0.957802
vt 0.750000 0.707802
vt 0.750000 0.729698
vt 0.812500 0.729698
vt 0.812500 0.707802
vt 0.500000 0.207802
vt 0.500000 0.229698
vt 0.562500 0.229698
vt 0.562500 0.207802
vt 0.000000 0.957802
vt 0.000000 1.000000
vt 0.062500 1.000000
vt 0.062500 0.957802
vt 0.000000 0.145302
vt 0.000000 0.167198
vt 0.062500 0.167198
vt 0.062500 0.145302
vt 0.937500 0.770302
vt 0.937500 0.792198
vt 1.000000 0.792198
vt 1.000000 0.770302
vt 0.812500 0.770302
vt 0.812500 0.792198
vt 0.875000 0.792198
vt 0.875000 0.770302
vt 0.625000 0.582802
vt 0.625000 0.604698
vt 0.687500 0.604698
vt 0.687500 0.582802
vt 0.937500 0.645302
vt 0.937500 0.667198
vt 1.000000 0.667198
vt 1.000000 0.645302
vt 0.562500 0.770302
vt 0.562500 0.792198
vt 0.625000 0.792198
vt 0.625000 0.770302
vt 0.625000 0.832802
vt 0.625000 0.854698
vt 0.687500 0.854698
vt 0.687500 0.832802
vt 0.625000 0.707802
vt 0.625000 0.729698
vt 0.687500 0.729698
vt 0.687500 0.707802
vt 0.125000 0.957802
vt 0.125000 1.000000
vt 0.187500 1.000000
vt 0.187500 0.957802
vt 0.375000 0.582802
vt 0.375000 0.604698
vt 0.437500 0.604698
vt 0.437500 0.582802
vt 0.750000 0.582802
vt 0.750000 0.604698
vt 0.812500 0.604698
vt 0.812500 0.582802
vt 0.312500 0.770302
vt 0.312500 0.792198
vt 0.375000 0.792198
vt 0.375000 0.770302
vt 0.125000 0.582802
vt 0.125000 0.604698
vt 0.187500 0.604698
vt 0.187500 0.582802
vt 0.500000 0.082802
vt 0.500000 0.104698
vt 0.562500 0.104698
vt 0.562500 0.082802
vt 0.062500 0.770302
vt 0.062500 0.792198
vt 0.125000 0.792198
vt 0.125000 0.770302
vt 0.125000 0.832802
vt 0.125000 0.854698
vt 0.187500 0.854698
vt 0.187500 0.832802
vt 0.125000 0.707802
vt 0.125000 0.729698
vt 0.187500 0.729698
vt 0.187500 0.707802
vt 0.312500 0.000000
vt 0.312500 0.042198
vt 0.375000 0.042198
vt 0.375000 0.000000
vt 0.375000 0.082802
vt 0.375000 0.104698
vt 0.437500 0.104698
vt 0.437500 0.082802
vt 0.250000 0.582802
vt 0.250000 0.604698
vt 0.312500 0.604698
vt 0.312500 0.582802
vt 0.312500 0.270302
vt 0.312500 0.292198
vt 0.375000 0.292198
vt 0.375000 0.270302
vt 0.125000 0.082802
vt 0.125000 0.104698
vt 0.187500 0.104698
vt 0.187500 0.082802
vt 0.375000 0.457802
vt 0.375000 0.479698
vt 0.437500 0.479698
vt 0.437500 0.457802
vt 0.125000 0.292198
vt 0.125000 0.270302
vt 0.125000 0.332802
vt 0.125000 0.354698
vt 0.187500 0.354698
vt 0.187500 0.332802
vt 0.125000 0.207802
vt 0.125000 0.229698
vt 0.187500 0.229698
vt 0.187500 0.207802
vt 0.062500 0.520302
vt 0.062500 0.542198
vt 0.125000 0.542198
vt 0.125000 0.520302
vt 0.875000 0.082802
vt 0.875000 0.104698
vt 0.937500 0.104698
vt 0.937500 0.082802
vt 0.250000 0.082802
vt 0.250000 0.104698
vt 0.312500 0.104698
vt 0.312500 0.082802
vt 0.812500 0.270302
vt 0.812500 0.292198
vt 0.875000 0.292198
vt 0.875000 0.270302
vt 0.625000 0.082802
vt 0.625000 0.104698
vt 0.687500 0.104698
vt 0.687500 0.082802
vt 0.937500 0.145302
vt 0.937500 0.167198
vt 1.000000 0.167198
vt 1.000000 0.145302
vt 0.562500 0.270302
vt 0.562500 0.292198
vt 0.625000 0.292198
vt 0.625000 0.270302
vt 0.625000 0.332802
vt 0.625000 0.354698
vt 0.687500 0.354698
vt 0.687500 0.332802
vt 0.625000 0.207802
vt 0.625000 0.229698
vt 0.687500 0.229698
vt 0.687500 0.207802
vt 0.562500 0.520302
vt 0.562500 0.542198
vt 0.625000 0.542198
vt 0.625000 0.520302
vt 0.875000 0.332802
vt 0.875000 0.354698
vt 0.937500 0.354698
vt 0.937500 0.332802
vt 0.750000 0.082802
vt 0.750000 0.104698
vt 0.812500 0.104698
vt 0.812500 0.082802
vt 0.812500 0.520302
vt 0.812500 0.542198
vt 0.875000 0.542198
vt 0.875000 0.520302
vt 0.375000 0.332802
vt 0.375000 0.354698
vt 0.437500 0.354698
vt 0.437500 0.332802
vt 0.937500 0.395302
vt 0.937500 0.417198
vt 1.000000 0.417198
vt 1.000000 0.395302
vt 0.375000 0.542198
vt 0.375000 0.520302
vt 0.375000 0.832802
vt 0.375000 0.854698
vt 0.437500 0.854698
vt 0.437500 0.832802
vt 0.125000 0.457802
vt 0.125000 0.479698
vt 0.187500 0.479698
vt 0.187500 0.457802
vt 0.875000 0.957802
vt 0.875000 1.000000
vt 0.937500 1.000000
vt 0.937500 0.957802
vt 0.875000 0.832802
vt 0.875000 0.854698
vt 0.937500 0.854698
vt 0.937500 0.832802
vt 0.500000 0.332802
vt 0.500000 0.354698
vt 0.562500 0.354698
vt 0.562500 0.332802
vt 0.000000 0.000000
vt 0.000000 0.042198
vt 0.062500 0.042198
vt 0.062500 0.000000
vt 0.937500 0.895302
vt 0.937500 0.917198
vt 1.000000 0.917198
vt 1.000000 0.895302
vt 0.875000 0.895302
vt 0.875000 0.917198
vt 0.875000 0.582802
vt 0.875000 0.604698
vt 0.937500 0.604698
vt 0.937500 0.582802
vt 0.000000 0.770302
vt 0.000000 0.792198
vt 0.750000 0.895302
vt 0.750000 0.917198
vt 0.812500 0.917198
vt 0.812500 0.895302
vt 0.687500 0.770302
vt 0.687500 0.792198
vt 0.750000 0.792198
vt 0.750000 0.770302
vt 0.687500 0.957802
vt 0.687500 1.000000
vt 0.687500 0.895302
vt 0.687500 0.917198
vt 0.812500 0.832802
vt 0.812500 0.854698
vt 0.375000 0.895302
vt 0.375000 0.917198
vt 0.437500 0.917198
vt 0.437500 0.895302
vt 0.750000 0.832802
vt 0.750000 0.854698
vt 0.437500 0.707802
vt 0.437500 0.729698
vt 0.500000 0.729698
vt 0.500000 0.707802
vt 0.250000 0.895302
vt 0.250000 0.917198
vt 0.312500 0.917198
vt 0.312500 0.895302
vt 0.187500 0.770302
vt 0.187500 0.792198
vt 0.250000 0.792198
vt 0.250000 0.770302
vt 0.437500 0.792198
vt 0.437500 0.770302
vt 0.187500 0.895302
vt 0.187500 0.917198
vt 0.312500 0.832802
vt 0.312500 0.854698
vt 0.375000 0.395302
vt 0.375000 0.417198
vt 0.437500 0.417198
vt 0.437500 0.395302
vt 0.250000 0.832802
vt 0.250000 0.854698
vt 0.437500 0.207802
vt 0.437500 0.229698
vt 0.250000 0.395302
vt 0.250000 0.417198
vt 0.312500 0.417198
vt 0.312500 0.395302
vt 0.187500 0.270302
vt 0.187500 0.292198
vt 0.250000 0.292198
vt 0.250000 0.270302
vt 0.437500 0.292198
vt 0.437500 0.270302
vt 0.250000 0.479698
vt 0.250000 0.457802
vt 0.187500 0.395302
vt 0.187500 0.417198
vt 0.312500 0.332802
vt 0.312500 0.354698
vt 0.875000 0.395302
vt 0.875000 0.417198
vt 0.250000 0.332802
vt 0.250000 0.354698
vt 0.562500 0.729698
vt 0.562500 0.707802
vt 0.750000 0.395302
vt 0.750000 0.417198
vt 0.812500 0.417198
vt 0.812500 0.395302
vt 0.687500 0.270302
vt 0.687500 0.292198
vt 0.750000 0.292198
vt 0.750000 0.270302
vt 0.687500 0.457802
vt 0.687500 0.479698
vt 0.750000 0.479698
vt 0.750000 0.457802
vt 0.687500 0.395302
vt 0.687500 0.417198
vt 0.812500 0.332802
vt 0.812500 0.354698
vt 0.625000 0.395302
vt 0.625000 0.417198
vt 0.875000 0.207802
vt 0.875000 0.229698
vt 0.937500 0.229698
vt 0.937500 0.207802
vt 0.750000 0.229698
vt 0.750000 0.207802
vt 0.500000 0.395302
vt 0.500000 0.417198
vt 0.562500 0.417198
vt 0.562500 0.395302
vt 0.500000 0.292198
vt 0.500000 0.270302
vt 0.500000 0.520302
vt 0.500000 0.542198
vt 0.625000 0.145302
vt 0.625000 0.167198
vt 0.687500 0.167198
vt 0.687500 0.145302
vt 0.375000 0.957802
vt 0.375000 1.000000
vt 0.437500 1.000000
vt 0.437500 0.957802
vt 0.250000 0.000000
vt 0.250000 0.042198
vt 0.500000 0.145302
vt 0.500000 0.167198
vt 0.562500 0.167198
vt 0.562500 0.145302
vt 0.750000 0.000000
vt 0.750000 0.042198
vt 0.812500 0.042198
vt 0.812500 0.000000
vt 0.625000 0.000000
vt 0.625000 0.042198
vt 0.687500 0.042198
vt 0.687500 0.000000
vt 0.437500 0.145302
vt 0.437500 0.167198
vt 0.875000 0.145302
vt 0.875000 0.167198
vt 0.562500 0.000000
vt 0.562500 0.042198
vt 0.437500 0.000000
vt 0.437500 0.042198
vt 0.500000 0.042198
vt 0.500000 0.000000
vt 0.750000 0.145302
vt 0.750000 0.167198
vt 0.812500 0.167198
vt 0.812500 0.145302
vt 0.875000 0.000000
vt 0.875000 0.042198
vt 0.937500 0.042198
vt 0.937500 0.000000
vt 0.125000 0.395302
vt 0.125000 0.417198
vt 0.375000 0.207802
vt 0.375000 0.229698
vt 1.000000 0.604698
vt 1.000000 0.582802
vt 0.000000 0.207802
vt 0.000000 0.229698
vt 0.062500 0.229698
vt 0.062500 0.207802
vt 0.937500 0.457802
vt 0.937500 0.479698
vt 1.000000 0.479698
vt 1.000000 0.457802
vt 0.000000 0.332802
vt 0.000000 0.354698
vt 0.062500 0.354698
vt 0.062500 0.332802
vt 0.125000 0.145302
vt 0.125000 0.167198
vt 0.187500 0.167198
vt 0.187500 0.145302
vt 0.625000 0.957802
vt 0.625000 1.000000
vt 1.000000 0.854698
vt 1.000000 0.832802
vt 1.000000 1.000000
vt 1.000000 0.957802
vt 0.125000 0.000000
vt 0.125000 0.042198
vt 0.187500 0.042198
vt 0.187500 0.000000
vt 0.937500 0.707802
vt 0.937500 0.729698
vt 1.000000 0.729698
vt 1.000000 0.707802
vt 0.000000 0.082802
vt 0.000000 0.104698
vt 0.062500 0.104698
vt 0.062500 0.082802
vt 0.375000 0.145302
vt 0.375000 0.167198
vt 0.250000 0.145302
vt 0.250000 0.167198
vt 0.312500 0.167198
vt 0.312500 0.145302
vt 0.125000 0.895302
vt 0.125000 0.917198
vt 0.375000 0.707802
vt 0.375000 0.729698
vt 1.000000 0.104698
vt 1.000000 0.082802
vt 0.000000 0.707802
vt 0.000000 0.729698
vt 0.062500 0.729698
vt 0.062500 0.707802
vt 1.000000 0.042198
vt 1.000000 0.000000
vt 0.000000 0.832802
vt 0.000000 0.854698
vt 0.062500 0.854698
vt 0.062500 0.832802
vt 0.125000 0.645302
vt 0.125000 0.667198
vt 0.187500 0.667198
vt 0.187500 0.645302
vt 0.625000 0.457802
vt 0.625000 0.479698
vt 1.000000 0.354698
vt 1.000000 0.332802
vt 0.000000 0.457802
vt 0.000000 0.479698
vt 0.062500 0.479698
vt 0.062500 0.457802
vt 1.000000 0.229698
vt 1.000000 0.207802
vt 0.000000 0.582802
vt 0.000000 0.604698
vt 0.062500 0.604698
vt 0.062500 0.582802
vt 0.375000 0.645302
vt 0.375000 0.667198
vt 0.437500 0.667198
vt 0.437500 0.645302
vt 0.875000 0.457802
vt 0.875000 0.479698
vt 0.500000 0.479698
vt 0.500000 0.457802
vt 0.250000 0.645302
vt 0.250000 0.667198
vt 0.312500 0.667198
vt 0.312500 0.645302
vt 0.312500 0.479698
vt 0.312500 0.457802
vt 0.437500 0.542198
vt 0.437500 0.520302
vt 0.625000 0.895302
vt 0.625000 0.917198
vt 0.875000 0.707802
vt 0.875000 0.729698
vt 0.500000 0.895302
vt 0.500000 0.917198
vt 0.562500 0.917198
vt 0.562500 0.895302
vt 0.500000 0.792198
vt 0.500000 0.770302
vt 0.562500 0.832802
vt 0.562500 0.854698
vt 0.625000 0.645302
vt 0.625000 0.667198
vt 0.687500 0.667198
vt 0.687500 0.645302
vt 0.000000 0.395302
vt 0.000000 0.417198
vt 0.062500 0.417198
vt 0.062500 0.395302
vt 0.812500 0.229698
vt 0.812500 0.207802
vt 0.500000 0.645302
vt 0.500000 0.667198
vt 0.562500 0.667198
vt 0.562500 0.645302
vt 0.562500 0.582802
vt 0.562500 0.604698
vt 0.875000 0.645302
vt 0.875000 0.667198
vt 0.750000 0.332802
vt 0.750000 0.354698
vt 0.562500 0.479698
vt 0.562500 0.457802
vt 0.750000 0.645302
vt 0.750000 0.667198
vt 0.812500 0.667198
vt 0.812500 0.645302
vt 0.812500 0.479698
vt 0.812500 0.457802
vt 0.000000 0.895302
vt 0.000000 0.917198
vt 0.062500 0.917198
vt 0.062500 0.895302
vt 0.500000 0.604698
vt 0.500000 0.582802
vt 0.062500 0.645302
vt 0.062500 0.667198
vt 0.500000 0.832802
vt 0.500000 0.854698
vt 0.000000 0.645302
vt 0.000000 0.667198
vt 0.062500 0.517943
vt 0.000000 0.517943
vt 0.000000 0.520302
vt 0.062500 0.515443
vt 0.000000 0.515443
vt 0.062500 0.512832
vt 0.000000 0.512832
vt 0.062500 0.510144
vt 0.000000 0.510144
vt 0.062500 0.507412
vt 0.000000 0.507412
vt 0.062500 0.504672
vt 0.000000 0.504672
vt 0.062500 0.500000
vt 0.000000 0.500000
vt 0.062500 0.495328
vt 0.000000 0.495328
vt 0.062500 0.492588
vt 0.000000 0.492588
vt 0.062500 0.489856
vt 0.000000 0.489856
vt 0.062500 0.487168
vt 0.000000 0.487168
vt 0.062500 0.484557
vt 0.000000 0.484557
vt 0.062500 0.482057
vt 0.000000 0.482057
vt 0.562500 0.517943
vt 0.500000 0.517943
vt 0.562500 0.515443
vt 0.500000 0.515443
vt 0.562500 0.512832
vt 0.500000 0.512832
vt 0.562500 0.510144
vt 0.500000 0.510144
vt 0.562500 0.507412
vt 0.500000 0.507412
vt 0.562500 0.504672
vt 0.500000 0.504672
vt 0.562500 0.500000
vt 0.500000 0.500000
vt 0.562500 0.495328
vt 0.500000 0.495328
vt 0.562500 0.492588
vt 0.500000 0.492588
vt 0.562500 0.489856
vt 0.500000 0.489856
vt 0.562500 0.487168
vt 0.500000 0.487168
vt 0.562500 0.484557
vt 0.500000 0.484557
vt 0.562500 0.482057
vt 0.500000 0.482057
vt 0.312500 0.517943
vt 0.250000 0.517943
vt 0.312500 0.515443
vt 0.250000 0.515443
vt 0.312500 0.512832
vt 0.250000 0.512832
vt 0.312500 0.510144
vt 0.250000 0.510144
vt 0.312500 0.507412
vt 0.250000 0.507412
vt 0.312500 0.504672
vt 0.250000 0.504672
vt 0.312500 0.500000
vt 0.250000 0.500000
vt 0.312500 0.495328
vt 0.250000 0.495328
vt 0.312500 0.492588
vt 0.250000 0.492588
vt 0.312500 0.489856
vt 0.250000 0.489856
vt 0.312500 0.487168
vt 0.250000 0.487168
vt 0.312500 0.484557
vt 0.250000 0.484557
vt 0.312500 0.482057
vt 0.250000 0.482057
vt 0.812500 0.517943
vt 0.750000 0.517943
vt 0.812500 0.515443
vt 0.750000 0.515443
vt 0.812500 0.512832
vt 0.750000 0.512832
vt 0.812500 0.510144
vt 0.750000 0.510144
vt 0.812500 0.507412
vt 0.750000 0.507412
vt 0.812500 0.504672
vt 0.750000 0.504672
vt 0.812500 0.500000
vt 0.750000 0.500000
vt 0.812500 0.495328
vt 0.750000 0.495328
vt 0.812500 0.492588
vt 0.750000 0.492588
vt 0.812500 0.489856
vt 0.750000 0.489856
vt 0.812500 0.487168
vt 0.750000 0.487168
vt 0.812500 0.484557
vt 0.750000 0.484557
vt 0.812500 0.482057
vt 0.750000 0.482057
vt 0.562500 0.267943
vt 0.500000 0.267943
vt 0.562500 0.265443
vt 0.500000 0.265443
vt 0.562500 0.262832
vt 0.500000 0.262832
vt 0.562500 0.260144
vt 0.500000 0.260144
vt 0.562500 0.257412
vt 0.500000 0.257412
vt 0.562500 0.254672
vt 0.500000 0.254672
vt 0.562500 0.250000
vt 0.500000 0.250000
vt 0.562500 0.245328
vt 0.500000 0.245328
vt 0.562500 0.242588
vt 0.500000 0.242588
vt 0.562500 0.239856
vt 0.500000 0.239856
vt 0.562500 0.237168
vt 0.500000 0.237168
vt 0.562500 0.234557
vt 0.500000 0.234557
vt 0.562500 0.232057
vt 0.500000 0.232057
vt 0.812500 0.267943
vt 0.750000 0.267943
vt 0.812500 0.265443
vt 0.750000 0.265443
vt 0.812500 0.262832
vt 0.750000 0.262832
vt 0.812500 0.260144
vt 0.750000 0.260144
vt 0.812500 0.257412
vt 0.750000 0.257412
vt 0.812500 0.254672
vt 0.750000 0.254672
vt 0.812500 0.250000
vt 0.750000 0.250000
vt 0.812500 0.245328
vt 0.750000 0.245328
vt 0.812500 0.242588
vt 0.750000 0.242588
vt 0.812500 0.239856
vt 0.750000 0.239856
vt 0.812500 0.237168
vt 0.750000 0.237168
vt 0.812500 0.234557
vt 0.750000 0.234557
vt 0.812500 0.232057
vt 0.750000 0.232057
vt 0.062500 0.267943
vt 0.000000 0.267943
vt 0.062500 0.265443
vt 0.000000 0.265443
vt 0.062500 0.262832
vt 0.000000 0.262832
vt 0.062500 0.260144
vt 0.000000 0.260144
vt 0.062500 0.257412
vt 0.000000 0.257412
vt 0.062500 0.254672
vt 0.000000 0.254672
vt 0.062500 0.250000
vt 0.000000 0.250000
vt 0.062500 0.245328
vt 0.000000 0.245328
vt 0.062500 0.242588
vt 0.000000 0.242588
vt 0.062500 0.239856
vt 0.000000 0.239856
vt 0.062500 0.237168
vt 0.000000 0.237168
vt 0.062500 0.234557
vt 0.000000 0.234557
vt 0.062500 0.232057
vt 0.000000 0.232057
vt 0.312500 0.267943
vt 0.250000 0.267943
vt 0.312500 0.265443
vt 0.250000 0.265443
vt 0.312500 0.262832
vt 0.250000 0.262832
vt 0.312500 0.260144
vt 0.250000 0.260144
vt 0.312500 0.257412
vt 0.250000 0.257412
vt 0.312500 0.254672
vt 0.250000 0.254672
vt 0.312500 0.250000
vt 0.250000 0.250000
vt 0.312500 0.245328
vt 0.250000 0.245328
vt 0.312500 0.242588
vt 0.250000 0.242588
vt 0.312500 0.239856
vt 0.250000 0.239856
vt 0.312500 0.237168
vt 0.250000 0.237168
vt 0.312500 0.234557
vt 0.250000 0.234557
vt 0.312500 0.232057
vt 0.250000 0.232057
vt 0.062500 0.767943
vt 0.000000 0.767943
vt 0.062500 0.765443
vt 0.000000 0.765443
vt 0.062500 0.762832
vt 0.000000 0.762832
vt 0.062500 0.760144
vt 0.000000 0.760144
vt 0.062500 0.757412
vt 0.000000 0.757412
vt 0.062500 0.754672
vt 0.000000 0.754672
vt 0.062500 0.750000
vt 0.000000 0.750000
vt 0.062500 0.745328
vt 0.000000 0.745328
vt 0.062500 0.742588
vt 0.000000 0.742588
vt 0.062500 0.739856
vt 0.000000 0.739856
vt 0.062500 0.737168
vt 0.000000 0.737168
vt 0.062500 0.734557
vt 0.000000 0.734557
vt 0.062500 0.732057
vt 0.000000 0.732057
vt 0.312500 0.767943
vt 0.250000 0.767943
vt 0.312500 0.765443
vt 0.250000 0.765443
vt 0.312500 0.762832
vt 0.250000 0.762832
vt 0.312500 0.760144
vt 0.250000 0.760144
vt 0.312500 0.757412
vt 0.250000 0.757412
vt 0.312500 0.754672
vt 0.250000 0.754672
vt 0.312500 0.750000
vt 0.250000 0.750000
vt 0.312500 0.745328
vt 0.250000 0.745328
vt 0.312500 0.742588
vt 0.250000 0.742588
vt 0.312500 0.739856
vt 0.250000 0.739856
vt 0.312500 0.737168
vt 0.250000 0.737168
vt 0.312500 0.734557
vt 0.250000 0.734557
vt 0.312500 0.732057
vt 0.250000 0.732057
vt 0.562500 0.767943
vt 0.500000 0.767943
vt 0.562500 0.765443
vt 0.500000 0.765443
vt 0.562500 0.762832
vt 0.500000 0.762832
vt 0.562500 0.760144
vt 0.500000 0.760144
vt 0.562500 0.757412
vt 0.500000 0.757412
vt 0.562500 0.754672
vt 0.500000 0.754672
vt 0.562500 0.750000
vt 0.500000 0.750000
vt 0.562500 0.745328
vt 0.500000 0.745328
vt 0.562500 0.742588
vt 0.500000 0.742588
vt 0.562500 0.739856
vt 0.500000 0.739856
vt 0.562500 0.737168
vt 0.500000 0.737168
vt 0.562500 0.734557
vt 0.500000 0.734557
vt 0.562500 0.732057
vt 0.500000 0.732057
vt 0.812500 0.767943
vt 0.750000 0.767943
vt 0.812500 0.765443
vt 0.750000 0.765443
vt 0.812500 0.762832
vt 0.750000 0.762832
vt 0.812500 0.760144
vt 0.750000 0.760144
vt 0.812500 0.757412
vt 0.750000 0.757412
vt 0.812500 0.754672
vt 0.750000 0.754672
vt 0.812500 0.750000
vt 0.750000 0.750000
vt 0.812500 0.745328
vt 0.750000 0.745328
vt 0.812500 0.742588
vt 0.750000 0.742588
vt 0.812500 0.739856
vt 0.750000 0.739856
vt 0.812500 0.737168
vt 0.750000 0.737168
vt 0.812500 0.734557
vt 0.750000 0.734557
vt 0.812500 0.732057
vt 0.750000 0.732057
vt 0.187500 0.517943
vt 0.125000 0.517943
vt 0.187500 0.515443
vt 0.125000 0.515443
vt 0.187500 0.512832
vt 0.125000 0.512832
vt 0.187500 0.510144
vt 0.125000 0.510144
vt 0.187500 0.507412
vt 0.125000 0.507412
vt 0.187500 0.504672
vt 0.125000 0.504672
vt 0.187500 0.500000
vt 0.125000 0.500000
vt 0.187500 0.495328
vt 0.125000 0.495328
vt 0.187500 0.492588
vt 0.125000 0.492588
vt 0.187500 0.489856
vt 0.125000 0.489856
vt 0.187500 0.487168
vt 0.125000 0.487168
vt 0.187500 0.484557
vt 0.125000 0.484557
vt 0.187500 0.482057
vt 0.125000 0.482057
vt 0.687500 0.517943
vt 0.625000 0.517943
vt 0.687500 0.515443
vt 0.625000 0.515443
vt 0.687500 0.512832
vt 0.625000 0.512832
vt 0.687500 0.510144
vt 0.625000 0.510144
vt 0.687500 0.507412
vt 0.625000 0.507412
vt 0.687500 0.504672
vt 0.625000 0.504672
vt 0.687500 0.500000
vt 0.625000 0.500000
vt 0.687500 0.495328
vt 0.625000 0.495328
vt 0.687500 0.492588
vt 0.625000 0.492588
vt 0.687500 0.489856
vt 0.625000 0.489856
vt 0.687500 0.487168
vt 0.625000 0.487168
vt 0.687500 0.484557
vt 0.625000 0.484557
vt 0.687500 0.482057
vt 0.625000 0.482057
vt 0.437500 0.517943
vt 0.375000 0.517943
vt 0.437500 0.515443
vt 0.375000 0.515443
vt 0.437500 0.512832
vt 0.375000 0.512832
vt 0.437500 0.510144
vt 0.375000 0.510144
vt 0.437500 0.507412
vt 0.375000 0.507412
vt 0.437500 0.504672
vt 0.375000 0.504672
vt 0.437500 0.500000
vt 0.375000 0.500000
vt 0.437500 0.495328
vt 0.375000 0.495328
vt 0.437500 0.492588
vt 0.375000 0.492588
vt 0.437500 0.489856
vt 0.375000 0.489856
vt 0.437500 0.487168
vt 0.375000 0.487168
vt 0.437500 0.484557
vt 0.375000 0.484557
vt 0.437500 0.482057
vt 0.375000 0.482057
vt 0.937500 0.517943
vt 0.875000 0.517943
vt 0.937500 0.515443
vt 0.875000 0.515443
vt 0.937500 0.512832
vt 0.875000 0.512832
vt 0.937500 0.510144
vt 0.875000 0.510144
vt 0.937500 0.507412
vt 0.875000 0.507412
vt 0.937500 0.504672
vt 0.875000 0.504672
vt 0.937500 0.500000
vt 0.875000 0.500000
vt 0.937500 0.495328
vt 0.875000 0.495328
vt 0.937500 0.492588
vt 0.875000 0.492588
vt 0.937500 0.489856
vt 0.875000 0.489856
vt 0.937500 0.487168
vt 0.875000 0.487168
vt 0.937500 0.484557
vt 0.875000 0.484557
vt 0.937500 0.482057
vt 0.875000 0.482057
vt 0.687500 0.267943
vt 0.625000 0.267943
vt 0.687500 0.265443
vt 0.625000 0.265443
vt 0.687500 0.262832
vt 0.625000 0.262832
vt 0.687500 0.260144
vt 0.625000 0.260144
vt 0.687500 0.257412
vt 0.625000 0.257412
vt 0.687500 0.254672
vt 0.625000 0.254672
vt 0.687500 0.250000
vt 0.625000 0.250000
vt 0.687500 0.245328
vt 0.625000 0.245328
vt 0.687500 0.242588
vt 0.625000 0.242588
vt 0.687500 0.239856
vt 0.625000 0.239856
vt 0.687500 0.237168
vt 0.625000 0.237168
vt 0.687500 0.234557
vt 0.625000 0.234557
vt 0.687500 0.232057
vt 0.625000 0.232057
vt 0.937500 0.267943
vt 0.875000 0.267943
vt 0.937500 0.265443
vt 0.875000 0.265443
vt 0.937500 0.262832
vt 0.875000 0.262832
vt 0.937500 0.260144
vt 0.875000 0.260144
vt 0.937500 0.257412
vt 0.875000 0.257412
vt 0.937500 0.254672
vt 0.875000 0.254672
vt 0.937500 0.250000
vt 0.875000 0.250000
vt 0.937500 0.245328
vt 0.875000 0.245328
vt 0.937500 0.242588
vt 0.875000 0.242588
vt 0.937500 0.239856
vt 0.875000 0.239856
vt 0.937500 0.237168
vt 0.875000 0.237168
vt 0.937500 0.234557
vt 0.875000 0.234557
vt 0.937500 0.232057
vt 0.875000 0.232057
vt 0.187500 0.267943
vt 0.125000 0.267943
vt 0.187500 0.265443
vt 0.125000 0.265443
vt 0.187500 0.262832
vt 0.125000 0.262832
vt 0.187500 0.260144
vt 0.125000 0.260144
vt 0.187500 0.257412
vt 0.125000 0.257412
vt 0.187500 0.254672
vt 0.125000 0.254672
vt 0.187500 0.250000
vt 0.125000 0.250000
vt 0.187500 0.245328
vt 0.125000 0.245328
vt 0.187500 0.242588
vt 0.125000 0.242588
vt 0.187500 0.239856
vt 0.125000 0.239856
vt 0.187500 0.237168
vt 0.125000 0.237168
vt 0.187500 0.234557
vt 0.125000 0.234557
vt 0.187500 0.232057
vt 0.125000 0.232057
vt 0.437500 0.267943
vt 0.375000 0.267943
vt 0.437500 0.265443
vt 0.375000 0.265443
vt 0.437500 0.262832
vt 0.375000 0.262832
vt 0.437500 0.260144
vt 0.375000 0.260144
vt 0.437500 0.257412
vt 0.375000 0.257412
vt 0.437500 0.254672
vt 0.375000 0.254672
vt 0.437500 0.250000
vt 0.375000 0.250000
vt 0.437500 0.245328
vt 0.375000 0.245328
vt 0.437500 0.242588
vt 0.375000 0.242588
vt 0.437500 0.239856
vt 0.375000 0.239856
vt 0.437500 0.237168
vt 0.375000 0.237168
vt 0.437500 0.234557
vt 0.375000 0.234557
vt 0.437500 0.232057
vt 0.375000 0.232057
vt 0.187500 0.767943
vt 0.125000 0.767943
vt 0.187500 0.765443
vt 0.125000 0.765443
vt 0.187500 0.762832
vt 0.125000 0.762832
vt 0.187500 0.760144
vt 0.125000 0.760144
vt 0.187500 0.757412
vt 0.125000 0.757412
vt 0.187500 0.754672
vt 0.125000 0.754672
vt 0.187500 0.750000
vt 0.125000 0.750000
vt 0.187500 0.745328
vt 0.125000 0.745328
vt 0.187500 0.742588
vt 0.125000 0.742588
vt 0.187500 0.739856
vt 0.125000 0.739856
vt 0.187500 0.737168
vt 0.125000 0.737168
vt 0.187500 0.734557
vt 0.125000 0.734557
vt 0.187500 0.732057
vt 0.125000 0.732057
vt 0.437500 0.767943
vt 0.375000 0.767943
vt 0.437500 0.765443
vt 0.375000 0.765443
vt 0.437500 0.762832
vt 0.375000 0.762832
vt 0.437500 0.760144
vt 0.375000 0.760144
vt 0.437500 0.757412
vt 0.375000 0.757412
vt 0.437500 0.754672
vt 0.375000 0.754672
vt 0.437500 0.750000
vt 0.375000 0.750000
vt 0.437500 0.745328
vt 0.375000 0.745328
vt 0.437500 0.742588
vt 0.375000 0.742588
vt 0.437500 0.739856
vt 0.375000 0.739856
vt 0.437500 0.737168
vt 0.375000 0.737168
vt 0.437500 0.734557
vt 0.375000 0.734557
vt 0.437500 0.732057
vt 0.375000 0.732057
vt 0.687500 0.767943
vt 0.625000 0.767943
vt 0.687500 0.765443
vt 0.625000 0.765443
vt 0.687500 0.762832
vt 0.625000 0.762832
vt 0.687500 0.760144
vt 0.625000 0.760144
vt 0.687500 0.757412
vt 0.625000 0.757412
vt 0.687500 0.754672
vt 0.625000 0.754672
vt 0.687500 0.750000
vt 0.625000 0.750000
vt 0.687500 0.745328
vt 0.625000 0.745328
vt 0.687500 0.742588
vt 0.625000 0.742588
vt 0.687500 0.739856
vt 0.625000 0.739856
vt 0.687500 0.737168
vt 0.625000 0.737168
vt 0.687500 0.734557
vt 0.625000 0.734557
vt 0.687500 0.732057
vt 0.625000 0.732057
vt 0.937500 0.767943
vt 0.875000 0.767943
vt 0.937500 0.765443
vt 0.875000 0.765443
vt 0.937500 0.762832
vt 0.875000 0.762832
vt 0.937500 0.760144
vt 0.875000 0.760144
vt 0.937500 0.757412
vt 0.875000 0.757412
vt 0.937500 0.754672
vt 0.875000 0.754672
vt 0.937500 0.750000
vt 0.875000 0.750000
vt 0.937500 0.745328
vt 0.875000 0.745328
vt 0.937500 0.742588
vt 0.875000 0.742588
vt 0.937500 0.739856
vt 0.875000 0.739856
vt 0.937500 0.737168
vt 0.875000 0.737168
vt 0.937500 0.734557
vt 0.875000 0.734557
vt 0.937500 0.732057
vt 0.875000 0.732057
vt 0.812500 0.642943
vt 0.750000 0.642943
vt 0.812500 0.640443
vt 0.750000 0.640443
vt 0.812500 0.637832
vt 0.750000 0.637832
vt 0.812500 0.635144
vt 0.750000 0.635144
vt 0.812500 0.632412
vt 0.750000 0.632412
vt 0.812500 0.629672
vt 0.750000 0.629672
vt 0.812500 0.625000
vt 0.750000 0.625000
vt 0.812500 0.620328
vt 0.750000 0.620328
vt 0.812500 0.617588
vt 0.750000 0.617588
vt 0.812500 0.614856
vt 0.750000 0.614856
vt 0.812500 0.612168
vt 0.750000 0.612168
vt 0.812500 0.609557
vt 0.750000 0.609557
vt 0.812500 0.607057
vt 0.750000 0.607057
vt 0.937500 0.642943
vt 0.875000 0.642943
vt 0.937500 0.640443
vt 0.875000 0.640443
vt 0.937500 0.637832
vt 0.875000 0.637832
vt 0.937500 0.635144
vt 0.875000 0.635144
vt 0.937500 0.632412
vt 0.875000 0.632412
vt 0.937500 0.629672
vt 0.875000 0.629672
vt 0.937500 0.625000
vt 0.875000 0.625000
vt 0.937500 0.620328
vt 0.875000 0.620328
vt 0.937500 0.617588
vt 0.875000 0.617588
vt 0.937500 0.614856
vt 0.875000 0.614856
vt 0.937500 0.612168
vt 0.875000 0.612168
vt 0.937500 0.609557
vt 0.875000 0.609557
vt 0.937500 0.607057
vt 0.875000 0.607057
vt 0.562500 0.642943
vt 0.500000 0.642943
vt 0.562500 0.640443
vt 0.500000 0.640443
vt 0.562500 0.637832
vt 0.500000 0.637832
vt 0.562500 0.635144
vt 0.500000 0.635144
vt 0.562500 0.632412
vt 0.500000 0.632412
vt 0.562500 0.629672
vt 0.500000 0.629672
vt 0.562500 0.625000
vt 0.500000 0.625000
vt 0.562500 0.620328
vt 0.500000 0.620328
vt 0.562500 0.617588
vt 0.500000 0.617588
vt 0.562500 0.614856
vt 0.500000 0.614856
vt 0.562500 0.612168
vt 0.500000 0.612168
vt 0.562500 0.609557
vt 0.500000 0.609557
vt 0.562500 0.607057
vt 0.500000 0.607057
vt 0.687500 0.642943
vt 0.625000 0.642943
vt 0.687500 0.640443
vt 0.625000 0.640443
vt 0.687500 0.637832
vt 0.625000 0.637832
vt 0.687500 0.635144
vt 0.625000 0.635144
vt 0.687500 0.632412
vt 0.625000 0.632412
vt 0.687500 0.629672
vt 0.625000 0.629672
vt 0.687500 0.625000
vt 0.625000 0.625000
vt 0.687500 0.620328
vt 0.625000 0.620328
vt 0.687500 0.617588
vt 0.625000 0.617588
vt 0.687500 0.614856
vt 0.625000 0.614856
vt 0.687500 0.612168
vt 0.625000 0.612168
vt 0.687500 0.609557
vt 0.625000 0.609557
vt 0.687500 0.607057
vt 0.625000 0.607057
vt 0.562500 0.892943
vt 0.500000 0.892943
vt 0.562500 0.890443
vt 0.500000 0.890443
vt 0.562500 0.887832
vt 0.500000 0.887832
vt 0.562500 0.885144
vt 0.500000 0.885144
vt 0.562500 0.882413
vt 0.500000 0.882413
vt 0.562500 0.879672
vt 0.500000 0.879672
vt 0.562500 0.875000
vt 0.500000 0.875000
vt 0.562500 0.870328
vt 0.500000 0.870328
vt 0.562500 0.867588
vt 0.500000 0.867588
vt 0.562500 0.864856
vt 0.500000 0.864856
vt 0.562500 0.862168
vt 0.500000 0.862168
vt 0.562500 0.859557
vt 0.500000 0.859557
vt 0.562500 0.857057
vt 0.500000 0.857057
vt 0.687500 0.892943
vt 0.625000 0.892943
vt 0.687500 0.890443
vt 0.625000 0.890443
vt 0.687500 0.887832
vt 0.625000 0.887832
vt 0.687500 0.885144
vt 0.625000 0.885144
vt 0.687500 0.882413
vt 0.625000 0.882413
vt 0.687500 0.879672
vt 0.625000 0.879672
vt 0.687500 0.875000
vt 0.625000 0.875000
vt 0.687500 0.870328
vt 0.625000 0.870328
vt 0.687500 0.867588
vt 0.625000 0.867588
vt 0.687500 0.864856
vt 0.625000 0.864856
vt 0.687500 0.862168
vt 0.625000 0.862168
vt 0.687500 0.859557
vt 0.625000 0.859557
vt 0.687500 0.857057
vt 0.625000 0.857057
vt 0.312500 0.642943
vt 0.250000 0.642943
vt 0.312500 0.640443
vt 0.250000 0.640443
vt 0.312500 0.637832
vt 0.250000 0.637832
vt 0.312500 0.635144
vt 0.250000 0.635144
vt 0.312500 0.632412
vt 0.250000 0.632412
vt 0.312500 0.629672
vt 0.250000 0.629672
vt 0.312500 0.625000
vt 0.250000 0.625000
vt 0.312500 0.620328
vt 0.250000 0.620328
vt 0.312500 0.617588
vt 0.250000 0.617588
vt 0.312500 0.614856
vt 0.250000 0.614856
vt 0.312500 0.612168
vt 0.250000 0.612168
vt 0.312500 0.609557
vt 0.250000 0.609557
vt 0.312500 0.607057
vt 0.250000 0.607057
vt 0.437500 0.642943
vt 0.375000 0.642943
vt 0.437500 0.640443
vt 0.375000 0.640443
vt 0.437500 0.637832
vt 0.375000 0.637832
vt 0.437500 0.635144
vt 0.375000 0.635144
vt 0.437500 0.632412
vt 0.375000 0.632412
vt 0.437500 0.629672
vt 0.375000 0.629672
vt 0.437500 0.625000
vt 0.375000 0.625000
vt 0.437500 0.620328
vt 0.375000 0.620328
vt 0.437500 0.617588
vt 0.375000 0.617588
vt 0.437500 0.614856
vt 0.375000 0.614856
vt 0.437500 0.612168
vt 0.375000 0.612168
vt 0.437500 0.609557
vt 0.375000 0.609557
vt 0.437500 0.607057
vt 0.375000 0.607057
vt 0.062500 0.642943
vt 0.000000 0.642943
vt 0.062500 0.640443
vt 0.000000 0.640443
vt 0.062500 0.637832
vt 0.000000 0.637832
vt 0.062500 0.635144
vt 0.000000 0.635144
vt 0.062500 0.632412
vt 0.000000 0.632412
vt 0.062500 0.629672
vt 0.000000 0.629672
vt 0.062500 0.625000
vt 0.000000 0.625000
vt 0.062500 0.620328
vt 0.000000 0.620328
vt 0.062500 0.617588
vt 0.000000 0.617588
vt 0.062500 0.614856
vt 0.000000 0.614856
vt 0.062500 0.612168
vt 0.000000 0.612168
vt 0.062500 0.609557
vt 0.000000 0.609557
vt 0.062500 0.607057
vt 0.000000 0.607057
vt 0.187500 0.642943
vt 0.125000 0.642943
vt 0.187500 0.640443
vt 0.125000 0.640443
vt 0.187500 0.637832
vt 0.125000 0.637832
vt 0.187500 0.635144
vt 0.125000 0.635144
vt 0.187500 0.632412
vt 0.125000 0.632412
vt 0.187500 0.629672
vt 0.125000 0.629672
vt 0.187500 0.625000
vt 0.125000 0.625000
vt 0.187500 0.620328
vt 0.125000 0.620328
vt 0.187500 0.617588
vt 0.125000 0.617588
vt 0.187500 0.614856
vt 0.125000 0.614856
vt 0.187500 0.612168
vt 0.125000 0.612168
vt 0.187500 0.609557
vt 0.125000 0.609557
vt 0.187500 0.607057
vt 0.125000 0.607057
vt 0.062500 0.892943
vt 0.000000 0.892943
vt 0.062500 0.890443
vt 0.000000 0.890443
vt 0.062500 0.887832
vt 0.000000 0.887832
vt 0.062500 0.885144
vt 0.000000 0.885144
vt 0.062500 0.882413
vt 0.000000 0.882413
vt 0.062500 0.879672
vt 0.000000 0.879672
vt 0.062500 0.875000
vt 0.000000 0.875000
vt 0.062500 0.870328
vt 0.000000 0.870328
vt 0.062500 0.867588
vt 0.000000 0.867588
vt 0.062500 0.864856
vt 0.000000 0.864856
vt 0.062500 0.862168
vt 0.000000 0.862168
vt 0.062500 0.859557
vt 0.000000 0.859557
vt 0.062500 0.857057
vt 0.000000 0.857057
vt 0.187500 0.892943
vt 0.125000 0.892943
vt 0.187500 0.890443
vt 0.125000 0.890443
vt 0.187500 0.887832
vt 0.125000 0.887832
vt 0.187500 0.885144
vt 0.125000 0.885144
vt 0.187500 0.882413
vt 0.125000 0.882413
vt 0.187500 0.879672
vt 0.125000 0.879672
vt 0.187500 0.875000
vt 0.125000 0.875000
vt 0.187500 0.870328
vt 0.125000 0.870328
vt 0.187500 0.867588
vt 0.125000 0.867588
vt 0.187500 0.864856
vt 0.125000 0.864856
vt 0.187500 0.862168
vt 0.125000 0.862168
vt 0.187500 0.859557
vt 0.125000 0.859557
vt 0.187500 0.857057
vt 0.125000 0.857057
vt 0.312500 0.142943
vt 0.250000 0.142943
vt 0.312500 0.140443
vt 0.250000 0.140443
vt 0.312500 0.137832
vt 0.250000 0.137832
vt 0.312500 0.135144
vt 0.250000 0.135144
vt 0.312500 0.132412
vt 0.250000 0.132412
vt 0.312500 0.129672
vt 0.250000 0.129672
vt 0.312500 0.125000
vt 0.250000 0.125000
vt 0.312500 0.120328
vt 0.250000 0.120328
vt 0.312500 0.117587
vt 0.250000 0.117587
vt 0.312500 0.114856
vt 0.250000 0.114856
vt 0.312500 0.112168
vt 0.250000 0.112168
vt 0.312500 0.109557
vt 0.250000 0.109557
vt 0.312500 0.107057
vt 0.250000 0.107057
vt 0.437500 0.142943
vt 0.375000 0.142943
vt 0.437500 0.140443
vt 0.375000 0.140443
vt 0.437500 0.137832
vt 0.375000 0.137832
vt 0.437500 0.135144
vt 0.375000 0.135144
vt 0.437500 0.132412
vt 0.375000 0.132412
vt 0.437500 0.129672
vt 0.375000 0.129672
vt 0.437500 0.125000
vt 0.375000 0.125000
vt 0.437500 0.120328
vt 0.375000 0.120328
vt 0.437500 0.117587
vt 0.375000 0.117587
vt 0.437500 0.114856
vt 0.375000 0.114856
vt 0.437500 0.112168
vt 0.375000 0.112168
vt 0.437500 0.109557
vt 0.375000 0.109557
vt 0.437500 0.107057
vt 0.375000 0.107057
vt 0.062500 0.142943
vt 0.000000 0.142943
vt 0.062500 0.140443
vt 0.000000 0.140443
vt 0.062500 0.137832
vt 0.000000 0.137832
vt 0.062500 0.135144
vt 0.000000 0.135144
vt 0.062500 0.132412
vt 0.000000 0.132412
vt 0.062500 0.129672
vt 0.000000 0.129672
vt 0.062500 0.125000
vt 0.000000 0.125000
vt 0.062500 0.120328
vt 0.000000 0.120328
vt 0.062500 0.117587
vt 0.000000 0.117587
vt 0.062500 0.114856
vt 0.000000 0.114856
vt 0.062500 0.112168
vt 0.000000 0.112168
vt 0.062500 0.109557
vt 0.000000 0.109557
vt 0.062500 0.107057
vt 0.000000 0.107057
vt 0.187500 0.142943
vt 0.125000 0.142943
vt 0.187500 0.140443
vt 0.125000 0.140443
vt 0.187500 0.137832
vt 0.125000 0.137832
vt 0.187500 0.135144
vt 0.125000 0.135144
vt 0.187500 0.132412
vt 0.125000 0.132412
vt 0.187500 0.129672
vt 0.125000 0.129672
vt 0.187500 0.125000
vt 0.125000 0.125000
vt 0.187500 0.120328
vt 0.125000 0.120328
vt 0.187500 0.117587
vt 0.125000 0.117587
vt 0.187500 0.114856
vt 0.125000 0.114856
vt 0.187500 0.112168
vt 0.125000 0.112168
vt 0.187500 0.109557
vt 0.125000 0.109557
vt 0.187500 0.107057
vt 0.125000 0.107057
vt 0.062500 0.392943
vt 0.000000 0.392943
vt 0.062500 0.390443
vt 0.000000 0.390443
vt 0.062500 0.387832
vt 0.000000 0.387832
vt 0.062500 0.385144
vt 0.000000 0.385144
vt 0.062500 0.382412
vt 0.000000 0.382412
vt 0.062500 0.379672
vt 0.000000 0.379672
vt 0.062500 0.375000
vt 0.000000 0.375000
vt 0.062500 0.370328
vt 0.000000 0.370328
vt 0.062500 0.367588
vt 0.000000 0.367588
vt 0.062500 0.364856
vt 0.000000 0.364856
vt 0.062500 0.362168
vt 0.000000 0.362168
vt 0.062500 0.359557
vt 0.000000 0.359557
vt 0.062500 0.357057
vt 0.000000 0.357057
vt 0.187500 0.392943
vt 0.125000 0.392943
vt 0.187500 0.390443
vt 0.125000 0.390443
vt 0.187500 0.387832
vt 0.125000 0.387832
vt 0.187500 0.385144
vt 0.125000 0.385144
vt 0.187500 0.382412
vt 0.125000 0.382412
vt 0.187500 0.379672
vt 0.125000 0.379672
vt 0.187500 0.375000
vt 0.125000 0.375000
vt 0.187500 0.370328
vt 0.125000 0.370328
vt 0.187500 0.367588
vt 0.125000 0.367588
vt 0.187500 0.364856
vt 0.125000 0.364856
vt 0.187500 0.362168
vt 0.125000 0.362168
vt 0.187500 0.359557
vt 0.125000 0.359557
vt 0.187500 0.357057
vt 0.125000 0.357057
vt 0.812500 0.142943
vt 0.750000 0.142943
vt 0.812500 0.140443
vt 0.750000 0.140443
vt 0.812500 0.137832
vt 0.750000 0.137832
vt 0.812500 0.135144
vt 0.750000 0.135144
vt 0.812500 0.132412
vt 0.750000 0.132412
vt 0.812500 0.129672
vt 0.750000 0.129672
vt 0.812500 0.125000
vt 0.750000 0.125000
vt 0.812500 0.120328
vt 0.750000 0.120328
vt 0.812500 0.117587
vt 0.750000 0.117587
vt 0.812500 0.114856
vt 0.750000 0.114856
vt 0.812500 0.112168
vt 0.750000 0.112168
vt 0.812500 0.109557
vt 0.750000 0.109557
vt 0.812500 0.107057
vt 0.750000 0.107057
vt 0.937500 0.142943
vt 0.875000 0.142943
vt 0.937500 0.140443
vt 0.875000 0.140443
vt 0.937500 0.137832
vt 0.875000 0.137832
vt 0.937500 0.135144
vt 0.875000 0.135144
vt 0.937500 0.132412
vt 0.875000 0.132412
vt 0.937500 0.129672
vt 0.875000 0.129672
vt 0.937500 0.125000
vt 0.875000 0.125000
vt 0.937500 0.120328
vt 0.875000 0.120328
vt 0.937500 0.117587
vt 0.875000 0.117587
vt 0.937500 0.114856
vt 0.875000 0.114856
vt 0.937500 0.112168
vt 0.875000 0.112168
vt 0.937500 0.109557
vt 0.875000 0.109557
vt 0.937500 0.107057
vt 0.875000 0.107057
vt 0.562500 0.142943
vt 0.500000 0.142943
vt 0.562500 0.140443
vt 0.500000 0.140443
vt 0.562500 0.137832
vt 0.500000 0.137832
vt 0.562500 0.135144
vt 0.500000 0.135144
vt 0.562500 0.132412
vt 0.500000 0.132412
vt 0.562500 0.129672
vt 0.500000 0.129672
vt 0.562500 0.125000
vt 0.500000 0.125000
vt 0.562500 0.120328
vt 0.500000 0.120328
vt 0.562500 0.117587
vt 0.500000 0.117587
vt 0.562500 0.114856
vt 0.500000 0.114856
vt 0.562500 0.112168
vt 0.500000 0.112168
vt 0.562500 0.109557
vt 0.500000 0.109557
vt 0.562500 0.107057
vt 0.500000 0.107057
vt 0.687500 0.142943
vt 0.625000 0.142943
vt 0.687500 0.140443
vt 0.625000 0.140443
vt 0.687500 0.137832
vt 0.625000 0.137832
vt 0.687500 0.135144
vt 0.625000 0.135144
vt 0.687500 0.132412
vt 0.625000 0.132412
vt 0.687500 0.129672
vt 0.625000 0.129672
vt 0.687500 0.125000
vt 0.625000 0.125000
vt 0.687500 0.120328
vt 0.625000 0.120328
vt 0.687500 0.117587
vt 0.625000 0.117587
vt 0.687500 0.114856
vt 0.625000 0.114856
vt 0.687500 0.112168
vt 0.625000 0.112168
vt 0.687500 0.109557
vt 0.625000 0.109557
vt 0.687500 0.107057
vt 0.625000 0.107057
vt 0.562500 0.392943
vt 0.500000 0.392943
vt 0.562500 0.390443
vt 0.500000 0.390443
vt 0.562500 0.387832
vt 0.500000 0.387832
vt 0.562500 0.385144
vt 0.500000 0.385144
vt 0.562500 0.382412
vt 0.500000 0.382412
vt 0.562500 0.379672
vt 0.500000 0.379672
vt 0.562500 0.375000
vt 0.500000 0.375000
vt 0.562500 0.370328
vt 0.500000 0.370328
vt 0.562500 0.367588
vt 0.500000 0.367588
vt 0.562500 0.364856
vt 0.500000 0.364856
vt 0.562500 0.362168
vt 0.500000 0.362168
vt 0.562500 0.359557
vt 0.500000 0.359557
vt 0.562500 0.357057
vt 0.500000 0.357057
vt 0.687500 0.392943
vt 0.625000 0.392943
vt 0.687500 0.390443
vt 0.625000 0.390443
vt 0.687500 0.387832
vt 0.625000 0.387832
vt 0.687500 0.385144
vt 0.625000 0.385144
vt 0.687500 0.382412
vt 0.625000 0.382412
vt 0.687500 0.379672
vt 0.625000 0.379672
vt 0.687500 0.375000
vt 0.625000 0.375000
vt 0.687500 0.370328
vt 0.625000 0.370328
vt 0.687500 0.367588
vt 0.625000 0.367588
vt 0.687500 0.364856
vt 0.625000 0.364856
vt 0.687500 0.362168
vt 0.625000 0.362168
vt 0.687500 0.359557
vt 0.625000 0.359557
vt 0.687500 0.357057
vt 0.625000 0.357057
vt 0.812500 0.392943
vt 0.750000 0.392943
vt 0.812500 0.390443
vt 0.750000 0.390443
vt 0.812500 0.387832
vt 0.750000 0.387832
vt 0.812500 0.385144
vt 0.750000 0.385144
vt 0.812500 0.382412
vt 0.750000 0.382412
vt 0.812500 0.379672
vt 0.750000 0.379672
vt 0.812500 0.375000
vt 0.750000 0.375000
vt 0.812500 0.370328
vt 0.750000 0.370328
vt 0.812500 0.367588
vt 0.750000 0.367588
vt 0.812500 0.364856
vt 0.750000 0.364856
vt 0.812500 0.362168
vt 0.750000 0.362168
vt 0.812500 0.359557
vt 0.750000 0.359557
vt 0.812500 0.357057
vt 0.750000 0.357057
vt 0.937500 0.392943
vt 0.875000 0.392943
vt 0.937500 0.390443
vt 0.875000 0.390443
vt 0.937500 0.387832
vt 0.875000 0.387832
vt 0.937500 0.385144
vt 0.875000 0.385144
vt 0.937500 0.382412
vt 0.875000 0.382412
vt 0.937500 0.379672
vt 0.875000 0.379672
vt 0.937500 0.375000
vt 0.875000 0.375000
vt 0.937500 0.370328
vt 0.875000 0.370328
vt 0.937500 0.367588
vt 0.875000 0.367588
vt 0.937500 0.364856
vt 0.875000 0.364856
vt 0.937500 0.362168
vt 0.875000 0.362168
vt 0.937500 0.359557
vt 0.875000 0.359557
vt 0.937500 0.357057
vt 0.875000 0.357057
vt 0.312500 0.392943
vt 0.250000 0.392943
vt 0.312500 0.390443
vt 0.250000 0.390443
vt 0.312500 0.387832
vt 0.250000 0.387832
vt 0.312500 0.385144
vt 0.250000 0.385144
vt 0.312500 0.382412
vt 0.250000 0.382412
vt 0.312500 0.379672
vt 0.250000 0.379672
vt 0.312500 0.375000
vt 0.250000 0.375000
vt 0.312500 0.370328
vt 0.250000 0.370328
vt 0.312500 0.367588
vt 0.250000 0.367588
vt 0.312500 0.364856
vt 0.250000 0.364856
vt 0.312500 0.362168
vt 0.250000 0.362168
vt 0.312500 0.359557
vt 0.250000 0.359557
vt 0.312500 0.357057
vt 0.250000 0.357057
vt 0.437500 0.392943
vt 0.375000 0.392943
vt 0.437500 0.390443
vt 0.375000 0.390443
vt 0.437500 0.387832
vt 0.375000 0.387832
vt 0.437500 0.385144
vt 0.375000 0.385144
vt 0.437500 0.382412
vt 0.375000 0.382412
vt 0.437500 0.379672
vt 0.375000 0.379672
vt 0.437500 0.375000
vt 0.375000 0.375000
vt 0.437500 0.370328
vt 0.375000 0.370328
vt 0.437500 0.367588
vt 0.375000 0.367588
vt 0.437500 0.364856
vt 0.375000 0.364856
vt 0.437500 0.362168
vt 0.375000 0.362168
vt 0.437500 0.359557
vt 0.375000 0.359557
vt 0.437500 0.357057
vt 0.375000 0.357057
vt 0.312500 0.892943
vt 0.250000 0.892943
vt 0.312500 0.890443
vt 0.250000 0.890443
vt 0.312500 0.887832
vt 0.250000 0.887832
vt 0.312500 0.885144
vt 0.250000 0.885144
vt 0.312500 0.882413
vt 0.250000 0.882413
vt 0.312500 0.879672
vt 0.250000 0.879672
vt 0.312500 0.875000
vt 0.250000 0.875000
vt 0.312500 0.870328
vt 0.250000 0.870328
vt 0.312500 0.867588
vt 0.250000 0.867588
vt 0.312500 0.864856
vt 0.250000 0.864856
vt 0.312500 0.862168
vt 0.250000 0.862168
vt 0.312500 0.859557
vt 0.250000 0.859557
vt 0.312500 0.857057
vt 0.250000 0.857057
vt 0.437500 0.892943
vt 0.375000 0.892943
vt 0.437500 0.890443
vt 0.375000 0.890443
vt 0.437500 0.887832
vt 0.375000 0.887832
vt 0.437500 0.885144
vt 0.375000 0.885144
vt 0.437500 0.882413
vt 0.375000 0.882413
vt 0.437500 0.879672
vt 0.375000 0.879672
vt 0.437500 0.875000
vt 0.375000 0.875000
vt 0.437500 0.870328
vt 0.375000 0.870328
vt 0.437500 0.867588
vt 0.375000 0.867588
vt 0.437500 0.864856
vt 0.375000 0.864856
vt 0.437500 0.862168
vt 0.375000 0.862168
vt 0.437500 0.859557
vt 0.375000 0.859557
vt 0.437500 0.857057
vt 0.375000 0.857057
vt 0.812500 0.892943
vt 0.750000 0.892943
vt 0.812500 0.890443
vt 0.750000 0.890443
vt 0.812500 0.887832
vt 0.750000 0.887832
vt 0.812500 0.885144
vt 0.750000 0.885144
vt 0.812500 0.882413
vt 0.750000 0.882413
vt 0.812500 0.879672
vt 0.750000 0.879672
vt 0.812500 0.875000
vt 0.750000 0.875000
vt 0.812500 0.870328
vt 0.750000 0.870328
vt 0.812500 0.867588
vt 0.750000 0.867588
vt 0.812500 0.864856
vt 0.750000 0.864856
vt 0.812500 0.862168
vt 0.750000 0.862168
vt 0.812500 0.859557
vt 0.750000 0.859557
vt 0.812500 0.857057
vt 0.750000 0.857057
vt 0.937500 0.892943
vt 0.875000 0.892943
vt 0.937500 0.890443
vt 0.875000 0.890443
vt 0.937500 0.887832
vt 0.875000 0.887832
vt 0.937500 0.885144
vt 0.875000 0.885144
vt 0.937500 0.882413
vt 0.875000 0.882413
vt 0.937500 0.879672
vt 0.875000 0.879672
vt 0.937500 0.875000
vt 0.875000 0.875000
vt 0.937500 0.870328
vt 0.875000 0.870328
vt 0.937500 0.867588
vt 0.875000 0.867588
vt 0.937500 0.864856
vt 0.875000 0.864856
vt 0.937500 0.862168
vt 0.875000 0.862168
vt 0.937500 0.859557
vt 0.875000 0.859557
vt 0.937500 0.857057
vt 0.875000 0.857057
vt 1.000000 0.517943
vt 1.000000 0.515443
vt 1.000000 0.512832
vt 1.000000 0.510144
vt 1.000000 0.507412
vt 1.000000 0.504672
vt 1.000000 0.500000
vt 1.000000 0.495328
vt 1.000000 0.492588
vt 1.000000 0.489856
vt 1.000000 0.487168
vt 1.000000 0.484557
vt 1.000000 0.482057
vt 1.000000 0.267943
vt 1.000000 0.265443
vt 1.000000 0.262832
vt 1.000000 0.260144
vt 1.000000 0.257412
vt 1.000000 0.254672
vt 1.000000 0.250000
vt 1.000000 0.245328
vt 1.000000 0.242588
vt 1.000000 0.239856
vt 1.000000 0.237168
vt 1.000000 0.234557
vt 1.000000 0.232057
vt 1.000000 0.767943
vt 1.000000 0.765443
vt 1.000000 0.762832
vt 1.000000 0.760144
vt 1.000000 0.757412
vt 1.000000 0.754672
vt 1.000000 0.750000
vt 1.000000 0.745328
vt 1.000000 0.742588
vt 1.000000 0.739856
vt 1.000000 0.737168
vt 1.000000 0.734557
vt 1.000000 0.732057
vt 1.000000 0.642943
vt 1.000000 0.640443
vt 1.000000 0.637832
vt 1.000000 0.635144
vt 1.000000 0.632412
vt 1.000000 0.629672
vt 1.000000 0.625000
vt 1.000000 0.620328
vt 1.000000 0.617588
vt 1.000000 0.614856
vt 1.000000 0.612168
vt 1.000000 0.609557
vt 1.000000 0.607057
vt 1.000000 0.142943
vt 1.000000 0.140443
vt 1.000000 0.137832
vt 1.000000 0.135144
vt 1.000000 0.132412
vt 1.000000 0.129672
vt 1.000000 0.125000
vt 1.000000 0.120328
vt 1.000000 0.117587
vt 1.000000 0.114856
vt 1.000000 0.112168
vt 1.000000 0.109557
vt 1.000000 0.107057
vt 1.000000 0.392943
vt 1.000000 0.390443
vt 1.000000 0.387832
vt 1.000000 0.385144
vt 1.000000 0.382412
vt 1.000000 0.379672
vt 1.000000 0.375000
vt 1.000000 0.370328
vt 1.000000 0.367588
vt 1.000000 0.364856
vt 1.000000 0.362168
vt 1.000000 0.359557
vt 1.000000 0.357057
vt 1.000000 0.892943
vt 1.000000 0.890443
vt 1.000000 0.887832
vt 1.000000 0.885144
vt 1.000000 0.882413
vt 1.000000 0.879672
vt 1.000000 0.875000
vt 1.000000 0.870328
vt 1.000000 0.867588
vt 1.000000 0.864856
vt 1.000000 0.862168
vt 1.000000 0.859557
vt 1.000000 0.857057
vt 0.937500 0.830443
vt 0.875000 0.830443
vt 0.937500 0.827943
vt 0.875000 0.827943
vt 0.937500 0.825332
vt 0.875000 0.825332
vt 0.937500 0.822644
vt 0.875000 0.822644
vt 0.937500 0.819912
vt 0.875000 0.819912
vt 0.937500 0.817172
vt 0.875000 0.817172
vt 0.937500 0.812500
vt 0.875000 0.812500
vt 0.937500 0.807828
vt 0.875000 0.807828
vt 0.937500 0.805088
vt 0.875000 0.805088
vt 0.937500 0.802356
vt 0.875000 0.802356
vt 0.937500 0.799668
vt 0.875000 0.799668
vt 0.937500 0.797057
vt 0.875000 0.797057
vt 0.937500 0.794557
vt 0.875000 0.794557
vt 1.000000 0.830443
vt 1.000000 0.827943
vt 1.000000 0.825332
vt 1.000000 0.822644
vt 1.000000 0.819912
vt 1.000000 0.817172
vt 1.000000 0.812500
vt 1.000000 0.807828
vt 1.000000 0.805088
vt 1.000000 0.802356
vt 1.000000 0.799668
vt 1.000000 0.797057
vt 1.000000 0.794557
vt 0.812500 0.830443
vt 0.750000 0.830443
vt 0.812500 0.827943
vt 0.750000 0.827943
vt 0.812500 0.825332
vt 0.750000 0.825332
vt 0.812500 0.822644
vt 0.750000 0.822644
vt 0.812500 0.819912
vt 0.750000 0.819912
vt 0.812500 0.817172
vt 0.750000 0.817172
vt 0.812500 0.812500
vt 0.750000 0.812500
vt 0.812500 0.807828
vt 0.750000 0.807828
vt 0.812500 0.805088
vt 0.750000 0.805088
vt 0.812500 0.802356
vt 0.750000 0.802356
vt 0.812500 0.799668
vt 0.750000 0.799668
vt 0.812500 0.797057
vt 0.750000 0.797057
vt 0.812500 0.794557
vt 0.750000 0.794557
vt 0.812500 0.955443
vt 0.750000 0.955443
vt 0.812500 0.952943
vt 0.750000 0.952943
vt 0.812500 0.950332
vt 0.750000 0.950332
vt 0.812500 0.947644
vt 0.750000 0.947644
vt 0.812500 0.944912
vt 0.750000 0.944912
vt 0.812500 0.942172
vt 0.750000 0.942172
vt 0.812500 0.937500
vt 0.750000 0.937500
vt 0.812500 0.932828
vt 0.750000 0.932828
vt 0.812500 0.930088
vt 0.750000 0.930088
vt 0.812500 0.927356
vt 0.750000 0.927356
vt 0.812500 0.924668
vt 0.750000 0.924668
vt 0.812500 0.922057
vt 0.750000 0.922057
vt 0.812500 0.919557
vt 0.750000 0.919557
vt 0.875000 0.955443
vt 0.875000 0.952943
vt 0.875000 0.950332
vt 0.875000 0.947644
vt 0.875000 0.944912
vt 0.875000 0.942172
vt 0.875000 0.937500
vt 0.875000 0.932828
vt 0.875000 0.930088
vt 0.875000 0.927356
vt 0.875000 0.924668
vt 0.875000 0.922057
vt 0.875000 0.919557
vt 0.437500 0.830443
vt 0.375000 0.830443
vt 0.437500 0.827943
vt 0.375000 0.827943
vt 0.437500 0.825332
vt 0.375000 0.825332
vt 0.437500 0.822644
vt 0.375000 0.822644
vt 0.437500 0.819912
vt 0.375000 0.819912
vt 0.437500 0.817172
vt 0.375000 0.817172
vt 0.437500 0.812500
vt 0.375000 0.812500
vt 0.437500 0.807828
vt 0.375000 0.807828
vt 0.437500 0.805088
vt 0.375000 0.805088
vt 0.437500 0.802356
vt 0.375000 0.802356
vt 0.437500 0.799668
vt 0.375000 0.799668
vt 0.437500 0.797057
vt 0.375000 0.797057
vt 0.437500 0.794557
vt 0.375000 0.794557
vt 0.500000 0.830443
vt 0.500000 0.827943
vt 0.500000 0.825332
vt 0.500000 0.822644
vt 0.500000 0.819912
vt 0.500000 0.817172
vt 0.500000 0.812500
vt 0.500000 0.807828
vt 0.500000 0.805088
vt 0.500000 0.802356
vt 0.500000 0.799668
vt 0.500000 0.797057
vt 0.500000 0.794557
vt 0.312500 0.830443
vt 0.250000 0.830443
vt 0.312500 0.827943
vt 0.250000 0.827943
vt 0.312500 0.825332
vt 0.250000 0.825332
vt 0.312500 0.822644
vt 0.250000 0.822644
vt 0.312500 0.819912
vt 0.250000 0.819912
vt 0.312500 0.817172
vt 0.250000 0.817172
vt 0.312500 0.812500
vt 0.250000 0.812500
vt 0.312500 0.807828
vt 0.250000 0.807828
vt 0.312500 0.805088
vt 0.250000 0.805088
vt 0.312500 0.802356
vt 0.250000 0.802356
vt 0.312500 0.799668
vt 0.250000 0.799668
vt 0.312500 0.797057
vt 0.250000 0.797057
vt 0.312500 0.794557
vt 0.250000 0.794557
vt 0.312500 0.955443
vt 0.250000 0.955443
vt 0.312500 0.952943
vt 0.250000 0.952943
vt 0.312500 0.950332
vt 0.250000 0.950332
vt 0.312500 0.947644
vt 0.250000 0.947644
vt 0.312500 0.944912
vt 0.250000 0.944912
vt 0.312500 0.942172
vt 0.250000 0.942172
vt 0.312500 0.937500
vt 0.250000 0.937500
vt 0.312500 0.932828
vt 0.250000 0.932828
vt 0.312500 0.930088
vt 0.250000 0.930088
vt 0.312500 0.927356
vt 0.250000 0.927356
vt 0.312500 0.924668
vt 0.250000 0.924668
vt 0.312500 0.922057
vt 0.250000 0.922057
vt 0.312500 0.919557
vt 0.250000 0.919557
vt 0.375000 0.955443
vt 0.375000 0.952943
vt 0.375000 0.950332
vt 0.375000 0.947644
vt 0.375000 0.944912
vt 0.375000 0.942172
vt 0.375000 0.937500
vt 0.375000 0.932828
vt 0.375000 0.930088
vt 0.375000 0.927356
vt 0.375000 0.924668
vt 0.375000 0.922057
vt 0.375000 0.919557
vt 0.437500 0.330443
vt 0.375000 0.330443
vt 0.437500 0.327943
vt 0.375000 0.327943
vt 0.437500 0.325332
vt 0.375000 0.325332
vt 0.437500 0.322644
vt 0.375000 0.322644
vt 0.437500 0.319912
vt 0.375000 0.319912
vt 0.437500 0.317172
vt 0.375000 0.317172
vt 0.437500 0.312500
vt 0.375000 0.312500
vt 0.437500 0.307828
vt 0.375000 0.307828
vt 0.437500 0.305088
vt 0.375000 0.305088
vt 0.437500 0.302356
vt 0.375000 0.302356
vt 0.437500 0.299668
vt 0.375000 0.299668
vt 0.437500 0.297057
vt 0.375000 0.297057
vt 0.437500 0.294557
vt 0.375000 0.294557
vt 0.500000 0.330443
vt 0.500000 0.327943
vt 0.500000 0.325332
vt 0.500000 0.322644
vt 0.500000 0.319912
vt 0.500000 0.317172
vt 0.500000 0.312500
vt 0.500000 0.307828
vt 0.500000 0.305088
vt 0.500000 0.302356
vt 0.500000 0.299668
vt 0.500000 0.297057
vt 0.500000 0.294557
vt 0.312500 0.330443
vt 0.250000 0.330443
vt 0.312500 0.327943
vt 0.250000 0.327943
vt 0.312500 0.325332
vt 0.250000 0.325332
vt 0.312500 0.322644
vt 0.250000 0.322644
vt 0.312500 0.319912
vt 0.250000 0.319912
vt 0.312500 0.317172
vt 0.250000 0.317172
vt 0.312500 0.312500
vt 0.250000 0.312500
vt 0.312500 0.307828
vt 0.250000 0.307828
vt 0.312500 0.305088
vt 0.250000 0.305088
vt 0.312500 0.302356
vt 0.250000 0.302356
vt 0.312500 0.299668
vt 0.250000 0.299668
vt 0.312500 0.297057
vt 0.250000 0.297057
vt 0.312500 0.294557
vt 0.250000 0.294557
vt 0.312500 0.455443
vt 0.250000 0.455443
vt 0.312500 0.452943
vt 0.250000 0.452943
vt 0.312500 0.450332
vt 0.250000 0.450332
vt 0.312500 0.447644
vt 0.250000 0.447644
vt 0.312500 0.444912
vt 0.250000 0.444912
vt 0.312500 0.442172
vt 0.250000 0.442172
vt 0.312500 0.437500
vt 0.250000 0.437500
vt 0.312500 0.432828
vt 0.250000 0.432828
vt 0.312500 0.430088
vt 0.250000 0.430088
vt 0.312500 0.427356
vt 0.250000 0.427356
vt 0.312500 0.424668
vt 0.250000 0.424668
vt 0.312500 0.422057
vt 0.250000 0.422057
vt 0.312500 0.419557
vt 0.250000 0.419557
vt 0.375000 0.455443
vt 0.375000 0.452943
vt 0.375000 0.450332
vt 0.375000 0.447644
vt 0.375000 0.444912
vt 0.375000 0.442172
vt 0.375000 0.437500
vt 0.375000 0.432828
vt 0.375000 0.430088
vt 0.375000 0.427356
vt 0.375000 0.424668
vt 0.375000 0.422057
vt 0.375000 0.419557
vt 0.937500 0.330443
vt 0.875000 0.330443
vt 0.937500 0.327943
vt 0.875000 0.327943
vt 0.937500 0.325332
vt 0.875000 0.325332
vt 0.937500 0.322644
vt 0.875000 0.322644
vt 0.937500 0.319912
vt 0.875000 0.319912
vt 0.937500 0.317172
vt 0.875000 0.317172
vt 0.937500 0.312500
vt 0.875000 0.312500
vt 0.937500 0.307828
vt 0.875000 0.307828
vt 0.937500 0.305088
vt 0.875000 0.305088
vt 0.937500 0.302356
vt 0.875000 0.302356
vt 0.937500 0.299668
vt 0.875000 0.299668
vt 0.937500 0.297057
vt 0.875000 0.297057
vt 0.937500 0.294557
vt 0.875000 0.294557
vt 1.000000 0.330443
vt 1.000000 0.327943
vt 1.000000 0.325332
vt 1.000000 0.322644
vt 1.000000 0.319912
vt 1.000000 0.317172
vt 1.000000 0.312500
vt 1.000000 0.307828
vt 1.000000 0.305088
vt 1.000000 0.302356
vt 1.000000 0.299668
vt 1.000000 0.297057
vt 1.000000 0.294557
vt 0.812500 0.330443
vt 0.750000 0.330443
vt 0.812500 0.327943
vt 0.750000 0.327943
vt 0.812500 0.325332
vt 0.750000 0.325332
vt 0.812500 0.322644
vt 0.750000 0.322644
vt 0.812500 0.319912
vt 0.750000 0.319912
vt 0.812500 0.317172
vt 0.750000 0.317172
vt 0.812500 0.312500
vt 0.750000 0.312500
vt 0.812500 0.307828
vt 0.750000 0.307828
vt 0.812500 0.305088
vt 0.750000 0.305088
vt 0.812500 0.302356
vt 0.750000 0.302356
vt 0.812500 0.299668
vt 0.750000 0.299668
vt 0.812500 0.297057
vt 0.750000 0.297057
vt 0.812500 0.294557
vt 0.750000 0.294557
vt 0.812500 0.455443
vt 0.750000 0.455443
vt 0.812500 0.452943
vt 0.750000 0.452943
vt 0.812500 0.450332
vt 0.750000 0.450332
vt 0.812500 0.447644
vt 0.750000 0.447644
vt 0.812500 0.444912
vt 0.750000 0.444912
vt 0.812500 0.442172
vt 0.750000 0.442172
vt 0.812500 0.437500
vt 0.750000 0.437500
vt 0.812500 0.432828
vt 0.750000 0.432828
vt 0.812500 0.430088
vt 0.750000 0.430088
vt 0.812500 0.427356
vt 0.750000 0.427356
vt 0.812500 0.424668
vt 0.750000 0.424668
vt 0.812500 0.422057
vt 0.750000 0.422057
vt 0.812500 0.419557
vt 0.750000 0.419557
vt 0.875000 0.455443
vt 0.875000 0.452943
vt 0.875000 0.450332
vt 0.875000 0.447644
vt 0.875000 0.444912
vt 0.875000 0.442172
vt 0.875000 0.437500
vt 0.875000 0.432828
vt 0.875000 0.430088
vt 0.875000 0.427356
vt 0.875000 0.424668
vt 0.875000 0.422057
vt 0.875000 0.419557
vt 0.687500 0.330443
vt 0.625000 0.330443
vt 0.687500 0.327943
vt 0.625000 0.327943
vt 0.687500 0.325332
vt 0.625000 0.325332
vt 0.687500 0.322644
vt 0.625000 0.322644
vt 0.687500 0.319912
vt 0.625000 0.319912
vt 0.687500 0.317172
vt 0.625000 0.317172
vt 0.687500 0.312500
vt 0.625000 0.312500
vt 0.687500 0.307828
vt 0.625000 0.307828
vt 0.687500 0.305088
vt 0.625000 0.305088
vt 0.687500 0.302356
vt 0.625000 0.302356
vt 0.687500 0.299668
vt 0.625000 0.299668
vt 0.687500 0.297057
vt 0.625000 0.297057
vt 0.687500 0.294557
vt 0.625000 0.294557
vt 0.562500 0.330443
vt 0.562500 0.327943
vt 0.562500 0.325332
vt 0.562500 0.322644
vt 0.562500 0.319912
vt 0.562500 0.317172
vt 0.562500 0.312500
vt 0.562500 0.307828
vt 0.562500 0.305088
vt 0.562500 0.302356
vt 0.562500 0.299668
vt 0.562500 0.297057
vt 0.562500 0.294557
vt 0.562500 0.455443
vt 0.500000 0.455443
vt 0.562500 0.452943
vt 0.500000 0.452943
vt 0.562500 0.450332
vt 0.500000 0.450332
vt 0.562500 0.447644
vt 0.500000 0.447644
vt 0.562500 0.444912
vt 0.500000 0.444912
vt 0.562500 0.442172
vt 0.500000 0.442172
vt 0.562500 0.437500
vt 0.500000 0.437500
vt 0.562500 0.432828
vt 0.500000 0.432828
vt 0.562500 0.430088
vt 0.500000 0.430088
vt 0.562500 0.427356
vt 0.500000 0.427356
vt 0.562500 0.424668
vt 0.500000 0.424668
vt 0.562500 0.422057
vt 0.500000 0.422057
vt 0.562500 0.419557
vt 0.500000 0.419557
vt 0.625000 0.455443
vt 0.625000 0.452943
vt 0.625000 0.450332
vt 0.625000 0.447644
vt 0.625000 0.444912
vt 0.625000 0.442172
vt 0.625000 0.437500
vt 0.625000 0.432828
vt 0.625000 0.430088
vt 0.625000 0.427356
vt 0.625000 0.424668
vt 0.625000 0.422057
vt 0.625000 0.419557
vt 0.687500 0.080443
vt 0.625000 0.080443
vt 0.687500 0.077943
vt 0.625000 0.077943
vt 0.687500 0.075332
vt 0.625000 0.075332
vt 0.687500 0.072644
vt 0.625000 0.072644
vt 0.687500 0.069912
vt 0.625000 0.069912
vt 0.687500 0.067172
vt 0.625000 0.067172
vt 0.687500 0.062500
vt 0.625000 0.062500
vt 0.687500 0.057828
vt 0.625000 0.057828
vt 0.687500 0.055088
vt 0.625000 0.055088
vt 0.687500 0.052356
vt 0.625000 0.052356
vt 0.687500 0.049668
vt 0.625000 0.049668
vt 0.687500 0.047057
vt 0.625000 0.047057
vt 0.687500 0.044557
vt 0.625000 0.044557
vt 0.750000 0.080443
vt 0.750000 0.077943
vt 0.750000 0.075332
vt 0.750000 0.072644
vt 0.750000 0.069912
vt 0.750000 0.067172
vt 0.750000 0.062500
vt 0.750000 0.057828
vt 0.750000 0.055088
vt 0.750000 0.052356
vt 0.750000 0.049668
vt 0.750000 0.047057
vt 0.750000 0.044557
vt 0.562500 0.080443
vt 0.500000 0.080443
vt 0.562500 0.077943
vt 0.500000 0.077943
vt 0.562500 0.075332
vt 0.500000 0.075332
vt 0.562500 0.072644
vt 0.500000 0.072644
vt 0.562500 0.069912
vt 0.500000 0.069912
vt 0.562500 0.067172
vt 0.500000 0.067172
vt 0.562500 0.062500
vt 0.500000 0.062500
vt 0.562500 0.057828
vt 0.500000 0.057828
vt 0.562500 0.055088
vt 0.500000 0.055088
vt 0.562500 0.052356
vt 0.500000 0.052356
vt 0.562500 0.049668
vt 0.500000 0.049668
vt 0.562500 0.047057
vt 0.500000 0.047057
vt 0.562500 0.044557
vt 0.500000 0.044557
vt 0.562500 0.205443
vt 0.500000 0.205443
vt 0.562500 0.202943
vt 0.500000 0.202943
vt 0.562500 0.200332
vt 0.500000 0.200332
vt 0.562500 0.197644
vt 0.500000 0.197644
vt 0.562500 0.194912
vt 0.500000 0.194912
vt 0.562500 0.192172
vt 0.500000 0.192172
vt 0.562500 0.187500
vt 0.500000 0.187500
vt 0.562500 0.182828
vt 0.500000 0.182828
vt 0.562500 0.180088
vt 0.500000 0.180088
vt 0.562500 0.177356
vt 0.500000 0.177356
vt 0.562500 0.174668
vt 0.500000 0.174668
vt 0.562500 0.172057
vt 0.500000 0.172057
vt 0.562500 0.169557
vt 0.500000 0.169557
vt 0.625000 0.205443
vt 0.625000 0.202943
vt 0.625000 0.200332
vt 0.625000 0.197644
vt 0.625000 0.194912
vt 0.625000 0.192172
vt 0.625000 0.187500
vt 0.625000 0.182828
vt 0.625000 0.180088
vt 0.625000 0.177356
vt 0.625000 0.174668
vt 0.625000 0.172057
vt 0.625000 0.169557
vt 0.937500 0.080443
vt 0.875000 0.080443
vt 0.937500 0.077943
vt 0.875000 0.077943
vt 0.937500 0.075332
vt 0.875000 0.075332
vt 0.937500 0.072644
vt 0.875000 0.072644
vt 0.937500 0.069912
vt 0.875000 0.069912
vt 0.937500 0.067172
vt 0.875000 0.067172
vt 0.937500 0.062500
vt 0.875000 0.062500
vt 0.937500 0.057828
vt 0.875000 0.057828
vt 0.937500 0.055088
vt 0.875000 0.055088
vt 0.937500 0.052356
vt 0.875000 0.052356
vt 0.937500 0.049668
vt 0.875000 0.049668
vt 0.937500 0.047057
vt 0.875000 0.047057
vt 0.937500 0.044557
vt 0.875000 0.044557
vt 1.000000 0.080443
vt 1.000000 0.077943
vt 1.000000 0.075332
vt 1.000000 0.072644
vt 1.000000 0.069912
vt 1.000000 0.067172
vt 1.000000 0.062500
vt 1.000000 0.057828
vt 1.000000 0.055088
vt 1.000000 0.052356
vt 1.000000 0.049668
vt 1.000000 0.047057
vt 1.000000 0.044557
vt 0.812500 0.080443
vt 0.812500 0.077943
vt 0.812500 0.075332
vt 0.812500 0.072644
vt 0.812500 0.069912
vt 0.812500 0.067172
vt 0.812500 0.062500
vt 0.812500 0.057828
vt 0.812500 0.055088
vt 0.812500 0.052356
vt 0.812500 0.049668
vt 0.812500 0.047057
vt 0.812500 0.044557
vt 0.812500 0.205443
vt 0.750000 0.205443
vt 0.812500 0.202943
vt 0.750000 0.202943
vt 0.812500 0.200332
vt 0.750000 0.200332
vt 0.812500 0.197644
vt 0.750000 0.197644
vt 0.812500 0.194912
vt 0.750000 0.194912
vt 0.812500 0.192172
vt 0.750000 0.192172
vt 0.812500 0.187500
vt 0.750000 0.187500
vt 0.812500 0.182828
vt 0.750000 0.182828
vt 0.812500 0.180088
vt 0.750000 0.180088
vt 0.812500 0.177356
vt 0.750000 0.177356
vt 0.812500 0.174668
vt 0.750000 0.174668
vt 0.812500 0.172057
vt 0.750000 0.172057
vt 0.812500 0.169557
vt 0.750000 0.169557
vt 0.875000 0.205443
vt 0.875000 0.202943
vt 0.875000 0.200332
vt 0.875000 0.197644
vt 0.875000 0.194912
vt 0.875000 0.192172
vt 0.875000 0.187500
vt 0.875000 0.182828
vt 0.875000 0.180088
vt 0.875000 0.177356
vt 0.875000 0.174668
vt 0.875000 0.172057
vt 0.875000 0.169557
vt 0.187500 0.330443
vt 0.125000 0.330443
vt 0.187500 0.327943
vt 0.125000 0.327943
vt 0.187500 0.325332
vt 0.125000 0.325332
vt 0.187500 0.322644
vt 0.125000 0.322644
vt 0.187500 0.319912
vt 0.125000 0.319912
vt 0.187500 0.317172
vt 0.125000 0.317172
vt 0.187500 0.312500
vt 0.125000 0.312500
vt 0.187500 0.307828
vt 0.125000 0.307828
vt 0.187500 0.305088
vt 0.125000 0.305088
vt 0.187500 0.302356
vt 0.125000 0.302356
vt 0.187500 0.299668
vt 0.125000 0.299668
vt 0.187500 0.297057
vt 0.125000 0.297057
vt 0.187500 0.294557
vt 0.125000 0.294557
vt 0.062500 0.330443
vt 0.000000 0.330443
vt 0.062500 0.327943
vt 0.000000 0.327943
vt 0.062500 0.325332
vt 0.000000 0.325332
vt 0.062500 0.322644
vt 0.000000 0.322644
vt 0.062500 0.319912
vt 0.000000 0.319912
vt 0.062500 0.317172
vt 0.000000 0.317172
vt 0.062500 0.312500
vt 0.000000 0.312500
vt 0.062500 0.307828
vt 0.000000 0.307828
vt 0.062500 0.305088
vt 0.000000 0.305088
vt 0.062500 0.302356
vt 0.000000 0.302356
vt 0.062500 0.299668
vt 0.000000 0.299668
vt 0.062500 0.297057
vt 0.000000 0.297057
vt 0.062500 0.294557
vt 0.000000 0.294557
vt 0.062500 0.455443
vt 0.000000 0.455443
vt 0.062500 0.452943
vt 0.000000 0.452943
vt 0.062500 0.450332
vt 0.000000 0.450332
vt 0.062500 0.447644
vt 0.000000 0.447644
vt 0.062500 0.444912
vt 0.000000 0.444912
vt 0.062500 0.442172
vt 0.000000 0.442172
vt 0.062500 0.437500
vt 0.000000 0.437500
vt 0.062500 0.432828
vt 0.000000 0.432828
vt 0.062500 0.430088
vt 0.000000 0.430088
vt 0.062500 0.427356
vt 0.000000 0.427356
vt 0.062500 0.424668
vt 0.000000 0.424668
vt 0.062500 0.422057
vt 0.000000 0.422057
vt 0.062500 0.419557
vt 0.000000 0.419557
vt 0.125000 0.455443
vt 0.125000 0.452943
vt 0.125000 0.450332
vt 0.125000 0.447644
vt 0.125000 0.444912
vt 0.125000 0.442172
vt 0.125000 0.437500
vt 0.125000 0.432828
vt 0.125000 0.430088
vt 0.125000 0.427356
vt 0.125000 0.424668
vt 0.125000 0.422057
vt 0.125000 0.419557
vt 0.187500 0.080443
vt 0.125000 0.080443
vt 0.187500 0.077943
vt 0.125000 0.077943
vt 0.187500 0.075332
vt 0.125000 0.075332
vt 0.187500 0.072644
vt 0.125000 0.072644
vt 0.187500 0.069912
vt 0.125000 0.069912
vt 0.187500 0.067172
vt 0.125000 0.067172
vt 0.187500 0.062500
vt 0.125000 0.062500
vt 0.187500 0.057828
vt 0.125000 0.057828
vt 0.187500 0.055088
vt 0.125000 0.055088
vt 0.187500 0.052356
vt 0.125000 0.052356
vt 0.187500 0.049668
vt 0.125000 0.049668
vt 0.187500 0.047057
vt 0.125000 0.047057
vt 0.187500 0.044557
vt 0.125000 0.044557
vt 0.250000 0.080443
vt 0.250000 0.077943
vt 0.250000 0.075332
vt 0.250000 0.072644
vt 0.250000 0.069912
vt 0.250000 0.067172
vt 0.250000 0.062500
vt 0.250000 0.057828
vt 0.250000 0.055088
vt 0.250000 0.052356
vt 0.250000 0.049668
vt 0.250000 0.047057
vt 0.250000 0.044557
vt 0.062500 0.080443
vt 0.000000 0.080443
vt 0.062500 0.077943
vt 0.000000 0.077943
vt 0.062500 0.075332
vt 0.000000 0.075332
vt 0.062500 0.072644
vt 0.000000 0.072644
vt 0.062500 0.069912
vt 0.000000 0.069912
vt 0.062500 0.067172
vt 0.000000 0.067172
vt 0.062500 0.062500
vt 0.000000 0.062500
vt 0.062500 0.057828
vt 0.000000 0.057828
vt 0.062500 0.055088
vt 0.000000 0.055088
vt 0.062500 0.052356
vt 0.000000 0.052356
vt 0.062500 0.049668
vt 0.000000 0.049668
vt 0.062500 0.047057
vt 0.000000 0.047057
vt 0.062500 0.044557
vt 0.000000 0.044557
vt 0.062500 0.205443
vt 0.000000 0.205443
vt 0.062500 0.202943
vt 0.000000 0.202943
vt 0.062500 0.200332
vt 0.000000 0.200332
vt 0.062500 0.197644
vt 0.000000 0.197644
vt 0.062500 0.194912
vt 0.000000 0.194912
vt 0.062500 0.192172
vt 0.000000 0.192172
vt 0.062500 0.187500
vt 0.000000 0.187500
vt 0.062500 0.182828
vt 0.000000 0.182828
vt 0.062500 0.180088
vt 0.000000 0.180088
vt 0.062500 0.177356
vt 0.000000 0.177356
vt 0.062500 0.174668
vt 0.000000 0.174668
vt 0.062500 0.172057
vt 0.000000 0.172057
vt 0.062500 0.169557
vt 0.000000 0.169557
vt 0.125000 0.205443
vt 0.125000 0.202943
vt 0.125000 0.200332
vt 0.125000 0.197644
vt 0.125000 0.194912
vt 0.125000 0.192172
vt 0.125000 0.187500
vt 0.125000 0.182828
vt 0.125000 0.180088
vt 0.125000 0.177356
vt 0.125000 0.174668
vt 0.125000 0.172057
vt 0.125000 0.169557
vt 0.437500 0.080443
vt 0.375000 0.080443
vt 0.437500 0.077943
vt 0.375000 0.077943
vt 0.437500 0.075332
vt 0.375000 0.075332
vt 0.437500 0.072644
vt 0.375000 0.072644
vt 0.437500 0.069912
vt 0.375000 0.069912
vt 0.437500 0.067172
vt 0.375000 0.067172
vt 0.437500 0.062500
vt 0.375000 0.062500
vt 0.437500 0.057828
vt 0.375000 0.057828
vt 0.437500 0.055088
vt 0.375000 0.055088
vt 0.437500 0.052356
vt 0.375000 0.052356
vt 0.437500 0.049668
vt 0.375000 0.049668
vt 0.437500 0.047057
vt 0.375000 0.047057
vt 0.437500 0.044557
vt 0.375000 0.044557
vt 0.312500 0.080443
vt 0.312500 0.077943
vt 0.312500 0.075332
vt 0.312500 0.072644
vt 0.312500 0.069912
vt 0.312500 0.067172
vt 0.312500 0.062500
vt 0.312500 0.057828
vt 0.312500 0.055088
vt 0.312500 0.052356
vt 0.312500 0.049668
vt 0.312500 0.047057
vt 0.312500 0.044557
vt 0.312500 0.205443
vt 0.250000 0.205443
vt 0.312500 0.202943
vt 0.250000 0.202943
vt 0.312500 0.200332
vt 0.250000 0.200332
vt 0.312500 0.197644
vt 0.250000 0.197644
vt 0.312500 0.194912
vt 0.250000 0.194912
vt 0.312500 0.192172
vt 0.250000 0.192172
vt 0.312500 0.187500
vt 0.250000 0.187500
vt 0.312500 0.182828
vt 0.250000 0.182828
vt 0.312500 0.180088
vt 0.250000 0.180088
vt 0.312500 0.177356
vt 0.250000 0.177356
vt 0.312500 0.174668
vt 0.250000 0.174668
vt 0.312500 0.172057
vt 0.250000 0.172057
vt 0.312500 0.169557
vt 0.250000 0.169557
vt 0.375000 0.205443
vt 0.375000 0.202943
vt 0.375000 0.200332
vt 0.375000 0.197644
vt 0.375000 0.194912
vt 0.375000 0.192172
vt 0.375000 0.187500
vt 0.375000 0.182828
vt 0.375000 0.180088
vt 0.375000 0.177356
vt 0.375000 0.174668
vt 0.375000 0.172057
vt 0.375000 0.169557
vt 0.187500 0.830443
vt 0.125000 0.830443
vt 0.187500 0.827943
vt 0.125000 0.827943
vt 0.187500 0.825332
vt 0.125000 0.825332
vt 0.187500 0.822644
vt 0.125000 0.822644
vt 0.187500 0.819912
vt 0.125000 0.819912
vt 0.187500 0.817172
vt 0.125000 0.817172
vt 0.187500 0.812500
vt 0.125000 0.812500
vt 0.187500 0.807828
vt 0.125000 0.807828
vt 0.187500 0.805088
vt 0.125000 0.805088
vt 0.187500 0.802356
vt 0.125000 0.802356
vt 0.187500 0.799668
vt 0.125000 0.799668
vt 0.187500 0.797057
vt 0.125000 0.797057
vt 0.187500 0.794557
vt 0.125000 0.794557
vt 0.062500 0.830443
vt 0.000000 0.830443
vt 0.062500 0.827943
vt 0.000000 0.827943
vt 0.062500 0.825332
vt 0.000000 0.825332
vt 0.062500 0.822644
vt 0.000000 0.822644
vt 0.062500 0.819912
vt 0.000000 0.819912
vt 0.062500 0.817172
vt 0.000000 0.817172
vt 0.062500 0.812500
vt 0.000000 0.812500
vt 0.062500 0.807828
vt 0.000000 0.807828
vt 0.062500 0.805088
vt 0.000000 0.805088
vt 0.062500 0.802356
vt 0.000000 0.802356
vt 0.062500 0.799668
vt 0.000000 0.799668
vt 0.062500 0.797057
vt 0.000000 0.797057
vt 0.062500 0.794557
vt 0.000000 0.794557
vt 0.062500 0.955443
vt 0.000000 0.955443
vt 0.062500 0.952943
vt 0.000000 0.952943
vt 0.062500 0.950332
vt 0.000000 0.950332
vt 0.062500 0.947644
vt 0.000000 0.947644
vt 0.062500 0.944912
vt 0.000000 0.944912
vt 0.062500 0.942172
vt 0.000000 0.942172
vt 0.062500 0.937500
vt 0.000000 0.937500
vt 0.062500 0.932828
vt 0.000000 0.932828
vt 0.062500 0.930088
vt 0.000000 0.930088
vt 0.062500 0.927356
vt 0.000000 0.927356
vt 0.062500 0.924668
vt 0.000000 0.924668
vt 0.062500 0.922057
vt 0.000000 0.922057
vt 0.062500 0.919557
vt 0.000000 0.919557
vt 0.125000 0.955443
vt 0.125000 0.952943
vt 0.125000 0.950332
vt 0.125000 0.947644
vt 0.125000 0.944912
vt 0.125000 0.942172
vt 0.125000 0.937500
vt 0.125000 0.932828
vt 0.125000 0.930088
vt 0.125000 0.927356
vt 0.125000 0.924668
vt 0.125000 0.922057
vt 0.125000 0.919557
vt 0.187500 0.580443
vt 0.125000 0.580443
vt 0.187500 0.577943
vt 0.125000 0.577943
vt 0.187500 0.575332
vt 0.125000 0.575332
vt 0.187500 0.572644
vt 0.125000 0.572644
vt 0.187500 0.569912
vt 0.125000 0.569912
vt 0.187500 0.567172
vt 0.125000 0.567172
vt 0.187500 0.562500
vt 0.125000 0.562500
vt 0.187500 0.557828
vt 0.125000 0.557828
vt 0.187500 0.555088
vt 0.125000 0.555088
vt 0.187500 0.552356
vt 0.125000 0.552356
vt 0.187500 0.549668
vt 0.125000 0.549668
vt 0.187500 0.547057
vt 0.125000 0.547057
vt 0.187500 0.544557
vt 0.125000 0.544557
vt 0.250000 0.580443
vt 0.250000 0.577943
vt 0.250000 0.575332
vt 0.250000 0.572644
vt 0.250000 0.569912
vt 0.250000 0.567172
vt 0.250000 0.562500
vt 0.250000 0.557828
vt 0.250000 0.555088
vt 0.250000 0.552356
vt 0.250000 0.549668
vt 0.250000 0.547057
vt 0.250000 0.544557
vt 0.062500 0.580443
vt 0.000000 0.580443
vt 0.062500 0.577943
vt 0.000000 0.577943
vt 0.062500 0.575332
vt 0.000000 0.575332
vt 0.062500 0.572644
vt 0.000000 0.572644
vt 0.062500 0.569912
vt 0.000000 0.569912
vt 0.062500 0.567172
vt 0.000000 0.567172
vt 0.062500 0.562500
vt 0.000000 0.562500
vt 0.062500 0.557828
vt 0.000000 0.557828
vt 0.062500 0.555088
vt 0.000000 0.555088
vt 0.062500 0.552356
vt 0.000000 0.552356
vt 0.062500 0.549668
vt 0.000000 0.549668
vt 0.062500 0.547057
vt 0.000000 0.547057
vt 0.062500 0.544557
vt 0.000000 0.544557
vt 0.000000 0.542198
vt 0.062500 0.705443
vt 0.000000 0.705443
vt 0.062500 0.702943
vt 0.000000 0.702943
vt 0.062500 0.700332
vt 0.000000 0.700332
vt 0.062500 0.697644
vt 0.000000 0.697644
vt 0.062500 0.694912
vt 0.000000 0.694912
vt 0.062500 0.692172
vt 0.000000 0.692172
vt 0.062500 0.687500
vt 0.000000 0.687500
vt 0.062500 0.682828
vt 0.000000 0.682828
vt 0.062500 0.680088
vt 0.000000 0.680088
vt 0.062500 0.677356
vt 0.000000 0.677356
vt 0.062500 0.674668
vt 0.000000 0.674668
vt 0.062500 0.672057
vt 0.000000 0.672057
vt 0.062500 0.669557
vt 0.000000 0.669557
vt 0.125000 0.705443
vt 0.125000 0.702943
vt 0.125000 0.700332
vt 0.125000 0.697644
vt 0.125000 0.694912
vt 0.125000 0.692172
vt 0.125000 0.687500
vt 0.125000 0.682828
vt 0.125000 0.680088
vt 0.125000 0.677356
vt 0.125000 0.674668
vt 0.125000 0.672057
vt 0.125000 0.669557
vt 0.437500 0.580443
vt 0.375000 0.580443
vt 0.437500 0.577943
vt 0.375000 0.577943
vt 0.437500 0.575332
vt 0.375000 0.575332
vt 0.437500 0.572644
vt 0.375000 0.572644
vt 0.437500 0.569912
vt 0.375000 0.569912
vt 0.437500 0.567172
vt 0.375000 0.567172
vt 0.437500 0.562500
vt 0.375000 0.562500
vt 0.437500 0.557828
vt 0.375000 0.557828
vt 0.437500 0.555088
vt 0.375000 0.555088
vt 0.437500 0.552356
vt 0.375000 0.552356
vt 0.437500 0.549668
vt 0.375000 0.549668
vt 0.437500 0.547057
vt 0.375000 0.547057
vt 0.437500 0.544557
vt 0.375000 0.544557
vt 0.500000 0.580443
vt 0.500000 0.577943
vt 0.500000 0.575332
vt 0.500000 0.572644
vt 0.500000 0.569912
vt 0.500000 0.567172
vt 0.500000 0.562500
vt 0.500000 0.557828
vt 0.500000 0.555088
vt 0.500000 0.552356
vt 0.500000 0.549668
vt 0.500000 0.547057
vt 0.500000 0.544557
vt 0.312500 0.580443
vt 0.312500 0.577943
vt 0.312500 0.575332
vt 0.312500 0.572644
vt 0.312500 0.569912
vt 0.312500 0.567172
vt 0.312500 0.562500
vt 0.312500 0.557828
vt 0.312500 0.555088
vt 0.312500 0.552356
vt 0.312500 0.549668
vt 0.312500 0.547057
vt 0.312500 0.544557
vt 0.312500 0.705443
vt 0.250000 0.705443
vt 0.312500 0.702943
vt 0.250000 0.702943
vt 0.312500 0.700332
vt 0.250000 0.700332
vt 0.312500 0.697644
vt 0.250000 0.697644
vt 0.312500 0.694912
vt 0.250000 0.694912
vt 0.312500 0.692172
vt 0.250000 0.692172
vt 0.312500 0.687500
vt 0.250000 0.687500
vt 0.312500 0.682828
vt 0.250000 0.682828
vt 0.312500 0.680088
vt 0.250000 0.680088
vt 0.312500 0.677356
vt 0.250000 0.677356
vt 0.312500 0.674668
vt 0.250000 0.674668
vt 0.312500 0.672057
vt 0.250000 0.672057
vt 0.312500 0.669557
vt 0.250000 0.669557
vt 0.375000 0.705443
vt 0.375000 0.702943
vt 0.375000 0.700332
vt 0.375000 0.697644
vt 0.375000 0.694912
vt 0.375000 0.692172
vt 0.375000 0.687500
vt 0.375000 0.682828
vt 0.375000 0.680088
vt 0.375000 0.677356
vt 0.375000 0.674668
vt 0.375000 0.672057
vt 0.375000 0.669557
vt 0.687500 0.830443
vt 0.625000 0.830443
vt 0.687500 0.827943
vt 0.625000 0.827943
vt 0.687500 0.825332
vt 0.625000 0.825332
vt 0.687500 0.822644
vt 0.625000 0.822644
vt 0.687500 0.819912
vt 0.625000 0.819912
vt 0.687500 0.817172
vt 0.625000 0.817172
vt 0.687500 0.812500
vt 0.625000 0.812500
vt 0.687500 0.807828
vt 0.625000 0.807828
vt 0.687500 0.805088
vt 0.625000 0.805088
vt 0.687500 0.802356
vt 0.625000 0.802356
vt 0.687500 0.799668
vt 0.625000 0.799668
vt 0.687500 0.797057
vt 0.625000 0.797057
vt 0.687500 0.794557
vt 0.625000 0.794557
vt 0.562500 0.830443
vt 0.562500 0.827943
vt 0.562500 0.825332
vt 0.562500 0.822644
vt 0.562500 0.819912
vt 0.562500 0.817172
vt 0.562500 0.812500
vt 0.562500 0.807828
vt 0.562500 0.805088
vt 0.562500 0.802356
vt 0.562500 0.799668
vt 0.562500 0.797057
vt 0.562500 0.794557
vt 0.562500 0.955443
vt 0.500000 0.955443
vt 0.562500 0.952943
vt 0.500000 0.952943
vt 0.562500 0.950332
vt 0.500000 0.950332
vt 0.562500 0.947644
vt 0.500000 0.947644
vt 0.562500 0.944912
vt 0.500000 0.944912
vt 0.562500 0.942172
vt 0.500000 0.942172
vt 0.562500 0.937500
vt 0.500000 0.937500
vt 0.562500 0.932828
vt 0.500000 0.932828
vt 0.562500 0.930088
vt 0.500000 0.930088
vt 0.562500 0.927356
vt 0.500000 0.927356
vt 0.562500 0.924668
vt 0.500000 0.924668
vt 0.562500 0.922057
vt 0.500000 0.922057
vt 0.562500 0.919557
vt 0.500000 0.919557
vt 0.625000 0.955443
vt 0.625000 0.952943
vt 0.625000 0.950332
vt 0.625000 0.947644
vt 0.625000 0.944912
vt 0.625000 0.942172
vt 0.625000 0.937500
vt 0.625000 0.932828
vt 0.625000 0.930088
vt 0.625000 0.927356
vt 0.625000 0.924668
vt 0.625000 0.922057
vt 0.625000 0.919557
vt 0.687500 0.580443
vt 0.625000 0.580443
vt 0.687500 0.577943
vt 0.625000 0.577943
vt 0.687500 0.575332
vt 0.625000 0.575332
vt 0.687500 0.572644
vt 0.625000 0.572644
vt 0.687500 0.569912
vt 0.625000 0.569912
vt 0.687500 0.567172
vt 0.625000 0.567172
vt 0.687500 0.562500
vt 0.625000 0.562500
vt 0.687500 0.557828
vt 0.625000 0.557828
vt 0.687500 0.555088
vt 0.625000 0.555088
vt 0.687500 0.552356
vt 0.625000 0.552356
vt 0.687500 0.549668
vt 0.625000 0.549668
vt 0.687500 0.547057
vt 0.625000 0.547057
vt 0.687500 0.544557
vt 0.625000 0.544557
vt 0.750000 0.580443
vt 0.750000 0.577943
vt 0.750000 0.575332
vt 0.750000 0.572644
vt 0.750000 0.569912
vt 0.750000 0.567172
vt 0.750000 0.562500
vt 0.750000 0.557828
vt 0.750000 0.555088
vt 0.750000 0.552356
vt 0.750000 0.549668
vt 0.750000 0.547057
vt 0.750000 0.544557
vt 0.562500 0.580443
vt 0.562500 0.577943
vt 0.562500 0.575332
vt 0.562500 0.572644
vt 0.562500 0.569912
vt 0.562500 0.567172
vt 0.562500 0.562500
vt 0.562500 0.557828
vt 0.562500 0.555088
vt 0.562500 0.552356
vt 0.562500 0.549668
vt 0.562500 0.547057
vt 0.562500 0.544557
vt 0.562500 0.705443
vt 0.500000 0.705443
vt 0.562500 0.702943
vt 0.500000 0.702943
vt 0.562500 0.700332
vt 0.500000 0.700332
vt 0.562500 0.697644
vt 0.500000 0.697644
vt 0.562500 0.694912
vt 0.500000 0.694912
vt 0.562500 0.692172
vt 0.500000 0.692172
vt 0.562500 0.687500
vt 0.500000 0.687500
vt 0.562500 0.682828
vt 0.500000 0.682828
vt 0.562500 0.680088
vt 0.500000 0.680088
vt 0.562500 0.677356
vt 0.500000 0.677356
vt 0.562500 0.674668
vt 0.500000 0.674668
vt 0.562500 0.672057
vt 0.500000 0.672057
vt 0.562500 0.669557
vt 0.500000 0.669557
vt 0.625000 0.705443
vt 0.625000 0.702943
vt 0.625000 0.700332
vt 0.625000 0.697644
vt 0.625000 0.694912
vt 0.625000 0.692172
vt 0.625000 0.687500
vt 0.625000 0.682828
vt 0.625000 0.680088
vt 0.625000 0.677356
vt 0.625000 0.674668
vt 0.625000 0.672057
vt 0.625000 0.669557
vt 0.937500 0.580443
vt 0.875000 0.580443
vt 0.937500 0.577943
vt 0.875000 0.577943
vt 0.937500 0.575332
vt 0.875000 0.575332
vt 0.937500 0.572644
vt 0.875000 0.572644
vt 0.937500 0.569912
vt 0.875000 0.569912
vt 0.937500 0.567172
vt 0.875000 0.567172
vt 0.937500 0.562500
vt 0.875000 0.562500
vt 0.937500 0.557828
vt 0.875000 0.557828
vt 0.937500 0.555088
vt 0.875000 0.555088
vt 0.937500 0.552356
vt 0.875000 0.552356
vt 0.937500 0.549668
vt 0.875000 0.549668
vt 0.937500 0.547057
vt 0.875000 0.547057
vt 0.937500 0.544557
vt 0.875000 0.544557
vt 1.000000 0.580443
vt 1.000000 0.577943
vt 1.000000 0.575332
vt 1.000000 0.572644
vt 1.000000 0.569912
vt 1.000000 0.567172
vt 1.000000 0.562500
vt 1.000000 0.557828
vt 1.000000 0.555088
vt 1.000000 0.552356
vt 1.000000 0.549668
vt 1.000000 0.547057
vt 1.000000 0.544557
vt 0.812500 0.580443
vt 0.812500 0.577943
vt 0.812500 0.575332
vt 0.812500 0.572644
vt 0.812500 0.569912
vt 0.812500 0.567172
vt 0.812500 0.562500
vt 0.812500 0.557828
vt 0.812500 0.555088
vt 0.812500 0.552356
vt 0.812500 0.549668
vt 0.812500 0.547057
vt 0.812500 0.544557
vt 0.812500 0.705443
vt 0.750000 0.705443
vt 0.812500 0.702943
vt 0.750000 0.702943
vt 0.812500 0.700332
vt 0.750000 0.700332
vt 0.812500 0.697644
vt 0.750000 0.697644
vt 0.812500 0.694912
vt 0.750000 0.694912
vt 0.812500 0.692172
vt 0.750000 0.692172
vt 0.812500 0.687500
vt 0.750000 0.687500
vt 0.812500 0.682828
vt 0.750000 0.682828
vt 0.812500 0.680088
vt 0.750000 0.680088
vt 0.812500 0.677356
vt 0.750000 0.677356
vt 0.812500 0.674668
vt 0.750000 0.674668
vt 0.812500 0.672057
vt 0.750000 0.672057
vt 0.812500 0.669557
vt 0.750000 0.669557
vt 0.875000 0.705443
vt 0.875000 0.702943
vt 0.875000 0.700332
vt 0.875000 0.697644
vt 0.875000 0.694912
vt 0.875000 0.692172
vt 0.875000 0.687500
vt 0.875000 0.682828
vt 0.875000 0.680088
vt 0.875000 0.677356
vt 0.875000 0.674668
vt 0.875000 0.672057
vt 0.875000 0.669557
vt 0.937500 0.705443
vt 0.937500 0.702943
vt 0.937500 0.700332
vt 0.937500 0.697644
vt 0.937500 0.694912
vt 0.937500 0.692172
vt 0.937500 0.687500
vt 0.937500 0.682828
vt 0.937500 0.680088
vt 0.937500 0.677356
vt 0.937500 0.674668
vt 0.937500 0.672057
vt 0.937500 0.669557
vt 1.000000 0.705443
vt 1.000000 0.702943
vt 1.000000 0.700332
vt 1.000000 0.697644
vt 1.000000 0.694912
vt 1.000000 0.692172
vt 1.000000 0.687500
vt 1.000000 0.682828
vt 1.000000 0.680088
vt 1.000000 0.677356
vt 1.000000 0.674668
vt 1.000000 0.672057
vt 1.000000 0.669557
vt 0.687500 0.705443
vt 0.687500 0.702943
vt 0.687500 0.700332
vt 0.687500 0.697644
vt 0.687500 0.694912
vt 0.687500 0.692172
vt 0.687500 0.687500
vt 0.687500 0.682828
vt 0.687500 0.680088
vt 0.687500 0.677356
vt 0.687500 0.674668
vt 0.687500 0.672057
vt 0.687500 0.669557
vt 0.687500 0.955443
vt 0.687500 0.952943
vt 0.687500 0.950332
vt 0.687500 0.947644
vt 0.687500 0.944912
vt 0.687500 0.942172
vt 0.687500 0.937500
vt 0.687500 0.932828
vt 0.687500 0.930088
vt 0.687500 0.927356
vt 0.687500 0.924668
vt 0.687500 0.922057
vt 0.687500 0.919557
vt 0.437500 0.705443
vt 0.437500 0.702943
vt 0.437500 0.700332
vt 0.437500 0.697644
vt 0.437500 0.694912
vt 0.437500 0.692172
vt 0.437500 0.687500
vt 0.437500 0.682828
vt 0.437500 0.680088
vt 0.437500 0.677356
vt 0.437500 0.674668
vt 0.437500 0.672057
vt 0.437500 0.669557
vt 0.187500 0.705443
vt 0.187500 0.702943
vt 0.187500 0.700332
vt 0.187500 0.697644
vt 0.187500 0.694912
vt 0.187500 0.692172
vt 0.187500 0.687500
vt 0.187500 0.682828
vt 0.187500 0.680088
vt 0.187500 0.677356
vt 0.187500 0.674668
vt 0.187500 0.672057
vt 0.187500 0.669557
vt 0.187500 0.955443
vt 0.187500 0.952943
vt 0.187500 0.950332
vt 0.187500 0.947644
vt 0.187500 0.944912
vt 0.187500 0.942172
vt 0.187500 0.937500
vt 0.187500 0.932828
vt 0.187500 0.930088
vt 0.187500 0.927356
vt 0.187500 0.924668
vt 0.187500 0.922057
vt 0.187500 0.919557
vt 0.437500 0.205443
vt 0.437500 0.202943
vt 0.437500 0.200332
vt 0.437500 0.197644
vt 0.437500 0.194912
vt 0.437500 0.192172
vt 0.437500 0.187500
vt 0.437500 0.182828
vt 0.437500 0.180088
vt 0.437500 0.177356
vt 0.437500 0.174668
vt 0.437500 0.172057
vt 0.437500 0.169557
vt 0.187500 0.205443
vt 0.187500 0.202943
vt 0.187500 0.200332
vt 0.187500 0.197644
vt 0.187500 0.194912
vt 0.187500 0.192172
vt 0.187500 0.187500
vt 0.187500 0.182828
vt 0.187500 0.180088
vt 0.187500 0.177356
vt 0.187500 0.174668
vt 0.187500 0.172057
vt 0.187500 0.169557
vt 0.187500 0.455443
vt 0.187500 0.452943
vt 0.187500 0.450332
vt 0.187500 0.447644
vt 0.187500 0.444912
vt 0.187500 0.442172
vt 0.187500 0.437500
vt 0.187500 0.432828
vt 0.187500 0.430088
vt 0.187500 0.427356
vt 0.187500 0.424668
vt 0.187500 0.422057
vt 0.187500 0.419557
vt 0.937500 0.205443
vt 0.937500 0.202943
vt 0.937500 0.200332
vt 0.937500 0.197644
vt 0.937500 0.194912
vt 0.937500 0.192172
vt 0.937500 0.187500
vt 0.937500 0.182828
vt 0.937500 0.180088
vt 0.937500 0.177356
vt 0.937500 0.174668
vt 0.937500 0.172057
vt 0.937500 0.169557
vt 1.000000 0.205443
vt 1.000000 0.202943
vt 1.000000 0.200332
vt 1.000000 0.197644
vt 1.000000 0.194912
vt 1.000000 0.192172
vt 1.000000 0.187500
vt 1.000000 0.182828
vt 1.000000 0.180088
vt 1.000000 0.177356
vt 1.000000 0.174668
vt 1.000000 0.172057
vt 1.000000 0.169557
vt 0.687500 0.205443
vt 0.687500 0.202943
vt 0.687500 0.200332
vt 0.687500 0.197644
vt 0.687500 0.194912
vt 0.687500 0.192172
vt 0.687500 0.187500
vt 0.687500 0.182828
vt 0.687500 0.180088
vt 0.687500 0.177356
vt 0.687500 0.174668
vt 0.687500 0.172057
vt 0.687500 0.169557
vt 0.687500 0.455443
vt 0.687500 0.452943
vt 0.687500 0.450332
vt 0.687500 0.447644
vt 0.687500 0.444912
vt 0.687500 0.442172
vt 0.687500 0.437500
vt 0.687500 0.432828
vt 0.687500 0.430088
vt 0.687500 0.427356
vt 0.687500 0.424668
vt 0.687500 0.422057
vt 0.687500 0.419557
vt 0.937500 0.455443
vt 0.937500 0.452943
vt 0.937500 0.450332
vt 0.937500 0.447644
vt 0.937500 0.444912
vt 0.937500 0.442172
vt 0.937500 0.437500
vt 0.937500 0.432828
vt 0.937500 0.430088
vt 0.937500 0.427356
vt 0.937500 0.424668
vt 0.937500 0.422057
vt 0.937500 0.419557
vt 1.000000 0.455443
vt 1.000000 0.452943
vt 1.000000 0.450332
vt 1.000000 0.447644
vt 1.000000 0.444912
vt 1.000000 0.442172
vt 1.000000 0.437500
vt 1.000000 0.432828
vt 1.000000 0.430088
vt 1.000000 0.427356
vt 1.000000 0.424668
vt 1.000000 0.422057
vt 1.000000 0.419557
vt 0.437500 0.455443
vt 0.437500 0.452943
vt 0.437500 0.450332
vt 0.437500 0.447644
vt 0.437500 0.444912
vt 0.437500 0.442172
vt 0.437500 0.437500
vt 0.437500 0.432828
vt 0.437500 0.430088
vt 0.437500 0.427356
vt 0.437500 0.424668
vt 0.437500 0.422057
vt 0.437500 0.419557
vt 0.437500 0.955443
vt 0.437500 0.952943
vt 0.437500 0.950332
vt 0.437500 0.947644
vt 0.437500 0.944912
vt 0.437500 0.942172
vt 0.437500 0.937500
vt 0.437500 0.932828
vt 0.437500 0.930088
vt 0.437500 0.927356
vt 0.437500 0.924668
vt 0.437500 0.922057
vt 0.437500 0.919557
vt 0.937500 0.955443
vt 0.937500 0.952943
vt 0.937500 0.950332
vt 0.937500 0.947644
vt 0.937500 0.944912
vt 0.937500 0.942172
vt 0.937500 0.937500
vt 0.937500 0.932828
vt 0.937500 0.930088
vt 0.937500 0.927356
vt 0.937500 0.924668
vt 0.937500 0.922057
vt 0.937500 0.919557
vt 1.000000 0.955443
vt 1.000000 0.952943
vt 1.000000 0.950332
vt 1.000000 0.947644
vt 1.000000 0.944912
vt 1.000000 0.942172
vt 1.000000 0.937500
vt 1.000000 0.932828
vt 1.000000 0.930088
vt 1.000000 0.927356
vt 1.000000 0.924668
vt 1.000000 0.922057
vt 1.000000 0.919557
vn 0.0000 0.7927 -0.6096
vn 0.0000 0.7927 0.6096
vn 0.0000 0.8241 0.5664
vn 0.0000 0.8778 0.4790
vn 0.0000 0.9203 0.3912
vn 0.0000 0.9528 0.3035
vn 0.0000 0.9763 0.2163
vn 0.0000 0.9916 0.1296
vn 0.0000 0.9991 0.0432
vn 0.0000 0.9991 -0.0432
vn 0.0000 0.9916 -0.1296
vn 0.0000 0.9763 -0.2163
vn 0.0000 0.9528 -0.3035
vn 0.0000 0.9203 -0.3912
vn 0.0000 0.8778 -0.4790
vn 0.0000 0.8241 -0.5664
vn 0.0000 -0.7927 0.6097
vn 0.0000 -0.7927 -0.6096
vn 0.0000 -0.7927 0.6096
vn 0.0000 -0.7927 -0.6097
vn -0.0000 -0.8247 -0.5655
vn -0.0000 -0.8777 -0.4793
vn -0.0000 -0.9202 -0.3914
vn -0.0000 -0.9528 -0.3036
vn -0.0000 -0.9763 -0.2165
vn -0.0000 -0.9916 -0.1296
vn 0.0000 -0.9991 -0.0432
vn 0.0000 -0.9991 0.0432
vn -0.0000 -0.9916 0.1296
vn -0.0000 -0.9763 0.2165
vn -0.0000 -0.9528 0.3036
vn -0.0000 -0.9202 0.3914
vn -0.0000 -0.8777 0.4793
vn -0.0000 -0.8247 0.5655
vn 0.0000 -0.8234 0.5675
vn 0.0000 -0.8780 0.4787
vn 0.0000 -0.9204 0.3909
vn 0.0000 -0.9529 0.3034
vn 0.0000 -0.9764 0.2162
vn 0.0000 -0.9991 0.0431
vn 0.0000 -0.9991 -0.0431
vn 0.0000 -0.9764 -0.2162
vn 0.0000 -0.9529 -0.3034
vn 0.0000 -0.9204 -0.3909
vn 0.0000 -0.8780 -0.4787
vn 0.0000 -0.8234 -0.5675
vn 0.0000 -0.2480 0.9688
vn 0.0000 -0.2480 -0.9688
vn -1.0000 0.0000 0.0000
vn 1.0000 0.0000 0.0000
usemtl Material.002
s off
f 1040/1/1 3516/2/1 22/3/1 6/4/1
f 1340/5/1 2976/6/1 24/7/1 8/8/1
f 81/9/2 1311/10/2 3230/11/2 1100/12/2
f 1686/13/2 50/14/2 1596/15/2 3575/16/2
f 1566/17/2 185/18/2 1895/19/2 3530/20/2
f 1295/21/1 3336/22/1 1325/23/1 216/24/1
f 1746/25/2 125/26/2 1506/27/2 3035/28/2
f 1551/29/2 170/30/2 1835/31/2 3395/32/2
f 1355/33/1 3471/34/1 1385/35/1 231/36/1
f 170/30/2 1191/37/2 3455/38/2 1835/31/2
f 1400/39/1 2931/40/1 26/41/1 10/42/1
f 1415/43/1 3606/44/1 1445/45/1 246/46/1
f 1175/47/1 3156/48/1 1250/49/1 156/50/1
f 1611/51/1 3381/52/1 20/53/1 3/54/1
f 261/55/2 2391/56/2 3290/57/2 1460/58/2
f 1926/59/2 95/60/2 1476/61/2 2900/62/2
f 1446/63/2 725/64/2 2856/65/2 2915/66/2
f 2015/67/1 3531/68/1 2045/69/1 756/70/1
f 1986/71/2 395/72/2 1116/73/2 3620/74/2
f 1431/75/2 710/76/2 2076/77/2 3500/78/2
f 2075/79/1 3486/80/1 2105/81/1 771/82/1
f 2001/83/1 3636/84/1 1910/85/1 711/86/1
f 2241/87/1 3696/88/1 28/89/1 12/90/1
f 2135/91/1 3441/92/1 2165/93/1 786/94/1
f 1896/95/1 3591/96/1 1970/97/1 696/98/1
f 1386/99/2 665/100/2 2796/101/2 2960/102/2
f 2195/103/1 3396/104/1 2225/105/1 801/106/1
f 1655/107/1 3141/108/1 2570/109/1 456/110/1
f 1371/111/2 650/112/2 2256/113/2 3365/114/2
f 2255/115/1 3351/116/1 2285/117/1 816/118/1
f 2181/119/1 3681/120/1 1850/121/1 651/122/1
f 29/123/2 13/124/2 2316/125/2 3320/126/2
f 2315/127/1 3306/128/1 2345/129/1 831/130/1
f 1836/131/1 3456/132/1 2150/133/1 636/134/1
f 1326/135/2 605/136/2 2736/137/2 3005/138/2
f 2375/139/1 3261/140/1 2405/141/1 846/142/1
f 2721/143/1 3816/144/1 1670/145/1 471/146/1
f 1311/10/2 590/147/2 2436/148/2 3230/11/2
f 2435/149/1 3216/150/1 2465/151/1 861/152/1
f 2361/153/1 3726/154/1 1790/155/1 591/156/1
f 1071/157/2 350/158/2 2196/159/2 3410/160/2
f 2495/161/1 3171/162/1 2525/163/1 876/164/1
f 1776/165/1 3321/166/1 2330/167/1 576/168/1
f 1266/169/2 545/170/2 2676/171/2 3050/172/2
f 2555/173/1 3126/174/1 2585/175/1 891/176/1
f 2526/177/2 425/178/2 1146/179/2 3755/180/2
f 1251/181/2 530/182/2 2616/183/2 3095/184/2
f 2615/185/1 3081/186/1 2645/187/1 906/188/1
f 2541/189/1 3771/190/1 1730/191/1 531/192/1
f 1086/193/2 365/194/2 2016/195/2 3545/196/2
f 2675/197/1 3036/198/1 2705/199/1 921/200/1
f 1716/201/1 3186/202/1 2510/203/1 516/204/1
f 1206/205/2 485/206/2 1956/207/2 3590/208/2
f 2735/209/1 2991/210/1 2765/211/1 936/212/1
f 2706/213/2 305/214/2 1026/215/2 3800/216/2
f 1191/37/2 470/217/2 2136/218/2 3455/38/2
f 2795/219/1 2946/220/1 2825/221/1 951/222/1
f 2421/223/1 3741/224/1 1550/225/1 351/226/1
f 2841/227/1 3846/228/1 34/229/1 18/230/1
f 2855/231/1 2901/232/1 2885/233/1 966/234/1
f 1536/235/1 3096/236/1 2630/237/1 336/238/1
f 1/239/2 33/240/2 3275/241/2 980/242/2
f 2886/243/2 275/244/2 996/245/2 3845/246/2
f 965/247/2 2886/243/2 3845/246/2 2840/248/2
f 1955/249/1 3576/250/1 1985/251/1 741/252/1
f 111/253/2 1371/111/2 3365/114/2 1130/254/2
f 680/255/2 2871/256/2 2930/257/2 1401/258/2
f 1911/259/2 245/260/2 1881/261/2 3485/262/2
f 725/64/2 1926/59/2 2900/62/2 2856/65/2
f 3651/263/1 1400/39/1 10/42/1 30/264/1
f 2106/265/2 680/255/2 1401/258/2 3650/266/2
f 2916/267/1 2855/231/1 966/234/1 2870/268/1
f 950/269/2 2826/270/2 3830/271/2 2780/272/2
f 1880/273/1 2916/267/1 2870/268/1 681/274/1
f 3666/275/1 1160/276/1 141/277/1 1865/278/1
f 620/279/2 2811/280/2 2975/281/2 1341/282/2
f 1851/283/2 230/284/2 1821/285/2 3350/286/2
f 665/100/2 1866/287/2 2945/288/2 2796/101/2
f 3696/88/1 1340/5/1 8/8/1 28/89/1
f 2286/289/2 620/279/2 1341/282/2 3695/290/2
f 2961/291/1 2795/219/1 951/222/1 2810/292/1
f 935/293/2 2766/294/2 3815/295/2 2720/296/2
f 1820/297/1 2961/291/1 2810/292/1 621/298/1
f 3711/299/1 1175/47/1 156/50/1 1805/300/1
f 560/301/2 2751/302/2 3020/303/2 1281/304/2
f 1791/305/2 215/306/2 1761/307/2 3215/308/2
f 605/136/2 1806/309/2 2990/310/2 2736/137/2
f 3741/224/1 1280/311/1 171/312/1 1550/225/1
f 2466/313/2 560/301/2 1281/304/2 3740/314/2
f 3006/315/1 2735/209/1 936/212/1 2750/316/1
f 920/317/2 2706/213/2 3800/216/2 2660/318/2
f 1760/319/1 3006/315/1 2750/316/1 561/320/1
f 1160/276/1 3561/321/1 1430/322/1 141/277/1
f 500/323/2 2691/324/2 3065/325/2 1221/326/2
f 1731/327/2 200/328/2 1701/329/2 3080/330/2
f 545/170/2 1746/25/2 3035/28/2 2676/171/2
f 3786/331/1 1220/332/1 186/333/1 1565/334/1
f 2646/335/2 500/323/2 1221/326/2 3785/336/2
f 3051/337/1 2675/197/1 921/200/1 2690/338/1
f 905/339/2 2646/335/2 3785/336/2 2600/340/2
f 2481/341/1 3756/342/1 1745/343/1 546/344/1
f 3771/190/1 1235/345/1 201/346/1 1730/191/1
f 335/347/2 2631/348/2 3110/349/2 1056/350/2
f 1806/309/2 155/351/2 1535/352/2 2990/310/2
f 530/182/2 1731/327/2 3080/330/2 2616/183/2
f 65/353/2 1086/193/2 3545/196/2 1640/354/2
f 2766/294/2 335/347/2 1056/350/2 3815/295/2
f 3096/236/1 2615/185/1 906/188/1 2630/237/1
f 890/355/2 2586/356/2 3770/357/2 2540/358/2
f 2781/359/1 3831/360/1 32/361/1 16/362/1
f 9/363/2 29/123/2 3320/126/2 1775/364/2
f 455/365/2 2571/366/2 3155/367/2 1176/368/2
f 7/369/2 27/370/2 3185/371/2 1715/372/2
f 15/373/2 23/374/2 3125/375/2 2556/376/2
f 155/351/2 1251/181/2 3095/184/2 1535/352/2
f 2346/377/2 455/365/2 1176/368/2 3710/378/2
f 3141/108/1 2555/173/1 891/176/1 2570/109/1
f 875/379/2 2526/177/2 3755/180/2 2480/380/2
f 31/381/2 15/373/2 2556/376/2 3140/382/2
f 21/383/2 5/384/2 1656/385/2 3305/386/2
f 515/387/2 2511/388/2 3200/389/2 1236/390/2
f 23/374/2 7/369/2 1715/372/2 3125/375/2
f 11/391/2 19/392/2 3170/393/2 2496/394/2
f 200/328/2 1266/169/2 3050/172/2 1701/329/2
f 2586/356/2 515/387/2 1236/390/2 3770/357/2
f 3186/202/1 2495/161/1 876/164/1 2510/203/1
f 860/395/2 2466/313/2 3740/314/2 2420/396/2
f 2301/397/1 3711/299/1 1805/300/1 606/398/1
f 3726/154/1 1295/21/1 216/24/1 1790/155/1
f 3576/250/1 1595/399/1 396/400/1 1985/251/1
f 1461/401/1 3291/402/1 1310/403/1 80/404/1
f 590/147/2 1791/305/2 3215/308/2 2436/148/2
f 3801/405/1 1025/406/1 51/407/1 1685/408/1
f 1101/409/1 3231/410/1 2450/411/1 380/412/1
f 3231/410/1 2435/149/1 861/152/1 2450/411/1
f 845/413/2 2406/414/2 3725/415/2 2360/416/2
f 27/370/2 11/391/2 2496/394/2 3185/371/2
f 2061/417/1 3651/263/1 30/264/1 14/418/1
f 2901/232/1 1475/419/1 276/420/1 2885/233/1
f 3846/228/1 995/421/1 4/422/1 34/229/1
f 17/423/2 25/424/2 3260/425/2 2376/426/2
f 3621/427/1 1115/428/1 96/429/1 1925/430/1
f 981/431/1 3276/432/1 2390/433/1 260/434/1
f 3276/432/1 2375/139/1 846/142/1 2390/433/1
f 830/435/2 2346/377/2 3710/378/2 2300/436/2
f 33/240/2 17/423/2 2376/426/2 3275/241/2
f 5/384/2 31/381/2 3140/382/2 1656/385/2
f 575/437/2 2331/438/2 3335/439/2 1296/440/2
f 25/424/2 9/363/2 1775/364/2 3260/425/2
f 13/124/2 21/383/2 3305/386/2 2316/125/2
f 215/306/2 1326/135/2 3005/138/2 1761/307/2
f 2406/414/2 575/437/2 1296/440/2 3725/415/2
f 3321/166/1 2315/127/1 831/130/1 2330/167/1
f 815/441/2 2286/289/2 3695/290/2 2240/442/2
f 2121/443/1 3666/275/1 1865/278/1 666/444/1
f 3681/120/1 1355/33/1 231/36/1 1850/121/1
f 3171/162/1 1625/445/1 426/446/1 2525/163/1
f 1491/447/1 3426/448/1 1370/449/1 110/450/1
f 650/112/2 1851/283/2 3350/286/2 2256/113/2
f 19/392/2 2/451/2 1626/452/2 3170/393/2
f 1131/453/1 3366/454/1 2270/455/1 410/456/1
f 3366/454/1 2255/115/1 816/118/1 2270/455/1
f 800/457/2 2226/458/2 3680/459/2 2180/460/2
f 2601/461/1 3786/331/1 1565/334/1 366/462/1
f 185/18/2 1206/205/2 3590/208/2 1895/19/2
f 3036/198/1 1505/463/1 306/464/1 2705/199/1
f 1581/465/1 3246/466/1 1070/467/1 35/468/1
f 350/158/2 1551/29/2 3395/32/2 2196/159/2
f 3756/342/1 1145/469/1 126/470/1 1745/343/1
f 1011/471/1 3411/472/1 2210/473/1 290/474/1
f 3411/472/1 2195/103/1 801/106/1 2210/473/1
f 785/475/2 2166/476/2 3665/477/2 2120/478/2
f 2661/479/1 3801/405/1 1685/408/1 486/480/1
f 3816/144/1 1055/481/1 66/482/1 1670/145/1
f 635/483/2 2151/484/2 3470/485/2 1356/486/2
f 1280/311/1 3021/487/1 1190/488/1 171/312/1
f 470/217/2 1671/489/2 3440/490/2 2136/218/2
f 230/284/2 1386/99/2 2960/102/2 1821/285/2
f 2226/458/2 635/483/2 1356/486/2 3680/459/2
f 3456/132/1 2135/91/1 786/94/1 2150/133/1
f 770/491/2 2106/265/2 3650/266/2 2060/492/2
f 1941/493/1 3621/427/1 1925/430/1 726/494/1
f 3636/84/1 1415/43/1 246/46/1 1910/85/1
f 320/495/2 2091/496/2 3515/497/2 1041/498/2
f 1866/287/2 140/499/2 1520/500/2 2945/288/2
f 710/76/2 1911/259/2 3485/262/2 2076/77/2
f 3831/360/1 1040/1/1 6/4/1 32/361/1
f 2826/270/2 320/495/2 1041/498/2 3830/271/2
f 3501/501/1 2075/79/1 771/82/1 2090/502/1
f 755/503/2 2046/504/2 3635/505/2 2000/506/2
f 381/507/2 2451/508/2 3245/509/2 1580/510/2
f 1235/345/1 3201/511/1 1265/512/1 201/346/1
f 440/513/2 2031/514/2 3560/515/2 1161/516/2
f 1671/489/2 65/353/2 1640/354/2 3440/490/2
f 365/194/2 1566/17/2 3530/20/2 2016/195/2
f 140/499/2 1431/75/2 3500/78/2 1520/500/2
f 2166/476/2 440/513/2 1161/516/2 3665/477/2
f 3546/517/1 2015/67/1 756/70/1 2030/518/1
f 740/519/2 1986/71/2 3620/74/2 1940/520/2
f 1700/521/1 3051/337/1 2690/338/1 501/522/1
f 1055/481/1 3111/523/1 1085/524/1 66/482/1
f 695/525/2 1971/526/2 3605/527/2 1416/528/2
f 1220/332/1 3066/529/1 1205/530/1 186/333/1
f 485/206/2 1686/13/2 3575/16/2 1956/207/2
f 245/260/2 1446/63/2 2915/66/2 1881/261/2
f 2046/504/2 695/525/2 1416/528/2 3635/505/2
f 3591/96/1 1955/249/1 741/252/1 1970/97/1
f 3606/44/1 1941/493/1 726/494/1 1445/45/1
f 1971/526/2 740/519/2 1940/520/2 3605/527/2
f 411/531/2 2271/532/2 3380/533/2 1610/534/2
f 3561/321/1 2001/83/1 711/86/1 1430/322/1
f 2031/514/2 755/503/2 2000/506/2 3560/515/2
f 3531/68/1 1896/95/1 696/98/1 2045/69/1
f 3516/2/1 2061/417/1 14/418/1 22/3/1
f 2091/496/2 770/491/2 2060/492/2 3515/497/2
f 3486/80/1 1880/273/1 681/274/1 2105/81/1
f 3471/34/1 2121/443/1 666/444/1 1385/35/1
f 2151/484/2 785/475/2 2120/478/2 3470/485/2
f 3441/92/1 1641/535/1 441/536/1 2165/93/1
f 3426/448/1 2181/119/1 651/122/1 1370/449/1
f 2211/537/2 800/457/2 2180/460/2 3425/538/2
f 3396/104/1 1836/131/1 636/134/1 2225/105/1
f 3381/52/1 2241/87/1 12/90/1 20/53/1
f 2271/532/2 815/441/2 2240/442/2 3380/533/2
f 3351/116/1 1820/297/1 621/298/1 2285/117/1
f 3336/22/1 2301/397/1 606/398/1 1325/23/1
f 2331/438/2 830/435/2 2300/436/2 3335/439/2
f 3306/128/1 1655/107/1 456/110/1 2345/129/1
f 3291/402/1 2361/153/1 591/156/1 1310/403/1
f 2391/56/2 845/413/2 2360/416/2 3290/57/2
f 3261/140/1 1776/165/1 576/168/1 2405/141/1
f 3246/466/1 2421/223/1 351/226/1 1070/467/1
f 2451/508/2 860/395/2 2420/396/2 3245/509/2
f 3216/150/1 1760/319/1 561/320/1 2465/151/1
f 3201/511/1 2481/341/1 546/344/1 1265/512/1
f 2511/388/2 875/379/2 2480/380/2 3200/389/2
f 1641/535/1 3546/517/1 2030/518/1 441/536/1
f 3156/48/1 2541/189/1 531/192/1 1250/49/1
f 2571/366/2 890/355/2 2540/358/2 3155/367/2
f 3126/174/1 1716/201/1 516/204/1 2585/175/1
f 3111/523/1 2601/461/1 366/462/1 1085/524/1
f 2631/348/2 905/339/2 2600/340/2 3110/349/2
f 3081/186/1 1700/521/1 501/522/1 2645/187/1
f 3066/529/1 2661/479/1 486/480/1 1205/530/1
f 2691/324/2 920/317/2 2660/318/2 3065/325/2
f 1521/539/1 3501/501/1 2090/502/1 321/540/1
f 3021/487/1 2721/143/1 471/146/1 1190/488/1
f 2751/302/2 935/293/2 2720/296/2 3020/303/2
f 2991/210/1 1536/235/1 336/238/1 2765/211/1
f 2976/6/1 2781/359/1 16/362/1 24/7/1
f 2811/280/2 950/269/2 2780/272/2 2975/281/2
f 2946/220/1 1521/539/1 321/540/1 2825/221/1
f 2931/40/1 2841/227/1 18/230/1 26/41/1
f 2871/256/2 965/247/2 2840/248/2 2930/257/2
f 291/541/2 2211/537/2 3425/538/2 1490/542/2
f 1071/157/3 36/543/3 49/544/3 1084/545/3
f 1084/545/4 49/544/4 48/546/4 1083/547/4
f 1083/547/5 48/546/5 47/548/5 1082/549/5
f 1082/549/6 47/548/6 46/550/6 1081/551/6
f 1081/551/7 46/550/7 45/552/7 1080/553/7
f 1080/553/8 45/552/8 44/554/8 1079/555/8
f 1079/555/9 44/554/9 43/556/9 1078/557/9
f 1078/557/10 43/556/10 42/558/10 1077/559/10
f 1077/559/11 42/558/11 41/560/11 1076/561/11
f 1076/561/12 41/560/12 40/562/12 1075/563/12
f 1075/563/13 40/562/13 39/564/13 1074/565/13
f 1074/565/14 39/564/14 38/566/14 1073/567/14
f 1073/567/15 38/566/15 37/568/15 1072/569/15
f 1072/569/16 37/568/16 35/468/16 1070/467/16
f 1086/193/3 65/353/3 67/570/3 1099/571/3
f 1099/571/4 67/570/4 68/572/4 1098/573/4
f 1098/573/5 68/572/5 69/574/5 1097/575/5
f 1097/575/6 69/574/6 70/576/6 1096/577/6
f 1096/577/7 70/576/7 71/578/7 1095/579/7
f 1095/579/8 71/578/8 72/580/8 1094/581/8
f 1094/581/9 72/580/9 73/582/9 1093/583/9
f 1093/583/10 73/582/10 74/584/10 1092/585/10
f 1092/585/11 74/584/11 75/586/11 1091/587/11
f 1091/587/12 75/586/12 76/588/12 1090/589/12
f 1090/589/13 76/588/13 77/590/13 1089/591/13
f 1089/591/14 77/590/14 78/592/14 1088/593/14
f 1088/593/15 78/592/15 79/594/15 1087/595/15
f 1087/595/16 79/594/16 66/482/16 1085/524/16
f 1191/37/3 170/30/3 172/596/3 1204/597/3
f 1204/597/4 172/596/4 173/598/4 1203/599/4
f 1203/599/5 173/598/5 174/600/5 1202/601/5
f 1202/601/6 174/600/6 175/602/6 1201/603/6
f 1201/603/7 175/602/7 176/604/7 1200/605/7
f 1200/605/8 176/604/8 177/606/8 1199/607/8
f 1199/607/9 177/606/9 178/608/9 1198/609/9
f 1198/609/10 178/608/10 179/610/10 1197/611/10
f 1197/611/11 179/610/11 180/612/11 1196/613/11
f 1196/613/12 180/612/12 181/614/12 1195/615/12
f 1195/615/13 181/614/13 182/616/13 1194/617/13
f 1194/617/14 182/616/14 183/618/14 1193/619/14
f 1193/619/15 183/618/15 184/620/15 1192/621/15
f 1192/621/16 184/620/16 171/312/16 1190/488/16
f 1206/205/3 185/18/3 187/622/3 1219/623/3
f 1219/623/4 187/622/4 188/624/4 1218/625/4
f 1218/625/5 188/624/5 189/626/5 1217/627/5
f 1217/627/6 189/626/6 190/628/6 1216/629/6
f 1216/629/7 190/628/7 191/630/7 1215/631/7
f 1215/631/8 191/630/8 192/632/8 1214/633/8
f 1214/633/9 192/632/9 193/634/9 1213/635/9
f 1213/635/10 193/634/10 194/636/10 1212/637/10
f 1212/637/11 194/636/11 195/638/11 1211/639/11
f 1211/639/12 195/638/12 196/640/12 1210/641/12
f 1210/641/13 196/640/13 197/642/13 1209/643/13
f 1209/643/14 197/642/14 198/644/14 1208/645/14
f 1208/645/15 198/644/15 199/646/15 1207/647/15
f 1207/647/16 199/646/16 186/333/16 1205/530/16
f 1251/181/3 155/351/3 157/648/3 1264/649/3
f 1264/649/4 157/648/4 158/650/4 1263/651/4
f 1263/651/5 158/650/5 159/652/5 1262/653/5
f 1262/653/6 159/652/6 160/654/6 1261/655/6
f 1261/655/7 160/654/7 161/656/7 1260/657/7
f 1260/657/8 161/656/8 162/658/8 1259/659/8
f 1259/659/9 162/658/9 163/660/9 1258/661/9
f 1258/661/10 163/660/10 164/662/10 1257/663/10
f 1257/663/11 164/662/11 165/664/11 1256/665/11
f 1256/665/12 165/664/12 166/666/12 1255/667/12
f 1255/667/13 166/666/13 167/668/13 1254/669/13
f 1254/669/14 167/668/14 168/670/14 1253/671/14
f 1253/671/15 168/670/15 169/672/15 1252/673/15
f 1252/673/16 169/672/16 156/50/16 1250/49/16
f 1266/169/3 200/328/3 202/674/3 1279/675/3
f 1279/675/4 202/674/4 203/676/4 1278/677/4
f 1278/677/5 203/676/5 204/678/5 1277/679/5
f 1277/679/6 204/678/6 205/680/6 1276/681/6
f 1276/681/7 205/680/7 206/682/7 1275/683/7
f 1275/683/8 206/682/8 207/684/8 1274/685/8
f 1274/685/9 207/684/9 208/686/9 1273/687/9
f 1273/687/10 208/686/10 209/688/10 1272/689/10
f 1272/689/11 209/688/11 210/690/11 1271/691/11
f 1271/691/12 210/690/12 211/692/12 1270/693/12
f 1270/693/13 211/692/13 212/694/13 1269/695/13
f 1269/695/14 212/694/14 213/696/14 1268/697/14
f 1268/697/15 213/696/15 214/698/15 1267/699/15
f 1267/699/16 214/698/16 201/346/16 1265/512/16
f 1311/10/3 81/9/3 94/700/3 1324/701/3
f 1324/701/4 94/700/4 93/702/4 1323/703/4
f 1323/703/5 93/702/5 92/704/5 1322/705/5
f 1322/705/6 92/704/6 91/706/6 1321/707/6
f 1321/707/7 91/706/7 90/708/7 1320/709/7
f 1320/709/8 90/708/8 89/710/8 1319/711/8
f 1319/711/9 89/710/9 88/712/9 1318/713/9
f 1318/713/10 88/712/10 87/714/10 1317/715/10
f 1317/715/11 87/714/11 86/716/11 1316/717/11
f 1316/717/12 86/716/12 85/718/12 1315/719/12
f 1315/719/13 85/718/13 84/720/13 1314/721/13
f 1314/721/14 84/720/14 83/722/14 1313/723/14
f 1313/723/15 83/722/15 82/724/15 1312/725/15
f 1312/725/16 82/724/16 80/404/16 1310/403/16
f 1326/135/3 215/306/3 217/726/3 1339/727/3
f 1339/727/4 217/726/4 218/728/4 1338/729/4
f 1338/729/5 218/728/5 219/730/5 1337/731/5
f 1337/731/6 219/730/6 220/732/6 1336/733/6
f 1336/733/7 220/732/7 221/734/7 1335/735/7
f 1335/735/8 221/734/8 222/736/8 1334/737/8
f 1334/737/9 222/736/9 223/738/9 1333/739/9
f 1333/739/10 223/738/10 224/740/10 1332/741/10
f 1332/741/11 224/740/11 225/742/11 1331/743/11
f 1331/743/12 225/742/12 226/744/12 1330/745/12
f 1330/745/13 226/744/13 227/746/13 1329/747/13
f 1329/747/14 227/746/14 228/748/14 1328/749/14
f 1328/749/15 228/748/15 229/750/15 1327/751/15
f 1327/751/16 229/750/16 216/24/16 1325/23/16
f 1371/111/3 111/253/3 124/752/3 1384/753/3
f 1384/753/4 124/752/4 123/754/4 1383/755/4
f 1383/755/5 123/754/5 122/756/5 1382/757/5
f 1382/757/6 122/756/6 121/758/6 1381/759/6
f 1381/759/7 121/758/7 120/760/7 1380/761/7
f 1380/761/8 120/760/8 119/762/8 1379/763/8
f 1379/763/9 119/762/9 118/764/9 1378/765/9
f 1378/765/10 118/764/10 117/766/10 1377/767/10
f 1377/767/11 117/766/11 116/768/11 1376/769/11
f 1376/769/12 116/768/12 115/770/12 1375/771/12
f 1375/771/13 115/770/13 114/772/13 1374/773/13
f 1374/773/14 114/772/14 113/774/14 1373/775/14
f 1373/775/15 113/774/15 112/776/15 1372/777/15
f 1372/777/16 112/776/16 110/450/16 1370/449/16
f 1386/99/3 230/284/3 232/778/3 1399/779/3
f 1399/779/4 232/778/4 233/780/4 1398/781/4
f 1398/781/5 233/780/5 234/782/5 1397/783/5
f 1397/783/6 234/782/6 235/784/6 1396/785/6
f 1396/785/7 235/784/7 236/786/7 1395/787/7
f 1395/787/8 236/786/8 237/788/8 1394/789/8
f 1394/789/9 237/788/9 238/790/9 1393/791/9
f 1393/791/10 238/790/10 239/792/10 1392/793/10
f 1392/793/11 239/792/11 240/794/11 1391/795/11
f 1391/795/12 240/794/12 241/796/12 1390/797/12
f 1390/797/13 241/796/13 242/798/13 1389/799/13
f 1389/799/14 242/798/14 243/800/14 1388/801/14
f 1388/801/15 243/800/15 244/802/15 1387/803/15
f 1387/803/16 244/802/16 231/36/16 1385/35/16
f 1431/75/3 140/499/3 142/804/3 1444/805/3
f 1444/805/4 142/804/4 143/806/4 1443/807/4
f 1443/807/5 143/806/5 144/808/5 1442/809/5
f 1442/809/6 144/808/6 145/810/6 1441/811/6
f 1441/811/7 145/810/7 146/812/7 1440/813/7
f 1440/813/8 146/812/8 147/814/8 1439/815/8
f 1439/815/9 147/814/9 148/816/9 1438/817/9
f 1438/817/10 148/816/10 149/818/10 1437/819/10
f 1437/819/11 149/818/11 150/820/11 1436/821/11
f 1436/821/12 150/820/12 151/822/12 1435/823/12
f 1435/823/13 151/822/13 152/824/13 1434/825/13
f 1434/825/14 152/824/14 153/826/14 1433/827/14
f 1433/827/15 153/826/15 154/828/15 1432/829/15
f 1432/829/16 154/828/16 141/277/16 1430/322/16
f 1446/63/3 245/260/3 247/830/3 1459/831/3
f 1459/831/4 247/830/4 248/832/4 1458/833/4
f 1458/833/5 248/832/5 249/834/5 1457/835/5
f 1457/835/6 249/834/6 250/836/6 1456/837/6
f 1456/837/7 250/836/7 251/838/7 1455/839/7
f 1455/839/8 251/838/8 252/840/8 1454/841/8
f 1454/841/9 252/840/9 253/842/9 1453/843/9
f 1453/843/10 253/842/10 254/844/10 1452/845/10
f 1452/845/11 254/844/11 255/846/11 1451/847/11
f 1451/847/12 255/846/12 256/848/12 1450/849/12
f 1450/849/13 256/848/13 257/850/13 1449/851/13
f 1449/851/14 257/850/14 258/852/14 1448/853/14
f 1448/853/15 258/852/15 259/854/15 1447/855/15
f 1447/855/16 259/854/16 246/46/16 1445/45/16
f 1551/29/3 350/158/3 352/856/3 1564/857/3
f 1564/857/4 352/856/4 353/858/4 1563/859/4
f 1563/859/5 353/858/5 354/860/5 1562/861/5
f 1562/861/6 354/860/6 355/862/6 1561/863/6
f 1561/863/7 355/862/7 356/864/7 1560/865/7
f 1560/865/8 356/864/8 357/866/8 1559/867/8
f 1559/867/9 357/866/9 358/868/9 1558/869/9
f 1558/869/10 358/868/10 359/870/10 1557/871/10
f 1557/871/11 359/870/11 360/872/11 1556/873/11
f 1556/873/12 360/872/12 361/874/12 1555/875/12
f 1555/875/13 361/874/13 362/876/13 1554/877/13
f 1554/877/14 362/876/14 363/878/14 1553/879/14
f 1553/879/15 363/878/15 364/880/15 1552/881/15
f 1552/881/16 364/880/16 351/226/16 1550/225/16
f 1566/17/3 365/194/3 367/882/3 1579/883/3
f 1579/883/4 367/882/4 368/884/4 1578/885/4
f 1578/885/5 368/884/5 369/886/5 1577/887/5
f 1577/887/6 369/886/6 370/888/6 1576/889/6
f 1576/889/7 370/888/7 371/890/7 1575/891/7
f 1575/891/8 371/890/8 372/892/8 1574/893/8
f 1574/893/9 372/892/9 373/894/9 1573/895/9
f 1573/895/10 373/894/10 374/896/10 1572/897/10
f 1572/897/11 374/896/11 375/898/11 1571/899/11
f 1571/899/12 375/898/12 376/900/12 1570/901/12
f 1570/901/13 376/900/13 377/902/13 1569/903/13
f 1569/903/14 377/902/14 378/904/14 1568/905/14
f 1568/905/15 378/904/15 379/906/15 1567/907/15
f 1567/907/16 379/906/16 366/462/16 1565/334/16
f 1671/489/3 470/217/3 472/908/3 1684/909/3
f 1684/909/4 472/908/4 473/910/4 1683/911/4
f 1683/911/5 473/910/5 474/912/5 1682/913/5
f 1682/913/6 474/912/6 475/914/6 1681/915/6
f 1681/915/7 475/914/7 476/916/7 1680/917/7
f 1680/917/8 476/916/8 477/918/8 1679/919/8
f 1679/919/9 477/918/9 478/920/9 1678/921/9
f 1678/921/10 478/920/10 479/922/10 1677/923/10
f 1677/923/11 479/922/11 480/924/11 1676/925/11
f 1676/925/12 480/924/12 481/926/12 1675/927/12
f 1675/927/13 481/926/13 482/928/13 1674/929/13
f 1674/929/14 482/928/14 483/930/14 1673/931/14
f 1673/931/15 483/930/15 484/932/15 1672/933/15
f 1672/933/16 484/932/16 471/146/16 1670/145/16
f 1686/13/3 485/206/3 487/934/3 1699/935/3
f 1699/935/4 487/934/4 488/936/4 1698/937/4
f 1698/937/5 488/936/5 489/938/5 1697/939/5
f 1697/939/6 489/938/6 490/940/6 1696/941/6
f 1696/941/7 490/940/7 491/942/7 1695/943/7
f 1695/943/8 491/942/8 492/944/8 1694/945/8
f 1694/945/9 492/944/9 493/946/9 1693/947/9
f 1693/947/10 493/946/10 494/948/10 1692/949/10
f 1692/949/11 494/948/11 495/950/11 1691/951/11
f 1691/951/12 495/950/12 496/952/12 1690/953/12
f 1690/953/13 496/952/13 497/954/13 1689/955/13
f 1689/955/14 497/954/14 498/956/14 1688/957/14
f 1688/957/15 498/956/15 499/958/15 1687/959/15
f 1687/959/16 499/958/16 486/480/16 1685/408/16
f 1731/327/3 530/182/3 532/960/3 1744/961/3
f 1744/961/4 532/960/4 533/962/4 1743/963/4
f 1743/963/5 533/962/5 534/964/5 1742/965/5
f 1742/965/6 534/964/6 535/966/6 1741/967/6
f 1741/967/7 535/966/7 536/968/7 1740/969/7
f 1740/969/8 536/968/8 537/970/8 1739/971/8
f 1739/971/9 537/970/9 538/972/9 1738/973/9
f 1738/973/10 538/972/10 539/974/10 1737/975/10
f 1737/975/11 539/974/11 540/976/11 1736/977/11
f 1736/977/12 540/976/12 541/978/12 1735/979/12
f 1735/979/13 541/978/13 542/980/13 1734/981/13
f 1734/981/14 542/980/14 543/982/14 1733/983/14
f 1733/983/15 543/982/15 544/984/15 1732/985/15
f 1732/985/16 544/984/16 531/192/16 1730/191/16
f 1746/25/3 545/170/3 547/986/3 1759/987/3
f 1759/987/4 547/986/4 548/988/4 1758/989/4
f 1758/989/5 548/988/5 549/990/5 1757/991/5
f 1757/991/6 549/990/6 550/992/6 1756/993/6
f 1756/993/7 550/992/7 551/994/7 1755/995/7
f 1755/995/8 551/994/8 552/996/8 1754/997/8
f 1754/997/9 552/996/9 553/998/9 1753/999/9
f 1753/999/10 553/998/10 554/1000/10 1752/1001/10
f 1752/1001/11 554/1000/11 555/1002/11 1751/1003/11
f 1751/1003/12 555/1002/12 556/1004/12 1750/1005/12
f 1750/1005/13 556/1004/13 557/1006/13 1749/1007/13
f 1749/1007/14 557/1006/14 558/1008/14 1748/1009/14
f 1748/1009/15 558/1008/15 559/1010/15 1747/1011/15
f 1747/1011/16 559/1010/16 546/344/16 1745/343/16
f 1791/305/3 590/147/3 592/1012/3 1804/1013/3
f 1804/1013/4 592/1012/4 593/1014/4 1803/1015/4
f 1803/1015/5 593/1014/5 594/1016/5 1802/1017/5
f 1802/1017/6 594/1016/6 595/1018/6 1801/1019/6
f 1801/1019/7 595/1018/7 596/1020/7 1800/1021/7
f 1800/1021/8 596/1020/8 597/1022/8 1799/1023/8
f 1799/1023/9 597/1022/9 598/1024/9 1798/1025/9
f 1798/1025/10 598/1024/10 599/1026/10 1797/1027/10
f 1797/1027/11 599/1026/11 600/1028/11 1796/1029/11
f 1796/1029/12 600/1028/12 601/1030/12 1795/1031/12
f 1795/1031/13 601/1030/13 602/1032/13 1794/1033/13
f 1794/1033/14 602/1032/14 603/1034/14 1793/1035/14
f 1793/1035/15 603/1034/15 604/1036/15 1792/1037/15
f 1792/1037/16 604/1036/16 591/156/16 1790/155/16
f 1806/309/3 605/136/3 607/1038/3 1819/1039/3
f 1819/1039/4 607/1038/4 608/1040/4 1818/1041/4
f 1818/1041/5 608/1040/5 609/1042/5 1817/1043/5
f 1817/1043/6 609/1042/6 610/1044/6 1816/1045/6
f 1816/1045/7 610/1044/7 611/1046/7 1815/1047/7
f 1815/1047/8 611/1046/8 612/1048/8 1814/1049/8
f 1814/1049/9 612/1048/9 613/1050/9 1813/1051/9
f 1813/1051/10 613/1050/10 614/1052/10 1812/1053/10
f 1812/1053/11 614/1052/11 615/1054/11 1811/1055/11
f 1811/1055/12 615/1054/12 616/1056/12 1810/1057/12
f 1810/1057/13 616/1056/13 617/1058/13 1809/1059/13
f 1809/1059/14 617/1058/14 618/1060/14 1808/1061/14
f 1808/1061/15 618/1060/15 619/1062/15 1807/1063/15
f 1807/1063/16 619/1062/16 606/398/16 1805/300/16
f 1851/283/3 650/112/3 652/1064/3 1864/1065/3
f 1864/1065/4 652/1064/4 653/1066/4 1863/1067/4
f 1863/1067/5 653/1066/5 654/1068/5 1862/1069/5
f 1862/1069/6 654/1068/6 655/1070/6 1861/1071/6
f 1861/1071/7 655/1070/7 656/1072/7 1860/1073/7
f 1860/1073/8 656/1072/8 657/1074/8 1859/1075/8
f 1859/1075/9 657/1074/9 658/1076/9 1858/1077/9
f 1858/1077/10 658/1076/10 659/1078/10 1857/1079/10
f 1857/1079/11 659/1078/11 660/1080/11 1856/1081/11
f 1856/1081/12 660/1080/12 661/1082/12 1855/1083/12
f 1855/1083/13 661/1082/13 662/1084/13 1854/1085/13
f 1854/1085/14 662/1084/14 663/1086/14 1853/1087/14
f 1853/1087/15 663/1086/15 664/1088/15 1852/1089/15
f 1852/1089/16 664/1088/16 651/122/16 1850/121/16
f 1866/287/3 665/100/3 667/1090/3 1879/1091/3
f 1879/1091/4 667/1090/4 668/1092/4 1878/1093/4
f 1878/1093/5 668/1092/5 669/1094/5 1877/1095/5
f 1877/1095/6 669/1094/6 670/1096/6 1876/1097/6
f 1876/1097/7 670/1096/7 671/1098/7 1875/1099/7
f 1875/1099/8 671/1098/8 672/1100/8 1874/1101/8
f 1874/1101/9 672/1100/9 673/1102/9 1873/1103/9
f 1873/1103/10 673/1102/10 674/1104/10 1872/1105/10
f 1872/1105/11 674/1104/11 675/1106/11 1871/1107/11
f 1871/1107/12 675/1106/12 676/1108/12 1870/1109/12
f 1870/1109/13 676/1108/13 677/1110/13 1869/1111/13
f 1869/1111/14 677/1110/14 678/1112/14 1868/1113/14
f 1868/1113/15 678/1112/15 679/1114/15 1867/1115/15
f 1867/1115/16 679/1114/16 666/444/16 1865/278/16
f 1911/259/3 710/76/3 712/1116/3 1924/1117/3
f 1924/1117/4 712/1116/4 713/1118/4 1923/1119/4
f 1923/1119/5 713/1118/5 714/1120/5 1922/1121/5
f 1922/1121/6 714/1120/6 715/1122/6 1921/1123/6
f 1921/1123/7 715/1122/7 716/1124/7 1920/1125/7
f 1920/1125/8 716/1124/8 717/1126/8 1919/1127/8
f 1919/1127/9 717/1126/9 718/1128/9 1918/1129/9
f 1918/1129/10 718/1128/10 719/1130/10 1917/1131/10
f 1917/1131/11 719/1130/11 720/1132/11 1916/1133/11
f 1916/1133/12 720/1132/12 721/1134/12 1915/1135/12
f 1915/1135/13 721/1134/13 722/1136/13 1914/1137/13
f 1914/1137/14 722/1136/14 723/1138/14 1913/1139/14
f 1913/1139/15 723/1138/15 724/1140/15 1912/1141/15
f 1912/1141/16 724/1140/16 711/86/16 1910/85/16
f 1926/59/3 725/64/3 727/1142/3 1939/1143/3
f 1939/1143/4 727/1142/4 728/1144/4 1938/1145/4
f 1938/1145/5 728/1144/5 729/1146/5 1937/1147/5
f 1937/1147/6 729/1146/6 730/1148/6 1936/1149/6
f 1936/1149/7 730/1148/7 731/1150/7 1935/1151/7
f 1935/1151/8 731/1150/8 732/1152/8 1934/1153/8
f 1934/1153/9 732/1152/9 733/1154/9 1933/1155/9
f 1933/1155/10 733/1154/10 734/1156/10 1932/1157/10
f 1932/1157/11 734/1156/11 735/1158/11 1931/1159/11
f 1931/1159/12 735/1158/12 736/1160/12 1930/1161/12
f 1930/1161/13 736/1160/13 737/1162/13 1929/1163/13
f 1929/1163/14 737/1162/14 738/1164/14 1928/1165/14
f 1928/1165/15 738/1164/15 739/1166/15 1927/1167/15
f 1927/1167/16 739/1166/16 726/494/16 1925/430/16
f 1971/526/3 695/525/3 697/1168/3 1984/1169/3
f 1984/1169/4 697/1168/4 698/1170/4 1983/1171/4
f 1983/1171/5 698/1170/5 699/1172/5 1982/1173/5
f 1982/1173/6 699/1172/6 700/1174/6 1981/1175/6
f 1981/1175/7 700/1174/7 701/1176/7 1980/1177/7
f 1980/1177/8 701/1176/8 702/1178/8 1979/1179/8
f 1979/1179/9 702/1178/9 703/1180/9 1978/1181/9
f 1978/1181/10 703/1180/10 704/1182/10 1977/1183/10
f 1977/1183/11 704/1182/11 705/1184/11 1976/1185/11
f 1976/1185/12 705/1184/12 706/1186/12 1975/1187/12
f 1975/1187/13 706/1186/13 707/1188/13 1974/1189/13
f 1974/1189/14 707/1188/14 708/1190/14 1973/1191/14
f 1973/1191/15 708/1190/15 709/1192/15 1972/1193/15
f 1972/1193/16 709/1192/16 696/98/16 1970/97/16
f 1986/71/3 740/519/3 742/1194/3 1999/1195/3
f 1999/1195/4 742/1194/4 743/1196/4 1998/1197/4
f 1998/1197/5 743/1196/5 744/1198/5 1997/1199/5
f 1997/1199/6 744/1198/6 745/1200/6 1996/1201/6
f 1996/1201/7 745/1200/7 746/1202/7 1995/1203/7
f 1995/1203/8 746/1202/8 747/1204/8 1994/1205/8
f 1994/1205/9 747/1204/9 748/1206/9 1993/1207/9
f 1993/1207/10 748/1206/10 749/1208/10 1992/1209/10
f 1992/1209/11 749/1208/11 750/1210/11 1991/1211/11
f 1991/1211/12 750/1210/12 751/1212/12 1990/1213/12
f 1990/1213/13 751/1212/13 752/1214/13 1989/1215/13
f 1989/1215/14 752/1214/14 753/1216/14 1988/1217/14
f 1988/1217/15 753/1216/15 754/1218/15 1987/1219/15
f 1987/1219/16 754/1218/16 741/252/16 1985/251/16
f 2031/514/3 440/513/3 442/1220/3 2044/1221/3
f 2044/1221/4 442/1220/4 443/1222/4 2043/1223/4
f 2043/1223/5 443/1222/5 444/1224/5 2042/1225/5
f 2042/1225/6 444/1224/6 445/1226/6 2041/1227/6
f 2041/1227/7 445/1226/7 446/1228/7 2040/1229/7
f 2040/1229/8 446/1228/8 447/1230/8 2039/1231/8
f 2039/1231/9 447/1230/9 448/1232/9 2038/1233/9
f 2038/1233/10 448/1232/10 449/1234/10 2037/1235/10
f 2037/1235/11 449/1234/11 450/1236/11 2036/1237/11
f 2036/1237/12 450/1236/12 451/1238/12 2035/1239/12
f 2035/1239/13 451/1238/13 452/1240/13 2034/1241/13
f 2034/1241/14 452/1240/14 453/1242/14 2033/1243/14
f 2033/1243/15 453/1242/15 454/1244/15 2032/1245/15
f 2032/1245/16 454/1244/16 441/536/16 2030/518/16
f 2046/504/3 755/503/3 757/1246/3 2059/1247/3
f 2059/1247/4 757/1246/4 758/1248/4 2058/1249/4
f 2058/1249/5 758/1248/5 759/1250/5 2057/1251/5
f 2057/1251/6 759/1250/6 760/1252/6 2056/1253/6
f 2056/1253/7 760/1252/7 761/1254/7 2055/1255/7
f 2055/1255/8 761/1254/8 762/1256/8 2054/1257/8
f 2054/1257/9 762/1256/9 763/1258/9 2053/1259/9
f 2053/1259/10 763/1258/10 764/1260/10 2052/1261/10
f 2052/1261/11 764/1260/11 765/1262/11 2051/1263/11
f 2051/1263/12 765/1262/12 766/1264/12 2050/1265/12
f 2050/1265/13 766/1264/13 767/1266/13 2049/1267/13
f 2049/1267/14 767/1266/14 768/1268/14 2048/1269/14
f 2048/1269/15 768/1268/15 769/1270/15 2047/1271/15
f 2047/1271/16 769/1270/16 756/70/16 2045/69/16
f 2091/496/3 320/495/3 322/1272/3 2104/1273/3
f 2104/1273/4 322/1272/4 323/1274/4 2103/1275/4
f 2103/1275/5 323/1274/5 324/1276/5 2102/1277/5
f 2102/1277/6 324/1276/6 325/1278/6 2101/1279/6
f 2101/1279/7 325/1278/7 326/1280/7 2100/1281/7
f 2100/1281/8 326/1280/8 327/1282/8 2099/1283/8
f 2099/1283/9 327/1282/9 328/1284/9 2098/1285/9
f 2098/1285/10 328/1284/10 329/1286/10 2097/1287/10
f 2097/1287/11 329/1286/11 330/1288/11 2096/1289/11
f 2096/1289/12 330/1288/12 331/1290/12 2095/1291/12
f 2095/1291/13 331/1290/13 332/1292/13 2094/1293/13
f 2094/1293/14 332/1292/14 333/1294/14 2093/1295/14
f 2093/1295/15 333/1294/15 334/1296/15 2092/1297/15
f 2092/1297/16 334/1296/16 321/540/16 2090/502/16
f 2106/265/3 770/491/3 772/1298/3 2119/1299/3
f 2119/1299/4 772/1298/4 773/1300/4 2118/1301/4
f 2118/1301/5 773/1300/5 774/1302/5 2117/1303/5
f 2117/1303/6 774/1302/6 775/1304/6 2116/1305/6
f 2116/1305/7 775/1304/7 776/1306/7 2115/1307/7
f 2115/1307/8 776/1306/8 777/1308/8 2114/1309/8
f 2114/1309/9 777/1308/9 778/1310/9 2113/1311/9
f 2113/1311/10 778/1310/10 779/1312/10 2112/1313/10
f 2112/1313/11 779/1312/11 780/1314/11 2111/1315/11
f 2111/1315/12 780/1314/12 781/1316/12 2110/1317/12
f 2110/1317/13 781/1316/13 782/1318/13 2109/1319/13
f 2109/1319/14 782/1318/14 783/1320/14 2108/1321/14
f 2108/1321/15 783/1320/15 784/1322/15 2107/1323/15
f 2107/1323/16 784/1322/16 771/82/16 2105/81/16
f 2151/484/3 635/483/3 637/1324/3 2164/1325/3
f 2164/1325/4 637/1324/4 638/1326/4 2163/1327/4
f 2163/1327/5 638/1326/5 639/1328/5 2162/1329/5
f 2162/1329/6 639/1328/6 640/1330/6 2161/1331/6
f 2161/1331/7 640/1330/7 641/1332/7 2160/1333/7
f 2160/1333/8 641/1332/8 642/1334/8 2159/1335/8
f 2159/1335/9 642/1334/9 643/1336/9 2158/1337/9
f 2158/1337/10 643/1336/10 644/1338/10 2157/1339/10
f 2157/1339/11 644/1338/11 645/1340/11 2156/1341/11
f 2156/1341/12 645/1340/12 646/1342/12 2155/1343/12
f 2155/1343/13 646/1342/13 647/1344/13 2154/1345/13
f 2154/1345/14 647/1344/14 648/1346/14 2153/1347/14
f 2153/1347/15 648/1346/15 649/1348/15 2152/1349/15
f 2152/1349/16 649/1348/16 636/134/16 2150/133/16
f 2166/476/3 785/475/3 787/1350/3 2179/1351/3
f 2179/1351/4 787/1350/4 788/1352/4 2178/1353/4
f 2178/1353/5 788/1352/5 789/1354/5 2177/1355/5
f 2177/1355/6 789/1354/6 790/1356/6 2176/1357/6
f 2176/1357/7 790/1356/7 791/1358/7 2175/1359/7
f 2175/1359/8 791/1358/8 792/1360/8 2174/1361/8
f 2174/1361/9 792/1360/9 793/1362/9 2173/1363/9
f 2173/1363/10 793/1362/10 794/1364/10 2172/1365/10
f 2172/1365/11 794/1364/11 795/1366/11 2171/1367/11
f 2171/1367/12 795/1366/12 796/1368/12 2170/1369/12
f 2170/1369/13 796/1368/13 797/1370/13 2169/1371/13
f 2169/1371/14 797/1370/14 798/1372/14 2168/1373/14
f 2168/1373/15 798/1372/15 799/1374/15 2167/1375/15
f 2167/1375/16 799/1374/16 786/94/16 2165/93/16
f 2211/537/3 291/541/3 304/1376/3 2224/1377/3
f 2224/1377/4 304/1376/4 303/1378/4 2223/1379/4
f 2223/1379/5 303/1378/5 302/1380/5 2222/1381/5
f 2222/1381/6 302/1380/6 301/1382/6 2221/1383/6
f 2221/1383/7 301/1382/7 300/1384/7 2220/1385/7
f 2220/1385/8 300/1384/8 299/1386/8 2219/1387/8
f 2219/1387/9 299/1386/9 298/1388/9 2218/1389/9
f 2218/1389/10 298/1388/10 297/1390/10 2217/1391/10
f 2217/1391/11 297/1390/11 296/1392/11 2216/1393/11
f 2216/1393/12 296/1392/12 295/1394/12 2215/1395/12
f 2215/1395/13 295/1394/13 294/1396/13 2214/1397/13
f 2214/1397/14 294/1396/14 293/1398/14 2213/1399/14
f 2213/1399/15 293/1398/15 292/1400/15 2212/1401/15
f 2212/1401/16 292/1400/16 290/474/16 2210/473/16
f 2226/458/3 800/457/3 802/1402/3 2239/1403/3
f 2239/1403/4 802/1402/4 803/1404/4 2238/1405/4
f 2238/1405/5 803/1404/5 804/1406/5 2237/1407/5
f 2237/1407/6 804/1406/6 805/1408/6 2236/1409/6
f 2236/1409/7 805/1408/7 806/1410/7 2235/1411/7
f 2235/1411/8 806/1410/8 807/1412/8 2234/1413/8
f 2234/1413/9 807/1412/9 808/1414/9 2233/1415/9
f 2233/1415/10 808/1414/10 809/1416/10 2232/1417/10
f 2232/1417/11 809/1416/11 810/1418/11 2231/1419/11
f 2231/1419/12 810/1418/12 811/1420/12 2230/1421/12
f 2230/1421/13 811/1420/13 812/1422/13 2229/1423/13
f 2229/1423/14 812/1422/14 813/1424/14 2228/1425/14
f 2228/1425/15 813/1424/15 814/1426/15 2227/1427/15
f 2227/1427/16 814/1426/16 801/106/16 2225/105/16
f 2271/532/3 411/531/3 424/1428/3 2284/1429/3
f 2284/1429/4 424/1428/4 423/1430/4 2283/1431/4
f 2283/1431/5 423/1430/5 422/1432/5 2282/1433/5
f 2282/1433/6 422/1432/6 421/1434/6 2281/1435/6
f 2281/1435/7 421/1434/7 420/1436/7 2280/1437/7
f 2280/1437/8 420/1436/8 419/1438/8 2279/1439/8
f 2279/1439/9 419/1438/9 418/1440/9 2278/1441/9
f 2278/1441/10 418/1440/10 417/1442/10 2277/1443/10
f 2277/1443/11 417/1442/11 416/1444/11 2276/1445/11
f 2276/1445/12 416/1444/12 415/1446/12 2275/1447/12
f 2275/1447/13 415/1446/13 414/1448/13 2274/1449/13
f 2274/1449/14 414/1448/14 413/1450/14 2273/1451/14
f 2273/1451/15 413/1450/15 412/1452/15 2272/1453/15
f 2272/1453/16 412/1452/16 410/456/16 2270/455/16
f 2286/289/3 815/441/3 817/1454/3 2299/1455/3
f 2299/1455/4 817/1454/4 818/1456/4 2298/1457/4
f 2298/1457/5 818/1456/5 819/1458/5 2297/1459/5
f 2297/1459/6 819/1458/6 820/1460/6 2296/1461/6
f 2296/1461/7 820/1460/7 821/1462/7 2295/1463/7
f 2295/1463/8 821/1462/8 822/1464/8 2294/1465/8
f 2294/1465/9 822/1464/9 823/1466/9 2293/1467/9
f 2293/1467/10 823/1466/10 824/1468/10 2292/1469/10
f 2292/1469/11 824/1468/11 825/1470/11 2291/1471/11
f 2291/1471/12 825/1470/12 826/1472/12 2290/1473/12
f 2290/1473/13 826/1472/13 827/1474/13 2289/1475/13
f 2289/1475/14 827/1474/14 828/1476/14 2288/1477/14
f 2288/1477/15 828/1476/15 829/1478/15 2287/1479/15
f 2287/1479/16 829/1478/16 816/118/16 2285/117/16
f 2331/438/3 575/437/3 577/1480/3 2344/1481/3
f 2344/1481/4 577/1480/4 578/1482/4 2343/1483/4
f 2343/1483/5 578/1482/5 579/1484/5 2342/1485/5
f 2342/1485/6 579/1484/6 580/1486/6 2341/1487/6
f 2341/1487/7 580/1486/7 581/1488/7 2340/1489/7
f 2340/1489/8 581/1488/8 582/1490/8 2339/1491/8
f 2339/1491/9 582/1490/9 583/1492/9 2338/1493/9
f 2338/1493/10 583/1492/10 584/1494/10 2337/1495/10
f 2337/1495/11 584/1494/11 585/1496/11 2336/1497/11
f 2336/1497/12 585/1496/12 586/1498/12 2335/1499/12
f 2335/1499/13 586/1498/13 587/1500/13 2334/1501/13
f 2334/1501/14 587/1500/14 588/1502/14 2333/1503/14
f 2333/1503/15 588/1502/15 589/1504/15 2332/1505/15
f 2332/1505/16 589/1504/16 576/168/16 2330/167/16
f 2346/377/3 830/435/3 832/1506/3 2359/1507/3
f 2359/1507/4 832/1506/4 833/1508/4 2358/1509/4
f 2358/1509/5 833/1508/5 834/1510/5 2357/1511/5
f 2357/1511/6 834/1510/6 835/1512/6 2356/1513/6
f 2356/1513/7 835/1512/7 836/1514/7 2355/1515/7
f 2355/1515/8 836/1514/8 837/1516/8 2354/1517/8
f 2354/1517/9 837/1516/9 838/1518/9 2353/1519/9
f 2353/1519/10 838/1518/10 839/1520/10 2352/1521/10
f 2352/1521/11 839/1520/11 840/1522/11 2351/1523/11
f 2351/1523/12 840/1522/12 841/1524/12 2350/1525/12
f 2350/1525/13 841/1524/13 842/1526/13 2349/1527/13
f 2349/1527/14 842/1526/14 843/1528/14 2348/1529/14
f 2348/1529/15 843/1528/15 844/1530/15 2347/1531/15
f 2347/1531/16 844/1530/16 831/130/16 2345/129/16
f 2391/56/3 261/55/3 274/1532/3 2404/1533/3
f 2404/1533/4 274/1532/4 273/1534/4 2403/1535/4
f 2403/1535/5 273/1534/5 272/1536/5 2402/1537/5
f 2402/1537/6 272/1536/6 271/1538/6 2401/1539/6
f 2401/1539/7 271/1538/7 270/1540/7 2400/1541/7
f 2400/1541/8 270/1540/8 269/1542/8 2399/1543/8
f 2399/1543/9 269/1542/9 268/1544/9 2398/1545/9
f 2398/1545/10 268/1544/10 267/1546/10 2397/1547/10
f 2397/1547/11 267/1546/11 266/1548/11 2396/1549/11
f 2396/1549/12 266/1548/12 265/1550/12 2395/1551/12
f 2395/1551/13 265/1550/13 264/1552/13 2394/1553/13
f 2394/1553/14 264/1552/14 263/1554/14 2393/1555/14
f 2393/1555/15 263/1554/15 262/1556/15 2392/1557/15
f 2392/1557/16 262/1556/16 260/434/16 2390/433/16
f 2406/414/3 845/413/3 847/1558/3 2419/1559/3
f 2419/1559/4 847/1558/4 848/1560/4 2418/1561/4
f 2418/1561/5 848/1560/5 849/1562/5 2417/1563/5
f 2417/1563/6 849/1562/6 850/1564/6 2416/1565/6
f 2416/1565/7 850/1564/7 851/1566/7 2415/1567/7
f 2415/1567/8 851/1566/8 852/1568/8 2414/1569/8
f 2414/1569/9 852/1568/9 853/1570/9 2413/1571/9
f 2413/1571/10 853/1570/10 854/1572/10 2412/1573/10
f 2412/1573/11 854/1572/11 855/1574/11 2411/1575/11
f 2411/1575/12 855/1574/12 856/1576/12 2410/1577/12
f 2410/1577/13 856/1576/13 857/1578/13 2409/1579/13
f 2409/1579/14 857/1578/14 858/1580/14 2408/1581/14
f 2408/1581/15 858/1580/15 859/1582/15 2407/1583/15
f 2407/1583/16 859/1582/16 846/142/16 2405/141/16
f 2451/508/3 381/507/3 394/1584/3 2464/1585/3
f 2464/1585/4 394/1584/4 393/1586/4 2463/1587/4
f 2463/1587/5 393/1586/5 392/1588/5 2462/1589/5
f 2462/1589/6 392/1588/6 391/1590/6 2461/1591/6
f 2461/1591/7 391/1590/7 390/1592/7 2460/1593/7
f 2460/1593/8 390/1592/8 389/1594/8 2459/1595/8
f 2459/1595/9 389/1594/9 388/1596/9 2458/1597/9
f 2458/1597/10 388/1596/10 387/1598/10 2457/1599/10
f 2457/1599/11 387/1598/11 386/1600/11 2456/1601/11
f 2456/1601/12 386/1600/12 385/1602/12 2455/1603/12
f 2455/1603/13 385/1602/13 384/1604/13 2454/1605/13
f 2454/1605/14 384/1604/14 383/1606/14 2453/1607/14
f 2453/1607/15 383/1606/15 382/1608/15 2452/1609/15
f 2452/1609/16 382/1608/16 380/412/16 2450/411/16
f 2466/313/3 860/395/3 862/1610/3 2479/1611/3
f 2479/1611/4 862/1610/4 863/1612/4 2478/1613/4
f 2478/1613/5 863/1612/5 864/1614/5 2477/1615/5
f 2477/1615/6 864/1614/6 865/1616/6 2476/1617/6
f 2476/1617/7 865/1616/7 866/1618/7 2475/1619/7
f 2475/1619/8 866/1618/8 867/1620/8 2474/1621/8
f 2474/1621/9 867/1620/9 868/1622/9 2473/1623/9
f 2473/1623/10 868/1622/10 869/1624/10 2472/1625/10
f 2472/1625/11 869/1624/11 870/1626/11 2471/1627/11
f 2471/1627/12 870/1626/12 871/1628/12 2470/1629/12
f 2470/1629/13 871/1628/13 872/1630/13 2469/1631/13
f 2469/1631/14 872/1630/14 873/1632/14 2468/1633/14
f 2468/1633/15 873/1632/15 874/1634/15 2467/1635/15
f 2467/1635/16 874/1634/16 861/152/16 2465/151/16
f 2511/388/3 515/387/3 517/1636/3 2524/1637/3
f 2524/1637/4 517/1636/4 518/1638/4 2523/1639/4
f 2523/1639/5 518/1638/5 519/1640/5 2522/1641/5
f 2522/1641/6 519/1640/6 520/1642/6 2521/1643/6
f 2521/1643/7 520/1642/7 521/1644/7 2520/1645/7
f 2520/1645/8 521/1644/8 522/1646/8 2519/1647/8
f 2519/1647/9 522/1646/9 523/1648/9 2518/1649/9
f 2518/1649/10 523/1648/10 524/1650/10 2517/1651/10
f 2517/1651/11 524/1650/11 525/1652/11 2516/1653/11
f 2516/1653/12 525/1652/12 526/1654/12 2515/1655/12
f 2515/1655/13 526/1654/13 527/1656/13 2514/1657/13
f 2514/1657/14 527/1656/14 528/1658/14 2513/1659/14
f 2513/1659/15 528/1658/15 529/1660/15 2512/1661/15
f 2512/1661/16 529/1660/16 516/204/16 2510/203/16
f 2526/177/3 875/379/3 877/1662/3 2539/1663/3
f 2539/1663/4 877/1662/4 878/1664/4 2538/1665/4
f 2538/1665/5 878/1664/5 879/1666/5 2537/1667/5
f 2537/1667/6 879/1666/6 880/1668/6 2536/1669/6
f 2536/1669/7 880/1668/7 881/1670/7 2535/1671/7
f 2535/1671/8 881/1670/8 882/1672/8 2534/1673/8
f 2534/1673/9 882/1672/9 883/1674/9 2533/1675/9
f 2533/1675/10 883/1674/10 884/1676/10 2532/1677/10
f 2532/1677/11 884/1676/11 885/1678/11 2531/1679/11
f 2531/1679/12 885/1678/12 886/1680/12 2530/1681/12
f 2530/1681/13 886/1680/13 887/1682/13 2529/1683/13
f 2529/1683/14 887/1682/14 888/1684/14 2528/1685/14
f 2528/1685/15 888/1684/15 889/1686/15 2527/1687/15
f 2527/1687/16 889/1686/16 876/164/16 2525/163/16
f 2571/366/3 455/365/3 457/1688/3 2584/1689/3
f 2584/1689/4 457/1688/4 458/1690/4 2583/1691/4
f 2583/1691/5 458/1690/5 459/1692/5 2582/1693/5
f 2582/1693/6 459/1692/6 460/1694/6 2581/1695/6
f 2581/1695/7 460/1694/7 461/1696/7 2580/1697/7
f 2580/1697/8 461/1696/8 462/1698/8 2579/1699/8
f 2579/1699/9 462/1698/9 463/1700/9 2578/1701/9
f 2578/1701/10 463/1700/10 464/1702/10 2577/1703/10
f 2577/1703/11 464/1702/11 465/1704/11 2576/1705/11
f 2576/1705/12 465/1704/12 466/1706/12 2575/1707/12
f 2575/1707/13 466/1706/13 467/1708/13 2574/1709/13
f 2574/1709/14 467/1708/14 468/1710/14 2573/1711/14
f 2573/1711/15 468/1710/15 469/1712/15 2572/1713/15
f 2572/1713/16 469/1712/16 456/110/16 2570/109/16
f 2586/356/3 890/355/3 892/1714/3 2599/1715/3
f 2599/1715/4 892/1714/4 893/1716/4 2598/1717/4
f 2598/1717/5 893/1716/5 894/1718/5 2597/1719/5
f 2597/1719/6 894/1718/6 895/1720/6 2596/1721/6
f 2596/1721/7 895/1720/7 896/1722/7 2595/1723/7
f 2595/1723/8 896/1722/8 897/1724/8 2594/1725/8
f 2594/1725/9 897/1724/9 898/1726/9 2593/1727/9
f 2593/1727/10 898/1726/10 899/1728/10 2592/1729/10
f 2592/1729/11 899/1728/11 900/1730/11 2591/1731/11
f 2591/1731/12 900/1730/12 901/1732/12 2590/1733/12
f 2590/1733/13 901/1732/13 902/1734/13 2589/1735/13
f 2589/1735/14 902/1734/14 903/1736/14 2588/1737/14
f 2588/1737/15 903/1736/15 904/1738/15 2587/1739/15
f 2587/1739/16 904/1738/16 891/176/16 2585/175/16
f 2631/348/3 335/347/3 337/1740/3 2644/1741/3
f 2644/1741/4 337/1740/4 338/1742/4 2643/1743/4
f 2643/1743/5 338/1742/5 339/1744/5 2642/1745/5
f 2642/1745/6 339/1744/6 340/1746/6 2641/1747/6
f 2641/1747/7 340/1746/7 341/1748/7 2640/1749/7
f 2640/1749/8 341/1748/8 342/1750/8 2639/1751/8
f 2639/1751/9 342/1750/9 343/1752/9 2638/1753/9
f 2638/1753/10 343/1752/10 344/1754/10 2637/1755/10
f 2637/1755/11 344/1754/11 345/1756/11 2636/1757/11
f 2636/1757/12 345/1756/12 346/1758/12 2635/1759/12
f 2635/1759/13 346/1758/13 347/1760/13 2634/1761/13
f 2634/1761/14 347/1760/14 348/1762/14 2633/1763/14
f 2633/1763/15 348/1762/15 349/1764/15 2632/1765/15
f 2632/1765/16 349/1764/16 336/238/16 2630/237/16
f 2646/335/3 905/339/3 907/1766/3 2659/1767/3
f 2659/1767/4 907/1766/4 908/1768/4 2658/1769/4
f 2658/1769/5 908/1768/5 909/1770/5 2657/1771/5
f 2657/1771/6 909/1770/6 910/1772/6 2656/1773/6
f 2656/1773/7 910/1772/7 911/1774/7 2655/1775/7
f 2655/1775/8 911/1774/8 912/1776/8 2654/1777/8
f 2654/1777/9 912/1776/9 913/1778/9 2653/1779/9
f 2653/1779/10 913/1778/10 914/1780/10 2652/1781/10
f 2652/1781/11 914/1780/11 915/1782/11 2651/1783/11
f 2651/1783/12 915/1782/12 916/1784/12 2650/1785/12
f 2650/1785/13 916/1784/13 917/1786/13 2649/1787/13
f 2649/1787/14 917/1786/14 918/1788/14 2648/1789/14
f 2648/1789/15 918/1788/15 919/1790/15 2647/1791/15
f 2647/1791/16 919/1790/16 906/188/16 2645/187/16
f 2691/324/3 500/323/3 502/1792/3 2704/1793/3
f 2704/1793/4 502/1792/4 503/1794/4 2703/1795/4
f 2703/1795/5 503/1794/5 504/1796/5 2702/1797/5
f 2702/1797/6 504/1796/6 505/1798/6 2701/1799/6
f 2701/1799/7 505/1798/7 506/1800/7 2700/1801/7
f 2700/1801/8 506/1800/8 507/1802/8 2699/1803/8
f 2699/1803/9 507/1802/9 508/1804/9 2698/1805/9
f 2698/1805/10 508/1804/10 509/1806/10 2697/1807/10
f 2697/1807/11 509/1806/11 510/1808/11 2696/1809/11
f 2696/1809/12 510/1808/12 511/1810/12 2695/1811/12
f 2695/1811/13 511/1810/13 512/1812/13 2694/1813/13
f 2694/1813/14 512/1812/14 513/1814/14 2693/1815/14
f 2693/1815/15 513/1814/15 514/1816/15 2692/1817/15
f 2692/1817/16 514/1816/16 501/522/16 2690/338/16
f 2706/213/3 920/317/3 922/1818/3 2719/1819/3
f 2719/1819/4 922/1818/4 923/1820/4 2718/1821/4
f 2718/1821/5 923/1820/5 924/1822/5 2717/1823/5
f 2717/1823/6 924/1822/6 925/1824/6 2716/1825/6
f 2716/1825/7 925/1824/7 926/1826/7 2715/1827/7
f 2715/1827/8 926/1826/8 927/1828/8 2714/1829/8
f 2714/1829/9 927/1828/9 928/1830/9 2713/1831/9
f 2713/1831/10 928/1830/10 929/1832/10 2712/1833/10
f 2712/1833/11 929/1832/11 930/1834/11 2711/1835/11
f 2711/1835/12 930/1834/12 931/1836/12 2710/1837/12
f 2710/1837/13 931/1836/13 932/1838/13 2709/1839/13
f 2709/1839/14 932/1838/14 933/1840/14 2708/1841/14
f 2708/1841/15 933/1840/15 934/1842/15 2707/1843/15
f 2707/1843/16 934/1842/16 921/200/16 2705/199/16
f 2751/302/3 560/301/3 562/1844/3 2764/1845/3
f 2764/1845/4 562/1844/4 563/1846/4 2763/1847/4
f 2763/1847/5 563/1846/5 564/1848/5 2762/1849/5
f 2762/1849/6 564/1848/6 565/1850/6 2761/1851/6
f 2761/1851/7 565/1850/7 566/1852/7 2760/1853/7
f 2760/1853/8 566/1852/8 567/1854/8 2759/1855/8
f 2759/1855/9 567/1854/9 568/1856/9 2758/1857/9
f 2758/1857/10 568/1856/10 569/1858/10 2757/1859/10
f 2757/1859/11 569/1858/11 570/1860/11 2756/1861/11
f 2756/1861/12 570/1860/12 571/1862/12 2755/1863/12
f 2755/1863/13 571/1862/13 572/1864/13 2754/1865/13
f 2754/1865/14 572/1864/14 573/1866/14 2753/1867/14
f 2753/1867/15 573/1866/15 574/1868/15 2752/1869/15
f 2752/1869/16 574/1868/16 561/320/16 2750/316/16
f 2766/294/3 935/293/3 937/1870/3 2779/1871/3
f 2779/1871/4 937/1870/4 938/1872/4 2778/1873/4
f 2778/1873/5 938/1872/5 939/1874/5 2777/1875/5
f 2777/1875/6 939/1874/6 940/1876/6 2776/1877/6
f 2776/1877/7 940/1876/7 941/1878/7 2775/1879/7
f 2775/1879/8 941/1878/8 942/1880/8 2774/1881/8
f 2774/1881/9 942/1880/9 943/1882/9 2773/1883/9
f 2773/1883/10 943/1882/10 944/1884/10 2772/1885/10
f 2772/1885/11 944/1884/11 945/1886/11 2771/1887/11
f 2771/1887/12 945/1886/12 946/1888/12 2770/1889/12
f 2770/1889/13 946/1888/13 947/1890/13 2769/1891/13
f 2769/1891/14 947/1890/14 948/1892/14 2768/1893/14
f 2768/1893/15 948/1892/15 949/1894/15 2767/1895/15
f 2767/1895/16 949/1894/16 936/212/16 2765/211/16
f 2811/280/3 620/279/3 622/1896/3 2824/1897/3
f 2824/1897/4 622/1896/4 623/1898/4 2823/1899/4
f 2823/1899/5 623/1898/5 624/1900/5 2822/1901/5
f 2822/1901/6 624/1900/6 625/1902/6 2821/1903/6
f 2821/1903/7 625/1902/7 626/1904/7 2820/1905/7
f 2820/1905/8 626/1904/8 627/1906/8 2819/1907/8
f 2819/1907/9 627/1906/9 628/1908/9 2818/1909/9
f 2818/1909/10 628/1908/10 629/1910/10 2817/1911/10
f 2817/1911/11 629/1910/11 630/1912/11 2816/1913/11
f 2816/1913/12 630/1912/12 631/1914/12 2815/1915/12
f 2815/1915/13 631/1914/13 632/1916/13 2814/1917/13
f 2814/1917/14 632/1916/14 633/1918/14 2813/1919/14
f 2813/1919/15 633/1918/15 634/1920/15 2812/1921/15
f 2812/1921/16 634/1920/16 621/298/16 2810/292/16
f 2826/270/3 950/269/3 952/1922/3 2839/1923/3
f 2839/1923/4 952/1922/4 953/1924/4 2838/1925/4
f 2838/1925/5 953/1924/5 954/1926/5 2837/1927/5
f 2837/1927/6 954/1926/6 955/1928/6 2836/1929/6
f 2836/1929/7 955/1928/7 956/1930/7 2835/1931/7
f 2835/1931/8 956/1930/8 957/1932/8 2834/1933/8
f 2834/1933/9 957/1932/9 958/1934/9 2833/1935/9
f 2833/1935/10 958/1934/10 959/1936/10 2832/1937/10
f 2832/1937/11 959/1936/11 960/1938/11 2831/1939/11
f 2831/1939/12 960/1938/12 961/1940/12 2830/1941/12
f 2830/1941/13 961/1940/13 962/1942/13 2829/1943/13
f 2829/1943/14 962/1942/14 963/1944/14 2828/1945/14
f 2828/1945/15 963/1944/15 964/1946/15 2827/1947/15
f 2827/1947/16 964/1946/16 951/222/16 2825/221/16
f 2871/256/3 680/255/3 682/1948/3 2884/1949/3
f 2884/1949/4 682/1948/4 683/1950/4 2883/1951/4
f 2883/1951/5 683/1950/5 684/1952/5 2882/1953/5
f 2882/1953/6 684/1952/6 685/1954/6 2881/1955/6
f 2881/1955/7 685/1954/7 686/1956/7 2880/1957/7
f 2880/1957/8 686/1956/8 687/1958/8 2879/1959/8
f 2879/1959/9 687/1958/9 688/1960/9 2878/1961/9
f 2878/1961/10 688/1960/10 689/1962/10 2877/1963/10
f 2877/1963/11 689/1962/11 690/1964/11 2876/1965/11
f 2876/1965/12 690/1964/12 691/1966/12 2875/1967/12
f 2875/1967/13 691/1966/13 692/1968/13 2874/1969/13
f 2874/1969/14 692/1968/14 693/1970/14 2873/1971/14
f 2873/1971/15 693/1970/15 694/1972/15 2872/1973/15
f 2872/1973/16 694/1972/16 681/274/16 2870/268/16
f 2886/243/3 965/247/3 967/1974/3 2899/1975/3
f 2899/1975/4 967/1974/4 968/1976/4 2898/1977/4
f 2898/1977/5 968/1976/5 969/1978/5 2897/1979/5
f 2897/1979/6 969/1978/6 970/1980/6 2896/1981/6
f 2896/1981/7 970/1980/7 971/1982/7 2895/1983/7
f 2895/1983/8 971/1982/8 972/1984/8 2894/1985/8
f 2894/1985/9 972/1984/9 973/1986/9 2893/1987/9
f 2893/1987/10 973/1986/10 974/1988/10 2892/1989/10
f 2892/1989/11 974/1988/11 975/1990/11 2891/1991/11
f 2891/1991/12 975/1990/12 976/1992/12 2890/1993/12
f 2890/1993/13 976/1992/13 977/1994/13 2889/1995/13
f 2889/1995/14 977/1994/14 978/1996/14 2888/1997/14
f 2888/1997/15 978/1996/15 979/1998/15 2887/1999/15
f 2887/1999/16 979/1998/16 966/234/16 2885/233/16
f 350/158/3 1071/157/3 1084/545/3 352/856/3
f 352/856/4 1084/545/4 1083/547/4 353/858/4
f 353/858/5 1083/547/5 1082/549/5 354/860/5
f 354/860/6 1082/549/6 1081/551/6 355/862/6
f 355/862/7 1081/551/7 1080/553/7 356/864/7
f 356/864/8 1080/553/8 1079/555/8 357/866/8
f 357/866/9 1079/555/9 1078/557/9 358/868/9
f 358/868/10 1078/557/10 1077/559/10 359/870/10
f 359/870/11 1077/559/11 1076/561/11 360/872/11
f 360/872/12 1076/561/12 1075/563/12 361/874/12
f 361/874/13 1075/563/13 1074/565/13 362/876/13
f 362/876/14 1074/565/14 1073/567/14 363/878/14
f 363/878/15 1073/567/15 1072/569/15 364/880/15
f 364/880/16 1072/569/16 1070/467/16 351/226/16
f 365/194/3 1086/193/3 1099/571/3 367/882/3
f 367/882/4 1099/571/4 1098/573/4 368/884/4
f 368/884/5 1098/573/5 1097/575/5 369/886/5
f 369/886/6 1097/575/6 1096/577/6 370/888/6
f 370/888/7 1096/577/7 1095/579/7 371/890/7
f 371/890/8 1095/579/8 1094/581/8 372/892/8
f 372/892/9 1094/581/9 1093/583/9 373/894/9
f 373/894/10 1093/583/10 1092/585/10 374/896/10
f 374/896/11 1092/585/11 1091/587/11 375/898/11
f 375/898/12 1091/587/12 1090/589/12 376/900/12
f 376/900/13 1090/589/13 1089/591/13 377/902/13
f 377/902/14 1089/591/14 1088/593/14 378/904/14
f 378/904/15 1088/593/15 1087/595/15 379/906/15
f 379/906/16 1087/595/16 1085/524/16 366/462/16
f 470/217/3 1191/37/3 1204/597/3 472/908/3
f 472/908/4 1204/597/4 1203/599/4 473/910/4
f 473/910/5 1203/599/5 1202/601/5 474/912/5
f 474/912/6 1202/601/6 1201/603/6 475/914/6
f 475/914/7 1201/603/7 1200/605/7 476/916/7
f 476/916/8 1200/605/8 1199/607/8 477/918/8
f 477/918/9 1199/607/9 1198/609/9 478/920/9
f 478/920/10 1198/609/10 1197/611/10 479/922/10
f 479/922/11 1197/611/11 1196/613/11 480/924/11
f 480/924/12 1196/613/12 1195/615/12 481/926/12
f 481/926/13 1195/615/13 1194/617/13 482/928/13
f 482/928/14 1194/617/14 1193/619/14 483/930/14
f 483/930/15 1193/619/15 1192/621/15 484/932/15
f 484/932/16 1192/621/16 1190/488/16 471/146/16
f 485/206/3 1206/205/3 1219/623/3 487/934/3
f 487/934/4 1219/623/4 1218/625/4 488/936/4
f 488/936/5 1218/625/5 1217/627/5 489/938/5
f 489/938/6 1217/627/6 1216/629/6 490/940/6
f 490/940/7 1216/629/7 1215/631/7 491/942/7
f 491/942/8 1215/631/8 1214/633/8 492/944/8
f 492/944/9 1214/633/9 1213/635/9 493/946/9
f 493/946/10 1213/635/10 1212/637/10 494/948/10
f 494/948/11 1212/637/11 1211/639/11 495/950/11
f 495/950/12 1211/639/12 1210/641/12 496/952/12
f 496/952/13 1210/641/13 1209/643/13 497/954/13
f 497/954/14 1209/643/14 1208/645/14 498/956/14
f 498/956/15 1208/645/15 1207/647/15 499/958/15
f 499/958/16 1207/647/16 1205/530/16 486/480/16
f 530/182/3 1251/181/3 1264/649/3 532/960/3
f 532/960/4 1264/649/4 1263/651/4 533/962/4
f 533/962/5 1263/651/5 1262/653/5 534/964/5
f 534/964/6 1262/653/6 1261/655/6 535/966/6
f 535/966/7 1261/655/7 1260/657/7 536/968/7
f 536/968/8 1260/657/8 1259/659/8 537/970/8
f 537/970/9 1259/659/9 1258/661/9 538/972/9
f 538/972/10 1258/661/10 1257/663/10 539/974/10
f 539/974/11 1257/663/11 1256/665/11 540/976/11
f 540/976/12 1256/665/12 1255/667/12 541/978/12
f 541/978/13 1255/667/13 1254/669/13 542/980/13
f 542/980/14 1254/669/14 1253/671/14 543/982/14
f 543/982/15 1253/671/15 1252/673/15 544/984/15
f 544/984/16 1252/673/16 1250/49/16 531/192/16
f 545/170/3 1266/169/3 1279/675/3 547/986/3
f 547/986/4 1279/675/4 1278/677/4 548/988/4
f 548/988/5 1278/677/5 1277/679/5 549/990/5
f 549/990/6 1277/679/6 1276/681/6 550/992/6
f 550/992/7 1276/681/7 1275/683/7 551/994/7
f 551/994/8 1275/683/8 1274/685/8 552/996/8
f 552/996/9 1274/685/9 1273/687/9 553/998/9
f 553/998/10 1273/687/10 1272/689/10 554/1000/10
f 554/1000/11 1272/689/11 1271/691/11 555/1002/11
f 555/1002/12 1271/691/12 1270/693/12 556/1004/12
f 556/1004/13 1270/693/13 1269/695/13 557/1006/13
f 557/1006/14 1269/695/14 1268/697/14 558/1008/14
f 558/1008/15 1268/697/15 1267/699/15 559/1010/15
f 559/1010/16 1267/699/16 1265/512/16 546/344/16
f 590/147/3 1311/10/3 1324/701/3 592/1012/3
f 592/1012/4 1324/701/4 1323/703/4 593/1014/4
f 593/1014/5 1323/703/5 1322/705/5 594/1016/5
f 594/1016/6 1322/705/6 1321/707/6 595/1018/6
f 595/1018/7 1321/707/7 1320/709/7 596/1020/7
f 596/1020/8 1320/709/8 1319/711/8 597/1022/8
f 597/1022/9 1319/711/9 1318/713/9 598/1024/9
f 598/1024/10 1318/713/10 1317/715/10 599/1026/10
f 599/1026/11 1317/715/11 1316/717/11 600/1028/11
f 600/1028/12 1316/717/12 1315/719/12 601/1030/12
f 601/1030/13 1315/719/13 1314/721/13 602/1032/13
f 602/1032/14 1314/721/14 1313/723/14 603/1034/14
f 603/1034/15 1313/723/15 1312/725/15 604/1036/15
f 604/1036/16 1312/725/16 1310/403/16 591/156/16
f 605/136/3 1326/135/3 1339/727/3 607/1038/3
f 607/1038/4 1339/727/4 1338/729/4 608/1040/4
f 608/1040/5 1338/729/5 1337/731/5 609/1042/5
f 609/1042/6 1337/731/6 1336/733/6 610/1044/6
f 610/1044/7 1336/733/7 1335/735/7 611/1046/7
f 611/1046/8 1335/735/8 1334/737/8 612/1048/8
f 612/1048/9 1334/737/9 1333/739/9 613/1050/9
f 613/1050/10 1333/739/10 1332/741/10 614/1052/10
f 614/1052/11 1332/741/11 1331/743/11 615/1054/11
f 615/1054/12 1331/743/12 1330/745/12 616/1056/12
f 616/1056/13 1330/745/13 1329/747/13 617/1058/13
f 617/1058/14 1329/747/14 1328/749/14 618/1060/14
f 618/1060/15 1328/749/15 1327/751/15 619/1062/15
f 619/1062/16 1327/751/16 1325/23/16 606/398/16
f 650/112/3 1371/111/3 1384/753/3 652/1064/3
f 652/1064/4 1384/753/4 1383/755/4 653/1066/4
f 653/1066/5 1383/755/5 1382/757/5 654/1068/5
f 654/1068/6 1382/757/6 1381/759/6 655/1070/6
f 655/1070/7 1381/759/7 1380/761/7 656/1072/7
f 656/1072/8 1380/761/8 1379/763/8 657/1074/8
f 657/1074/9 1379/763/9 1378/765/9 658/1076/9
f 658/1076/10 1378/765/10 1377/767/10 659/1078/10
f 659/1078/11 1377/767/11 1376/769/11 660/1080/11
f 660/1080/12 1376/769/12 1375/771/12 661/1082/12
f 661/1082/13 1375/771/13 1374/773/13 662/1084/13
f 662/1084/14 1374/773/14 1373/775/14 663/1086/14
f 663/1086/15 1373/775/15 1372/777/15 664/1088/15
f 664/1088/16 1372/777/16 1370/449/16 651/122/16
f 665/100/3 1386/99/3 1399/779/3 667/1090/3
f 667/1090/4 1399/779/4 1398/781/4 668/1092/4
f 668/1092/5 1398/781/5 1397/783/5 669/1094/5
f 669/1094/6 1397/783/6 1396/785/6 670/1096/6
f 670/1096/7 1396/785/7 1395/787/7 671/1098/7
f 671/1098/8 1395/787/8 1394/789/8 672/1100/8
f 672/1100/9 1394/789/9 1393/791/9 673/1102/9
f 673/1102/10 1393/791/10 1392/793/10 674/1104/10
f 674/1104/11 1392/793/11 1391/795/11 675/1106/11
f 675/1106/12 1391/795/12 1390/797/12 676/1108/12
f 676/1108/13 1390/797/13 1389/799/13 677/1110/13
f 677/1110/14 1389/799/14 1388/801/14 678/1112/14
f 678/1112/15 1388/801/15 1387/803/15 679/1114/15
f 679/1114/16 1387/803/16 1385/35/16 666/444/16
f 710/76/3 1431/75/3 1444/805/3 712/1116/3
f 712/1116/4 1444/805/4 1443/807/4 713/1118/4
f 713/1118/5 1443/807/5 1442/809/5 714/1120/5
f 714/1120/6 1442/809/6 1441/811/6 715/1122/6
f 715/1122/7 1441/811/7 1440/813/7 716/1124/7
f 716/1124/8 1440/813/8 1439/815/8 717/1126/8
f 717/1126/9 1439/815/9 1438/817/9 718/1128/9
f 718/1128/10 1438/817/10 1437/819/10 719/1130/10
f 719/1130/11 1437/819/11 1436/821/11 720/1132/11
f 720/1132/12 1436/821/12 1435/823/12 721/1134/12
f 721/1134/13 1435/823/13 1434/825/13 722/1136/13
f 722/1136/14 1434/825/14 1433/827/14 723/1138/14
f 723/1138/15 1433/827/15 1432/829/15 724/1140/15
f 724/1140/16 1432/829/16 1430/322/16 711/86/16
f 725/64/3 1446/63/3 1459/831/3 727/1142/3
f 727/1142/4 1459/831/4 1458/833/4 728/1144/4
f 728/1144/5 1458/833/5 1457/835/5 729/1146/5
f 729/1146/6 1457/835/6 1456/837/6 730/1148/6
f 730/1148/7 1456/837/7 1455/839/7 731/1150/7
f 731/1150/8 1455/839/8 1454/841/8 732/1152/8
f 732/1152/9 1454/841/9 1453/843/9 733/1154/9
f 733/1154/10 1453/843/10 1452/845/10 734/1156/10
f 734/1156/11 1452/845/11 1451/847/11 735/1158/11
f 735/1158/12 1451/847/12 1450/849/12 736/1160/12
f 736/1160/13 1450/849/13 1449/851/13 737/1162/13
f 737/1162/14 1449/851/14 1448/853/14 738/1164/14
f 738/1164/15 1448/853/15 1447/855/15 739/1166/15
f 739/1166/16 1447/855/16 1445/45/16 726/494/16
f 170/30/3 1551/29/3 1564/857/3 172/596/3
f 172/596/4 1564/857/4 1563/859/4 173/598/4
f 173/598/5 1563/859/5 1562/861/5 174/600/5
f 174/600/6 1562/861/6 1561/863/6 175/602/6
f 175/602/7 1561/863/7 1560/865/7 176/604/7
f 176/604/8 1560/865/8 1559/867/8 177/606/8
f 177/606/9 1559/867/9 1558/869/9 178/608/9
f 178/608/10 1558/869/10 1557/871/10 179/610/10
f 179/610/11 1557/871/11 1556/873/11 180/612/11
f 180/612/12 1556/873/12 1555/875/12 181/614/12
f 181/614/13 1555/875/13 1554/877/13 182/616/13
f 182/616/14 1554/877/14 1553/879/14 183/618/14
f 183/618/15 1553/879/15 1552/881/15 184/620/15
f 184/620/16 1552/881/16 1550/225/16 171/312/16
f 185/18/3 1566/17/3 1579/883/3 187/622/3
f 187/622/4 1579/883/4 1578/885/4 188/624/4
f 188/624/5 1578/885/5 1577/887/5 189/626/5
f 189/626/6 1577/887/6 1576/889/6 190/628/6
f 190/628/7 1576/889/7 1575/891/7 191/630/7
f 191/630/8 1575/891/8 1574/893/8 192/632/8
f 192/632/9 1574/893/9 1573/895/9 193/634/9
f 193/634/10 1573/895/10 1572/897/10 194/636/10
f 194/636/11 1572/897/11 1571/899/11 195/638/11
f 195/638/12 1571/899/12 1570/901/12 196/640/12
f 196/640/13 1570/901/13 1569/903/13 197/642/13
f 197/642/14 1569/903/14 1568/905/14 198/644/14
f 198/644/15 1568/905/15 1567/907/15 199/646/15
f 199/646/16 1567/907/16 1565/334/16 186/333/16
f 65/353/3 1671/489/3 1684/909/3 67/570/3
f 67/570/4 1684/909/4 1683/911/4 68/572/4
f 68/572/5 1683/911/5 1682/913/5 69/574/5
f 69/574/6 1682/913/6 1681/915/6 70/576/6
f 70/576/7 1681/915/7 1680/917/7 71/578/7
f 71/578/8 1680/917/8 1679/919/8 72/580/8
f 72/580/9 1679/919/9 1678/921/9 73/582/9
f 73/582/10 1678/921/10 1677/923/10 74/584/10
f 74/584/11 1677/923/11 1676/925/11 75/586/11
f 75/586/12 1676/925/12 1675/927/12 76/588/12
f 76/588/13 1675/927/13 1674/929/13 77/590/13
f 77/590/14 1674/929/14 1673/931/14 78/592/14
f 78/592/15 1673/931/15 1672/933/15 79/594/15
f 79/594/16 1672/933/16 1670/145/16 66/482/16
f 50/14/3 1686/13/3 1699/935/3 52/2000/3
f 52/2000/4 1699/935/4 1698/937/4 53/2001/4
f 53/2001/5 1698/937/5 1697/939/5 54/2002/5
f 54/2002/6 1697/939/6 1696/941/6 55/2003/6
f 55/2003/7 1696/941/7 1695/943/7 56/2004/7
f 56/2004/8 1695/943/8 1694/945/8 57/2005/8
f 57/2005/9 1694/945/9 1693/947/9 58/2006/9
f 58/2006/10 1693/947/10 1692/949/10 59/2007/10
f 59/2007/11 1692/949/11 1691/951/11 60/2008/11
f 60/2008/12 1691/951/12 1690/953/12 61/2009/12
f 61/2009/13 1690/953/13 1689/955/13 62/2010/13
f 62/2010/14 1689/955/14 1688/957/14 63/2011/14
f 63/2011/15 1688/957/15 1687/959/15 64/2012/15
f 64/2012/16 1687/959/16 1685/408/16 51/407/16
f 200/328/3 1731/327/3 1744/961/3 202/674/3
f 202/674/4 1744/961/4 1743/963/4 203/676/4
f 203/676/5 1743/963/5 1742/965/5 204/678/5
f 204/678/6 1742/965/6 1741/967/6 205/680/6
f 205/680/7 1741/967/7 1740/969/7 206/682/7
f 206/682/8 1740/969/8 1739/971/8 207/684/8
f 207/684/9 1739/971/9 1738/973/9 208/686/9
f 208/686/10 1738/973/10 1737/975/10 209/688/10
f 209/688/11 1737/975/11 1736/977/11 210/690/11
f 210/690/12 1736/977/12 1735/979/12 211/692/12
f 211/692/13 1735/979/13 1734/981/13 212/694/13
f 212/694/14 1734/981/14 1733/983/14 213/696/14
f 213/696/15 1733/983/15 1732/985/15 214/698/15
f 214/698/16 1732/985/16 1730/191/16 201/346/16
f 125/26/3 1746/25/3 1759/987/3 127/2013/3
f 127/2013/4 1759/987/4 1758/989/4 128/2014/4
f 128/2014/5 1758/989/5 1757/991/5 129/2015/5
f 129/2015/6 1757/991/6 1756/993/6 130/2016/6
f 130/2016/7 1756/993/7 1755/995/7 131/2017/7
f 131/2017/8 1755/995/8 1754/997/8 132/2018/8
f 132/2018/9 1754/997/9 1753/999/9 133/2019/9
f 133/2019/10 1753/999/10 1752/1001/10 134/2020/10
f 134/2020/11 1752/1001/11 1751/1003/11 135/2021/11
f 135/2021/12 1751/1003/12 1750/1005/12 136/2022/12
f 136/2022/13 1750/1005/13 1749/1007/13 137/2023/13
f 137/2023/14 1749/1007/14 1748/1009/14 138/2024/14
f 138/2024/15 1748/1009/15 1747/1011/15 139/2025/15
f 139/2025/16 1747/1011/16 1745/343/16 126/470/16
f 215/306/3 1791/305/3 1804/1013/3 217/726/3
f 217/726/4 1804/1013/4 1803/1015/4 218/728/4
f 218/728/5 1803/1015/5 1802/1017/5 219/730/5
f 219/730/6 1802/1017/6 1801/1019/6 220/732/6
f 220/732/7 1801/1019/7 1800/1021/7 221/734/7
f 221/734/8 1800/1021/8 1799/1023/8 222/736/8
f 222/736/9 1799/1023/9 1798/1025/9 223/738/9
f 223/738/10 1798/1025/10 1797/1027/10 224/740/10
f 224/740/11 1797/1027/11 1796/1029/11 225/742/11
f 225/742/12 1796/1029/12 1795/1031/12 226/744/12
f 226/744/13 1795/1031/13 1794/1033/13 227/746/13
f 227/746/14 1794/1033/14 1793/1035/14 228/748/14
f 228/748/15 1793/1035/15 1792/1037/15 229/750/15
f 229/750/16 1792/1037/16 1790/155/16 216/24/16
f 155/351/3 1806/309/3 1819/1039/3 157/648/3
f 157/648/4 1819/1039/4 1818/1041/4 158/650/4
f 158/650/5 1818/1041/5 1817/1043/5 159/652/5
f 159/652/6 1817/1043/6 1816/1045/6 160/654/6
f 160/654/7 1816/1045/7 1815/1047/7 161/656/7
f 161/656/8 1815/1047/8 1814/1049/8 162/658/8
f 162/658/9 1814/1049/9 1813/1051/9 163/660/9
f 163/660/10 1813/1051/10 1812/1053/10 164/662/10
f 164/662/11 1812/1053/11 1811/1055/11 165/664/11
f 165/664/12 1811/1055/12 1810/1057/12 166/666/12
f 166/666/13 1810/1057/13 1809/1059/13 167/668/13
f 167/668/14 1809/1059/14 1808/1061/14 168/670/14
f 168/670/15 1808/1061/15 1807/1063/15 169/672/15
f 169/672/16 1807/1063/16 1805/300/16 156/50/16
f 230/284/3 1851/283/3 1864/1065/3 232/778/3
f 232/778/4 1864/1065/4 1863/1067/4 233/780/4
f 233/780/5 1863/1067/5 1862/1069/5 234/782/5
f 234/782/6 1862/1069/6 1861/1071/6 235/784/6
f 235/784/7 1861/1071/7 1860/1073/7 236/786/7
f 236/786/8 1860/1073/8 1859/1075/8 237/788/8
f 237/788/9 1859/1075/9 1858/1077/9 238/790/9
f 238/790/10 1858/1077/10 1857/1079/10 239/792/10
f 239/792/11 1857/1079/11 1856/1081/11 240/794/11
f 240/794/12 1856/1081/12 1855/1083/12 241/796/12
f 241/796/13 1855/1083/13 1854/1085/13 242/798/13
f 242/798/14 1854/1085/14 1853/1087/14 243/800/14
f 243/800/15 1853/1087/15 1852/1089/15 244/802/15
f 244/802/16 1852/1089/16 1850/121/16 231/36/16
f 140/499/3 1866/287/3 1879/1091/3 142/804/3
f 142/804/4 1879/1091/4 1878/1093/4 143/806/4
f 143/806/5 1878/1093/5 1877/1095/5 144/808/5
f 144/808/6 1877/1095/6 1876/1097/6 145/810/6
f 145/810/7 1876/1097/7 1875/1099/7 146/812/7
f 146/812/8 1875/1099/8 1874/1101/8 147/814/8
f 147/814/9 1874/1101/9 1873/1103/9 148/816/9
f 148/816/10 1873/1103/10 1872/1105/10 149/818/10
f 149/818/11 1872/1105/11 1871/1107/11 150/820/11
f 150/820/12 1871/1107/12 1870/1109/12 151/822/12
f 151/822/13 1870/1109/13 1869/1111/13 152/824/13
f 152/824/14 1869/1111/14 1868/1113/14 153/826/14
f 153/826/15 1868/1113/15 1867/1115/15 154/828/15
f 154/828/16 1867/1115/16 1865/278/16 141/277/16
f 245/260/3 1911/259/3 1924/1117/3 247/830/3
f 247/830/4 1924/1117/4 1923/1119/4 248/832/4
f 248/832/5 1923/1119/5 1922/1121/5 249/834/5
f 249/834/6 1922/1121/6 1921/1123/6 250/836/6
f 250/836/7 1921/1123/7 1920/1125/7 251/838/7
f 251/838/8 1920/1125/8 1919/1127/8 252/840/8
f 252/840/9 1919/1127/9 1918/1129/9 253/842/9
f 253/842/10 1918/1129/10 1917/1131/10 254/844/10
f 254/844/11 1917/1131/11 1916/1133/11 255/846/11
f 255/846/12 1916/1133/12 1915/1135/12 256/848/12
f 256/848/13 1915/1135/13 1914/1137/13 257/850/13
f 257/850/14 1914/1137/14 1913/1139/14 258/852/14
f 258/852/15 1913/1139/15 1912/1141/15 259/854/15
f 259/854/16 1912/1141/16 1910/85/16 246/46/16
f 95/60/3 1926/59/3 1939/1143/3 97/2026/3
f 97/2026/4 1939/1143/4 1938/1145/4 98/2027/4
f 98/2027/5 1938/1145/5 1937/1147/5 99/2028/5
f 99/2028/6 1937/1147/6 1936/1149/6 100/2029/6
f 100/2029/7 1936/1149/7 1935/1151/7 101/2030/7
f 101/2030/8 1935/1151/8 1934/1153/8 102/2031/8
f 102/2031/9 1934/1153/9 1933/1155/9 103/2032/9
f 103/2032/10 1933/1155/10 1932/1157/10 104/2033/10
f 104/2033/11 1932/1157/11 1931/1159/11 105/2034/11
f 105/2034/12 1931/1159/12 1930/1161/12 106/2035/12
f 106/2035/13 1930/1161/13 1929/1163/13 107/2036/13
f 107/2036/14 1929/1163/14 1928/1165/14 108/2037/14
f 108/2037/15 1928/1165/15 1927/1167/15 109/2038/15
f 109/2038/16 1927/1167/16 1925/430/16 96/429/16
f 740/519/3 1971/526/3 1984/1169/3 742/1194/3
f 742/1194/4 1984/1169/4 1983/1171/4 743/1196/4
f 743/1196/5 1983/1171/5 1982/1173/5 744/1198/5
f 744/1198/6 1982/1173/6 1981/1175/6 745/1200/6
f 745/1200/7 1981/1175/7 1980/1177/7 746/1202/7
f 746/1202/8 1980/1177/8 1979/1179/8 747/1204/8
f 747/1204/9 1979/1179/9 1978/1181/9 748/1206/9
f 748/1206/10 1978/1181/10 1977/1183/10 749/1208/10
f 749/1208/11 1977/1183/11 1976/1185/11 750/1210/11
f 750/1210/12 1976/1185/12 1975/1187/12 751/1212/12
f 751/1212/13 1975/1187/13 1974/1189/13 752/1214/13
f 752/1214/14 1974/1189/14 1973/1191/14 753/1216/14
f 753/1216/15 1973/1191/15 1972/1193/15 754/1218/15
f 754/1218/16 1972/1193/16 1970/97/16 741/252/16
f 395/72/3 1986/71/3 1999/1195/3 397/2039/3
f 397/2039/4 1999/1195/4 1998/1197/4 398/2040/4
f 398/2040/5 1998/1197/5 1997/1199/5 399/2041/5
f 399/2041/6 1997/1199/6 1996/1201/6 400/2042/6
f 400/2042/7 1996/1201/7 1995/1203/7 401/2043/7
f 401/2043/8 1995/1203/8 1994/1205/8 402/2044/8
f 402/2044/9 1994/1205/9 1993/1207/9 403/2045/9
f 403/2045/10 1993/1207/10 1992/1209/10 404/2046/10
f 404/2046/11 1992/1209/11 1991/1211/11 405/2047/11
f 405/2047/12 1991/1211/12 1990/1213/12 406/2048/12
f 406/2048/13 1990/1213/13 1989/1215/13 407/2049/13
f 407/2049/14 1989/1215/14 1988/1217/14 408/2050/14
f 408/2050/15 1988/1217/15 1987/1219/15 409/2051/15
f 409/2051/16 1987/1219/16 1985/251/16 396/400/16
f 755/503/3 2031/514/3 2044/1221/3 757/1246/3
f 757/1246/4 2044/1221/4 2043/1223/4 758/1248/4
f 758/1248/5 2043/1223/5 2042/1225/5 759/1250/5
f 759/1250/6 2042/1225/6 2041/1227/6 760/1252/6
f 760/1252/7 2041/1227/7 2040/1229/7 761/1254/7
f 761/1254/8 2040/1229/8 2039/1231/8 762/1256/8
f 762/1256/9 2039/1231/9 2038/1233/9 763/1258/9
f 763/1258/10 2038/1233/10 2037/1235/10 764/1260/10
f 764/1260/11 2037/1235/11 2036/1237/11 765/1262/11
f 765/1262/12 2036/1237/12 2035/1239/12 766/1264/12
f 766/1264/13 2035/1239/13 2034/1241/13 767/1266/13
f 767/1266/14 2034/1241/14 2033/1243/14 768/1268/14
f 768/1268/15 2033/1243/15 2032/1245/15 769/1270/15
f 769/1270/16 2032/1245/16 2030/518/16 756/70/16
f 695/525/3 2046/504/3 2059/1247/3 697/1168/3
f 697/1168/4 2059/1247/4 2058/1249/4 698/1170/4
f 698/1170/5 2058/1249/5 2057/1251/5 699/1172/5
f 699/1172/6 2057/1251/6 2056/1253/6 700/1174/6
f 700/1174/7 2056/1253/7 2055/1255/7 701/1176/7
f 701/1176/8 2055/1255/8 2054/1257/8 702/1178/8
f 702/1178/9 2054/1257/9 2053/1259/9 703/1180/9
f 703/1180/10 2053/1259/10 2052/1261/10 704/1182/10
f 704/1182/11 2052/1261/11 2051/1263/11 705/1184/11
f 705/1184/12 2051/1263/12 2050/1265/12 706/1186/12
f 706/1186/13 2050/1265/13 2049/1267/13 707/1188/13
f 707/1188/14 2049/1267/14 2048/1269/14 708/1190/14
f 708/1190/15 2048/1269/15 2047/1271/15 709/1192/15
f 709/1192/16 2047/1271/16 2045/69/16 696/98/16
f 770/491/3 2091/496/3 2104/1273/3 772/1298/3
f 772/1298/4 2104/1273/4 2103/1275/4 773/1300/4
f 773/1300/5 2103/1275/5 2102/1277/5 774/1302/5
f 774/1302/6 2102/1277/6 2101/1279/6 775/1304/6
f 775/1304/7 2101/1279/7 2100/1281/7 776/1306/7
f 776/1306/8 2100/1281/8 2099/1283/8 777/1308/8
f 777/1308/9 2099/1283/9 2098/1285/9 778/1310/9
f 778/1310/10 2098/1285/10 2097/1287/10 779/1312/10
f 779/1312/11 2097/1287/11 2096/1289/11 780/1314/11
f 780/1314/12 2096/1289/12 2095/1291/12 781/1316/12
f 781/1316/13 2095/1291/13 2094/1293/13 782/1318/13
f 782/1318/14 2094/1293/14 2093/1295/14 783/1320/14
f 783/1320/15 2093/1295/15 2092/1297/15 784/1322/15
f 784/1322/16 2092/1297/16 2090/502/16 771/82/16
f 680/255/3 2106/265/3 2119/1299/3 682/1948/3
f 682/1948/4 2119/1299/4 2118/1301/4 683/1950/4
f 683/1950/5 2118/1301/5 2117/1303/5 684/1952/5
f 684/1952/6 2117/1303/6 2116/1305/6 685/1954/6
f 685/1954/7 2116/1305/7 2115/1307/7 686/1956/7
f 686/1956/8 2115/1307/8 2114/1309/8 687/1958/8
f 687/1958/9 2114/1309/9 2113/1311/9 688/1960/9
f 688/1960/10 2113/1311/10 2112/1313/10 689/1962/10
f 689/1962/11 2112/1313/11 2111/1315/11 690/1964/11
f 690/1964/12 2111/1315/12 2110/1317/12 691/1966/12
f 691/1966/13 2110/1317/13 2109/1319/13 692/1968/13
f 692/1968/14 2109/1319/14 2108/1321/14 693/1970/14
f 693/1970/15 2108/1321/15 2107/1323/15 694/1972/15
f 694/1972/16 2107/1323/16 2105/81/16 681/274/16
f 785/475/3 2151/484/3 2164/1325/3 787/1350/3
f 787/1350/4 2164/1325/4 2163/1327/4 788/1352/4
f 788/1352/5 2163/1327/5 2162/1329/5 789/1354/5
f 789/1354/6 2162/1329/6 2161/1331/6 790/1356/6
f 790/1356/7 2161/1331/7 2160/1333/7 791/1358/7
f 791/1358/8 2160/1333/8 2159/1335/8 792/1360/8
f 792/1360/9 2159/1335/9 2158/1337/9 793/1362/9
f 793/1362/10 2158/1337/10 2157/1339/10 794/1364/10
f 794/1364/11 2157/1339/11 2156/1341/11 795/1366/11
f 795/1366/12 2156/1341/12 2155/1343/12 796/1368/12
f 796/1368/13 2155/1343/13 2154/1345/13 797/1370/13
f 797/1370/14 2154/1345/14 2153/1347/14 798/1372/14
f 798/1372/15 2153/1347/15 2152/1349/15 799/1374/15
f 799/1374/16 2152/1349/16 2150/133/16 786/94/16
f 440/513/3 2166/476/3 2179/1351/3 442/1220/3
f 442/1220/4 2179/1351/4 2178/1353/4 443/1222/4
f 443/1222/5 2178/1353/5 2177/1355/5 444/1224/5
f 444/1224/6 2177/1355/6 2176/1357/6 445/1226/6
f 445/1226/7 2176/1357/7 2175/1359/7 446/1228/7
f 446/1228/8 2175/1359/8 2174/1361/8 447/1230/8
f 447/1230/9 2174/1361/9 2173/1363/9 448/1232/9
f 448/1232/10 2173/1363/10 2172/1365/10 449/1234/10
f 449/1234/11 2172/1365/11 2171/1367/11 450/1236/11
f 450/1236/12 2171/1367/12 2170/1369/12 451/1238/12
f 451/1238/13 2170/1369/13 2169/1371/13 452/1240/13
f 452/1240/14 2169/1371/14 2168/1373/14 453/1242/14
f 453/1242/15 2168/1373/15 2167/1375/15 454/1244/15
f 454/1244/16 2167/1375/16 2165/93/16 441/536/16
f 800/457/3 2211/537/3 2224/1377/3 802/1402/3
f 802/1402/4 2224/1377/4 2223/1379/4 803/1404/4
f 803/1404/5 2223/1379/5 2222/1381/5 804/1406/5
f 804/1406/6 2222/1381/6 2221/1383/6 805/1408/6
f 805/1408/7 2221/1383/7 2220/1385/7 806/1410/7
f 806/1410/8 2220/1385/8 2219/1387/8 807/1412/8
f 807/1412/9 2219/1387/9 2218/1389/9 808/1414/9
f 808/1414/10 2218/1389/10 2217/1391/10 809/1416/10
f 809/1416/11 2217/1391/11 2216/1393/11 810/1418/11
f 810/1418/12 2216/1393/12 2215/1395/12 811/1420/12
f 811/1420/13 2215/1395/13 2214/1397/13 812/1422/13
f 812/1422/14 2214/1397/14 2213/1399/14 813/1424/14
f 813/1424/15 2213/1399/15 2212/1401/15 814/1426/15
f 814/1426/16 2212/1401/16 2210/473/16 801/106/16
f 635/483/3 2226/458/3 2239/1403/3 637/1324/3
f 637/1324/4 2239/1403/4 2238/1405/4 638/1326/4
f 638/1326/5 2238/1405/5 2237/1407/5 639/1328/5
f 639/1328/6 2237/1407/6 2236/1409/6 640/1330/6
f 640/1330/7 2236/1409/7 2235/1411/7 641/1332/7
f 641/1332/8 2235/1411/8 2234/1413/8 642/1334/8
f 642/1334/9 2234/1413/9 2233/1415/9 643/1336/9
f 643/1336/10 2233/1415/10 2232/1417/10 644/1338/10
f 644/1338/11 2232/1417/11 2231/1419/11 645/1340/11
f 645/1340/12 2231/1419/12 2230/1421/12 646/1342/12
f 646/1342/13 2230/1421/13 2229/1423/13 647/1344/13
f 647/1344/14 2229/1423/14 2228/1425/14 648/1346/14
f 648/1346/15 2228/1425/15 2227/1427/15 649/1348/15
f 649/1348/16 2227/1427/16 2225/105/16 636/134/16
f 815/441/3 2271/532/3 2284/1429/3 817/1454/3
f 817/1454/4 2284/1429/4 2283/1431/4 818/1456/4
f 818/1456/5 2283/1431/5 2282/1433/5 819/1458/5
f 819/1458/6 2282/1433/6 2281/1435/6 820/1460/6
f 820/1460/7 2281/1435/7 2280/1437/7 821/1462/7
f 821/1462/8 2280/1437/8 2279/1439/8 822/1464/8
f 822/1464/9 2279/1439/9 2278/1441/9 823/1466/9
f 823/1466/10 2278/1441/10 2277/1443/10 824/1468/10
f 824/1468/11 2277/1443/11 2276/1445/11 825/1470/11
f 825/1470/12 2276/1445/12 2275/1447/12 826/1472/12
f 826/1472/13 2275/1447/13 2274/1449/13 827/1474/13
f 827/1474/14 2274/1449/14 2273/1451/14 828/1476/14
f 828/1476/15 2273/1451/15 2272/1453/15 829/1478/15
f 829/1478/16 2272/1453/16 2270/455/16 816/118/16
f 620/279/3 2286/289/3 2299/1455/3 622/1896/3
f 622/1896/4 2299/1455/4 2298/1457/4 623/1898/4
f 623/1898/5 2298/1457/5 2297/1459/5 624/1900/5
f 624/1900/6 2297/1459/6 2296/1461/6 625/1902/6
f 625/1902/7 2296/1461/7 2295/1463/7 626/1904/7
f 626/1904/8 2295/1463/8 2294/1465/8 627/1906/8
f 627/1906/9 2294/1465/9 2293/1467/9 628/1908/9
f 628/1908/10 2293/1467/10 2292/1469/10 629/1910/10
f 629/1910/11 2292/1469/11 2291/1471/11 630/1912/11
f 630/1912/12 2291/1471/12 2290/1473/12 631/1914/12
f 631/1914/13 2290/1473/13 2289/1475/13 632/1916/13
f 632/1916/14 2289/1475/14 2288/1477/14 633/1918/14
f 633/1918/15 2288/1477/15 2287/1479/15 634/1920/15
f 634/1920/16 2287/1479/16 2285/117/16 621/298/16
f 830/435/3 2331/438/3 2344/1481/3 832/1506/3
f 832/1506/4 2344/1481/4 2343/1483/4 833/1508/4
f 833/1508/5 2343/1483/5 2342/1485/5 834/1510/5
f 834/1510/6 2342/1485/6 2341/1487/6 835/1512/6
f 835/1512/7 2341/1487/7 2340/1489/7 836/1514/7
f 836/1514/8 2340/1489/8 2339/1491/8 837/1516/8
f 837/1516/9 2339/1491/9 2338/1493/9 838/1518/9
f 838/1518/10 2338/1493/10 2337/1495/10 839/1520/10
f 839/1520/11 2337/1495/11 2336/1497/11 840/1522/11
f 840/1522/12 2336/1497/12 2335/1499/12 841/1524/12
f 841/1524/13 2335/1499/13 2334/1501/13 842/1526/13
f 842/1526/14 2334/1501/14 2333/1503/14 843/1528/14
f 843/1528/15 2333/1503/15 2332/1505/15 844/1530/15
f 844/1530/16 2332/1505/16 2330/167/16 831/130/16
f 455/365/3 2346/377/3 2359/1507/3 457/1688/3
f 457/1688/4 2359/1507/4 2358/1509/4 458/1690/4
f 458/1690/5 2358/1509/5 2357/1511/5 459/1692/5
f 459/1692/6 2357/1511/6 2356/1513/6 460/1694/6
f 460/1694/7 2356/1513/7 2355/1515/7 461/1696/7
f 461/1696/8 2355/1515/8 2354/1517/8 462/1698/8
f 462/1698/9 2354/1517/9 2353/1519/9 463/1700/9
f 463/1700/10 2353/1519/10 2352/1521/10 464/1702/10
f 464/1702/11 2352/1521/11 2351/1523/11 465/1704/11
f 465/1704/12 2351/1523/12 2350/1525/12 466/1706/12
f 466/1706/13 2350/1525/13 2349/1527/13 467/1708/13
f 467/1708/14 2349/1527/14 2348/1529/14 468/1710/14
f 468/1710/15 2348/1529/15 2347/1531/15 469/1712/15
f 469/1712/16 2347/1531/16 2345/129/16 456/110/16
f 845/413/3 2391/56/3 2404/1533/3 847/1558/3
f 847/1558/4 2404/1533/4 2403/1535/4 848/1560/4
f 848/1560/5 2403/1535/5 2402/1537/5 849/1562/5
f 849/1562/6 2402/1537/6 2401/1539/6 850/1564/6
f 850/1564/7 2401/1539/7 2400/1541/7 851/1566/7
f 851/1566/8 2400/1541/8 2399/1543/8 852/1568/8
f 852/1568/9 2399/1543/9 2398/1545/9 853/1570/9
f 853/1570/10 2398/1545/10 2397/1547/10 854/1572/10
f 854/1572/11 2397/1547/11 2396/1549/11 855/1574/11
f 855/1574/12 2396/1549/12 2395/1551/12 856/1576/12
f 856/1576/13 2395/1551/13 2394/1553/13 857/1578/13
f 857/1578/14 2394/1553/14 2393/1555/14 858/1580/14
f 858/1580/15 2393/1555/15 2392/1557/15 859/1582/15
f 859/1582/16 2392/1557/16 2390/433/16 846/142/16
f 575/437/3 2406/414/3 2419/1559/3 577/1480/3
f 577/1480/4 2419/1559/4 2418/1561/4 578/1482/4
f 578/1482/5 2418/1561/5 2417/1563/5 579/1484/5
f 579/1484/6 2417/1563/6 2416/1565/6 580/1486/6
f 580/1486/7 2416/1565/7 2415/1567/7 581/1488/7
f 581/1488/8 2415/1567/8 2414/1569/8 582/1490/8
f 582/1490/9 2414/1569/9 2413/1571/9 583/1492/9
f 583/1492/10 2413/1571/10 2412/1573/10 584/1494/10
f 584/1494/11 2412/1573/11 2411/1575/11 585/1496/11
f 585/1496/12 2411/1575/12 2410/1577/12 586/1498/12
f 586/1498/13 2410/1577/13 2409/1579/13 587/1500/13
f 587/1500/14 2409/1579/14 2408/1581/14 588/1502/14
f 588/1502/15 2408/1581/15 2407/1583/15 589/1504/15
f 589/1504/16 2407/1583/16 2405/141/16 576/168/16
f 860/395/3 2451/508/3 2464/1585/3 862/1610/3
f 862/1610/4 2464/1585/4 2463/1587/4 863/1612/4
f 863/1612/5 2463/1587/5 2462/1589/5 864/1614/5
f 864/1614/6 2462/1589/6 2461/1591/6 865/1616/6
f 865/1616/7 2461/1591/7 2460/1593/7 866/1618/7
f 866/1618/8 2460/1593/8 2459/1595/8 867/1620/8
f 867/1620/9 2459/1595/9 2458/1597/9 868/1622/9
f 868/1622/10 2458/1597/10 2457/1599/10 869/1624/10
f 869/1624/11 2457/1599/11 2456/1601/11 870/1626/11
f 870/1626/12 2456/1601/12 2455/1603/12 871/1628/12
f 871/1628/13 2455/1603/13 2454/1605/13 872/1630/13
f 872/1630/14 2454/1605/14 2453/1607/14 873/1632/14
f 873/1632/15 2453/1607/15 2452/1609/15 874/1634/15
f 874/1634/16 2452/1609/16 2450/411/16 861/152/16
f 560/301/3 2466/313/3 2479/1611/3 562/1844/3
f 562/1844/4 2479/1611/4 2478/1613/4 563/1846/4
f 563/1846/5 2478/1613/5 2477/1615/5 564/1848/5
f 564/1848/6 2477/1615/6 2476/1617/6 565/1850/6
f 565/1850/7 2476/1617/7 2475/1619/7 566/1852/7
f 566/1852/8 2475/1619/8 2474/1621/8 567/1854/8
f 567/1854/9 2474/1621/9 2473/1623/9 568/1856/9
f 568/1856/10 2473/1623/10 2472/1625/10 569/1858/10
f 569/1858/11 2472/1625/11 2471/1627/11 570/1860/11
f 570/1860/12 2471/1627/12 2470/1629/12 571/1862/12
f 571/1862/13 2470/1629/13 2469/1631/13 572/1864/13
f 572/1864/14 2469/1631/14 2468/1633/14 573/1866/14
f 573/1866/15 2468/1633/15 2467/1635/15 574/1868/15
f 574/1868/16 2467/1635/16 2465/151/16 561/320/16
f 875/379/3 2511/388/3 2524/1637/3 877/1662/3
f 877/1662/4 2524/1637/4 2523/1639/4 878/1664/4
f 878/1664/5 2523/1639/5 2522/1641/5 879/1666/5
f 879/1666/6 2522/1641/6 2521/1643/6 880/1668/6
f 880/1668/7 2521/1643/7 2520/1645/7 881/1670/7
f 881/1670/8 2520/1645/8 2519/1647/8 882/1672/8
f 882/1672/9 2519/1647/9 2518/1649/9 883/1674/9
f 883/1674/10 2518/1649/10 2517/1651/10 884/1676/10
f 884/1676/11 2517/1651/11 2516/1653/11 885/1678/11
f 885/1678/12 2516/1653/12 2515/1655/12 886/1680/12
f 886/1680/13 2515/1655/13 2514/1657/13 887/1682/13
f 887/1682/14 2514/1657/14 2513/1659/14 888/1684/14
f 888/1684/15 2513/1659/15 2512/1661/15 889/1686/15
f 889/1686/16 2512/1661/16 2510/203/16 876/164/16
f 425/178/3 2526/177/3 2539/1663/3 427/2052/3
f 427/2052/4 2539/1663/4 2538/1665/4 428/2053/4
f 428/2053/5 2538/1665/5 2537/1667/5 429/2054/5
f 429/2054/6 2537/1667/6 2536/1669/6 430/2055/6
f 430/2055/7 2536/1669/7 2535/1671/7 431/2056/7
f 431/2056/8 2535/1671/8 2534/1673/8 432/2057/8
f 432/2057/9 2534/1673/9 2533/1675/9 433/2058/9
f 433/2058/10 2533/1675/10 2532/1677/10 434/2059/10
f 434/2059/11 2532/1677/11 2531/1679/11 435/2060/11
f 435/2060/12 2531/1679/12 2530/1681/12 436/2061/12
f 436/2061/13 2530/1681/13 2529/1683/13 437/2062/13
f 437/2062/14 2529/1683/14 2528/1685/14 438/2063/14
f 438/2063/15 2528/1685/15 2527/1687/15 439/2064/15
f 439/2064/16 2527/1687/16 2525/163/16 426/446/16
f 890/355/3 2571/366/3 2584/1689/3 892/1714/3
f 892/1714/4 2584/1689/4 2583/1691/4 893/1716/4
f 893/1716/5 2583/1691/5 2582/1693/5 894/1718/5
f 894/1718/6 2582/1693/6 2581/1695/6 895/1720/6
f 895/1720/7 2581/1695/7 2580/1697/7 896/1722/7
f 896/1722/8 2580/1697/8 2579/1699/8 897/1724/8
f 897/1724/9 2579/1699/9 2578/1701/9 898/1726/9
f 898/1726/10 2578/1701/10 2577/1703/10 899/1728/10
f 899/1728/11 2577/1703/11 2576/1705/11 900/1730/11
f 900/1730/12 2576/1705/12 2575/1707/12 901/1732/12
f 901/1732/13 2575/1707/13 2574/1709/13 902/1734/13
f 902/1734/14 2574/1709/14 2573/1711/14 903/1736/14
f 903/1736/15 2573/1711/15 2572/1713/15 904/1738/15
f 904/1738/16 2572/1713/16 2570/109/16 891/176/16
f 515/387/3 2586/356/3 2599/1715/3 517/1636/3
f 517/1636/4 2599/1715/4 2598/1717/4 518/1638/4
f 518/1638/5 2598/1717/5 2597/1719/5 519/1640/5
f 519/1640/6 2597/1719/6 2596/1721/6 520/1642/6
f 520/1642/7 2596/1721/7 2595/1723/7 521/1644/7
f 521/1644/8 2595/1723/8 2594/1725/8 522/1646/8
f 522/1646/9 2594/1725/9 2593/1727/9 523/1648/9
f 523/1648/10 2593/1727/10 2592/1729/10 524/1650/10
f 524/1650/11 2592/1729/11 2591/1731/11 525/1652/11
f 525/1652/12 2591/1731/12 2590/1733/12 526/1654/12
f 526/1654/13 2590/1733/13 2589/1735/13 527/1656/13
f 527/1656/14 2589/1735/14 2588/1737/14 528/1658/14
f 528/1658/15 2588/1737/15 2587/1739/15 529/1660/15
f 529/1660/16 2587/1739/16 2585/175/16 516/204/16
f 905/339/3 2631/348/3 2644/1741/3 907/1766/3
f 907/1766/4 2644/1741/4 2643/1743/4 908/1768/4
f 908/1768/5 2643/1743/5 2642/1745/5 909/1770/5
f 909/1770/6 2642/1745/6 2641/1747/6 910/1772/6
f 910/1772/7 2641/1747/7 2640/1749/7 911/1774/7
f 911/1774/8 2640/1749/8 2639/1751/8 912/1776/8
f 912/1776/9 2639/1751/9 2638/1753/9 913/1778/9
f 913/1778/10 2638/1753/10 2637/1755/10 914/1780/10
f 914/1780/11 2637/1755/11 2636/1757/11 915/1782/11
f 915/1782/12 2636/1757/12 2635/1759/12 916/1784/12
f 916/1784/13 2635/1759/13 2634/1761/13 917/1786/13
f 917/1786/14 2634/1761/14 2633/1763/14 918/1788/14
f 918/1788/15 2633/1763/15 2632/1765/15 919/1790/15
f 919/1790/16 2632/1765/16 2630/237/16 906/188/16
f 500/323/3 2646/335/3 2659/1767/3 502/1792/3
f 502/1792/4 2659/1767/4 2658/1769/4 503/1794/4
f 503/1794/5 2658/1769/5 2657/1771/5 504/1796/5
f 504/1796/6 2657/1771/6 2656/1773/6 505/1798/6
f 505/1798/7 2656/1773/7 2655/1775/7 506/1800/7
f 506/1800/8 2655/1775/8 2654/1777/8 507/1802/8
f 507/1802/9 2654/1777/9 2653/1779/9 508/1804/9
f 508/1804/10 2653/1779/10 2652/1781/10 509/1806/10
f 509/1806/11 2652/1781/11 2651/1783/11 510/1808/11
f 510/1808/12 2651/1783/12 2650/1785/12 511/1810/12
f 511/1810/13 2650/1785/13 2649/1787/13 512/1812/13
f 512/1812/14 2649/1787/14 2648/1789/14 513/1814/14
f 513/1814/15 2648/1789/15 2647/1791/15 514/1816/15
f 514/1816/16 2647/1791/16 2645/187/16 501/522/16
f 920/317/3 2691/324/3 2704/1793/3 922/1818/3
f 922/1818/4 2704/1793/4 2703/1795/4 923/1820/4
f 923/1820/5 2703/1795/5 2702/1797/5 924/1822/5
f 924/1822/6 2702/1797/6 2701/1799/6 925/1824/6
f 925/1824/7 2701/1799/7 2700/1801/7 926/1826/7
f 926/1826/8 2700/1801/8 2699/1803/8 927/1828/8
f 927/1828/9 2699/1803/9 2698/1805/9 928/1830/9
f 928/1830/10 2698/1805/10 2697/1807/10 929/1832/10
f 929/1832/11 2697/1807/11 2696/1809/11 930/1834/11
f 930/1834/12 2696/1809/12 2695/1811/12 931/1836/12
f 931/1836/13 2695/1811/13 2694/1813/13 932/1838/13
f 932/1838/14 2694/1813/14 2693/1815/14 933/1840/14
f 933/1840/15 2693/1815/15 2692/1817/15 934/1842/15
f 934/1842/16 2692/1817/16 2690/338/16 921/200/16
f 305/214/3 2706/213/3 2719/1819/3 307/2065/3
f 307/2065/4 2719/1819/4 2718/1821/4 308/2066/4
f 308/2066/5 2718/1821/5 2717/1823/5 309/2067/5
f 309/2067/6 2717/1823/6 2716/1825/6 310/2068/6
f 310/2068/7 2716/1825/7 2715/1827/7 311/2069/7
f 311/2069/8 2715/1827/8 2714/1829/8 312/2070/8
f 312/2070/9 2714/1829/9 2713/1831/9 313/2071/9
f 313/2071/10 2713/1831/10 2712/1833/10 314/2072/10
f 314/2072/11 2712/1833/11 2711/1835/11 315/2073/11
f 315/2073/12 2711/1835/12 2710/1837/12 316/2074/12
f 316/2074/13 2710/1837/13 2709/1839/13 317/2075/13
f 317/2075/14 2709/1839/14 2708/1841/14 318/2076/14
f 318/2076/15 2708/1841/15 2707/1843/15 319/2077/15
f 319/2077/16 2707/1843/16 2705/199/16 306/464/16
f 935/293/3 2751/302/3 2764/1845/3 937/1870/3
f 937/1870/4 2764/1845/4 2763/1847/4 938/1872/4
f 938/1872/5 2763/1847/5 2762/1849/5 939/1874/5
f 939/1874/6 2762/1849/6 2761/1851/6 940/1876/6
f 940/1876/7 2761/1851/7 2760/1853/7 941/1878/7
f 941/1878/8 2760/1853/8 2759/1855/8 942/1880/8
f 942/1880/9 2759/1855/9 2758/1857/9 943/1882/9
f 943/1882/10 2758/1857/10 2757/1859/10 944/1884/10
f 944/1884/11 2757/1859/11 2756/1861/11 945/1886/11
f 945/1886/12 2756/1861/12 2755/1863/12 946/1888/12
f 946/1888/13 2755/1863/13 2754/1865/13 947/1890/13
f 947/1890/14 2754/1865/14 2753/1867/14 948/1892/14
f 948/1892/15 2753/1867/15 2752/1869/15 949/1894/15
f 949/1894/16 2752/1869/16 2750/316/16 936/212/16
f 335/347/3 2766/294/3 2779/1871/3 337/1740/3
f 337/1740/4 2779/1871/4 2778/1873/4 338/1742/4
f 338/1742/5 2778/1873/5 2777/1875/5 339/1744/5
f 339/1744/6 2777/1875/6 2776/1877/6 340/1746/6
f 340/1746/7 2776/1877/7 2775/1879/7 341/1748/7
f 341/1748/8 2775/1879/8 2774/1881/8 342/1750/8
f 342/1750/9 2774/1881/9 2773/1883/9 343/1752/9
f 343/1752/10 2773/1883/10 2772/1885/10 344/1754/10
f 344/1754/11 2772/1885/11 2771/1887/11 345/1756/11
f 345/1756/12 2771/1887/12 2770/1889/12 346/1758/12
f 346/1758/13 2770/1889/13 2769/1891/13 347/1760/13
f 347/1760/14 2769/1891/14 2768/1893/14 348/1762/14
f 348/1762/15 2768/1893/15 2767/1895/15 349/1764/15
f 349/1764/16 2767/1895/16 2765/211/16 336/238/16
f 950/269/3 2811/280/3 2824/1897/3 952/1922/3
f 952/1922/4 2824/1897/4 2823/1899/4 953/1924/4
f 953/1924/5 2823/1899/5 2822/1901/5 954/1926/5
f 954/1926/6 2822/1901/6 2821/1903/6 955/1928/6
f 955/1928/7 2821/1903/7 2820/1905/7 956/1930/7
f 956/1930/8 2820/1905/8 2819/1907/8 957/1932/8
f 957/1932/9 2819/1907/9 2818/1909/9 958/1934/9
f 958/1934/10 2818/1909/10 2817/1911/10 959/1936/10
f 959/1936/11 2817/1911/11 2816/1913/11 960/1938/11
f 960/1938/12 2816/1913/12 2815/1915/12 961/1940/12
f 961/1940/13 2815/1915/13 2814/1917/13 962/1942/13
f 962/1942/14 2814/1917/14 2813/1919/14 963/1944/14
f 963/1944/15 2813/1919/15 2812/1921/15 964/1946/15
f 964/1946/16 2812/1921/16 2810/292/16 951/222/16
f 320/495/3 2826/270/3 2839/1923/3 322/1272/3
f 322/1272/4 2839/1923/4 2838/1925/4 323/1274/4
f 323/1274/5 2838/1925/5 2837/1927/5 324/1276/5
f 324/1276/6 2837/1927/6 2836/1929/6 325/1278/6
f 325/1278/7 2836/1929/7 2835/1931/7 326/1280/7
f 326/1280/8 2835/1931/8 2834/1933/8 327/1282/8
f 327/1282/9 2834/1933/9 2833/1935/9 328/1284/9
f 328/1284/10 2833/1935/10 2832/1937/10 329/1286/10
f 329/1286/11 2832/1937/11 2831/1939/11 330/1288/11
f 330/1288/12 2831/1939/12 2830/1941/12 331/1290/12
f 331/1290/13 2830/1941/13 2829/1943/13 332/1292/13
f 332/1292/14 2829/1943/14 2828/1945/14 333/1294/14
f 333/1294/15 2828/1945/15 2827/1947/15 334/1296/15
f 334/1296/16 2827/1947/16 2825/221/16 321/540/16
f 965/247/3 2871/256/3 2884/1949/3 967/1974/3
f 967/1974/4 2884/1949/4 2883/1951/4 968/1976/4
f 968/1976/5 2883/1951/5 2882/1953/5 969/1978/5
f 969/1978/6 2882/1953/6 2881/1955/6 970/1980/6
f 970/1980/7 2881/1955/7 2880/1957/7 971/1982/7
f 971/1982/8 2880/1957/8 2879/1959/8 972/1984/8
f 972/1984/9 2879/1959/9 2878/1961/9 973/1986/9
f 973/1986/10 2878/1961/10 2877/1963/10 974/1988/10
f 974/1988/11 2877/1963/11 2876/1965/11 975/1990/11
f 975/1990/12 2876/1965/12 2875/1967/12 976/1992/12
f 976/1992/13 2875/1967/13 2874/1969/13 977/1994/13
f 977/1994/14 2874/1969/14 2873/1971/14 978/1996/14
f 978/1996/15 2873/1971/15 2872/1973/15 979/1998/15
f 979/1998/16 2872/1973/16 2870/268/16 966/234/16
f 275/244/3 2886/243/3 2899/1975/3 277/2078/3
f 277/2078/4 2899/1975/4 2898/1977/4 278/2079/4
f 278/2079/5 2898/1977/5 2897/1979/5 279/2080/5
f 279/2080/6 2897/1979/6 2896/1981/6 280/2081/6
f 280/2081/7 2896/1981/7 2895/1983/7 281/2082/7
f 281/2082/8 2895/1983/8 2894/1985/8 282/2083/8
f 282/2083/9 2894/1985/9 2893/1987/9 283/2084/9
f 283/2084/10 2893/1987/10 2892/1989/10 284/2085/10
f 284/2085/11 2892/1989/11 2891/1991/11 285/2086/11
f 285/2086/12 2891/1991/12 2890/1993/12 286/2087/12
f 286/2087/13 2890/1993/13 2889/1995/13 287/2088/13
f 287/2088/14 2889/1995/14 2888/1997/14 288/2089/14
f 288/2089/15 2888/1997/15 2887/1999/15 289/2090/15
f 289/2090/16 2887/1999/16 2885/233/16 276/420/16
f 2901/232/16 2855/231/16 2857/2091/16 2914/2092/16
f 2914/2092/15 2857/2091/15 2858/2093/15 2913/2094/15
f 2913/2094/14 2858/2093/14 2859/2095/14 2912/2096/14
f 2912/2096/13 2859/2095/13 2860/2097/13 2911/2098/13
f 2911/2098/12 2860/2097/12 2861/2099/12 2910/2100/12
f 2910/2100/11 2861/2099/11 2862/2101/11 2909/2102/11
f 2909/2102/10 2862/2101/10 2863/2103/10 2908/2104/10
f 2908/2104/9 2863/2103/9 2864/2105/9 2907/2106/9
f 2907/2106/8 2864/2105/8 2865/2107/8 2906/2108/8
f 2906/2108/7 2865/2107/7 2866/2109/7 2905/2110/7
f 2905/2110/6 2866/2109/6 2867/2111/6 2904/2112/6
f 2904/2112/5 2867/2111/5 2868/2113/5 2903/2114/5
f 2903/2114/4 2868/2113/4 2869/2115/4 2902/2116/4
f 2902/2116/3 2869/2115/3 2856/65/3 2900/62/3
f 1475/419/16 2901/232/16 2914/2092/16 1477/2117/16
f 1477/2117/15 2914/2092/15 2913/2094/15 1478/2118/15
f 1478/2118/14 2913/2094/14 2912/2096/14 1479/2119/14
f 1479/2119/13 2912/2096/13 2911/2098/13 1480/2120/13
f 1480/2120/12 2911/2098/12 2910/2100/12 1481/2121/12
f 1481/2121/11 2910/2100/11 2909/2102/11 1482/2122/11
f 1482/2122/10 2909/2102/10 2908/2104/10 1483/2123/10
f 1483/2123/9 2908/2104/9 2907/2106/9 1484/2124/9
f 1484/2124/8 2907/2106/8 2906/2108/8 1485/2125/8
f 1485/2125/7 2906/2108/7 2905/2110/7 1486/2126/7
f 1486/2126/6 2905/2110/6 2904/2112/6 1487/2127/6
f 1487/2127/5 2904/2112/5 2903/2114/5 1488/2128/5
f 1488/2128/4 2903/2114/4 2902/2116/4 1489/2129/4
f 1489/2129/3 2902/2116/3 2900/62/3 1476/61/3
f 2916/267/16 1880/273/16 1882/2130/16 2929/2131/16
f 2929/2131/15 1882/2130/15 1883/2132/15 2928/2133/15
f 2928/2133/14 1883/2132/14 1884/2134/14 2927/2135/14
f 2927/2135/13 1884/2134/13 1885/2136/13 2926/2137/13
f 2926/2137/12 1885/2136/12 1886/2138/12 2925/2139/12
f 2925/2139/11 1886/2138/11 1887/2140/11 2924/2141/11
f 2924/2141/10 1887/2140/10 1888/2142/10 2923/2143/10
f 2923/2143/9 1888/2142/9 1889/2144/9 2922/2145/9
f 2922/2145/8 1889/2144/8 1890/2146/8 2921/2147/8
f 2921/2147/7 1890/2146/7 1891/2148/7 2920/2149/7
f 2920/2149/6 1891/2148/6 1892/2150/6 2919/2151/6
f 2919/2151/5 1892/2150/5 1893/2152/5 2918/2153/5
f 2918/2153/4 1893/2152/4 1894/2154/4 2917/2155/4
f 2917/2155/3 1894/2154/3 1881/261/3 2915/66/3
f 2855/231/16 2916/267/16 2929/2131/16 2857/2091/16
f 2857/2091/15 2929/2131/15 2928/2133/15 2858/2093/15
f 2858/2093/14 2928/2133/14 2927/2135/14 2859/2095/14
f 2859/2095/13 2927/2135/13 2926/2137/13 2860/2097/13
f 2860/2097/12 2926/2137/12 2925/2139/12 2861/2099/12
f 2861/2099/11 2925/2139/11 2924/2141/11 2862/2101/11
f 2862/2101/10 2924/2141/10 2923/2143/10 2863/2103/10
f 2863/2103/9 2923/2143/9 2922/2145/9 2864/2105/9
f 2864/2105/8 2922/2145/8 2921/2147/8 2865/2107/8
f 2865/2107/7 2921/2147/7 2920/2149/7 2866/2109/7
f 2866/2109/6 2920/2149/6 2919/2151/6 2867/2111/6
f 2867/2111/5 2919/2151/5 2918/2153/5 2868/2113/5
f 2868/2113/4 2918/2153/4 2917/2155/4 2869/2115/4
f 2869/2115/3 2917/2155/3 2915/66/3 2856/65/3
f 2931/40/16 1400/39/16 1402/2156/16 2944/2157/16
f 2944/2157/15 1402/2156/15 1403/2158/15 2943/2159/15
f 2943/2159/14 1403/2158/14 1404/2160/14 2942/2161/14
f 2942/2161/13 1404/2160/13 1405/2162/13 2941/2163/13
f 2941/2163/12 1405/2162/12 1406/2164/12 2940/2165/12
f 2940/2165/11 1406/2164/11 1407/2166/11 2939/2167/11
f 2939/2167/10 1407/2166/10 1408/2168/10 2938/2169/10
f 2938/2169/9 1408/2168/9 1409/2170/9 2937/2171/9
f 2937/2171/8 1409/2170/8 1410/2172/8 2936/2173/8
f 2936/2173/7 1410/2172/7 1411/2174/7 2935/2175/7
f 2935/2175/6 1411/2174/6 1412/2176/6 2934/2177/6
f 2934/2177/5 1412/2176/5 1413/2178/5 2933/2179/5
f 2933/2179/4 1413/2178/4 1414/2180/4 2932/2181/4
f 2932/2181/3 1414/2180/3 1401/258/3 2930/257/3
f 2841/227/16 2931/40/16 2944/2157/16 2854/2182/16
f 2854/2182/15 2944/2157/15 2943/2159/15 2853/2183/15
f 2853/2183/14 2943/2159/14 2942/2161/14 2852/2184/14
f 2852/2184/13 2942/2161/13 2941/2163/13 2851/2185/13
f 2851/2185/12 2941/2163/12 2940/2165/12 2850/2186/12
f 2850/2186/11 2940/2165/11 2939/2167/11 2849/2187/11
f 2849/2187/10 2939/2167/10 2938/2169/10 2848/2188/10
f 2848/2188/9 2938/2169/9 2937/2171/9 2847/2189/9
f 2847/2189/8 2937/2171/8 2936/2173/8 2846/2190/8
f 2846/2190/7 2936/2173/7 2935/2175/7 2845/2191/7
f 2845/2191/6 2935/2175/6 2934/2177/6 2844/2192/6
f 2844/2192/5 2934/2177/5 2933/2179/5 2843/2193/5
f 2843/2193/4 2933/2179/4 2932/2181/4 2842/2194/4
f 2842/2194/3 2932/2181/3 2930/257/3 2840/248/3
f 2946/220/16 2795/219/16 2797/2195/16 2959/2196/16
f 2959/2196/15 2797/2195/15 2798/2197/15 2958/2198/15
f 2958/2198/14 2798/2197/14 2799/2199/14 2957/2200/14
f 2957/2200/13 2799/2199/13 2800/2201/13 2956/2202/13
f 2956/2202/12 2800/2201/12 2801/2203/12 2955/2204/12
f 2955/2204/11 2801/2203/11 2802/2205/11 2954/2206/11
f 2954/2206/10 2802/2205/10 2803/2207/10 2953/2208/10
f 2953/2208/9 2803/2207/9 2804/2209/9 2952/2210/9
f 2952/2210/8 2804/2209/8 2805/2211/8 2951/2212/8
f 2951/2212/7 2805/2211/7 2806/2213/7 2950/2214/7
f 2950/2214/6 2806/2213/6 2807/2215/6 2949/2216/6
f 2949/2216/5 2807/2215/5 2808/2217/5 2948/2218/5
f 2948/2218/4 2808/2217/4 2809/2219/4 2947/2220/4
f 2947/2220/3 2809/2219/3 2796/101/3 2945/288/3
f 1521/539/16 2946/220/16 2959/2196/16 1534/2221/16
f 1534/2221/15 2959/2196/15 2958/2198/15 1533/2222/15
f 1533/2222/14 2958/2198/14 2957/2200/14 1532/2223/14
f 1532/2223/13 2957/2200/13 2956/2202/13 1531/2224/13
f 1531/2224/12 2956/2202/12 2955/2204/12 1530/2225/12
f 1530/2225/11 2955/2204/11 2954/2206/11 1529/2226/11
f 1529/2226/10 2954/2206/10 2953/2208/10 1528/2227/10
f 1528/2227/9 2953/2208/9 2952/2210/9 1527/2228/9
f 1527/2228/8 2952/2210/8 2951/2212/8 1526/2229/8
f 1526/2229/7 2951/2212/7 2950/2214/7 1525/2230/7
f 1525/2230/6 2950/2214/6 2949/2216/6 1524/2231/6
f 1524/2231/5 2949/2216/5 2948/2218/5 1523/2232/5
f 1523/2232/4 2948/2218/4 2947/2220/4 1522/2233/4
f 1522/2233/3 2947/2220/3 2945/288/3 1520/500/3
f 2961/291/16 1820/297/16 1822/2234/16 2974/2235/16
f 2974/2235/15 1822/2234/15 1823/2236/15 2973/2237/15
f 2973/2237/14 1823/2236/14 1824/2238/14 2972/2239/14
f 2972/2239/13 1824/2238/13 1825/2240/13 2971/2241/13
f 2971/2241/12 1825/2240/12 1826/2242/12 2970/2243/12
f 2970/2243/11 1826/2242/11 1827/2244/11 2969/2245/11
f 2969/2245/10 1827/2244/10 1828/2246/10 2968/2247/10
f 2968/2247/9 1828/2246/9 1829/2248/9 2967/2249/9
f 2967/2249/8 1829/2248/8 1830/2250/8 2966/2251/8
f 2966/2251/7 1830/2250/7 1831/2252/7 2965/2253/7
f 2965/2253/6 1831/2252/6 1832/2254/6 2964/2255/6
f 2964/2255/5 1832/2254/5 1833/2256/5 2963/2257/5
f 2963/2257/4 1833/2256/4 1834/2258/4 2962/2259/4
f 2962/2259/3 1834/2258/3 1821/285/3 2960/102/3
f 2795/219/16 2961/291/16 2974/2235/16 2797/2195/16
f 2797/2195/15 2974/2235/15 2973/2237/15 2798/2197/15
f 2798/2197/14 2973/2237/14 2972/2239/14 2799/2199/14
f 2799/2199/13 2972/2239/13 2971/2241/13 2800/2201/13
f 2800/2201/12 2971/2241/12 2970/2243/12 2801/2203/12
f 2801/2203/11 2970/2243/11 2969/2245/11 2802/2205/11
f 2802/2205/10 2969/2245/10 2968/2247/10 2803/2207/10
f 2803/2207/9 2968/2247/9 2967/2249/9 2804/2209/9
f 2804/2209/8 2967/2249/8 2966/2251/8 2805/2211/8
f 2805/2211/7 2966/2251/7 2965/2253/7 2806/2213/7
f 2806/2213/6 2965/2253/6 2964/2255/6 2807/2215/6
f 2807/2215/5 2964/2255/5 2963/2257/5 2808/2217/5
f 2808/2217/4 2963/2257/4 2962/2259/4 2809/2219/4
f 2809/2219/3 2962/2259/3 2960/102/3 2796/101/3
f 2976/6/16 1340/5/16 1342/2260/16 2989/2261/16
f 2989/2261/15 1342/2260/15 1343/2262/15 2988/2263/15
f 2988/2263/14 1343/2262/14 1344/2264/14 2987/2265/14
f 2987/2265/13 1344/2264/13 1345/2266/13 2986/2267/13
f 2986/2267/12 1345/2266/12 1346/2268/12 2985/2269/12
f 2985/2269/11 1346/2268/11 1347/2270/11 2984/2271/11
f 2984/2271/10 1347/2270/10 1348/2272/10 2983/2273/10
f 2983/2273/9 1348/2272/9 1349/2274/9 2982/2275/9
f 2982/2275/8 1349/2274/8 1350/2276/8 2981/2277/8
f 2981/2277/7 1350/2276/7 1351/2278/7 2980/2279/7
f 2980/2279/6 1351/2278/6 1352/2280/6 2979/2281/6
f 2979/2281/5 1352/2280/5 1353/2282/5 2978/2283/5
f 2978/2283/4 1353/2282/4 1354/2284/4 2977/2285/4
f 2977/2285/3 1354/2284/3 1341/282/3 2975/281/3
f 2781/359/16 2976/6/16 2989/2261/16 2794/2286/16
f 2794/2286/15 2989/2261/15 2988/2263/15 2793/2287/15
f 2793/2287/14 2988/2263/14 2987/2265/14 2792/2288/14
f 2792/2288/13 2987/2265/13 2986/2267/13 2791/2289/13
f 2791/2289/12 2986/2267/12 2985/2269/12 2790/2290/12
f 2790/2290/11 2985/2269/11 2984/2271/11 2789/2291/11
f 2789/2291/10 2984/2271/10 2983/2273/10 2788/2292/10
f 2788/2292/9 2983/2273/9 2982/2275/9 2787/2293/9
f 2787/2293/8 2982/2275/8 2981/2277/8 2786/2294/8
f 2786/2294/7 2981/2277/7 2980/2279/7 2785/2295/7
f 2785/2295/6 2980/2279/6 2979/2281/6 2784/2296/6
f 2784/2296/5 2979/2281/5 2978/2283/5 2783/2297/5
f 2783/2297/4 2978/2283/4 2977/2285/4 2782/2298/4
f 2782/2298/3 2977/2285/3 2975/281/3 2780/272/3
f 2991/210/16 2735/209/16 2737/2299/16 3004/2300/16
f 3004/2300/15 2737/2299/15 2738/2301/15 3003/2302/15
f 3003/2302/14 2738/2301/14 2739/2303/14 3002/2304/14
f 3002/2304/13 2739/2303/13 2740/2305/13 3001/2306/13
f 3001/2306/12 2740/2305/12 2741/2307/12 3000/2308/12
f 3000/2308/11 2741/2307/11 2742/2309/11 2999/2310/11
f 2999/2310/10 2742/2309/10 2743/2311/10 2998/2312/10
f 2998/2312/9 2743/2311/9 2744/2313/9 2997/2314/9
f 2997/2314/8 2744/2313/8 2745/2315/8 2996/2316/8
f 2996/2316/7 2745/2315/7 2746/2317/7 2995/2318/7
f 2995/2318/6 2746/2317/6 2747/2319/6 2994/2320/6
f 2994/2320/5 2747/2319/5 2748/2321/5 2993/2322/5
f 2993/2322/4 2748/2321/4 2749/2323/4 2992/2324/4
f 2992/2324/3 2749/2323/3 2736/137/3 2990/310/3
f 1536/235/16 2991/210/16 3004/2300/16 1549/2325/16
f 1549/2325/15 3004/2300/15 3003/2302/15 1548/2326/15
f 1548/2326/14 3003/2302/14 3002/2304/14 1547/2327/14
f 1547/2327/13 3002/2304/13 3001/2306/13 1546/2328/13
f 1546/2328/12 3001/2306/12 3000/2308/12 1545/2329/12
f 1545/2329/11 3000/2308/11 2999/2310/11 1544/2330/11
f 1544/2330/10 2999/2310/10 2998/2312/10 1543/2331/10
f 1543/2331/9 2998/2312/9 2997/2314/9 1542/2332/9
f 1542/2332/8 2997/2314/8 2996/2316/8 1541/2333/8
f 1541/2333/7 2996/2316/7 2995/2318/7 1540/2334/7
f 1540/2334/6 2995/2318/6 2994/2320/6 1539/2335/6
f 1539/2335/5 2994/2320/5 2993/2322/5 1538/2336/5
f 1538/2336/4 2993/2322/4 2992/2324/4 1537/2337/4
f 1537/2337/3 2992/2324/3 2990/310/3 1535/352/3
f 3006/315/16 1760/319/16 1762/2338/16 3019/2339/16
f 3019/2339/15 1762/2338/15 1763/2340/15 3018/2341/15
f 3018/2341/14 1763/2340/14 1764/2342/14 3017/2343/14
f 3017/2343/13 1764/2342/13 1765/2344/13 3016/2345/13
f 3016/2345/12 1765/2344/12 1766/2346/12 3015/2347/12
f 3015/2347/11 1766/2346/11 1767/2348/11 3014/2349/11
f 3014/2349/10 1767/2348/10 1768/2350/10 3013/2351/10
f 3013/2351/9 1768/2350/9 1769/2352/9 3012/2353/9
f 3012/2353/8 1769/2352/8 1770/2354/8 3011/2355/8
f 3011/2355/7 1770/2354/7 1771/2356/7 3010/2357/7
f 3010/2357/6 1771/2356/6 1772/2358/6 3009/2359/6
f 3009/2359/5 1772/2358/5 1773/2360/5 3008/2361/5
f 3008/2361/4 1773/2360/4 1774/2362/4 3007/2363/4
f 3007/2363/3 1774/2362/3 1761/307/3 3005/138/3
f 2735/209/16 3006/315/16 3019/2339/16 2737/2299/16
f 2737/2299/15 3019/2339/15 3018/2341/15 2738/2301/15
f 2738/2301/14 3018/2341/14 3017/2343/14 2739/2303/14
f 2739/2303/13 3017/2343/13 3016/2345/13 2740/2305/13
f 2740/2305/12 3016/2345/12 3015/2347/12 2741/2307/12
f 2741/2307/11 3015/2347/11 3014/2349/11 2742/2309/11
f 2742/2309/10 3014/2349/10 3013/2351/10 2743/2311/10
f 2743/2311/9 3013/2351/9 3012/2353/9 2744/2313/9
f 2744/2313/8 3012/2353/8 3011/2355/8 2745/2315/8
f 2745/2315/7 3011/2355/7 3010/2357/7 2746/2317/7
f 2746/2317/6 3010/2357/6 3009/2359/6 2747/2319/6
f 2747/2319/5 3009/2359/5 3008/2361/5 2748/2321/5
f 2748/2321/4 3008/2361/4 3007/2363/4 2749/2323/4
f 2749/2323/3 3007/2363/3 3005/138/3 2736/137/3
f 3021/487/16 1280/311/16 1282/2364/16 3034/2365/16
f 3034/2365/15 1282/2364/15 1283/2366/15 3033/2367/15
f 3033/2367/14 1283/2366/14 1284/2368/14 3032/2369/14
f 3032/2369/13 1284/2368/13 1285/2370/13 3031/2371/13
f 3031/2371/12 1285/2370/12 1286/2372/12 3030/2373/12
f 3030/2373/11 1286/2372/11 1287/2374/11 3029/2375/11
f 3029/2375/10 1287/2374/10 1288/2376/10 3028/2377/10
f 3028/2377/9 1288/2376/9 1289/2378/9 3027/2379/9
f 3027/2379/8 1289/2378/8 1290/2380/8 3026/2381/8
f 3026/2381/7 1290/2380/7 1291/2382/7 3025/2383/7
f 3025/2383/6 1291/2382/6 1292/2384/6 3024/2385/6
f 3024/2385/5 1292/2384/5 1293/2386/5 3023/2387/5
f 3023/2387/4 1293/2386/4 1294/2388/4 3022/2389/4
f 3022/2389/3 1294/2388/3 1281/304/3 3020/303/3
f 2721/143/16 3021/487/16 3034/2365/16 2734/2390/16
f 2734/2390/15 3034/2365/15 3033/2367/15 2733/2391/15
f 2733/2391/14 3033/2367/14 3032/2369/14 2732/2392/14
f 2732/2392/13 3032/2369/13 3031/2371/13 2731/2393/13
f 2731/2393/12 3031/2371/12 3030/2373/12 2730/2394/12
f 2730/2394/11 3030/2373/11 3029/2375/11 2729/2395/11
f 2729/2395/10 3029/2375/10 3028/2377/10 2728/2396/10
f 2728/2396/9 3028/2377/9 3027/2379/9 2727/2397/9
f 2727/2397/8 3027/2379/8 3026/2381/8 2726/2398/8
f 2726/2398/7 3026/2381/7 3025/2383/7 2725/2399/7
f 2725/2399/6 3025/2383/6 3024/2385/6 2724/2400/6
f 2724/2400/5 3024/2385/5 3023/2387/5 2723/2401/5
f 2723/2401/4 3023/2387/4 3022/2389/4 2722/2402/4
f 2722/2402/3 3022/2389/3 3020/303/3 2720/296/3
f 3036/198/16 2675/197/16 2677/2403/16 3049/2404/16
f 3049/2404/15 2677/2403/15 2678/2405/15 3048/2406/15
f 3048/2406/14 2678/2405/14 2679/2407/14 3047/2408/14
f 3047/2408/13 2679/2407/13 2680/2409/13 3046/2410/13
f 3046/2410/12 2680/2409/12 2681/2411/12 3045/2412/12
f 3045/2412/11 2681/2411/11 2682/2413/11 3044/2414/11
f 3044/2414/10 2682/2413/10 2683/2415/10 3043/2416/10
f 3043/2416/9 2683/2415/9 2684/2417/9 3042/2418/9
f 3042/2418/8 2684/2417/8 2685/2419/8 3041/2420/8
f 3041/2420/7 2685/2419/7 2686/2421/7 3040/2422/7
f 3040/2422/6 2686/2421/6 2687/2423/6 3039/2424/6
f 3039/2424/5 2687/2423/5 2688/2425/5 3038/2426/5
f 3038/2426/4 2688/2425/4 2689/2427/4 3037/2428/4
f 3037/2428/3 2689/2427/3 2676/171/3 3035/28/3
f 1505/463/16 3036/198/16 3049/2404/16 1507/2429/16
f 1507/2429/15 3049/2404/15 3048/2406/15 1508/2430/15
f 1508/2430/14 3048/2406/14 3047/2408/14 1509/2431/14
f 1509/2431/13 3047/2408/13 3046/2410/13 1510/2432/13
f 1510/2432/12 3046/2410/12 3045/2412/12 1511/2433/12
f 1511/2433/11 3045/2412/11 3044/2414/11 1512/2434/11
f 1512/2434/10 3044/2414/10 3043/2416/10 1513/2435/10
f 1513/2435/9 3043/2416/9 3042/2418/9 1514/2436/9
f 1514/2436/8 3042/2418/8 3041/2420/8 1515/2437/8
f 1515/2437/7 3041/2420/7 3040/2422/7 1516/2438/7
f 1516/2438/6 3040/2422/6 3039/2424/6 1517/2439/6
f 1517/2439/5 3039/2424/5 3038/2426/5 1518/2440/5
f 1518/2440/4 3038/2426/4 3037/2428/4 1519/2441/4
f 1519/2441/3 3037/2428/3 3035/28/3 1506/27/3
f 3051/337/16 1700/521/16 1702/2442/16 3064/2443/16
f 3064/2443/15 1702/2442/15 1703/2444/15 3063/2445/15
f 3063/2445/14 1703/2444/14 1704/2446/14 3062/2447/14
f 3062/2447/13 1704/2446/13 1705/2448/13 3061/2449/13
f 3061/2449/12 1705/2448/12 1706/2450/12 3060/2451/12
f 3060/2451/11 1706/2450/11 1707/2452/11 3059/2453/11
f 3059/2453/10 1707/2452/10 1708/2454/10 3058/2455/10
f 3058/2455/9 1708/2454/9 1709/2456/9 3057/2457/9
f 3057/2457/8 1709/2456/8 1710/2458/8 3056/2459/8
f 3056/2459/7 1710/2458/7 1711/2460/7 3055/2461/7
f 3055/2461/6 1711/2460/6 1712/2462/6 3054/2463/6
f 3054/2463/5 1712/2462/5 1713/2464/5 3053/2465/5
f 3053/2465/4 1713/2464/4 1714/2466/4 3052/2467/4
f 3052/2467/3 1714/2466/3 1701/329/3 3050/172/3
f 2675/197/16 3051/337/16 3064/2443/16 2677/2403/16
f 2677/2403/15 3064/2443/15 3063/2445/15 2678/2405/15
f 2678/2405/14 3063/2445/14 3062/2447/14 2679/2407/14
f 2679/2407/13 3062/2447/13 3061/2449/13 2680/2409/13
f 2680/2409/12 3061/2449/12 3060/2451/12 2681/2411/12
f 2681/2411/11 3060/2451/11 3059/2453/11 2682/2413/11
f 2682/2413/10 3059/2453/10 3058/2455/10 2683/2415/10
f 2683/2415/9 3058/2455/9 3057/2457/9 2684/2417/9
f 2684/2417/8 3057/2457/8 3056/2459/8 2685/2419/8
f 2685/2419/7 3056/2459/7 3055/2461/7 2686/2421/7
f 2686/2421/6 3055/2461/6 3054/2463/6 2687/2423/6
f 2687/2423/5 3054/2463/5 3053/2465/5 2688/2425/5
f 2688/2425/4 3053/2465/4 3052/2467/4 2689/2427/4
f 2689/2427/3 3052/2467/3 3050/172/3 2676/171/3
f 3066/529/16 1220/332/16 1222/2468/16 3079/2469/16
f 3079/2469/15 1222/2468/15 1223/2470/15 3078/2471/15
f 3078/2471/14 1223/2470/14 1224/2472/14 3077/2473/14
f 3077/2473/13 1224/2472/13 1225/2474/13 3076/2475/13
f 3076/2475/12 1225/2474/12 1226/2476/12 3075/2477/12
f 3075/2477/11 1226/2476/11 1227/2478/11 3074/2479/11
f 3074/2479/10 1227/2478/10 1228/2480/10 3073/2481/10
f 3073/2481/9 1228/2480/9 1229/2482/9 3072/2483/9
f 3072/2483/8 1229/2482/8 1230/2484/8 3071/2485/8
f 3071/2485/7 1230/2484/7 1231/2486/7 3070/2487/7
f 3070/2487/6 1231/2486/6 1232/2488/6 3069/2489/6
f 3069/2489/5 1232/2488/5 1233/2490/5 3068/2491/5
f 3068/2491/4 1233/2490/4 1234/2492/4 3067/2493/4
f 3067/2493/3 1234/2492/3 1221/326/3 3065/325/3
f 2661/479/16 3066/529/16 3079/2469/16 2674/2494/16
f 2674/2494/15 3079/2469/15 3078/2471/15 2673/2495/15
f 2673/2495/14 3078/2471/14 3077/2473/14 2672/2496/14
f 2672/2496/13 3077/2473/13 3076/2475/13 2671/2497/13
f 2671/2497/12 3076/2475/12 3075/2477/12 2670/2498/12
f 2670/2498/11 3075/2477/11 3074/2479/11 2669/2499/11
f 2669/2499/10 3074/2479/10 3073/2481/10 2668/2500/10
f 2668/2500/9 3073/2481/9 3072/2483/9 2667/2501/9
f 2667/2501/8 3072/2483/8 3071/2485/8 2666/2502/8
f 2666/2502/7 3071/2485/7 3070/2487/7 2665/2503/7
f 2665/2503/6 3070/2487/6 3069/2489/6 2664/2504/6
f 2664/2504/5 3069/2489/5 3068/2491/5 2663/2505/5
f 2663/2505/4 3068/2491/4 3067/2493/4 2662/2506/4
f 2662/2506/3 3067/2493/3 3065/325/3 2660/318/3
f 3081/186/16 2615/185/16 2617/2507/16 3094/2508/16
f 3094/2508/15 2617/2507/15 2618/2509/15 3093/2510/15
f 3093/2510/14 2618/2509/14 2619/2511/14 3092/2512/14
f 3092/2512/13 2619/2511/13 2620/2513/13 3091/2514/13
f 3091/2514/12 2620/2513/12 2621/2515/12 3090/2516/12
f 3090/2516/11 2621/2515/11 2622/2517/11 3089/2518/11
f 3089/2518/10 2622/2517/10 2623/2519/10 3088/2520/10
f 3088/2520/9 2623/2519/9 2624/2521/9 3087/2522/9
f 3087/2522/8 2624/2521/8 2625/2523/8 3086/2524/8
f 3086/2524/7 2625/2523/7 2626/2525/7 3085/2526/7
f 3085/2526/6 2626/2525/6 2627/2527/6 3084/2528/6
f 3084/2528/5 2627/2527/5 2628/2529/5 3083/2530/5
f 3083/2530/4 2628/2529/4 2629/2531/4 3082/2532/4
f 3082/2532/3 2629/2531/3 2616/183/3 3080/330/3
f 1700/521/16 3081/186/16 3094/2508/16 1702/2442/16
f 1702/2442/15 3094/2508/15 3093/2510/15 1703/2444/15
f 1703/2444/14 3093/2510/14 3092/2512/14 1704/2446/14
f 1704/2446/13 3092/2512/13 3091/2514/13 1705/2448/13
f 1705/2448/12 3091/2514/12 3090/2516/12 1706/2450/12
f 1706/2450/11 3090/2516/11 3089/2518/11 1707/2452/11
f 1707/2452/10 3089/2518/10 3088/2520/10 1708/2454/10
f 1708/2454/9 3088/2520/9 3087/2522/9 1709/2456/9
f 1709/2456/8 3087/2522/8 3086/2524/8 1710/2458/8
f 1710/2458/7 3086/2524/7 3085/2526/7 1711/2460/7
f 1711/2460/6 3085/2526/6 3084/2528/6 1712/2462/6
f 1712/2462/5 3084/2528/5 3083/2530/5 1713/2464/5
f 1713/2464/4 3083/2530/4 3082/2532/4 1714/2466/4
f 1714/2466/3 3082/2532/3 3080/330/3 1701/329/3
f 3096/236/16 1536/235/16 1549/2325/16 3109/2533/16
f 3109/2533/15 1549/2325/15 1548/2326/15 3108/2534/15
f 3108/2534/14 1548/2326/14 1547/2327/14 3107/2535/14
f 3107/2535/13 1547/2327/13 1546/2328/13 3106/2536/13
f 3106/2536/12 1546/2328/12 1545/2329/12 3105/2537/12
f 3105/2537/11 1545/2329/11 1544/2330/11 3104/2538/11
f 3104/2538/10 1544/2330/10 1543/2331/10 3103/2539/10
f 3103/2539/9 1543/2331/9 1542/2332/9 3102/2540/9
f 3102/2540/8 1542/2332/8 1541/2333/8 3101/2541/8
f 3101/2541/7 1541/2333/7 1540/2334/7 3100/2542/7
f 3100/2542/6 1540/2334/6 1539/2335/6 3099/2543/6
f 3099/2543/5 1539/2335/5 1538/2336/5 3098/2544/5
f 3098/2544/4 1538/2336/4 1537/2337/4 3097/2545/4
f 3097/2545/3 1537/2337/3 1535/352/3 3095/184/3
f 2615/185/16 3096/236/16 3109/2533/16 2617/2507/16
f 2617/2507/15 3109/2533/15 3108/2534/15 2618/2509/15
f 2618/2509/14 3108/2534/14 3107/2535/14 2619/2511/14
f 2619/2511/13 3107/2535/13 3106/2536/13 2620/2513/13
f 2620/2513/12 3106/2536/12 3105/2537/12 2621/2515/12
f 2621/2515/11 3105/2537/11 3104/2538/11 2622/2517/11
f 2622/2517/10 3104/2538/10 3103/2539/10 2623/2519/10
f 2623/2519/9 3103/2539/9 3102/2540/9 2624/2521/9
f 2624/2521/8 3102/2540/8 3101/2541/8 2625/2523/8
f 2625/2523/7 3101/2541/7 3100/2542/7 2626/2525/7
f 2626/2525/6 3100/2542/6 3099/2543/6 2627/2527/6
f 2627/2527/5 3099/2543/5 3098/2544/5 2628/2529/5
f 2628/2529/4 3098/2544/4 3097/2545/4 2629/2531/4
f 2629/2531/3 3097/2545/3 3095/184/3 2616/183/3
f 3111/523/16 1055/481/16 1057/2546/16 3124/2547/16
f 3124/2547/15 1057/2546/15 1058/2548/15 3123/2549/15
f 3123/2549/14 1058/2548/14 1059/2550/14 3122/2551/14
f 3122/2551/13 1059/2550/13 1060/2552/13 3121/2553/13
f 3121/2553/12 1060/2552/12 1061/2554/12 3120/2555/12
f 3120/2555/11 1061/2554/11 1062/2556/11 3119/2557/11
f 3119/2557/10 1062/2556/10 1063/2558/10 3118/2559/10
f 3118/2559/9 1063/2558/9 1064/2560/9 3117/2561/9
f 3117/2561/8 1064/2560/8 1065/2562/8 3116/2563/8
f 3116/2563/7 1065/2562/7 1066/2564/7 3115/2565/7
f 3115/2565/6 1066/2564/6 1067/2566/6 3114/2567/6
f 3114/2567/5 1067/2566/5 1068/2568/5 3113/2569/5
f 3113/2569/4 1068/2568/4 1069/2570/4 3112/2571/4
f 3112/2571/3 1069/2570/3 1056/350/3 3110/349/3
f 2601/461/16 3111/523/16 3124/2547/16 2614/2572/16
f 2614/2572/15 3124/2547/15 3123/2549/15 2613/2573/15
f 2613/2573/14 3123/2549/14 3122/2551/14 2612/2574/14
f 2612/2574/13 3122/2551/13 3121/2553/13 2611/2575/13
f 2611/2575/12 3121/2553/12 3120/2555/12 2610/2576/12
f 2610/2576/11 3120/2555/11 3119/2557/11 2609/2577/11
f 2609/2577/10 3119/2557/10 3118/2559/10 2608/2578/10
f 2608/2578/9 3118/2559/9 3117/2561/9 2607/2579/9
f 2607/2579/8 3117/2561/8 3116/2563/8 2606/2580/8
f 2606/2580/7 3116/2563/7 3115/2565/7 2605/2581/7
f 2605/2581/6 3115/2565/6 3114/2567/6 2604/2582/6
f 2604/2582/5 3114/2567/5 3113/2569/5 2603/2583/5
f 2603/2583/4 3113/2569/4 3112/2571/4 2602/2584/4
f 2602/2584/3 3112/2571/3 3110/349/3 2600/340/3
f 3126/174/16 2555/173/16 2557/2585/16 3139/2586/16
f 3139/2586/15 2557/2585/15 2558/2587/15 3138/2588/15
f 3138/2588/14 2558/2587/14 2559/2589/14 3137/2590/14
f 3137/2590/13 2559/2589/13 2560/2591/13 3136/2592/13
f 3136/2592/12 2560/2591/12 2561/2593/12 3135/2594/12
f 3135/2594/11 2561/2593/11 2562/2595/11 3134/2596/11
f 3134/2596/10 2562/2595/10 2563/2597/10 3133/2598/10
f 3133/2598/9 2563/2597/9 2564/2599/9 3132/2600/9
f 3132/2600/8 2564/2599/8 2565/2601/8 3131/2602/8
f 3131/2602/7 2565/2601/7 2566/2603/7 3130/2604/7
f 3130/2604/6 2566/2603/6 2567/2605/6 3129/2606/6
f 3129/2606/5 2567/2605/5 2568/2607/5 3128/2608/5
f 3128/2608/4 2568/2607/4 2569/2609/4 3127/2610/4
f 3127/2610/3 2569/2609/3 2556/376/3 3125/375/3
f 1716/201/16 3126/174/16 3139/2586/16 1729/2611/16
f 1729/2611/15 3139/2586/15 3138/2588/15 1728/2612/15
f 1728/2612/14 3138/2588/14 3137/2590/14 1727/2613/14
f 1727/2613/13 3137/2590/13 3136/2592/13 1726/2614/13
f 1726/2614/12 3136/2592/12 3135/2594/12 1725/2615/12
f 1725/2615/11 3135/2594/11 3134/2596/11 1724/2616/11
f 1724/2616/10 3134/2596/10 3133/2598/10 1723/2617/10
f 1723/2617/9 3133/2598/9 3132/2600/9 1722/2618/9
f 1722/2618/8 3132/2600/8 3131/2602/8 1721/2619/8
f 1721/2619/7 3131/2602/7 3130/2604/7 1720/2620/7
f 1720/2620/6 3130/2604/6 3129/2606/6 1719/2621/6
f 1719/2621/5 3129/2606/5 3128/2608/5 1718/2622/5
f 1718/2622/4 3128/2608/4 3127/2610/4 1717/2623/4
f 1717/2623/3 3127/2610/3 3125/375/3 1715/372/3
f 3141/108/16 1655/107/16 1657/2624/16 3154/2625/16
f 3154/2625/15 1657/2624/15 1658/2626/15 3153/2627/15
f 3153/2627/14 1658/2626/14 1659/2628/14 3152/2629/14
f 3152/2629/13 1659/2628/13 1660/2630/13 3151/2631/13
f 3151/2631/12 1660/2630/12 1661/2632/12 3150/2633/12
f 3150/2633/11 1661/2632/11 1662/2634/11 3149/2635/11
f 3149/2635/10 1662/2634/10 1663/2636/10 3148/2637/10
f 3148/2637/9 1663/2636/9 1664/2638/9 3147/2639/9
f 3147/2639/8 1664/2638/8 1665/2640/8 3146/2641/8
f 3146/2641/7 1665/2640/7 1666/2642/7 3145/2643/7
f 3145/2643/6 1666/2642/6 1667/2644/6 3144/2645/6
f 3144/2645/5 1667/2644/5 1668/2646/5 3143/2647/5
f 3143/2647/4 1668/2646/4 1669/2648/4 3142/2649/4
f 3142/2649/3 1669/2648/3 1656/385/3 3140/382/3
f 2555/173/16 3141/108/16 3154/2625/16 2557/2585/16
f 2557/2585/15 3154/2625/15 3153/2627/15 2558/2587/15
f 2558/2587/14 3153/2627/14 3152/2629/14 2559/2589/14
f 2559/2589/13 3152/2629/13 3151/2631/13 2560/2591/13
f 2560/2591/12 3151/2631/12 3150/2633/12 2561/2593/12
f 2561/2593/11 3150/2633/11 3149/2635/11 2562/2595/11
f 2562/2595/10 3149/2635/10 3148/2637/10 2563/2597/10
f 2563/2597/9 3148/2637/9 3147/2639/9 2564/2599/9
f 2564/2599/8 3147/2639/8 3146/2641/8 2565/2601/8
f 2565/2601/7 3146/2641/7 3145/2643/7 2566/2603/7
f 2566/2603/6 3145/2643/6 3144/2645/6 2567/2605/6
f 2567/2605/5 3144/2645/5 3143/2647/5 2568/2607/5
f 2568/2607/4 3143/2647/4 3142/2649/4 2569/2609/4
f 2569/2609/3 3142/2649/3 3140/382/3 2556/376/3
f 3156/48/16 1175/47/16 1177/2650/16 3169/2651/16
f 3169/2651/15 1177/2650/15 1178/2652/15 3168/2653/15
f 3168/2653/14 1178/2652/14 1179/2654/14 3167/2655/14
f 3167/2655/13 1179/2654/13 1180/2656/13 3166/2657/13
f 3166/2657/12 1180/2656/12 1181/2658/12 3165/2659/12
f 3165/2659/11 1181/2658/11 1182/2660/11 3164/2661/11
f 3164/2661/10 1182/2660/10 1183/2662/10 3163/2663/10
f 3163/2663/9 1183/2662/9 1184/2664/9 3162/2665/9
f 3162/2665/8 1184/2664/8 1185/2666/8 3161/2667/8
f 3161/2667/7 1185/2666/7 1186/2668/7 3160/2669/7
f 3160/2669/6 1186/2668/6 1187/2670/6 3159/2671/6
f 3159/2671/5 1187/2670/5 1188/2672/5 3158/2673/5
f 3158/2673/4 1188/2672/4 1189/2674/4 3157/2675/4
f 3157/2675/3 1189/2674/3 1176/368/3 3155/367/3
f 2541/189/16 3156/48/16 3169/2651/16 2554/2676/16
f 2554/2676/15 3169/2651/15 3168/2653/15 2553/2677/15
f 2553/2677/14 3168/2653/14 3167/2655/14 2552/2678/14
f 2552/2678/13 3167/2655/13 3166/2657/13 2551/2679/13
f 2551/2679/12 3166/2657/12 3165/2659/12 2550/2680/12
f 2550/2680/11 3165/2659/11 3164/2661/11 2549/2681/11
f 2549/2681/10 3164/2661/10 3163/2663/10 2548/2682/10
f 2548/2682/9 3163/2663/9 3162/2665/9 2547/2683/9
f 2547/2683/8 3162/2665/8 3161/2667/8 2546/2684/8
f 2546/2684/7 3161/2667/7 3160/2669/7 2545/2685/7
f 2545/2685/6 3160/2669/6 3159/2671/6 2544/2686/6
f 2544/2686/5 3159/2671/5 3158/2673/5 2543/2687/5
f 2543/2687/4 3158/2673/4 3157/2675/4 2542/2688/4
f 2542/2688/3 3157/2675/3 3155/367/3 2540/358/3
f 3171/162/16 2495/161/16 2497/2689/16 3184/2690/16
f 3184/2690/15 2497/2689/15 2498/2691/15 3183/2692/15
f 3183/2692/14 2498/2691/14 2499/2693/14 3182/2694/14
f 3182/2694/13 2499/2693/13 2500/2695/13 3181/2696/13
f 3181/2696/12 2500/2695/12 2501/2697/12 3180/2698/12
f 3180/2698/11 2501/2697/11 2502/2699/11 3179/2700/11
f 3179/2700/10 2502/2699/10 2503/2701/10 3178/2702/10
f 3178/2702/9 2503/2701/9 2504/2703/9 3177/2704/9
f 3177/2704/8 2504/2703/8 2505/2705/8 3176/2706/8
f 3176/2706/7 2505/2705/7 2506/2707/7 3175/2708/7
f 3175/2708/6 2506/2707/6 2507/2709/6 3174/2710/6
f 3174/2710/5 2507/2709/5 2508/2711/5 3173/2712/5
f 3173/2712/4 2508/2711/4 2509/2713/4 3172/2714/4
f 3172/2714/3 2509/2713/3 2496/394/3 3170/393/3
f 1625/445/16 3171/162/16 3184/2690/16 1627/2715/16
f 1627/2715/15 3184/2690/15 3183/2692/15 1628/2716/15
f 1628/2716/14 3183/2692/14 3182/2694/14 1629/2717/14
f 1629/2717/13 3182/2694/13 3181/2696/13 1630/2718/13
f 1630/2718/12 3181/2696/12 3180/2698/12 1631/2719/12
f 1631/2719/11 3180/2698/11 3179/2700/11 1632/2720/11
f 1632/2720/10 3179/2700/10 3178/2702/10 1633/2721/10
f 1633/2721/9 3178/2702/9 3177/2704/9 1634/2722/9
f 1634/2722/8 3177/2704/8 3176/2706/8 1635/2723/8
f 1635/2723/7 3176/2706/7 3175/2708/7 1636/2724/7
f 1636/2724/6 3175/2708/6 3174/2710/6 1637/2725/6
f 1637/2725/5 3174/2710/5 3173/2712/5 1638/2726/5
f 1638/2726/4 3173/2712/4 3172/2714/4 1639/2727/4
f 1639/2727/3 3172/2714/3 3170/393/3 1626/452/3
f 3186/202/16 1716/201/16 1729/2611/16 3199/2728/16
f 3199/2728/15 1729/2611/15 1728/2612/15 3198/2729/15
f 3198/2729/14 1728/2612/14 1727/2613/14 3197/2730/14
f 3197/2730/13 1727/2613/13 1726/2614/13 3196/2731/13
f 3196/2731/12 1726/2614/12 1725/2615/12 3195/2732/12
f 3195/2732/11 1725/2615/11 1724/2616/11 3194/2733/11
f 3194/2733/10 1724/2616/10 1723/2617/10 3193/2734/10
f 3193/2734/9 1723/2617/9 1722/2618/9 3192/2735/9
f 3192/2735/8 1722/2618/8 1721/2619/8 3191/2736/8
f 3191/2736/7 1721/2619/7 1720/2620/7 3190/2737/7
f 3190/2737/6 1720/2620/6 1719/2621/6 3189/2738/6
f 3189/2738/5 1719/2621/5 1718/2622/5 3188/2739/5
f 3188/2739/4 1718/2622/4 1717/2623/4 3187/2740/4
f 3187/2740/3 1717/2623/3 1715/372/3 3185/371/3
f 2495/161/16 3186/202/16 3199/2728/16 2497/2689/16
f 2497/2689/15 3199/2728/15 3198/2729/15 2498/2691/15
f 2498/2691/14 3198/2729/14 3197/2730/14 2499/2693/14
f 2499/2693/13 3197/2730/13 3196/2731/13 2500/2695/13
f 2500/2695/12 3196/2731/12 3195/2732/12 2501/2697/12
f 2501/2697/11 3195/2732/11 3194/2733/11 2502/2699/11
f 2502/2699/10 3194/2733/10 3193/2734/10 2503/2701/10
f 2503/2701/9 3193/2734/9 3192/2735/9 2504/2703/9
f 2504/2703/8 3192/2735/8 3191/2736/8 2505/2705/8
f 2505/2705/7 3191/2736/7 3190/2737/7 2506/2707/7
f 2506/2707/6 3190/2737/6 3189/2738/6 2507/2709/6
f 2507/2709/5 3189/2738/5 3188/2739/5 2508/2711/5
f 2508/2711/4 3188/2739/4 3187/2740/4 2509/2713/4
f 2509/2713/3 3187/2740/3 3185/371/3 2496/394/3
f 3201/511/16 1235/345/16 1237/2741/16 3214/2742/16
f 3214/2742/15 1237/2741/15 1238/2743/15 3213/2744/15
f 3213/2744/14 1238/2743/14 1239/2745/14 3212/2746/14
f 3212/2746/13 1239/2745/13 1240/2747/13 3211/2748/13
f 3211/2748/12 1240/2747/12 1241/2749/12 3210/2750/12
f 3210/2750/11 1241/2749/11 1242/2751/11 3209/2752/11
f 3209/2752/10 1242/2751/10 1243/2753/10 3208/2754/10
f 3208/2754/9 1243/2753/9 1244/2755/9 3207/2756/9
f 3207/2756/8 1244/2755/8 1245/2757/8 3206/2758/8
f 3206/2758/7 1245/2757/7 1246/2759/7 3205/2760/7
f 3205/2760/6 1246/2759/6 1247/2761/6 3204/2762/6
f 3204/2762/5 1247/2761/5 1248/2763/5 3203/2764/5
f 3203/2764/4 1248/2763/4 1249/2765/4 3202/2766/4
f 3202/2766/3 1249/2765/3 1236/390/3 3200/389/3
f 2481/341/16 3201/511/16 3214/2742/16 2494/2767/16
f 2494/2767/15 3214/2742/15 3213/2744/15 2493/2768/15
f 2493/2768/14 3213/2744/14 3212/2746/14 2492/2769/14
f 2492/2769/13 3212/2746/13 3211/2748/13 2491/2770/13
f 2491/2770/12 3211/2748/12 3210/2750/12 2490/2771/12
f 2490/2771/11 3210/2750/11 3209/2752/11 2489/2772/11
f 2489/2772/10 3209/2752/10 3208/2754/10 2488/2773/10
f 2488/2773/9 3208/2754/9 3207/2756/9 2487/2774/9
f 2487/2774/8 3207/2756/8 3206/2758/8 2486/2775/8
f 2486/2775/7 3206/2758/7 3205/2760/7 2485/2776/7
f 2485/2776/6 3205/2760/6 3204/2762/6 2484/2777/6
f 2484/2777/5 3204/2762/5 3203/2764/5 2483/2778/5
f 2483/2778/4 3203/2764/4 3202/2766/4 2482/2779/4
f 2482/2779/3 3202/2766/3 3200/389/3 2480/380/3
f 3216/150/16 2435/149/16 2437/2780/16 3229/2781/16
f 3229/2781/15 2437/2780/15 2438/2782/15 3228/2783/15
f 3228/2783/14 2438/2782/14 2439/2784/14 3227/2785/14
f 3227/2785/13 2439/2784/13 2440/2786/13 3226/2787/13
f 3226/2787/12 2440/2786/12 2441/2788/12 3225/2789/12
f 3225/2789/11 2441/2788/11 2442/2790/11 3224/2791/11
f 3224/2791/10 2442/2790/10 2443/2792/10 3223/2793/10
f 3223/2793/9 2443/2792/9 2444/2794/9 3222/2795/9
f 3222/2795/8 2444/2794/8 2445/2796/8 3221/2797/8
f 3221/2797/7 2445/2796/7 2446/2798/7 3220/2799/7
f 3220/2799/6 2446/2798/6 2447/2800/6 3219/2801/6
f 3219/2801/5 2447/2800/5 2448/2802/5 3218/2803/5
f 3218/2803/4 2448/2802/4 2449/2804/4 3217/2805/4
f 3217/2805/3 2449/2804/3 2436/148/3 3215/308/3
f 1760/319/16 3216/150/16 3229/2781/16 1762/2338/16
f 1762/2338/15 3229/2781/15 3228/2783/15 1763/2340/15
f 1763/2340/14 3228/2783/14 3227/2785/14 1764/2342/14
f 1764/2342/13 3227/2785/13 3226/2787/13 1765/2344/13
f 1765/2344/12 3226/2787/12 3225/2789/12 1766/2346/12
f 1766/2346/11 3225/2789/11 3224/2791/11 1767/2348/11
f 1767/2348/10 3224/2791/10 3223/2793/10 1768/2350/10
f 1768/2350/9 3223/2793/9 3222/2795/9 1769/2352/9
f 1769/2352/8 3222/2795/8 3221/2797/8 1770/2354/8
f 1770/2354/7 3221/2797/7 3220/2799/7 1771/2356/7
f 1771/2356/6 3220/2799/6 3219/2801/6 1772/2358/6
f 1772/2358/5 3219/2801/5 3218/2803/5 1773/2360/5
f 1773/2360/4 3218/2803/4 3217/2805/4 1774/2362/4
f 1774/2362/3 3217/2805/3 3215/308/3 1761/307/3
f 3231/410/16 1101/409/16 1114/2806/16 3244/2807/16
f 3244/2807/15 1114/2806/15 1113/2808/15 3243/2809/15
f 3243/2809/14 1113/2808/14 1112/2810/14 3242/2811/14
f 3242/2811/13 1112/2810/13 1111/2812/13 3241/2813/13
f 3241/2813/12 1111/2812/12 1110/2814/12 3240/2815/12
f 3240/2815/11 1110/2814/11 1109/2816/11 3239/2817/11
f 3239/2817/10 1109/2816/10 1108/2818/10 3238/2819/10
f 3238/2819/9 1108/2818/9 1107/2820/9 3237/2821/9
f 3237/2821/8 1107/2820/8 1106/2822/8 3236/2823/8
f 3236/2823/7 1106/2822/7 1105/2824/7 3235/2825/7
f 3235/2825/6 1105/2824/6 1104/2826/6 3234/2827/6
f 3234/2827/5 1104/2826/5 1103/2828/5 3233/2829/5
f 3233/2829/4 1103/2828/4 1102/2830/4 3232/2831/4
f 3232/2831/3 1102/2830/3 1100/12/3 3230/11/3
f 2435/149/16 3231/410/16 3244/2807/16 2437/2780/16
f 2437/2780/15 3244/2807/15 3243/2809/15 2438/2782/15
f 2438/2782/14 3243/2809/14 3242/2811/14 2439/2784/14
f 2439/2784/13 3242/2811/13 3241/2813/13 2440/2786/13
f 2440/2786/12 3241/2813/12 3240/2815/12 2441/2788/12
f 2441/2788/11 3240/2815/11 3239/2817/11 2442/2790/11
f 2442/2790/10 3239/2817/10 3238/2819/10 2443/2792/10
f 2443/2792/9 3238/2819/9 3237/2821/9 2444/2794/9
f 2444/2794/8 3237/2821/8 3236/2823/8 2445/2796/8
f 2445/2796/7 3236/2823/7 3235/2825/7 2446/2798/7
f 2446/2798/6 3235/2825/6 3234/2827/6 2447/2800/6
f 2447/2800/5 3234/2827/5 3233/2829/5 2448/2802/5
f 2448/2802/4 3233/2829/4 3232/2831/4 2449/2804/4
f 2449/2804/3 3232/2831/3 3230/11/3 2436/148/3
f 3246/466/16 1581/465/16 1594/2832/16 3259/2833/16
f 3259/2833/15 1594/2832/15 1593/2834/15 3258/2835/15
f 3258/2835/14 1593/2834/14 1592/2836/14 3257/2837/14
f 3257/2837/13 1592/2836/13 1591/2838/13 3256/2839/13
f 3256/2839/12 1591/2838/12 1590/2840/12 3255/2841/12
f 3255/2841/11 1590/2840/11 1589/2842/11 3254/2843/11
f 3254/2843/10 1589/2842/10 1588/2844/10 3253/2845/10
f 3253/2845/9 1588/2844/9 1587/2846/9 3252/2847/9
f 3252/2847/8 1587/2846/8 1586/2848/8 3251/2849/8
f 3251/2849/7 1586/2848/7 1585/2850/7 3250/2851/7
f 3250/2851/6 1585/2850/6 1584/2852/6 3249/2853/6
f 3249/2853/5 1584/2852/5 1583/2854/5 3248/2855/5
f 3248/2855/4 1583/2854/4 1582/2856/4 3247/2857/4
f 3247/2857/3 1582/2856/3 1580/510/3 3245/509/3
f 2421/223/16 3246/466/16 3259/2833/16 2434/2858/16
f 2434/2858/15 3259/2833/15 3258/2835/15 2433/2859/15
f 2433/2859/14 3258/2835/14 3257/2837/14 2432/2860/14
f 2432/2860/13 3257/2837/13 3256/2839/13 2431/2861/13
f 2431/2861/12 3256/2839/12 3255/2841/12 2430/2862/12
f 2430/2862/11 3255/2841/11 3254/2843/11 2429/2863/11
f 2429/2863/10 3254/2843/10 3253/2845/10 2428/2864/10
f 2428/2864/9 3253/2845/9 3252/2847/9 2427/2865/9
f 2427/2865/8 3252/2847/8 3251/2849/8 2426/2866/8
f 2426/2866/7 3251/2849/7 3250/2851/7 2425/2867/7
f 2425/2867/6 3250/2851/6 3249/2853/6 2424/2868/6
f 2424/2868/5 3249/2853/5 3248/2855/5 2423/2869/5
f 2423/2869/4 3248/2855/4 3247/2857/4 2422/2870/4
f 2422/2870/3 3247/2857/3 3245/509/3 2420/396/3
f 3261/140/16 2375/139/16 2377/2871/16 3274/2872/16
f 3274/2872/15 2377/2871/15 2378/2873/15 3273/2874/15
f 3273/2874/14 2378/2873/14 2379/2875/14 3272/2876/14
f 3272/2876/13 2379/2875/13 2380/2877/13 3271/2878/13
f 3271/2878/12 2380/2877/12 2381/2879/12 3270/2880/12
f 3270/2880/11 2381/2879/11 2382/2881/11 3269/2882/11
f 3269/2882/10 2382/2881/10 2383/2883/10 3268/2884/10
f 3268/2884/9 2383/2883/9 2384/2885/9 3267/2886/9
f 3267/2886/8 2384/2885/8 2385/2887/8 3266/2888/8
f 3266/2888/7 2385/2887/7 2386/2889/7 3265/2890/7
f 3265/2890/6 2386/2889/6 2387/2891/6 3264/2892/6
f 3264/2892/5 2387/2891/5 2388/2893/5 3263/2894/5
f 3263/2894/4 2388/2893/4 2389/2895/4 3262/2896/4
f 3262/2896/3 2389/2895/3 2376/426/3 3260/425/3
f 1776/165/16 3261/140/16 3274/2872/16 1789/2897/16
f 1789/2897/15 3274/2872/15 3273/2874/15 1788/2898/15
f 1788/2898/14 3273/2874/14 3272/2876/14 1787/2899/14
f 1787/2899/13 3272/2876/13 3271/2878/13 1786/2900/13
f 1786/2900/12 3271/2878/12 3270/2880/12 1785/2901/12
f 1785/2901/11 3270/2880/11 3269/2882/11 1784/2902/11
f 1784/2902/10 3269/2882/10 3268/2884/10 1783/2903/10
f 1783/2903/9 3268/2884/9 3267/2886/9 1782/2904/9
f 1782/2904/8 3267/2886/8 3266/2888/8 1781/2905/8
f 1781/2905/7 3266/2888/7 3265/2890/7 1780/2906/7
f 1780/2906/6 3265/2890/6 3264/2892/6 1779/2907/6
f 1779/2907/5 3264/2892/5 3263/2894/5 1778/2908/5
f 1778/2908/4 3263/2894/4 3262/2896/4 1777/2909/4
f 1777/2909/3 3262/2896/3 3260/425/3 1775/364/3
f 3276/432/16 981/431/16 994/2910/16 3289/2911/16
f 3289/2911/15 994/2910/15 993/2912/15 3288/2913/15
f 3288/2913/14 993/2912/14 992/2914/14 3287/2915/14
f 3287/2915/13 992/2914/13 991/2916/13 3286/2917/13
f 3286/2917/12 991/2916/12 990/2918/12 3285/2919/12
f 3285/2919/11 990/2918/11 989/2920/11 3284/2921/11
f 3284/2921/10 989/2920/10 988/2922/10 3283/2923/10
f 3283/2923/9 988/2922/9 987/2924/9 3282/2925/9
f 3282/2925/8 987/2924/8 986/2926/8 3281/2927/8
f 3281/2927/7 986/2926/7 985/2928/7 3280/2929/7
f 3280/2929/6 985/2928/6 984/2930/6 3279/2931/6
f 3279/2931/5 984/2930/5 983/2932/5 3278/2933/5
f 3278/2933/4 983/2932/4 982/2934/4 3277/2935/4
f 3277/2935/3 982/2934/3 980/242/3 3275/241/3
f 2375/139/16 3276/432/16 3289/2911/16 2377/2871/16
f 2377/2871/15 3289/2911/15 3288/2913/15 2378/2873/15
f 2378/2873/14 3288/2913/14 3287/2915/14 2379/2875/14
f 2379/2875/13 3287/2915/13 3286/2917/13 2380/2877/13
f 2380/2877/12 3286/2917/12 3285/2919/12 2381/2879/12
f 2381/2879/11 3285/2919/11 3284/2921/11 2382/2881/11
f 2382/2881/10 3284/2921/10 3283/2923/10 2383/2883/10
f 2383/2883/9 3283/2923/9 3282/2925/9 2384/2885/9
f 2384/2885/8 3282/2925/8 3281/2927/8 2385/2887/8
f 2385/2887/7 3281/2927/7 3280/2929/7 2386/2889/7
f 2386/2889/6 3280/2929/6 3279/2931/6 2387/2891/6
f 2387/2891/5 3279/2931/5 3278/2933/5 2388/2893/5
f 2388/2893/4 3278/2933/4 3277/2935/4 2389/2895/4
f 2389/2895/3 3277/2935/3 3275/241/3 2376/426/3
f 3291/402/16 1461/401/16 1474/2936/16 3304/2937/16
f 3304/2937/15 1474/2936/15 1473/2938/15 3303/2939/15
f 3303/2939/14 1473/2938/14 1472/2940/14 3302/2941/14
f 3302/2941/13 1472/2940/13 1471/2942/13 3301/2943/13
f 3301/2943/12 1471/2942/12 1470/2944/12 3300/2945/12
f 3300/2945/11 1470/2944/11 1469/2946/11 3299/2947/11
f 3299/2947/10 1469/2946/10 1468/2948/10 3298/2949/10
f 3298/2949/9 1468/2948/9 1467/2950/9 3297/2951/9
f 3297/2951/8 1467/2950/8 1466/2952/8 3296/2953/8
f 3296/2953/7 1466/2952/7 1465/2954/7 3295/2955/7
f 3295/2955/6 1465/2954/6 1464/2956/6 3294/2957/6
f 3294/2957/5 1464/2956/5 1463/2958/5 3293/2959/5
f 3293/2959/4 1463/2958/4 1462/2960/4 3292/2961/4
f 3292/2961/3 1462/2960/3 1460/58/3 3290/57/3
f 2361/153/16 3291/402/16 3304/2937/16 2374/2962/16
f 2374/2962/15 3304/2937/15 3303/2939/15 2373/2963/15
f 2373/2963/14 3303/2939/14 3302/2941/14 2372/2964/14
f 2372/2964/13 3302/2941/13 3301/2943/13 2371/2965/13
f 2371/2965/12 3301/2943/12 3300/2945/12 2370/2966/12
f 2370/2966/11 3300/2945/11 3299/2947/11 2369/2967/11
f 2369/2967/10 3299/2947/10 3298/2949/10 2368/2968/10
f 2368/2968/9 3298/2949/9 3297/2951/9 2367/2969/9
f 2367/2969/8 3297/2951/8 3296/2953/8 2366/2970/8
f 2366/2970/7 3296/2953/7 3295/2955/7 2365/2971/7
f 2365/2971/6 3295/2955/6 3294/2957/6 2364/2972/6
f 2364/2972/5 3294/2957/5 3293/2959/5 2363/2973/5
f 2363/2973/4 3293/2959/4 3292/2961/4 2362/2974/4
f 2362/2974/3 3292/2961/3 3290/57/3 2360/416/3
f 3306/128/16 2315/127/16 2317/2975/16 3319/2976/16
f 3319/2976/15 2317/2975/15 2318/2977/15 3318/2978/15
f 3318/2978/14 2318/2977/14 2319/2979/14 3317/2980/14
f 3317/2980/13 2319/2979/13 2320/2981/13 3316/2982/13
f 3316/2982/12 2320/2981/12 2321/2983/12 3315/2984/12
f 3315/2984/11 2321/2983/11 2322/2985/11 3314/2986/11
f 3314/2986/10 2322/2985/10 2323/2987/10 3313/2988/10
f 3313/2988/9 2323/2987/9 2324/2989/9 3312/2990/9
f 3312/2990/8 2324/2989/8 2325/2991/8 3311/2992/8
f 3311/2992/7 2325/2991/7 2326/2993/7 3310/2994/7
f 3310/2994/6 2326/2993/6 2327/2995/6 3309/2996/6
f 3309/2996/5 2327/2995/5 2328/2997/5 3308/2998/5
f 3308/2998/4 2328/2997/4 2329/2999/4 3307/3000/4
f 3307/3000/3 2329/2999/3 2316/125/3 3305/386/3
f 1655/107/16 3306/128/16 3319/2976/16 1657/2624/16
f 1657/2624/15 3319/2976/15 3318/2978/15 1658/2626/15
f 1658/2626/14 3318/2978/14 3317/2980/14 1659/2628/14
f 1659/2628/13 3317/2980/13 3316/2982/13 1660/2630/13
f 1660/2630/12 3316/2982/12 3315/2984/12 1661/2632/12
f 1661/2632/11 3315/2984/11 3314/2986/11 1662/2634/11
f 1662/2634/10 3314/2986/10 3313/2988/10 1663/2636/10
f 1663/2636/9 3313/2988/9 3312/2990/9 1664/2638/9
f 1664/2638/8 3312/2990/8 3311/2992/8 1665/2640/8
f 1665/2640/7 3311/2992/7 3310/2994/7 1666/2642/7
f 1666/2642/6 3310/2994/6 3309/2996/6 1667/2644/6
f 1667/2644/5 3309/2996/5 3308/2998/5 1668/2646/5
f 1668/2646/4 3308/2998/4 3307/3000/4 1669/2648/4
f 1669/2648/3 3307/3000/3 3305/386/3 1656/385/3
f 3321/166/16 1776/165/16 1789/2897/16 3334/3001/16
f 3334/3001/15 1789/2897/15 1788/2898/15 3333/3002/15
f 3333/3002/14 1788/2898/14 1787/2899/14 3332/3003/14
f 3332/3003/13 1787/2899/13 1786/2900/13 3331/3004/13
f 3331/3004/12 1786/2900/12 1785/2901/12 3330/3005/12
f 3330/3005/11 1785/2901/11 1784/2902/11 3329/3006/11
f 3329/3006/10 1784/2902/10 1783/2903/10 3328/3007/10
f 3328/3007/9 1783/2903/9 1782/2904/9 3327/3008/9
f 3327/3008/8 1782/2904/8 1781/2905/8 3326/3009/8
f 3326/3009/7 1781/2905/7 1780/2906/7 3325/3010/7
f 3325/3010/6 1780/2906/6 1779/2907/6 3324/3011/6
f 3324/3011/5 1779/2907/5 1778/2908/5 3323/3012/5
f 3323/3012/4 1778/2908/4 1777/2909/4 3322/3013/4
f 3322/3013/3 1777/2909/3 1775/364/3 3320/126/3
f 2315/127/16 3321/166/16 3334/3001/16 2317/2975/16
f 2317/2975/15 3334/3001/15 3333/3002/15 2318/2977/15
f 2318/2977/14 3333/3002/14 3332/3003/14 2319/2979/14
f 2319/2979/13 3332/3003/13 3331/3004/13 2320/2981/13
f 2320/2981/12 3331/3004/12 3330/3005/12 2321/2983/12
f 2321/2983/11 3330/3005/11 3329/3006/11 2322/2985/11
f 2322/2985/10 3329/3006/10 3328/3007/10 2323/2987/10
f 2323/2987/9 3328/3007/9 3327/3008/9 2324/2989/9
f 2324/2989/8 3327/3008/8 3326/3009/8 2325/2991/8
f 2325/2991/7 3326/3009/7 3325/3010/7 2326/2993/7
f 2326/2993/6 3325/3010/6 3324/3011/6 2327/2995/6
f 2327/2995/5 3324/3011/5 3323/3012/5 2328/2997/5
f 2328/2997/4 3323/3012/4 3322/3013/4 2329/2999/4
f 2329/2999/3 3322/3013/3 3320/126/3 2316/125/3
f 3336/22/16 1295/21/16 1297/3014/16 3349/3015/16
f 3349/3015/15 1297/3014/15 1298/3016/15 3348/3017/15
f 3348/3017/14 1298/3016/14 1299/3018/14 3347/3019/14
f 3347/3019/13 1299/3018/13 1300/3020/13 3346/3021/13
f 3346/3021/12 1300/3020/12 1301/3022/12 3345/3023/12
f 3345/3023/11 1301/3022/11 1302/3024/11 3344/3025/11
f 3344/3025/10 1302/3024/10 1303/3026/10 3343/3027/10
f 3343/3027/9 1303/3026/9 1304/3028/9 3342/3029/9
f 3342/3029/8 1304/3028/8 1305/3030/8 3341/3031/8
f 3341/3031/7 1305/3030/7 1306/3032/7 3340/3033/7
f 3340/3033/6 1306/3032/6 1307/3034/6 3339/3035/6
f 3339/3035/5 1307/3034/5 1308/3036/5 3338/3037/5
f 3338/3037/4 1308/3036/4 1309/3038/4 3337/3039/4
f 3337/3039/3 1309/3038/3 1296/440/3 3335/439/3
f 2301/397/16 3336/22/16 3349/3015/16 2314/3040/16
f 2314/3040/15 3349/3015/15 3348/3017/15 2313/3041/15
f 2313/3041/14 3348/3017/14 3347/3019/14 2312/3042/14
f 2312/3042/13 3347/3019/13 3346/3021/13 2311/3043/13
f 2311/3043/12 3346/3021/12 3345/3023/12 2310/3044/12
f 2310/3044/11 3345/3023/11 3344/3025/11 2309/3045/11
f 2309/3045/10 3344/3025/10 3343/3027/10 2308/3046/10
f 2308/3046/9 3343/3027/9 3342/3029/9 2307/3047/9
f 2307/3047/8 3342/3029/8 3341/3031/8 2306/3048/8
f 2306/3048/7 3341/3031/7 3340/3033/7 2305/3049/7
f 2305/3049/6 3340/3033/6 3339/3035/6 2304/3050/6
f 2304/3050/5 3339/3035/5 3338/3037/5 2303/3051/5
f 2303/3051/4 3338/3037/4 3337/3039/4 2302/3052/4
f 2302/3052/3 3337/3039/3 3335/439/3 2300/436/3
f 3351/116/16 2255/115/16 2257/3053/16 3364/3054/16
f 3364/3054/15 2257/3053/15 2258/3055/15 3363/3056/15
f 3363/3056/14 2258/3055/14 2259/3057/14 3362/3058/14
f 3362/3058/13 2259/3057/13 2260/3059/13 3361/3060/13
f 3361/3060/12 2260/3059/12 2261/3061/12 3360/3062/12
f 3360/3062/11 2261/3061/11 2262/3063/11 3359/3064/11
f 3359/3064/10 2262/3063/10 2263/3065/10 3358/3066/10
f 3358/3066/9 2263/3065/9 2264/3067/9 3357/3068/9
f 3357/3068/8 2264/3067/8 2265/3069/8 3356/3070/8
f 3356/3070/7 2265/3069/7 2266/3071/7 3355/3072/7
f 3355/3072/6 2266/3071/6 2267/3073/6 3354/3074/6
f 3354/3074/5 2267/3073/5 2268/3075/5 3353/3076/5
f 3353/3076/4 2268/3075/4 2269/3077/4 3352/3078/4
f 3352/3078/3 2269/3077/3 2256/113/3 3350/286/3
f 1820/297/16 3351/116/16 3364/3054/16 1822/2234/16
f 1822/2234/15 3364/3054/15 3363/3056/15 1823/2236/15
f 1823/2236/14 3363/3056/14 3362/3058/14 1824/2238/14
f 1824/2238/13 3362/3058/13 3361/3060/13 1825/2240/13
f 1825/2240/12 3361/3060/12 3360/3062/12 1826/2242/12
f 1826/2242/11 3360/3062/11 3359/3064/11 1827/2244/11
f 1827/2244/10 3359/3064/10 3358/3066/10 1828/2246/10
f 1828/2246/9 3358/3066/9 3357/3068/9 1829/2248/9
f 1829/2248/8 3357/3068/8 3356/3070/8 1830/2250/8
f 1830/2250/7 3356/3070/7 3355/3072/7 1831/2252/7
f 1831/2252/6 3355/3072/6 3354/3074/6 1832/2254/6
f 1832/2254/5 3354/3074/5 3353/3076/5 1833/2256/5
f 1833/2256/4 3353/3076/4 3352/3078/4 1834/2258/4
f 1834/2258/3 3352/3078/3 3350/286/3 1821/285/3
f 3366/454/16 1131/453/16 1144/3079/16 3379/3080/16
f 3379/3080/15 1144/3079/15 1143/3081/15 3378/3082/15
f 3378/3082/14 1143/3081/14 1142/3083/14 3377/3084/14
f 3377/3084/13 1142/3083/13 1141/3085/13 3376/3086/13
f 3376/3086/12 1141/3085/12 1140/3087/12 3375/3088/12
f 3375/3088/11 1140/3087/11 1139/3089/11 3374/3090/11
f 3374/3090/10 1139/3089/10 1138/3091/10 3373/3092/10
f 3373/3092/9 1138/3091/9 1137/3093/9 3372/3094/9
f 3372/3094/8 1137/3093/8 1136/3095/8 3371/3096/8
f 3371/3096/7 1136/3095/7 1135/3097/7 3370/3098/7
f 3370/3098/6 1135/3097/6 1134/3099/6 3369/3100/6
f 3369/3100/5 1134/3099/5 1133/3101/5 3368/3102/5
f 3368/3102/4 1133/3101/4 1132/3103/4 3367/3104/4
f 3367/3104/3 1132/3103/3 1130/254/3 3365/114/3
f 2255/115/16 3366/454/16 3379/3080/16 2257/3053/16
f 2257/3053/15 3379/3080/15 3378/3082/15 2258/3055/15
f 2258/3055/14 3378/3082/14 3377/3084/14 2259/3057/14
f 2259/3057/13 3377/3084/13 3376/3086/13 2260/3059/13
f 2260/3059/12 3376/3086/12 3375/3088/12 2261/3061/12
f 2261/3061/11 3375/3088/11 3374/3090/11 2262/3063/11
f 2262/3063/10 3374/3090/10 3373/3092/10 2263/3065/10
f 2263/3065/9 3373/3092/9 3372/3094/9 2264/3067/9
f 2264/3067/8 3372/3094/8 3371/3096/8 2265/3069/8
f 2265/3069/7 3371/3096/7 3370/3098/7 2266/3071/7
f 2266/3071/6 3370/3098/6 3369/3100/6 2267/3073/6
f 2267/3073/5 3369/3100/5 3368/3102/5 2268/3075/5
f 2268/3075/4 3368/3102/4 3367/3104/4 2269/3077/4
f 2269/3077/3 3367/3104/3 3365/114/3 2256/113/3
f 3381/52/16 1611/51/16 1624/3105/16 3394/3106/16
f 3394/3106/15 1624/3105/15 1623/3107/15 3393/3108/15
f 3393/3108/14 1623/3107/14 1622/3109/14 3392/3110/14
f 3392/3110/13 1622/3109/13 1621/3111/13 3391/3112/13
f 3391/3112/12 1621/3111/12 1620/3113/12 3390/3114/12
f 3390/3114/11 1620/3113/11 1619/3115/11 3389/3116/11
f 3389/3116/10 1619/3115/10 1618/3117/10 3388/3118/10
f 3388/3118/9 1618/3117/9 1617/3119/9 3387/3120/9
f 3387/3120/8 1617/3119/8 1616/3121/8 3386/3122/8
f 3386/3122/7 1616/3121/7 1615/3123/7 3385/3124/7
f 3385/3124/6 1615/3123/6 1614/3125/6 3384/3126/6
f 3384/3126/5 1614/3125/5 1613/3127/5 3383/3128/5
f 3383/3128/4 1613/3127/4 1612/3129/4 3382/3130/4
f 3382/3130/3 1612/3129/3 1610/534/3 3380/533/3
f 2241/87/16 3381/52/16 3394/3106/16 2254/3131/16
f 2254/3131/15 3394/3106/15 3393/3108/15 2253/3132/15
f 2253/3132/14 3393/3108/14 3392/3110/14 2252/3133/14
f 2252/3133/13 3392/3110/13 3391/3112/13 2251/3134/13
f 2251/3134/12 3391/3112/12 3390/3114/12 2250/3135/12
f 2250/3135/11 3390/3114/11 3389/3116/11 2249/3136/11
f 2249/3136/10 3389/3116/10 3388/3118/10 2248/3137/10
f 2248/3137/9 3388/3118/9 3387/3120/9 2247/3138/9
f 2247/3138/8 3387/3120/8 3386/3122/8 2246/3139/8
f 2246/3139/7 3386/3122/7 3385/3124/7 2245/3140/7
f 2245/3140/6 3385/3124/6 3384/3126/6 2244/3141/6
f 2244/3141/5 3384/3126/5 3383/3128/5 2243/3142/5
f 2243/3142/4 3383/3128/4 3382/3130/4 2242/3143/4
f 2242/3143/3 3382/3130/3 3380/533/3 2240/442/3
f 3396/104/16 2195/103/16 2197/3144/16 3409/3145/16
f 3409/3145/15 2197/3144/15 2198/3146/15 3408/3147/15
f 3408/3147/14 2198/3146/14 2199/3148/14 3407/3149/14
f 3407/3149/13 2199/3148/13 2200/3150/13 3406/3151/13
f 3406/3151/12 2200/3150/12 2201/3152/12 3405/3153/12
f 3405/3153/11 2201/3152/11 2202/3154/11 3404/3155/11
f 3404/3155/10 2202/3154/10 2203/3156/10 3403/3157/10
f 3403/3157/9 2203/3156/9 2204/3158/9 3402/3159/9
f 3402/3159/8 2204/3158/8 2205/3160/8 3401/3161/8
f 3401/3161/7 2205/3160/7 2206/3162/7 3400/3163/7
f 3400/3163/6 2206/3162/6 2207/3164/6 3399/3165/6
f 3399/3165/5 2207/3164/5 2208/3166/5 3398/3167/5
f 3398/3167/4 2208/3166/4 2209/3168/4 3397/3169/4
f 3397/3169/3 2209/3168/3 2196/159/3 3395/32/3
f 1836/131/16 3396/104/16 3409/3145/16 1849/3170/16
f 1849/3170/15 3409/3145/15 3408/3147/15 1848/3171/15
f 1848/3171/14 3408/3147/14 3407/3149/14 1847/3172/14
f 1847/3172/13 3407/3149/13 3406/3151/13 1846/3173/13
f 1846/3173/12 3406/3151/12 3405/3153/12 1845/3174/12
f 1845/3174/11 3405/3153/11 3404/3155/11 1844/3175/11
f 1844/3175/10 3404/3155/10 3403/3157/10 1843/3176/10
f 1843/3176/9 3403/3157/9 3402/3159/9 1842/3177/9
f 1842/3177/8 3402/3159/8 3401/3161/8 1841/3178/8
f 1841/3178/7 3401/3161/7 3400/3163/7 1840/3179/7
f 1840/3179/6 3400/3163/6 3399/3165/6 1839/3180/6
f 1839/3180/5 3399/3165/5 3398/3167/5 1838/3181/5
f 1838/3181/4 3398/3167/4 3397/3169/4 1837/3182/4
f 1837/3182/3 3397/3169/3 3395/32/3 1835/31/3
f 3411/472/16 1011/471/16 1024/3183/16 3424/3184/16
f 3424/3184/15 1024/3183/15 1023/3185/15 3423/3186/15
f 3423/3186/14 1023/3185/14 1022/3187/14 3422/3188/14
f 3422/3188/13 1022/3187/13 1021/3189/13 3421/3190/13
f 3421/3190/12 1021/3189/12 1020/3191/12 3420/3192/12
f 3420/3192/11 1020/3191/11 1019/3193/11 3419/3194/11
f 3419/3194/10 1019/3193/10 1018/3195/10 3418/3196/10
f 3418/3196/9 1018/3195/9 1017/3197/9 3417/3198/9
f 3417/3198/8 1017/3197/8 1016/3199/8 3416/3200/8
f 3416/3200/7 1016/3199/7 1015/3201/7 3415/3202/7
f 3415/3202/6 1015/3201/6 1014/3203/6 3414/3204/6
f 3414/3204/5 1014/3203/5 1013/3205/5 3413/3206/5
f 3413/3206/4 1013/3205/4 1012/3207/4 3412/3208/4
f 3412/3208/3 1012/3207/3 1010/3209/3 3410/160/3
f 2195/103/16 3411/472/16 3424/3184/16 2197/3144/16
f 2197/3144/15 3424/3184/15 3423/3186/15 2198/3146/15
f 2198/3146/14 3423/3186/14 3422/3188/14 2199/3148/14
f 2199/3148/13 3422/3188/13 3421/3190/13 2200/3150/13
f 2200/3150/12 3421/3190/12 3420/3192/12 2201/3152/12
f 2201/3152/11 3420/3192/11 3419/3194/11 2202/3154/11
f 2202/3154/10 3419/3194/10 3418/3196/10 2203/3156/10
f 2203/3156/9 3418/3196/9 3417/3198/9 2204/3158/9
f 2204/3158/8 3417/3198/8 3416/3200/8 2205/3160/8
f 2205/3160/7 3416/3200/7 3415/3202/7 2206/3162/7
f 2206/3162/6 3415/3202/6 3414/3204/6 2207/3164/6
f 2207/3164/5 3414/3204/5 3413/3206/5 2208/3166/5
f 2208/3166/4 3413/3206/4 3412/3208/4 2209/3168/4
f 2209/3168/3 3412/3208/3 3410/160/3 2196/159/3
f 3426/448/16 1491/447/16 1504/3210/16 3439/3211/16
f 3439/3211/15 1504/3210/15 1503/3212/15 3438/3213/15
f 3438/3213/14 1503/3212/14 1502/3214/14 3437/3215/14
f 3437/3215/13 1502/3214/13 1501/3216/13 3436/3217/13
f 3436/3217/12 1501/3216/12 1500/3218/12 3435/3219/12
f 3435/3219/11 1500/3218/11 1499/3220/11 3434/3221/11
f 3434/3221/10 1499/3220/10 1498/3222/10 3433/3223/10
f 3433/3223/9 1498/3222/9 1497/3224/9 3432/3225/9
f 3432/3225/8 1497/3224/8 1496/3226/8 3431/3227/8
f 3431/3227/7 1496/3226/7 1495/3228/7 3430/3229/7
f 3430/3229/6 1495/3228/6 1494/3230/6 3429/3231/6
f 3429/3231/5 1494/3230/5 1493/3232/5 3428/3233/5
f 3428/3233/4 1493/3232/4 1492/3234/4 3427/3235/4
f 3427/3235/3 1492/3234/3 1490/542/3 3425/538/3
f 2181/119/16 3426/448/16 3439/3211/16 2194/3236/16
f 2194/3236/15 3439/3211/15 3438/3213/15 2193/3237/15
f 2193/3237/14 3438/3213/14 3437/3215/14 2192/3238/14
f 2192/3238/13 3437/3215/13 3436/3217/13 2191/3239/13
f 2191/3239/12 3436/3217/12 3435/3219/12 2190/3240/12
f 2190/3240/11 3435/3219/11 3434/3221/11 2189/3241/11
f 2189/3241/10 3434/3221/10 3433/3223/10 2188/3242/10
f 2188/3242/9 3433/3223/9 3432/3225/9 2187/3243/9
f 2187/3243/8 3432/3225/8 3431/3227/8 2186/3244/8
f 2186/3244/7 3431/3227/7 3430/3229/7 2185/3245/7
f 2185/3245/6 3430/3229/6 3429/3231/6 2184/3246/6
f 2184/3246/5 3429/3231/5 3428/3233/5 2183/3247/5
f 2183/3247/4 3428/3233/4 3427/3235/4 2182/3248/4
f 2182/3248/3 3427/3235/3 3425/538/3 2180/460/3
f 3441/92/16 2135/91/16 2137/3249/16 3454/3250/16
f 3454/3250/15 2137/3249/15 2138/3251/15 3453/3252/15
f 3453/3252/14 2138/3251/14 2139/3253/14 3452/3254/14
f 3452/3254/13 2139/3253/13 2140/3255/13 3451/3256/13
f 3451/3256/12 2140/3255/12 2141/3257/12 3450/3258/12
f 3450/3258/11 2141/3257/11 2142/3259/11 3449/3260/11
f 3449/3260/10 2142/3259/10 2143/3261/10 3448/3262/10
f 3448/3262/9 2143/3261/9 2144/3263/9 3447/3264/9
f 3447/3264/8 2144/3263/8 2145/3265/8 3446/3266/8
f 3446/3266/7 2145/3265/7 2146/3267/7 3445/3268/7
f 3445/3268/6 2146/3267/6 2147/3269/6 3444/3270/6
f 3444/3270/5 2147/3269/5 2148/3271/5 3443/3272/5
f 3443/3272/4 2148/3271/4 2149/3273/4 3442/3274/4
f 3442/3274/3 2149/3273/3 2136/218/3 3440/490/3
f 1641/535/16 3441/92/16 3454/3250/16 1654/3275/16
f 1654/3275/15 3454/3250/15 3453/3252/15 1653/3276/15
f 1653/3276/14 3453/3252/14 3452/3254/14 1652/3277/14
f 1652/3277/13 3452/3254/13 3451/3256/13 1651/3278/13
f 1651/3278/12 3451/3256/12 3450/3258/12 1650/3279/12
f 1650/3279/11 3450/3258/11 3449/3260/11 1649/3280/11
f 1649/3280/10 3449/3260/10 3448/3262/10 1648/3281/10
f 1648/3281/9 3448/3262/9 3447/3264/9 1647/3282/9
f 1647/3282/8 3447/3264/8 3446/3266/8 1646/3283/8
f 1646/3283/7 3446/3266/7 3445/3268/7 1645/3284/7
f 1645/3284/6 3445/3268/6 3444/3270/6 1644/3285/6
f 1644/3285/5 3444/3270/5 3443/3272/5 1643/3286/5
f 1643/3286/4 3443/3272/4 3442/3274/4 1642/3287/4
f 1642/3287/3 3442/3274/3 3440/490/3 1640/354/3
f 3456/132/16 1836/131/16 1849/3170/16 3469/3288/16
f 3469/3288/15 1849/3170/15 1848/3171/15 3468/3289/15
f 3468/3289/14 1848/3171/14 1847/3172/14 3467/3290/14
f 3467/3290/13 1847/3172/13 1846/3173/13 3466/3291/13
f 3466/3291/12 1846/3173/12 1845/3174/12 3465/3292/12
f 3465/3292/11 1845/3174/11 1844/3175/11 3464/3293/11
f 3464/3293/10 1844/3175/10 1843/3176/10 3463/3294/10
f 3463/3294/9 1843/3176/9 1842/3177/9 3462/3295/9
f 3462/3295/8 1842/3177/8 1841/3178/8 3461/3296/8
f 3461/3296/7 1841/3178/7 1840/3179/7 3460/3297/7
f 3460/3297/6 1840/3179/6 1839/3180/6 3459/3298/6
f 3459/3298/5 1839/3180/5 1838/3181/5 3458/3299/5
f 3458/3299/4 1838/3181/4 1837/3182/4 3457/3300/4
f 3457/3300/3 1837/3182/3 1835/31/3 3455/38/3
f 2135/91/16 3456/132/16 3469/3288/16 2137/3249/16
f 2137/3249/15 3469/3288/15 3468/3289/15 2138/3251/15
f 2138/3251/14 3468/3289/14 3467/3290/14 2139/3253/14
f 2139/3253/13 3467/3290/13 3466/3291/13 2140/3255/13
f 2140/3255/12 3466/3291/12 3465/3292/12 2141/3257/12
f 2141/3257/11 3465/3292/11 3464/3293/11 2142/3259/11
f 2142/3259/10 3464/3293/10 3463/3294/10 2143/3261/10
f 2143/3261/9 3463/3294/9 3462/3295/9 2144/3263/9
f 2144/3263/8 3462/3295/8 3461/3296/8 2145/3265/8
f 2145/3265/7 3461/3296/7 3460/3297/7 2146/3267/7
f 2146/3267/6 3460/3297/6 3459/3298/6 2147/3269/6
f 2147/3269/5 3459/3298/5 3458/3299/5 2148/3271/5
f 2148/3271/4 3458/3299/4 3457/3300/4 2149/3273/4
f 2149/3273/3 3457/3300/3 3455/38/3 2136/218/3
f 3471/34/16 1355/33/16 1357/3301/16 3484/3302/16
f 3484/3302/15 1357/3301/15 1358/3303/15 3483/3304/15
f 3483/3304/14 1358/3303/14 1359/3305/14 3482/3306/14
f 3482/3306/13 1359/3305/13 1360/3307/13 3481/3308/13
f 3481/3308/12 1360/3307/12 1361/3309/12 3480/3310/12
f 3480/3310/11 1361/3309/11 1362/3311/11 3479/3312/11
f 3479/3312/10 1362/3311/10 1363/3313/10 3478/3314/10
f 3478/3314/9 1363/3313/9 1364/3315/9 3477/3316/9
f 3477/3316/8 1364/3315/8 1365/3317/8 3476/3318/8
f 3476/3318/7 1365/3317/7 1366/3319/7 3475/3320/7
f 3475/3320/6 1366/3319/6 1367/3321/6 3474/3322/6
f 3474/3322/5 1367/3321/5 1368/3323/5 3473/3324/5
f 3473/3324/4 1368/3323/4 1369/3325/4 3472/3326/4
f 3472/3326/3 1369/3325/3 1356/486/3 3470/485/3
f 2121/443/16 3471/34/16 3484/3302/16 2134/3327/16
f 2134/3327/15 3484/3302/15 3483/3304/15 2133/3328/15
f 2133/3328/14 3483/3304/14 3482/3306/14 2132/3329/14
f 2132/3329/13 3482/3306/13 3481/3308/13 2131/3330/13
f 2131/3330/12 3481/3308/12 3480/3310/12 2130/3331/12
f 2130/3331/11 3480/3310/11 3479/3312/11 2129/3332/11
f 2129/3332/10 3479/3312/10 3478/3314/10 2128/3333/10
f 2128/3333/9 3478/3314/9 3477/3316/9 2127/3334/9
f 2127/3334/8 3477/3316/8 3476/3318/8 2126/3335/8
f 2126/3335/7 3476/3318/7 3475/3320/7 2125/3336/7
f 2125/3336/6 3475/3320/6 3474/3322/6 2124/3337/6
f 2124/3337/5 3474/3322/5 3473/3324/5 2123/3338/5
f 2123/3338/4 3473/3324/4 3472/3326/4 2122/3339/4
f 2122/3339/3 3472/3326/3 3470/485/3 2120/478/3
f 3486/80/16 2075/79/16 2077/3340/16 3499/3341/16
f 3499/3341/15 2077/3340/15 2078/3342/15 3498/3343/15
f 3498/3343/14 2078/3342/14 2079/3344/14 3497/3345/14
f 3497/3345/13 2079/3344/13 2080/3346/13 3496/3347/13
f 3496/3347/12 2080/3346/12 2081/3348/12 3495/3349/12
f 3495/3349/11 2081/3348/11 2082/3350/11 3494/3351/11
f 3494/3351/10 2082/3350/10 2083/3352/10 3493/3353/10
f 3493/3353/9 2083/3352/9 2084/3354/9 3492/3355/9
f 3492/3355/8 2084/3354/8 2085/3356/8 3491/3357/8
f 3491/3357/7 2085/3356/7 2086/3358/7 3490/3359/7
f 3490/3359/6 2086/3358/6 2087/3360/6 3489/3361/6
f 3489/3361/5 2087/3360/5 2088/3362/5 3488/3363/5
f 3488/3363/4 2088/3362/4 2089/3364/4 3487/3365/4
f 3487/3365/3 2089/3364/3 2076/77/3 3485/262/3
f 1880/273/16 3486/80/16 3499/3341/16 1882/2130/16
f 1882/2130/15 3499/3341/15 3498/3343/15 1883/2132/15
f 1883/2132/14 3498/3343/14 3497/3345/14 1884/2134/14
f 1884/2134/13 3497/3345/13 3496/3347/13 1885/2136/13
f 1885/2136/12 3496/3347/12 3495/3349/12 1886/2138/12
f 1886/2138/11 3495/3349/11 3494/3351/11 1887/2140/11
f 1887/2140/10 3494/3351/10 3493/3353/10 1888/2142/10
f 1888/2142/9 3493/3353/9 3492/3355/9 1889/2144/9
f 1889/2144/8 3492/3355/8 3491/3357/8 1890/2146/8
f 1890/2146/7 3491/3357/7 3490/3359/7 1891/2148/7
f 1891/2148/6 3490/3359/6 3489/3361/6 1892/2150/6
f 1892/2150/5 3489/3361/5 3488/3363/5 1893/2152/5
f 1893/2152/4 3488/3363/4 3487/3365/4 1894/2154/4
f 1894/2154/3 3487/3365/3 3485/262/3 1881/261/3
f 3501/501/16 1521/539/16 1534/2221/16 3514/3366/16
f 3514/3366/15 1534/2221/15 1533/2222/15 3513/3367/15
f 3513/3367/14 1533/2222/14 1532/2223/14 3512/3368/14
f 3512/3368/13 1532/2223/13 1531/2224/13 3511/3369/13
f 3511/3369/12 1531/2224/12 1530/2225/12 3510/3370/12
f 3510/3370/11 1530/2225/11 1529/2226/11 3509/3371/11
f 3509/3371/10 1529/2226/10 1528/2227/10 3508/3372/10
f 3508/3372/9 1528/2227/9 1527/2228/9 3507/3373/9
f 3507/3373/8 1527/2228/8 1526/2229/8 3506/3374/8
f 3506/3374/7 1526/2229/7 1525/2230/7 3505/3375/7
f 3505/3375/6 1525/2230/6 1524/2231/6 3504/3376/6
f 3504/3376/5 1524/2231/5 1523/2232/5 3503/3377/5
f 3503/3377/4 1523/2232/4 1522/2233/4 3502/3378/4
f 3502/3378/3 1522/2233/3 1520/500/3 3500/78/3
f 2075/79/16 3501/501/16 3514/3366/16 2077/3340/16
f 2077/3340/15 3514/3366/15 3513/3367/15 2078/3342/15
f 2078/3342/14 3513/3367/14 3512/3368/14 2079/3344/14
f 2079/3344/13 3512/3368/13 3511/3369/13 2080/3346/13
f 2080/3346/12 3511/3369/12 3510/3370/12 2081/3348/12
f 2081/3348/11 3510/3370/11 3509/3371/11 2082/3350/11
f 2082/3350/10 3509/3371/10 3508/3372/10 2083/3352/10
f 2083/3352/9 3508/3372/9 3507/3373/9 2084/3354/9
f 2084/3354/8 3507/3373/8 3506/3374/8 2085/3356/8
f 2085/3356/7 3506/3374/7 3505/3375/7 2086/3358/7
f 2086/3358/6 3505/3375/6 3504/3376/6 2087/3360/6
f 2087/3360/5 3504/3376/5 3503/3377/5 2088/3362/5
f 2088/3362/4 3503/3377/4 3502/3378/4 2089/3364/4
f 2089/3364/3 3502/3378/3 3500/78/3 2076/77/3
f 3516/2/16 1040/1/16 1042/3379/16 3529/3380/16
f 3529/3380/15 1042/3379/15 1043/3381/15 3528/3382/15
f 3528/3382/14 1043/3381/14 1044/3383/14 3527/3384/14
f 3527/3384/13 1044/3383/13 1045/3385/13 3526/3386/13
f 3526/3386/12 1045/3385/12 1046/3387/12 3525/3388/12
f 3525/3388/11 1046/3387/11 1047/3389/11 3524/3390/11
f 3524/3390/10 1047/3389/10 1048/3391/10 3523/3392/10
f 3523/3392/9 1048/3391/9 1049/3393/9 3522/3394/9
f 3522/3394/8 1049/3393/8 1050/3395/8 3521/3396/8
f 3521/3396/7 1050/3395/7 1051/3397/7 3520/3398/7
f 3520/3398/6 1051/3397/6 1052/3399/6 3519/3400/6
f 3519/3400/5 1052/3399/5 1053/3401/5 3518/3402/5
f 3518/3402/4 1053/3401/4 1054/3403/4 3517/3404/4
f 3517/3404/3 1054/3403/3 1041/498/3 3515/497/3
f 2061/417/16 3516/2/16 3529/3380/16 2074/3405/16
f 2074/3405/15 3529/3380/15 3528/3382/15 2073/3406/15
f 2073/3406/14 3528/3382/14 3527/3384/14 2072/3407/14
f 2072/3407/13 3527/3384/13 3526/3386/13 2071/3408/13
f 2071/3408/12 3526/3386/12 3525/3388/12 2070/3409/12
f 2070/3409/11 3525/3388/11 3524/3390/11 2069/3410/11
f 2069/3410/10 3524/3390/10 3523/3392/10 2068/3411/10
f 2068/3411/9 3523/3392/9 3522/3394/9 2067/3412/9
f 2067/3412/8 3522/3394/8 3521/3396/8 2066/3413/8
f 2066/3413/7 3521/3396/7 3520/3398/7 2065/3414/7
f 2065/3414/6 3520/3398/6 3519/3400/6 2064/3415/6
f 2064/3415/5 3519/3400/5 3518/3402/5 2063/3416/5
f 2063/3416/4 3518/3402/4 3517/3404/4 2062/3417/4
f 2062/3417/3 3517/3404/3 3515/497/3 2060/492/3
f 3531/68/16 2015/67/16 2017/3418/16 3544/3419/16
f 3544/3419/15 2017/3418/15 2018/3420/15 3543/3421/15
f 3543/3421/14 2018/3420/14 2019/3422/14 3542/3423/14
f 3542/3423/13 2019/3422/13 2020/3424/13 3541/3425/13
f 3541/3425/12 2020/3424/12 2021/3426/12 3540/3427/12
f 3540/3427/11 2021/3426/11 2022/3428/11 3539/3429/11
f 3539/3429/10 2022/3428/10 2023/3430/10 3538/3431/10
f 3538/3431/9 2023/3430/9 2024/3432/9 3537/3433/9
f 3537/3433/8 2024/3432/8 2025/3434/8 3536/3435/8
f 3536/3435/7 2025/3434/7 2026/3436/7 3535/3437/7
f 3535/3437/6 2026/3436/6 2027/3438/6 3534/3439/6
f 3534/3439/5 2027/3438/5 2028/3440/5 3533/3441/5
f 3533/3441/4 2028/3440/4 2029/3442/4 3532/3443/4
f 3532/3443/3 2029/3442/3 2016/195/3 3530/20/3
f 1896/95/16 3531/68/16 3544/3419/16 1909/3444/16
f 1909/3444/15 3544/3419/15 3543/3421/15 1908/3445/15
f 1908/3445/14 3543/3421/14 3542/3423/14 1907/3446/14
f 1907/3446/13 3542/3423/13 3541/3425/13 1906/3447/13
f 1906/3447/12 3541/3425/12 3540/3427/12 1905/3448/12
f 1905/3448/11 3540/3427/11 3539/3429/11 1904/3449/11
f 1904/3449/10 3539/3429/10 3538/3431/10 1903/3450/10
f 1903/3450/9 3538/3431/9 3537/3433/9 1902/3451/9
f 1902/3451/8 3537/3433/8 3536/3435/8 1901/3452/8
f 1901/3452/7 3536/3435/7 3535/3437/7 1900/3453/7
f 1900/3453/6 3535/3437/6 3534/3439/6 1899/3454/6
f 1899/3454/5 3534/3439/5 3533/3441/5 1898/3455/5
f 1898/3455/4 3533/3441/4 3532/3443/4 1897/3456/4
f 1897/3456/3 3532/3443/3 3530/20/3 1895/19/3
f 3546/517/16 1641/535/16 1654/3275/16 3559/3457/16
f 3559/3457/15 1654/3275/15 1653/3276/15 3558/3458/15
f 3558/3458/14 1653/3276/14 1652/3277/14 3557/3459/14
f 3557/3459/13 1652/3277/13 1651/3278/13 3556/3460/13
f 3556/3460/12 1651/3278/12 1650/3279/12 3555/3461/12
f 3555/3461/11 1650/3279/11 1649/3280/11 3554/3462/11
f 3554/3462/10 1649/3280/10 1648/3281/10 3553/3463/10
f 3553/3463/9 1648/3281/9 1647/3282/9 3552/3464/9
f 3552/3464/8 1647/3282/8 1646/3283/8 3551/3465/8
f 3551/3465/7 1646/3283/7 1645/3284/7 3550/3466/7
f 3550/3466/6 1645/3284/6 1644/3285/6 3549/3467/6
f 3549/3467/5 1644/3285/5 1643/3286/5 3548/3468/5
f 3548/3468/4 1643/3286/4 1642/3287/4 3547/3469/4
f 3547/3469/3 1642/3287/3 1640/354/3 3545/196/3
f 2015/67/16 3546/517/16 3559/3457/16 2017/3418/16
f 2017/3418/15 3559/3457/15 3558/3458/15 2018/3420/15
f 2018/3420/14 3558/3458/14 3557/3459/14 2019/3422/14
f 2019/3422/13 3557/3459/13 3556/3460/13 2020/3424/13
f 2020/3424/12 3556/3460/12 3555/3461/12 2021/3426/12
f 2021/3426/11 3555/3461/11 3554/3462/11 2022/3428/11
f 2022/3428/10 3554/3462/10 3553/3463/10 2023/3430/10
f 2023/3430/9 3553/3463/9 3552/3464/9 2024/3432/9
f 2024/3432/8 3552/3464/8 3551/3465/8 2025/3434/8
f 2025/3434/7 3551/3465/7 3550/3466/7 2026/3436/7
f 2026/3436/6 3550/3466/6 3549/3467/6 2027/3438/6
f 2027/3438/5 3549/3467/5 3548/3468/5 2028/3440/5
f 2028/3440/4 3548/3468/4 3547/3469/4 2029/3442/4
f 2029/3442/3 3547/3469/3 3545/196/3 2016/195/3
f 3561/321/16 1160/276/16 1162/3470/16 3574/3471/16
f 3574/3471/15 1162/3470/15 1163/3472/15 3573/3473/15
f 3573/3473/14 1163/3472/14 1164/3474/14 3572/3475/14
f 3572/3475/13 1164/3474/13 1165/3476/13 3571/3477/13
f 3571/3477/12 1165/3476/12 1166/3478/12 3570/3479/12
f 3570/3479/11 1166/3478/11 1167/3480/11 3569/3481/11
f 3569/3481/10 1167/3480/10 1168/3482/10 3568/3483/10
f 3568/3483/9 1168/3482/9 1169/3484/9 3567/3485/9
f 3567/3485/8 1169/3484/8 1170/3486/8 3566/3487/8
f 3566/3487/7 1170/3486/7 1171/3488/7 3565/3489/7
f 3565/3489/6 1171/3488/6 1172/3490/6 3564/3491/6
f 3564/3491/5 1172/3490/5 1173/3492/5 3563/3493/5
f 3563/3493/4 1173/3492/4 1174/3494/4 3562/3495/4
f 3562/3495/3 1174/3494/3 1161/516/3 3560/515/3
f 2001/83/16 3561/321/16 3574/3471/16 2014/3496/16
f 2014/3496/15 3574/3471/15 3573/3473/15 2013/3497/15
f 2013/3497/14 3573/3473/14 3572/3475/14 2012/3498/14
f 2012/3498/13 3572/3475/13 3571/3477/13 2011/3499/13
f 2011/3499/12 3571/3477/12 3570/3479/12 2010/3500/12
f 2010/3500/11 3570/3479/11 3569/3481/11 2009/3501/11
f 2009/3501/10 3569/3481/10 3568/3483/10 2008/3502/10
f 2008/3502/9 3568/3483/9 3567/3485/9 2007/3503/9
f 2007/3503/8 3567/3485/8 3566/3487/8 2006/3504/8
f 2006/3504/7 3566/3487/7 3565/3489/7 2005/3505/7
f 2005/3505/6 3565/3489/6 3564/3491/6 2004/3506/6
f 2004/3506/5 3564/3491/5 3563/3493/5 2003/3507/5
f 2003/3507/4 3563/3493/4 3562/3495/4 2002/3508/4
f 2002/3508/3 3562/3495/3 3560/515/3 2000/506/3
f 3576/250/16 1955/249/16 1957/3509/16 3589/3510/16
f 3589/3510/15 1957/3509/15 1958/3511/15 3588/3512/15
f 3588/3512/14 1958/3511/14 1959/3513/14 3587/3514/14
f 3587/3514/13 1959/3513/13 1960/3515/13 3586/3516/13
f 3586/3516/12 1960/3515/12 1961/3517/12 3585/3518/12
f 3585/3518/11 1961/3517/11 1962/3519/11 3584/3520/11
f 3584/3520/10 1962/3519/10 1963/3521/10 3583/3522/10
f 3583/3522/9 1963/3521/9 1964/3523/9 3582/3524/9
f 3582/3524/8 1964/3523/8 1965/3525/8 3581/3526/8
f 3581/3526/7 1965/3525/7 1966/3527/7 3580/3528/7
f 3580/3528/6 1966/3527/6 1967/3529/6 3579/3530/6
f 3579/3530/5 1967/3529/5 1968/3531/5 3578/3532/5
f 3578/3532/4 1968/3531/4 1969/3533/4 3577/3534/4
f 3577/3534/3 1969/3533/3 1956/207/3 3575/16/3
f 1595/399/16 3576/250/16 3589/3510/16 1597/3535/16
f 1597/3535/15 3589/3510/15 3588/3512/15 1598/3536/15
f 1598/3536/14 3588/3512/14 3587/3514/14 1599/3537/14
f 1599/3537/13 3587/3514/13 3586/3516/13 1600/3538/13
f 1600/3538/12 3586/3516/12 3585/3518/12 1601/3539/12
f 1601/3539/11 3585/3518/11 3584/3520/11 1602/3540/11
f 1602/3540/10 3584/3520/10 3583/3522/10 1603/3541/10
f 1603/3541/9 3583/3522/9 3582/3524/9 1604/3542/9
f 1604/3542/8 3582/3524/8 3581/3526/8 1605/3543/8
f 1605/3543/7 3581/3526/7 3580/3528/7 1606/3544/7
f 1606/3544/6 3580/3528/6 3579/3530/6 1607/3545/6
f 1607/3545/5 3579/3530/5 3578/3532/5 1608/3546/5
f 1608/3546/4 3578/3532/4 3577/3534/4 1609/3547/4
f 1609/3547/3 3577/3534/3 3575/16/3 1596/15/3
f 3591/96/16 1896/95/16 1909/3444/16 3604/3548/16
f 3604/3548/15 1909/3444/15 1908/3445/15 3603/3549/15
f 3603/3549/14 1908/3445/14 1907/3446/14 3602/3550/14
f 3602/3550/13 1907/3446/13 1906/3447/13 3601/3551/13
f 3601/3551/12 1906/3447/12 1905/3448/12 3600/3552/12
f 3600/3552/11 1905/3448/11 1904/3449/11 3599/3553/11
f 3599/3553/10 1904/3449/10 1903/3450/10 3598/3554/10
f 3598/3554/9 1903/3450/9 1902/3451/9 3597/3555/9
f 3597/3555/8 1902/3451/8 1901/3452/8 3596/3556/8
f 3596/3556/7 1901/3452/7 1900/3453/7 3595/3557/7
f 3595/3557/6 1900/3453/6 1899/3454/6 3594/3558/6
f 3594/3558/5 1899/3454/5 1898/3455/5 3593/3559/5
f 3593/3559/4 1898/3455/4 1897/3456/4 3592/3560/4
f 3592/3560/3 1897/3456/3 1895/19/3 3590/208/3
f 1955/249/16 3591/96/16 3604/3548/16 1957/3509/16
f 1957/3509/15 3604/3548/15 3603/3549/15 1958/3511/15
f 1958/3511/14 3603/3549/14 3602/3550/14 1959/3513/14
f 1959/3513/13 3602/3550/13 3601/3551/13 1960/3515/13
f 1960/3515/12 3601/3551/12 3600/3552/12 1961/3517/12
f 1961/3517/11 3600/3552/11 3599/3553/11 1962/3519/11
f 1962/3519/10 3599/3553/10 3598/3554/10 1963/3521/10
f 1963/3521/9 3598/3554/9 3597/3555/9 1964/3523/9
f 1964/3523/8 3597/3555/8 3596/3556/8 1965/3525/8
f 1965/3525/7 3596/3556/7 3595/3557/7 1966/3527/7
f 1966/3527/6 3595/3557/6 3594/3558/6 1967/3529/6
f 1967/3529/5 3594/3558/5 3593/3559/5 1968/3531/5
f 1968/3531/4 3593/3559/4 3592/3560/4 1969/3533/4
f 1969/3533/3 3592/3560/3 3590/208/3 1956/207/3
f 3606/44/16 1415/43/16 1417/3561/16 3619/3562/16
f 3619/3562/15 1417/3561/15 1418/3563/15 3618/3564/15
f 3618/3564/14 1418/3563/14 1419/3565/14 3617/3566/14
f 3617/3566/13 1419/3565/13 1420/3567/13 3616/3568/13
f 3616/3568/12 1420/3567/12 1421/3569/12 3615/3570/12
f 3615/3570/11 1421/3569/11 1422/3571/11 3614/3572/11
f 3614/3572/10 1422/3571/10 1423/3573/10 3613/3574/10
f 3613/3574/9 1423/3573/9 1424/3575/9 3612/3576/9
f 3612/3576/8 1424/3575/8 1425/3577/8 3611/3578/8
f 3611/3578/7 1425/3577/7 1426/3579/7 3610/3580/7
f 3610/3580/6 1426/3579/6 1427/3581/6 3609/3582/6
f 3609/3582/5 1427/3581/5 1428/3583/5 3608/3584/5
f 3608/3584/4 1428/3583/4 1429/3585/4 3607/3586/4
f 3607/3586/3 1429/3585/3 1416/528/3 3605/527/3
f 1941/493/16 3606/44/16 3619/3562/16 1954/3587/16
f 1954/3587/15 3619/3562/15 3618/3564/15 1953/3588/15
f 1953/3588/14 3618/3564/14 3617/3566/14 1952/3589/14
f 1952/3589/13 3617/3566/13 3616/3568/13 1951/3590/13
f 1951/3590/12 3616/3568/12 3615/3570/12 1950/3591/12
f 1950/3591/11 3615/3570/11 3614/3572/11 1949/3592/11
f 1949/3592/10 3614/3572/10 3613/3574/10 1948/3593/10
f 1948/3593/9 3613/3574/9 3612/3576/9 1947/3594/9
f 1947/3594/8 3612/3576/8 3611/3578/8 1946/3595/8
f 1946/3595/7 3611/3578/7 3610/3580/7 1945/3596/7
f 1945/3596/6 3610/3580/6 3609/3582/6 1944/3597/6
f 1944/3597/5 3609/3582/5 3608/3584/5 1943/3598/5
f 1943/3598/4 3608/3584/4 3607/3586/4 1942/3599/4
f 1942/3599/3 3607/3586/3 3605/527/3 1940/520/3
f 3621/427/16 1941/493/16 1954/3587/16 3634/3600/16
f 3634/3600/15 1954/3587/15 1953/3588/15 3633/3601/15
f 3633/3601/14 1953/3588/14 1952/3589/14 3632/3602/14
f 3632/3602/13 1952/3589/13 1951/3590/13 3631/3603/13
f 3631/3603/12 1951/3590/12 1950/3591/12 3630/3604/12
f 3630/3604/11 1950/3591/11 1949/3592/11 3629/3605/11
f 3629/3605/10 1949/3592/10 1948/3593/10 3628/3606/10
f 3628/3606/9 1948/3593/9 1947/3594/9 3627/3607/9
f 3627/3607/8 1947/3594/8 1946/3595/8 3626/3608/8
f 3626/3608/7 1946/3595/7 1945/3596/7 3625/3609/7
f 3625/3609/6 1945/3596/6 1944/3597/6 3624/3610/6
f 3624/3610/5 1944/3597/5 1943/3598/5 3623/3611/5
f 3623/3611/4 1943/3598/4 1942/3599/4 3622/3612/4
f 3622/3612/3 1942/3599/3 1940/520/3 3620/74/3
f 1115/428/16 3621/427/16 3634/3600/16 1117/3613/16
f 1117/3613/15 3634/3600/15 3633/3601/15 1118/3614/15
f 1118/3614/14 3633/3601/14 3632/3602/14 1119/3615/14
f 1119/3615/13 3632/3602/13 3631/3603/13 1120/3616/13
f 1120/3616/12 3631/3603/12 3630/3604/12 1121/3617/12
f 1121/3617/11 3630/3604/11 3629/3605/11 1122/3618/11
f 1122/3618/10 3629/3605/10 3628/3606/10 1123/3619/10
f 1123/3619/9 3628/3606/9 3627/3607/9 1124/3620/9
f 1124/3620/8 3627/3607/8 3626/3608/8 1125/3621/8
f 1125/3621/7 3626/3608/7 3625/3609/7 1126/3622/7
f 1126/3622/6 3625/3609/6 3624/3610/6 1127/3623/6
f 1127/3623/5 3624/3610/5 3623/3611/5 1128/3624/5
f 1128/3624/4 3623/3611/4 3622/3612/4 1129/3625/4
f 1129/3625/3 3622/3612/3 3620/74/3 1116/73/3
f 3636/84/16 2001/83/16 2014/3496/16 3649/3626/16
f 3649/3626/15 2014/3496/15 2013/3497/15 3648/3627/15
f 3648/3627/14 2013/3497/14 2012/3498/14 3647/3628/14
f 3647/3628/13 2012/3498/13 2011/3499/13 3646/3629/13
f 3646/3629/12 2011/3499/12 2010/3500/12 3645/3630/12
f 3645/3630/11 2010/3500/11 2009/3501/11 3644/3631/11
f 3644/3631/10 2009/3501/10 2008/3502/10 3643/3632/10
f 3643/3632/9 2008/3502/9 2007/3503/9 3642/3633/9
f 3642/3633/8 2007/3503/8 2006/3504/8 3641/3634/8
f 3641/3634/7 2006/3504/7 2005/3505/7 3640/3635/7
f 3640/3635/6 2005/3505/6 2004/3506/6 3639/3636/6
f 3639/3636/5 2004/3506/5 2003/3507/5 3638/3637/5
f 3638/3637/4 2003/3507/4 2002/3508/4 3637/3638/4
f 3637/3638/3 2002/3508/3 2000/506/3 3635/505/3
f 1415/43/16 3636/84/16 3649/3626/16 1417/3561/16
f 1417/3561/15 3649/3626/15 3648/3627/15 1418/3563/15
f 1418/3563/14 3648/3627/14 3647/3628/14 1419/3565/14
f 1419/3565/13 3647/3628/13 3646/3629/13 1420/3567/13
f 1420/3567/12 3646/3629/12 3645/3630/12 1421/3569/12
f 1421/3569/11 3645/3630/11 3644/3631/11 1422/3571/11
f 1422/3571/10 3644/3631/10 3643/3632/10 1423/3573/10
f 1423/3573/9 3643/3632/9 3642/3633/9 1424/3575/9
f 1424/3575/8 3642/3633/8 3641/3634/8 1425/3577/8
f 1425/3577/7 3641/3634/7 3640/3635/7 1426/3579/7
f 1426/3579/6 3640/3635/6 3639/3636/6 1427/3581/6
f 1427/3581/5 3639/3636/5 3638/3637/5 1428/3583/5
f 1428/3583/4 3638/3637/4 3637/3638/4 1429/3585/4
f 1429/3585/3 3637/3638/3 3635/505/3 1416/528/3
f 3651/263/16 2061/417/16 2074/3405/16 3664/3639/16
f 3664/3639/15 2074/3405/15 2073/3406/15 3663/3640/15
f 3663/3640/14 2073/3406/14 2072/3407/14 3662/3641/14
f 3662/3641/13 2072/3407/13 2071/3408/13 3661/3642/13
f 3661/3642/12 2071/3408/12 2070/3409/12 3660/3643/12
f 3660/3643/11 2070/3409/11 2069/3410/11 3659/3644/11
f 3659/3644/10 2069/3410/10 2068/3411/10 3658/3645/10
f 3658/3645/9 2068/3411/9 2067/3412/9 3657/3646/9
f 3657/3646/8 2067/3412/8 2066/3413/8 3656/3647/8
f 3656/3647/7 2066/3413/7 2065/3414/7 3655/3648/7
f 3655/3648/6 2065/3414/6 2064/3415/6 3654/3649/6
f 3654/3649/5 2064/3415/5 2063/3416/5 3653/3650/5
f 3653/3650/4 2063/3416/4 2062/3417/4 3652/3651/4
f 3652/3651/3 2062/3417/3 2060/492/3 3650/266/3
f 1400/39/16 3651/263/16 3664/3639/16 1402/2156/16
f 1402/2156/15 3664/3639/15 3663/3640/15 1403/2158/15
f 1403/2158/14 3663/3640/14 3662/3641/14 1404/2160/14
f 1404/2160/13 3662/3641/13 3661/3642/13 1405/2162/13
f 1405/2162/12 3661/3642/12 3660/3643/12 1406/2164/12
f 1406/2164/11 3660/3643/11 3659/3644/11 1407/2166/11
f 1407/2166/10 3659/3644/10 3658/3645/10 1408/2168/10
f 1408/2168/9 3658/3645/9 3657/3646/9 1409/2170/9
f 1409/2170/8 3657/3646/8 3656/3647/8 1410/2172/8
f 1410/2172/7 3656/3647/7 3655/3648/7 1411/2174/7
f 1411/2174/6 3655/3648/6 3654/3649/6 1412/2176/6
f 1412/2176/5 3654/3649/5 3653/3650/5 1413/2178/5
f 1413/2178/4 3653/3650/4 3652/3651/4 1414/2180/4
f 1414/2180/3 3652/3651/3 3650/266/3 1401/258/3
f 3666/275/16 2121/443/16 2134/3327/16 3679/3652/16
f 3679/3652/15 2134/3327/15 2133/3328/15 3678/3653/15
f 3678/3653/14 2133/3328/14 2132/3329/14 3677/3654/14
f 3677/3654/13 2132/3329/13 2131/3330/13 3676/3655/13
f 3676/3655/12 2131/3330/12 2130/3331/12 3675/3656/12
f 3675/3656/11 2130/3331/11 2129/3332/11 3674/3657/11
f 3674/3657/10 2129/3332/10 2128/3333/10 3673/3658/10
f 3673/3658/9 2128/3333/9 2127/3334/9 3672/3659/9
f 3672/3659/8 2127/3334/8 2126/3335/8 3671/3660/8
f 3671/3660/7 2126/3335/7 2125/3336/7 3670/3661/7
f 3670/3661/6 2125/3336/6 2124/3337/6 3669/3662/6
f 3669/3662/5 2124/3337/5 2123/3338/5 3668/3663/5
f 3668/3663/4 2123/3338/4 2122/3339/4 3667/3664/4
f 3667/3664/3 2122/3339/3 2120/478/3 3665/477/3
f 1160/276/16 3666/275/16 3679/3652/16 1162/3470/16
f 1162/3470/15 3679/3652/15 3678/3653/15 1163/3472/15
f 1163/3472/14 3678/3653/14 3677/3654/14 1164/3474/14
f 1164/3474/13 3677/3654/13 3676/3655/13 1165/3476/13
f 1165/3476/12 3676/3655/12 3675/3656/12 1166/3478/12
f 1166/3478/11 3675/3656/11 3674/3657/11 1167/3480/11
f 1167/3480/10 3674/3657/10 3673/3658/10 1168/3482/10
f 1168/3482/9 3673/3658/9 3672/3659/9 1169/3484/9
f 1169/3484/8 3672/3659/8 3671/3660/8 1170/3486/8
f 1170/3486/7 3671/3660/7 3670/3661/7 1171/3488/7
f 1171/3488/6 3670/3661/6 3669/3662/6 1172/3490/6
f 1172/3490/5 3669/3662/5 3668/3663/5 1173/3492/5
f 1173/3492/4 3668/3663/4 3667/3664/4 1174/3494/4
f 1174/3494/3 3667/3664/3 3665/477/3 1161/516/3
f 3681/120/16 2181/119/16 2194/3236/16 3694/3665/16
f 3694/3665/15 2194/3236/15 2193/3237/15 3693/3666/15
f 3693/3666/14 2193/3237/14 2192/3238/14 3692/3667/14
f 3692/3667/13 2192/3238/13 2191/3239/13 3691/3668/13
f 3691/3668/12 2191/3239/12 2190/3240/12 3690/3669/12
f 3690/3669/11 2190/3240/11 2189/3241/11 3689/3670/11
f 3689/3670/10 2189/3241/10 2188/3242/10 3688/3671/10
f 3688/3671/9 2188/3242/9 2187/3243/9 3687/3672/9
f 3687/3672/8 2187/3243/8 2186/3244/8 3686/3673/8
f 3686/3673/7 2186/3244/7 2185/3245/7 3685/3674/7
f 3685/3674/6 2185/3245/6 2184/3246/6 3684/3675/6
f 3684/3675/5 2184/3246/5 2183/3247/5 3683/3676/5
f 3683/3676/4 2183/3247/4 2182/3248/4 3682/3677/4
f 3682/3677/3 2182/3248/3 2180/460/3 3680/459/3
f 1355/33/16 3681/120/16 3694/3665/16 1357/3301/16
f 1357/3301/15 3694/3665/15 3693/3666/15 1358/3303/15
f 1358/3303/14 3693/3666/14 3692/3667/14 1359/3305/14
f 1359/3305/13 3692/3667/13 3691/3668/13 1360/3307/13
f 1360/3307/12 3691/3668/12 3690/3669/12 1361/3309/12
f 1361/3309/11 3690/3669/11 3689/3670/11 1362/3311/11
f 1362/3311/10 3689/3670/10 3688/3671/10 1363/3313/10
f 1363/3313/9 3688/3671/9 3687/3672/9 1364/3315/9
f 1364/3315/8 3687/3672/8 3686/3673/8 1365/3317/8
f 1365/3317/7 3686/3673/7 3685/3674/7 1366/3319/7
f 1366/3319/6 3685/3674/6 3684/3675/6 1367/3321/6
f 1367/3321/5 3684/3675/5 3683/3676/5 1368/3323/5
f 1368/3323/4 3683/3676/4 3682/3677/4 1369/3325/4
f 1369/3325/3 3682/3677/3 3680/459/3 1356/486/3
f 3696/88/16 2241/87/16 2254/3131/16 3709/3678/16
f 3709/3678/15 2254/3131/15 2253/3132/15 3708/3679/15
f 3708/3679/14 2253/3132/14 2252/3133/14 3707/3680/14
f 3707/3680/13 2252/3133/13 2251/3134/13 3706/3681/13
f 3706/3681/12 2251/3134/12 2250/3135/12 3705/3682/12
f 3705/3682/11 2250/3135/11 2249/3136/11 3704/3683/11
f 3704/3683/10 2249/3136/10 2248/3137/10 3703/3684/10
f 3703/3684/9 2248/3137/9 2247/3138/9 3702/3685/9
f 3702/3685/8 2247/3138/8 2246/3139/8 3701/3686/8
f 3701/3686/7 2246/3139/7 2245/3140/7 3700/3687/7
f 3700/3687/6 2245/3140/6 2244/3141/6 3699/3688/6
f 3699/3688/5 2244/3141/5 2243/3142/5 3698/3689/5
f 3698/3689/4 2243/3142/4 2242/3143/4 3697/3690/4
f 3697/3690/3 2242/3143/3 2240/442/3 3695/290/3
f 1340/5/16 3696/88/16 3709/3678/16 1342/2260/16
f 1342/2260/15 3709/3678/15 3708/3679/15 1343/2262/15
f 1343/2262/14 3708/3679/14 3707/3680/14 1344/2264/14
f 1344/2264/13 3707/3680/13 3706/3681/13 1345/2266/13
f 1345/2266/12 3706/3681/12 3705/3682/12 1346/2268/12
f 1346/2268/11 3705/3682/11 3704/3683/11 1347/2270/11
f 1347/2270/10 3704/3683/10 3703/3684/10 1348/2272/10
f 1348/2272/9 3703/3684/9 3702/3685/9 1349/2274/9
f 1349/2274/8 3702/3685/8 3701/3686/8 1350/2276/8
f 1350/2276/7 3701/3686/7 3700/3687/7 1351/2278/7
f 1351/2278/6 3700/3687/6 3699/3688/6 1352/2280/6
f 1352/2280/5 3699/3688/5 3698/3689/5 1353/2282/5
f 1353/2282/4 3698/3689/4 3697/3690/4 1354/2284/4
f 1354/2284/3 3697/3690/3 3695/290/3 1341/282/3
f 3711/299/16 2301/397/16 2314/3040/16 3724/3691/16
f 3724/3691/15 2314/3040/15 2313/3041/15 3723/3692/15
f 3723/3692/14 2313/3041/14 2312/3042/14 3722/3693/14
f 3722/3693/13 2312/3042/13 2311/3043/13 3721/3694/13
f 3721/3694/12 2311/3043/12 2310/3044/12 3720/3695/12
f 3720/3695/11 2310/3044/11 2309/3045/11 3719/3696/11
f 3719/3696/10 2309/3045/10 2308/3046/10 3718/3697/10
f 3718/3697/9 2308/3046/9 2307/3047/9 3717/3698/9
f 3717/3698/8 2307/3047/8 2306/3048/8 3716/3699/8
f 3716/3699/7 2306/3048/7 2305/3049/7 3715/3700/7
f 3715/3700/6 2305/3049/6 2304/3050/6 3714/3701/6
f 3714/3701/5 2304/3050/5 2303/3051/5 3713/3702/5
f 3713/3702/4 2303/3051/4 2302/3052/4 3712/3703/4
f 3712/3703/3 2302/3052/3 2300/436/3 3710/378/3
f 1175/47/16 3711/299/16 3724/3691/16 1177/2650/16
f 1177/2650/15 3724/3691/15 3723/3692/15 1178/2652/15
f 1178/2652/14 3723/3692/14 3722/3693/14 1179/2654/14
f 1179/2654/13 3722/3693/13 3721/3694/13 1180/2656/13
f 1180/2656/12 3721/3694/12 3720/3695/12 1181/2658/12
f 1181/2658/11 3720/3695/11 3719/3696/11 1182/2660/11
f 1182/2660/10 3719/3696/10 3718/3697/10 1183/2662/10
f 1183/2662/9 3718/3697/9 3717/3698/9 1184/2664/9
f 1184/2664/8 3717/3698/8 3716/3699/8 1185/2666/8
f 1185/2666/7 3716/3699/7 3715/3700/7 1186/2668/7
f 1186/2668/6 3715/3700/6 3714/3701/6 1187/2670/6
f 1187/2670/5 3714/3701/5 3713/3702/5 1188/2672/5
f 1188/2672/4 3713/3702/4 3712/3703/4 1189/2674/4
f 1189/2674/3 3712/3703/3 3710/378/3 1176/368/3
f 3726/154/16 2361/153/16 2374/2962/16 3739/3704/16
f 3739/3704/15 2374/2962/15 2373/2963/15 3738/3705/15
f 3738/3705/14 2373/2963/14 2372/2964/14 3737/3706/14
f 3737/3706/13 2372/2964/13 2371/2965/13 3736/3707/13
f 3736/3707/12 2371/2965/12 2370/2966/12 3735/3708/12
f 3735/3708/11 2370/2966/11 2369/2967/11 3734/3709/11
f 3734/3709/10 2369/2967/10 2368/2968/10 3733/3710/10
f 3733/3710/9 2368/2968/9 2367/2969/9 3732/3711/9
f 3732/3711/8 2367/2969/8 2366/2970/8 3731/3712/8
f 3731/3712/7 2366/2970/7 2365/2971/7 3730/3713/7
f 3730/3713/6 2365/2971/6 2364/2972/6 3729/3714/6
f 3729/3714/5 2364/2972/5 2363/2973/5 3728/3715/5
f 3728/3715/4 2363/2973/4 2362/2974/4 3727/3716/4
f 3727/3716/3 2362/2974/3 2360/416/3 3725/415/3
f 1295/21/16 3726/154/16 3739/3704/16 1297/3014/16
f 1297/3014/15 3739/3704/15 3738/3705/15 1298/3016/15
f 1298/3016/14 3738/3705/14 3737/3706/14 1299/3018/14
f 1299/3018/13 3737/3706/13 3736/3707/13 1300/3020/13
f 1300/3020/12 3736/3707/12 3735/3708/12 1301/3022/12
f 1301/3022/11 3735/3708/11 3734/3709/11 1302/3024/11
f 1302/3024/10 3734/3709/10 3733/3710/10 1303/3026/10
f 1303/3026/9 3733/3710/9 3732/3711/9 1304/3028/9
f 1304/3028/8 3732/3711/8 3731/3712/8 1305/3030/8
f 1305/3030/7 3731/3712/7 3730/3713/7 1306/3032/7
f 1306/3032/6 3730/3713/6 3729/3714/6 1307/3034/6
f 1307/3034/5 3729/3714/5 3728/3715/5 1308/3036/5
f 1308/3036/4 3728/3715/4 3727/3716/4 1309/3038/4
f 1309/3038/3 3727/3716/3 3725/415/3 1296/440/3
f 3741/224/16 2421/223/16 2434/2858/16 3754/3717/16
f 3754/3717/15 2434/2858/15 2433/2859/15 3753/3718/15
f 3753/3718/14 2433/2859/14 2432/2860/14 3752/3719/14
f 3752/3719/13 2432/2860/13 2431/2861/13 3751/3720/13
f 3751/3720/12 2431/2861/12 2430/2862/12 3750/3721/12
f 3750/3721/11 2430/2862/11 2429/2863/11 3749/3722/11
f 3749/3722/10 2429/2863/10 2428/2864/10 3748/3723/10
f 3748/3723/9 2428/2864/9 2427/2865/9 3747/3724/9
f 3747/3724/8 2427/2865/8 2426/2866/8 3746/3725/8
f 3746/3725/7 2426/2866/7 2425/2867/7 3745/3726/7
f 3745/3726/6 2425/2867/6 2424/2868/6 3744/3727/6
f 3744/3727/5 2424/2868/5 2423/2869/5 3743/3728/5
f 3743/3728/4 2423/2869/4 2422/2870/4 3742/3729/4
f 3742/3729/3 2422/2870/3 2420/396/3 3740/314/3
f 1280/311/16 3741/224/16 3754/3717/16 1282/2364/16
f 1282/2364/15 3754/3717/15 3753/3718/15 1283/2366/15
f 1283/2366/14 3753/3718/14 3752/3719/14 1284/2368/14
f 1284/2368/13 3752/3719/13 3751/3720/13 1285/2370/13
f 1285/2370/12 3751/3720/12 3750/3721/12 1286/2372/12
f 1286/2372/11 3750/3721/11 3749/3722/11 1287/2374/11
f 1287/2374/10 3749/3722/10 3748/3723/10 1288/2376/10
f 1288/2376/9 3748/3723/9 3747/3724/9 1289/2378/9
f 1289/2378/8 3747/3724/8 3746/3725/8 1290/2380/8
f 1290/2380/7 3746/3725/7 3745/3726/7 1291/2382/7
f 1291/2382/6 3745/3726/6 3744/3727/6 1292/2384/6
f 1292/2384/5 3744/3727/5 3743/3728/5 1293/2386/5
f 1293/2386/4 3743/3728/4 3742/3729/4 1294/2388/4
f 1294/2388/3 3742/3729/3 3740/314/3 1281/304/3
f 3756/342/16 2481/341/16 2494/2767/16 3769/3730/16
f 3769/3730/15 2494/2767/15 2493/2768/15 3768/3731/15
f 3768/3731/14 2493/2768/14 2492/2769/14 3767/3732/14
f 3767/3732/13 2492/2769/13 2491/2770/13 3766/3733/13
f 3766/3733/12 2491/2770/12 2490/2771/12 3765/3734/12
f 3765/3734/11 2490/2771/11 2489/2772/11 3764/3735/11
f 3764/3735/10 2489/2772/10 2488/2773/10 3763/3736/10
f 3763/3736/9 2488/2773/9 2487/2774/9 3762/3737/9
f 3762/3737/8 2487/2774/8 2486/2775/8 3761/3738/8
f 3761/3738/7 2486/2775/7 2485/2776/7 3760/3739/7
f 3760/3739/6 2485/2776/6 2484/2777/6 3759/3740/6
f 3759/3740/5 2484/2777/5 2483/2778/5 3758/3741/5
f 3758/3741/4 2483/2778/4 2482/2779/4 3757/3742/4
f 3757/3742/3 2482/2779/3 2480/380/3 3755/180/3
f 1145/469/16 3756/342/16 3769/3730/16 1147/3743/16
f 1147/3743/15 3769/3730/15 3768/3731/15 1148/3744/15
f 1148/3744/14 3768/3731/14 3767/3732/14 1149/3745/14
f 1149/3745/13 3767/3732/13 3766/3733/13 1150/3746/13
f 1150/3746/12 3766/3733/12 3765/3734/12 1151/3747/12
f 1151/3747/11 3765/3734/11 3764/3735/11 1152/3748/11
f 1152/3748/10 3764/3735/10 3763/3736/10 1153/3749/10
f 1153/3749/9 3763/3736/9 3762/3737/9 1154/3750/9
f 1154/3750/8 3762/3737/8 3761/3738/8 1155/3751/8
f 1155/3751/7 3761/3738/7 3760/3739/7 1156/3752/7
f 1156/3752/6 3760/3739/6 3759/3740/6 1157/3753/6
f 1157/3753/5 3759/3740/5 3758/3741/5 1158/3754/5
f 1158/3754/4 3758/3741/4 3757/3742/4 1159/3755/4
f 1159/3755/3 3757/3742/3 3755/180/3 1146/179/3
f 3771/190/16 2541/189/16 2554/2676/16 3784/3756/16
f 3784/3756/15 2554/2676/15 2553/2677/15 3783/3757/15
f 3783/3757/14 2553/2677/14 2552/2678/14 3782/3758/14
f 3782/3758/13 2552/2678/13 2551/2679/13 3781/3759/13
f 3781/3759/12 2551/2679/12 2550/2680/12 3780/3760/12
f 3780/3760/11 2550/2680/11 2549/2681/11 3779/3761/11
f 3779/3761/10 2549/2681/10 2548/2682/10 3778/3762/10
f 3778/3762/9 2548/2682/9 2547/2683/9 3777/3763/9
f 3777/3763/8 2547/2683/8 2546/2684/8 3776/3764/8
f 3776/3764/7 2546/2684/7 2545/2685/7 3775/3765/7
f 3775/3765/6 2545/2685/6 2544/2686/6 3774/3766/6
f 3774/3766/5 2544/2686/5 2543/2687/5 3773/3767/5
f 3773/3767/4 2543/2687/4 2542/2688/4 3772/3768/4
f 3772/3768/3 2542/2688/3 2540/358/3 3770/357/3
f 1235/345/16 3771/190/16 3784/3756/16 1237/2741/16
f 1237/2741/15 3784/3756/15 3783/3757/15 1238/2743/15
f 1238/2743/14 3783/3757/14 3782/3758/14 1239/2745/14
f 1239/2745/13 3782/3758/13 3781/3759/13 1240/2747/13
f 1240/2747/12 3781/3759/12 3780/3760/12 1241/2749/12
f 1241/2749/11 3780/3760/11 3779/3761/11 1242/2751/11
f 1242/2751/10 3779/3761/10 3778/3762/10 1243/2753/10
f 1243/2753/9 3778/3762/9 3777/3763/9 1244/2755/9
f 1244/2755/8 3777/3763/8 3776/3764/8 1245/2757/8
f 1245/2757/7 3776/3764/7 3775/3765/7 1246/2759/7
f 1246/2759/6 3775/3765/6 3774/3766/6 1247/2761/6
f 1247/2761/5 3774/3766/5 3773/3767/5 1248/2763/5
f 1248/2763/4 3773/3767/4 3772/3768/4 1249/2765/4
f 1249/2765/3 3772/3768/3 3770/357/3 1236/390/3
f 3786/331/16 2601/461/16 2614/2572/16 3799/3769/16
f 3799/3769/15 2614/2572/15 2613/2573/15 3798/3770/15
f 3798/3770/14 2613/2573/14 2612/2574/14 3797/3771/14
f 3797/3771/13 2612/2574/13 2611/2575/13 3796/3772/13
f 3796/3772/12 2611/2575/12 2610/2576/12 3795/3773/12
f 3795/3773/11 2610/2576/11 2609/2577/11 3794/3774/11
f 3794/3774/10 2609/2577/10 2608/2578/10 3793/3775/10
f 3793/3775/9 2608/2578/9 2607/2579/9 3792/3776/9
f 3792/3776/8 2607/2579/8 2606/2580/8 3791/3777/8
f 3791/3777/7 2606/2580/7 2605/2581/7 3790/3778/7
f 3790/3778/6 2605/2581/6 2604/2582/6 3789/3779/6
f 3789/3779/5 2604/2582/5 2603/2583/5 3788/3780/5
f 3788/3780/4 2603/2583/4 2602/2584/4 3787/3781/4
f 3787/3781/3 2602/2584/3 2600/340/3 3785/336/3
f 1220/332/16 3786/331/16 3799/3769/16 1222/2468/16
f 1222/2468/15 3799/3769/15 3798/3770/15 1223/2470/15
f 1223/2470/14 3798/3770/14 3797/3771/14 1224/2472/14
f 1224/2472/13 3797/3771/13 3796/3772/13 1225/2474/13
f 1225/2474/12 3796/3772/12 3795/3773/12 1226/2476/12
f 1226/2476/11 3795/3773/11 3794/3774/11 1227/2478/11
f 1227/2478/10 3794/3774/10 3793/3775/10 1228/2480/10
f 1228/2480/9 3793/3775/9 3792/3776/9 1229/2482/9
f 1229/2482/8 3792/3776/8 3791/3777/8 1230/2484/8
f 1230/2484/7 3791/3777/7 3790/3778/7 1231/2486/7
f 1231/2486/6 3790/3778/6 3789/3779/6 1232/2488/6
f 1232/2488/5 3789/3779/5 3788/3780/5 1233/2490/5
f 1233/2490/4 3788/3780/4 3787/3781/4 1234/2492/4
f 1234/2492/3 3787/3781/3 3785/336/3 1221/326/3
f 3801/405/16 2661/479/16 2674/2494/16 3814/3782/16
f 3814/3782/15 2674/2494/15 2673/2495/15 3813/3783/15
f 3813/3783/14 2673/2495/14 2672/2496/14 3812/3784/14
f 3812/3784/13 2672/2496/13 2671/2497/13 3811/3785/13
f 3811/3785/12 2671/2497/12 2670/2498/12 3810/3786/12
f 3810/3786/11 2670/2498/11 2669/2499/11 3809/3787/11
f 3809/3787/10 2669/2499/10 2668/2500/10 3808/3788/10
f 3808/3788/9 2668/2500/9 2667/2501/9 3807/3789/9
f 3807/3789/8 2667/2501/8 2666/2502/8 3806/3790/8
f 3806/3790/7 2666/2502/7 2665/2503/7 3805/3791/7
f 3805/3791/6 2665/2503/6 2664/2504/6 3804/3792/6
f 3804/3792/5 2664/2504/5 2663/2505/5 3803/3793/5
f 3803/3793/4 2663/2505/4 2662/2506/4 3802/3794/4
f 3802/3794/3 2662/2506/3 2660/318/3 3800/216/3
f 1025/406/16 3801/405/16 3814/3782/16 1027/3795/16
f 1027/3795/15 3814/3782/15 3813/3783/15 1028/3796/15
f 1028/3796/14 3813/3783/14 3812/3784/14 1029/3797/14
f 1029/3797/13 3812/3784/13 3811/3785/13 1030/3798/13
f 1030/3798/12 3811/3785/12 3810/3786/12 1031/3799/12
f 1031/3799/11 3810/3786/11 3809/3787/11 1032/3800/11
f 1032/3800/10 3809/3787/10 3808/3788/10 1033/3801/10
f 1033/3801/9 3808/3788/9 3807/3789/9 1034/3802/9
f 1034/3802/8 3807/3789/8 3806/3790/8 1035/3803/8
f 1035/3803/7 3806/3790/7 3805/3791/7 1036/3804/7
f 1036/3804/6 3805/3791/6 3804/3792/6 1037/3805/6
f 1037/3805/5 3804/3792/5 3803/3793/5 1038/3806/5
f 1038/3806/4 3803/3793/4 3802/3794/4 1039/3807/4
f 1039/3807/3 3802/3794/3 3800/216/3 1026/215/3
f 3816/144/16 2721/143/16 2734/2390/16 3829/3808/16
f 3829/3808/15 2734/2390/15 2733/2391/15 3828/3809/15
f 3828/3809/14 2733/2391/14 2732/2392/14 3827/3810/14
f 3827/3810/13 2732/2392/13 2731/2393/13 3826/3811/13
f 3826/3811/12 2731/2393/12 2730/2394/12 3825/3812/12
f 3825/3812/11 2730/2394/11 2729/2395/11 3824/3813/11
f 3824/3813/10 2729/2395/10 2728/2396/10 3823/3814/10
f 3823/3814/9 2728/2396/9 2727/2397/9 3822/3815/9
f 3822/3815/8 2727/2397/8 2726/2398/8 3821/3816/8
f 3821/3816/7 2726/2398/7 2725/2399/7 3820/3817/7
f 3820/3817/6 2725/2399/6 2724/2400/6 3819/3818/6
f 3819/3818/5 2724/2400/5 2723/2401/5 3818/3819/5
f 3818/3819/4 2723/2401/4 2722/2402/4 3817/3820/4
f 3817/3820/3 2722/2402/3 2720/296/3 3815/295/3
f 1055/481/16 3816/144/16 3829/3808/16 1057/2546/16
f 1057/2546/15 3829/3808/15 3828/3809/15 1058/2548/15
f 1058/2548/14 3828/3809/14 3827/3810/14 1059/2550/14
f 1059/2550/13 3827/3810/13 3826/3811/13 1060/2552/13
f 1060/2552/12 3826/3811/12 3825/3812/12 1061/2554/12
f 1061/2554/11 3825/3812/11 3824/3813/11 1062/2556/11
f 1062/2556/10 3824/3813/10 3823/3814/10 1063/2558/10
f 1063/2558/9 3823/3814/9 3822/3815/9 1064/2560/9
f 1064/2560/8 3822/3815/8 3821/3816/8 1065/2562/8
f 1065/2562/7 3821/3816/7 3820/3817/7 1066/2564/7
f 1066/2564/6 3820/3817/6 3819/3818/6 1067/2566/6
f 1067/2566/5 3819/3818/5 3818/3819/5 1068/2568/5
f 1068/2568/4 3818/3819/4 3817/3820/4 1069/2570/4
f 1069/2570/3 3817/3820/3 3815/295/3 1056/350/3
f 3831/360/16 2781/359/16 2794/2286/16 3844/3821/16
f 3844/3821/15 2794/2286/15 2793/2287/15 3843/3822/15
f 3843/3822/14 2793/2287/14 2792/2288/14 3842/3823/14
f 3842/3823/13 2792/2288/13 2791/2289/13 3841/3824/13
f 3841/3824/12 2791/2289/12 2790/2290/12 3840/3825/12
f 3840/3825/11 2790/2290/11 2789/2291/11 3839/3826/11
f 3839/3826/10 2789/2291/10 2788/2292/10 3838/3827/10
f 3838/3827/9 2788/2292/9 2787/2293/9 3837/3828/9
f 3837/3828/8 2787/2293/8 2786/2294/8 3836/3829/8
f 3836/3829/7 2786/2294/7 2785/2295/7 3835/3830/7
f 3835/3830/6 2785/2295/6 2784/2296/6 3834/3831/6
f 3834/3831/5 2784/2296/5 2783/2297/5 3833/3832/5
f 3833/3832/4 2783/2297/4 2782/2298/4 3832/3833/4
f 3832/3833/3 2782/2298/3 2780/272/3 3830/271/3
f 1040/1/16 3831/360/16 3844/3821/16 1042/3379/16
f 1042/3379/15 3844/3821/15 3843/3822/15 1043/3381/15
f 1043/3381/14 3843/3822/14 3842/3823/14 1044/3383/14
f 1044/3383/13 3842/3823/13 3841/3824/13 1045/3385/13
f 1045/3385/12 3841/3824/12 3840/3825/12 1046/3387/12
f 1046/3387/11 3840/3825/11 3839/3826/11 1047/3389/11
f 1047/3389/10 3839/3826/10 3838/3827/10 1048/3391/10
f 1048/3391/9 3838/3827/9 3837/3828/9 1049/3393/9
f 1049/3393/8 3837/3828/8 3836/3829/8 1050/3395/8
f 1050/3395/7 3836/3829/7 3835/3830/7 1051/3397/7
f 1051/3397/6 3835/3830/6 3834/3831/6 1052/3399/6
f 1052/3399/5 3834/3831/5 3833/3832/5 1053/3401/5
f 1053/3401/4 3833/3832/4 3832/3833/4 1054/3403/4
f 1054/3403/3 3832/3833/3 3830/271/3 1041/498/3
f 3846/228/16 2841/227/16 2854/2182/16 3859/3834/16
f 3859/3834/15 2854/2182/15 2853/2183/15 3858/3835/15
f 3858/3835/14 2853/2183/14 2852/2184/14 3857/3836/14
f 3857/3836/13 2852/2184/13 2851/2185/13 3856/3837/13
f 3856/3837/12 2851/2185/12 2850/2186/12 3855/3838/12
f 3855/3838/11 2850/2186/11 2849/2187/11 3854/3839/11
f 3854/3839/10 2849/2187/10 2848/2188/10 3853/3840/10
f 3853/3840/9 2848/2188/9 2847/2189/9 3852/3841/9
f 3852/3841/8 2847/2189/8 2846/2190/8 3851/3842/8
f 3851/3842/7 2846/2190/7 2845/2191/7 3850/3843/7
f 3850/3843/6 2845/2191/6 2844/2192/6 3849/3844/6
f 3849/3844/5 2844/2192/5 2843/2193/5 3848/3845/5
f 3848/3845/4 2843/2193/4 2842/2194/4 3847/3846/4
f 3847/3846/3 2842/2194/3 2840/248/3 3845/246/3
f 995/421/16 3846/228/16 3859/3834/16 997/3847/16
f 997/3847/15 3859/3834/15 3858/3835/15 998/3848/15
f 998/3848/14 3858/3835/14 3857/3836/14 999/3849/14
f 999/3849/13 3857/3836/13 3856/3837/13 1000/3850/13
f 1000/3850/12 3856/3837/12 3855/3838/12 1001/3851/12
f 1001/3851/11 3855/3838/11 3854/3839/11 1002/3852/11
f 1002/3852/10 3854/3839/10 3853/3840/10 1003/3853/10
f 1003/3853/9 3853/3840/9 3852/3841/9 1004/3854/9
f 1004/3854/8 3852/3841/8 3851/3842/8 1005/3855/8
f 1005/3855/7 3851/3842/7 3850/3843/7 1006/3856/7
f 1006/3856/6 3850/3843/6 3849/3844/6 1007/3857/6
f 1007/3857/5 3849/3844/5 3848/3845/5 1008/3858/5
f 1008/3858/4 3848/3845/4 3847/3846/4 1009/3859/4
f 1009/3859/3 3847/3846/3 3845/246/3 996/245/3
f 36/543/2 1071/157/2 3410/160/2 1010/3209/2
f 4899/3860/17 3865/3861/17 3881/3862/17 7375/3863/17
f 5199/3864/17 3867/3865/17 3883/3866/17 6835/3867/17
f 3940/3868/18 4959/3869/18 7089/3870/18 5170/3871/18
f 5545/3872/18 7434/3873/18 5455/3874/18 3909/3875/18
f 5425/3876/18 7389/3877/18 5754/3878/18 4044/3879/18
f 5154/3880/19 4075/3881/19 5184/3882/19 7195/3883/19
f 5605/3884/18 6894/3885/18 5365/3886/18 3984/3887/18
f 5410/3888/18 7254/3889/18 5694/3890/18 4029/3891/18
f 5214/3892/19 4090/3893/19 5244/3894/19 7330/3895/19
f 4029/3891/18 5694/3890/18 7314/3896/18 5050/3897/18
f 5259/3898/17 3869/3899/17 3885/3900/17 6790/3901/17
f 5274/3902/19 4105/3903/19 5304/3904/19 7465/3905/19
f 5034/3906/19 4015/3907/19 5109/3908/19 7015/3909/19
f 5470/3910/17 3862/3911/17 3879/3912/17 7240/3913/17
f 4120/3914/18 5319/3915/18 7149/3916/18 6250/3917/18
f 5785/3918/18 6759/3919/18 5335/3920/18 3954/3921/18
f 5305/3922/18 6774/3923/18 6715/3924/18 4584/3925/18
f 5874/3926/19 4615/3927/19 5904/3928/19 7390/3929/19
f 5845/3930/18 7479/3931/18 4975/3932/18 4254/3933/18
f 5290/3934/18 7359/3935/18 5935/3936/18 4569/3937/18
f 5934/3938/19 4630/3939/19 5964/3940/19 7345/3941/19
f 5860/3942/19 4570/3943/19 5769/3944/19 7495/3945/19
f 6100/3946/17 3871/3947/17 3887/3948/17 7555/3949/17
f 5994/3950/19 4645/3951/19 6024/3952/19 7300/3953/19
f 5755/3954/19 4555/3955/19 5829/3956/19 7450/3957/19
f 5245/3958/18 6819/3959/18 6655/3960/18 4524/3961/18
f 6054/3962/19 4660/3963/19 6084/3964/19 7255/3965/19
f 5514/3966/19 4315/3967/19 6429/3968/19 7000/3969/19
f 5230/3970/18 7224/3971/18 6115/3972/18 4509/3973/18
f 6114/3974/19 4675/3975/19 6144/3976/19 7210/3977/19
f 6040/3978/19 4510/3979/19 5709/3980/19 7540/3981/19
f 3888/3982/20 7179/3983/20 6175/3984/20 3872/3985/20
f 6174/3986/19 4690/3987/19 6204/3988/19 7165/3989/19
f 5695/3990/19 4495/3991/19 6009/3992/19 7315/3993/19
f 5185/3994/18 6864/3995/18 6595/3996/18 4464/3997/18
f 6234/3998/19 4705/3999/19 6264/4000/19 7120/4001/19
f 6580/4002/19 4330/4003/19 5529/4004/19 7675/4005/19
f 5170/3871/18 7089/3870/18 6295/4006/18 4449/4007/18
f 6294/4008/19 4720/4009/19 6324/4010/19 7075/4011/19
f 6220/4012/19 4450/4013/19 5649/4014/19 7585/4015/19
f 4930/4016/18 7269/4017/18 6055/4018/18 4209/4019/18
f 6354/4020/19 4735/4021/19 6384/4022/19 7030/4023/19
f 5635/4024/19 4435/4025/19 6189/4026/19 7180/4027/19
f 5125/4028/18 6909/4029/18 6535/4030/18 4404/4031/18
f 6414/4032/19 4750/4033/19 6444/4034/19 6985/4035/19
f 6385/4036/18 7614/4037/18 5005/4038/18 4284/4039/18
f 5110/4040/18 6954/4041/18 6475/4042/18 4389/4043/18
f 6474/4044/19 4765/4045/19 6504/4046/19 6940/4047/19
f 6400/4048/19 4390/4049/19 5589/4050/19 7630/4051/19
f 4945/4052/18 7404/4053/18 5875/4054/18 4224/4055/18
f 6534/4056/19 4780/4057/19 6564/4058/19 6895/4059/19
f 5575/4060/19 4375/4061/19 6369/4062/19 7045/4063/19
f 5065/4064/18 7449/4065/18 5815/4066/18 4344/4067/18
f 6594/4068/19 4795/4069/19 6624/4070/19 6850/4071/19
f 6565/4072/18 7659/4073/18 4885/4074/18 4164/4075/18
f 5050/3897/18 7314/3896/18 5995/4076/18 4329/4077/18
f 6654/4078/19 4810/4079/19 6684/4080/19 6805/4081/19
f 6280/4082/19 4210/4083/19 5409/4084/19 7600/4085/19
f 6700/4086/17 3877/4087/17 3893/4088/17 7705/4089/17
f 6714/4090/19 4825/4091/19 6744/4092/19 6760/4093/19
f 5395/4094/19 4195/4095/19 6489/4096/19 6955/4097/19
f 3860/4098/20 4839/4099/20 7134/4100/20 3892/4101/20
f 6745/4102/18 7704/4103/18 4855/4104/18 4134/4105/18
f 4824/4106/18 6699/4107/18 7704/4103/18 6745/4102/18
f 5814/4108/19 4600/4109/19 5844/4110/19 7435/4111/19
f 3970/4112/18 4989/4113/18 7224/3971/18 5230/3970/18
f 4539/4114/18 5260/4115/18 6789/4116/18 6730/4117/18
f 5770/4118/18 7344/4119/18 5740/4120/18 4104/4121/18
f 4584/3925/18 6715/3924/18 6759/3919/18 5785/3918/18
f 7510/4122/17 3889/4123/17 3869/3899/17 5259/3898/17
f 5965/4124/18 7509/4125/18 5260/4115/18 4539/4114/18
f 6775/4126/19 6729/4127/19 4825/4091/19 6714/4090/19
f 4809/4128/18 6639/4129/18 7689/4130/18 6685/4131/18
f 5739/4132/19 4540/4133/19 6729/4127/19 6775/4126/19
f 7525/4134/19 5724/4135/19 4000/4136/19 5019/4137/19
f 4479/4138/18 5200/4139/18 6834/4140/18 6670/4141/18
f 5710/4142/18 7209/4143/18 5680/4144/18 4089/4145/18
f 4524/3961/18 6655/3960/18 6804/4146/18 5725/4147/18
f 7555/3949/17 3887/3948/17 3867/3865/17 5199/3864/17
f 6145/4148/18 7554/4149/18 5200/4139/18 4479/4138/18
f 6820/4150/19 6669/4151/19 4810/4079/19 6654/4078/19
f 4794/4152/18 6579/4153/18 7674/4154/18 6625/4155/18
f 5679/4156/19 4480/4157/19 6669/4151/19 6820/4150/19
f 7570/4158/19 5664/4159/19 4015/3907/19 5034/3906/19
f 4419/4160/18 5140/4161/18 6879/4162/18 6610/4163/18
f 5650/4164/18 7074/4165/18 5620/4166/18 4074/4167/18
f 4464/3997/18 6595/3996/18 6849/4168/18 5665/4169/18
f 7600/4085/19 5409/4084/19 4030/4170/19 5139/4171/19
f 6325/4172/18 7599/4173/18 5140/4161/18 4419/4160/18
f 6865/4174/19 6609/4175/19 4795/4069/19 6594/4068/19
f 4779/4176/18 6519/4177/18 7659/4073/18 6565/4072/18
f 5619/4178/19 4420/4179/19 6609/4175/19 6865/4174/19
f 5019/4137/19 4000/4136/19 5289/4180/19 7420/4181/19
f 4359/4182/18 5080/4183/18 6924/4184/18 6550/4185/18
f 5590/4186/18 6939/4187/18 5560/4188/18 4059/4189/18
f 4404/4031/18 6535/4030/18 6894/3885/18 5605/3884/18
f 7645/4190/19 5424/4191/19 4045/4192/19 5079/4193/19
f 6505/4194/18 7644/4195/18 5080/4183/18 4359/4182/18
f 6910/4196/19 6549/4197/19 4780/4057/19 6534/4056/19
f 4764/4198/18 6459/4199/18 7644/4195/18 6505/4194/18
f 6340/4200/19 4405/4201/19 5604/4202/19 7615/4203/19
f 7630/4051/19 5589/4050/19 4060/4204/19 5094/4205/19
f 4194/4206/18 4915/4207/18 6969/4208/18 6490/4209/18
f 5665/4169/18 6849/4168/18 5394/4210/18 4014/4211/18
f 4389/4043/18 6475/4042/18 6939/4187/18 5590/4186/18
f 3924/4212/18 5499/4213/18 7404/4053/18 4945/4052/18
f 6625/4155/18 7674/4154/18 4915/4207/18 4194/4206/18
f 6955/4097/19 6489/4096/19 4765/4045/19 6474/4044/19
f 4749/4214/18 6399/4215/18 7629/4216/18 6445/4217/18
f 6640/4218/17 3875/4219/17 3891/4220/17 7690/4221/17
f 3868/4222/20 5634/4223/20 7179/3983/20 3888/3982/20
f 4314/4224/18 5035/4225/18 7014/4226/18 6430/4227/18
f 3866/4228/20 5574/4229/20 7044/4230/20 3886/4231/20
f 3874/4232/20 6415/4233/20 6984/4234/20 3882/4235/20
f 4014/4211/18 5394/4210/18 6954/4041/18 5110/4040/18
f 6205/4236/18 7569/4237/18 5035/4225/18 4314/4224/18
f 7000/3969/19 6429/3968/19 4750/4033/19 6414/4032/19
f 4734/4238/18 6339/4239/18 7614/4037/18 6385/4036/18
f 3890/4240/20 6999/4241/20 6415/4233/20 3874/4232/20
f 3880/4242/20 7164/4243/20 5515/4244/20 3864/4245/20
f 4374/4246/18 5095/4247/18 7059/4248/18 6370/4249/18
f 3882/4235/20 6984/4234/20 5574/4229/20 3866/4228/20
f 3870/4250/20 6355/4251/20 7029/4252/20 3878/4253/20
f 4059/4189/18 5560/4188/18 6909/4029/18 5125/4028/18
f 6445/4217/18 7629/4216/18 5095/4247/18 4374/4246/18
f 7045/4063/19 6369/4062/19 4735/4021/19 6354/4020/19
f 4719/4254/18 6279/4255/18 7599/4173/18 6325/4172/18
f 6160/4256/19 4465/4257/19 5664/4159/19 7570/4158/19
f 7585/4015/19 5649/4014/19 4075/3881/19 5154/3880/19
f 7435/4111/19 5844/4110/19 4255/4258/19 5454/4259/19
f 5320/4260/19 3939/4261/19 5169/4262/19 7150/4263/19
f 4449/4007/18 6295/4006/18 7074/4165/18 5650/4164/18
f 7660/4264/19 5544/4265/19 3910/4266/19 4884/4267/19
f 4960/4268/19 4239/4269/19 6309/4270/19 7090/4271/19
f 7090/4271/19 6309/4270/19 4720/4009/19 6294/4008/19
f 4704/4272/18 6219/4273/18 7584/4274/18 6265/4275/18
f 3886/4231/20 7044/4230/20 6355/4251/20 3870/4250/20
f 5920/4276/17 3873/4277/17 3889/4123/17 7510/4122/17
f 6760/4093/19 6744/4092/19 4135/4278/19 5334/4279/19
f 7705/4089/17 3893/4088/17 3863/4280/17 4854/4281/17
f 3876/4282/20 6235/4283/20 7119/4284/20 3884/4285/20
f 7480/4286/19 5784/4287/19 3955/4288/19 4974/4289/19
f 4840/4290/19 4119/4291/19 6249/4292/19 7135/4293/19
f 7135/4293/19 6249/4292/19 4705/3999/19 6234/3998/19
f 4689/4294/18 6159/4295/18 7569/4237/18 6205/4236/18
f 3892/4101/20 7134/4100/20 6235/4283/20 3876/4282/20
f 3864/4245/20 5515/4244/20 6999/4241/20 3890/4240/20
f 4434/4296/18 5155/4297/18 7194/4298/18 6190/4299/18
f 3884/4285/20 7119/4284/20 5634/4223/20 3868/4222/20
f 3872/3985/20 6175/3984/20 7164/4243/20 3880/4242/20
f 4074/4167/18 5620/4166/18 6864/3995/18 5185/3994/18
f 6265/4275/18 7584/4274/18 5155/4297/18 4434/4296/18
f 7180/4027/19 6189/4026/19 4690/3987/19 6174/3986/19
f 4674/4300/18 6099/4301/18 7554/4149/18 6145/4148/18
f 5980/4302/19 4525/4303/19 5724/4135/19 7525/4134/19
f 7540/3981/19 5709/3980/19 4090/3893/19 5214/3892/19
f 7030/4023/19 6384/4022/19 4285/4304/19 5484/4305/19
f 5350/4306/19 3969/4307/19 5229/4308/19 7285/4309/19
f 4509/3973/18 6115/3972/18 7209/4143/18 5710/4142/18
f 3878/4253/20 7029/4252/20 5485/4310/20 3861/4311/20
f 4990/4312/19 4269/4313/19 6129/4314/19 7225/4315/19
f 7225/4315/19 6129/4314/19 4675/3975/19 6114/3974/19
f 4659/4316/18 6039/4317/18 7539/4318/18 6085/4319/18
f 6460/4320/19 4225/4321/19 5424/4191/19 7645/4190/19
f 4044/3879/18 5754/3878/18 7449/4065/18 5065/4064/18
f 6895/4059/19 6564/4058/19 4165/4322/19 5364/4323/19
f 5440/4324/19 3894/4325/19 4929/4326/19 7105/4327/19
f 4209/4019/18 6055/4018/18 7254/3889/18 5410/3888/18
f 7615/4203/19 5604/4202/19 3985/4328/19 5004/4329/19
f 4870/4330/19 4149/4331/19 6069/4332/19 7270/4333/19
f 7270/4333/19 6069/4332/19 4660/3963/19 6054/3962/19
f 4644/4334/18 5979/4335/18 7524/4336/18 6025/4337/18
f 6520/4338/19 4345/4339/19 5544/4265/19 7660/4264/19
f 7675/4005/19 5529/4004/19 3925/4340/19 4914/4341/19
f 4494/4342/18 5215/4343/18 7329/4344/18 6010/4345/18
f 5139/4171/19 4030/4170/19 5049/4346/19 6880/4347/19
f 4329/4077/18 5995/4076/18 7299/4348/18 5530/4349/18
f 4089/4145/18 5680/4144/18 6819/3959/18 5245/3958/18
f 6085/4319/18 7539/4318/18 5215/4343/18 4494/4342/18
f 7315/3993/19 6009/3992/19 4645/3951/19 5994/3950/19
f 4629/4350/18 5919/4351/18 7509/4125/18 5965/4124/18
f 5800/4352/19 4585/4353/19 5784/4287/19 7480/4286/19
f 7495/3945/19 5769/3944/19 4105/3903/19 5274/3902/19
f 4179/4354/18 4900/4355/18 7374/4356/18 5950/4357/18
f 5725/4147/18 6804/4146/18 5379/4358/18 3999/4359/18
f 4569/3937/18 5935/3936/18 7344/4119/18 5770/4118/18
f 7690/4221/17 3891/4220/17 3865/3861/17 4899/3860/17
f 6685/4131/18 7689/4130/18 4900/4355/18 4179/4354/18
f 7360/4360/19 5949/4361/19 4630/3939/19 5934/3938/19
f 4614/4362/18 5859/4363/18 7494/4364/18 5905/4365/18
f 4240/4366/18 5439/4367/18 7104/4368/18 6310/4369/18
f 5094/4205/19 4060/4204/19 5124/4370/19 7060/4371/19
f 4299/4372/18 5020/4373/18 7419/4374/18 5890/4375/18
f 5530/4349/18 7299/4348/18 5499/4213/18 3924/4212/18
f 4224/4055/18 5875/4054/18 7389/3877/18 5425/3876/18
f 3999/4359/18 5379/4358/18 7359/3935/18 5290/3934/18
f 6025/4337/18 7524/4336/18 5020/4373/18 4299/4372/18
f 7405/4376/19 5889/4377/19 4615/3927/19 5874/3926/19
f 4599/4378/18 5799/4379/18 7479/3931/18 5845/3930/18
f 5559/4380/19 4360/4381/19 6549/4197/19 6910/4196/19
f 4914/4341/19 3925/4340/19 4944/4382/19 6970/4383/19
f 4554/4384/18 5275/4385/18 7464/4386/18 5830/4387/18
f 5079/4193/19 4045/4192/19 5064/4388/19 6925/4389/19
f 4344/4067/18 5815/4066/18 7434/3873/18 5545/3872/18
f 4104/4121/18 5740/4120/18 6774/3923/18 5305/3922/18
f 5905/4365/18 7494/4364/18 5275/4385/18 4554/4384/18
f 7450/3957/19 5829/3956/19 4600/4109/19 5814/4108/19
f 7465/3905/19 5304/3904/19 4585/4353/19 5800/4352/19
f 5830/4387/18 7464/4386/18 5799/4379/18 4599/4378/18
f 4270/4390/18 5469/4391/18 7239/4392/18 6130/4393/18
f 7420/4181/19 5289/4180/19 4570/3943/19 5860/3942/19
f 5890/4375/18 7419/4374/18 5859/4363/18 4614/4362/18
f 7390/3929/19 5904/3928/19 4555/3955/19 5755/3954/19
f 7375/3863/17 3881/3862/17 3873/4277/17 5920/4276/17
f 5950/4357/18 7374/4356/18 5919/4351/18 4629/4350/18
f 7345/3941/19 5964/3940/19 4540/4133/19 5739/4132/19
f 7330/3895/19 5244/3894/19 4525/4303/19 5980/4302/19
f 6010/4345/18 7329/4344/18 5979/4335/18 4644/4334/18
f 7300/3953/19 6024/3952/19 4300/4394/19 5500/4395/19
f 7285/4309/19 5229/4308/19 4510/3979/19 6040/3978/19
f 6070/4396/18 7284/4397/18 6039/4317/18 4659/4316/18
f 7255/3965/19 6084/3964/19 4495/3991/19 5695/3990/19
f 7240/3913/17 3879/3912/17 3871/3947/17 6100/3946/17
f 6130/4393/18 7239/4392/18 6099/4301/18 4674/4300/18
f 7210/3977/19 6144/3976/19 4480/4157/19 5679/4156/19
f 7195/3883/19 5184/3882/19 4465/4257/19 6160/4256/19
f 6190/4299/18 7194/4298/18 6159/4295/18 4689/4294/18
f 7165/3989/19 6204/3988/19 4315/3967/19 5514/3966/19
f 7150/4263/19 5169/4262/19 4450/4013/19 6220/4012/19
f 6250/3917/18 7149/3916/18 6219/4273/18 4704/4272/18
f 7120/4001/19 6264/4000/19 4435/4025/19 5635/4024/19
f 7105/4327/19 4929/4326/19 4210/4083/19 6280/4082/19
f 6310/4369/18 7104/4368/18 6279/4255/18 4719/4254/18
f 7075/4011/19 6324/4010/19 4420/4179/19 5619/4178/19
f 7060/4371/19 5124/4370/19 4405/4201/19 6340/4200/19
f 6370/4249/18 7059/4248/18 6339/4239/18 4734/4238/18
f 5500/4395/19 4300/4394/19 5889/4377/19 7405/4376/19
f 7015/3909/19 5109/3908/19 4390/4049/19 6400/4048/19
f 6430/4227/18 7014/4226/18 6399/4215/18 4749/4214/18
f 6985/4035/19 6444/4034/19 4375/4061/19 5575/4060/19
f 6970/4383/19 4944/4382/19 4225/4321/19 6460/4320/19
f 6490/4209/18 6969/4208/18 6459/4199/18 4764/4198/18
f 6940/4047/19 6504/4046/19 4360/4381/19 5559/4380/19
f 6925/4389/19 5064/4388/19 4345/4339/19 6520/4338/19
f 6550/4185/18 6924/4184/18 6519/4177/18 4779/4176/18
f 5380/4398/19 4180/4399/19 5949/4361/19 7360/4360/19
f 6880/4347/19 5049/4346/19 4330/4003/19 6580/4002/19
f 6610/4163/18 6879/4162/18 6579/4153/18 4794/4152/18
f 6850/4071/19 6624/4070/19 4195/4095/19 5395/4094/19
f 6835/3867/17 3883/3866/17 3875/4219/17 6640/4218/17
f 6670/4141/18 6834/4140/18 6639/4129/18 4809/4128/18
f 6805/4081/19 6684/4080/19 4180/4399/19 5380/4398/19
f 6790/3901/17 3885/3900/17 3877/4087/17 6700/4086/17
f 6730/4117/18 6789/4116/18 6699/4107/18 4824/4106/18
f 4150/4400/18 5349/4401/18 7284/4397/18 6070/4396/18
f 4930/4016/21 4943/4402/21 3908/4403/21 3895/4404/21
f 4943/4402/22 4942/4405/22 3907/4406/22 3908/4403/22
f 4942/4405/23 4941/4407/23 3906/4408/23 3907/4406/23
f 4941/4407/24 4940/4409/24 3905/4410/24 3906/4408/24
f 4940/4409/25 4939/4411/25 3904/4412/25 3905/4410/25
f 4939/4411/26 4938/4413/26 3903/4414/26 3904/4412/26
f 4938/4413/27 4937/4415/27 3902/4416/27 3903/4414/27
f 4937/4415/28 4936/4417/28 3901/4418/28 3902/4416/28
f 4936/4417/29 4935/4419/29 3900/4420/29 3901/4418/29
f 4935/4419/30 4934/4421/30 3899/4422/30 3900/4420/30
f 4934/4421/31 4933/4423/31 3898/4424/31 3899/4422/31
f 4933/4423/32 4932/4425/32 3897/4426/32 3898/4424/32
f 4932/4425/33 4931/4427/33 3896/4428/33 3897/4426/33
f 4931/4427/34 4929/4326/34 3894/4325/34 3896/4428/34
f 4945/4052/21 4958/4429/21 3926/4430/21 3924/4212/21
f 4958/4429/22 4957/4431/22 3927/4432/22 3926/4430/22
f 4957/4431/23 4956/4433/23 3928/4434/23 3927/4432/23
f 4956/4433/24 4955/4435/24 3929/4436/24 3928/4434/24
f 4955/4435/25 4954/4437/25 3930/4438/25 3929/4436/25
f 4954/4437/26 4953/4439/26 3931/4440/26 3930/4438/26
f 4953/4439/27 4952/4441/27 3932/4442/27 3931/4440/27
f 4952/4441/28 4951/4443/28 3933/4444/28 3932/4442/28
f 4951/4443/29 4950/4445/29 3934/4446/29 3933/4444/29
f 4950/4445/30 4949/4447/30 3935/4448/30 3934/4446/30
f 4949/4447/31 4948/4449/31 3936/4450/31 3935/4448/31
f 4948/4449/32 4947/4451/32 3937/4452/32 3936/4450/32
f 4947/4451/33 4946/4453/33 3938/4454/33 3937/4452/33
f 4946/4453/34 4944/4382/34 3925/4340/34 3938/4454/34
f 5050/3897/21 5063/4455/21 4031/4456/21 4029/3891/21
f 5063/4455/22 5062/4457/22 4032/4458/22 4031/4456/22
f 5062/4457/23 5061/4459/23 4033/4460/23 4032/4458/23
f 5061/4459/24 5060/4461/24 4034/4462/24 4033/4460/24
f 5060/4461/25 5059/4463/25 4035/4464/25 4034/4462/25
f 5059/4463/26 5058/4465/26 4036/4466/26 4035/4464/26
f 5058/4465/27 5057/4467/27 4037/4468/27 4036/4466/27
f 5057/4467/28 5056/4469/28 4038/4470/28 4037/4468/28
f 5056/4469/29 5055/4471/29 4039/4472/29 4038/4470/29
f 5055/4471/30 5054/4473/30 4040/4474/30 4039/4472/30
f 5054/4473/31 5053/4475/31 4041/4476/31 4040/4474/31
f 5053/4475/32 5052/4477/32 4042/4478/32 4041/4476/32
f 5052/4477/33 5051/4479/33 4043/4480/33 4042/4478/33
f 5051/4479/34 5049/4346/34 4030/4170/34 4043/4480/34
f 5065/4064/21 5078/4481/21 4046/4482/21 4044/3879/21
f 5078/4481/22 5077/4483/22 4047/4484/22 4046/4482/22
f 5077/4483/23 5076/4485/23 4048/4486/23 4047/4484/23
f 5076/4485/24 5075/4487/24 4049/4488/24 4048/4486/24
f 5075/4487/25 5074/4489/25 4050/4490/25 4049/4488/25
f 5074/4489/26 5073/4491/26 4051/4492/26 4050/4490/26
f 5073/4491/27 5072/4493/27 4052/4494/27 4051/4492/27
f 5072/4493/28 5071/4495/28 4053/4496/28 4052/4494/28
f 5071/4495/29 5070/4497/29 4054/4498/29 4053/4496/29
f 5070/4497/30 5069/4499/30 4055/4500/30 4054/4498/30
f 5069/4499/31 5068/4501/31 4056/4502/31 4055/4500/31
f 5068/4501/32 5067/4503/32 4057/4504/32 4056/4502/32
f 5067/4503/33 5066/4505/33 4058/4506/33 4057/4504/33
f 5066/4505/34 5064/4388/34 4045/4192/34 4058/4506/34
f 5110/4040/21 5123/4507/21 4016/4508/21 4014/4211/21
f 5123/4507/22 5122/4509/22 4017/4510/22 4016/4508/22
f 5122/4509/23 5121/4511/23 4018/4512/23 4017/4510/23
f 5121/4511/24 5120/4513/24 4019/4514/24 4018/4512/24
f 5120/4513/25 5119/4515/25 4020/4516/25 4019/4514/25
f 5119/4515/26 5118/4517/26 4021/4518/26 4020/4516/26
f 5118/4517/27 5117/4519/27 4022/4520/27 4021/4518/27
f 5117/4519/28 5116/4521/28 4023/4522/28 4022/4520/28
f 5116/4521/29 5115/4523/29 4024/4524/29 4023/4522/29
f 5115/4523/30 5114/4525/30 4025/4526/30 4024/4524/30
f 5114/4525/31 5113/4527/31 4026/4528/31 4025/4526/31
f 5113/4527/32 5112/4529/32 4027/4530/32 4026/4528/32
f 5112/4529/33 5111/4531/33 4028/4532/33 4027/4530/33
f 5111/4531/34 5109/3908/34 4015/3907/34 4028/4532/34
f 5125/4028/21 5138/4533/21 4061/4534/21 4059/4189/21
f 5138/4533/22 5137/4535/22 4062/4536/22 4061/4534/22
f 5137/4535/23 5136/4537/23 4063/4538/23 4062/4536/23
f 5136/4537/24 5135/4539/24 4064/4540/24 4063/4538/24
f 5135/4539/25 5134/4541/25 4065/4542/25 4064/4540/25
f 5134/4541/26 5133/4543/26 4066/4544/26 4065/4542/26
f 5133/4543/27 5132/4545/27 4067/4546/27 4066/4544/27
f 5132/4545/28 5131/4547/28 4068/4548/28 4067/4546/28
f 5131/4547/29 5130/4549/29 4069/4550/29 4068/4548/29
f 5130/4549/30 5129/4551/30 4070/4552/30 4069/4550/30
f 5129/4551/31 5128/4553/31 4071/4554/31 4070/4552/31
f 5128/4553/32 5127/4555/32 4072/4556/32 4071/4554/32
f 5127/4555/33 5126/4557/33 4073/4558/33 4072/4556/33
f 5126/4557/34 5124/4370/34 4060/4204/34 4073/4558/34
f 5170/3871/21 5183/4559/21 3953/4560/21 3940/3868/21
f 5183/4559/22 5182/4561/22 3952/4562/22 3953/4560/22
f 5182/4561/23 5181/4563/23 3951/4564/23 3952/4562/23
f 5181/4563/24 5180/4565/24 3950/4566/24 3951/4564/24
f 5180/4565/25 5179/4567/25 3949/4568/25 3950/4566/25
f 5179/4567/26 5178/4569/26 3948/4570/26 3949/4568/26
f 5178/4569/27 5177/4571/27 3947/4572/27 3948/4570/27
f 5177/4571/28 5176/4573/28 3946/4574/28 3947/4572/28
f 5176/4573/29 5175/4575/29 3945/4576/29 3946/4574/29
f 5175/4575/30 5174/4577/30 3944/4578/30 3945/4576/30
f 5174/4577/31 5173/4579/31 3943/4580/31 3944/4578/31
f 5173/4579/32 5172/4581/32 3942/4582/32 3943/4580/32
f 5172/4581/33 5171/4583/33 3941/4584/33 3942/4582/33
f 5171/4583/34 5169/4262/34 3939/4261/34 3941/4584/34
f 5185/3994/21 5198/4585/21 4076/4586/21 4074/4167/21
f 5198/4585/22 5197/4587/22 4077/4588/22 4076/4586/22
f 5197/4587/23 5196/4589/23 4078/4590/23 4077/4588/23
f 5196/4589/24 5195/4591/24 4079/4592/24 4078/4590/24
f 5195/4591/25 5194/4593/25 4080/4594/25 4079/4592/25
f 5194/4593/26 5193/4595/26 4081/4596/26 4080/4594/26
f 5193/4595/27 5192/4597/27 4082/4598/27 4081/4596/27
f 5192/4597/28 5191/4599/28 4083/4600/28 4082/4598/28
f 5191/4599/29 5190/4601/29 4084/4602/29 4083/4600/29
f 5190/4601/30 5189/4603/30 4085/4604/30 4084/4602/30
f 5189/4603/31 5188/4605/31 4086/4606/31 4085/4604/31
f 5188/4605/32 5187/4607/32 4087/4608/32 4086/4606/32
f 5187/4607/33 5186/4609/33 4088/4610/33 4087/4608/33
f 5186/4609/34 5184/3882/34 4075/3881/34 4088/4610/34
f 5230/3970/21 5243/4611/21 3983/4612/21 3970/4112/21
f 5243/4611/22 5242/4613/22 3982/4614/22 3983/4612/22
f 5242/4613/23 5241/4615/23 3981/4616/23 3982/4614/23
f 5241/4615/24 5240/4617/24 3980/4618/24 3981/4616/24
f 5240/4617/25 5239/4619/25 3979/4620/25 3980/4618/25
f 5239/4619/26 5238/4621/26 3978/4622/26 3979/4620/26
f 5238/4621/27 5237/4623/27 3977/4624/27 3978/4622/27
f 5237/4623/28 5236/4625/28 3976/4626/28 3977/4624/28
f 5236/4625/29 5235/4627/29 3975/4628/29 3976/4626/29
f 5235/4627/30 5234/4629/30 3974/4630/30 3975/4628/30
f 5234/4629/31 5233/4631/31 3973/4632/31 3974/4630/31
f 5233/4631/32 5232/4633/32 3972/4634/32 3973/4632/32
f 5232/4633/33 5231/4635/33 3971/4636/33 3972/4634/33
f 5231/4635/34 5229/4308/34 3969/4307/34 3971/4636/34
f 5245/3958/21 5258/4637/21 4091/4638/21 4089/4145/21
f 5258/4637/22 5257/4639/22 4092/4640/22 4091/4638/22
f 5257/4639/23 5256/4641/23 4093/4642/23 4092/4640/23
f 5256/4641/24 5255/4643/24 4094/4644/24 4093/4642/24
f 5255/4643/25 5254/4645/25 4095/4646/25 4094/4644/25
f 5254/4645/26 5253/4647/26 4096/4648/26 4095/4646/26
f 5253/4647/27 5252/4649/27 4097/4650/27 4096/4648/27
f 5252/4649/28 5251/4651/28 4098/4652/28 4097/4650/28
f 5251/4651/29 5250/4653/29 4099/4654/29 4098/4652/29
f 5250/4653/30 5249/4655/30 4100/4656/30 4099/4654/30
f 5249/4655/31 5248/4657/31 4101/4658/31 4100/4656/31
f 5248/4657/32 5247/4659/32 4102/4660/32 4101/4658/32
f 5247/4659/33 5246/4661/33 4103/4662/33 4102/4660/33
f 5246/4661/34 5244/3894/34 4090/3893/34 4103/4662/34
f 5290/3934/21 5303/4663/21 4001/4664/21 3999/4359/21
f 5303/4663/22 5302/4665/22 4002/4666/22 4001/4664/22
f 5302/4665/23 5301/4667/23 4003/4668/23 4002/4666/23
f 5301/4667/24 5300/4669/24 4004/4670/24 4003/4668/24
f 5300/4669/25 5299/4671/25 4005/4672/25 4004/4670/25
f 5299/4671/26 5298/4673/26 4006/4674/26 4005/4672/26
f 5298/4673/27 5297/4675/27 4007/4676/27 4006/4674/27
f 5297/4675/28 5296/4677/28 4008/4678/28 4007/4676/28
f 5296/4677/29 5295/4679/29 4009/4680/29 4008/4678/29
f 5295/4679/30 5294/4681/30 4010/4682/30 4009/4680/30
f 5294/4681/31 5293/4683/31 4011/4684/31 4010/4682/31
f 5293/4683/32 5292/4685/32 4012/4686/32 4011/4684/32
f 5292/4685/33 5291/4687/33 4013/4688/33 4012/4686/33
f 5291/4687/34 5289/4180/34 4000/4136/34 4013/4688/34
f 5305/3922/21 5318/4689/21 4106/4690/21 4104/4121/21
f 5318/4689/22 5317/4691/22 4107/4692/22 4106/4690/22
f 5317/4691/23 5316/4693/23 4108/4694/23 4107/4692/23
f 5316/4693/24 5315/4695/24 4109/4696/24 4108/4694/24
f 5315/4695/25 5314/4697/25 4110/4698/25 4109/4696/25
f 5314/4697/26 5313/4699/26 4111/4700/26 4110/4698/26
f 5313/4699/27 5312/4701/27 4112/4702/27 4111/4700/27
f 5312/4701/28 5311/4703/28 4113/4704/28 4112/4702/28
f 5311/4703/29 5310/4705/29 4114/4706/29 4113/4704/29
f 5310/4705/30 5309/4707/30 4115/4708/30 4114/4706/30
f 5309/4707/31 5308/4709/31 4116/4710/31 4115/4708/31
f 5308/4709/32 5307/4711/32 4117/4712/32 4116/4710/32
f 5307/4711/33 5306/4713/33 4118/4714/33 4117/4712/33
f 5306/4713/34 5304/3904/34 4105/3903/34 4118/4714/34
f 5410/3888/21 5423/4715/21 4211/4716/21 4209/4019/21
f 5423/4715/22 5422/4717/22 4212/4718/22 4211/4716/22
f 5422/4717/23 5421/4719/23 4213/4720/23 4212/4718/23
f 5421/4719/24 5420/4721/24 4214/4722/24 4213/4720/24
f 5420/4721/25 5419/4723/25 4215/4724/25 4214/4722/25
f 5419/4723/26 5418/4725/26 4216/4726/26 4215/4724/26
f 5418/4725/27 5417/4727/27 4217/4728/27 4216/4726/27
f 5417/4727/28 5416/4729/28 4218/4730/28 4217/4728/28
f 5416/4729/29 5415/4731/29 4219/4732/29 4218/4730/29
f 5415/4731/30 5414/4733/30 4220/4734/30 4219/4732/30
f 5414/4733/31 5413/4735/31 4221/4736/31 4220/4734/31
f 5413/4735/32 5412/4737/32 4222/4738/32 4221/4736/32
f 5412/4737/33 5411/4739/33 4223/4740/33 4222/4738/33
f 5411/4739/34 5409/4084/34 4210/4083/34 4223/4740/34
f 5425/3876/21 5438/4741/21 4226/4742/21 4224/4055/21
f 5438/4741/22 5437/4743/22 4227/4744/22 4226/4742/22
f 5437/4743/23 5436/4745/23 4228/4746/23 4227/4744/23
f 5436/4745/24 5435/4747/24 4229/4748/24 4228/4746/24
f 5435/4747/25 5434/4749/25 4230/4750/25 4229/4748/25
f 5434/4749/26 5433/4751/26 4231/4752/26 4230/4750/26
f 5433/4751/27 5432/4753/27 4232/4754/27 4231/4752/27
f 5432/4753/28 5431/4755/28 4233/4756/28 4232/4754/28
f 5431/4755/29 5430/4757/29 4234/4758/29 4233/4756/29
f 5430/4757/30 5429/4759/30 4235/4760/30 4234/4758/30
f 5429/4759/31 5428/4761/31 4236/4762/31 4235/4760/31
f 5428/4761/32 5427/4763/32 4237/4764/32 4236/4762/32
f 5427/4763/33 5426/4765/33 4238/4766/33 4237/4764/33
f 5426/4765/34 5424/4191/34 4225/4321/34 4238/4766/34
f 5530/4349/21 5543/4767/21 4331/4768/21 4329/4077/21
f 5543/4767/22 5542/4769/22 4332/4770/22 4331/4768/22
f 5542/4769/23 5541/4771/23 4333/4772/23 4332/4770/23
f 5541/4771/24 5540/4773/24 4334/4774/24 4333/4772/24
f 5540/4773/25 5539/4775/25 4335/4776/25 4334/4774/25
f 5539/4775/26 5538/4777/26 4336/4778/26 4335/4776/26
f 5538/4777/27 5537/4779/27 4337/4780/27 4336/4778/27
f 5537/4779/28 5536/4781/28 4338/4782/28 4337/4780/28
f 5536/4781/29 5535/4783/29 4339/4784/29 4338/4782/29
f 5535/4783/30 5534/4785/30 4340/4786/30 4339/4784/30
f 5534/4785/31 5533/4787/31 4341/4788/31 4340/4786/31
f 5533/4787/32 5532/4789/32 4342/4790/32 4341/4788/32
f 5532/4789/33 5531/4791/33 4343/4792/33 4342/4790/33
f 5531/4791/34 5529/4004/34 4330/4003/34 4343/4792/34
f 5545/3872/21 5558/4793/21 4346/4794/21 4344/4067/21
f 5558/4793/22 5557/4795/22 4347/4796/22 4346/4794/22
f 5557/4795/23 5556/4797/23 4348/4798/23 4347/4796/23
f 5556/4797/24 5555/4799/24 4349/4800/24 4348/4798/24
f 5555/4799/25 5554/4801/25 4350/4802/25 4349/4800/25
f 5554/4801/26 5553/4803/26 4351/4804/26 4350/4802/26
f 5553/4803/27 5552/4805/27 4352/4806/27 4351/4804/27
f 5552/4805/28 5551/4807/28 4353/4808/28 4352/4806/28
f 5551/4807/29 5550/4809/29 4354/4810/29 4353/4808/29
f 5550/4809/30 5549/4811/30 4355/4812/30 4354/4810/30
f 5549/4811/31 5548/4813/31 4356/4814/31 4355/4812/31
f 5548/4813/32 5547/4815/32 4357/4816/32 4356/4814/32
f 5547/4815/33 5546/4817/33 4358/4818/33 4357/4816/33
f 5546/4817/34 5544/4265/34 4345/4339/34 4358/4818/34
f 5590/4186/21 5603/4819/21 4391/4820/21 4389/4043/21
f 5603/4819/22 5602/4821/22 4392/4822/22 4391/4820/22
f 5602/4821/23 5601/4823/23 4393/4824/23 4392/4822/23
f 5601/4823/24 5600/4825/24 4394/4826/24 4393/4824/24
f 5600/4825/25 5599/4827/25 4395/4828/25 4394/4826/25
f 5599/4827/26 5598/4829/26 4396/4830/26 4395/4828/26
f 5598/4829/27 5597/4831/27 4397/4832/27 4396/4830/27
f 5597/4831/28 5596/4833/28 4398/4834/28 4397/4832/28
f 5596/4833/29 5595/4835/29 4399/4836/29 4398/4834/29
f 5595/4835/30 5594/4837/30 4400/4838/30 4399/4836/30
f 5594/4837/31 5593/4839/31 4401/4840/31 4400/4838/31
f 5593/4839/32 5592/4841/32 4402/4842/32 4401/4840/32
f 5592/4841/33 5591/4843/33 4403/4844/33 4402/4842/33
f 5591/4843/34 5589/4050/34 4390/4049/34 4403/4844/34
f 5605/3884/21 5618/4845/21 4406/4846/21 4404/4031/21
f 5618/4845/22 5617/4847/22 4407/4848/22 4406/4846/22
f 5617/4847/23 5616/4849/23 4408/4850/23 4407/4848/23
f 5616/4849/24 5615/4851/24 4409/4852/24 4408/4850/24
f 5615/4851/25 5614/4853/25 4410/4854/25 4409/4852/25
f 5614/4853/26 5613/4855/26 4411/4856/26 4410/4854/26
f 5613/4855/27 5612/4857/27 4412/4858/27 4411/4856/27
f 5612/4857/28 5611/4859/28 4413/4860/28 4412/4858/28
f 5611/4859/29 5610/4861/29 4414/4862/29 4413/4860/29
f 5610/4861/30 5609/4863/30 4415/4864/30 4414/4862/30
f 5609/4863/31 5608/4865/31 4416/4866/31 4415/4864/31
f 5608/4865/32 5607/4867/32 4417/4868/32 4416/4866/32
f 5607/4867/33 5606/4869/33 4418/4870/33 4417/4868/33
f 5606/4869/34 5604/4202/34 4405/4201/34 4418/4870/34
f 5650/4164/21 5663/4871/21 4451/4872/21 4449/4007/21
f 5663/4871/22 5662/4873/22 4452/4874/22 4451/4872/22
f 5662/4873/23 5661/4875/23 4453/4876/23 4452/4874/23
f 5661/4875/24 5660/4877/24 4454/4878/24 4453/4876/24
f 5660/4877/25 5659/4879/25 4455/4880/25 4454/4878/25
f 5659/4879/26 5658/4881/26 4456/4882/26 4455/4880/26
f 5658/4881/27 5657/4883/27 4457/4884/27 4456/4882/27
f 5657/4883/28 5656/4885/28 4458/4886/28 4457/4884/28
f 5656/4885/29 5655/4887/29 4459/4888/29 4458/4886/29
f 5655/4887/30 5654/4889/30 4460/4890/30 4459/4888/30
f 5654/4889/31 5653/4891/31 4461/4892/31 4460/4890/31
f 5653/4891/32 5652/4893/32 4462/4894/32 4461/4892/32
f 5652/4893/33 5651/4895/33 4463/4896/33 4462/4894/33
f 5651/4895/34 5649/4014/34 4450/4013/34 4463/4896/34
f 5665/4169/21 5678/4897/21 4466/4898/21 4464/3997/21
f 5678/4897/22 5677/4899/22 4467/4900/22 4466/4898/22
f 5677/4899/23 5676/4901/23 4468/4902/23 4467/4900/23
f 5676/4901/24 5675/4903/24 4469/4904/24 4468/4902/24
f 5675/4903/25 5674/4905/25 4470/4906/25 4469/4904/25
f 5674/4905/26 5673/4907/26 4471/4908/26 4470/4906/26
f 5673/4907/27 5672/4909/27 4472/4910/27 4471/4908/27
f 5672/4909/28 5671/4911/28 4473/4912/28 4472/4910/28
f 5671/4911/29 5670/4913/29 4474/4914/29 4473/4912/29
f 5670/4913/30 5669/4915/30 4475/4916/30 4474/4914/30
f 5669/4915/31 5668/4917/31 4476/4918/31 4475/4916/31
f 5668/4917/32 5667/4919/32 4477/4920/32 4476/4918/32
f 5667/4919/33 5666/4921/33 4478/4922/33 4477/4920/33
f 5666/4921/34 5664/4159/34 4465/4257/34 4478/4922/34
f 5710/4142/21 5723/4923/21 4511/4924/21 4509/3973/21
f 5723/4923/22 5722/4925/22 4512/4926/22 4511/4924/22
f 5722/4925/23 5721/4927/23 4513/4928/23 4512/4926/23
f 5721/4927/24 5720/4929/24 4514/4930/24 4513/4928/24
f 5720/4929/25 5719/4931/25 4515/4932/25 4514/4930/25
f 5719/4931/26 5718/4933/26 4516/4934/26 4515/4932/26
f 5718/4933/27 5717/4935/27 4517/4936/27 4516/4934/27
f 5717/4935/28 5716/4937/28 4518/4938/28 4517/4936/28
f 5716/4937/29 5715/4939/29 4519/4940/29 4518/4938/29
f 5715/4939/30 5714/4941/30 4520/4942/30 4519/4940/30
f 5714/4941/31 5713/4943/31 4521/4944/31 4520/4942/31
f 5713/4943/32 5712/4945/32 4522/4946/32 4521/4944/32
f 5712/4945/33 5711/4947/33 4523/4948/33 4522/4946/33
f 5711/4947/34 5709/3980/34 4510/3979/34 4523/4948/34
f 5725/4147/21 5738/4949/21 4526/4950/21 4524/3961/21
f 5738/4949/22 5737/4951/22 4527/4952/22 4526/4950/22
f 5737/4951/23 5736/4953/23 4528/4954/23 4527/4952/23
f 5736/4953/24 5735/4955/24 4529/4956/24 4528/4954/24
f 5735/4955/25 5734/4957/25 4530/4958/25 4529/4956/25
f 5734/4957/26 5733/4959/26 4531/4960/26 4530/4958/26
f 5733/4959/27 5732/4961/27 4532/4962/27 4531/4960/27
f 5732/4961/28 5731/4963/28 4533/4964/28 4532/4962/28
f 5731/4963/29 5730/4965/29 4534/4966/29 4533/4964/29
f 5730/4965/30 5729/4967/30 4535/4968/30 4534/4966/30
f 5729/4967/31 5728/4969/31 4536/4970/31 4535/4968/31
f 5728/4969/32 5727/4971/32 4537/4972/32 4536/4970/32
f 5727/4971/33 5726/4973/33 4538/4974/33 4537/4972/33
f 5726/4973/34 5724/4135/34 4525/4303/34 4538/4974/34
f 5770/4118/21 5783/4975/21 4571/4976/21 4569/3937/21
f 5783/4975/22 5782/4977/22 4572/4978/22 4571/4976/22
f 5782/4977/23 5781/4979/23 4573/4980/23 4572/4978/23
f 5781/4979/24 5780/4981/24 4574/4982/24 4573/4980/24
f 5780/4981/25 5779/4983/25 4575/4984/25 4574/4982/25
f 5779/4983/26 5778/4985/26 4576/4986/26 4575/4984/26
f 5778/4985/27 5777/4987/27 4577/4988/27 4576/4986/27
f 5777/4987/28 5776/4989/28 4578/4990/28 4577/4988/28
f 5776/4989/29 5775/4991/29 4579/4992/29 4578/4990/29
f 5775/4991/30 5774/4993/30 4580/4994/30 4579/4992/30
f 5774/4993/31 5773/4995/31 4581/4996/31 4580/4994/31
f 5773/4995/32 5772/4997/32 4582/4998/32 4581/4996/32
f 5772/4997/33 5771/4999/33 4583/5000/33 4582/4998/33
f 5771/4999/34 5769/3944/34 4570/3943/34 4583/5000/34
f 5785/3918/21 5798/5001/21 4586/5002/21 4584/3925/21
f 5798/5001/22 5797/5003/22 4587/5004/22 4586/5002/22
f 5797/5003/23 5796/5005/23 4588/5006/23 4587/5004/23
f 5796/5005/24 5795/5007/24 4589/5008/24 4588/5006/24
f 5795/5007/25 5794/5009/25 4590/5010/25 4589/5008/25
f 5794/5009/26 5793/5011/26 4591/5012/26 4590/5010/26
f 5793/5011/27 5792/5013/27 4592/5014/27 4591/5012/27
f 5792/5013/28 5791/5015/28 4593/5016/28 4592/5014/28
f 5791/5015/29 5790/5017/29 4594/5018/29 4593/5016/29
f 5790/5017/30 5789/5019/30 4595/5020/30 4594/5018/30
f 5789/5019/31 5788/5021/31 4596/5022/31 4595/5020/31
f 5788/5021/32 5787/5023/32 4597/5024/32 4596/5022/32
f 5787/5023/33 5786/5025/33 4598/5026/33 4597/5024/33
f 5786/5025/34 5784/4287/34 4585/4353/34 4598/5026/34
f 5830/4387/21 5843/5027/21 4556/5028/21 4554/4384/21
f 5843/5027/22 5842/5029/22 4557/5030/22 4556/5028/22
f 5842/5029/23 5841/5031/23 4558/5032/23 4557/5030/23
f 5841/5031/24 5840/5033/24 4559/5034/24 4558/5032/24
f 5840/5033/25 5839/5035/25 4560/5036/25 4559/5034/25
f 5839/5035/26 5838/5037/26 4561/5038/26 4560/5036/26
f 5838/5037/27 5837/5039/27 4562/5040/27 4561/5038/27
f 5837/5039/28 5836/5041/28 4563/5042/28 4562/5040/28
f 5836/5041/29 5835/5043/29 4564/5044/29 4563/5042/29
f 5835/5043/30 5834/5045/30 4565/5046/30 4564/5044/30
f 5834/5045/31 5833/5047/31 4566/5048/31 4565/5046/31
f 5833/5047/32 5832/5049/32 4567/5050/32 4566/5048/32
f 5832/5049/33 5831/5051/33 4568/5052/33 4567/5050/33
f 5831/5051/34 5829/3956/34 4555/3955/34 4568/5052/34
f 5845/3930/21 5858/5053/21 4601/5054/21 4599/4378/21
f 5858/5053/22 5857/5055/22 4602/5056/22 4601/5054/22
f 5857/5055/23 5856/5057/23 4603/5058/23 4602/5056/23
f 5856/5057/24 5855/5059/24 4604/5060/24 4603/5058/24
f 5855/5059/25 5854/5061/25 4605/5062/25 4604/5060/25
f 5854/5061/26 5853/5063/26 4606/5064/26 4605/5062/26
f 5853/5063/27 5852/5065/27 4607/5066/27 4606/5064/27
f 5852/5065/28 5851/5067/28 4608/5068/28 4607/5066/28
f 5851/5067/29 5850/5069/29 4609/5070/29 4608/5068/29
f 5850/5069/30 5849/5071/30 4610/5072/30 4609/5070/30
f 5849/5071/31 5848/5073/31 4611/5074/31 4610/5072/31
f 5848/5073/32 5847/5075/32 4612/5076/32 4611/5074/32
f 5847/5075/33 5846/5077/33 4613/5078/33 4612/5076/33
f 5846/5077/34 5844/4110/34 4600/4109/34 4613/5078/34
f 5890/4375/21 5903/5079/21 4301/5080/21 4299/4372/21
f 5903/5079/22 5902/5081/22 4302/5082/22 4301/5080/22
f 5902/5081/23 5901/5083/23 4303/5084/23 4302/5082/23
f 5901/5083/24 5900/5085/24 4304/5086/24 4303/5084/24
f 5900/5085/25 5899/5087/25 4305/5088/25 4304/5086/25
f 5899/5087/26 5898/5089/26 4306/5090/26 4305/5088/26
f 5898/5089/27 5897/5091/27 4307/5092/27 4306/5090/27
f 5897/5091/28 5896/5093/28 4308/5094/28 4307/5092/28
f 5896/5093/29 5895/5095/29 4309/5096/29 4308/5094/29
f 5895/5095/30 5894/5097/30 4310/5098/30 4309/5096/30
f 5894/5097/31 5893/5099/31 4311/5100/31 4310/5098/31
f 5893/5099/32 5892/5101/32 4312/5102/32 4311/5100/32
f 5892/5101/33 5891/5103/33 4313/5104/33 4312/5102/33
f 5891/5103/34 5889/4377/34 4300/4394/34 4313/5104/34
f 5905/4365/21 5918/5105/21 4616/5106/21 4614/4362/21
f 5918/5105/22 5917/5107/22 4617/5108/22 4616/5106/22
f 5917/5107/23 5916/5109/23 4618/5110/23 4617/5108/23
f 5916/5109/24 5915/5111/24 4619/5112/24 4618/5110/24
f 5915/5111/25 5914/5113/25 4620/5114/25 4619/5112/25
f 5914/5113/26 5913/5115/26 4621/5116/26 4620/5114/26
f 5913/5115/27 5912/5117/27 4622/5118/27 4621/5116/27
f 5912/5117/28 5911/5119/28 4623/5120/28 4622/5118/28
f 5911/5119/29 5910/5121/29 4624/5122/29 4623/5120/29
f 5910/5121/30 5909/5123/30 4625/5124/30 4624/5122/30
f 5909/5123/31 5908/5125/31 4626/5126/31 4625/5124/31
f 5908/5125/32 5907/5127/32 4627/5128/32 4626/5126/32
f 5907/5127/33 5906/5129/33 4628/5130/33 4627/5128/33
f 5906/5129/34 5904/3928/34 4615/3927/34 4628/5130/34
f 5950/4357/21 5963/5131/21 4181/5132/21 4179/4354/21
f 5963/5131/22 5962/5133/22 4182/5134/22 4181/5132/22
f 5962/5133/23 5961/5135/23 4183/5136/23 4182/5134/23
f 5961/5135/24 5960/5137/24 4184/5138/24 4183/5136/24
f 5960/5137/25 5959/5139/25 4185/5140/25 4184/5138/25
f 5959/5139/26 5958/5141/26 4186/5142/26 4185/5140/26
f 5958/5141/27 5957/5143/27 4187/5144/27 4186/5142/27
f 5957/5143/28 5956/5145/28 4188/5146/28 4187/5144/28
f 5956/5145/29 5955/5147/29 4189/5148/29 4188/5146/29
f 5955/5147/30 5954/5149/30 4190/5150/30 4189/5148/30
f 5954/5149/31 5953/5151/31 4191/5152/31 4190/5150/31
f 5953/5151/32 5952/5153/32 4192/5154/32 4191/5152/32
f 5952/5153/33 5951/5155/33 4193/5156/33 4192/5154/33
f 5951/5155/34 5949/4361/34 4180/4399/34 4193/5156/34
f 5965/4124/21 5978/5157/21 4631/5158/21 4629/4350/21
f 5978/5157/22 5977/5159/22 4632/5160/22 4631/5158/22
f 5977/5159/23 5976/5161/23 4633/5162/23 4632/5160/23
f 5976/5161/24 5975/5163/24 4634/5164/24 4633/5162/24
f 5975/5163/25 5974/5165/25 4635/5166/25 4634/5164/25
f 5974/5165/26 5973/5167/26 4636/5168/26 4635/5166/26
f 5973/5167/27 5972/5169/27 4637/5170/27 4636/5168/27
f 5972/5169/28 5971/5171/28 4638/5172/28 4637/5170/28
f 5971/5171/29 5970/5173/29 4639/5174/29 4638/5172/29
f 5970/5173/30 5969/5175/30 4640/5176/30 4639/5174/30
f 5969/5175/31 5968/5177/31 4641/5178/31 4640/5176/31
f 5968/5177/32 5967/5179/32 4642/5180/32 4641/5178/32
f 5967/5179/33 5966/5181/33 4643/5182/33 4642/5180/33
f 5966/5181/34 5964/3940/34 4630/3939/34 4643/5182/34
f 6010/4345/21 6023/5183/21 4496/5184/21 4494/4342/21
f 6023/5183/22 6022/5185/22 4497/5186/22 4496/5184/22
f 6022/5185/23 6021/5187/23 4498/5188/23 4497/5186/23
f 6021/5187/24 6020/5189/24 4499/5190/24 4498/5188/24
f 6020/5189/25 6019/5191/25 4500/5192/25 4499/5190/25
f 6019/5191/26 6018/5193/26 4501/5194/26 4500/5192/26
f 6018/5193/27 6017/5195/27 4502/5196/27 4501/5194/27
f 6017/5195/28 6016/5197/28 4503/5198/28 4502/5196/28
f 6016/5197/29 6015/5199/29 4504/5200/29 4503/5198/29
f 6015/5199/30 6014/5201/30 4505/5202/30 4504/5200/30
f 6014/5201/31 6013/5203/31 4506/5204/31 4505/5202/31
f 6013/5203/32 6012/5205/32 4507/5206/32 4506/5204/32
f 6012/5205/33 6011/5207/33 4508/5208/33 4507/5206/33
f 6011/5207/34 6009/3992/34 4495/3991/34 4508/5208/34
f 6025/4337/21 6038/5209/21 4646/5210/21 4644/4334/21
f 6038/5209/22 6037/5211/22 4647/5212/22 4646/5210/22
f 6037/5211/23 6036/5213/23 4648/5214/23 4647/5212/23
f 6036/5213/24 6035/5215/24 4649/5216/24 4648/5214/24
f 6035/5215/25 6034/5217/25 4650/5218/25 4649/5216/25
f 6034/5217/26 6033/5219/26 4651/5220/26 4650/5218/26
f 6033/5219/27 6032/5221/27 4652/5222/27 4651/5220/27
f 6032/5221/28 6031/5223/28 4653/5224/28 4652/5222/28
f 6031/5223/29 6030/5225/29 4654/5226/29 4653/5224/29
f 6030/5225/30 6029/5227/30 4655/5228/30 4654/5226/30
f 6029/5227/31 6028/5229/31 4656/5230/31 4655/5228/31
f 6028/5229/32 6027/5231/32 4657/5232/32 4656/5230/32
f 6027/5231/33 6026/5233/33 4658/5234/33 4657/5232/33
f 6026/5233/34 6024/3952/34 4645/3951/34 4658/5234/34
f 6070/4396/21 6083/5235/21 4163/5236/21 4150/4400/21
f 6083/5235/22 6082/5237/22 4162/5238/22 4163/5236/22
f 6082/5237/23 6081/5239/23 4161/5240/23 4162/5238/23
f 6081/5239/24 6080/5241/24 4160/5242/24 4161/5240/24
f 6080/5241/25 6079/5243/25 4159/5244/25 4160/5242/25
f 6079/5243/26 6078/5245/26 4158/5246/26 4159/5244/26
f 6078/5245/27 6077/5247/27 4157/5248/27 4158/5246/27
f 6077/5247/28 6076/5249/28 4156/5250/28 4157/5248/28
f 6076/5249/29 6075/5251/29 4155/5252/29 4156/5250/29
f 6075/5251/30 6074/5253/30 4154/5254/30 4155/5252/30
f 6074/5253/31 6073/5255/31 4153/5256/31 4154/5254/31
f 6073/5255/32 6072/5257/32 4152/5258/32 4153/5256/32
f 6072/5257/33 6071/5259/33 4151/5260/33 4152/5258/33
f 6071/5259/34 6069/4332/34 4149/4331/34 4151/5260/34
f 6085/4319/21 6098/5261/21 4661/5262/21 4659/4316/21
f 6098/5261/22 6097/5263/22 4662/5264/22 4661/5262/22
f 6097/5263/23 6096/5265/23 4663/5266/23 4662/5264/23
f 6096/5265/24 6095/5267/24 4664/5268/24 4663/5266/24
f 6095/5267/25 6094/5269/25 4665/5270/25 4664/5268/25
f 6094/5269/26 6093/5271/26 4666/5272/26 4665/5270/26
f 6093/5271/27 6092/5273/27 4667/5274/27 4666/5272/27
f 6092/5273/28 6091/5275/28 4668/5276/28 4667/5274/28
f 6091/5275/29 6090/5277/29 4669/5278/29 4668/5276/29
f 6090/5277/30 6089/5279/30 4670/5280/30 4669/5278/30
f 6089/5279/31 6088/5281/31 4671/5282/31 4670/5280/31
f 6088/5281/32 6087/5283/32 4672/5284/32 4671/5282/32
f 6087/5283/33 6086/5285/33 4673/5286/33 4672/5284/33
f 6086/5285/34 6084/3964/34 4660/3963/34 4673/5286/34
f 6130/4393/21 6143/5287/21 4283/5288/21 4270/4390/21
f 6143/5287/22 6142/5289/22 4282/5290/22 4283/5288/22
f 6142/5289/23 6141/5291/23 4281/5292/23 4282/5290/23
f 6141/5291/24 6140/5293/24 4280/5294/24 4281/5292/24
f 6140/5293/25 6139/5295/25 4279/5296/25 4280/5294/25
f 6139/5295/26 6138/5297/26 4278/5298/26 4279/5296/26
f 6138/5297/27 6137/5299/27 4277/5300/27 4278/5298/27
f 6137/5299/28 6136/5301/28 4276/5302/28 4277/5300/28
f 6136/5301/29 6135/5303/29 4275/5304/29 4276/5302/29
f 6135/5303/30 6134/5305/30 4274/5306/30 4275/5304/30
f 6134/5305/31 6133/5307/31 4273/5308/31 4274/5306/31
f 6133/5307/32 6132/5309/32 4272/5310/32 4273/5308/32
f 6132/5309/33 6131/5311/33 4271/5312/33 4272/5310/33
f 6131/5311/34 6129/4314/34 4269/4313/34 4271/5312/34
f 6145/4148/21 6158/5313/21 4676/5314/21 4674/4300/21
f 6158/5313/22 6157/5315/22 4677/5316/22 4676/5314/22
f 6157/5315/23 6156/5317/23 4678/5318/23 4677/5316/23
f 6156/5317/24 6155/5319/24 4679/5320/24 4678/5318/24
f 6155/5319/25 6154/5321/25 4680/5322/25 4679/5320/25
f 6154/5321/26 6153/5323/26 4681/5324/26 4680/5322/26
f 6153/5323/27 6152/5325/27 4682/5326/27 4681/5324/27
f 6152/5325/28 6151/5327/28 4683/5328/28 4682/5326/28
f 6151/5327/29 6150/5329/29 4684/5330/29 4683/5328/29
f 6150/5329/30 6149/5331/30 4685/5332/30 4684/5330/30
f 6149/5331/31 6148/5333/31 4686/5334/31 4685/5332/31
f 6148/5333/32 6147/5335/32 4687/5336/32 4686/5334/32
f 6147/5335/33 6146/5337/33 4688/5338/33 4687/5336/33
f 6146/5337/34 6144/3976/34 4675/3975/34 4688/5338/34
f 6190/4299/21 6203/5339/21 4436/5340/21 4434/4296/21
f 6203/5339/22 6202/5341/22 4437/5342/22 4436/5340/22
f 6202/5341/23 6201/5343/23 4438/5344/23 4437/5342/23
f 6201/5343/24 6200/5345/24 4439/5346/24 4438/5344/24
f 6200/5345/25 6199/5347/25 4440/5348/25 4439/5346/25
f 6199/5347/26 6198/5349/26 4441/5350/26 4440/5348/26
f 6198/5349/27 6197/5351/27 4442/5352/27 4441/5350/27
f 6197/5351/28 6196/5353/28 4443/5354/28 4442/5352/28
f 6196/5353/29 6195/5355/29 4444/5356/29 4443/5354/29
f 6195/5355/30 6194/5357/30 4445/5358/30 4444/5356/30
f 6194/5357/31 6193/5359/31 4446/5360/31 4445/5358/31
f 6193/5359/32 6192/5361/32 4447/5362/32 4446/5360/32
f 6192/5361/33 6191/5363/33 4448/5364/33 4447/5362/33
f 6191/5363/34 6189/4026/34 4435/4025/34 4448/5364/34
f 6205/4236/21 6218/5365/21 4691/5366/21 4689/4294/21
f 6218/5365/22 6217/5367/22 4692/5368/22 4691/5366/22
f 6217/5367/23 6216/5369/23 4693/5370/23 4692/5368/23
f 6216/5369/24 6215/5371/24 4694/5372/24 4693/5370/24
f 6215/5371/25 6214/5373/25 4695/5374/25 4694/5372/25
f 6214/5373/26 6213/5375/26 4696/5376/26 4695/5374/26
f 6213/5375/27 6212/5377/27 4697/5378/27 4696/5376/27
f 6212/5377/28 6211/5379/28 4698/5380/28 4697/5378/28
f 6211/5379/29 6210/5381/29 4699/5382/29 4698/5380/29
f 6210/5381/30 6209/5383/30 4700/5384/30 4699/5382/30
f 6209/5383/31 6208/5385/31 4701/5386/31 4700/5384/31
f 6208/5385/32 6207/5387/32 4702/5388/32 4701/5386/32
f 6207/5387/33 6206/5389/33 4703/5390/33 4702/5388/33
f 6206/5389/34 6204/3988/34 4690/3987/34 4703/5390/34
f 6250/3917/21 6263/5391/21 4133/5392/21 4120/3914/21
f 6263/5391/22 6262/5393/22 4132/5394/22 4133/5392/22
f 6262/5393/23 6261/5395/23 4131/5396/23 4132/5394/23
f 6261/5395/24 6260/5397/24 4130/5398/24 4131/5396/24
f 6260/5397/25 6259/5399/25 4129/5400/25 4130/5398/25
f 6259/5399/26 6258/5401/26 4128/5402/26 4129/5400/26
f 6258/5401/27 6257/5403/27 4127/5404/27 4128/5402/27
f 6257/5403/28 6256/5405/28 4126/5406/28 4127/5404/28
f 6256/5405/29 6255/5407/29 4125/5408/29 4126/5406/29
f 6255/5407/30 6254/5409/30 4124/5410/30 4125/5408/30
f 6254/5409/31 6253/5411/31 4123/5412/31 4124/5410/31
f 6253/5411/32 6252/5413/32 4122/5414/32 4123/5412/32
f 6252/5413/33 6251/5415/33 4121/5416/33 4122/5414/33
f 6251/5415/34 6249/4292/34 4119/4291/34 4121/5416/34
f 6265/4275/21 6278/5417/21 4706/5418/21 4704/4272/21
f 6278/5417/22 6277/5419/22 4707/5420/22 4706/5418/22
f 6277/5419/23 6276/5421/23 4708/5422/23 4707/5420/23
f 6276/5421/24 6275/5423/24 4709/5424/24 4708/5422/24
f 6275/5423/25 6274/5425/25 4710/5426/25 4709/5424/25
f 6274/5425/26 6273/5427/26 4711/5428/26 4710/5426/26
f 6273/5427/27 6272/5429/27 4712/5430/27 4711/5428/27
f 6272/5429/28 6271/5431/28 4713/5432/28 4712/5430/28
f 6271/5431/29 6270/5433/29 4714/5434/29 4713/5432/29
f 6270/5433/30 6269/5435/30 4715/5436/30 4714/5434/30
f 6269/5435/31 6268/5437/31 4716/5438/31 4715/5436/31
f 6268/5437/32 6267/5439/32 4717/5440/32 4716/5438/32
f 6267/5439/33 6266/5441/33 4718/5442/33 4717/5440/33
f 6266/5441/34 6264/4000/34 4705/3999/34 4718/5442/34
f 6310/4369/21 6323/5443/21 4253/5444/21 4240/4366/21
f 6323/5443/22 6322/5445/22 4252/5446/22 4253/5444/22
f 6322/5445/23 6321/5447/23 4251/5448/23 4252/5446/23
f 6321/5447/24 6320/5449/24 4250/5450/24 4251/5448/24
f 6320/5449/25 6319/5451/25 4249/5452/25 4250/5450/25
f 6319/5451/26 6318/5453/26 4248/5454/26 4249/5452/26
f 6318/5453/27 6317/5455/27 4247/5456/27 4248/5454/27
f 6317/5455/28 6316/5457/28 4246/5458/28 4247/5456/28
f 6316/5457/29 6315/5459/29 4245/5460/29 4246/5458/29
f 6315/5459/30 6314/5461/30 4244/5462/30 4245/5460/30
f 6314/5461/31 6313/5463/31 4243/5464/31 4244/5462/31
f 6313/5463/32 6312/5465/32 4242/5466/32 4243/5464/32
f 6312/5465/33 6311/5467/33 4241/5468/33 4242/5466/33
f 6311/5467/34 6309/4270/34 4239/4269/34 4241/5468/34
f 6325/4172/21 6338/5469/21 4721/5470/21 4719/4254/21
f 6338/5469/22 6337/5471/22 4722/5472/22 4721/5470/22
f 6337/5471/23 6336/5473/23 4723/5474/23 4722/5472/23
f 6336/5473/24 6335/5475/24 4724/5476/24 4723/5474/24
f 6335/5475/25 6334/5477/25 4725/5478/25 4724/5476/25
f 6334/5477/26 6333/5479/26 4726/5480/26 4725/5478/26
f 6333/5479/27 6332/5481/27 4727/5482/27 4726/5480/27
f 6332/5481/28 6331/5483/28 4728/5484/28 4727/5482/28
f 6331/5483/29 6330/5485/29 4729/5486/29 4728/5484/29
f 6330/5485/30 6329/5487/30 4730/5488/30 4729/5486/30
f 6329/5487/31 6328/5489/31 4731/5490/31 4730/5488/31
f 6328/5489/32 6327/5491/32 4732/5492/32 4731/5490/32
f 6327/5491/33 6326/5493/33 4733/5494/33 4732/5492/33
f 6326/5493/34 6324/4010/34 4720/4009/34 4733/5494/34
f 6370/4249/21 6383/5495/21 4376/5496/21 4374/4246/21
f 6383/5495/22 6382/5497/22 4377/5498/22 4376/5496/22
f 6382/5497/23 6381/5499/23 4378/5500/23 4377/5498/23
f 6381/5499/24 6380/5501/24 4379/5502/24 4378/5500/24
f 6380/5501/25 6379/5503/25 4380/5504/25 4379/5502/25
f 6379/5503/26 6378/5505/26 4381/5506/26 4380/5504/26
f 6378/5505/27 6377/5507/27 4382/5508/27 4381/5506/27
f 6377/5507/28 6376/5509/28 4383/5510/28 4382/5508/28
f 6376/5509/29 6375/5511/29 4384/5512/29 4383/5510/29
f 6375/5511/30 6374/5513/30 4385/5514/30 4384/5512/30
f 6374/5513/31 6373/5515/31 4386/5516/31 4385/5514/31
f 6373/5515/32 6372/5517/32 4387/5518/32 4386/5516/32
f 6372/5517/33 6371/5519/33 4388/5520/33 4387/5518/33
f 6371/5519/34 6369/4062/34 4375/4061/34 4388/5520/34
f 6385/4036/21 6398/5521/21 4736/5522/21 4734/4238/21
f 6398/5521/22 6397/5523/22 4737/5524/22 4736/5522/22
f 6397/5523/23 6396/5525/23 4738/5526/23 4737/5524/23
f 6396/5525/24 6395/5527/24 4739/5528/24 4738/5526/24
f 6395/5527/25 6394/5529/25 4740/5530/25 4739/5528/25
f 6394/5529/26 6393/5531/26 4741/5532/26 4740/5530/26
f 6393/5531/27 6392/5533/27 4742/5534/27 4741/5532/27
f 6392/5533/28 6391/5535/28 4743/5536/28 4742/5534/28
f 6391/5535/29 6390/5537/29 4744/5538/29 4743/5536/29
f 6390/5537/30 6389/5539/30 4745/5540/30 4744/5538/30
f 6389/5539/31 6388/5541/31 4746/5542/31 4745/5540/31
f 6388/5541/32 6387/5543/32 4747/5544/32 4746/5542/32
f 6387/5543/33 6386/5545/33 4748/5546/33 4747/5544/33
f 6386/5545/34 6384/4022/34 4735/4021/34 4748/5546/34
f 6430/4227/21 6443/5547/21 4316/5548/21 4314/4224/21
f 6443/5547/22 6442/5549/22 4317/5550/22 4316/5548/22
f 6442/5549/23 6441/5551/23 4318/5552/23 4317/5550/23
f 6441/5551/24 6440/5553/24 4319/5554/24 4318/5552/24
f 6440/5553/25 6439/5555/25 4320/5556/25 4319/5554/25
f 6439/5555/26 6438/5557/26 4321/5558/26 4320/5556/26
f 6438/5557/27 6437/5559/27 4322/5560/27 4321/5558/27
f 6437/5559/28 6436/5561/28 4323/5562/28 4322/5560/28
f 6436/5561/29 6435/5563/29 4324/5564/29 4323/5562/29
f 6435/5563/30 6434/5565/30 4325/5566/30 4324/5564/30
f 6434/5565/31 6433/5567/31 4326/5568/31 4325/5566/31
f 6433/5567/32 6432/5569/32 4327/5570/32 4326/5568/32
f 6432/5569/33 6431/5571/33 4328/5572/33 4327/5570/33
f 6431/5571/34 6429/3968/34 4315/3967/34 4328/5572/34
f 6445/4217/21 6458/5573/21 4751/5574/21 4749/4214/21
f 6458/5573/22 6457/5575/22 4752/5576/22 4751/5574/22
f 6457/5575/23 6456/5577/23 4753/5578/23 4752/5576/23
f 6456/5577/24 6455/5579/24 4754/5580/24 4753/5578/24
f 6455/5579/25 6454/5581/25 4755/5582/25 4754/5580/25
f 6454/5581/26 6453/5583/26 4756/5584/26 4755/5582/26
f 6453/5583/27 6452/5585/27 4757/5586/27 4756/5584/27
f 6452/5585/28 6451/5587/28 4758/5588/28 4757/5586/28
f 6451/5587/29 6450/5589/29 4759/5590/29 4758/5588/29
f 6450/5589/30 6449/5591/30 4760/5592/30 4759/5590/30
f 6449/5591/31 6448/5593/31 4761/5594/31 4760/5592/31
f 6448/5593/32 6447/5595/32 4762/5596/32 4761/5594/32
f 6447/5595/33 6446/5597/33 4763/5598/33 4762/5596/33
f 6446/5597/34 6444/4034/34 4750/4033/34 4763/5598/34
f 6490/4209/21 6503/5599/21 4196/5600/21 4194/4206/21
f 6503/5599/22 6502/5601/22 4197/5602/22 4196/5600/22
f 6502/5601/23 6501/5603/23 4198/5604/23 4197/5602/23
f 6501/5603/24 6500/5605/24 4199/5606/24 4198/5604/24
f 6500/5605/25 6499/5607/25 4200/5608/25 4199/5606/25
f 6499/5607/26 6498/5609/26 4201/5610/26 4200/5608/26
f 6498/5609/27 6497/5611/27 4202/5612/27 4201/5610/27
f 6497/5611/28 6496/5613/28 4203/5614/28 4202/5612/28
f 6496/5613/29 6495/5615/29 4204/5616/29 4203/5614/29
f 6495/5615/30 6494/5617/30 4205/5618/30 4204/5616/30
f 6494/5617/31 6493/5619/31 4206/5620/31 4205/5618/31
f 6493/5619/32 6492/5621/32 4207/5622/32 4206/5620/32
f 6492/5621/33 6491/5623/33 4208/5624/33 4207/5622/33
f 6491/5623/34 6489/4096/34 4195/4095/34 4208/5624/34
f 6505/4194/21 6518/5625/21 4766/5626/21 4764/4198/21
f 6518/5625/22 6517/5627/22 4767/5628/22 4766/5626/22
f 6517/5627/23 6516/5629/23 4768/5630/23 4767/5628/23
f 6516/5629/24 6515/5631/24 4769/5632/24 4768/5630/24
f 6515/5631/25 6514/5633/25 4770/5634/25 4769/5632/25
f 6514/5633/26 6513/5635/26 4771/5636/26 4770/5634/26
f 6513/5635/27 6512/5637/27 4772/5638/27 4771/5636/27
f 6512/5637/28 6511/5639/28 4773/5640/28 4772/5638/28
f 6511/5639/29 6510/5641/29 4774/5642/29 4773/5640/29
f 6510/5641/30 6509/5643/30 4775/5644/30 4774/5642/30
f 6509/5643/31 6508/5645/31 4776/5646/31 4775/5644/31
f 6508/5645/32 6507/5647/32 4777/5648/32 4776/5646/32
f 6507/5647/33 6506/5649/33 4778/5650/33 4777/5648/33
f 6506/5649/34 6504/4046/34 4765/4045/34 4778/5650/34
f 6550/4185/21 6563/5651/21 4361/5652/21 4359/4182/21
f 6563/5651/22 6562/5653/22 4362/5654/22 4361/5652/22
f 6562/5653/23 6561/5655/23 4363/5656/23 4362/5654/23
f 6561/5655/24 6560/5657/24 4364/5658/24 4363/5656/24
f 6560/5657/25 6559/5659/25 4365/5660/25 4364/5658/25
f 6559/5659/26 6558/5661/26 4366/5662/26 4365/5660/26
f 6558/5661/27 6557/5663/27 4367/5664/27 4366/5662/27
f 6557/5663/28 6556/5665/28 4368/5666/28 4367/5664/28
f 6556/5665/29 6555/5667/29 4369/5668/29 4368/5666/29
f 6555/5667/30 6554/5669/30 4370/5670/30 4369/5668/30
f 6554/5669/31 6553/5671/31 4371/5672/31 4370/5670/31
f 6553/5671/32 6552/5673/32 4372/5674/32 4371/5672/32
f 6552/5673/33 6551/5675/33 4373/5676/33 4372/5674/33
f 6551/5675/34 6549/4197/34 4360/4381/34 4373/5676/34
f 6565/4072/21 6578/5677/21 4781/5678/21 4779/4176/21
f 6578/5677/22 6577/5679/22 4782/5680/22 4781/5678/22
f 6577/5679/23 6576/5681/23 4783/5682/23 4782/5680/23
f 6576/5681/24 6575/5683/24 4784/5684/24 4783/5682/24
f 6575/5683/25 6574/5685/25 4785/5686/25 4784/5684/25
f 6574/5685/26 6573/5687/26 4786/5688/26 4785/5686/26
f 6573/5687/27 6572/5689/27 4787/5690/27 4786/5688/27
f 6572/5689/28 6571/5691/28 4788/5692/28 4787/5690/28
f 6571/5691/29 6570/5693/29 4789/5694/29 4788/5692/29
f 6570/5693/30 6569/5695/30 4790/5696/30 4789/5694/30
f 6569/5695/31 6568/5697/31 4791/5698/31 4790/5696/31
f 6568/5697/32 6567/5699/32 4792/5700/32 4791/5698/32
f 6567/5699/33 6566/5701/33 4793/5702/33 4792/5700/33
f 6566/5701/34 6564/4058/34 4780/4057/34 4793/5702/34
f 6610/4163/21 6623/5703/21 4421/5704/21 4419/4160/21
f 6623/5703/22 6622/5705/22 4422/5706/22 4421/5704/22
f 6622/5705/23 6621/5707/23 4423/5708/23 4422/5706/23
f 6621/5707/24 6620/5709/24 4424/5710/24 4423/5708/24
f 6620/5709/25 6619/5711/25 4425/5712/25 4424/5710/25
f 6619/5711/26 6618/5713/26 4426/5714/26 4425/5712/26
f 6618/5713/27 6617/5715/27 4427/5716/27 4426/5714/27
f 6617/5715/28 6616/5717/28 4428/5718/28 4427/5716/28
f 6616/5717/29 6615/5719/29 4429/5720/29 4428/5718/29
f 6615/5719/30 6614/5721/30 4430/5722/30 4429/5720/30
f 6614/5721/31 6613/5723/31 4431/5724/31 4430/5722/31
f 6613/5723/32 6612/5725/32 4432/5726/32 4431/5724/32
f 6612/5725/33 6611/5727/33 4433/5728/33 4432/5726/33
f 6611/5727/34 6609/4175/34 4420/4179/34 4433/5728/34
f 6625/4155/21 6638/5729/21 4796/5730/21 4794/4152/21
f 6638/5729/22 6637/5731/22 4797/5732/22 4796/5730/22
f 6637/5731/23 6636/5733/23 4798/5734/23 4797/5732/23
f 6636/5733/24 6635/5735/24 4799/5736/24 4798/5734/24
f 6635/5735/25 6634/5737/25 4800/5738/25 4799/5736/25
f 6634/5737/26 6633/5739/26 4801/5740/26 4800/5738/26
f 6633/5739/27 6632/5741/27 4802/5742/27 4801/5740/27
f 6632/5741/28 6631/5743/28 4803/5744/28 4802/5742/28
f 6631/5743/29 6630/5745/29 4804/5746/29 4803/5744/29
f 6630/5745/30 6629/5747/30 4805/5748/30 4804/5746/30
f 6629/5747/31 6628/5749/31 4806/5750/31 4805/5748/31
f 6628/5749/32 6627/5751/32 4807/5752/32 4806/5750/32
f 6627/5751/33 6626/5753/33 4808/5754/33 4807/5752/33
f 6626/5753/34 6624/4070/34 4795/4069/34 4808/5754/34
f 6670/4141/21 6683/5755/21 4481/5756/21 4479/4138/21
f 6683/5755/22 6682/5757/22 4482/5758/22 4481/5756/22
f 6682/5757/23 6681/5759/23 4483/5760/23 4482/5758/23
f 6681/5759/24 6680/5761/24 4484/5762/24 4483/5760/24
f 6680/5761/25 6679/5763/25 4485/5764/25 4484/5762/25
f 6679/5763/26 6678/5765/26 4486/5766/26 4485/5764/26
f 6678/5765/27 6677/5767/27 4487/5768/27 4486/5766/27
f 6677/5767/28 6676/5769/28 4488/5770/28 4487/5768/28
f 6676/5769/29 6675/5771/29 4489/5772/29 4488/5770/29
f 6675/5771/30 6674/5773/30 4490/5774/30 4489/5772/30
f 6674/5773/31 6673/5775/31 4491/5776/31 4490/5774/31
f 6673/5775/32 6672/5777/32 4492/5778/32 4491/5776/32
f 6672/5777/33 6671/5779/33 4493/5780/33 4492/5778/33
f 6671/5779/34 6669/4151/34 4480/4157/34 4493/5780/34
f 6685/4131/21 6698/5781/21 4811/5782/21 4809/4128/21
f 6698/5781/22 6697/5783/22 4812/5784/22 4811/5782/22
f 6697/5783/23 6696/5785/23 4813/5786/23 4812/5784/23
f 6696/5785/24 6695/5787/24 4814/5788/24 4813/5786/24
f 6695/5787/25 6694/5789/25 4815/5790/25 4814/5788/25
f 6694/5789/26 6693/5791/26 4816/5792/26 4815/5790/26
f 6693/5791/27 6692/5793/27 4817/5794/27 4816/5792/27
f 6692/5793/28 6691/5795/28 4818/5796/28 4817/5794/28
f 6691/5795/29 6690/5797/29 4819/5798/29 4818/5796/29
f 6690/5797/30 6689/5799/30 4820/5800/30 4819/5798/30
f 6689/5799/31 6688/5801/31 4821/5802/31 4820/5800/31
f 6688/5801/32 6687/5803/32 4822/5804/32 4821/5802/32
f 6687/5803/33 6686/5805/33 4823/5806/33 4822/5804/33
f 6686/5805/34 6684/4080/34 4810/4079/34 4823/5806/34
f 6730/4117/21 6743/5807/21 4541/5808/21 4539/4114/21
f 6743/5807/22 6742/5809/22 4542/5810/22 4541/5808/22
f 6742/5809/23 6741/5811/23 4543/5812/23 4542/5810/23
f 6741/5811/24 6740/5813/24 4544/5814/24 4543/5812/24
f 6740/5813/25 6739/5815/25 4545/5816/25 4544/5814/25
f 6739/5815/26 6738/5817/26 4546/5818/26 4545/5816/26
f 6738/5817/27 6737/5819/27 4547/5820/27 4546/5818/27
f 6737/5819/28 6736/5821/28 4548/5822/28 4547/5820/28
f 6736/5821/29 6735/5823/29 4549/5824/29 4548/5822/29
f 6735/5823/30 6734/5825/30 4550/5826/30 4549/5824/30
f 6734/5825/31 6733/5827/31 4551/5828/31 4550/5826/31
f 6733/5827/32 6732/5829/32 4552/5830/32 4551/5828/32
f 6732/5829/33 6731/5831/33 4553/5832/33 4552/5830/33
f 6731/5831/34 6729/4127/34 4540/4133/34 4553/5832/34
f 6745/4102/21 6758/5833/21 4826/5834/21 4824/4106/21
f 6758/5833/22 6757/5835/22 4827/5836/22 4826/5834/22
f 6757/5835/23 6756/5837/23 4828/5838/23 4827/5836/23
f 6756/5837/24 6755/5839/24 4829/5840/24 4828/5838/24
f 6755/5839/25 6754/5841/25 4830/5842/25 4829/5840/25
f 6754/5841/26 6753/5843/26 4831/5844/26 4830/5842/26
f 6753/5843/27 6752/5845/27 4832/5846/27 4831/5844/27
f 6752/5845/28 6751/5847/28 4833/5848/28 4832/5846/28
f 6751/5847/29 6750/5849/29 4834/5850/29 4833/5848/29
f 6750/5849/30 6749/5851/30 4835/5852/30 4834/5850/30
f 6749/5851/31 6748/5853/31 4836/5854/31 4835/5852/31
f 6748/5853/32 6747/5855/32 4837/5856/32 4836/5854/32
f 6747/5855/33 6746/5857/33 4838/5858/33 4837/5856/33
f 6746/5857/34 6744/4092/34 4825/4091/34 4838/5858/34
f 4209/4019/21 4211/4716/21 4943/4402/21 4930/4016/21
f 4211/4716/22 4212/4718/22 4942/4405/22 4943/4402/22
f 4212/4718/23 4213/4720/23 4941/4407/23 4942/4405/23
f 4213/4720/24 4214/4722/24 4940/4409/24 4941/4407/24
f 4214/4722/25 4215/4724/25 4939/4411/25 4940/4409/25
f 4215/4724/26 4216/4726/26 4938/4413/26 4939/4411/26
f 4216/4726/27 4217/4728/27 4937/4415/27 4938/4413/27
f 4217/4728/28 4218/4730/28 4936/4417/28 4937/4415/28
f 4218/4730/29 4219/4732/29 4935/4419/29 4936/4417/29
f 4219/4732/30 4220/4734/30 4934/4421/30 4935/4419/30
f 4220/4734/31 4221/4736/31 4933/4423/31 4934/4421/31
f 4221/4736/32 4222/4738/32 4932/4425/32 4933/4423/32
f 4222/4738/33 4223/4740/33 4931/4427/33 4932/4425/33
f 4223/4740/34 4210/4083/34 4929/4326/34 4931/4427/34
f 4224/4055/21 4226/4742/21 4958/4429/21 4945/4052/21
f 4226/4742/22 4227/4744/22 4957/4431/22 4958/4429/22
f 4227/4744/23 4228/4746/23 4956/4433/23 4957/4431/23
f 4228/4746/24 4229/4748/24 4955/4435/24 4956/4433/24
f 4229/4748/25 4230/4750/25 4954/4437/25 4955/4435/25
f 4230/4750/26 4231/4752/26 4953/4439/26 4954/4437/26
f 4231/4752/27 4232/4754/27 4952/4441/27 4953/4439/27
f 4232/4754/28 4233/4756/28 4951/4443/28 4952/4441/28
f 4233/4756/29 4234/4758/29 4950/4445/29 4951/4443/29
f 4234/4758/30 4235/4760/30 4949/4447/30 4950/4445/30
f 4235/4760/31 4236/4762/31 4948/4449/31 4949/4447/31
f 4236/4762/32 4237/4764/32 4947/4451/32 4948/4449/32
f 4237/4764/33 4238/4766/33 4946/4453/33 4947/4451/33
f 4238/4766/34 4225/4321/34 4944/4382/34 4946/4453/34
f 4329/4077/21 4331/4768/21 5063/4455/21 5050/3897/21
f 4331/4768/22 4332/4770/22 5062/4457/22 5063/4455/22
f 4332/4770/23 4333/4772/23 5061/4459/23 5062/4457/23
f 4333/4772/24 4334/4774/24 5060/4461/24 5061/4459/24
f 4334/4774/25 4335/4776/25 5059/4463/25 5060/4461/25
f 4335/4776/26 4336/4778/26 5058/4465/26 5059/4463/26
f 4336/4778/27 4337/4780/27 5057/4467/27 5058/4465/27
f 4337/4780/28 4338/4782/28 5056/4469/28 5057/4467/28
f 4338/4782/29 4339/4784/29 5055/4471/29 5056/4469/29
f 4339/4784/30 4340/4786/30 5054/4473/30 5055/4471/30
f 4340/4786/31 4341/4788/31 5053/4475/31 5054/4473/31
f 4341/4788/32 4342/4790/32 5052/4477/32 5053/4475/32
f 4342/4790/33 4343/4792/33 5051/4479/33 5052/4477/33
f 4343/4792/34 4330/4003/34 5049/4346/34 5051/4479/34
f 4344/4067/21 4346/4794/21 5078/4481/21 5065/4064/21
f 4346/4794/22 4347/4796/22 5077/4483/22 5078/4481/22
f 4347/4796/23 4348/4798/23 5076/4485/23 5077/4483/23
f 4348/4798/24 4349/4800/24 5075/4487/24 5076/4485/24
f 4349/4800/25 4350/4802/25 5074/4489/25 5075/4487/25
f 4350/4802/26 4351/4804/26 5073/4491/26 5074/4489/26
f 4351/4804/27 4352/4806/27 5072/4493/27 5073/4491/27
f 4352/4806/28 4353/4808/28 5071/4495/28 5072/4493/28
f 4353/4808/29 4354/4810/29 5070/4497/29 5071/4495/29
f 4354/4810/30 4355/4812/30 5069/4499/30 5070/4497/30
f 4355/4812/31 4356/4814/31 5068/4501/31 5069/4499/31
f 4356/4814/32 4357/4816/32 5067/4503/32 5068/4501/32
f 4357/4816/33 4358/4818/33 5066/4505/33 5067/4503/33
f 4358/4818/34 4345/4339/34 5064/4388/34 5066/4505/34
f 4389/4043/21 4391/4820/21 5123/4507/21 5110/4040/21
f 4391/4820/22 4392/4822/22 5122/4509/22 5123/4507/22
f 4392/4822/23 4393/4824/23 5121/4511/23 5122/4509/23
f 4393/4824/24 4394/4826/24 5120/4513/24 5121/4511/24
f 4394/4826/25 4395/4828/25 5119/4515/25 5120/4513/25
f 4395/4828/26 4396/4830/26 5118/4517/26 5119/4515/26
f 4396/4830/27 4397/4832/27 5117/4519/27 5118/4517/27
f 4397/4832/28 4398/4834/28 5116/4521/28 5117/4519/28
f 4398/4834/29 4399/4836/29 5115/4523/29 5116/4521/29
f 4399/4836/30 4400/4838/30 5114/4525/30 5115/4523/30
f 4400/4838/31 4401/4840/31 5113/4527/31 5114/4525/31
f 4401/4840/32 4402/4842/32 5112/4529/32 5113/4527/32
f 4402/4842/33 4403/4844/33 5111/4531/33 5112/4529/33
f 4403/4844/34 4390/4049/34 5109/3908/34 5111/4531/34
f 4404/4031/21 4406/4846/21 5138/4533/21 5125/4028/21
f 4406/4846/22 4407/4848/22 5137/4535/22 5138/4533/22
f 4407/4848/23 4408/4850/23 5136/4537/23 5137/4535/23
f 4408/4850/24 4409/4852/24 5135/4539/24 5136/4537/24
f 4409/4852/25 4410/4854/25 5134/4541/25 5135/4539/25
f 4410/4854/26 4411/4856/26 5133/4543/26 5134/4541/26
f 4411/4856/27 4412/4858/27 5132/4545/27 5133/4543/27
f 4412/4858/28 4413/4860/28 5131/4547/28 5132/4545/28
f 4413/4860/29 4414/4862/29 5130/4549/29 5131/4547/29
f 4414/4862/30 4415/4864/30 5129/4551/30 5130/4549/30
f 4415/4864/31 4416/4866/31 5128/4553/31 5129/4551/31
f 4416/4866/32 4417/4868/32 5127/4555/32 5128/4553/32
f 4417/4868/33 4418/4870/33 5126/4557/33 5127/4555/33
f 4418/4870/34 4405/4201/34 5124/4370/34 5126/4557/34
f 4449/4007/21 4451/4872/21 5183/4559/21 5170/3871/21
f 4451/4872/22 4452/4874/22 5182/4561/22 5183/4559/22
f 4452/4874/23 4453/4876/23 5181/4563/23 5182/4561/23
f 4453/4876/24 4454/4878/24 5180/4565/24 5181/4563/24
f 4454/4878/25 4455/4880/25 5179/4567/25 5180/4565/25
f 4455/4880/26 4456/4882/26 5178/4569/26 5179/4567/26
f 4456/4882/27 4457/4884/27 5177/4571/27 5178/4569/27
f 4457/4884/28 4458/4886/28 5176/4573/28 5177/4571/28
f 4458/4886/29 4459/4888/29 5175/4575/29 5176/4573/29
f 4459/4888/30 4460/4890/30 5174/4577/30 5175/4575/30
f 4460/4890/31 4461/4892/31 5173/4579/31 5174/4577/31
f 4461/4892/32 4462/4894/32 5172/4581/32 5173/4579/32
f 4462/4894/33 4463/4896/33 5171/4583/33 5172/4581/33
f 4463/4896/34 4450/4013/34 5169/4262/34 5171/4583/34
f 4464/3997/21 4466/4898/21 5198/4585/21 5185/3994/21
f 4466/4898/22 4467/4900/22 5197/4587/22 5198/4585/22
f 4467/4900/23 4468/4902/23 5196/4589/23 5197/4587/23
f 4468/4902/24 4469/4904/24 5195/4591/24 5196/4589/24
f 4469/4904/25 4470/4906/25 5194/4593/25 5195/4591/25
f 4470/4906/26 4471/4908/26 5193/4595/26 5194/4593/26
f 4471/4908/27 4472/4910/27 5192/4597/27 5193/4595/27
f 4472/4910/28 4473/4912/28 5191/4599/28 5192/4597/28
f 4473/4912/29 4474/4914/29 5190/4601/29 5191/4599/29
f 4474/4914/30 4475/4916/30 5189/4603/30 5190/4601/30
f 4475/4916/31 4476/4918/31 5188/4605/31 5189/4603/31
f 4476/4918/32 4477/4920/32 5187/4607/32 5188/4605/32
f 4477/4920/33 4478/4922/33 5186/4609/33 5187/4607/33
f 4478/4922/34 4465/4257/34 5184/3882/34 5186/4609/34
f 4509/3973/21 4511/4924/21 5243/4611/21 5230/3970/21
f 4511/4924/22 4512/4926/22 5242/4613/22 5243/4611/22
f 4512/4926/23 4513/4928/23 5241/4615/23 5242/4613/23
f 4513/4928/24 4514/4930/24 5240/4617/24 5241/4615/24
f 4514/4930/25 4515/4932/25 5239/4619/25 5240/4617/25
f 4515/4932/26 4516/4934/26 5238/4621/26 5239/4619/26
f 4516/4934/27 4517/4936/27 5237/4623/27 5238/4621/27
f 4517/4936/28 4518/4938/28 5236/4625/28 5237/4623/28
f 4518/4938/29 4519/4940/29 5235/4627/29 5236/4625/29
f 4519/4940/30 4520/4942/30 5234/4629/30 5235/4627/30
f 4520/4942/31 4521/4944/31 5233/4631/31 5234/4629/31
f 4521/4944/32 4522/4946/32 5232/4633/32 5233/4631/32
f 4522/4946/33 4523/4948/33 5231/4635/33 5232/4633/33
f 4523/4948/34 4510/3979/34 5229/4308/34 5231/4635/34
f 4524/3961/21 4526/4950/21 5258/4637/21 5245/3958/21
f 4526/4950/22 4527/4952/22 5257/4639/22 5258/4637/22
f 4527/4952/23 4528/4954/23 5256/4641/23 5257/4639/23
f 4528/4954/24 4529/4956/24 5255/4643/24 5256/4641/24
f 4529/4956/25 4530/4958/25 5254/4645/25 5255/4643/25
f 4530/4958/26 4531/4960/26 5253/4647/26 5254/4645/26
f 4531/4960/27 4532/4962/27 5252/4649/27 5253/4647/27
f 4532/4962/28 4533/4964/28 5251/4651/28 5252/4649/28
f 4533/4964/29 4534/4966/29 5250/4653/29 5251/4651/29
f 4534/4966/30 4535/4968/30 5249/4655/30 5250/4653/30
f 4535/4968/31 4536/4970/31 5248/4657/31 5249/4655/31
f 4536/4970/32 4537/4972/32 5247/4659/32 5248/4657/32
f 4537/4972/33 4538/4974/33 5246/4661/33 5247/4659/33
f 4538/4974/34 4525/4303/34 5244/3894/34 5246/4661/34
f 4569/3937/21 4571/4976/21 5303/4663/21 5290/3934/21
f 4571/4976/22 4572/4978/22 5302/4665/22 5303/4663/22
f 4572/4978/23 4573/4980/23 5301/4667/23 5302/4665/23
f 4573/4980/24 4574/4982/24 5300/4669/24 5301/4667/24
f 4574/4982/25 4575/4984/25 5299/4671/25 5300/4669/25
f 4575/4984/26 4576/4986/26 5298/4673/26 5299/4671/26
f 4576/4986/27 4577/4988/27 5297/4675/27 5298/4673/27
f 4577/4988/28 4578/4990/28 5296/4677/28 5297/4675/28
f 4578/4990/29 4579/4992/29 5295/4679/29 5296/4677/29
f 4579/4992/30 4580/4994/30 5294/4681/30 5295/4679/30
f 4580/4994/31 4581/4996/31 5293/4683/31 5294/4681/31
f 4581/4996/32 4582/4998/32 5292/4685/32 5293/4683/32
f 4582/4998/33 4583/5000/33 5291/4687/33 5292/4685/33
f 4583/5000/34 4570/3943/34 5289/4180/34 5291/4687/34
f 4584/3925/21 4586/5002/21 5318/4689/21 5305/3922/21
f 4586/5002/22 4587/5004/22 5317/4691/22 5318/4689/22
f 4587/5004/23 4588/5006/23 5316/4693/23 5317/4691/23
f 4588/5006/24 4589/5008/24 5315/4695/24 5316/4693/24
f 4589/5008/25 4590/5010/25 5314/4697/25 5315/4695/25
f 4590/5010/26 4591/5012/26 5313/4699/26 5314/4697/26
f 4591/5012/27 4592/5014/27 5312/4701/27 5313/4699/27
f 4592/5014/28 4593/5016/28 5311/4703/28 5312/4701/28
f 4593/5016/29 4594/5018/29 5310/4705/29 5311/4703/29
f 4594/5018/30 4595/5020/30 5309/4707/30 5310/4705/30
f 4595/5020/31 4596/5022/31 5308/4709/31 5309/4707/31
f 4596/5022/32 4597/5024/32 5307/4711/32 5308/4709/32
f 4597/5024/33 4598/5026/33 5306/4713/33 5307/4711/33
f 4598/5026/34 4585/4353/34 5304/3904/34 5306/4713/34
f 4029/3891/21 4031/4456/21 5423/4715/21 5410/3888/21
f 4031/4456/22 4032/4458/22 5422/4717/22 5423/4715/22
f 4032/4458/23 4033/4460/23 5421/4719/23 5422/4717/23
f 4033/4460/24 4034/4462/24 5420/4721/24 5421/4719/24
f 4034/4462/25 4035/4464/25 5419/4723/25 5420/4721/25
f 4035/4464/26 4036/4466/26 5418/4725/26 5419/4723/26
f 4036/4466/27 4037/4468/27 5417/4727/27 5418/4725/27
f 4037/4468/28 4038/4470/28 5416/4729/28 5417/4727/28
f 4038/4470/29 4039/4472/29 5415/4731/29 5416/4729/29
f 4039/4472/30 4040/4474/30 5414/4733/30 5415/4731/30
f 4040/4474/31 4041/4476/31 5413/4735/31 5414/4733/31
f 4041/4476/32 4042/4478/32 5412/4737/32 5413/4735/32
f 4042/4478/33 4043/4480/33 5411/4739/33 5412/4737/33
f 4043/4480/34 4030/4170/34 5409/4084/34 5411/4739/34
f 4044/3879/21 4046/4482/21 5438/4741/21 5425/3876/21
f 4046/4482/22 4047/4484/22 5437/4743/22 5438/4741/22
f 4047/4484/23 4048/4486/23 5436/4745/23 5437/4743/23
f 4048/4486/24 4049/4488/24 5435/4747/24 5436/4745/24
f 4049/4488/25 4050/4490/25 5434/4749/25 5435/4747/25
f 4050/4490/26 4051/4492/26 5433/4751/26 5434/4749/26
f 4051/4492/27 4052/4494/27 5432/4753/27 5433/4751/27
f 4052/4494/28 4053/4496/28 5431/4755/28 5432/4753/28
f 4053/4496/29 4054/4498/29 5430/4757/29 5431/4755/29
f 4054/4498/30 4055/4500/30 5429/4759/30 5430/4757/30
f 4055/4500/31 4056/4502/31 5428/4761/31 5429/4759/31
f 4056/4502/32 4057/4504/32 5427/4763/32 5428/4761/32
f 4057/4504/33 4058/4506/33 5426/4765/33 5427/4763/33
f 4058/4506/34 4045/4192/34 5424/4191/34 5426/4765/34
f 3924/4212/21 3926/4430/21 5543/4767/21 5530/4349/21
f 3926/4430/22 3927/4432/22 5542/4769/22 5543/4767/22
f 3927/4432/23 3928/4434/23 5541/4771/23 5542/4769/23
f 3928/4434/24 3929/4436/24 5540/4773/24 5541/4771/24
f 3929/4436/25 3930/4438/25 5539/4775/25 5540/4773/25
f 3930/4438/26 3931/4440/26 5538/4777/26 5539/4775/26
f 3931/4440/27 3932/4442/27 5537/4779/27 5538/4777/27
f 3932/4442/28 3933/4444/28 5536/4781/28 5537/4779/28
f 3933/4444/29 3934/4446/29 5535/4783/29 5536/4781/29
f 3934/4446/30 3935/4448/30 5534/4785/30 5535/4783/30
f 3935/4448/31 3936/4450/31 5533/4787/31 5534/4785/31
f 3936/4450/32 3937/4452/32 5532/4789/32 5533/4787/32
f 3937/4452/33 3938/4454/33 5531/4791/33 5532/4789/33
f 3938/4454/34 3925/4340/34 5529/4004/34 5531/4791/34
f 3909/3875/21 3911/5859/21 5558/4793/21 5545/3872/21
f 3911/5859/22 3912/5860/22 5557/4795/22 5558/4793/22
f 3912/5860/23 3913/5861/23 5556/4797/23 5557/4795/23
f 3913/5861/24 3914/5862/24 5555/4799/24 5556/4797/24
f 3914/5862/25 3915/5863/25 5554/4801/25 5555/4799/25
f 3915/5863/26 3916/5864/26 5553/4803/26 5554/4801/26
f 3916/5864/27 3917/5865/27 5552/4805/27 5553/4803/27
f 3917/5865/28 3918/5866/28 5551/4807/28 5552/4805/28
f 3918/5866/29 3919/5867/29 5550/4809/29 5551/4807/29
f 3919/5867/30 3920/5868/30 5549/4811/30 5550/4809/30
f 3920/5868/31 3921/5869/31 5548/4813/31 5549/4811/31
f 3921/5869/32 3922/5870/32 5547/4815/32 5548/4813/32
f 3922/5870/33 3923/5871/33 5546/4817/33 5547/4815/33
f 3923/5871/34 3910/4266/34 5544/4265/34 5546/4817/34
f 4059/4189/21 4061/4534/21 5603/4819/21 5590/4186/21
f 4061/4534/22 4062/4536/22 5602/4821/22 5603/4819/22
f 4062/4536/23 4063/4538/23 5601/4823/23 5602/4821/23
f 4063/4538/24 4064/4540/24 5600/4825/24 5601/4823/24
f 4064/4540/25 4065/4542/25 5599/4827/25 5600/4825/25
f 4065/4542/26 4066/4544/26 5598/4829/26 5599/4827/26
f 4066/4544/27 4067/4546/27 5597/4831/27 5598/4829/27
f 4067/4546/28 4068/4548/28 5596/4833/28 5597/4831/28
f 4068/4548/29 4069/4550/29 5595/4835/29 5596/4833/29
f 4069/4550/30 4070/4552/30 5594/4837/30 5595/4835/30
f 4070/4552/31 4071/4554/31 5593/4839/31 5594/4837/31
f 4071/4554/32 4072/4556/32 5592/4841/32 5593/4839/32
f 4072/4556/33 4073/4558/33 5591/4843/33 5592/4841/33
f 4073/4558/34 4060/4204/34 5589/4050/34 5591/4843/34
f 3984/3887/21 3986/5872/21 5618/4845/21 5605/3884/21
f 3986/5872/22 3987/5873/22 5617/4847/22 5618/4845/22
f 3987/5873/23 3988/5874/23 5616/4849/23 5617/4847/23
f 3988/5874/24 3989/5875/24 5615/4851/24 5616/4849/24
f 3989/5875/25 3990/5876/25 5614/4853/25 5615/4851/25
f 3990/5876/26 3991/5877/26 5613/4855/26 5614/4853/26
f 3991/5877/27 3992/5878/27 5612/4857/27 5613/4855/27
f 3992/5878/28 3993/5879/28 5611/4859/28 5612/4857/28
f 3993/5879/29 3994/5880/29 5610/4861/29 5611/4859/29
f 3994/5880/30 3995/5881/30 5609/4863/30 5610/4861/30
f 3995/5881/31 3996/5882/31 5608/4865/31 5609/4863/31
f 3996/5882/32 3997/5883/32 5607/4867/32 5608/4865/32
f 3997/5883/33 3998/5884/33 5606/4869/33 5607/4867/33
f 3998/5884/34 3985/4328/34 5604/4202/34 5606/4869/34
f 4074/4167/21 4076/4586/21 5663/4871/21 5650/4164/21
f 4076/4586/22 4077/4588/22 5662/4873/22 5663/4871/22
f 4077/4588/23 4078/4590/23 5661/4875/23 5662/4873/23
f 4078/4590/24 4079/4592/24 5660/4877/24 5661/4875/24
f 4079/4592/25 4080/4594/25 5659/4879/25 5660/4877/25
f 4080/4594/26 4081/4596/26 5658/4881/26 5659/4879/26
f 4081/4596/27 4082/4598/27 5657/4883/27 5658/4881/27
f 4082/4598/28 4083/4600/28 5656/4885/28 5657/4883/28
f 4083/4600/29 4084/4602/29 5655/4887/29 5656/4885/29
f 4084/4602/30 4085/4604/30 5654/4889/30 5655/4887/30
f 4085/4604/31 4086/4606/31 5653/4891/31 5654/4889/31
f 4086/4606/32 4087/4608/32 5652/4893/32 5653/4891/32
f 4087/4608/33 4088/4610/33 5651/4895/33 5652/4893/33
f 4088/4610/34 4075/3881/34 5649/4014/34 5651/4895/34
f 4014/4211/21 4016/4508/21 5678/4897/21 5665/4169/21
f 4016/4508/22 4017/4510/22 5677/4899/22 5678/4897/22
f 4017/4510/23 4018/4512/23 5676/4901/23 5677/4899/23
f 4018/4512/24 4019/4514/24 5675/4903/24 5676/4901/24
f 4019/4514/25 4020/4516/25 5674/4905/25 5675/4903/25
f 4020/4516/26 4021/4518/26 5673/4907/26 5674/4905/26
f 4021/4518/27 4022/4520/27 5672/4909/27 5673/4907/27
f 4022/4520/28 4023/4522/28 5671/4911/28 5672/4909/28
f 4023/4522/29 4024/4524/29 5670/4913/29 5671/4911/29
f 4024/4524/30 4025/4526/30 5669/4915/30 5670/4913/30
f 4025/4526/31 4026/4528/31 5668/4917/31 5669/4915/31
f 4026/4528/32 4027/4530/32 5667/4919/32 5668/4917/32
f 4027/4530/33 4028/4532/33 5666/4921/33 5667/4919/33
f 4028/4532/34 4015/3907/34 5664/4159/34 5666/4921/34
f 4089/4145/21 4091/4638/21 5723/4923/21 5710/4142/21
f 4091/4638/22 4092/4640/22 5722/4925/22 5723/4923/22
f 4092/4640/23 4093/4642/23 5721/4927/23 5722/4925/23
f 4093/4642/24 4094/4644/24 5720/4929/24 5721/4927/24
f 4094/4644/25 4095/4646/25 5719/4931/25 5720/4929/25
f 4095/4646/26 4096/4648/26 5718/4933/26 5719/4931/26
f 4096/4648/27 4097/4650/27 5717/4935/27 5718/4933/27
f 4097/4650/28 4098/4652/28 5716/4937/28 5717/4935/28
f 4098/4652/29 4099/4654/29 5715/4939/29 5716/4937/29
f 4099/4654/30 4100/4656/30 5714/4941/30 5715/4939/30
f 4100/4656/31 4101/4658/31 5713/4943/31 5714/4941/31
f 4101/4658/32 4102/4660/32 5712/4945/32 5713/4943/32
f 4102/4660/33 4103/4662/33 5711/4947/33 5712/4945/33
f 4103/4662/34 4090/3893/34 5709/3980/34 5711/4947/34
f 3999/4359/21 4001/4664/21 5738/4949/21 5725/4147/21
f 4001/4664/22 4002/4666/22 5737/4951/22 5738/4949/22
f 4002/4666/23 4003/4668/23 5736/4953/23 5737/4951/23
f 4003/4668/24 4004/4670/24 5735/4955/24 5736/4953/24
f 4004/4670/25 4005/4672/25 5734/4957/25 5735/4955/25
f 4005/4672/26 4006/4674/26 5733/4959/26 5734/4957/26
f 4006/4674/27 4007/4676/27 5732/4961/27 5733/4959/27
f 4007/4676/28 4008/4678/28 5731/4963/28 5732/4961/28
f 4008/4678/29 4009/4680/29 5730/4965/29 5731/4963/29
f 4009/4680/30 4010/4682/30 5729/4967/30 5730/4965/30
f 4010/4682/31 4011/4684/31 5728/4969/31 5729/4967/31
f 4011/4684/32 4012/4686/32 5727/4971/32 5728/4969/32
f 4012/4686/33 4013/4688/33 5726/4973/33 5727/4971/33
f 4013/4688/34 4000/4136/34 5724/4135/34 5726/4973/34
f 4104/4121/21 4106/4690/21 5783/4975/21 5770/4118/21
f 4106/4690/22 4107/4692/22 5782/4977/22 5783/4975/22
f 4107/4692/23 4108/4694/23 5781/4979/23 5782/4977/23
f 4108/4694/24 4109/4696/24 5780/4981/24 5781/4979/24
f 4109/4696/25 4110/4698/25 5779/4983/25 5780/4981/25
f 4110/4698/26 4111/4700/26 5778/4985/26 5779/4983/26
f 4111/4700/27 4112/4702/27 5777/4987/27 5778/4985/27
f 4112/4702/28 4113/4704/28 5776/4989/28 5777/4987/28
f 4113/4704/29 4114/4706/29 5775/4991/29 5776/4989/29
f 4114/4706/30 4115/4708/30 5774/4993/30 5775/4991/30
f 4115/4708/31 4116/4710/31 5773/4995/31 5774/4993/31
f 4116/4710/32 4117/4712/32 5772/4997/32 5773/4995/32
f 4117/4712/33 4118/4714/33 5771/4999/33 5772/4997/33
f 4118/4714/34 4105/3903/34 5769/3944/34 5771/4999/34
f 3954/3921/21 3956/5885/21 5798/5001/21 5785/3918/21
f 3956/5885/22 3957/5886/22 5797/5003/22 5798/5001/22
f 3957/5886/23 3958/5887/23 5796/5005/23 5797/5003/23
f 3958/5887/24 3959/5888/24 5795/5007/24 5796/5005/24
f 3959/5888/25 3960/5889/25 5794/5009/25 5795/5007/25
f 3960/5889/26 3961/5890/26 5793/5011/26 5794/5009/26
f 3961/5890/27 3962/5891/27 5792/5013/27 5793/5011/27
f 3962/5891/28 3963/5892/28 5791/5015/28 5792/5013/28
f 3963/5892/29 3964/5893/29 5790/5017/29 5791/5015/29
f 3964/5893/30 3965/5894/30 5789/5019/30 5790/5017/30
f 3965/5894/31 3966/5895/31 5788/5021/31 5789/5019/31
f 3966/5895/32 3967/5896/32 5787/5023/32 5788/5021/32
f 3967/5896/33 3968/5897/33 5786/5025/33 5787/5023/33
f 3968/5897/34 3955/4288/34 5784/4287/34 5786/5025/34
f 4599/4378/21 4601/5054/21 5843/5027/21 5830/4387/21
f 4601/5054/22 4602/5056/22 5842/5029/22 5843/5027/22
f 4602/5056/23 4603/5058/23 5841/5031/23 5842/5029/23
f 4603/5058/24 4604/5060/24 5840/5033/24 5841/5031/24
f 4604/5060/25 4605/5062/25 5839/5035/25 5840/5033/25
f 4605/5062/26 4606/5064/26 5838/5037/26 5839/5035/26
f 4606/5064/27 4607/5066/27 5837/5039/27 5838/5037/27
f 4607/5066/28 4608/5068/28 5836/5041/28 5837/5039/28
f 4608/5068/29 4609/5070/29 5835/5043/29 5836/5041/29
f 4609/5070/30 4610/5072/30 5834/5045/30 5835/5043/30
f 4610/5072/31 4611/5074/31 5833/5047/31 5834/5045/31
f 4611/5074/32 4612/5076/32 5832/5049/32 5833/5047/32
f 4612/5076/33 4613/5078/33 5831/5051/33 5832/5049/33
f 4613/5078/34 4600/4109/34 5829/3956/34 5831/5051/34
f 4254/3933/21 4256/5898/21 5858/5053/21 5845/3930/21
f 4256/5898/22 4257/5899/22 5857/5055/22 5858/5053/22
f 4257/5899/23 4258/5900/23 5856/5057/23 5857/5055/23
f 4258/5900/24 4259/5901/24 5855/5059/24 5856/5057/24
f 4259/5901/25 4260/5902/25 5854/5061/25 5855/5059/25
f 4260/5902/26 4261/5903/26 5853/5063/26 5854/5061/26
f 4261/5903/27 4262/5904/27 5852/5065/27 5853/5063/27
f 4262/5904/28 4263/5905/28 5851/5067/28 5852/5065/28
f 4263/5905/29 4264/5906/29 5850/5069/29 5851/5067/29
f 4264/5906/30 4265/5907/30 5849/5071/30 5850/5069/30
f 4265/5907/31 4266/5908/31 5848/5073/31 5849/5071/31
f 4266/5908/32 4267/5909/32 5847/5075/32 5848/5073/32
f 4267/5909/33 4268/5910/33 5846/5077/33 5847/5075/33
f 4268/5910/34 4255/4258/34 5844/4110/34 5846/5077/34
f 4614/4362/21 4616/5106/21 5903/5079/21 5890/4375/21
f 4616/5106/22 4617/5108/22 5902/5081/22 5903/5079/22
f 4617/5108/23 4618/5110/23 5901/5083/23 5902/5081/23
f 4618/5110/24 4619/5112/24 5900/5085/24 5901/5083/24
f 4619/5112/25 4620/5114/25 5899/5087/25 5900/5085/25
f 4620/5114/26 4621/5116/26 5898/5089/26 5899/5087/26
f 4621/5116/27 4622/5118/27 5897/5091/27 5898/5089/27
f 4622/5118/28 4623/5120/28 5896/5093/28 5897/5091/28
f 4623/5120/29 4624/5122/29 5895/5095/29 5896/5093/29
f 4624/5122/30 4625/5124/30 5894/5097/30 5895/5095/30
f 4625/5124/31 4626/5126/31 5893/5099/31 5894/5097/31
f 4626/5126/32 4627/5128/32 5892/5101/32 5893/5099/32
f 4627/5128/33 4628/5130/33 5891/5103/33 5892/5101/33
f 4628/5130/34 4615/3927/34 5889/4377/34 5891/5103/34
f 4554/4384/21 4556/5028/21 5918/5105/21 5905/4365/21
f 4556/5028/22 4557/5030/22 5917/5107/22 5918/5105/22
f 4557/5030/23 4558/5032/23 5916/5109/23 5917/5107/23
f 4558/5032/24 4559/5034/24 5915/5111/24 5916/5109/24
f 4559/5034/25 4560/5036/25 5914/5113/25 5915/5111/25
f 4560/5036/26 4561/5038/26 5913/5115/26 5914/5113/26
f 4561/5038/27 4562/5040/27 5912/5117/27 5913/5115/27
f 4562/5040/28 4563/5042/28 5911/5119/28 5912/5117/28
f 4563/5042/29 4564/5044/29 5910/5121/29 5911/5119/29
f 4564/5044/30 4565/5046/30 5909/5123/30 5910/5121/30
f 4565/5046/31 4566/5048/31 5908/5125/31 5909/5123/31
f 4566/5048/32 4567/5050/32 5907/5127/32 5908/5125/32
f 4567/5050/33 4568/5052/33 5906/5129/33 5907/5127/33
f 4568/5052/34 4555/3955/34 5904/3928/34 5906/5129/34
f 4629/4350/21 4631/5158/21 5963/5131/21 5950/4357/21
f 4631/5158/22 4632/5160/22 5962/5133/22 5963/5131/22
f 4632/5160/23 4633/5162/23 5961/5135/23 5962/5133/23
f 4633/5162/24 4634/5164/24 5960/5137/24 5961/5135/24
f 4634/5164/25 4635/5166/25 5959/5139/25 5960/5137/25
f 4635/5166/26 4636/5168/26 5958/5141/26 5959/5139/26
f 4636/5168/27 4637/5170/27 5957/5143/27 5958/5141/27
f 4637/5170/28 4638/5172/28 5956/5145/28 5957/5143/28
f 4638/5172/29 4639/5174/29 5955/5147/29 5956/5145/29
f 4639/5174/30 4640/5176/30 5954/5149/30 5955/5147/30
f 4640/5176/31 4641/5178/31 5953/5151/31 5954/5149/31
f 4641/5178/32 4642/5180/32 5952/5153/32 5953/5151/32
f 4642/5180/33 4643/5182/33 5951/5155/33 5952/5153/33
f 4643/5182/34 4630/3939/34 5949/4361/34 5951/5155/34
f 4539/4114/21 4541/5808/21 5978/5157/21 5965/4124/21
f 4541/5808/22 4542/5810/22 5977/5159/22 5978/5157/22
f 4542/5810/23 4543/5812/23 5976/5161/23 5977/5159/23
f 4543/5812/24 4544/5814/24 5975/5163/24 5976/5161/24
f 4544/5814/25 4545/5816/25 5974/5165/25 5975/5163/25
f 4545/5816/26 4546/5818/26 5973/5167/26 5974/5165/26
f 4546/5818/27 4547/5820/27 5972/5169/27 5973/5167/27
f 4547/5820/28 4548/5822/28 5971/5171/28 5972/5169/28
f 4548/5822/29 4549/5824/29 5970/5173/29 5971/5171/29
f 4549/5824/30 4550/5826/30 5969/5175/30 5970/5173/30
f 4550/5826/31 4551/5828/31 5968/5177/31 5969/5175/31
f 4551/5828/32 4552/5830/32 5967/5179/32 5968/5177/32
f 4552/5830/33 4553/5832/33 5966/5181/33 5967/5179/33
f 4553/5832/34 4540/4133/34 5964/3940/34 5966/5181/34
f 4644/4334/21 4646/5210/21 6023/5183/21 6010/4345/21
f 4646/5210/22 4647/5212/22 6022/5185/22 6023/5183/22
f 4647/5212/23 4648/5214/23 6021/5187/23 6022/5185/23
f 4648/5214/24 4649/5216/24 6020/5189/24 6021/5187/24
f 4649/5216/25 4650/5218/25 6019/5191/25 6020/5189/25
f 4650/5218/26 4651/5220/26 6018/5193/26 6019/5191/26
f 4651/5220/27 4652/5222/27 6017/5195/27 6018/5193/27
f 4652/5222/28 4653/5224/28 6016/5197/28 6017/5195/28
f 4653/5224/29 4654/5226/29 6015/5199/29 6016/5197/29
f 4654/5226/30 4655/5228/30 6014/5201/30 6015/5199/30
f 4655/5228/31 4656/5230/31 6013/5203/31 6014/5201/31
f 4656/5230/32 4657/5232/32 6012/5205/32 6013/5203/32
f 4657/5232/33 4658/5234/33 6011/5207/33 6012/5205/33
f 4658/5234/34 4645/3951/34 6009/3992/34 6011/5207/34
f 4299/4372/21 4301/5080/21 6038/5209/21 6025/4337/21
f 4301/5080/22 4302/5082/22 6037/5211/22 6038/5209/22
f 4302/5082/23 4303/5084/23 6036/5213/23 6037/5211/23
f 4303/5084/24 4304/5086/24 6035/5215/24 6036/5213/24
f 4304/5086/25 4305/5088/25 6034/5217/25 6035/5215/25
f 4305/5088/26 4306/5090/26 6033/5219/26 6034/5217/26
f 4306/5090/27 4307/5092/27 6032/5221/27 6033/5219/27
f 4307/5092/28 4308/5094/28 6031/5223/28 6032/5221/28
f 4308/5094/29 4309/5096/29 6030/5225/29 6031/5223/29
f 4309/5096/30 4310/5098/30 6029/5227/30 6030/5225/30
f 4310/5098/31 4311/5100/31 6028/5229/31 6029/5227/31
f 4311/5100/32 4312/5102/32 6027/5231/32 6028/5229/32
f 4312/5102/33 4313/5104/33 6026/5233/33 6027/5231/33
f 4313/5104/34 4300/4394/34 6024/3952/34 6026/5233/34
f 4659/4316/21 4661/5262/21 6083/5235/21 6070/4396/21
f 4661/5262/22 4662/5264/22 6082/5237/22 6083/5235/22
f 4662/5264/23 4663/5266/23 6081/5239/23 6082/5237/23
f 4663/5266/24 4664/5268/24 6080/5241/24 6081/5239/24
f 4664/5268/25 4665/5270/25 6079/5243/25 6080/5241/25
f 4665/5270/26 4666/5272/26 6078/5245/26 6079/5243/26
f 4666/5272/27 4667/5274/27 6077/5247/27 6078/5245/27
f 4667/5274/28 4668/5276/28 6076/5249/28 6077/5247/28
f 4668/5276/29 4669/5278/29 6075/5251/29 6076/5249/29
f 4669/5278/30 4670/5280/30 6074/5253/30 6075/5251/30
f 4670/5280/31 4671/5282/31 6073/5255/31 6074/5253/31
f 4671/5282/32 4672/5284/32 6072/5257/32 6073/5255/32
f 4672/5284/33 4673/5286/33 6071/5259/33 6072/5257/33
f 4673/5286/34 4660/3963/34 6069/4332/34 6071/5259/34
f 4494/4342/21 4496/5184/21 6098/5261/21 6085/4319/21
f 4496/5184/22 4497/5186/22 6097/5263/22 6098/5261/22
f 4497/5186/23 4498/5188/23 6096/5265/23 6097/5263/23
f 4498/5188/24 4499/5190/24 6095/5267/24 6096/5265/24
f 4499/5190/25 4500/5192/25 6094/5269/25 6095/5267/25
f 4500/5192/26 4501/5194/26 6093/5271/26 6094/5269/26
f 4501/5194/27 4502/5196/27 6092/5273/27 6093/5271/27
f 4502/5196/28 4503/5198/28 6091/5275/28 6092/5273/28
f 4503/5198/29 4504/5200/29 6090/5277/29 6091/5275/29
f 4504/5200/30 4505/5202/30 6089/5279/30 6090/5277/30
f 4505/5202/31 4506/5204/31 6088/5281/31 6089/5279/31
f 4506/5204/32 4507/5206/32 6087/5283/32 6088/5281/32
f 4507/5206/33 4508/5208/33 6086/5285/33 6087/5283/33
f 4508/5208/34 4495/3991/34 6084/3964/34 6086/5285/34
f 4674/4300/21 4676/5314/21 6143/5287/21 6130/4393/21
f 4676/5314/22 4677/5316/22 6142/5289/22 6143/5287/22
f 4677/5316/23 4678/5318/23 6141/5291/23 6142/5289/23
f 4678/5318/24 4679/5320/24 6140/5293/24 6141/5291/24
f 4679/5320/25 4680/5322/25 6139/5295/25 6140/5293/25
f 4680/5322/26 4681/5324/26 6138/5297/26 6139/5295/26
f 4681/5324/27 4682/5326/27 6137/5299/27 6138/5297/27
f 4682/5326/28 4683/5328/28 6136/5301/28 6137/5299/28
f 4683/5328/29 4684/5330/29 6135/5303/29 6136/5301/29
f 4684/5330/30 4685/5332/30 6134/5305/30 6135/5303/30
f 4685/5332/31 4686/5334/31 6133/5307/31 6134/5305/31
f 4686/5334/32 4687/5336/32 6132/5309/32 6133/5307/32
f 4687/5336/33 4688/5338/33 6131/5311/33 6132/5309/33
f 4688/5338/34 4675/3975/34 6129/4314/34 6131/5311/34
f 4479/4138/21 4481/5756/21 6158/5313/21 6145/4148/21
f 4481/5756/22 4482/5758/22 6157/5315/22 6158/5313/22
f 4482/5758/23 4483/5760/23 6156/5317/23 6157/5315/23
f 4483/5760/24 4484/5762/24 6155/5319/24 6156/5317/24
f 4484/5762/25 4485/5764/25 6154/5321/25 6155/5319/25
f 4485/5764/26 4486/5766/26 6153/5323/26 6154/5321/26
f 4486/5766/27 4487/5768/27 6152/5325/27 6153/5323/27
f 4487/5768/28 4488/5770/28 6151/5327/28 6152/5325/28
f 4488/5770/29 4489/5772/29 6150/5329/29 6151/5327/29
f 4489/5772/30 4490/5774/30 6149/5331/30 6150/5329/30
f 4490/5774/31 4491/5776/31 6148/5333/31 6149/5331/31
f 4491/5776/32 4492/5778/32 6147/5335/32 6148/5333/32
f 4492/5778/33 4493/5780/33 6146/5337/33 6147/5335/33
f 4493/5780/34 4480/4157/34 6144/3976/34 6146/5337/34
f 4689/4294/21 4691/5366/21 6203/5339/21 6190/4299/21
f 4691/5366/22 4692/5368/22 6202/5341/22 6203/5339/22
f 4692/5368/23 4693/5370/23 6201/5343/23 6202/5341/23
f 4693/5370/24 4694/5372/24 6200/5345/24 6201/5343/24
f 4694/5372/25 4695/5374/25 6199/5347/25 6200/5345/25
f 4695/5374/26 4696/5376/26 6198/5349/26 6199/5347/26
f 4696/5376/27 4697/5378/27 6197/5351/27 6198/5349/27
f 4697/5378/28 4698/5380/28 6196/5353/28 6197/5351/28
f 4698/5380/29 4699/5382/29 6195/5355/29 6196/5353/29
f 4699/5382/30 4700/5384/30 6194/5357/30 6195/5355/30
f 4700/5384/31 4701/5386/31 6193/5359/31 6194/5357/31
f 4701/5386/32 4702/5388/32 6192/5361/32 6193/5359/32
f 4702/5388/33 4703/5390/33 6191/5363/33 6192/5361/33
f 4703/5390/34 4690/3987/34 6189/4026/34 6191/5363/34
f 4314/4224/21 4316/5548/21 6218/5365/21 6205/4236/21
f 4316/5548/22 4317/5550/22 6217/5367/22 6218/5365/22
f 4317/5550/23 4318/5552/23 6216/5369/23 6217/5367/23
f 4318/5552/24 4319/5554/24 6215/5371/24 6216/5369/24
f 4319/5554/25 4320/5556/25 6214/5373/25 6215/5371/25
f 4320/5556/26 4321/5558/26 6213/5375/26 6214/5373/26
f 4321/5558/27 4322/5560/27 6212/5377/27 6213/5375/27
f 4322/5560/28 4323/5562/28 6211/5379/28 6212/5377/28
f 4323/5562/29 4324/5564/29 6210/5381/29 6211/5379/29
f 4324/5564/30 4325/5566/30 6209/5383/30 6210/5381/30
f 4325/5566/31 4326/5568/31 6208/5385/31 6209/5383/31
f 4326/5568/32 4327/5570/32 6207/5387/32 6208/5385/32
f 4327/5570/33 4328/5572/33 6206/5389/33 6207/5387/33
f 4328/5572/34 4315/3967/34 6204/3988/34 6206/5389/34
f 4704/4272/21 4706/5418/21 6263/5391/21 6250/3917/21
f 4706/5418/22 4707/5420/22 6262/5393/22 6263/5391/22
f 4707/5420/23 4708/5422/23 6261/5395/23 6262/5393/23
f 4708/5422/24 4709/5424/24 6260/5397/24 6261/5395/24
f 4709/5424/25 4710/5426/25 6259/5399/25 6260/5397/25
f 4710/5426/26 4711/5428/26 6258/5401/26 6259/5399/26
f 4711/5428/27 4712/5430/27 6257/5403/27 6258/5401/27
f 4712/5430/28 4713/5432/28 6256/5405/28 6257/5403/28
f 4713/5432/29 4714/5434/29 6255/5407/29 6256/5405/29
f 4714/5434/30 4715/5436/30 6254/5409/30 6255/5407/30
f 4715/5436/31 4716/5438/31 6253/5411/31 6254/5409/31
f 4716/5438/32 4717/5440/32 6252/5413/32 6253/5411/32
f 4717/5440/33 4718/5442/33 6251/5415/33 6252/5413/33
f 4718/5442/34 4705/3999/34 6249/4292/34 6251/5415/34
f 4434/4296/21 4436/5340/21 6278/5417/21 6265/4275/21
f 4436/5340/22 4437/5342/22 6277/5419/22 6278/5417/22
f 4437/5342/23 4438/5344/23 6276/5421/23 6277/5419/23
f 4438/5344/24 4439/5346/24 6275/5423/24 6276/5421/24
f 4439/5346/25 4440/5348/25 6274/5425/25 6275/5423/25
f 4440/5348/26 4441/5350/26 6273/5427/26 6274/5425/26
f 4441/5350/27 4442/5352/27 6272/5429/27 6273/5427/27
f 4442/5352/28 4443/5354/28 6271/5431/28 6272/5429/28
f 4443/5354/29 4444/5356/29 6270/5433/29 6271/5431/29
f 4444/5356/30 4445/5358/30 6269/5435/30 6270/5433/30
f 4445/5358/31 4446/5360/31 6268/5437/31 6269/5435/31
f 4446/5360/32 4447/5362/32 6267/5439/32 6268/5437/32
f 4447/5362/33 4448/5364/33 6266/5441/33 6267/5439/33
f 4448/5364/34 4435/4025/34 6264/4000/34 6266/5441/34
f 4719/4254/21 4721/5470/21 6323/5443/21 6310/4369/21
f 4721/5470/22 4722/5472/22 6322/5445/22 6323/5443/22
f 4722/5472/23 4723/5474/23 6321/5447/23 6322/5445/23
f 4723/5474/24 4724/5476/24 6320/5449/24 6321/5447/24
f 4724/5476/25 4725/5478/25 6319/5451/25 6320/5449/25
f 4725/5478/26 4726/5480/26 6318/5453/26 6319/5451/26
f 4726/5480/27 4727/5482/27 6317/5455/27 6318/5453/27
f 4727/5482/28 4728/5484/28 6316/5457/28 6317/5455/28
f 4728/5484/29 4729/5486/29 6315/5459/29 6316/5457/29
f 4729/5486/30 4730/5488/30 6314/5461/30 6315/5459/30
f 4730/5488/31 4731/5490/31 6313/5463/31 6314/5461/31
f 4731/5490/32 4732/5492/32 6312/5465/32 6313/5463/32
f 4732/5492/33 4733/5494/33 6311/5467/33 6312/5465/33
f 4733/5494/34 4720/4009/34 6309/4270/34 6311/5467/34
f 4419/4160/21 4421/5704/21 6338/5469/21 6325/4172/21
f 4421/5704/22 4422/5706/22 6337/5471/22 6338/5469/22
f 4422/5706/23 4423/5708/23 6336/5473/23 6337/5471/23
f 4423/5708/24 4424/5710/24 6335/5475/24 6336/5473/24
f 4424/5710/25 4425/5712/25 6334/5477/25 6335/5475/25
f 4425/5712/26 4426/5714/26 6333/5479/26 6334/5477/26
f 4426/5714/27 4427/5716/27 6332/5481/27 6333/5479/27
f 4427/5716/28 4428/5718/28 6331/5483/28 6332/5481/28
f 4428/5718/29 4429/5720/29 6330/5485/29 6331/5483/29
f 4429/5720/30 4430/5722/30 6329/5487/30 6330/5485/30
f 4430/5722/31 4431/5724/31 6328/5489/31 6329/5487/31
f 4431/5724/32 4432/5726/32 6327/5491/32 6328/5489/32
f 4432/5726/33 4433/5728/33 6326/5493/33 6327/5491/33
f 4433/5728/34 4420/4179/34 6324/4010/34 6326/5493/34
f 4734/4238/21 4736/5522/21 6383/5495/21 6370/4249/21
f 4736/5522/22 4737/5524/22 6382/5497/22 6383/5495/22
f 4737/5524/23 4738/5526/23 6381/5499/23 6382/5497/23
f 4738/5526/24 4739/5528/24 6380/5501/24 6381/5499/24
f 4739/5528/25 4740/5530/25 6379/5503/25 6380/5501/25
f 4740/5530/26 4741/5532/26 6378/5505/26 6379/5503/26
f 4741/5532/27 4742/5534/27 6377/5507/27 6378/5505/27
f 4742/5534/28 4743/5536/28 6376/5509/28 6377/5507/28
f 4743/5536/29 4744/5538/29 6375/5511/29 6376/5509/29
f 4744/5538/30 4745/5540/30 6374/5513/30 6375/5511/30
f 4745/5540/31 4746/5542/31 6373/5515/31 6374/5513/31
f 4746/5542/32 4747/5544/32 6372/5517/32 6373/5515/32
f 4747/5544/33 4748/5546/33 6371/5519/33 6372/5517/33
f 4748/5546/34 4735/4021/34 6369/4062/34 6371/5519/34
f 4284/4039/21 4286/5911/21 6398/5521/21 6385/4036/21
f 4286/5911/22 4287/5912/22 6397/5523/22 6398/5521/22
f 4287/5912/23 4288/5913/23 6396/5525/23 6397/5523/23
f 4288/5913/24 4289/5914/24 6395/5527/24 6396/5525/24
f 4289/5914/25 4290/5915/25 6394/5529/25 6395/5527/25
f 4290/5915/26 4291/5916/26 6393/5531/26 6394/5529/26
f 4291/5916/27 4292/5917/27 6392/5533/27 6393/5531/27
f 4292/5917/28 4293/5918/28 6391/5535/28 6392/5533/28
f 4293/5918/29 4294/5919/29 6390/5537/29 6391/5535/29
f 4294/5919/30 4295/5920/30 6389/5539/30 6390/5537/30
f 4295/5920/31 4296/5921/31 6388/5541/31 6389/5539/31
f 4296/5921/32 4297/5922/32 6387/5543/32 6388/5541/32
f 4297/5922/33 4298/5923/33 6386/5545/33 6387/5543/33
f 4298/5923/34 4285/4304/34 6384/4022/34 6386/5545/34
f 4749/4214/21 4751/5574/21 6443/5547/21 6430/4227/21
f 4751/5574/22 4752/5576/22 6442/5549/22 6443/5547/22
f 4752/5576/23 4753/5578/23 6441/5551/23 6442/5549/23
f 4753/5578/24 4754/5580/24 6440/5553/24 6441/5551/24
f 4754/5580/25 4755/5582/25 6439/5555/25 6440/5553/25
f 4755/5582/26 4756/5584/26 6438/5557/26 6439/5555/26
f 4756/5584/27 4757/5586/27 6437/5559/27 6438/5557/27
f 4757/5586/28 4758/5588/28 6436/5561/28 6437/5559/28
f 4758/5588/29 4759/5590/29 6435/5563/29 6436/5561/29
f 4759/5590/30 4760/5592/30 6434/5565/30 6435/5563/30
f 4760/5592/31 4761/5594/31 6433/5567/31 6434/5565/31
f 4761/5594/32 4762/5596/32 6432/5569/32 6433/5567/32
f 4762/5596/33 4763/5598/33 6431/5571/33 6432/5569/33
f 4763/5598/34 4750/4033/34 6429/3968/34 6431/5571/34
f 4374/4246/21 4376/5496/21 6458/5573/21 6445/4217/21
f 4376/5496/22 4377/5498/22 6457/5575/22 6458/5573/22
f 4377/5498/23 4378/5500/23 6456/5577/23 6457/5575/23
f 4378/5500/24 4379/5502/24 6455/5579/24 6456/5577/24
f 4379/5502/25 4380/5504/25 6454/5581/25 6455/5579/25
f 4380/5504/26 4381/5506/26 6453/5583/26 6454/5581/26
f 4381/5506/27 4382/5508/27 6452/5585/27 6453/5583/27
f 4382/5508/28 4383/5510/28 6451/5587/28 6452/5585/28
f 4383/5510/29 4384/5512/29 6450/5589/29 6451/5587/29
f 4384/5512/30 4385/5514/30 6449/5591/30 6450/5589/30
f 4385/5514/31 4386/5516/31 6448/5593/31 6449/5591/31
f 4386/5516/32 4387/5518/32 6447/5595/32 6448/5593/32
f 4387/5518/33 4388/5520/33 6446/5597/33 6447/5595/33
f 4388/5520/34 4375/4061/34 6444/4034/34 6446/5597/34
f 4764/4198/21 4766/5626/21 6503/5599/21 6490/4209/21
f 4766/5626/22 4767/5628/22 6502/5601/22 6503/5599/22
f 4767/5628/23 4768/5630/23 6501/5603/23 6502/5601/23
f 4768/5630/24 4769/5632/24 6500/5605/24 6501/5603/24
f 4769/5632/25 4770/5634/25 6499/5607/25 6500/5605/25
f 4770/5634/26 4771/5636/26 6498/5609/26 6499/5607/26
f 4771/5636/27 4772/5638/27 6497/5611/27 6498/5609/27
f 4772/5638/28 4773/5640/28 6496/5613/28 6497/5611/28
f 4773/5640/29 4774/5642/29 6495/5615/29 6496/5613/29
f 4774/5642/30 4775/5644/30 6494/5617/30 6495/5615/30
f 4775/5644/31 4776/5646/31 6493/5619/31 6494/5617/31
f 4776/5646/32 4777/5648/32 6492/5621/32 6493/5619/32
f 4777/5648/33 4778/5650/33 6491/5623/33 6492/5621/33
f 4778/5650/34 4765/4045/34 6489/4096/34 6491/5623/34
f 4359/4182/21 4361/5652/21 6518/5625/21 6505/4194/21
f 4361/5652/22 4362/5654/22 6517/5627/22 6518/5625/22
f 4362/5654/23 4363/5656/23 6516/5629/23 6517/5627/23
f 4363/5656/24 4364/5658/24 6515/5631/24 6516/5629/24
f 4364/5658/25 4365/5660/25 6514/5633/25 6515/5631/25
f 4365/5660/26 4366/5662/26 6513/5635/26 6514/5633/26
f 4366/5662/27 4367/5664/27 6512/5637/27 6513/5635/27
f 4367/5664/28 4368/5666/28 6511/5639/28 6512/5637/28
f 4368/5666/29 4369/5668/29 6510/5641/29 6511/5639/29
f 4369/5668/30 4370/5670/30 6509/5643/30 6510/5641/30
f 4370/5670/31 4371/5672/31 6508/5645/31 6509/5643/31
f 4371/5672/32 4372/5674/32 6507/5647/32 6508/5645/32
f 4372/5674/33 4373/5676/33 6506/5649/33 6507/5647/33
f 4373/5676/34 4360/4381/34 6504/4046/34 6506/5649/34
f 4779/4176/21 4781/5678/21 6563/5651/21 6550/4185/21
f 4781/5678/22 4782/5680/22 6562/5653/22 6563/5651/22
f 4782/5680/23 4783/5682/23 6561/5655/23 6562/5653/23
f 4783/5682/24 4784/5684/24 6560/5657/24 6561/5655/24
f 4784/5684/25 4785/5686/25 6559/5659/25 6560/5657/25
f 4785/5686/26 4786/5688/26 6558/5661/26 6559/5659/26
f 4786/5688/27 4787/5690/27 6557/5663/27 6558/5661/27
f 4787/5690/28 4788/5692/28 6556/5665/28 6557/5663/28
f 4788/5692/29 4789/5694/29 6555/5667/29 6556/5665/29
f 4789/5694/30 4790/5696/30 6554/5669/30 6555/5667/30
f 4790/5696/31 4791/5698/31 6553/5671/31 6554/5669/31
f 4791/5698/32 4792/5700/32 6552/5673/32 6553/5671/32
f 4792/5700/33 4793/5702/33 6551/5675/33 6552/5673/33
f 4793/5702/34 4780/4057/34 6549/4197/34 6551/5675/34
f 4164/4075/21 4166/5924/21 6578/5677/21 6565/4072/21
f 4166/5924/22 4167/5925/22 6577/5679/22 6578/5677/22
f 4167/5925/23 4168/5926/23 6576/5681/23 6577/5679/23
f 4168/5926/24 4169/5927/24 6575/5683/24 6576/5681/24
f 4169/5927/25 4170/5928/25 6574/5685/25 6575/5683/25
f 4170/5928/26 4171/5929/26 6573/5687/26 6574/5685/26
f 4171/5929/27 4172/5930/27 6572/5689/27 6573/5687/27
f 4172/5930/28 4173/5931/28 6571/5691/28 6572/5689/28
f 4173/5931/29 4174/5932/29 6570/5693/29 6571/5691/29
f 4174/5932/30 4175/5933/30 6569/5695/30 6570/5693/30
f 4175/5933/31 4176/5934/31 6568/5697/31 6569/5695/31
f 4176/5934/32 4177/5935/32 6567/5699/32 6568/5697/32
f 4177/5935/33 4178/5936/33 6566/5701/33 6567/5699/33
f 4178/5936/34 4165/4322/34 6564/4058/34 6566/5701/34
f 4794/4152/21 4796/5730/21 6623/5703/21 6610/4163/21
f 4796/5730/22 4797/5732/22 6622/5705/22 6623/5703/22
f 4797/5732/23 4798/5734/23 6621/5707/23 6622/5705/23
f 4798/5734/24 4799/5736/24 6620/5709/24 6621/5707/24
f 4799/5736/25 4800/5738/25 6619/5711/25 6620/5709/25
f 4800/5738/26 4801/5740/26 6618/5713/26 6619/5711/26
f 4801/5740/27 4802/5742/27 6617/5715/27 6618/5713/27
f 4802/5742/28 4803/5744/28 6616/5717/28 6617/5715/28
f 4803/5744/29 4804/5746/29 6615/5719/29 6616/5717/29
f 4804/5746/30 4805/5748/30 6614/5721/30 6615/5719/30
f 4805/5748/31 4806/5750/31 6613/5723/31 6614/5721/31
f 4806/5750/32 4807/5752/32 6612/5725/32 6613/5723/32
f 4807/5752/33 4808/5754/33 6611/5727/33 6612/5725/33
f 4808/5754/34 4795/4069/34 6609/4175/34 6611/5727/34
f 4194/4206/21 4196/5600/21 6638/5729/21 6625/4155/21
f 4196/5600/22 4197/5602/22 6637/5731/22 6638/5729/22
f 4197/5602/23 4198/5604/23 6636/5733/23 6637/5731/23
f 4198/5604/24 4199/5606/24 6635/5735/24 6636/5733/24
f 4199/5606/25 4200/5608/25 6634/5737/25 6635/5735/25
f 4200/5608/26 4201/5610/26 6633/5739/26 6634/5737/26
f 4201/5610/27 4202/5612/27 6632/5741/27 6633/5739/27
f 4202/5612/28 4203/5614/28 6631/5743/28 6632/5741/28
f 4203/5614/29 4204/5616/29 6630/5745/29 6631/5743/29
f 4204/5616/30 4205/5618/30 6629/5747/30 6630/5745/30
f 4205/5618/31 4206/5620/31 6628/5749/31 6629/5747/31
f 4206/5620/32 4207/5622/32 6627/5751/32 6628/5749/32
f 4207/5622/33 4208/5624/33 6626/5753/33 6627/5751/33
f 4208/5624/34 4195/4095/34 6624/4070/34 6626/5753/34
f 4809/4128/21 4811/5782/21 6683/5755/21 6670/4141/21
f 4811/5782/22 4812/5784/22 6682/5757/22 6683/5755/22
f 4812/5784/23 4813/5786/23 6681/5759/23 6682/5757/23
f 4813/5786/24 4814/5788/24 6680/5761/24 6681/5759/24
f 4814/5788/25 4815/5790/25 6679/5763/25 6680/5761/25
f 4815/5790/26 4816/5792/26 6678/5765/26 6679/5763/26
f 4816/5792/27 4817/5794/27 6677/5767/27 6678/5765/27
f 4817/5794/28 4818/5796/28 6676/5769/28 6677/5767/28
f 4818/5796/29 4819/5798/29 6675/5771/29 6676/5769/29
f 4819/5798/30 4820/5800/30 6674/5773/30 6675/5771/30
f 4820/5800/31 4821/5802/31 6673/5775/31 6674/5773/31
f 4821/5802/32 4822/5804/32 6672/5777/32 6673/5775/32
f 4822/5804/33 4823/5806/33 6671/5779/33 6672/5777/33
f 4823/5806/34 4810/4079/34 6669/4151/34 6671/5779/34
f 4179/4354/21 4181/5132/21 6698/5781/21 6685/4131/21
f 4181/5132/22 4182/5134/22 6697/5783/22 6698/5781/22
f 4182/5134/23 4183/5136/23 6696/5785/23 6697/5783/23
f 4183/5136/24 4184/5138/24 6695/5787/24 6696/5785/24
f 4184/5138/25 4185/5140/25 6694/5789/25 6695/5787/25
f 4185/5140/26 4186/5142/26 6693/5791/26 6694/5789/26
f 4186/5142/27 4187/5144/27 6692/5793/27 6693/5791/27
f 4187/5144/28 4188/5146/28 6691/5795/28 6692/5793/28
f 4188/5146/29 4189/5148/29 6690/5797/29 6691/5795/29
f 4189/5148/30 4190/5150/30 6689/5799/30 6690/5797/30
f 4190/5150/31 4191/5152/31 6688/5801/31 6689/5799/31
f 4191/5152/32 4192/5154/32 6687/5803/32 6688/5801/32
f 4192/5154/33 4193/5156/33 6686/5805/33 6687/5803/33
f 4193/5156/34 4180/4399/34 6684/4080/34 6686/5805/34
f 4824/4106/21 4826/5834/21 6743/5807/21 6730/4117/21
f 4826/5834/22 4827/5836/22 6742/5809/22 6743/5807/22
f 4827/5836/23 4828/5838/23 6741/5811/23 6742/5809/23
f 4828/5838/24 4829/5840/24 6740/5813/24 6741/5811/24
f 4829/5840/25 4830/5842/25 6739/5815/25 6740/5813/25
f 4830/5842/26 4831/5844/26 6738/5817/26 6739/5815/26
f 4831/5844/27 4832/5846/27 6737/5819/27 6738/5817/27
f 4832/5846/28 4833/5848/28 6736/5821/28 6737/5819/28
f 4833/5848/29 4834/5850/29 6735/5823/29 6736/5821/29
f 4834/5850/30 4835/5852/30 6734/5825/30 6735/5823/30
f 4835/5852/31 4836/5854/31 6733/5827/31 6734/5825/31
f 4836/5854/32 4837/5856/32 6732/5829/32 6733/5827/32
f 4837/5856/33 4838/5858/33 6731/5831/33 6732/5829/33
f 4838/5858/34 4825/4091/34 6729/4127/34 6731/5831/34
f 4134/4105/21 4136/5937/21 6758/5833/21 6745/4102/21
f 4136/5937/22 4137/5938/22 6757/5835/22 6758/5833/22
f 4137/5938/23 4138/5939/23 6756/5837/23 6757/5835/23
f 4138/5939/24 4139/5940/24 6755/5839/24 6756/5837/24
f 4139/5940/25 4140/5941/25 6754/5841/25 6755/5839/25
f 4140/5941/26 4141/5942/26 6753/5843/26 6754/5841/26
f 4141/5942/27 4142/5943/27 6752/5845/27 6753/5843/27
f 4142/5943/28 4143/5944/28 6751/5847/28 6752/5845/28
f 4143/5944/29 4144/5945/29 6750/5849/29 6751/5847/29
f 4144/5945/30 4145/5946/30 6749/5851/30 6750/5849/30
f 4145/5946/31 4146/5947/31 6748/5853/31 6749/5851/31
f 4146/5947/32 4147/5948/32 6747/5855/32 6748/5853/32
f 4147/5948/33 4148/5949/33 6746/5857/33 6747/5855/33
f 4148/5949/34 4135/4278/34 6744/4092/34 6746/5857/34
f 6760/4093/35 6773/5950/35 6716/5951/35 6714/4090/35
f 6773/5950/36 6772/5952/36 6717/5953/36 6716/5951/36
f 6772/5952/37 6771/5954/37 6718/5955/37 6717/5953/37
f 6771/5954/38 6770/5956/38 6719/5957/38 6718/5955/38
f 6770/5956/39 6769/5958/39 6720/5959/39 6719/5957/39
f 6769/5958/29 6768/5960/29 6721/5961/29 6720/5959/29
f 6768/5960/40 6767/5962/40 6722/5963/40 6721/5961/40
f 6767/5962/41 6766/5964/41 6723/5965/41 6722/5963/41
f 6766/5964/26 6765/5966/26 6724/5967/26 6723/5965/26
f 6765/5966/42 6764/5968/42 6725/5969/42 6724/5967/42
f 6764/5968/43 6763/5970/43 6726/5971/43 6725/5969/43
f 6763/5970/44 6762/5972/44 6727/5973/44 6726/5971/44
f 6762/5972/45 6761/5974/45 6728/5975/45 6727/5973/45
f 6761/5974/46 6759/3919/46 6715/3924/46 6728/5975/46
f 5334/4279/35 5336/5976/35 6773/5950/35 6760/4093/35
f 5336/5976/36 5337/5977/36 6772/5952/36 6773/5950/36
f 5337/5977/37 5338/5978/37 6771/5954/37 6772/5952/37
f 5338/5978/38 5339/5979/38 6770/5956/38 6771/5954/38
f 5339/5979/39 5340/5980/39 6769/5958/39 6770/5956/39
f 5340/5980/29 5341/5981/29 6768/5960/29 6769/5958/29
f 5341/5981/40 5342/5982/40 6767/5962/40 6768/5960/40
f 5342/5982/41 5343/5983/41 6766/5964/41 6767/5962/41
f 5343/5983/26 5344/5984/26 6765/5966/26 6766/5964/26
f 5344/5984/42 5345/5985/42 6764/5968/42 6765/5966/42
f 5345/5985/43 5346/5986/43 6763/5970/43 6764/5968/43
f 5346/5986/44 5347/5987/44 6762/5972/44 6763/5970/44
f 5347/5987/45 5348/5988/45 6761/5974/45 6762/5972/45
f 5348/5988/46 5335/3920/46 6759/3919/46 6761/5974/46
f 6775/4126/35 6788/5989/35 5741/5990/35 5739/4132/35
f 6788/5989/36 6787/5991/36 5742/5992/36 5741/5990/36
f 6787/5991/37 6786/5993/37 5743/5994/37 5742/5992/37
f 6786/5993/38 6785/5995/38 5744/5996/38 5743/5994/38
f 6785/5995/39 6784/5997/39 5745/5998/39 5744/5996/39
f 6784/5997/29 6783/5999/29 5746/6000/29 5745/5998/29
f 6783/5999/40 6782/6001/40 5747/6002/40 5746/6000/40
f 6782/6001/41 6781/6003/41 5748/6004/41 5747/6002/41
f 6781/6003/26 6780/6005/26 5749/6006/26 5748/6004/26
f 6780/6005/42 6779/6007/42 5750/6008/42 5749/6006/42
f 6779/6007/43 6778/6009/43 5751/6010/43 5750/6008/43
f 6778/6009/44 6777/6011/44 5752/6012/44 5751/6010/44
f 6777/6011/45 6776/6013/45 5753/6014/45 5752/6012/45
f 6776/6013/46 6774/3923/46 5740/4120/46 5753/6014/46
f 6714/4090/35 6716/5951/35 6788/5989/35 6775/4126/35
f 6716/5951/36 6717/5953/36 6787/5991/36 6788/5989/36
f 6717/5953/37 6718/5955/37 6786/5993/37 6787/5991/37
f 6718/5955/38 6719/5957/38 6785/5995/38 6786/5993/38
f 6719/5957/39 6720/5959/39 6784/5997/39 6785/5995/39
f 6720/5959/29 6721/5961/29 6783/5999/29 6784/5997/29
f 6721/5961/40 6722/5963/40 6782/6001/40 6783/5999/40
f 6722/5963/41 6723/5965/41 6781/6003/41 6782/6001/41
f 6723/5965/26 6724/5967/26 6780/6005/26 6781/6003/26
f 6724/5967/42 6725/5969/42 6779/6007/42 6780/6005/42
f 6725/5969/43 6726/5971/43 6778/6009/43 6779/6007/43
f 6726/5971/44 6727/5973/44 6777/6011/44 6778/6009/44
f 6727/5973/45 6728/5975/45 6776/6013/45 6777/6011/45
f 6728/5975/46 6715/3924/46 6774/3923/46 6776/6013/46
f 6790/3901/35 6803/6015/35 5261/6016/35 5259/3898/35
f 6803/6015/36 6802/6017/36 5262/6018/36 5261/6016/36
f 6802/6017/37 6801/6019/37 5263/6020/37 5262/6018/37
f 6801/6019/38 6800/6021/38 5264/6022/38 5263/6020/38
f 6800/6021/39 6799/6023/39 5265/6024/39 5264/6022/39
f 6799/6023/29 6798/6025/29 5266/6026/29 5265/6024/29
f 6798/6025/40 6797/6027/40 5267/6028/40 5266/6026/40
f 6797/6027/41 6796/6029/41 5268/6030/41 5267/6028/41
f 6796/6029/26 6795/6031/26 5269/6032/26 5268/6030/26
f 6795/6031/42 6794/6033/42 5270/6034/42 5269/6032/42
f 6794/6033/43 6793/6035/43 5271/6036/43 5270/6034/43
f 6793/6035/44 6792/6037/44 5272/6038/44 5271/6036/44
f 6792/6037/45 6791/6039/45 5273/6040/45 5272/6038/45
f 6791/6039/46 6789/4116/46 5260/4115/46 5273/6040/46
f 6700/4086/35 6713/6041/35 6803/6015/35 6790/3901/35
f 6713/6041/36 6712/6042/36 6802/6017/36 6803/6015/36
f 6712/6042/37 6711/6043/37 6801/6019/37 6802/6017/37
f 6711/6043/38 6710/6044/38 6800/6021/38 6801/6019/38
f 6710/6044/39 6709/6045/39 6799/6023/39 6800/6021/39
f 6709/6045/29 6708/6046/29 6798/6025/29 6799/6023/29
f 6708/6046/40 6707/6047/40 6797/6027/40 6798/6025/40
f 6707/6047/41 6706/6048/41 6796/6029/41 6797/6027/41
f 6706/6048/26 6705/6049/26 6795/6031/26 6796/6029/26
f 6705/6049/42 6704/6050/42 6794/6033/42 6795/6031/42
f 6704/6050/43 6703/6051/43 6793/6035/43 6794/6033/43
f 6703/6051/44 6702/6052/44 6792/6037/44 6793/6035/44
f 6702/6052/45 6701/6053/45 6791/6039/45 6792/6037/45
f 6701/6053/46 6699/4107/46 6789/4116/46 6791/6039/46
f 6805/4081/35 6818/6054/35 6656/6055/35 6654/4078/35
f 6818/6054/36 6817/6056/36 6657/6057/36 6656/6055/36
f 6817/6056/37 6816/6058/37 6658/6059/37 6657/6057/37
f 6816/6058/38 6815/6060/38 6659/6061/38 6658/6059/38
f 6815/6060/39 6814/6062/39 6660/6063/39 6659/6061/39
f 6814/6062/29 6813/6064/29 6661/6065/29 6660/6063/29
f 6813/6064/40 6812/6066/40 6662/6067/40 6661/6065/40
f 6812/6066/41 6811/6068/41 6663/6069/41 6662/6067/41
f 6811/6068/26 6810/6070/26 6664/6071/26 6663/6069/26
f 6810/6070/42 6809/6072/42 6665/6073/42 6664/6071/42
f 6809/6072/43 6808/6074/43 6666/6075/43 6665/6073/43
f 6808/6074/44 6807/6076/44 6667/6077/44 6666/6075/44
f 6807/6076/45 6806/6078/45 6668/6079/45 6667/6077/45
f 6806/6078/46 6804/4146/46 6655/3960/46 6668/6079/46
f 5380/4398/35 5393/6080/35 6818/6054/35 6805/4081/35
f 5393/6080/36 5392/6081/36 6817/6056/36 6818/6054/36
f 5392/6081/37 5391/6082/37 6816/6058/37 6817/6056/37
f 5391/6082/38 5390/6083/38 6815/6060/38 6816/6058/38
f 5390/6083/39 5389/6084/39 6814/6062/39 6815/6060/39
f 5389/6084/29 5388/6085/29 6813/6064/29 6814/6062/29
f 5388/6085/40 5387/6086/40 6812/6066/40 6813/6064/40
f 5387/6086/41 5386/6087/41 6811/6068/41 6812/6066/41
f 5386/6087/26 5385/6088/26 6810/6070/26 6811/6068/26
f 5385/6088/42 5384/6089/42 6809/6072/42 6810/6070/42
f 5384/6089/43 5383/6090/43 6808/6074/43 6809/6072/43
f 5383/6090/44 5382/6091/44 6807/6076/44 6808/6074/44
f 5382/6091/45 5381/6092/45 6806/6078/45 6807/6076/45
f 5381/6092/46 5379/4358/46 6804/4146/46 6806/6078/46
f 6820/4150/35 6833/6093/35 5681/6094/35 5679/4156/35
f 6833/6093/36 6832/6095/36 5682/6096/36 5681/6094/36
f 6832/6095/37 6831/6097/37 5683/6098/37 5682/6096/37
f 6831/6097/38 6830/6099/38 5684/6100/38 5683/6098/38
f 6830/6099/39 6829/6101/39 5685/6102/39 5684/6100/39
f 6829/6101/29 6828/6103/29 5686/6104/29 5685/6102/29
f 6828/6103/40 6827/6105/40 5687/6106/40 5686/6104/40
f 6827/6105/41 6826/6107/41 5688/6108/41 5687/6106/41
f 6826/6107/26 6825/6109/26 5689/6110/26 5688/6108/26
f 6825/6109/42 6824/6111/42 5690/6112/42 5689/6110/42
f 6824/6111/43 6823/6113/43 5691/6114/43 5690/6112/43
f 6823/6113/44 6822/6115/44 5692/6116/44 5691/6114/44
f 6822/6115/45 6821/6117/45 5693/6118/45 5692/6116/45
f 6821/6117/46 6819/3959/46 5680/4144/46 5693/6118/46
f 6654/4078/35 6656/6055/35 6833/6093/35 6820/4150/35
f 6656/6055/36 6657/6057/36 6832/6095/36 6833/6093/36
f 6657/6057/37 6658/6059/37 6831/6097/37 6832/6095/37
f 6658/6059/38 6659/6061/38 6830/6099/38 6831/6097/38
f 6659/6061/39 6660/6063/39 6829/6101/39 6830/6099/39
f 6660/6063/29 6661/6065/29 6828/6103/29 6829/6101/29
f 6661/6065/40 6662/6067/40 6827/6105/40 6828/6103/40
f 6662/6067/41 6663/6069/41 6826/6107/41 6827/6105/41
f 6663/6069/26 6664/6071/26 6825/6109/26 6826/6107/26
f 6664/6071/42 6665/6073/42 6824/6111/42 6825/6109/42
f 6665/6073/43 6666/6075/43 6823/6113/43 6824/6111/43
f 6666/6075/44 6667/6077/44 6822/6115/44 6823/6113/44
f 6667/6077/45 6668/6079/45 6821/6117/45 6822/6115/45
f 6668/6079/46 6655/3960/46 6819/3959/46 6821/6117/46
f 6835/3867/35 6848/6119/35 5201/6120/35 5199/3864/35
f 6848/6119/36 6847/6121/36 5202/6122/36 5201/6120/36
f 6847/6121/37 6846/6123/37 5203/6124/37 5202/6122/37
f 6846/6123/38 6845/6125/38 5204/6126/38 5203/6124/38
f 6845/6125/39 6844/6127/39 5205/6128/39 5204/6126/39
f 6844/6127/29 6843/6129/29 5206/6130/29 5205/6128/29
f 6843/6129/40 6842/6131/40 5207/6132/40 5206/6130/40
f 6842/6131/41 6841/6133/41 5208/6134/41 5207/6132/41
f 6841/6133/26 6840/6135/26 5209/6136/26 5208/6134/26
f 6840/6135/42 6839/6137/42 5210/6138/42 5209/6136/42
f 6839/6137/43 6838/6139/43 5211/6140/43 5210/6138/43
f 6838/6139/44 6837/6141/44 5212/6142/44 5211/6140/44
f 6837/6141/45 6836/6143/45 5213/6144/45 5212/6142/45
f 6836/6143/46 6834/4140/46 5200/4139/46 5213/6144/46
f 6640/4218/35 6653/6145/35 6848/6119/35 6835/3867/35
f 6653/6145/36 6652/6146/36 6847/6121/36 6848/6119/36
f 6652/6146/37 6651/6147/37 6846/6123/37 6847/6121/37
f 6651/6147/38 6650/6148/38 6845/6125/38 6846/6123/38
f 6650/6148/39 6649/6149/39 6844/6127/39 6845/6125/39
f 6649/6149/29 6648/6150/29 6843/6129/29 6844/6127/29
f 6648/6150/40 6647/6151/40 6842/6131/40 6843/6129/40
f 6647/6151/41 6646/6152/41 6841/6133/41 6842/6131/41
f 6646/6152/26 6645/6153/26 6840/6135/26 6841/6133/26
f 6645/6153/42 6644/6154/42 6839/6137/42 6840/6135/42
f 6644/6154/43 6643/6155/43 6838/6139/43 6839/6137/43
f 6643/6155/44 6642/6156/44 6837/6141/44 6838/6139/44
f 6642/6156/45 6641/6157/45 6836/6143/45 6837/6141/45
f 6641/6157/46 6639/4129/46 6834/4140/46 6836/6143/46
f 6850/4071/35 6863/6158/35 6596/6159/35 6594/4068/35
f 6863/6158/36 6862/6160/36 6597/6161/36 6596/6159/36
f 6862/6160/37 6861/6162/37 6598/6163/37 6597/6161/37
f 6861/6162/38 6860/6164/38 6599/6165/38 6598/6163/38
f 6860/6164/39 6859/6166/39 6600/6167/39 6599/6165/39
f 6859/6166/29 6858/6168/29 6601/6169/29 6600/6167/29
f 6858/6168/40 6857/6170/40 6602/6171/40 6601/6169/40
f 6857/6170/41 6856/6172/41 6603/6173/41 6602/6171/41
f 6856/6172/26 6855/6174/26 6604/6175/26 6603/6173/26
f 6855/6174/42 6854/6176/42 6605/6177/42 6604/6175/42
f 6854/6176/43 6853/6178/43 6606/6179/43 6605/6177/43
f 6853/6178/44 6852/6180/44 6607/6181/44 6606/6179/44
f 6852/6180/45 6851/6182/45 6608/6183/45 6607/6181/45
f 6851/6182/46 6849/4168/46 6595/3996/46 6608/6183/46
f 5395/4094/35 5408/6184/35 6863/6158/35 6850/4071/35
f 5408/6184/36 5407/6185/36 6862/6160/36 6863/6158/36
f 5407/6185/37 5406/6186/37 6861/6162/37 6862/6160/37
f 5406/6186/38 5405/6187/38 6860/6164/38 6861/6162/38
f 5405/6187/39 5404/6188/39 6859/6166/39 6860/6164/39
f 5404/6188/29 5403/6189/29 6858/6168/29 6859/6166/29
f 5403/6189/40 5402/6190/40 6857/6170/40 6858/6168/40
f 5402/6190/41 5401/6191/41 6856/6172/41 6857/6170/41
f 5401/6191/26 5400/6192/26 6855/6174/26 6856/6172/26
f 5400/6192/42 5399/6193/42 6854/6176/42 6855/6174/42
f 5399/6193/43 5398/6194/43 6853/6178/43 6854/6176/43
f 5398/6194/44 5397/6195/44 6852/6180/44 6853/6178/44
f 5397/6195/45 5396/6196/45 6851/6182/45 6852/6180/45
f 5396/6196/46 5394/4210/46 6849/4168/46 6851/6182/46
f 6865/4174/35 6878/6197/35 5621/6198/35 5619/4178/35
f 6878/6197/36 6877/6199/36 5622/6200/36 5621/6198/36
f 6877/6199/37 6876/6201/37 5623/6202/37 5622/6200/37
f 6876/6201/38 6875/6203/38 5624/6204/38 5623/6202/38
f 6875/6203/39 6874/6205/39 5625/6206/39 5624/6204/39
f 6874/6205/29 6873/6207/29 5626/6208/29 5625/6206/29
f 6873/6207/40 6872/6209/40 5627/6210/40 5626/6208/40
f 6872/6209/41 6871/6211/41 5628/6212/41 5627/6210/41
f 6871/6211/26 6870/6213/26 5629/6214/26 5628/6212/26
f 6870/6213/42 6869/6215/42 5630/6216/42 5629/6214/42
f 6869/6215/43 6868/6217/43 5631/6218/43 5630/6216/43
f 6868/6217/44 6867/6219/44 5632/6220/44 5631/6218/44
f 6867/6219/45 6866/6221/45 5633/6222/45 5632/6220/45
f 6866/6221/46 6864/3995/46 5620/4166/46 5633/6222/46
f 6594/4068/35 6596/6159/35 6878/6197/35 6865/4174/35
f 6596/6159/36 6597/6161/36 6877/6199/36 6878/6197/36
f 6597/6161/37 6598/6163/37 6876/6201/37 6877/6199/37
f 6598/6163/38 6599/6165/38 6875/6203/38 6876/6201/38
f 6599/6165/39 6600/6167/39 6874/6205/39 6875/6203/39
f 6600/6167/29 6601/6169/29 6873/6207/29 6874/6205/29
f 6601/6169/40 6602/6171/40 6872/6209/40 6873/6207/40
f 6602/6171/41 6603/6173/41 6871/6211/41 6872/6209/41
f 6603/6173/26 6604/6175/26 6870/6213/26 6871/6211/26
f 6604/6175/42 6605/6177/42 6869/6215/42 6870/6213/42
f 6605/6177/43 6606/6179/43 6868/6217/43 6869/6215/43
f 6606/6179/44 6607/6181/44 6867/6219/44 6868/6217/44
f 6607/6181/45 6608/6183/45 6866/6221/45 6867/6219/45
f 6608/6183/46 6595/3996/46 6864/3995/46 6866/6221/46
f 6880/4347/35 6893/6223/35 5141/6224/35 5139/4171/35
f 6893/6223/36 6892/6225/36 5142/6226/36 5141/6224/36
f 6892/6225/37 6891/6227/37 5143/6228/37 5142/6226/37
f 6891/6227/38 6890/6229/38 5144/6230/38 5143/6228/38
f 6890/6229/39 6889/6231/39 5145/6232/39 5144/6230/39
f 6889/6231/29 6888/6233/29 5146/6234/29 5145/6232/29
f 6888/6233/40 6887/6235/40 5147/6236/40 5146/6234/40
f 6887/6235/41 6886/6237/41 5148/6238/41 5147/6236/41
f 6886/6237/26 6885/6239/26 5149/6240/26 5148/6238/26
f 6885/6239/42 6884/6241/42 5150/6242/42 5149/6240/42
f 6884/6241/43 6883/6243/43 5151/6244/43 5150/6242/43
f 6883/6243/44 6882/6245/44 5152/6246/44 5151/6244/44
f 6882/6245/45 6881/6247/45 5153/6248/45 5152/6246/45
f 6881/6247/46 6879/4162/46 5140/4161/46 5153/6248/46
f 6580/4002/35 6593/6249/35 6893/6223/35 6880/4347/35
f 6593/6249/36 6592/6250/36 6892/6225/36 6893/6223/36
f 6592/6250/37 6591/6251/37 6891/6227/37 6892/6225/37
f 6591/6251/38 6590/6252/38 6890/6229/38 6891/6227/38
f 6590/6252/39 6589/6253/39 6889/6231/39 6890/6229/39
f 6589/6253/29 6588/6254/29 6888/6233/29 6889/6231/29
f 6588/6254/40 6587/6255/40 6887/6235/40 6888/6233/40
f 6587/6255/41 6586/6256/41 6886/6237/41 6887/6235/41
f 6586/6256/26 6585/6257/26 6885/6239/26 6886/6237/26
f 6585/6257/42 6584/6258/42 6884/6241/42 6885/6239/42
f 6584/6258/43 6583/6259/43 6883/6243/43 6884/6241/43
f 6583/6259/44 6582/6260/44 6882/6245/44 6883/6243/44
f 6582/6260/45 6581/6261/45 6881/6247/45 6882/6245/45
f 6581/6261/46 6579/4153/46 6879/4162/46 6881/6247/46
f 6895/4059/35 6908/6262/35 6536/6263/35 6534/4056/35
f 6908/6262/36 6907/6264/36 6537/6265/36 6536/6263/36
f 6907/6264/37 6906/6266/37 6538/6267/37 6537/6265/37
f 6906/6266/38 6905/6268/38 6539/6269/38 6538/6267/38
f 6905/6268/39 6904/6270/39 6540/6271/39 6539/6269/39
f 6904/6270/29 6903/6272/29 6541/6273/29 6540/6271/29
f 6903/6272/40 6902/6274/40 6542/6275/40 6541/6273/40
f 6902/6274/41 6901/6276/41 6543/6277/41 6542/6275/41
f 6901/6276/26 6900/6278/26 6544/6279/26 6543/6277/26
f 6900/6278/42 6899/6280/42 6545/6281/42 6544/6279/42
f 6899/6280/43 6898/6282/43 6546/6283/43 6545/6281/43
f 6898/6282/44 6897/6284/44 6547/6285/44 6546/6283/44
f 6897/6284/45 6896/6286/45 6548/6287/45 6547/6285/45
f 6896/6286/46 6894/3885/46 6535/4030/46 6548/6287/46
f 5364/4323/35 5366/6288/35 6908/6262/35 6895/4059/35
f 5366/6288/36 5367/6289/36 6907/6264/36 6908/6262/36
f 5367/6289/37 5368/6290/37 6906/6266/37 6907/6264/37
f 5368/6290/38 5369/6291/38 6905/6268/38 6906/6266/38
f 5369/6291/39 5370/6292/39 6904/6270/39 6905/6268/39
f 5370/6292/29 5371/6293/29 6903/6272/29 6904/6270/29
f 5371/6293/40 5372/6294/40 6902/6274/40 6903/6272/40
f 5372/6294/41 5373/6295/41 6901/6276/41 6902/6274/41
f 5373/6295/26 5374/6296/26 6900/6278/26 6901/6276/26
f 5374/6296/42 5375/6297/42 6899/6280/42 6900/6278/42
f 5375/6297/43 5376/6298/43 6898/6282/43 6899/6280/43
f 5376/6298/44 5377/6299/44 6897/6284/44 6898/6282/44
f 5377/6299/45 5378/6300/45 6896/6286/45 6897/6284/45
f 5378/6300/46 5365/3886/46 6894/3885/46 6896/6286/46
f 6910/4196/35 6923/6301/35 5561/6302/35 5559/4380/35
f 6923/6301/36 6922/6303/36 5562/6304/36 5561/6302/36
f 6922/6303/37 6921/6305/37 5563/6306/37 5562/6304/37
f 6921/6305/38 6920/6307/38 5564/6308/38 5563/6306/38
f 6920/6307/39 6919/6309/39 5565/6310/39 5564/6308/39
f 6919/6309/29 6918/6311/29 5566/6312/29 5565/6310/29
f 6918/6311/40 6917/6313/40 5567/6314/40 5566/6312/40
f 6917/6313/41 6916/6315/41 5568/6316/41 5567/6314/41
f 6916/6315/26 6915/6317/26 5569/6318/26 5568/6316/26
f 6915/6317/42 6914/6319/42 5570/6320/42 5569/6318/42
f 6914/6319/43 6913/6321/43 5571/6322/43 5570/6320/43
f 6913/6321/44 6912/6323/44 5572/6324/44 5571/6322/44
f 6912/6323/45 6911/6325/45 5573/6326/45 5572/6324/45
f 6911/6325/46 6909/4029/46 5560/4188/46 5573/6326/46
f 6534/4056/35 6536/6263/35 6923/6301/35 6910/4196/35
f 6536/6263/36 6537/6265/36 6922/6303/36 6923/6301/36
f 6537/6265/37 6538/6267/37 6921/6305/37 6922/6303/37
f 6538/6267/38 6539/6269/38 6920/6307/38 6921/6305/38
f 6539/6269/39 6540/6271/39 6919/6309/39 6920/6307/39
f 6540/6271/29 6541/6273/29 6918/6311/29 6919/6309/29
f 6541/6273/40 6542/6275/40 6917/6313/40 6918/6311/40
f 6542/6275/41 6543/6277/41 6916/6315/41 6917/6313/41
f 6543/6277/26 6544/6279/26 6915/6317/26 6916/6315/26
f 6544/6279/42 6545/6281/42 6914/6319/42 6915/6317/42
f 6545/6281/43 6546/6283/43 6913/6321/43 6914/6319/43
f 6546/6283/44 6547/6285/44 6912/6323/44 6913/6321/44
f 6547/6285/45 6548/6287/45 6911/6325/45 6912/6323/45
f 6548/6287/46 6535/4030/46 6909/4029/46 6911/6325/46
f 6925/4389/35 6938/6327/35 5081/6328/35 5079/4193/35
f 6938/6327/36 6937/6329/36 5082/6330/36 5081/6328/36
f 6937/6329/37 6936/6331/37 5083/6332/37 5082/6330/37
f 6936/6331/38 6935/6333/38 5084/6334/38 5083/6332/38
f 6935/6333/39 6934/6335/39 5085/6336/39 5084/6334/39
f 6934/6335/29 6933/6337/29 5086/6338/29 5085/6336/29
f 6933/6337/40 6932/6339/40 5087/6340/40 5086/6338/40
f 6932/6339/41 6931/6341/41 5088/6342/41 5087/6340/41
f 6931/6341/26 6930/6343/26 5089/6344/26 5088/6342/26
f 6930/6343/42 6929/6345/42 5090/6346/42 5089/6344/42
f 6929/6345/43 6928/6347/43 5091/6348/43 5090/6346/43
f 6928/6347/44 6927/6349/44 5092/6350/44 5091/6348/44
f 6927/6349/45 6926/6351/45 5093/6352/45 5092/6350/45
f 6926/6351/46 6924/4184/46 5080/4183/46 5093/6352/46
f 6520/4338/35 6533/6353/35 6938/6327/35 6925/4389/35
f 6533/6353/36 6532/6354/36 6937/6329/36 6938/6327/36
f 6532/6354/37 6531/6355/37 6936/6331/37 6937/6329/37
f 6531/6355/38 6530/6356/38 6935/6333/38 6936/6331/38
f 6530/6356/39 6529/6357/39 6934/6335/39 6935/6333/39
f 6529/6357/29 6528/6358/29 6933/6337/29 6934/6335/29
f 6528/6358/40 6527/6359/40 6932/6339/40 6933/6337/40
f 6527/6359/41 6526/6360/41 6931/6341/41 6932/6339/41
f 6526/6360/26 6525/6361/26 6930/6343/26 6931/6341/26
f 6525/6361/42 6524/6362/42 6929/6345/42 6930/6343/42
f 6524/6362/43 6523/6363/43 6928/6347/43 6929/6345/43
f 6523/6363/44 6522/6364/44 6927/6349/44 6928/6347/44
f 6522/6364/45 6521/6365/45 6926/6351/45 6927/6349/45
f 6521/6365/46 6519/4177/46 6924/4184/46 6926/6351/46
f 6940/4047/35 6953/6366/35 6476/6367/35 6474/4044/35
f 6953/6366/36 6952/6368/36 6477/6369/36 6476/6367/36
f 6952/6368/37 6951/6370/37 6478/6371/37 6477/6369/37
f 6951/6370/38 6950/6372/38 6479/6373/38 6478/6371/38
f 6950/6372/39 6949/6374/39 6480/6375/39 6479/6373/39
f 6949/6374/29 6948/6376/29 6481/6377/29 6480/6375/29
f 6948/6376/40 6947/6378/40 6482/6379/40 6481/6377/40
f 6947/6378/41 6946/6380/41 6483/6381/41 6482/6379/41
f 6946/6380/26 6945/6382/26 6484/6383/26 6483/6381/26
f 6945/6382/42 6944/6384/42 6485/6385/42 6484/6383/42
f 6944/6384/43 6943/6386/43 6486/6387/43 6485/6385/43
f 6943/6386/44 6942/6388/44 6487/6389/44 6486/6387/44
f 6942/6388/45 6941/6390/45 6488/6391/45 6487/6389/45
f 6941/6390/46 6939/4187/46 6475/4042/46 6488/6391/46
f 5559/4380/35 5561/6302/35 6953/6366/35 6940/4047/35
f 5561/6302/36 5562/6304/36 6952/6368/36 6953/6366/36
f 5562/6304/37 5563/6306/37 6951/6370/37 6952/6368/37
f 5563/6306/38 5564/6308/38 6950/6372/38 6951/6370/38
f 5564/6308/39 5565/6310/39 6949/6374/39 6950/6372/39
f 5565/6310/29 5566/6312/29 6948/6376/29 6949/6374/29
f 5566/6312/40 5567/6314/40 6947/6378/40 6948/6376/40
f 5567/6314/41 5568/6316/41 6946/6380/41 6947/6378/41
f 5568/6316/26 5569/6318/26 6945/6382/26 6946/6380/26
f 5569/6318/42 5570/6320/42 6944/6384/42 6945/6382/42
f 5570/6320/43 5571/6322/43 6943/6386/43 6944/6384/43
f 5571/6322/44 5572/6324/44 6942/6388/44 6943/6386/44
f 5572/6324/45 5573/6326/45 6941/6390/45 6942/6388/45
f 5573/6326/46 5560/4188/46 6939/4187/46 6941/6390/46
f 6955/4097/35 6968/6392/35 5408/6184/35 5395/4094/35
f 6968/6392/36 6967/6393/36 5407/6185/36 5408/6184/36
f 6967/6393/37 6966/6394/37 5406/6186/37 5407/6185/37
f 6966/6394/38 6965/6395/38 5405/6187/38 5406/6186/38
f 6965/6395/39 6964/6396/39 5404/6188/39 5405/6187/39
f 6964/6396/29 6963/6397/29 5403/6189/29 5404/6188/29
f 6963/6397/40 6962/6398/40 5402/6190/40 5403/6189/40
f 6962/6398/41 6961/6399/41 5401/6191/41 5402/6190/41
f 6961/6399/26 6960/6400/26 5400/6192/26 5401/6191/26
f 6960/6400/42 6959/6401/42 5399/6193/42 5400/6192/42
f 6959/6401/43 6958/6402/43 5398/6194/43 5399/6193/43
f 6958/6402/44 6957/6403/44 5397/6195/44 5398/6194/44
f 6957/6403/45 6956/6404/45 5396/6196/45 5397/6195/45
f 6956/6404/46 6954/4041/46 5394/4210/46 5396/6196/46
f 6474/4044/35 6476/6367/35 6968/6392/35 6955/4097/35
f 6476/6367/36 6477/6369/36 6967/6393/36 6968/6392/36
f 6477/6369/37 6478/6371/37 6966/6394/37 6967/6393/37
f 6478/6371/38 6479/6373/38 6965/6395/38 6966/6394/38
f 6479/6373/39 6480/6375/39 6964/6396/39 6965/6395/39
f 6480/6375/29 6481/6377/29 6963/6397/29 6964/6396/29
f 6481/6377/40 6482/6379/40 6962/6398/40 6963/6397/40
f 6482/6379/41 6483/6381/41 6961/6399/41 6962/6398/41
f 6483/6381/26 6484/6383/26 6960/6400/26 6961/6399/26
f 6484/6383/42 6485/6385/42 6959/6401/42 6960/6400/42
f 6485/6385/43 6486/6387/43 6958/6402/43 6959/6401/43
f 6486/6387/44 6487/6389/44 6957/6403/44 6958/6402/44
f 6487/6389/45 6488/6391/45 6956/6404/45 6957/6403/45
f 6488/6391/46 6475/4042/46 6954/4041/46 6956/6404/46
f 6970/4383/35 6983/6405/35 4916/6406/35 4914/4341/35
f 6983/6405/36 6982/6407/36 4917/6408/36 4916/6406/36
f 6982/6407/37 6981/6409/37 4918/6410/37 4917/6408/37
f 6981/6409/38 6980/6411/38 4919/6412/38 4918/6410/38
f 6980/6411/39 6979/6413/39 4920/6414/39 4919/6412/39
f 6979/6413/29 6978/6415/29 4921/6416/29 4920/6414/29
f 6978/6415/40 6977/6417/40 4922/6418/40 4921/6416/40
f 6977/6417/41 6976/6419/41 4923/6420/41 4922/6418/41
f 6976/6419/26 6975/6421/26 4924/6422/26 4923/6420/26
f 6975/6421/42 6974/6423/42 4925/6424/42 4924/6422/42
f 6974/6423/43 6973/6425/43 4926/6426/43 4925/6424/43
f 6973/6425/44 6972/6427/44 4927/6428/44 4926/6426/44
f 6972/6427/45 6971/6429/45 4928/6430/45 4927/6428/45
f 6971/6429/46 6969/4208/46 4915/4207/46 4928/6430/46
f 6460/4320/35 6473/6431/35 6983/6405/35 6970/4383/35
f 6473/6431/36 6472/6432/36 6982/6407/36 6983/6405/36
f 6472/6432/37 6471/6433/37 6981/6409/37 6982/6407/37
f 6471/6433/38 6470/6434/38 6980/6411/38 6981/6409/38
f 6470/6434/39 6469/6435/39 6979/6413/39 6980/6411/39
f 6469/6435/29 6468/6436/29 6978/6415/29 6979/6413/29
f 6468/6436/40 6467/6437/40 6977/6417/40 6978/6415/40
f 6467/6437/41 6466/6438/41 6976/6419/41 6977/6417/41
f 6466/6438/26 6465/6439/26 6975/6421/26 6976/6419/26
f 6465/6439/42 6464/6440/42 6974/6423/42 6975/6421/42
f 6464/6440/43 6463/6441/43 6973/6425/43 6974/6423/43
f 6463/6441/44 6462/6442/44 6972/6427/44 6973/6425/44
f 6462/6442/45 6461/6443/45 6971/6429/45 6972/6427/45
f 6461/6443/46 6459/4199/46 6969/4208/46 6971/6429/46
f 6985/4035/35 6998/6444/35 6416/6445/35 6414/4032/35
f 6998/6444/36 6997/6446/36 6417/6447/36 6416/6445/36
f 6997/6446/37 6996/6448/37 6418/6449/37 6417/6447/37
f 6996/6448/38 6995/6450/38 6419/6451/38 6418/6449/38
f 6995/6450/39 6994/6452/39 6420/6453/39 6419/6451/39
f 6994/6452/29 6993/6454/29 6421/6455/29 6420/6453/29
f 6993/6454/40 6992/6456/40 6422/6457/40 6421/6455/40
f 6992/6456/41 6991/6458/41 6423/6459/41 6422/6457/41
f 6991/6458/26 6990/6460/26 6424/6461/26 6423/6459/26
f 6990/6460/42 6989/6462/42 6425/6463/42 6424/6461/42
f 6989/6462/43 6988/6464/43 6426/6465/43 6425/6463/43
f 6988/6464/44 6987/6466/44 6427/6467/44 6426/6465/44
f 6987/6466/45 6986/6468/45 6428/6469/45 6427/6467/45
f 6986/6468/46 6984/4234/46 6415/4233/46 6428/6469/46
f 5575/4060/35 5588/6470/35 6998/6444/35 6985/4035/35
f 5588/6470/36 5587/6471/36 6997/6446/36 6998/6444/36
f 5587/6471/37 5586/6472/37 6996/6448/37 6997/6446/37
f 5586/6472/38 5585/6473/38 6995/6450/38 6996/6448/38
f 5585/6473/39 5584/6474/39 6994/6452/39 6995/6450/39
f 5584/6474/29 5583/6475/29 6993/6454/29 6994/6452/29
f 5583/6475/40 5582/6476/40 6992/6456/40 6993/6454/40
f 5582/6476/41 5581/6477/41 6991/6458/41 6992/6456/41
f 5581/6477/26 5580/6478/26 6990/6460/26 6991/6458/26
f 5580/6478/42 5579/6479/42 6989/6462/42 6990/6460/42
f 5579/6479/43 5578/6480/43 6988/6464/43 6989/6462/43
f 5578/6480/44 5577/6481/44 6987/6466/44 6988/6464/44
f 5577/6481/45 5576/6482/45 6986/6468/45 6987/6466/45
f 5576/6482/46 5574/4229/46 6984/4234/46 6986/6468/46
f 7000/3969/35 7013/6483/35 5516/6484/35 5514/3966/35
f 7013/6483/36 7012/6485/36 5517/6486/36 5516/6484/36
f 7012/6485/37 7011/6487/37 5518/6488/37 5517/6486/37
f 7011/6487/38 7010/6489/38 5519/6490/38 5518/6488/38
f 7010/6489/39 7009/6491/39 5520/6492/39 5519/6490/39
f 7009/6491/29 7008/6493/29 5521/6494/29 5520/6492/29
f 7008/6493/40 7007/6495/40 5522/6496/40 5521/6494/40
f 7007/6495/41 7006/6497/41 5523/6498/41 5522/6496/41
f 7006/6497/26 7005/6499/26 5524/6500/26 5523/6498/26
f 7005/6499/42 7004/6501/42 5525/6502/42 5524/6500/42
f 7004/6501/43 7003/6503/43 5526/6504/43 5525/6502/43
f 7003/6503/44 7002/6505/44 5527/6506/44 5526/6504/44
f 7002/6505/45 7001/6507/45 5528/6508/45 5527/6506/45
f 7001/6507/46 6999/4241/46 5515/4244/46 5528/6508/46
f 6414/4032/35 6416/6445/35 7013/6483/35 7000/3969/35
f 6416/6445/36 6417/6447/36 7012/6485/36 7013/6483/36
f 6417/6447/37 6418/6449/37 7011/6487/37 7012/6485/37
f 6418/6449/38 6419/6451/38 7010/6489/38 7011/6487/38
f 6419/6451/39 6420/6453/39 7009/6491/39 7010/6489/39
f 6420/6453/29 6421/6455/29 7008/6493/29 7009/6491/29
f 6421/6455/40 6422/6457/40 7007/6495/40 7008/6493/40
f 6422/6457/41 6423/6459/41 7006/6497/41 7007/6495/41
f 6423/6459/26 6424/6461/26 7005/6499/26 7006/6497/26
f 6424/6461/42 6425/6463/42 7004/6501/42 7005/6499/42
f 6425/6463/43 6426/6465/43 7003/6503/43 7004/6501/43
f 6426/6465/44 6427/6467/44 7002/6505/44 7003/6503/44
f 6427/6467/45 6428/6469/45 7001/6507/45 7002/6505/45
f 6428/6469/46 6415/4233/46 6999/4241/46 7001/6507/46
f 7015/3909/35 7028/6509/35 5036/6510/35 5034/3906/35
f 7028/6509/36 7027/6511/36 5037/6512/36 5036/6510/36
f 7027/6511/37 7026/6513/37 5038/6514/37 5037/6512/37
f 7026/6513/38 7025/6515/38 5039/6516/38 5038/6514/38
f 7025/6515/39 7024/6517/39 5040/6518/39 5039/6516/39
f 7024/6517/29 7023/6519/29 5041/6520/29 5040/6518/29
f 7023/6519/40 7022/6521/40 5042/6522/40 5041/6520/40
f 7022/6521/41 7021/6523/41 5043/6524/41 5042/6522/41
f 7021/6523/26 7020/6525/26 5044/6526/26 5043/6524/26
f 7020/6525/42 7019/6527/42 5045/6528/42 5044/6526/42
f 7019/6527/43 7018/6529/43 5046/6530/43 5045/6528/43
f 7018/6529/44 7017/6531/44 5047/6532/44 5046/6530/44
f 7017/6531/45 7016/6533/45 5048/6534/45 5047/6532/45
f 7016/6533/46 7014/4226/46 5035/4225/46 5048/6534/46
f 6400/4048/35 6413/6535/35 7028/6509/35 7015/3909/35
f 6413/6535/36 6412/6536/36 7027/6511/36 7028/6509/36
f 6412/6536/37 6411/6537/37 7026/6513/37 7027/6511/37
f 6411/6537/38 6410/6538/38 7025/6515/38 7026/6513/38
f 6410/6538/39 6409/6539/39 7024/6517/39 7025/6515/39
f 6409/6539/29 6408/6540/29 7023/6519/29 7024/6517/29
f 6408/6540/40 6407/6541/40 7022/6521/40 7023/6519/40
f 6407/6541/41 6406/6542/41 7021/6523/41 7022/6521/41
f 6406/6542/26 6405/6543/26 7020/6525/26 7021/6523/26
f 6405/6543/42 6404/6544/42 7019/6527/42 7020/6525/42
f 6404/6544/43 6403/6545/43 7018/6529/43 7019/6527/43
f 6403/6545/44 6402/6546/44 7017/6531/44 7018/6529/44
f 6402/6546/45 6401/6547/45 7016/6533/45 7017/6531/45
f 6401/6547/46 6399/4215/46 7014/4226/46 7016/6533/46
f 7030/4023/35 7043/6548/35 6356/6549/35 6354/4020/35
f 7043/6548/36 7042/6550/36 6357/6551/36 6356/6549/36
f 7042/6550/37 7041/6552/37 6358/6553/37 6357/6551/37
f 7041/6552/38 7040/6554/38 6359/6555/38 6358/6553/38
f 7040/6554/39 7039/6556/39 6360/6557/39 6359/6555/39
f 7039/6556/29 7038/6558/29 6361/6559/29 6360/6557/29
f 7038/6558/40 7037/6560/40 6362/6561/40 6361/6559/40
f 7037/6560/41 7036/6562/41 6363/6563/41 6362/6561/41
f 7036/6562/26 7035/6564/26 6364/6565/26 6363/6563/26
f 7035/6564/42 7034/6566/42 6365/6567/42 6364/6565/42
f 7034/6566/43 7033/6568/43 6366/6569/43 6365/6567/43
f 7033/6568/44 7032/6570/44 6367/6571/44 6366/6569/44
f 7032/6570/45 7031/6572/45 6368/6573/45 6367/6571/45
f 7031/6572/46 7029/4252/46 6355/4251/46 6368/6573/46
f 5484/4305/35 5486/6574/35 7043/6548/35 7030/4023/35
f 5486/6574/36 5487/6575/36 7042/6550/36 7043/6548/36
f 5487/6575/37 5488/6576/37 7041/6552/37 7042/6550/37
f 5488/6576/38 5489/6577/38 7040/6554/38 7041/6552/38
f 5489/6577/39 5490/6578/39 7039/6556/39 7040/6554/39
f 5490/6578/29 5491/6579/29 7038/6558/29 7039/6556/29
f 5491/6579/40 5492/6580/40 7037/6560/40 7038/6558/40
f 5492/6580/41 5493/6581/41 7036/6562/41 7037/6560/41
f 5493/6581/26 5494/6582/26 7035/6564/26 7036/6562/26
f 5494/6582/42 5495/6583/42 7034/6566/42 7035/6564/42
f 5495/6583/43 5496/6584/43 7033/6568/43 7034/6566/43
f 5496/6584/44 5497/6585/44 7032/6570/44 7033/6568/44
f 5497/6585/45 5498/6586/45 7031/6572/45 7032/6570/45
f 5498/6586/46 5485/4310/46 7029/4252/46 7031/6572/46
f 7045/4063/35 7058/6587/35 5588/6470/35 5575/4060/35
f 7058/6587/36 7057/6588/36 5587/6471/36 5588/6470/36
f 7057/6588/37 7056/6589/37 5586/6472/37 5587/6471/37
f 7056/6589/38 7055/6590/38 5585/6473/38 5586/6472/38
f 7055/6590/39 7054/6591/39 5584/6474/39 5585/6473/39
f 7054/6591/29 7053/6592/29 5583/6475/29 5584/6474/29
f 7053/6592/40 7052/6593/40 5582/6476/40 5583/6475/40
f 7052/6593/41 7051/6594/41 5581/6477/41 5582/6476/41
f 7051/6594/26 7050/6595/26 5580/6478/26 5581/6477/26
f 7050/6595/42 7049/6596/42 5579/6479/42 5580/6478/42
f 7049/6596/43 7048/6597/43 5578/6480/43 5579/6479/43
f 7048/6597/44 7047/6598/44 5577/6481/44 5578/6480/44
f 7047/6598/45 7046/6599/45 5576/6482/45 5577/6481/45
f 7046/6599/46 7044/4230/46 5574/4229/46 5576/6482/46
f 6354/4020/35 6356/6549/35 7058/6587/35 7045/4063/35
f 6356/6549/36 6357/6551/36 7057/6588/36 7058/6587/36
f 6357/6551/37 6358/6553/37 7056/6589/37 7057/6588/37
f 6358/6553/38 6359/6555/38 7055/6590/38 7056/6589/38
f 6359/6555/39 6360/6557/39 7054/6591/39 7055/6590/39
f 6360/6557/29 6361/6559/29 7053/6592/29 7054/6591/29
f 6361/6559/40 6362/6561/40 7052/6593/40 7053/6592/40
f 6362/6561/41 6363/6563/41 7051/6594/41 7052/6593/41
f 6363/6563/26 6364/6565/26 7050/6595/26 7051/6594/26
f 6364/6565/42 6365/6567/42 7049/6596/42 7050/6595/42
f 6365/6567/43 6366/6569/43 7048/6597/43 7049/6596/43
f 6366/6569/44 6367/6571/44 7047/6598/44 7048/6597/44
f 6367/6571/45 6368/6573/45 7046/6599/45 7047/6598/45
f 6368/6573/46 6355/4251/46 7044/4230/46 7046/6599/46
f 7060/4371/35 7073/6600/35 5096/6601/35 5094/4205/35
f 7073/6600/36 7072/6602/36 5097/6603/36 5096/6601/36
f 7072/6602/37 7071/6604/37 5098/6605/37 5097/6603/37
f 7071/6604/38 7070/6606/38 5099/6607/38 5098/6605/38
f 7070/6606/39 7069/6608/39 5100/6609/39 5099/6607/39
f 7069/6608/29 7068/6610/29 5101/6611/29 5100/6609/29
f 7068/6610/40 7067/6612/40 5102/6613/40 5101/6611/40
f 7067/6612/41 7066/6614/41 5103/6615/41 5102/6613/41
f 7066/6614/26 7065/6616/26 5104/6617/26 5103/6615/26
f 7065/6616/42 7064/6618/42 5105/6619/42 5104/6617/42
f 7064/6618/43 7063/6620/43 5106/6621/43 5105/6619/43
f 7063/6620/44 7062/6622/44 5107/6623/44 5106/6621/44
f 7062/6622/45 7061/6624/45 5108/6625/45 5107/6623/45
f 7061/6624/46 7059/4248/46 5095/4247/46 5108/6625/46
f 6340/4200/35 6353/6626/35 7073/6600/35 7060/4371/35
f 6353/6626/36 6352/6627/36 7072/6602/36 7073/6600/36
f 6352/6627/37 6351/6628/37 7071/6604/37 7072/6602/37
f 6351/6628/38 6350/6629/38 7070/6606/38 7071/6604/38
f 6350/6629/39 6349/6630/39 7069/6608/39 7070/6606/39
f 6349/6630/29 6348/6631/29 7068/6610/29 7069/6608/29
f 6348/6631/40 6347/6632/40 7067/6612/40 7068/6610/40
f 6347/6632/41 6346/6633/41 7066/6614/41 7067/6612/41
f 6346/6633/26 6345/6634/26 7065/6616/26 7066/6614/26
f 6345/6634/42 6344/6635/42 7064/6618/42 7065/6616/42
f 6344/6635/43 6343/6636/43 7063/6620/43 7064/6618/43
f 6343/6636/44 6342/6637/44 7062/6622/44 7063/6620/44
f 6342/6637/45 6341/6638/45 7061/6624/45 7062/6622/45
f 6341/6638/46 6339/4239/46 7059/4248/46 7061/6624/46
f 7075/4011/35 7088/6639/35 6296/6640/35 6294/4008/35
f 7088/6639/36 7087/6641/36 6297/6642/36 6296/6640/36
f 7087/6641/37 7086/6643/37 6298/6644/37 6297/6642/37
f 7086/6643/38 7085/6645/38 6299/6646/38 6298/6644/38
f 7085/6645/39 7084/6647/39 6300/6648/39 6299/6646/39
f 7084/6647/29 7083/6649/29 6301/6650/29 6300/6648/29
f 7083/6649/40 7082/6651/40 6302/6652/40 6301/6650/40
f 7082/6651/41 7081/6653/41 6303/6654/41 6302/6652/41
f 7081/6653/26 7080/6655/26 6304/6656/26 6303/6654/26
f 7080/6655/42 7079/6657/42 6305/6658/42 6304/6656/42
f 7079/6657/43 7078/6659/43 6306/6660/43 6305/6658/43
f 7078/6659/44 7077/6661/44 6307/6662/44 6306/6660/44
f 7077/6661/45 7076/6663/45 6308/6664/45 6307/6662/45
f 7076/6663/46 7074/4165/46 6295/4006/46 6308/6664/46
f 5619/4178/35 5621/6198/35 7088/6639/35 7075/4011/35
f 5621/6198/36 5622/6200/36 7087/6641/36 7088/6639/36
f 5622/6200/37 5623/6202/37 7086/6643/37 7087/6641/37
f 5623/6202/38 5624/6204/38 7085/6645/38 7086/6643/38
f 5624/6204/39 5625/6206/39 7084/6647/39 7085/6645/39
f 5625/6206/29 5626/6208/29 7083/6649/29 7084/6647/29
f 5626/6208/40 5627/6210/40 7082/6651/40 7083/6649/40
f 5627/6210/41 5628/6212/41 7081/6653/41 7082/6651/41
f 5628/6212/26 5629/6214/26 7080/6655/26 7081/6653/26
f 5629/6214/42 5630/6216/42 7079/6657/42 7080/6655/42
f 5630/6216/43 5631/6218/43 7078/6659/43 7079/6657/43
f 5631/6218/44 5632/6220/44 7077/6661/44 7078/6659/44
f 5632/6220/45 5633/6222/45 7076/6663/45 7077/6661/45
f 5633/6222/46 5620/4166/46 7074/4165/46 7076/6663/46
f 7090/4271/35 7103/6665/35 4973/6666/35 4960/4268/35
f 7103/6665/36 7102/6667/36 4972/6668/36 4973/6666/36
f 7102/6667/37 7101/6669/37 4971/6670/37 4972/6668/37
f 7101/6669/38 7100/6671/38 4970/6672/38 4971/6670/38
f 7100/6671/39 7099/6673/39 4969/6674/39 4970/6672/39
f 7099/6673/29 7098/6675/29 4968/6676/29 4969/6674/29
f 7098/6675/40 7097/6677/40 4967/6678/40 4968/6676/40
f 7097/6677/41 7096/6679/41 4966/6680/41 4967/6678/41
f 7096/6679/26 7095/6681/26 4965/6682/26 4966/6680/26
f 7095/6681/42 7094/6683/42 4964/6684/42 4965/6682/42
f 7094/6683/43 7093/6685/43 4963/6686/43 4964/6684/43
f 7093/6685/44 7092/6687/44 4962/6688/44 4963/6686/44
f 7092/6687/45 7091/6689/45 4961/6690/45 4962/6688/45
f 7091/6689/46 7089/3870/46 4959/3869/46 4961/6690/46
f 6294/4008/35 6296/6640/35 7103/6665/35 7090/4271/35
f 6296/6640/36 6297/6642/36 7102/6667/36 7103/6665/36
f 6297/6642/37 6298/6644/37 7101/6669/37 7102/6667/37
f 6298/6644/38 6299/6646/38 7100/6671/38 7101/6669/38
f 6299/6646/39 6300/6648/39 7099/6673/39 7100/6671/39
f 6300/6648/29 6301/6650/29 7098/6675/29 7099/6673/29
f 6301/6650/40 6302/6652/40 7097/6677/40 7098/6675/40
f 6302/6652/41 6303/6654/41 7096/6679/41 7097/6677/41
f 6303/6654/26 6304/6656/26 7095/6681/26 7096/6679/26
f 6304/6656/42 6305/6658/42 7094/6683/42 7095/6681/42
f 6305/6658/43 6306/6660/43 7093/6685/43 7094/6683/43
f 6306/6660/44 6307/6662/44 7092/6687/44 7093/6685/44
f 6307/6662/45 6308/6664/45 7091/6689/45 7092/6687/45
f 6308/6664/46 6295/4006/46 7089/3870/46 7091/6689/46
f 7105/4327/35 7118/6691/35 5453/6692/35 5440/4324/35
f 7118/6691/36 7117/6693/36 5452/6694/36 5453/6692/36
f 7117/6693/37 7116/6695/37 5451/6696/37 5452/6694/37
f 7116/6695/38 7115/6697/38 5450/6698/38 5451/6696/38
f 7115/6697/39 7114/6699/39 5449/6700/39 5450/6698/39
f 7114/6699/29 7113/6701/29 5448/6702/29 5449/6700/29
f 7113/6701/40 7112/6703/40 5447/6704/40 5448/6702/40
f 7112/6703/41 7111/6705/41 5446/6706/41 5447/6704/41
f 7111/6705/26 7110/6707/26 5445/6708/26 5446/6706/26
f 7110/6707/42 7109/6709/42 5444/6710/42 5445/6708/42
f 7109/6709/43 7108/6711/43 5443/6712/43 5444/6710/43
f 7108/6711/44 7107/6713/44 5442/6714/44 5443/6712/44
f 7107/6713/45 7106/6715/45 5441/6716/45 5442/6714/45
f 7106/6715/46 7104/4368/46 5439/4367/46 5441/6716/46
f 6280/4082/35 6293/6717/35 7118/6691/35 7105/4327/35
f 6293/6717/36 6292/6718/36 7117/6693/36 7118/6691/36
f 6292/6718/37 6291/6719/37 7116/6695/37 7117/6693/37
f 6291/6719/38 6290/6720/38 7115/6697/38 7116/6695/38
f 6290/6720/39 6289/6721/39 7114/6699/39 7115/6697/39
f 6289/6721/29 6288/6722/29 7113/6701/29 7114/6699/29
f 6288/6722/40 6287/6723/40 7112/6703/40 7113/6701/40
f 6287/6723/41 6286/6724/41 7111/6705/41 7112/6703/41
f 6286/6724/26 6285/6725/26 7110/6707/26 7111/6705/26
f 6285/6725/42 6284/6726/42 7109/6709/42 7110/6707/42
f 6284/6726/43 6283/6727/43 7108/6711/43 7109/6709/43
f 6283/6727/44 6282/6728/44 7107/6713/44 7108/6711/44
f 6282/6728/45 6281/6729/45 7106/6715/45 7107/6713/45
f 6281/6729/46 6279/4255/46 7104/4368/46 7106/6715/46
f 7120/4001/35 7133/6730/35 6236/6731/35 6234/3998/35
f 7133/6730/36 7132/6732/36 6237/6733/36 6236/6731/36
f 7132/6732/37 7131/6734/37 6238/6735/37 6237/6733/37
f 7131/6734/38 7130/6736/38 6239/6737/38 6238/6735/38
f 7130/6736/39 7129/6738/39 6240/6739/39 6239/6737/39
f 7129/6738/29 7128/6740/29 6241/6741/29 6240/6739/29
f 7128/6740/40 7127/6742/40 6242/6743/40 6241/6741/40
f 7127/6742/41 7126/6744/41 6243/6745/41 6242/6743/41
f 7126/6744/26 7125/6746/26 6244/6747/26 6243/6745/26
f 7125/6746/42 7124/6748/42 6245/6749/42 6244/6747/42
f 7124/6748/43 7123/6750/43 6246/6751/43 6245/6749/43
f 7123/6750/44 7122/6752/44 6247/6753/44 6246/6751/44
f 7122/6752/45 7121/6754/45 6248/6755/45 6247/6753/45
f 7121/6754/46 7119/4284/46 6235/4283/46 6248/6755/46
f 5635/4024/35 5648/6756/35 7133/6730/35 7120/4001/35
f 5648/6756/36 5647/6757/36 7132/6732/36 7133/6730/36
f 5647/6757/37 5646/6758/37 7131/6734/37 7132/6732/37
f 5646/6758/38 5645/6759/38 7130/6736/38 7131/6734/38
f 5645/6759/39 5644/6760/39 7129/6738/39 7130/6736/39
f 5644/6760/29 5643/6761/29 7128/6740/29 7129/6738/29
f 5643/6761/40 5642/6762/40 7127/6742/40 7128/6740/40
f 5642/6762/41 5641/6763/41 7126/6744/41 7127/6742/41
f 5641/6763/26 5640/6764/26 7125/6746/26 7126/6744/26
f 5640/6764/42 5639/6765/42 7124/6748/42 7125/6746/42
f 5639/6765/43 5638/6766/43 7123/6750/43 7124/6748/43
f 5638/6766/44 5637/6767/44 7122/6752/44 7123/6750/44
f 5637/6767/45 5636/6768/45 7121/6754/45 7122/6752/45
f 5636/6768/46 5634/4223/46 7119/4284/46 7121/6754/46
f 7135/4293/35 7148/6769/35 4853/6770/35 4840/4290/35
f 7148/6769/36 7147/6771/36 4852/6772/36 4853/6770/36
f 7147/6771/37 7146/6773/37 4851/6774/37 4852/6772/37
f 7146/6773/38 7145/6775/38 4850/6776/38 4851/6774/38
f 7145/6775/39 7144/6777/39 4849/6778/39 4850/6776/39
f 7144/6777/29 7143/6779/29 4848/6780/29 4849/6778/29
f 7143/6779/40 7142/6781/40 4847/6782/40 4848/6780/40
f 7142/6781/41 7141/6783/41 4846/6784/41 4847/6782/41
f 7141/6783/26 7140/6785/26 4845/6786/26 4846/6784/26
f 7140/6785/42 7139/6787/42 4844/6788/42 4845/6786/42
f 7139/6787/43 7138/6789/43 4843/6790/43 4844/6788/43
f 7138/6789/44 7137/6791/44 4842/6792/44 4843/6790/44
f 7137/6791/45 7136/6793/45 4841/6794/45 4842/6792/45
f 7136/6793/46 7134/4100/46 4839/4099/46 4841/6794/46
f 6234/3998/35 6236/6731/35 7148/6769/35 7135/4293/35
f 6236/6731/36 6237/6733/36 7147/6771/36 7148/6769/36
f 6237/6733/37 6238/6735/37 7146/6773/37 7147/6771/37
f 6238/6735/38 6239/6737/38 7145/6775/38 7146/6773/38
f 6239/6737/39 6240/6739/39 7144/6777/39 7145/6775/39
f 6240/6739/29 6241/6741/29 7143/6779/29 7144/6777/29
f 6241/6741/40 6242/6743/40 7142/6781/40 7143/6779/40
f 6242/6743/41 6243/6745/41 7141/6783/41 7142/6781/41
f 6243/6745/26 6244/6747/26 7140/6785/26 7141/6783/26
f 6244/6747/42 6245/6749/42 7139/6787/42 7140/6785/42
f 6245/6749/43 6246/6751/43 7138/6789/43 7139/6787/43
f 6246/6751/44 6247/6753/44 7137/6791/44 7138/6789/44
f 6247/6753/45 6248/6755/45 7136/6793/45 7137/6791/45
f 6248/6755/46 6235/4283/46 7134/4100/46 7136/6793/46
f 7150/4263/35 7163/6795/35 5333/6796/35 5320/4260/35
f 7163/6795/36 7162/6797/36 5332/6798/36 5333/6796/36
f 7162/6797/37 7161/6799/37 5331/6800/37 5332/6798/37
f 7161/6799/38 7160/6801/38 5330/6802/38 5331/6800/38
f 7160/6801/39 7159/6803/39 5329/6804/39 5330/6802/39
f 7159/6803/29 7158/6805/29 5328/6806/29 5329/6804/29
f 7158/6805/40 7157/6807/40 5327/6808/40 5328/6806/40
f 7157/6807/41 7156/6809/41 5326/6810/41 5327/6808/41
f 7156/6809/26 7155/6811/26 5325/6812/26 5326/6810/26
f 7155/6811/42 7154/6813/42 5324/6814/42 5325/6812/42
f 7154/6813/43 7153/6815/43 5323/6816/43 5324/6814/43
f 7153/6815/44 7152/6817/44 5322/6818/44 5323/6816/44
f 7152/6817/45 7151/6819/45 5321/6820/45 5322/6818/45
f 7151/6819/46 7149/3916/46 5319/3915/46 5321/6820/46
f 6220/4012/35 6233/6821/35 7163/6795/35 7150/4263/35
f 6233/6821/36 6232/6822/36 7162/6797/36 7163/6795/36
f 6232/6822/37 6231/6823/37 7161/6799/37 7162/6797/37
f 6231/6823/38 6230/6824/38 7160/6801/38 7161/6799/38
f 6230/6824/39 6229/6825/39 7159/6803/39 7160/6801/39
f 6229/6825/29 6228/6826/29 7158/6805/29 7159/6803/29
f 6228/6826/40 6227/6827/40 7157/6807/40 7158/6805/40
f 6227/6827/41 6226/6828/41 7156/6809/41 7157/6807/41
f 6226/6828/26 6225/6829/26 7155/6811/26 7156/6809/26
f 6225/6829/42 6224/6830/42 7154/6813/42 7155/6811/42
f 6224/6830/43 6223/6831/43 7153/6815/43 7154/6813/43
f 6223/6831/44 6222/6832/44 7152/6817/44 7153/6815/44
f 6222/6832/45 6221/6833/45 7151/6819/45 7152/6817/45
f 6221/6833/46 6219/4273/46 7149/3916/46 7151/6819/46
f 7165/3989/35 7178/6834/35 6176/6835/35 6174/3986/35
f 7178/6834/36 7177/6836/36 6177/6837/36 6176/6835/36
f 7177/6836/37 7176/6838/37 6178/6839/37 6177/6837/37
f 7176/6838/38 7175/6840/38 6179/6841/38 6178/6839/38
f 7175/6840/39 7174/6842/39 6180/6843/39 6179/6841/39
f 7174/6842/29 7173/6844/29 6181/6845/29 6180/6843/29
f 7173/6844/40 7172/6846/40 6182/6847/40 6181/6845/40
f 7172/6846/41 7171/6848/41 6183/6849/41 6182/6847/41
f 7171/6848/26 7170/6850/26 6184/6851/26 6183/6849/26
f 7170/6850/42 7169/6852/42 6185/6853/42 6184/6851/42
f 7169/6852/43 7168/6854/43 6186/6855/43 6185/6853/43
f 7168/6854/44 7167/6856/44 6187/6857/44 6186/6855/44
f 7167/6856/45 7166/6858/45 6188/6859/45 6187/6857/45
f 7166/6858/46 7164/4243/46 6175/3984/46 6188/6859/46
f 5514/3966/35 5516/6484/35 7178/6834/35 7165/3989/35
f 5516/6484/36 5517/6486/36 7177/6836/36 7178/6834/36
f 5517/6486/37 5518/6488/37 7176/6838/37 7177/6836/37
f 5518/6488/38 5519/6490/38 7175/6840/38 7176/6838/38
f 5519/6490/39 5520/6492/39 7174/6842/39 7175/6840/39
f 5520/6492/29 5521/6494/29 7173/6844/29 7174/6842/29
f 5521/6494/40 5522/6496/40 7172/6846/40 7173/6844/40
f 5522/6496/41 5523/6498/41 7171/6848/41 7172/6846/41
f 5523/6498/26 5524/6500/26 7170/6850/26 7171/6848/26
f 5524/6500/42 5525/6502/42 7169/6852/42 7170/6850/42
f 5525/6502/43 5526/6504/43 7168/6854/43 7169/6852/43
f 5526/6504/44 5527/6506/44 7167/6856/44 7168/6854/44
f 5527/6506/45 5528/6508/45 7166/6858/45 7167/6856/45
f 5528/6508/46 5515/4244/46 7164/4243/46 7166/6858/46
f 7180/4027/35 7193/6860/35 5648/6756/35 5635/4024/35
f 7193/6860/36 7192/6861/36 5647/6757/36 5648/6756/36
f 7192/6861/37 7191/6862/37 5646/6758/37 5647/6757/37
f 7191/6862/38 7190/6863/38 5645/6759/38 5646/6758/38
f 7190/6863/39 7189/6864/39 5644/6760/39 5645/6759/39
f 7189/6864/29 7188/6865/29 5643/6761/29 5644/6760/29
f 7188/6865/40 7187/6866/40 5642/6762/40 5643/6761/40
f 7187/6866/41 7186/6867/41 5641/6763/41 5642/6762/41
f 7186/6867/26 7185/6868/26 5640/6764/26 5641/6763/26
f 7185/6868/42 7184/6869/42 5639/6765/42 5640/6764/42
f 7184/6869/43 7183/6870/43 5638/6766/43 5639/6765/43
f 7183/6870/44 7182/6871/44 5637/6767/44 5638/6766/44
f 7182/6871/45 7181/6872/45 5636/6768/45 5637/6767/45
f 7181/6872/46 7179/3983/46 5634/4223/46 5636/6768/46
f 6174/3986/35 6176/6835/35 7193/6860/35 7180/4027/35
f 6176/6835/36 6177/6837/36 7192/6861/36 7193/6860/36
f 6177/6837/37 6178/6839/37 7191/6862/37 7192/6861/37
f 6178/6839/38 6179/6841/38 7190/6863/38 7191/6862/38
f 6179/6841/39 6180/6843/39 7189/6864/39 7190/6863/39
f 6180/6843/29 6181/6845/29 7188/6865/29 7189/6864/29
f 6181/6845/40 6182/6847/40 7187/6866/40 7188/6865/40
f 6182/6847/41 6183/6849/41 7186/6867/41 7187/6866/41
f 6183/6849/26 6184/6851/26 7185/6868/26 7186/6867/26
f 6184/6851/42 6185/6853/42 7184/6869/42 7185/6868/42
f 6185/6853/43 6186/6855/43 7183/6870/43 7184/6869/43
f 6186/6855/44 6187/6857/44 7182/6871/44 7183/6870/44
f 6187/6857/45 6188/6859/45 7181/6872/45 7182/6871/45
f 6188/6859/46 6175/3984/46 7179/3983/46 7181/6872/46
f 7195/3883/35 7208/6873/35 5156/6874/35 5154/3880/35
f 7208/6873/36 7207/6875/36 5157/6876/36 5156/6874/36
f 7207/6875/37 7206/6877/37 5158/6878/37 5157/6876/37
f 7206/6877/38 7205/6879/38 5159/6880/38 5158/6878/38
f 7205/6879/39 7204/6881/39 5160/6882/39 5159/6880/39
f 7204/6881/29 7203/6883/29 5161/6884/29 5160/6882/29
f 7203/6883/40 7202/6885/40 5162/6886/40 5161/6884/40
f 7202/6885/41 7201/6887/41 5163/6888/41 5162/6886/41
f 7201/6887/26 7200/6889/26 5164/6890/26 5163/6888/26
f 7200/6889/42 7199/6891/42 5165/6892/42 5164/6890/42
f 7199/6891/43 7198/6893/43 5166/6894/43 5165/6892/43
f 7198/6893/44 7197/6895/44 5167/6896/44 5166/6894/44
f 7197/6895/45 7196/6897/45 5168/6898/45 5167/6896/45
f 7196/6897/46 7194/4298/46 5155/4297/46 5168/6898/46
f 6160/4256/35 6173/6899/35 7208/6873/35 7195/3883/35
f 6173/6899/36 6172/6900/36 7207/6875/36 7208/6873/36
f 6172/6900/37 6171/6901/37 7206/6877/37 7207/6875/37
f 6171/6901/38 6170/6902/38 7205/6879/38 7206/6877/38
f 6170/6902/39 6169/6903/39 7204/6881/39 7205/6879/39
f 6169/6903/29 6168/6904/29 7203/6883/29 7204/6881/29
f 6168/6904/40 6167/6905/40 7202/6885/40 7203/6883/40
f 6167/6905/41 6166/6906/41 7201/6887/41 7202/6885/41
f 6166/6906/26 6165/6907/26 7200/6889/26 7201/6887/26
f 6165/6907/42 6164/6908/42 7199/6891/42 7200/6889/42
f 6164/6908/43 6163/6909/43 7198/6893/43 7199/6891/43
f 6163/6909/44 6162/6910/44 7197/6895/44 7198/6893/44
f 6162/6910/45 6161/6911/45 7196/6897/45 7197/6895/45
f 6161/6911/46 6159/4295/46 7194/4298/46 7196/6897/46
f 7210/3977/35 7223/6912/35 6116/6913/35 6114/3974/35
f 7223/6912/36 7222/6914/36 6117/6915/36 6116/6913/36
f 7222/6914/37 7221/6916/37 6118/6917/37 6117/6915/37
f 7221/6916/38 7220/6918/38 6119/6919/38 6118/6917/38
f 7220/6918/39 7219/6920/39 6120/6921/39 6119/6919/39
f 7219/6920/29 7218/6922/29 6121/6923/29 6120/6921/29
f 7218/6922/40 7217/6924/40 6122/6925/40 6121/6923/40
f 7217/6924/41 7216/6926/41 6123/6927/41 6122/6925/41
f 7216/6926/26 7215/6928/26 6124/6929/26 6123/6927/26
f 7215/6928/42 7214/6930/42 6125/6931/42 6124/6929/42
f 7214/6930/43 7213/6932/43 6126/6933/43 6125/6931/43
f 7213/6932/44 7212/6934/44 6127/6935/44 6126/6933/44
f 7212/6934/45 7211/6936/45 6128/6937/45 6127/6935/45
f 7211/6936/46 7209/4143/46 6115/3972/46 6128/6937/46
f 5679/4156/35 5681/6094/35 7223/6912/35 7210/3977/35
f 5681/6094/36 5682/6096/36 7222/6914/36 7223/6912/36
f 5682/6096/37 5683/6098/37 7221/6916/37 7222/6914/37
f 5683/6098/38 5684/6100/38 7220/6918/38 7221/6916/38
f 5684/6100/39 5685/6102/39 7219/6920/39 7220/6918/39
f 5685/6102/29 5686/6104/29 7218/6922/29 7219/6920/29
f 5686/6104/40 5687/6106/40 7217/6924/40 7218/6922/40
f 5687/6106/41 5688/6108/41 7216/6926/41 7217/6924/41
f 5688/6108/26 5689/6110/26 7215/6928/26 7216/6926/26
f 5689/6110/42 5690/6112/42 7214/6930/42 7215/6928/42
f 5690/6112/43 5691/6114/43 7213/6932/43 7214/6930/43
f 5691/6114/44 5692/6116/44 7212/6934/44 7213/6932/44
f 5692/6116/45 5693/6118/45 7211/6936/45 7212/6934/45
f 5693/6118/46 5680/4144/46 7209/4143/46 7211/6936/46
f 7225/4315/35 7238/6938/35 5003/6939/35 4990/4312/35
f 7238/6938/36 7237/6940/36 5002/6941/36 5003/6939/36
f 7237/6940/37 7236/6942/37 5001/6943/37 5002/6941/37
f 7236/6942/38 7235/6944/38 5000/6945/38 5001/6943/38
f 7235/6944/39 7234/6946/39 4999/6947/39 5000/6945/39
f 7234/6946/29 7233/6948/29 4998/6949/29 4999/6947/29
f 7233/6948/40 7232/6950/40 4997/6951/40 4998/6949/40
f 7232/6950/41 7231/6952/41 4996/6953/41 4997/6951/41
f 7231/6952/26 7230/6954/26 4995/6955/26 4996/6953/26
f 7230/6954/42 7229/6956/42 4994/6957/42 4995/6955/42
f 7229/6956/43 7228/6958/43 4993/6959/43 4994/6957/43
f 7228/6958/44 7227/6960/44 4992/6961/44 4993/6959/44
f 7227/6960/45 7226/6962/45 4991/6963/45 4992/6961/45
f 7226/6962/46 7224/3971/46 4989/4113/46 4991/6963/46
f 6114/3974/35 6116/6913/35 7238/6938/35 7225/4315/35
f 6116/6913/36 6117/6915/36 7237/6940/36 7238/6938/36
f 6117/6915/37 6118/6917/37 7236/6942/37 7237/6940/37
f 6118/6917/38 6119/6919/38 7235/6944/38 7236/6942/38
f 6119/6919/39 6120/6921/39 7234/6946/39 7235/6944/39
f 6120/6921/29 6121/6923/29 7233/6948/29 7234/6946/29
f 6121/6923/40 6122/6925/40 7232/6950/40 7233/6948/40
f 6122/6925/41 6123/6927/41 7231/6952/41 7232/6950/41
f 6123/6927/26 6124/6929/26 7230/6954/26 7231/6952/26
f 6124/6929/42 6125/6931/42 7229/6956/42 7230/6954/42
f 6125/6931/43 6126/6933/43 7228/6958/43 7229/6956/43
f 6126/6933/44 6127/6935/44 7227/6960/44 7228/6958/44
f 6127/6935/45 6128/6937/45 7226/6962/45 7227/6960/45
f 6128/6937/46 6115/3972/46 7224/3971/46 7226/6962/46
f 7240/3913/35 7253/6964/35 5483/6965/35 5470/3910/35
f 7253/6964/36 7252/6966/36 5482/6967/36 5483/6965/36
f 7252/6966/37 7251/6968/37 5481/6969/37 5482/6967/37
f 7251/6968/38 7250/6970/38 5480/6971/38 5481/6969/38
f 7250/6970/39 7249/6972/39 5479/6973/39 5480/6971/39
f 7249/6972/29 7248/6974/29 5478/6975/29 5479/6973/29
f 7248/6974/40 7247/6976/40 5477/6977/40 5478/6975/40
f 7247/6976/41 7246/6978/41 5476/6979/41 5477/6977/41
f 7246/6978/26 7245/6980/26 5475/6981/26 5476/6979/26
f 7245/6980/42 7244/6982/42 5474/6983/42 5475/6981/42
f 7244/6982/43 7243/6984/43 5473/6985/43 5474/6983/43
f 7243/6984/44 7242/6986/44 5472/6987/44 5473/6985/44
f 7242/6986/45 7241/6988/45 5471/6989/45 5472/6987/45
f 7241/6988/46 7239/4392/46 5469/4391/46 5471/6989/46
f 6100/3946/35 6113/6990/35 7253/6964/35 7240/3913/35
f 6113/6990/36 6112/6991/36 7252/6966/36 7253/6964/36
f 6112/6991/37 6111/6992/37 7251/6968/37 7252/6966/37
f 6111/6992/38 6110/6993/38 7250/6970/38 7251/6968/38
f 6110/6993/39 6109/6994/39 7249/6972/39 7250/6970/39
f 6109/6994/29 6108/6995/29 7248/6974/29 7249/6972/29
f 6108/6995/40 6107/6996/40 7247/6976/40 7248/6974/40
f 6107/6996/41 6106/6997/41 7246/6978/41 7247/6976/41
f 6106/6997/26 6105/6998/26 7245/6980/26 7246/6978/26
f 6105/6998/42 6104/6999/42 7244/6982/42 7245/6980/42
f 6104/6999/43 6103/7000/43 7243/6984/43 7244/6982/43
f 6103/7000/44 6102/7001/44 7242/6986/44 7243/6984/44
f 6102/7001/45 6101/7002/45 7241/6988/45 7242/6986/45
f 6101/7002/46 6099/4301/46 7239/4392/46 7241/6988/46
f 7255/3965/35 7268/7003/35 6056/7004/35 6054/3962/35
f 7268/7003/36 7267/7005/36 6057/7006/36 6056/7004/36
f 7267/7005/37 7266/7007/37 6058/7008/37 6057/7006/37
f 7266/7007/38 7265/7009/38 6059/7010/38 6058/7008/38
f 7265/7009/39 7264/7011/39 6060/7012/39 6059/7010/39
f 7264/7011/29 7263/7013/29 6061/7014/29 6060/7012/29
f 7263/7013/40 7262/7015/40 6062/7016/40 6061/7014/40
f 7262/7015/41 7261/7017/41 6063/7018/41 6062/7016/41
f 7261/7017/26 7260/7019/26 6064/7020/26 6063/7018/26
f 7260/7019/42 7259/7021/42 6065/7022/42 6064/7020/42
f 7259/7021/43 7258/7023/43 6066/7024/43 6065/7022/43
f 7258/7023/44 7257/7025/44 6067/7026/44 6066/7024/44
f 7257/7025/45 7256/7027/45 6068/7028/45 6067/7026/45
f 7256/7027/46 7254/3889/46 6055/4018/46 6068/7028/46
f 5695/3990/35 5708/7029/35 7268/7003/35 7255/3965/35
f 5708/7029/36 5707/7030/36 7267/7005/36 7268/7003/36
f 5707/7030/37 5706/7031/37 7266/7007/37 7267/7005/37
f 5706/7031/38 5705/7032/38 7265/7009/38 7266/7007/38
f 5705/7032/39 5704/7033/39 7264/7011/39 7265/7009/39
f 5704/7033/29 5703/7034/29 7263/7013/29 7264/7011/29
f 5703/7034/40 5702/7035/40 7262/7015/40 7263/7013/40
f 5702/7035/41 5701/7036/41 7261/7017/41 7262/7015/41
f 5701/7036/26 5700/7037/26 7260/7019/26 7261/7017/26
f 5700/7037/42 5699/7038/42 7259/7021/42 7260/7019/42
f 5699/7038/43 5698/7039/43 7258/7023/43 7259/7021/43
f 5698/7039/44 5697/7040/44 7257/7025/44 7258/7023/44
f 5697/7040/45 5696/7041/45 7256/7027/45 7257/7025/45
f 5696/7041/46 5694/3890/46 7254/3889/46 7256/7027/46
f 7270/4333/35 7283/7042/35 4883/7043/35 4870/4330/35
f 7283/7042/36 7282/7044/36 4882/7045/36 4883/7043/36
f 7282/7044/37 7281/7046/37 4881/7047/37 4882/7045/37
f 7281/7046/38 7280/7048/38 4880/7049/38 4881/7047/38
f 7280/7048/39 7279/7050/39 4879/7051/39 4880/7049/39
f 7279/7050/29 7278/7052/29 4878/7053/29 4879/7051/29
f 7278/7052/40 7277/7054/40 4877/7055/40 4878/7053/40
f 7277/7054/41 7276/7056/41 4876/7057/41 4877/7055/41
f 7276/7056/26 7275/7058/26 4875/7059/26 4876/7057/26
f 7275/7058/42 7274/7060/42 4874/7061/42 4875/7059/42
f 7274/7060/43 7273/7062/43 4873/7063/43 4874/7061/43
f 7273/7062/44 7272/7064/44 4872/7065/44 4873/7063/44
f 7272/7064/45 7271/7066/45 4871/7067/45 4872/7065/45
f 7271/7066/46 7269/4017/46 4869/7068/46 4871/7067/46
f 6054/3962/35 6056/7004/35 7283/7042/35 7270/4333/35
f 6056/7004/36 6057/7006/36 7282/7044/36 7283/7042/36
f 6057/7006/37 6058/7008/37 7281/7046/37 7282/7044/37
f 6058/7008/38 6059/7010/38 7280/7048/38 7281/7046/38
f 6059/7010/39 6060/7012/39 7279/7050/39 7280/7048/39
f 6060/7012/29 6061/7014/29 7278/7052/29 7279/7050/29
f 6061/7014/40 6062/7016/40 7277/7054/40 7278/7052/40
f 6062/7016/41 6063/7018/41 7276/7056/41 7277/7054/41
f 6063/7018/26 6064/7020/26 7275/7058/26 7276/7056/26
f 6064/7020/42 6065/7022/42 7274/7060/42 7275/7058/42
f 6065/7022/43 6066/7024/43 7273/7062/43 7274/7060/43
f 6066/7024/44 6067/7026/44 7272/7064/44 7273/7062/44
f 6067/7026/45 6068/7028/45 7271/7066/45 7272/7064/45
f 6068/7028/46 6055/4018/46 7269/4017/46 7271/7066/46
f 7285/4309/35 7298/7069/35 5363/7070/35 5350/4306/35
f 7298/7069/36 7297/7071/36 5362/7072/36 5363/7070/36
f 7297/7071/37 7296/7073/37 5361/7074/37 5362/7072/37
f 7296/7073/38 7295/7075/38 5360/7076/38 5361/7074/38
f 7295/7075/39 7294/7077/39 5359/7078/39 5360/7076/39
f 7294/7077/29 7293/7079/29 5358/7080/29 5359/7078/29
f 7293/7079/40 7292/7081/40 5357/7082/40 5358/7080/40
f 7292/7081/41 7291/7083/41 5356/7084/41 5357/7082/41
f 7291/7083/26 7290/7085/26 5355/7086/26 5356/7084/26
f 7290/7085/42 7289/7087/42 5354/7088/42 5355/7086/42
f 7289/7087/43 7288/7089/43 5353/7090/43 5354/7088/43
f 7288/7089/44 7287/7091/44 5352/7092/44 5353/7090/44
f 7287/7091/45 7286/7093/45 5351/7094/45 5352/7092/45
f 7286/7093/46 7284/4397/46 5349/4401/46 5351/7094/46
f 6040/3978/35 6053/7095/35 7298/7069/35 7285/4309/35
f 6053/7095/36 6052/7096/36 7297/7071/36 7298/7069/36
f 6052/7096/37 6051/7097/37 7296/7073/37 7297/7071/37
f 6051/7097/38 6050/7098/38 7295/7075/38 7296/7073/38
f 6050/7098/39 6049/7099/39 7294/7077/39 7295/7075/39
f 6049/7099/29 6048/7100/29 7293/7079/29 7294/7077/29
f 6048/7100/40 6047/7101/40 7292/7081/40 7293/7079/40
f 6047/7101/41 6046/7102/41 7291/7083/41 7292/7081/41
f 6046/7102/26 6045/7103/26 7290/7085/26 7291/7083/26
f 6045/7103/42 6044/7104/42 7289/7087/42 7290/7085/42
f 6044/7104/43 6043/7105/43 7288/7089/43 7289/7087/43
f 6043/7105/44 6042/7106/44 7287/7091/44 7288/7089/44
f 6042/7106/45 6041/7107/45 7286/7093/45 7287/7091/45
f 6041/7107/46 6039/4317/46 7284/4397/46 7286/7093/46
f 7300/3953/35 7313/7108/35 5996/7109/35 5994/3950/35
f 7313/7108/36 7312/7110/36 5997/7111/36 5996/7109/36
f 7312/7110/37 7311/7112/37 5998/7113/37 5997/7111/37
f 7311/7112/38 7310/7114/38 5999/7115/38 5998/7113/38
f 7310/7114/39 7309/7116/39 6000/7117/39 5999/7115/39
f 7309/7116/29 7308/7118/29 6001/7119/29 6000/7117/29
f 7308/7118/40 7307/7120/40 6002/7121/40 6001/7119/40
f 7307/7120/41 7306/7122/41 6003/7123/41 6002/7121/41
f 7306/7122/26 7305/7124/26 6004/7125/26 6003/7123/26
f 7305/7124/42 7304/7126/42 6005/7127/42 6004/7125/42
f 7304/7126/43 7303/7128/43 6006/7129/43 6005/7127/43
f 7303/7128/44 7302/7130/44 6007/7131/44 6006/7129/44
f 7302/7130/45 7301/7132/45 6008/7133/45 6007/7131/45
f 7301/7132/46 7299/4348/46 5995/4076/46 6008/7133/46
f 5500/4395/35 5513/7134/35 7313/7108/35 7300/3953/35
f 5513/7134/36 5512/7135/36 7312/7110/36 7313/7108/36
f 5512/7135/37 5511/7136/37 7311/7112/37 7312/7110/37
f 5511/7136/38 5510/7137/38 7310/7114/38 7311/7112/38
f 5510/7137/39 5509/7138/39 7309/7116/39 7310/7114/39
f 5509/7138/29 5508/7139/29 7308/7118/29 7309/7116/29
f 5508/7139/40 5507/7140/40 7307/7120/40 7308/7118/40
f 5507/7140/41 5506/7141/41 7306/7122/41 7307/7120/41
f 5506/7141/26 5505/7142/26 7305/7124/26 7306/7122/26
f 5505/7142/42 5504/7143/42 7304/7126/42 7305/7124/42
f 5504/7143/43 5503/7144/43 7303/7128/43 7304/7126/43
f 5503/7144/44 5502/7145/44 7302/7130/44 7303/7128/44
f 5502/7145/45 5501/7146/45 7301/7132/45 7302/7130/45
f 5501/7146/46 5499/4213/46 7299/4348/46 7301/7132/46
f 7315/3993/35 7328/7147/35 5708/7029/35 5695/3990/35
f 7328/7147/36 7327/7148/36 5707/7030/36 5708/7029/36
f 7327/7148/37 7326/7149/37 5706/7031/37 5707/7030/37
f 7326/7149/38 7325/7150/38 5705/7032/38 5706/7031/38
f 7325/7150/39 7324/7151/39 5704/7033/39 5705/7032/39
f 7324/7151/29 7323/7152/29 5703/7034/29 5704/7033/29
f 7323/7152/40 7322/7153/40 5702/7035/40 5703/7034/40
f 7322/7153/41 7321/7154/41 5701/7036/41 5702/7035/41
f 7321/7154/26 7320/7155/26 5700/7037/26 5701/7036/26
f 7320/7155/42 7319/7156/42 5699/7038/42 5700/7037/42
f 7319/7156/43 7318/7157/43 5698/7039/43 5699/7038/43
f 7318/7157/44 7317/7158/44 5697/7040/44 5698/7039/44
f 7317/7158/45 7316/7159/45 5696/7041/45 5697/7040/45
f 7316/7159/46 7314/3896/46 5694/3890/46 5696/7041/46
f 5994/3950/35 5996/7109/35 7328/7147/35 7315/3993/35
f 5996/7109/36 5997/7111/36 7327/7148/36 7328/7147/36
f 5997/7111/37 5998/7113/37 7326/7149/37 7327/7148/37
f 5998/7113/38 5999/7115/38 7325/7150/38 7326/7149/38
f 5999/7115/39 6000/7117/39 7324/7151/39 7325/7150/39
f 6000/7117/29 6001/7119/29 7323/7152/29 7324/7151/29
f 6001/7119/40 6002/7121/40 7322/7153/40 7323/7152/40
f 6002/7121/41 6003/7123/41 7321/7154/41 7322/7153/41
f 6003/7123/26 6004/7125/26 7320/7155/26 7321/7154/26
f 6004/7125/42 6005/7127/42 7319/7156/42 7320/7155/42
f 6005/7127/43 6006/7129/43 7318/7157/43 7319/7156/43
f 6006/7129/44 6007/7131/44 7317/7158/44 7318/7157/44
f 6007/7131/45 6008/7133/45 7316/7159/45 7317/7158/45
f 6008/7133/46 5995/4076/46 7314/3896/46 7316/7159/46
f 7330/3895/35 7343/7160/35 5216/7161/35 5214/3892/35
f 7343/7160/36 7342/7162/36 5217/7163/36 5216/7161/36
f 7342/7162/37 7341/7164/37 5218/7165/37 5217/7163/37
f 7341/7164/38 7340/7166/38 5219/7167/38 5218/7165/38
f 7340/7166/39 7339/7168/39 5220/7169/39 5219/7167/39
f 7339/7168/29 7338/7170/29 5221/7171/29 5220/7169/29
f 7338/7170/40 7337/7172/40 5222/7173/40 5221/7171/40
f 7337/7172/41 7336/7174/41 5223/7175/41 5222/7173/41
f 7336/7174/26 7335/7176/26 5224/7177/26 5223/7175/26
f 7335/7176/42 7334/7178/42 5225/7179/42 5224/7177/42
f 7334/7178/43 7333/7180/43 5226/7181/43 5225/7179/43
f 7333/7180/44 7332/7182/44 5227/7183/44 5226/7181/44
f 7332/7182/45 7331/7184/45 5228/7185/45 5227/7183/45
f 7331/7184/46 7329/4344/46 5215/4343/46 5228/7185/46
f 5980/4302/35 5993/7186/35 7343/7160/35 7330/3895/35
f 5993/7186/36 5992/7187/36 7342/7162/36 7343/7160/36
f 5992/7187/37 5991/7188/37 7341/7164/37 7342/7162/37
f 5991/7188/38 5990/7189/38 7340/7166/38 7341/7164/38
f 5990/7189/39 5989/7190/39 7339/7168/39 7340/7166/39
f 5989/7190/29 5988/7191/29 7338/7170/29 7339/7168/29
f 5988/7191/40 5987/7192/40 7337/7172/40 7338/7170/40
f 5987/7192/41 5986/7193/41 7336/7174/41 7337/7172/41
f 5986/7193/26 5985/7194/26 7335/7176/26 7336/7174/26
f 5985/7194/42 5984/7195/42 7334/7178/42 7335/7176/42
f 5984/7195/43 5983/7196/43 7333/7180/43 7334/7178/43
f 5983/7196/44 5982/7197/44 7332/7182/44 7333/7180/44
f 5982/7197/45 5981/7198/45 7331/7184/45 7332/7182/45
f 5981/7198/46 5979/4335/46 7329/4344/46 7331/7184/46
f 7345/3941/35 7358/7199/35 5936/7200/35 5934/3938/35
f 7358/7199/36 7357/7201/36 5937/7202/36 5936/7200/36
f 7357/7201/37 7356/7203/37 5938/7204/37 5937/7202/37
f 7356/7203/38 7355/7205/38 5939/7206/38 5938/7204/38
f 7355/7205/39 7354/7207/39 5940/7208/39 5939/7206/39
f 7354/7207/29 7353/7209/29 5941/7210/29 5940/7208/29
f 7353/7209/40 7352/7211/40 5942/7212/40 5941/7210/40
f 7352/7211/41 7351/7213/41 5943/7214/41 5942/7212/41
f 7351/7213/26 7350/7215/26 5944/7216/26 5943/7214/26
f 7350/7215/42 7349/7217/42 5945/7218/42 5944/7216/42
f 7349/7217/43 7348/7219/43 5946/7220/43 5945/7218/43
f 7348/7219/44 7347/7221/44 5947/7222/44 5946/7220/44
f 7347/7221/45 7346/7223/45 5948/7224/45 5947/7222/45
f 7346/7223/46 7344/4119/46 5935/3936/46 5948/7224/46
f 5739/4132/35 5741/5990/35 7358/7199/35 7345/3941/35
f 5741/5990/36 5742/5992/36 7357/7201/36 7358/7199/36
f 5742/5992/37 5743/5994/37 7356/7203/37 7357/7201/37
f 5743/5994/38 5744/5996/38 7355/7205/38 7356/7203/38
f 5744/5996/39 5745/5998/39 7354/7207/39 7355/7205/39
f 5745/5998/29 5746/6000/29 7353/7209/29 7354/7207/29
f 5746/6000/40 5747/6002/40 7352/7211/40 7353/7209/40
f 5747/6002/41 5748/6004/41 7351/7213/41 7352/7211/41
f 5748/6004/26 5749/6006/26 7350/7215/26 7351/7213/26
f 5749/6006/42 5750/6008/42 7349/7217/42 7350/7215/42
f 5750/6008/43 5751/6010/43 7348/7219/43 7349/7217/43
f 5751/6010/44 5752/6012/44 7347/7221/44 7348/7219/44
f 5752/6012/45 5753/6014/45 7346/7223/45 7347/7221/45
f 5753/6014/46 5740/4120/46 7344/4119/46 7346/7223/46
f 7360/4360/35 7373/7225/35 5393/6080/35 5380/4398/35
f 7373/7225/36 7372/7226/36 5392/6081/36 5393/6080/36
f 7372/7226/37 7371/7227/37 5391/6082/37 5392/6081/37
f 7371/7227/38 7370/7228/38 5390/6083/38 5391/6082/38
f 7370/7228/39 7369/7229/39 5389/6084/39 5390/6083/39
f 7369/7229/29 7368/7230/29 5388/6085/29 5389/6084/29
f 7368/7230/40 7367/7231/40 5387/6086/40 5388/6085/40
f 7367/7231/41 7366/7232/41 5386/6087/41 5387/6086/41
f 7366/7232/26 7365/7233/26 5385/6088/26 5386/6087/26
f 7365/7233/42 7364/7234/42 5384/6089/42 5385/6088/42
f 7364/7234/43 7363/7235/43 5383/6090/43 5384/6089/43
f 7363/7235/44 7362/7236/44 5382/6091/44 5383/6090/44
f 7362/7236/45 7361/7237/45 5381/6092/45 5382/6091/45
f 7361/7237/46 7359/3935/46 5379/4358/46 5381/6092/46
f 5934/3938/35 5936/7200/35 7373/7225/35 7360/4360/35
f 5936/7200/36 5937/7202/36 7372/7226/36 7373/7225/36
f 5937/7202/37 5938/7204/37 7371/7227/37 7372/7226/37
f 5938/7204/38 5939/7206/38 7370/7228/38 7371/7227/38
f 5939/7206/39 5940/7208/39 7369/7229/39 7370/7228/39
f 5940/7208/29 5941/7210/29 7368/7230/29 7369/7229/29
f 5941/7210/40 5942/7212/40 7367/7231/40 7368/7230/40
f 5942/7212/41 5943/7214/41 7366/7232/41 7367/7231/41
f 5943/7214/26 5944/7216/26 7365/7233/26 7366/7232/26
f 5944/7216/42 5945/7218/42 7364/7234/42 7365/7233/42
f 5945/7218/43 5946/7220/43 7363/7235/43 7364/7234/43
f 5946/7220/44 5947/7222/44 7362/7236/44 7363/7235/44
f 5947/7222/45 5948/7224/45 7361/7237/45 7362/7236/45
f 5948/7224/46 5935/3936/46 7359/3935/46 7361/7237/46
f 7375/3863/35 7388/7238/35 4901/7239/35 4899/3860/35
f 7388/7238/36 7387/7240/36 4902/7241/36 4901/7239/36
f 7387/7240/37 7386/7242/37 4903/7243/37 4902/7241/37
f 7386/7242/38 7385/7244/38 4904/7245/38 4903/7243/38
f 7385/7244/39 7384/7246/39 4905/7247/39 4904/7245/39
f 7384/7246/29 7383/7248/29 4906/7249/29 4905/7247/29
f 7383/7248/40 7382/7250/40 4907/7251/40 4906/7249/40
f 7382/7250/41 7381/7252/41 4908/7253/41 4907/7251/41
f 7381/7252/26 7380/7254/26 4909/7255/26 4908/7253/26
f 7380/7254/42 7379/7256/42 4910/7257/42 4909/7255/42
f 7379/7256/43 7378/7258/43 4911/7259/43 4910/7257/43
f 7378/7258/44 7377/7260/44 4912/7261/44 4911/7259/44
f 7377/7260/45 7376/7262/45 4913/7263/45 4912/7261/45
f 7376/7262/46 7374/4356/46 4900/4355/46 4913/7263/46
f 5920/4276/35 5933/7264/35 7388/7238/35 7375/3863/35
f 5933/7264/36 5932/7265/36 7387/7240/36 7388/7238/36
f 5932/7265/37 5931/7266/37 7386/7242/37 7387/7240/37
f 5931/7266/38 5930/7267/38 7385/7244/38 7386/7242/38
f 5930/7267/39 5929/7268/39 7384/7246/39 7385/7244/39
f 5929/7268/29 5928/7269/29 7383/7248/29 7384/7246/29
f 5928/7269/40 5927/7270/40 7382/7250/40 7383/7248/40
f 5927/7270/41 5926/7271/41 7381/7252/41 7382/7250/41
f 5926/7271/26 5925/7272/26 7380/7254/26 7381/7252/26
f 5925/7272/42 5924/7273/42 7379/7256/42 7380/7254/42
f 5924/7273/43 5923/7274/43 7378/7258/43 7379/7256/43
f 5923/7274/44 5922/7275/44 7377/7260/44 7378/7258/44
f 5922/7275/45 5921/7276/45 7376/7262/45 7377/7260/45
f 5921/7276/46 5919/4351/46 7374/4356/46 7376/7262/46
f 7390/3929/35 7403/7277/35 5876/7278/35 5874/3926/35
f 7403/7277/36 7402/7279/36 5877/7280/36 5876/7278/36
f 7402/7279/37 7401/7281/37 5878/7282/37 5877/7280/37
f 7401/7281/38 7400/7283/38 5879/7284/38 5878/7282/38
f 7400/7283/39 7399/7285/39 5880/7286/39 5879/7284/39
f 7399/7285/29 7398/7287/29 5881/7288/29 5880/7286/29
f 7398/7287/40 7397/7289/40 5882/7290/40 5881/7288/40
f 7397/7289/41 7396/7291/41 5883/7292/41 5882/7290/41
f 7396/7291/26 7395/7293/26 5884/7294/26 5883/7292/26
f 7395/7293/42 7394/7295/42 5885/7296/42 5884/7294/42
f 7394/7295/43 7393/7297/43 5886/7298/43 5885/7296/43
f 7393/7297/44 7392/7299/44 5887/7300/44 5886/7298/44
f 7392/7299/45 7391/7301/45 5888/7302/45 5887/7300/45
f 7391/7301/46 7389/3877/46 5875/4054/46 5888/7302/46
f 5755/3954/35 5768/7303/35 7403/7277/35 7390/3929/35
f 5768/7303/36 5767/7304/36 7402/7279/36 7403/7277/36
f 5767/7304/37 5766/7305/37 7401/7281/37 7402/7279/37
f 5766/7305/38 5765/7306/38 7400/7283/38 7401/7281/38
f 5765/7306/39 5764/7307/39 7399/7285/39 7400/7283/39
f 5764/7307/29 5763/7308/29 7398/7287/29 7399/7285/29
f 5763/7308/40 5762/7309/40 7397/7289/40 7398/7287/40
f 5762/7309/41 5761/7310/41 7396/7291/41 7397/7289/41
f 5761/7310/26 5760/7311/26 7395/7293/26 7396/7291/26
f 5760/7311/42 5759/7312/42 7394/7295/42 7395/7293/42
f 5759/7312/43 5758/7313/43 7393/7297/43 7394/7295/43
f 5758/7313/44 5757/7314/44 7392/7299/44 7393/7297/44
f 5757/7314/45 5756/7315/45 7391/7301/45 7392/7299/45
f 5756/7315/46 5754/3878/46 7389/3877/46 7391/7301/46
f 7405/4376/35 7418/7316/35 5513/7134/35 5500/4395/35
f 7418/7316/36 7417/7317/36 5512/7135/36 5513/7134/36
f 7417/7317/37 7416/7318/37 5511/7136/37 5512/7135/37
f 7416/7318/38 7415/7319/38 5510/7137/38 5511/7136/38
f 7415/7319/39 7414/7320/39 5509/7138/39 5510/7137/39
f 7414/7320/29 7413/7321/29 5508/7139/29 5509/7138/29
f 7413/7321/40 7412/7322/40 5507/7140/40 5508/7139/40
f 7412/7322/41 7411/7323/41 5506/7141/41 5507/7140/41
f 7411/7323/26 7410/7324/26 5505/7142/26 5506/7141/26
f 7410/7324/42 7409/7325/42 5504/7143/42 5505/7142/42
f 7409/7325/43 7408/7326/43 5503/7144/43 5504/7143/43
f 7408/7326/44 7407/7327/44 5502/7145/44 5503/7144/44
f 7407/7327/45 7406/7328/45 5501/7146/45 5502/7145/45
f 7406/7328/46 7404/4053/46 5499/4213/46 5501/7146/46
f 5874/3926/35 5876/7278/35 7418/7316/35 7405/4376/35
f 5876/7278/36 5877/7280/36 7417/7317/36 7418/7316/36
f 5877/7280/37 5878/7282/37 7416/7318/37 7417/7317/37
f 5878/7282/38 5879/7284/38 7415/7319/38 7416/7318/38
f 5879/7284/39 5880/7286/39 7414/7320/39 7415/7319/39
f 5880/7286/29 5881/7288/29 7413/7321/29 7414/7320/29
f 5881/7288/40 5882/7290/40 7412/7322/40 7413/7321/40
f 5882/7290/41 5883/7292/41 7411/7323/41 7412/7322/41
f 5883/7292/26 5884/7294/26 7410/7324/26 7411/7323/26
f 5884/7294/42 5885/7296/42 7409/7325/42 7410/7324/42
f 5885/7296/43 5886/7298/43 7408/7326/43 7409/7325/43
f 5886/7298/44 5887/7300/44 7407/7327/44 7408/7326/44
f 5887/7300/45 5888/7302/45 7406/7328/45 7407/7327/45
f 5888/7302/46 5875/4054/46 7404/4053/46 7406/7328/46
f 7420/4181/35 7433/7329/35 5021/7330/35 5019/4137/35
f 7433/7329/36 7432/7331/36 5022/7332/36 5021/7330/36
f 7432/7331/37 7431/7333/37 5023/7334/37 5022/7332/37
f 7431/7333/38 7430/7335/38 5024/7336/38 5023/7334/38
f 7430/7335/39 7429/7337/39 5025/7338/39 5024/7336/39
f 7429/7337/29 7428/7339/29 5026/7340/29 5025/7338/29
f 7428/7339/40 7427/7341/40 5027/7342/40 5026/7340/40
f 7427/7341/41 7426/7343/41 5028/7344/41 5027/7342/41
f 7426/7343/26 7425/7345/26 5029/7346/26 5028/7344/26
f 7425/7345/42 7424/7347/42 5030/7348/42 5029/7346/42
f 7424/7347/43 7423/7349/43 5031/7350/43 5030/7348/43
f 7423/7349/44 7422/7351/44 5032/7352/44 5031/7350/44
f 7422/7351/45 7421/7353/45 5033/7354/45 5032/7352/45
f 7421/7353/46 7419/4374/46 5020/4373/46 5033/7354/46
f 5860/3942/35 5873/7355/35 7433/7329/35 7420/4181/35
f 5873/7355/36 5872/7356/36 7432/7331/36 7433/7329/36
f 5872/7356/37 5871/7357/37 7431/7333/37 7432/7331/37
f 5871/7357/38 5870/7358/38 7430/7335/38 7431/7333/38
f 5870/7358/39 5869/7359/39 7429/7337/39 7430/7335/39
f 5869/7359/29 5868/7360/29 7428/7339/29 7429/7337/29
f 5868/7360/40 5867/7361/40 7427/7341/40 7428/7339/40
f 5867/7361/41 5866/7362/41 7426/7343/41 7427/7341/41
f 5866/7362/26 5865/7363/26 7425/7345/26 7426/7343/26
f 5865/7363/42 5864/7364/42 7424/7347/42 7425/7345/42
f 5864/7364/43 5863/7365/43 7423/7349/43 7424/7347/43
f 5863/7365/44 5862/7366/44 7422/7351/44 7423/7349/44
f 5862/7366/45 5861/7367/45 7421/7353/45 7422/7351/45
f 5861/7367/46 5859/4363/46 7419/4374/46 7421/7353/46
f 7435/4111/35 7448/7368/35 5816/7369/35 5814/4108/35
f 7448/7368/36 7447/7370/36 5817/7371/36 5816/7369/36
f 7447/7370/37 7446/7372/37 5818/7373/37 5817/7371/37
f 7446/7372/38 7445/7374/38 5819/7375/38 5818/7373/38
f 7445/7374/39 7444/7376/39 5820/7377/39 5819/7375/39
f 7444/7376/29 7443/7378/29 5821/7379/29 5820/7377/29
f 7443/7378/40 7442/7380/40 5822/7381/40 5821/7379/40
f 7442/7380/41 7441/7382/41 5823/7383/41 5822/7381/41
f 7441/7382/26 7440/7384/26 5824/7385/26 5823/7383/26
f 7440/7384/42 7439/7386/42 5825/7387/42 5824/7385/42
f 7439/7386/43 7438/7388/43 5826/7389/43 5825/7387/43
f 7438/7388/44 7437/7390/44 5827/7391/44 5826/7389/44
f 7437/7390/45 7436/7392/45 5828/7393/45 5827/7391/45
f 7436/7392/46 7434/3873/46 5815/4066/46 5828/7393/46
f 5454/4259/35 5456/7394/35 7448/7368/35 7435/4111/35
f 5456/7394/36 5457/7395/36 7447/7370/36 7448/7368/36
f 5457/7395/37 5458/7396/37 7446/7372/37 7447/7370/37
f 5458/7396/38 5459/7397/38 7445/7374/38 7446/7372/38
f 5459/7397/39 5460/7398/39 7444/7376/39 7445/7374/39
f 5460/7398/29 5461/7399/29 7443/7378/29 7444/7376/29
f 5461/7399/40 5462/7400/40 7442/7380/40 7443/7378/40
f 5462/7400/41 5463/7401/41 7441/7382/41 7442/7380/41
f 5463/7401/26 5464/7402/26 7440/7384/26 7441/7382/26
f 5464/7402/42 5465/7403/42 7439/7386/42 7440/7384/42
f 5465/7403/43 5466/7404/43 7438/7388/43 7439/7386/43
f 5466/7404/44 5467/7405/44 7437/7390/44 7438/7388/44
f 5467/7405/45 5468/7406/45 7436/7392/45 7437/7390/45
f 5468/7406/46 5455/3874/46 7434/3873/46 7436/7392/46
f 7450/3957/35 7463/7407/35 5768/7303/35 5755/3954/35
f 7463/7407/36 7462/7408/36 5767/7304/36 5768/7303/36
f 7462/7408/37 7461/7409/37 5766/7305/37 5767/7304/37
f 7461/7409/38 7460/7410/38 5765/7306/38 5766/7305/38
f 7460/7410/39 7459/7411/39 5764/7307/39 5765/7306/39
f 7459/7411/29 7458/7412/29 5763/7308/29 5764/7307/29
f 7458/7412/40 7457/7413/40 5762/7309/40 5763/7308/40
f 7457/7413/41 7456/7414/41 5761/7310/41 5762/7309/41
f 7456/7414/26 7455/7415/26 5760/7311/26 5761/7310/26
f 7455/7415/42 7454/7416/42 5759/7312/42 5760/7311/42
f 7454/7416/43 7453/7417/43 5758/7313/43 5759/7312/43
f 7453/7417/44 7452/7418/44 5757/7314/44 5758/7313/44
f 7452/7418/45 7451/7419/45 5756/7315/45 5757/7314/45
f 7451/7419/46 7449/4065/46 5754/3878/46 5756/7315/46
f 5814/4108/35 5816/7369/35 7463/7407/35 7450/3957/35
f 5816/7369/36 5817/7371/36 7462/7408/36 7463/7407/36
f 5817/7371/37 5818/7373/37 7461/7409/37 7462/7408/37
f 5818/7373/38 5819/7375/38 7460/7410/38 7461/7409/38
f 5819/7375/39 5820/7377/39 7459/7411/39 7460/7410/39
f 5820/7377/29 5821/7379/29 7458/7412/29 7459/7411/29
f 5821/7379/40 5822/7381/40 7457/7413/40 7458/7412/40
f 5822/7381/41 5823/7383/41 7456/7414/41 7457/7413/41
f 5823/7383/26 5824/7385/26 7455/7415/26 7456/7414/26
f 5824/7385/42 5825/7387/42 7454/7416/42 7455/7415/42
f 5825/7387/43 5826/7389/43 7453/7417/43 7454/7416/43
f 5826/7389/44 5827/7391/44 7452/7418/44 7453/7417/44
f 5827/7391/45 5828/7393/45 7451/7419/45 7452/7418/45
f 5828/7393/46 5815/4066/46 7449/4065/46 7451/7419/46
f 7465/3905/35 7478/7420/35 5276/7421/35 5274/3902/35
f 7478/7420/36 7477/7422/36 5277/7423/36 5276/7421/36
f 7477/7422/37 7476/7424/37 5278/7425/37 5277/7423/37
f 7476/7424/38 7475/7426/38 5279/7427/38 5278/7425/38
f 7475/7426/39 7474/7428/39 5280/7429/39 5279/7427/39
f 7474/7428/29 7473/7430/29 5281/7431/29 5280/7429/29
f 7473/7430/40 7472/7432/40 5282/7433/40 5281/7431/40
f 7472/7432/41 7471/7434/41 5283/7435/41 5282/7433/41
f 7471/7434/26 7470/7436/26 5284/7437/26 5283/7435/26
f 7470/7436/42 7469/7438/42 5285/7439/42 5284/7437/42
f 7469/7438/43 7468/7440/43 5286/7441/43 5285/7439/43
f 7468/7440/44 7467/7442/44 5287/7443/44 5286/7441/44
f 7467/7442/45 7466/7444/45 5288/7445/45 5287/7443/45
f 7466/7444/46 7464/4386/46 5275/4385/46 5288/7445/46
f 5800/4352/35 5813/7446/35 7478/7420/35 7465/3905/35
f 5813/7446/36 5812/7447/36 7477/7422/36 7478/7420/36
f 5812/7447/37 5811/7448/37 7476/7424/37 7477/7422/37
f 5811/7448/38 5810/7449/38 7475/7426/38 7476/7424/38
f 5810/7449/39 5809/7450/39 7474/7428/39 7475/7426/39
f 5809/7450/29 5808/7451/29 7473/7430/29 7474/7428/29
f 5808/7451/40 5807/7452/40 7472/7432/40 7473/7430/40
f 5807/7452/41 5806/7453/41 7471/7434/41 7472/7432/41
f 5806/7453/26 5805/7454/26 7470/7436/26 7471/7434/26
f 5805/7454/42 5804/7455/42 7469/7438/42 7470/7436/42
f 5804/7455/43 5803/7456/43 7468/7440/43 7469/7438/43
f 5803/7456/44 5802/7457/44 7467/7442/44 7468/7440/44
f 5802/7457/45 5801/7458/45 7466/7444/45 7467/7442/45
f 5801/7458/46 5799/4379/46 7464/4386/46 7466/7444/46
f 7480/4286/35 7493/7459/35 5813/7446/35 5800/4352/35
f 7493/7459/36 7492/7460/36 5812/7447/36 5813/7446/36
f 7492/7460/37 7491/7461/37 5811/7448/37 5812/7447/37
f 7491/7461/38 7490/7462/38 5810/7449/38 5811/7448/38
f 7490/7462/39 7489/7463/39 5809/7450/39 5810/7449/39
f 7489/7463/29 7488/7464/29 5808/7451/29 5809/7450/29
f 7488/7464/40 7487/7465/40 5807/7452/40 5808/7451/40
f 7487/7465/41 7486/7466/41 5806/7453/41 5807/7452/41
f 7486/7466/26 7485/7467/26 5805/7454/26 5806/7453/26
f 7485/7467/42 7484/7468/42 5804/7455/42 5805/7454/42
f 7484/7468/43 7483/7469/43 5803/7456/43 5804/7455/43
f 7483/7469/44 7482/7470/44 5802/7457/44 5803/7456/44
f 7482/7470/45 7481/7471/45 5801/7458/45 5802/7457/45
f 7481/7471/46 7479/3931/46 5799/4379/46 5801/7458/46
f 4974/4289/35 4976/7472/35 7493/7459/35 7480/4286/35
f 4976/7472/36 4977/7473/36 7492/7460/36 7493/7459/36
f 4977/7473/37 4978/7474/37 7491/7461/37 7492/7460/37
f 4978/7474/38 4979/7475/38 7490/7462/38 7491/7461/38
f 4979/7475/39 4980/7476/39 7489/7463/39 7490/7462/39
f 4980/7476/29 4981/7477/29 7488/7464/29 7489/7463/29
f 4981/7477/40 4982/7478/40 7487/7465/40 7488/7464/40
f 4982/7478/41 4983/7479/41 7486/7466/41 7487/7465/41
f 4983/7479/26 4984/7480/26 7485/7467/26 7486/7466/26
f 4984/7480/42 4985/7481/42 7484/7468/42 7485/7467/42
f 4985/7481/43 4986/7482/43 7483/7469/43 7484/7468/43
f 4986/7482/44 4987/7483/44 7482/7470/44 7483/7469/44
f 4987/7483/45 4988/7484/45 7481/7471/45 7482/7470/45
f 4988/7484/46 4975/3932/46 7479/3931/46 7481/7471/46
f 7495/3945/35 7508/7485/35 5873/7355/35 5860/3942/35
f 7508/7485/36 7507/7486/36 5872/7356/36 5873/7355/36
f 7507/7486/37 7506/7487/37 5871/7357/37 5872/7356/37
f 7506/7487/38 7505/7488/38 5870/7358/38 5871/7357/38
f 7505/7488/39 7504/7489/39 5869/7359/39 5870/7358/39
f 7504/7489/29 7503/7490/29 5868/7360/29 5869/7359/29
f 7503/7490/40 7502/7491/40 5867/7361/40 5868/7360/40
f 7502/7491/41 7501/7492/41 5866/7362/41 5867/7361/41
f 7501/7492/26 7500/7493/26 5865/7363/26 5866/7362/26
f 7500/7493/42 7499/7494/42 5864/7364/42 5865/7363/42
f 7499/7494/43 7498/7495/43 5863/7365/43 5864/7364/43
f 7498/7495/44 7497/7496/44 5862/7366/44 5863/7365/44
f 7497/7496/45 7496/7497/45 5861/7367/45 5862/7366/45
f 7496/7497/46 7494/4364/46 5859/4363/46 5861/7367/46
f 5274/3902/35 5276/7421/35 7508/7485/35 7495/3945/35
f 5276/7421/36 5277/7423/36 7507/7486/36 7508/7485/36
f 5277/7423/37 5278/7425/37 7506/7487/37 7507/7486/37
f 5278/7425/38 5279/7427/38 7505/7488/38 7506/7487/38
f 5279/7427/39 5280/7429/39 7504/7489/39 7505/7488/39
f 5280/7429/29 5281/7431/29 7503/7490/29 7504/7489/29
f 5281/7431/40 5282/7433/40 7502/7491/40 7503/7490/40
f 5282/7433/41 5283/7435/41 7501/7492/41 7502/7491/41
f 5283/7435/26 5284/7437/26 7500/7493/26 7501/7492/26
f 5284/7437/42 5285/7439/42 7499/7494/42 7500/7493/42
f 5285/7439/43 5286/7441/43 7498/7495/43 7499/7494/43
f 5286/7441/44 5287/7443/44 7497/7496/44 7498/7495/44
f 5287/7443/45 5288/7445/45 7496/7497/45 7497/7496/45
f 5288/7445/46 5275/4385/46 7494/4364/46 7496/7497/46
f 7510/4122/35 7523/7498/35 5933/7264/35 5920/4276/35
f 7523/7498/36 7522/7499/36 5932/7265/36 5933/7264/36
f 7522/7499/37 7521/7500/37 5931/7266/37 5932/7265/37
f 7521/7500/38 7520/7501/38 5930/7267/38 5931/7266/38
f 7520/7501/39 7519/7502/39 5929/7268/39 5930/7267/39
f 7519/7502/29 7518/7503/29 5928/7269/29 5929/7268/29
f 7518/7503/40 7517/7504/40 5927/7270/40 5928/7269/40
f 7517/7504/41 7516/7505/41 5926/7271/41 5927/7270/41
f 7516/7505/26 7515/7506/26 5925/7272/26 5926/7271/26
f 7515/7506/42 7514/7507/42 5924/7273/42 5925/7272/42
f 7514/7507/43 7513/7508/43 5923/7274/43 5924/7273/43
f 7513/7508/44 7512/7509/44 5922/7275/44 5923/7274/44
f 7512/7509/45 7511/7510/45 5921/7276/45 5922/7275/45
f 7511/7510/46 7509/4125/46 5919/4351/46 5921/7276/46
f 5259/3898/35 5261/6016/35 7523/7498/35 7510/4122/35
f 5261/6016/36 5262/6018/36 7522/7499/36 7523/7498/36
f 5262/6018/37 5263/6020/37 7521/7500/37 7522/7499/37
f 5263/6020/38 5264/6022/38 7520/7501/38 7521/7500/38
f 5264/6022/39 5265/6024/39 7519/7502/39 7520/7501/39
f 5265/6024/29 5266/6026/29 7518/7503/29 7519/7502/29
f 5266/6026/40 5267/6028/40 7517/7504/40 7518/7503/40
f 5267/6028/41 5268/6030/41 7516/7505/41 7517/7504/41
f 5268/6030/26 5269/6032/26 7515/7506/26 7516/7505/26
f 5269/6032/42 5270/6034/42 7514/7507/42 7515/7506/42
f 5270/6034/43 5271/6036/43 7513/7508/43 7514/7507/43
f 5271/6036/44 5272/6038/44 7512/7509/44 7513/7508/44
f 5272/6038/45 5273/6040/45 7511/7510/45 7512/7509/45
f 5273/6040/46 5260/4115/46 7509/4125/46 7511/7510/46
f 7525/4134/35 7538/7511/35 5993/7186/35 5980/4302/35
f 7538/7511/36 7537/7512/36 5992/7187/36 5993/7186/36
f 7537/7512/37 7536/7513/37 5991/7188/37 5992/7187/37
f 7536/7513/38 7535/7514/38 5990/7189/38 5991/7188/38
f 7535/7514/39 7534/7515/39 5989/7190/39 5990/7189/39
f 7534/7515/29 7533/7516/29 5988/7191/29 5989/7190/29
f 7533/7516/40 7532/7517/40 5987/7192/40 5988/7191/40
f 7532/7517/41 7531/7518/41 5986/7193/41 5987/7192/41
f 7531/7518/26 7530/7519/26 5985/7194/26 5986/7193/26
f 7530/7519/42 7529/7520/42 5984/7195/42 5985/7194/42
f 7529/7520/43 7528/7521/43 5983/7196/43 5984/7195/43
f 7528/7521/44 7527/7522/44 5982/7197/44 5983/7196/44
f 7527/7522/45 7526/7523/45 5981/7198/45 5982/7197/45
f 7526/7523/46 7524/4336/46 5979/4335/46 5981/7198/46
f 5019/4137/35 5021/7330/35 7538/7511/35 7525/4134/35
f 5021/7330/36 5022/7332/36 7537/7512/36 7538/7511/36
f 5022/7332/37 5023/7334/37 7536/7513/37 7537/7512/37
f 5023/7334/38 5024/7336/38 7535/7514/38 7536/7513/38
f 5024/7336/39 5025/7338/39 7534/7515/39 7535/7514/39
f 5025/7338/29 5026/7340/29 7533/7516/29 7534/7515/29
f 5026/7340/40 5027/7342/40 7532/7517/40 7533/7516/40
f 5027/7342/41 5028/7344/41 7531/7518/41 7532/7517/41
f 5028/7344/26 5029/7346/26 7530/7519/26 7531/7518/26
f 5029/7346/42 5030/7348/42 7529/7520/42 7530/7519/42
f 5030/7348/43 5031/7350/43 7528/7521/43 7529/7520/43
f 5031/7350/44 5032/7352/44 7527/7522/44 7528/7521/44
f 5032/7352/45 5033/7354/45 7526/7523/45 7527/7522/45
f 5033/7354/46 5020/4373/46 7524/4336/46 7526/7523/46
f 7540/3981/35 7553/7524/35 6053/7095/35 6040/3978/35
f 7553/7524/36 7552/7525/36 6052/7096/36 6053/7095/36
f 7552/7525/37 7551/7526/37 6051/7097/37 6052/7096/37
f 7551/7526/38 7550/7527/38 6050/7098/38 6051/7097/38
f 7550/7527/39 7549/7528/39 6049/7099/39 6050/7098/39
f 7549/7528/29 7548/7529/29 6048/7100/29 6049/7099/29
f 7548/7529/40 7547/7530/40 6047/7101/40 6048/7100/40
f 7547/7530/41 7546/7531/41 6046/7102/41 6047/7101/41
f 7546/7531/26 7545/7532/26 6045/7103/26 6046/7102/26
f 7545/7532/42 7544/7533/42 6044/7104/42 6045/7103/42
f 7544/7533/43 7543/7534/43 6043/7105/43 6044/7104/43
f 7543/7534/44 7542/7535/44 6042/7106/44 6043/7105/44
f 7542/7535/45 7541/7536/45 6041/7107/45 6042/7106/45
f 7541/7536/46 7539/4318/46 6039/4317/46 6041/7107/46
f 5214/3892/35 5216/7161/35 7553/7524/35 7540/3981/35
f 5216/7161/36 5217/7163/36 7552/7525/36 7553/7524/36
f 5217/7163/37 5218/7165/37 7551/7526/37 7552/7525/37
f 5218/7165/38 5219/7167/38 7550/7527/38 7551/7526/38
f 5219/7167/39 5220/7169/39 7549/7528/39 7550/7527/39
f 5220/7169/29 5221/7171/29 7548/7529/29 7549/7528/29
f 5221/7171/40 5222/7173/40 7547/7530/40 7548/7529/40
f 5222/7173/41 5223/7175/41 7546/7531/41 7547/7530/41
f 5223/7175/26 5224/7177/26 7545/7532/26 7546/7531/26
f 5224/7177/42 5225/7179/42 7544/7533/42 7545/7532/42
f 5225/7179/43 5226/7181/43 7543/7534/43 7544/7533/43
f 5226/7181/44 5227/7183/44 7542/7535/44 7543/7534/44
f 5227/7183/45 5228/7185/45 7541/7536/45 7542/7535/45
f 5228/7185/46 5215/4343/46 7539/4318/46 7541/7536/46
f 7555/3949/35 7568/7537/35 6113/6990/35 6100/3946/35
f 7568/7537/36 7567/7538/36 6112/6991/36 6113/6990/36
f 7567/7538/37 7566/7539/37 6111/6992/37 6112/6991/37
f 7566/7539/38 7565/7540/38 6110/6993/38 6111/6992/38
f 7565/7540/39 7564/7541/39 6109/6994/39 6110/6993/39
f 7564/7541/29 7563/7542/29 6108/6995/29 6109/6994/29
f 7563/7542/40 7562/7543/40 6107/6996/40 6108/6995/40
f 7562/7543/41 7561/7544/41 6106/6997/41 6107/6996/41
f 7561/7544/26 7560/7545/26 6105/6998/26 6106/6997/26
f 7560/7545/42 7559/7546/42 6104/6999/42 6105/6998/42
f 7559/7546/43 7558/7547/43 6103/7000/43 6104/6999/43
f 7558/7547/44 7557/7548/44 6102/7001/44 6103/7000/44
f 7557/7548/45 7556/7549/45 6101/7002/45 6102/7001/45
f 7556/7549/46 7554/4149/46 6099/4301/46 6101/7002/46
f 5199/3864/35 5201/6120/35 7568/7537/35 7555/3949/35
f 5201/6120/36 5202/6122/36 7567/7538/36 7568/7537/36
f 5202/6122/37 5203/6124/37 7566/7539/37 7567/7538/37
f 5203/6124/38 5204/6126/38 7565/7540/38 7566/7539/38
f 5204/6126/39 5205/6128/39 7564/7541/39 7565/7540/39
f 5205/6128/29 5206/6130/29 7563/7542/29 7564/7541/29
f 5206/6130/40 5207/6132/40 7562/7543/40 7563/7542/40
f 5207/6132/41 5208/6134/41 7561/7544/41 7562/7543/41
f 5208/6134/26 5209/6136/26 7560/7545/26 7561/7544/26
f 5209/6136/42 5210/6138/42 7559/7546/42 7560/7545/42
f 5210/6138/43 5211/6140/43 7558/7547/43 7559/7546/43
f 5211/6140/44 5212/6142/44 7557/7548/44 7558/7547/44
f 5212/6142/45 5213/6144/45 7556/7549/45 7557/7548/45
f 5213/6144/46 5200/4139/46 7554/4149/46 7556/7549/46
f 7570/4158/35 7583/7550/35 6173/6899/35 6160/4256/35
f 7583/7550/36 7582/7551/36 6172/6900/36 6173/6899/36
f 7582/7551/37 7581/7552/37 6171/6901/37 6172/6900/37
f 7581/7552/38 7580/7553/38 6170/6902/38 6171/6901/38
f 7580/7553/39 7579/7554/39 6169/6903/39 6170/6902/39
f 7579/7554/29 7578/7555/29 6168/6904/29 6169/6903/29
f 7578/7555/40 7577/7556/40 6167/6905/40 6168/6904/40
f 7577/7556/41 7576/7557/41 6166/6906/41 6167/6905/41
f 7576/7557/26 7575/7558/26 6165/6907/26 6166/6906/26
f 7575/7558/42 7574/7559/42 6164/6908/42 6165/6907/42
f 7574/7559/43 7573/7560/43 6163/6909/43 6164/6908/43
f 7573/7560/44 7572/7561/44 6162/6910/44 6163/6909/44
f 7572/7561/45 7571/7562/45 6161/6911/45 6162/6910/45
f 7571/7562/46 7569/4237/46 6159/4295/46 6161/6911/46
f 5034/3906/35 5036/6510/35 7583/7550/35 7570/4158/35
f 5036/6510/36 5037/6512/36 7582/7551/36 7583/7550/36
f 5037/6512/37 5038/6514/37 7581/7552/37 7582/7551/37
f 5038/6514/38 5039/6516/38 7580/7553/38 7581/7552/38
f 5039/6516/39 5040/6518/39 7579/7554/39 7580/7553/39
f 5040/6518/29 5041/6520/29 7578/7555/29 7579/7554/29
f 5041/6520/40 5042/6522/40 7577/7556/40 7578/7555/40
f 5042/6522/41 5043/6524/41 7576/7557/41 7577/7556/41
f 5043/6524/26 5044/6526/26 7575/7558/26 7576/7557/26
f 5044/6526/42 5045/6528/42 7574/7559/42 7575/7558/42
f 5045/6528/43 5046/6530/43 7573/7560/43 7574/7559/43
f 5046/6530/44 5047/6532/44 7572/7561/44 7573/7560/44
f 5047/6532/45 5048/6534/45 7571/7562/45 7572/7561/45
f 5048/6534/46 5035/4225/46 7569/4237/46 7571/7562/46
f 7585/4015/35 7598/7563/35 6233/6821/35 6220/4012/35
f 7598/7563/36 7597/7564/36 6232/6822/36 6233/6821/36
f 7597/7564/37 7596/7565/37 6231/6823/37 6232/6822/37
f 7596/7565/38 7595/7566/38 6230/6824/38 6231/6823/38
f 7595/7566/39 7594/7567/39 6229/6825/39 6230/6824/39
f 7594/7567/29 7593/7568/29 6228/6826/29 6229/6825/29
f 7593/7568/40 7592/7569/40 6227/6827/40 6228/6826/40
f 7592/7569/41 7591/7570/41 6226/6828/41 6227/6827/41
f 7591/7570/26 7590/7571/26 6225/6829/26 6226/6828/26
f 7590/7571/42 7589/7572/42 6224/6830/42 6225/6829/42
f 7589/7572/43 7588/7573/43 6223/6831/43 6224/6830/43
f 7588/7573/44 7587/7574/44 6222/6832/44 6223/6831/44
f 7587/7574/45 7586/7575/45 6221/6833/45 6222/6832/45
f 7586/7575/46 7584/4274/46 6219/4273/46 6221/6833/46
f 5154/3880/35 5156/6874/35 7598/7563/35 7585/4015/35
f 5156/6874/36 5157/6876/36 7597/7564/36 7598/7563/36
f 5157/6876/37 5158/6878/37 7596/7565/37 7597/7564/37
f 5158/6878/38 5159/6880/38 7595/7566/38 7596/7565/38
f 5159/6880/39 5160/6882/39 7594/7567/39 7595/7566/39
f 5160/6882/29 5161/6884/29 7593/7568/29 7594/7567/29
f 5161/6884/40 5162/6886/40 7592/7569/40 7593/7568/40
f 5162/6886/41 5163/6888/41 7591/7570/41 7592/7569/41
f 5163/6888/26 5164/6890/26 7590/7571/26 7591/7570/26
f 5164/6890/42 5165/6892/42 7589/7572/42 7590/7571/42
f 5165/6892/43 5166/6894/43 7588/7573/43 7589/7572/43
f 5166/6894/44 5167/6896/44 7587/7574/44 7588/7573/44
f 5167/6896/45 5168/6898/45 7586/7575/45 7587/7574/45
f 5168/6898/46 5155/4297/46 7584/4274/46 7586/7575/46
f 7600/4085/35 7613/7576/35 6293/6717/35 6280/4082/35
f 7613/7576/36 7612/7577/36 6292/6718/36 6293/6717/36
f 7612/7577/37 7611/7578/37 6291/6719/37 6292/6718/37
f 7611/7578/38 7610/7579/38 6290/6720/38 6291/6719/38
f 7610/7579/39 7609/7580/39 6289/6721/39 6290/6720/39
f 7609/7580/29 7608/7581/29 6288/6722/29 6289/6721/29
f 7608/7581/40 7607/7582/40 6287/6723/40 6288/6722/40
f 7607/7582/41 7606/7583/41 6286/6724/41 6287/6723/41
f 7606/7583/26 7605/7584/26 6285/6725/26 6286/6724/26
f 7605/7584/42 7604/7585/42 6284/6726/42 6285/6725/42
f 7604/7585/43 7603/7586/43 6283/6727/43 6284/6726/43
f 7603/7586/44 7602/7587/44 6282/6728/44 6283/6727/44
f 7602/7587/45 7601/7588/45 6281/6729/45 6282/6728/45
f 7601/7588/46 7599/4173/46 6279/4255/46 6281/6729/46
f 5139/4171/35 5141/6224/35 7613/7576/35 7600/4085/35
f 5141/6224/36 5142/6226/36 7612/7577/36 7613/7576/36
f 5142/6226/37 5143/6228/37 7611/7578/37 7612/7577/37
f 5143/6228/38 5144/6230/38 7610/7579/38 7611/7578/38
f 5144/6230/39 5145/6232/39 7609/7580/39 7610/7579/39
f 5145/6232/29 5146/6234/29 7608/7581/29 7609/7580/29
f 5146/6234/40 5147/6236/40 7607/7582/40 7608/7581/40
f 5147/6236/41 5148/6238/41 7606/7583/41 7607/7582/41
f 5148/6238/26 5149/6240/26 7605/7584/26 7606/7583/26
f 5149/6240/42 5150/6242/42 7604/7585/42 7605/7584/42
f 5150/6242/43 5151/6244/43 7603/7586/43 7604/7585/43
f 5151/6244/44 5152/6246/44 7602/7587/44 7603/7586/44
f 5152/6246/45 5153/6248/45 7601/7588/45 7602/7587/45
f 5153/6248/46 5140/4161/46 7599/4173/46 7601/7588/46
f 7615/4203/35 7628/7589/35 6353/6626/35 6340/4200/35
f 7628/7589/36 7627/7590/36 6352/6627/36 6353/6626/36
f 7627/7590/37 7626/7591/37 6351/6628/37 6352/6627/37
f 7626/7591/38 7625/7592/38 6350/6629/38 6351/6628/38
f 7625/7592/39 7624/7593/39 6349/6630/39 6350/6629/39
f 7624/7593/29 7623/7594/29 6348/6631/29 6349/6630/29
f 7623/7594/40 7622/7595/40 6347/6632/40 6348/6631/40
f 7622/7595/41 7621/7596/41 6346/6633/41 6347/6632/41
f 7621/7596/26 7620/7597/26 6345/6634/26 6346/6633/26
f 7620/7597/42 7619/7598/42 6344/6635/42 6345/6634/42
f 7619/7598/43 7618/7599/43 6343/6636/43 6344/6635/43
f 7618/7599/44 7617/7600/44 6342/6637/44 6343/6636/44
f 7617/7600/45 7616/7601/45 6341/6638/45 6342/6637/45
f 7616/7601/46 7614/4037/46 6339/4239/46 6341/6638/46
f 5004/4329/35 5006/7602/35 7628/7589/35 7615/4203/35
f 5006/7602/36 5007/7603/36 7627/7590/36 7628/7589/36
f 5007/7603/37 5008/7604/37 7626/7591/37 7627/7590/37
f 5008/7604/38 5009/7605/38 7625/7592/38 7626/7591/38
f 5009/7605/39 5010/7606/39 7624/7593/39 7625/7592/39
f 5010/7606/29 5011/7607/29 7623/7594/29 7624/7593/29
f 5011/7607/40 5012/7608/40 7622/7595/40 7623/7594/40
f 5012/7608/41 5013/7609/41 7621/7596/41 7622/7595/41
f 5013/7609/26 5014/7610/26 7620/7597/26 7621/7596/26
f 5014/7610/42 5015/7611/42 7619/7598/42 7620/7597/42
f 5015/7611/43 5016/7612/43 7618/7599/43 7619/7598/43
f 5016/7612/44 5017/7613/44 7617/7600/44 7618/7599/44
f 5017/7613/45 5018/7614/45 7616/7601/45 7617/7600/45
f 5018/7614/46 5005/4038/46 7614/4037/46 7616/7601/46
f 7630/4051/35 7643/7615/35 6413/6535/35 6400/4048/35
f 7643/7615/36 7642/7616/36 6412/6536/36 6413/6535/36
f 7642/7616/37 7641/7617/37 6411/6537/37 6412/6536/37
f 7641/7617/38 7640/7618/38 6410/6538/38 6411/6537/38
f 7640/7618/39 7639/7619/39 6409/6539/39 6410/6538/39
f 7639/7619/29 7638/7620/29 6408/6540/29 6409/6539/29
f 7638/7620/40 7637/7621/40 6407/6541/40 6408/6540/40
f 7637/7621/41 7636/7622/41 6406/6542/41 6407/6541/41
f 7636/7622/26 7635/7623/26 6405/6543/26 6406/6542/26
f 7635/7623/42 7634/7624/42 6404/6544/42 6405/6543/42
f 7634/7624/43 7633/7625/43 6403/6545/43 6404/6544/43
f 7633/7625/44 7632/7626/44 6402/6546/44 6403/6545/44
f 7632/7626/45 7631/7627/45 6401/6547/45 6402/6546/45
f 7631/7627/46 7629/4216/46 6399/4215/46 6401/6547/46
f 5094/4205/35 5096/6601/35 7643/7615/35 7630/4051/35
f 5096/6601/36 5097/6603/36 7642/7616/36 7643/7615/36
f 5097/6603/37 5098/6605/37 7641/7617/37 7642/7616/37
f 5098/6605/38 5099/6607/38 7640/7618/38 7641/7617/38
f 5099/6607/39 5100/6609/39 7639/7619/39 7640/7618/39
f 5100/6609/29 5101/6611/29 7638/7620/29 7639/7619/29
f 5101/6611/40 5102/6613/40 7637/7621/40 7638/7620/40
f 5102/6613/41 5103/6615/41 7636/7622/41 7637/7621/41
f 5103/6615/26 5104/6617/26 7635/7623/26 7636/7622/26
f 5104/6617/42 5105/6619/42 7634/7624/42 7635/7623/42
f 5105/6619/43 5106/6621/43 7633/7625/43 7634/7624/43
f 5106/6621/44 5107/6623/44 7632/7626/44 7633/7625/44
f 5107/6623/45 5108/6625/45 7631/7627/45 7632/7626/45
f 5108/6625/46 5095/4247/46 7629/4216/46 7631/7627/46
f 7645/4190/35 7658/7628/35 6473/6431/35 6460/4320/35
f 7658/7628/36 7657/7629/36 6472/6432/36 6473/6431/36
f 7657/7629/37 7656/7630/37 6471/6433/37 6472/6432/37
f 7656/7630/38 7655/7631/38 6470/6434/38 6471/6433/38
f 7655/7631/39 7654/7632/39 6469/6435/39 6470/6434/39
f 7654/7632/29 7653/7633/29 6468/6436/29 6469/6435/29
f 7653/7633/40 7652/7634/40 6467/6437/40 6468/6436/40
f 7652/7634/41 7651/7635/41 6466/6438/41 6467/6437/41
f 7651/7635/26 7650/7636/26 6465/6439/26 6466/6438/26
f 7650/7636/42 7649/7637/42 6464/6440/42 6465/6439/42
f 7649/7637/43 7648/7638/43 6463/6441/43 6464/6440/43
f 7648/7638/44 7647/7639/44 6462/6442/44 6463/6441/44
f 7647/7639/45 7646/7640/45 6461/6443/45 6462/6442/45
f 7646/7640/46 7644/4195/46 6459/4199/46 6461/6443/46
f 5079/4193/35 5081/6328/35 7658/7628/35 7645/4190/35
f 5081/6328/36 5082/6330/36 7657/7629/36 7658/7628/36
f 5082/6330/37 5083/6332/37 7656/7630/37 7657/7629/37
f 5083/6332/38 5084/6334/38 7655/7631/38 7656/7630/38
f 5084/6334/39 5085/6336/39 7654/7632/39 7655/7631/39
f 5085/6336/29 5086/6338/29 7653/7633/29 7654/7632/29
f 5086/6338/40 5087/6340/40 7652/7634/40 7653/7633/40
f 5087/6340/41 5088/6342/41 7651/7635/41 7652/7634/41
f 5088/6342/26 5089/6344/26 7650/7636/26 7651/7635/26
f 5089/6344/42 5090/6346/42 7649/7637/42 7650/7636/42
f 5090/6346/43 5091/6348/43 7648/7638/43 7649/7637/43
f 5091/6348/44 5092/6350/44 7647/7639/44 7648/7638/44
f 5092/6350/45 5093/6352/45 7646/7640/45 7647/7639/45
f 5093/6352/46 5080/4183/46 7644/4195/46 7646/7640/46
f 7660/4264/35 7673/7641/35 6533/6353/35 6520/4338/35
f 7673/7641/36 7672/7642/36 6532/6354/36 6533/6353/36
f 7672/7642/37 7671/7643/37 6531/6355/37 6532/6354/37
f 7671/7643/38 7670/7644/38 6530/6356/38 6531/6355/38
f 7670/7644/39 7669/7645/39 6529/6357/39 6530/6356/39
f 7669/7645/29 7668/7646/29 6528/6358/29 6529/6357/29
f 7668/7646/40 7667/7647/40 6527/6359/40 6528/6358/40
f 7667/7647/41 7666/7648/41 6526/6360/41 6527/6359/41
f 7666/7648/26 7665/7649/26 6525/6361/26 6526/6360/26
f 7665/7649/42 7664/7650/42 6524/6362/42 6525/6361/42
f 7664/7650/43 7663/7651/43 6523/6363/43 6524/6362/43
f 7663/7651/44 7662/7652/44 6522/6364/44 6523/6363/44
f 7662/7652/45 7661/7653/45 6521/6365/45 6522/6364/45
f 7661/7653/46 7659/4073/46 6519/4177/46 6521/6365/46
f 4884/4267/35 4886/7654/35 7673/7641/35 7660/4264/35
f 4886/7654/36 4887/7655/36 7672/7642/36 7673/7641/36
f 4887/7655/37 4888/7656/37 7671/7643/37 7672/7642/37
f 4888/7656/38 4889/7657/38 7670/7644/38 7671/7643/38
f 4889/7657/39 4890/7658/39 7669/7645/39 7670/7644/39
f 4890/7658/29 4891/7659/29 7668/7646/29 7669/7645/29
f 4891/7659/40 4892/7660/40 7667/7647/40 7668/7646/40
f 4892/7660/41 4893/7661/41 7666/7648/41 7667/7647/41
f 4893/7661/26 4894/7662/26 7665/7649/26 7666/7648/26
f 4894/7662/42 4895/7663/42 7664/7650/42 7665/7649/42
f 4895/7663/43 4896/7664/43 7663/7651/43 7664/7650/43
f 4896/7664/44 4897/7665/44 7662/7652/44 7663/7651/44
f 4897/7665/45 4898/7666/45 7661/7653/45 7662/7652/45
f 4898/7666/46 4885/4074/46 7659/4073/46 7661/7653/46
f 7675/4005/35 7688/7667/35 6593/6249/35 6580/4002/35
f 7688/7667/36 7687/7668/36 6592/6250/36 6593/6249/36
f 7687/7668/37 7686/7669/37 6591/6251/37 6592/6250/37
f 7686/7669/38 7685/7670/38 6590/6252/38 6591/6251/38
f 7685/7670/39 7684/7671/39 6589/6253/39 6590/6252/39
f 7684/7671/29 7683/7672/29 6588/6254/29 6589/6253/29
f 7683/7672/40 7682/7673/40 6587/6255/40 6588/6254/40
f 7682/7673/41 7681/7674/41 6586/6256/41 6587/6255/41
f 7681/7674/26 7680/7675/26 6585/6257/26 6586/6256/26
f 7680/7675/42 7679/7676/42 6584/6258/42 6585/6257/42
f 7679/7676/43 7678/7677/43 6583/6259/43 6584/6258/43
f 7678/7677/44 7677/7678/44 6582/6260/44 6583/6259/44
f 7677/7678/45 7676/7679/45 6581/6261/45 6582/6260/45
f 7676/7679/46 7674/4154/46 6579/4153/46 6581/6261/46
f 4914/4341/35 4916/6406/35 7688/7667/35 7675/4005/35
f 4916/6406/36 4917/6408/36 7687/7668/36 7688/7667/36
f 4917/6408/37 4918/6410/37 7686/7669/37 7687/7668/37
f 4918/6410/38 4919/6412/38 7685/7670/38 7686/7669/38
f 4919/6412/39 4920/6414/39 7684/7671/39 7685/7670/39
f 4920/6414/29 4921/6416/29 7683/7672/29 7684/7671/29
f 4921/6416/40 4922/6418/40 7682/7673/40 7683/7672/40
f 4922/6418/41 4923/6420/41 7681/7674/41 7682/7673/41
f 4923/6420/26 4924/6422/26 7680/7675/26 7681/7674/26
f 4924/6422/42 4925/6424/42 7679/7676/42 7680/7675/42
f 4925/6424/43 4926/6426/43 7678/7677/43 7679/7676/43
f 4926/6426/44 4927/6428/44 7677/7678/44 7678/7677/44
f 4927/6428/45 4928/6430/45 7676/7679/45 7677/7678/45
f 4928/6430/46 4915/4207/46 7674/4154/46 7676/7679/46
f 7690/4221/35 7703/7680/35 6653/6145/35 6640/4218/35
f 7703/7680/36 7702/7681/36 6652/6146/36 6653/6145/36
f 7702/7681/37 7701/7682/37 6651/6147/37 6652/6146/37
f 7701/7682/38 7700/7683/38 6650/6148/38 6651/6147/38
f 7700/7683/39 7699/7684/39 6649/6149/39 6650/6148/39
f 7699/7684/29 7698/7685/29 6648/6150/29 6649/6149/29
f 7698/7685/40 7697/7686/40 6647/6151/40 6648/6150/40
f 7697/7686/41 7696/7687/41 6646/6152/41 6647/6151/41
f 7696/7687/26 7695/7688/26 6645/6153/26 6646/6152/26
f 7695/7688/42 7694/7689/42 6644/6154/42 6645/6153/42
f 7694/7689/43 7693/7690/43 6643/6155/43 6644/6154/43
f 7693/7690/44 7692/7691/44 6642/6156/44 6643/6155/44
f 7692/7691/45 7691/7692/45 6641/6157/45 6642/6156/45
f 7691/7692/46 7689/4130/46 6639/4129/46 6641/6157/46
f 4899/3860/35 4901/7239/35 7703/7680/35 7690/4221/35
f 4901/7239/36 4902/7241/36 7702/7681/36 7703/7680/36
f 4902/7241/37 4903/7243/37 7701/7682/37 7702/7681/37
f 4903/7243/38 4904/7245/38 7700/7683/38 7701/7682/38
f 4904/7245/39 4905/7247/39 7699/7684/39 7700/7683/39
f 4905/7247/29 4906/7249/29 7698/7685/29 7699/7684/29
f 4906/7249/40 4907/7251/40 7697/7686/40 7698/7685/40
f 4907/7251/41 4908/7253/41 7696/7687/41 7697/7686/41
f 4908/7253/26 4909/7255/26 7695/7688/26 7696/7687/26
f 4909/7255/42 4910/7257/42 7694/7689/42 7695/7688/42
f 4910/7257/43 4911/7259/43 7693/7690/43 7694/7689/43
f 4911/7259/44 4912/7261/44 7692/7691/44 7693/7690/44
f 4912/7261/45 4913/7263/45 7691/7692/45 7692/7691/45
f 4913/7263/46 4900/4355/46 7689/4130/46 7691/7692/46
f 7705/4089/35 7718/7693/35 6713/6041/35 6700/4086/35
f 7718/7693/36 7717/7694/36 6712/6042/36 6713/6041/36
f 7717/7694/37 7716/7695/37 6711/6043/37 6712/6042/37
f 7716/7695/38 7715/7696/38 6710/6044/38 6711/6043/38
f 7715/7696/39 7714/7697/39 6709/6045/39 6710/6044/39
f 7714/7697/29 7713/7698/29 6708/6046/29 6709/6045/29
f 7713/7698/40 7712/7699/40 6707/6047/40 6708/6046/40
f 7712/7699/41 7711/7700/41 6706/6048/41 6707/6047/41
f 7711/7700/26 7710/7701/26 6705/6049/26 6706/6048/26
f 7710/7701/42 7709/7702/42 6704/6050/42 6705/6049/42
f 7709/7702/43 7708/7703/43 6703/6051/43 6704/6050/43
f 7708/7703/44 7707/7704/44 6702/6052/44 6703/6051/44
f 7707/7704/45 7706/7705/45 6701/6053/45 6702/6052/45
f 7706/7705/46 7704/4103/46 6699/4107/46 6701/6053/46
f 4854/4281/35 4856/7706/35 7718/7693/35 7705/4089/35
f 4856/7706/36 4857/7707/36 7717/7694/36 7718/7693/36
f 4857/7707/37 4858/7708/37 7716/7695/37 7717/7694/37
f 4858/7708/38 4859/7709/38 7715/7696/38 7716/7695/38
f 4859/7709/39 4860/7710/39 7714/7697/39 7715/7696/39
f 4860/7710/29 4861/7711/29 7713/7698/29 7714/7697/29
f 4861/7711/40 4862/7712/40 7712/7699/40 7713/7698/40
f 4862/7712/41 4863/7713/41 7711/7700/41 7712/7699/41
f 4863/7713/26 4864/7714/26 7710/7701/26 7711/7700/26
f 4864/7714/42 4865/7715/42 7709/7702/42 7710/7701/42
f 4865/7715/43 4866/7716/43 7708/7703/43 7709/7702/43
f 4866/7716/44 4867/7717/44 7707/7704/44 7708/7703/44
f 4867/7717/45 4868/7718/45 7706/7705/45 7707/7704/45
f 4868/7718/46 4855/4104/46 7704/4103/46 7706/7705/46
f 3895/4404/18 4869/7068/18 7269/4017/18 4930/4016/18
f 2/451/47 19/392/47 3878/4253/47 3861/4311/47
f 3/54/48 20/53/48 3879/3912/48 3862/3911/48
f 5/384/47 21/383/47 3880/4242/47 3864/4245/47
f 6/4/48 22/3/48 3881/3862/48 3865/3861/48
f 7/369/47 23/374/47 3882/4235/47 3866/4228/47
f 8/8/48 24/7/48 3883/3866/48 3867/3865/48
f 9/363/47 25/424/47 3884/4285/47 3868/4222/47
f 10/42/48 26/41/48 3885/3900/48 3869/3899/48
f 11/391/47 27/370/47 3886/4231/47 3870/4250/47
f 12/90/48 28/89/48 3887/3948/48 3871/3947/48
f 13/124/47 29/123/47 3888/3982/47 3872/3985/47
f 14/418/48 30/264/48 3889/4123/48 3873/4277/48
f 15/373/47 31/381/47 3890/4240/47 3874/4232/47
f 16/362/48 32/361/48 3891/4220/48 3875/4219/48
f 17/423/47 33/240/47 3892/4101/47 3876/4282/47
f 18/230/48 34/229/48 3893/4088/48 3877/4087/48
f 19/392/47 11/391/47 3870/4250/47 3878/4253/47
f 20/53/48 12/90/48 3871/3947/48 3879/3912/48
f 21/383/47 13/124/47 3872/3985/47 3880/4242/47
f 22/3/48 14/418/48 3873/4277/48 3881/3862/48
f 23/374/47 15/373/47 3874/4232/47 3882/4235/47
f 24/7/48 16/362/48 3875/4219/48 3883/3866/48
f 25/424/47 17/423/47 3876/4282/47 3884/4285/47
f 26/41/48 18/230/48 3877/4087/48 3885/3900/48
f 27/370/47 7/369/47 3866/4228/47 3886/4231/47
f 28/89/48 8/8/48 3867/3865/48 3887/3948/48
f 29/123/47 9/363/47 3868/4222/47 3888/3982/47
f 30/264/48 10/42/48 3869/3899/48 3889/4123/48
f 31/381/47 5/384/47 3864/4245/47 3890/4240/47
f 32/361/48 6/4/48 3865/3861/48 3891/4220/48
f 33/240/47 1/239/47 3860/4098/47 3892/4101/47
f 34/229/48 4/422/48 3863/4280/48 3893/4088/48
f 49/544/49 36/543/49 3895/4404/49 3908/4403/49
f 48/546/49 49/544/49 3908/4403/49 3907/4406/49
f 47/548/49 48/546/49 3907/4406/49 3906/4408/49
f 46/550/49 47/548/49 3906/4408/49 3905/4410/49
f 45/552/49 46/550/49 3905/4410/49 3904/4412/49
f 44/554/49 45/552/49 3904/4412/49 3903/4414/49
f 43/556/49 44/554/49 3903/4414/49 3902/4416/49
f 42/558/49 43/556/49 3902/4416/49 3901/4418/49
f 41/560/49 42/558/49 3901/4418/49 3900/4420/49
f 40/562/49 41/560/49 3900/4420/49 3899/4422/49
f 39/564/49 40/562/49 3899/4422/49 3898/4424/49
f 38/566/49 39/564/49 3898/4424/49 3897/4426/49
f 37/568/49 38/566/49 3897/4426/49 3896/4428/49
f 35/468/49 37/568/49 3896/4428/49 3894/4325/49
f 94/700/49 81/9/49 3940/3868/49 3953/4560/49
f 93/702/49 94/700/49 3953/4560/49 3952/4562/49
f 92/704/49 93/702/49 3952/4562/49 3951/4564/49
f 91/706/49 92/704/49 3951/4564/49 3950/4566/49
f 90/708/49 91/706/49 3950/4566/49 3949/4568/49
f 89/710/49 90/708/49 3949/4568/49 3948/4570/49
f 88/712/49 89/710/49 3948/4570/49 3947/4572/49
f 87/714/49 88/712/49 3947/4572/49 3946/4574/49
f 86/716/49 87/714/49 3946/4574/49 3945/4576/49
f 85/718/49 86/716/49 3945/4576/49 3944/4578/49
f 84/720/49 85/718/49 3944/4578/49 3943/4580/49
f 83/722/49 84/720/49 3943/4580/49 3942/4582/49
f 82/724/49 83/722/49 3942/4582/49 3941/4584/49
f 80/404/49 82/724/49 3941/4584/49 3939/4261/49
f 124/752/49 111/253/49 3970/4112/49 3983/4612/49
f 123/754/49 124/752/49 3983/4612/49 3982/4614/49
f 122/756/49 123/754/49 3982/4614/49 3981/4616/49
f 121/758/49 122/756/49 3981/4616/49 3980/4618/49
f 120/760/49 121/758/49 3980/4618/49 3979/4620/49
f 119/762/49 120/760/49 3979/4620/49 3978/4622/49
f 118/764/49 119/762/49 3978/4622/49 3977/4624/49
f 117/766/49 118/764/49 3977/4624/49 3976/4626/49
f 116/768/49 117/766/49 3976/4626/49 3975/4628/49
f 115/770/49 116/768/49 3975/4628/49 3974/4630/49
f 114/772/49 115/770/49 3974/4630/49 3973/4632/49
f 113/774/49 114/772/49 3973/4632/49 3972/4634/49
f 112/776/49 113/774/49 3972/4634/49 3971/4636/49
f 110/450/49 112/776/49 3971/4636/49 3969/4307/49
f 304/1376/49 291/541/49 4150/4400/49 4163/5236/49
f 303/1378/49 304/1376/49 4163/5236/49 4162/5238/49
f 302/1380/49 303/1378/49 4162/5238/49 4161/5240/49
f 301/1382/49 302/1380/49 4161/5240/49 4160/5242/49
f 300/1384/49 301/1382/49 4160/5242/49 4159/5244/49
f 299/1386/49 300/1384/49 4159/5244/49 4158/5246/49
f 298/1388/49 299/1386/49 4158/5246/49 4157/5248/49
f 297/1390/49 298/1388/49 4157/5248/49 4156/5250/49
f 296/1392/49 297/1390/49 4156/5250/49 4155/5252/49
f 295/1394/49 296/1392/49 4155/5252/49 4154/5254/49
f 294/1396/49 295/1394/49 4154/5254/49 4153/5256/49
f 293/1398/49 294/1396/49 4153/5256/49 4152/5258/49
f 292/1400/49 293/1398/49 4152/5258/49 4151/5260/49
f 290/474/49 292/1400/49 4151/5260/49 4149/4331/49
f 424/1428/49 411/531/49 4270/4390/49 4283/5288/49
f 423/1430/49 424/1428/49 4283/5288/49 4282/5290/49
f 422/1432/49 423/1430/49 4282/5290/49 4281/5292/49
f 421/1434/49 422/1432/49 4281/5292/49 4280/5294/49
f 420/1436/49 421/1434/49 4280/5294/49 4279/5296/49
f 419/1438/49 420/1436/49 4279/5296/49 4278/5298/49
f 418/1440/49 419/1438/49 4278/5298/49 4277/5300/49
f 417/1442/49 418/1440/49 4277/5300/49 4276/5302/49
f 416/1444/49 417/1442/49 4276/5302/49 4275/5304/49
f 415/1446/49 416/1444/49 4275/5304/49 4274/5306/49
f 414/1448/49 415/1446/49 4274/5306/49 4273/5308/49
f 413/1450/49 414/1448/49 4273/5308/49 4272/5310/49
f 412/1452/49 413/1450/49 4272/5310/49 4271/5312/49
f 410/456/49 412/1452/49 4271/5312/49 4269/4313/49
f 274/1532/49 261/55/49 4120/3914/49 4133/5392/49
f 273/1534/49 274/1532/49 4133/5392/49 4132/5394/49
f 272/1536/49 273/1534/49 4132/5394/49 4131/5396/49
f 271/1538/49 272/1536/49 4131/5396/49 4130/5398/49
f 270/1540/49 271/1538/49 4130/5398/49 4129/5400/49
f 269/1542/49 270/1540/49 4129/5400/49 4128/5402/49
f 268/1544/49 269/1542/49 4128/5402/49 4127/5404/49
f 267/1546/49 268/1544/49 4127/5404/49 4126/5406/49
f 266/1548/49 267/1546/49 4126/5406/49 4125/5408/49
f 265/1550/49 266/1548/49 4125/5408/49 4124/5410/49
f 264/1552/49 265/1550/49 4124/5410/49 4123/5412/49
f 263/1554/49 264/1552/49 4123/5412/49 4122/5414/49
f 262/1556/49 263/1554/49 4122/5414/49 4121/5416/49
f 260/434/49 262/1556/49 4121/5416/49 4119/4291/49
f 394/1584/49 381/507/49 4240/4366/49 4253/5444/49
f 393/1586/49 394/1584/49 4253/5444/49 4252/5446/49
f 392/1588/49 393/1586/49 4252/5446/49 4251/5448/49
f 391/1590/49 392/1588/49 4251/5448/49 4250/5450/49
f 390/1592/49 391/1590/49 4250/5450/49 4249/5452/49
f 389/1594/49 390/1592/49 4249/5452/49 4248/5454/49
f 388/1596/49 389/1594/49 4248/5454/49 4247/5456/49
f 387/1598/49 388/1596/49 4247/5456/49 4246/5458/49
f 386/1600/49 387/1598/49 4246/5458/49 4245/5460/49
f 385/1602/49 386/1600/49 4245/5460/49 4244/5462/49
f 384/1604/49 385/1602/49 4244/5462/49 4243/5464/49
f 383/1606/49 384/1604/49 4243/5464/49 4242/5466/49
f 382/1608/49 383/1606/49 4242/5466/49 4241/5468/49
f 380/412/49 382/1608/49 4241/5468/49 4239/4269/49
f 50/14/50 52/2000/50 3911/5859/50 3909/3875/50
f 52/2000/50 53/2001/50 3912/5860/50 3911/5859/50
f 53/2001/50 54/2002/50 3913/5861/50 3912/5860/50
f 54/2002/50 55/2003/50 3914/5862/50 3913/5861/50
f 55/2003/50 56/2004/50 3915/5863/50 3914/5862/50
f 56/2004/50 57/2005/50 3916/5864/50 3915/5863/50
f 57/2005/50 58/2006/50 3917/5865/50 3916/5864/50
f 58/2006/50 59/2007/50 3918/5866/50 3917/5865/50
f 59/2007/50 60/2008/50 3919/5867/50 3918/5866/50
f 60/2008/50 61/2009/50 3920/5868/50 3919/5867/50
f 61/2009/50 62/2010/50 3921/5869/50 3920/5868/50
f 62/2010/50 63/2011/50 3922/5870/50 3921/5869/50
f 63/2011/50 64/2012/50 3923/5871/50 3922/5870/50
f 64/2012/50 51/407/50 3910/4266/50 3923/5871/50
f 125/26/50 127/2013/50 3986/5872/50 3984/3887/50
f 127/2013/50 128/2014/50 3987/5873/50 3986/5872/50
f 128/2014/50 129/2015/50 3988/5874/50 3987/5873/50
f 129/2015/50 130/2016/50 3989/5875/50 3988/5874/50
f 130/2016/50 131/2017/50 3990/5876/50 3989/5875/50
f 131/2017/50 132/2018/50 3991/5877/50 3990/5876/50
f 132/2018/50 133/2019/50 3992/5878/50 3991/5877/50
f 133/2019/50 134/2020/50 3993/5879/50 3992/5878/50
f 134/2020/50 135/2021/50 3994/5880/50 3993/5879/50
f 135/2021/50 136/2022/50 3995/5881/50 3994/5880/50
f 136/2022/50 137/2023/50 3996/5882/50 3995/5881/50
f 137/2023/50 138/2024/50 3997/5883/50 3996/5882/50
f 138/2024/50 139/2025/50 3998/5884/50 3997/5883/50
f 139/2025/50 126/470/50 3985/4328/50 3998/5884/50
f 95/60/50 97/2026/50 3956/5885/50 3954/3921/50
f 97/2026/50 98/2027/50 3957/5886/50 3956/5885/50
f 98/2027/50 99/2028/50 3958/5887/50 3957/5886/50
f 99/2028/50 100/2029/50 3959/5888/50 3958/5887/50
f 100/2029/50 101/2030/50 3960/5889/50 3959/5888/50
f 101/2030/50 102/2031/50 3961/5890/50 3960/5889/50
f 102/2031/50 103/2032/50 3962/5891/50 3961/5890/50
f 103/2032/50 104/2033/50 3963/5892/50 3962/5891/50
f 104/2033/50 105/2034/50 3964/5893/50 3963/5892/50
f 105/2034/50 106/2035/50 3965/5894/50 3964/5893/50
f 106/2035/50 107/2036/50 3966/5895/50 3965/5894/50
f 107/2036/50 108/2037/50 3967/5896/50 3966/5895/50
f 108/2037/50 109/2038/50 3968/5897/50 3967/5896/50
f 109/2038/50 96/429/50 3955/4288/50 3968/5897/50
f 395/72/50 397/2039/50 4256/5898/50 4254/3933/50
f 397/2039/50 398/2040/50 4257/5899/50 4256/5898/50
f 398/2040/50 399/2041/50 4258/5900/50 4257/5899/50
f 399/2041/50 400/2042/50 4259/5901/50 4258/5900/50
f 400/2042/50 401/2043/50 4260/5902/50 4259/5901/50
f 401/2043/50 402/2044/50 4261/5903/50 4260/5902/50
f 402/2044/50 403/2045/50 4262/5904/50 4261/5903/50
f 403/2045/50 404/2046/50 4263/5905/50 4262/5904/50
f 404/2046/50 405/2047/50 4264/5906/50 4263/5905/50
f 405/2047/50 406/2048/50 4265/5907/50 4264/5906/50
f 406/2048/50 407/2049/50 4266/5908/50 4265/5907/50
f 407/2049/50 408/2050/50 4267/5909/50 4266/5908/50
f 408/2050/50 409/2051/50 4268/5910/50 4267/5909/50
f 409/2051/50 396/400/50 4255/4258/50 4268/5910/50
f 425/178/50 427/2052/50 4286/5911/50 4284/4039/50
f 427/2052/50 428/2053/50 4287/5912/50 4286/5911/50
f 428/2053/50 429/2054/50 4288/5913/50 4287/5912/50
f 429/2054/50 430/2055/50 4289/5914/50 4288/5913/50
f 430/2055/50 431/2056/50 4290/5915/50 4289/5914/50
f 431/2056/50 432/2057/50 4291/5916/50 4290/5915/50
f 432/2057/50 433/2058/50 4292/5917/50 4291/5916/50
f 433/2058/50 434/2059/50 4293/5918/50 4292/5917/50
f 434/2059/50 435/2060/50 4294/5919/50 4293/5918/50
f 435/2060/50 436/2061/50 4295/5920/50 4294/5919/50
f 436/2061/50 437/2062/50 4296/5921/50 4295/5920/50
f 437/2062/50 438/2063/50 4297/5922/50 4296/5921/50
f 438/2063/50 439/2064/50 4298/5923/50 4297/5922/50
f 439/2064/50 426/446/50 4285/4304/50 4298/5923/50
f 305/214/50 307/2065/50 4166/5924/50 4164/4075/50
f 307/2065/50 308/2066/50 4167/5925/50 4166/5924/50
f 308/2066/50 309/2067/50 4168/5926/50 4167/5925/50
f 309/2067/50 310/2068/50 4169/5927/50 4168/5926/50
f 310/2068/50 311/2069/50 4170/5928/50 4169/5927/50
f 311/2069/50 312/2070/50 4171/5929/50 4170/5928/50
f 312/2070/50 313/2071/50 4172/5930/50 4171/5929/50
f 313/2071/50 314/2072/50 4173/5931/50 4172/5930/50
f 314/2072/50 315/2073/50 4174/5932/50 4173/5931/50
f 315/2073/50 316/2074/50 4175/5933/50 4174/5932/50
f 316/2074/50 317/2075/50 4176/5934/50 4175/5933/50
f 317/2075/50 318/2076/50 4177/5935/50 4176/5934/50
f 318/2076/50 319/2077/50 4178/5936/50 4177/5935/50
f 319/2077/50 306/464/50 4165/4322/50 4178/5936/50
f 275/244/50 277/2078/50 4136/5937/50 4134/4105/50
f 277/2078/50 278/2079/50 4137/5938/50 4136/5937/50
f 278/2079/50 279/2080/50 4138/5939/50 4137/5938/50
f 279/2080/50 280/2081/50 4139/5940/50 4138/5939/50
f 280/2081/50 281/2082/50 4140/5941/50 4139/5940/50
f 281/2082/50 282/2083/50 4141/5942/50 4140/5941/50
f 282/2083/50 283/2084/50 4142/5943/50 4141/5942/50
f 283/2084/50 284/2085/50 4143/5944/50 4142/5943/50
f 284/2085/50 285/2086/50 4144/5945/50 4143/5944/50
f 285/2086/50 286/2087/50 4145/5946/50 4144/5945/50
f 286/2087/50 287/2088/50 4146/5947/50 4145/5946/50
f 287/2088/50 288/2089/50 4147/5948/50 4146/5947/50
f 288/2089/50 289/2090/50 4148/5949/50 4147/5948/50
f 289/2090/50 276/420/50 4135/4278/50 4148/5949/50
f 1475/419/50 1477/2117/50 5336/5976/50 5334/4279/50
f 1477/2117/50 1478/2118/50 5337/5977/50 5336/5976/50
f 1478/2118/50 1479/2119/50 5338/5978/50 5337/5977/50
f 1479/2119/50 1480/2120/50 5339/5979/50 5338/5978/50
f 1480/2120/50 1481/2121/50 5340/5980/50 5339/5979/50
f 1481/2121/50 1482/2122/50 5341/5981/50 5340/5980/50
f 1482/2122/50 1483/2123/50 5342/5982/50 5341/5981/50
f 1483/2123/50 1484/2124/50 5343/5983/50 5342/5982/50
f 1484/2124/50 1485/2125/50 5344/5984/50 5343/5983/50
f 1485/2125/50 1486/2126/50 5345/5985/50 5344/5984/50
f 1486/2126/50 1487/2127/50 5346/5986/50 5345/5985/50
f 1487/2127/50 1488/2128/50 5347/5987/50 5346/5986/50
f 1488/2128/50 1489/2129/50 5348/5988/50 5347/5987/50
f 1489/2129/50 1476/61/50 5335/3920/50 5348/5988/50
f 1505/463/50 1507/2429/50 5366/6288/50 5364/4323/50
f 1507/2429/50 1508/2430/50 5367/6289/50 5366/6288/50
f 1508/2430/50 1509/2431/50 5368/6290/50 5367/6289/50
f 1509/2431/50 1510/2432/50 5369/6291/50 5368/6290/50
f 1510/2432/50 1511/2433/50 5370/6292/50 5369/6291/50
f 1511/2433/50 1512/2434/50 5371/6293/50 5370/6292/50
f 1512/2434/50 1513/2435/50 5372/6294/50 5371/6293/50
f 1513/2435/50 1514/2436/50 5373/6295/50 5372/6294/50
f 1514/2436/50 1515/2437/50 5374/6296/50 5373/6295/50
f 1515/2437/50 1516/2438/50 5375/6297/50 5374/6296/50
f 1516/2438/50 1517/2439/50 5376/6298/50 5375/6297/50
f 1517/2439/50 1518/2440/50 5377/6299/50 5376/6298/50
f 1518/2440/50 1519/2441/50 5378/6300/50 5377/6299/50
f 1519/2441/50 1506/27/50 5365/3886/50 5378/6300/50
f 1625/445/50 1627/2715/50 5486/6574/50 5484/4305/50
f 1627/2715/50 1628/2716/50 5487/6575/50 5486/6574/50
f 1628/2716/50 1629/2717/50 5488/6576/50 5487/6575/50
f 1629/2717/50 1630/2718/50 5489/6577/50 5488/6576/50
f 1630/2718/50 1631/2719/50 5490/6578/50 5489/6577/50
f 1631/2719/50 1632/2720/50 5491/6579/50 5490/6578/50
f 1632/2720/50 1633/2721/50 5492/6580/50 5491/6579/50
f 1633/2721/50 1634/2722/50 5493/6581/50 5492/6580/50
f 1634/2722/50 1635/2723/50 5494/6582/50 5493/6581/50
f 1635/2723/50 1636/2724/50 5495/6583/50 5494/6582/50
f 1636/2724/50 1637/2725/50 5496/6584/50 5495/6583/50
f 1637/2725/50 1638/2726/50 5497/6585/50 5496/6584/50
f 1638/2726/50 1639/2727/50 5498/6586/50 5497/6585/50
f 1639/2727/50 1626/452/50 5485/4310/50 5498/6586/50
f 1114/2806/49 1101/409/49 4960/4268/49 4973/6666/49
f 1113/2808/49 1114/2806/49 4973/6666/49 4972/6668/49
f 1112/2810/49 1113/2808/49 4972/6668/49 4971/6670/49
f 1111/2812/49 1112/2810/49 4971/6670/49 4970/6672/49
f 1110/2814/49 1111/2812/49 4970/6672/49 4969/6674/49
f 1109/2816/49 1110/2814/49 4969/6674/49 4968/6676/49
f 1108/2818/49 1109/2816/49 4968/6676/49 4967/6678/49
f 1107/2820/49 1108/2818/49 4967/6678/49 4966/6680/49
f 1106/2822/49 1107/2820/49 4966/6680/49 4965/6682/49
f 1105/2824/49 1106/2822/49 4965/6682/49 4964/6684/49
f 1104/2826/49 1105/2824/49 4964/6684/49 4963/6686/49
f 1103/2828/49 1104/2826/49 4963/6686/49 4962/6688/49
f 1102/2830/49 1103/2828/49 4962/6688/49 4961/6690/49
f 1100/12/49 1102/2830/49 4961/6690/49 4959/3869/49
f 1594/2832/49 1581/465/49 5440/4324/49 5453/6692/49
f 1593/2834/49 1594/2832/49 5453/6692/49 5452/6694/49
f 1592/2836/49 1593/2834/49 5452/6694/49 5451/6696/49
f 1591/2838/49 1592/2836/49 5451/6696/49 5450/6698/49
f 1590/2840/49 1591/2838/49 5450/6698/49 5449/6700/49
f 1589/2842/49 1590/2840/49 5449/6700/49 5448/6702/49
f 1588/2844/49 1589/2842/49 5448/6702/49 5447/6704/49
f 1587/2846/49 1588/2844/49 5447/6704/49 5446/6706/49
f 1586/2848/49 1587/2846/49 5446/6706/49 5445/6708/49
f 1585/2850/49 1586/2848/49 5445/6708/49 5444/6710/49
f 1584/2852/49 1585/2850/49 5444/6710/49 5443/6712/49
f 1583/2854/49 1584/2852/49 5443/6712/49 5442/6714/49
f 1582/2856/49 1583/2854/49 5442/6714/49 5441/6716/49
f 1580/510/49 1582/2856/49 5441/6716/49 5439/4367/49
f 994/2910/49 981/431/49 4840/4290/49 4853/6770/49
f 993/2912/49 994/2910/49 4853/6770/49 4852/6772/49
f 992/2914/49 993/2912/49 4852/6772/49 4851/6774/49
f 991/2916/49 992/2914/49 4851/6774/49 4850/6776/49
f 990/2918/49 991/2916/49 4850/6776/49 4849/6778/49
f 989/2920/49 990/2918/49 4849/6778/49 4848/6780/49
f 988/2922/49 989/2920/49 4848/6780/49 4847/6782/49
f 987/2924/49 988/2922/49 4847/6782/49 4846/6784/49
f 986/2926/49 987/2924/49 4846/6784/49 4845/6786/49
f 985/2928/49 986/2926/49 4845/6786/49 4844/6788/49
f 984/2930/49 985/2928/49 4844/6788/49 4843/6790/49
f 983/2932/49 984/2930/49 4843/6790/49 4842/6792/49
f 982/2934/49 983/2932/49 4842/6792/49 4841/6794/49
f 980/242/49 982/2934/49 4841/6794/49 4839/4099/49
f 1474/2936/49 1461/401/49 5320/4260/49 5333/6796/49
f 1473/2938/49 1474/2936/49 5333/6796/49 5332/6798/49
f 1472/2940/49 1473/2938/49 5332/6798/49 5331/6800/49
f 1471/2942/49 1472/2940/49 5331/6800/49 5330/6802/49
f 1470/2944/49 1471/2942/49 5330/6802/49 5329/6804/49
f 1469/2946/49 1470/2944/49 5329/6804/49 5328/6806/49
f 1468/2948/49 1469/2946/49 5328/6806/49 5327/6808/49
f 1467/2950/49 1468/2948/49 5327/6808/49 5326/6810/49
f 1466/2952/49 1467/2950/49 5326/6810/49 5325/6812/49
f 1465/2954/49 1466/2952/49 5325/6812/49 5324/6814/49
f 1464/2956/49 1465/2954/49 5324/6814/49 5323/6816/49
f 1463/2958/49 1464/2956/49 5323/6816/49 5322/6818/49
f 1462/2960/49 1463/2958/49 5322/6818/49 5321/6820/49
f 1460/58/49 1462/2960/49 5321/6820/49 5319/3915/49
f 1144/3079/49 1131/453/49 4990/4312/49 5003/6939/49
f 1143/3081/49 1144/3079/49 5003/6939/49 5002/6941/49
f 1142/3083/49 1143/3081/49 5002/6941/49 5001/6943/49
f 1141/3085/49 1142/3083/49 5001/6943/49 5000/6945/49
f 1140/3087/49 1141/3085/49 5000/6945/49 4999/6947/49
f 1139/3089/49 1140/3087/49 4999/6947/49 4998/6949/49
f 1138/3091/49 1139/3089/49 4998/6949/49 4997/6951/49
f 1137/3093/49 1138/3091/49 4997/6951/49 4996/6953/49
f 1136/3095/49 1137/3093/49 4996/6953/49 4995/6955/49
f 1135/3097/49 1136/3095/49 4995/6955/49 4994/6957/49
f 1134/3099/49 1135/3097/49 4994/6957/49 4993/6959/49
f 1133/3101/49 1134/3099/49 4993/6959/49 4992/6961/49
f 1132/3103/49 1133/3101/49 4992/6961/49 4991/6963/49
f 1130/254/49 1132/3103/49 4991/6963/49 4989/4113/49
f 1624/3105/49 1611/51/49 5470/3910/49 5483/6965/49
f 1623/3107/49 1624/3105/49 5483/6965/49 5482/6967/49
f 1622/3109/49 1623/3107/49 5482/6967/49 5481/6969/49
f 1621/3111/49 1622/3109/49 5481/6969/49 5480/6971/49
f 1620/3113/49 1621/3111/49 5480/6971/49 5479/6973/49
f 1619/3115/49 1620/3113/49 5479/6973/49 5478/6975/49
f 1618/3117/49 1619/3115/49 5478/6975/49 5477/6977/49
f 1617/3119/49 1618/3117/49 5477/6977/49 5476/6979/49
f 1616/3121/49 1617/3119/49 5476/6979/49 5475/6981/49
f 1615/3123/49 1616/3121/49 5475/6981/49 5474/6983/49
f 1614/3125/49 1615/3123/49 5474/6983/49 5473/6985/49
f 1613/3127/49 1614/3125/49 5473/6985/49 5472/6987/49
f 1612/3129/49 1613/3127/49 5472/6987/49 5471/6989/49
f 1610/534/49 1612/3129/49 5471/6989/49 5469/4391/49
f 1024/3183/49 1011/471/49 4870/4330/49 4883/7043/49
f 1023/3185/49 1024/3183/49 4883/7043/49 4882/7045/49
f 1022/3187/49 1023/3185/49 4882/7045/49 4881/7047/49
f 1021/3189/49 1022/3187/49 4881/7047/49 4880/7049/49
f 1020/3191/49 1021/3189/49 4880/7049/49 4879/7051/49
f 1019/3193/49 1020/3191/49 4879/7051/49 4878/7053/49
f 1018/3195/49 1019/3193/49 4878/7053/49 4877/7055/49
f 1017/3197/49 1018/3195/49 4877/7055/49 4876/7057/49
f 1016/3199/49 1017/3197/49 4876/7057/49 4875/7059/49
f 1015/3201/49 1016/3199/49 4875/7059/49 4874/7061/49
f 1014/3203/49 1015/3201/49 4874/7061/49 4873/7063/49
f 1013/3205/49 1014/3203/49 4873/7063/49 4872/7065/49
f 1012/3207/49 1013/3205/49 4872/7065/49 4871/7067/49
f 1010/3209/49 1012/3207/49 4871/7067/49 4869/7068/49
f 1504/3210/49 1491/447/49 5350/4306/49 5363/7070/49
f 1503/3212/49 1504/3210/49 5363/7070/49 5362/7072/49
f 1502/3214/49 1503/3212/49 5362/7072/49 5361/7074/49
f 1501/3216/49 1502/3214/49 5361/7074/49 5360/7076/49
f 1500/3218/49 1501/3216/49 5360/7076/49 5359/7078/49
f 1499/3220/49 1500/3218/49 5359/7078/49 5358/7080/49
f 1498/3222/49 1499/3220/49 5358/7080/49 5357/7082/49
f 1497/3224/49 1498/3222/49 5357/7082/49 5356/7084/49
f 1496/3226/49 1497/3224/49 5356/7084/49 5355/7086/49
f 1495/3228/49 1496/3226/49 5355/7086/49 5354/7088/49
f 1494/3230/49 1495/3228/49 5354/7088/49 5353/7090/49
f 1493/3232/49 1494/3230/49 5353/7090/49 5352/7092/49
f 1492/3234/49 1493/3232/49 5352/7092/49 5351/7094/49
f 1490/542/49 1492/3234/49 5351/7094/49 5349/4401/49
f 1595/399/50 1597/3535/50 5456/7394/50 5454/4259/50
f 1597/3535/50 1598/3536/50 5457/7395/50 5456/7394/50
f 1598/3536/50 1599/3537/50 5458/7396/50 5457/7395/50
f 1599/3537/50 1600/3538/50 5459/7397/50 5458/7396/50
f 1600/3538/50 1601/3539/50 5460/7398/50 5459/7397/50
f 1601/3539/50 1602/3540/50 5461/7399/50 5460/7398/50
f 1602/3540/50 1603/3541/50 5462/7400/50 5461/7399/50
f 1603/3541/50 1604/3542/50 5463/7401/50 5462/7400/50
f 1604/3542/50 1605/3543/50 5464/7402/50 5463/7401/50
f 1605/3543/50 1606/3544/50 5465/7403/50 5464/7402/50
f 1606/3544/50 1607/3545/50 5466/7404/50 5465/7403/50
f 1607/3545/50 1608/3546/50 5467/7405/50 5466/7404/50
f 1608/3546/50 1609/3547/50 5468/7406/50 5467/7405/50
f 1609/3547/50 1596/15/50 5455/3874/50 5468/7406/50
f 1115/428/50 1117/3613/50 4976/7472/50 4974/4289/50
f 1117/3613/50 1118/3614/50 4977/7473/50 4976/7472/50
f 1118/3614/50 1119/3615/50 4978/7474/50 4977/7473/50
f 1119/3615/50 1120/3616/50 4979/7475/50 4978/7474/50
f 1120/3616/50 1121/3617/50 4980/7476/50 4979/7475/50
f 1121/3617/50 1122/3618/50 4981/7477/50 4980/7476/50
f 1122/3618/50 1123/3619/50 4982/7478/50 4981/7477/50
f 1123/3619/50 1124/3620/50 4983/7479/50 4982/7478/50
f 1124/3620/50 1125/3621/50 4984/7480/50 4983/7479/50
f 1125/3621/50 1126/3622/50 4985/7481/50 4984/7480/50
f 1126/3622/50 1127/3623/50 4986/7482/50 4985/7481/50
f 1127/3623/50 1128/3624/50 4987/7483/50 4986/7482/50
f 1128/3624/50 1129/3625/50 4988/7484/50 4987/7483/50
f 1129/3625/50 1116/73/50 4975/3932/50 4988/7484/50
f 1145/469/50 1147/3743/50 5006/7602/50 5004/4329/50
f 1147/3743/50 1148/3744/50 5007/7603/50 5006/7602/50
f 1148/3744/50 1149/3745/50 5008/7604/50 5007/7603/50
f 1149/3745/50 1150/3746/50 5009/7605/50 5008/7604/50
f 1150/3746/50 1151/3747/50 5010/7606/50 5009/7605/50
f 1151/3747/50 1152/3748/50 5011/7607/50 5010/7606/50
f 1152/3748/50 1153/3749/50 5012/7608/50 5011/7607/50
f 1153/3749/50 1154/3750/50 5013/7609/50 5012/7608/50
f 1154/3750/50 1155/3751/50 5014/7610/50 5013/7609/50
f 1155/3751/50 1156/3752/50 5015/7611/50 5014/7610/50
f 1156/3752/50 1157/3753/50 5016/7612/50 5015/7611/50
f 1157/3753/50 1158/3754/50 5017/7613/50 5016/7612/50
f 1158/3754/50 1159/3755/50 5018/7614/50 5017/7613/50
f 1159/3755/50 1146/179/50 5005/4038/50 5018/7614/50
f 1025/406/50 1027/3795/50 4886/7654/50 4884/4267/50
f 1027/3795/50 1028/3796/50 4887/7655/50 4886/7654/50
f 1028/3796/50 1029/3797/50 4888/7656/50 4887/7655/50
f 1029/3797/50 1030/3798/50 4889/7657/50 4888/7656/50
f 1030/3798/50 1031/3799/50 4890/7658/50 4889/7657/50
f 1031/3799/50 1032/3800/50 4891/7659/50 4890/7658/50
f 1032/3800/50 1033/3801/50 4892/7660/50 4891/7659/50
f 1033/3801/50 1034/3802/50 4893/7661/50 4892/7660/50
f 1034/3802/50 1035/3803/50 4894/7662/50 4893/7661/50
f 1035/3803/50 1036/3804/50 4895/7663/50 4894/7662/50
f 1036/3804/50 1037/3805/50 4896/7664/50 4895/7663/50
f 1037/3805/50 1038/3806/50 4897/7665/50 4896/7664/50
f 1038/3806/50 1039/3807/50 4898/7666/50 4897/7665/50
f 1039/3807/50 1026/215/50 4885/4074/50 4898/7666/50
f 995/421/50 997/3847/50 4856/7706/50 4854/4281/50
f 997/3847/50 998/3848/50 4857/7707/50 4856/7706/50
f 998/3848/50 999/3849/50 4858/7708/50 4857/7707/50
f 999/3849/50 1000/3850/50 4859/7709/50 4858/7708/50
f 1000/3850/50 1001/3851/50 4860/7710/50 4859/7709/50
f 1001/3851/50 1002/3852/50 4861/7711/50 4860/7710/50
f 1002/3852/50 1003/3853/50 4862/7712/50 4861/7711/50
f 1003/3853/50 1004/3854/50 4863/7713/50 4862/7712/50
f 1004/3854/50 1005/3855/50 4864/7714/50 4863/7713/50
f 1005/3855/50 1006/3856/50 4865/7715/50 4864/7714/50
f 1006/3856/50 1007/3857/50 4866/7716/50 4865/7715/50
f 1007/3857/50 1008/3858/50 4867/7717/50 4866/7716/50
f 1008/3858/50 1009/3859/50 4868/7718/50 4867/7717/50
f 1009/3859/50 996/245/50 4855/4104/50 4868/7718/50
f 36/543/49 1010/3209/49 4869/7068/49 3895/4404/49
f 1581/465/49 35/468/49 3894/4325/49 5440/4324/49
f 51/407/50 1025/406/50 4884/4267/50 3910/4266/50
f 1596/15/50 50/14/50 3909/3875/50 5455/3874/50
f 81/9/49 1100/12/49 4959/3869/49 3940/3868/49
f 1461/401/49 80/404/49 3939/4261/49 5320/4260/49
f 96/429/50 1115/428/50 4974/4289/50 3955/4288/50
f 1476/61/50 95/60/50 3954/3921/50 5335/3920/50
f 111/253/49 1130/254/49 4989/4113/49 3970/4112/49
f 1491/447/49 110/450/49 3969/4307/49 5350/4306/49
f 126/470/50 1145/469/50 5004/4329/50 3985/4328/50
f 1506/27/50 125/26/50 3984/3887/50 5365/3886/50
f 261/55/49 1460/58/49 5319/3915/49 4120/3914/49
f 981/431/49 260/434/49 4119/4291/49 4840/4290/49
f 276/420/50 1475/419/50 5334/4279/50 4135/4278/50
f 996/245/50 275/244/50 4134/4105/50 4855/4104/50
f 291/541/49 1490/542/49 5349/4401/49 4150/4400/49
f 1011/471/49 290/474/49 4149/4331/49 4870/4330/49
f 306/464/50 1505/463/50 5364/4323/50 4165/4322/50
f 1026/215/50 305/214/50 4164/4075/50 4885/4074/50
f 381/507/49 1580/510/49 5439/4367/49 4240/4366/49
f 1101/409/49 380/412/49 4239/4269/49 4960/4268/49
f 396/400/50 1595/399/50 5454/4259/50 4255/4258/50
f 1116/73/50 395/72/50 4254/3933/50 4975/3932/50
f 411/531/49 1610/534/49 5469/4391/49 4270/4390/49
f 1131/453/49 410/456/49 4269/4313/49 4990/4312/49
f 426/446/50 1625/445/50 5484/4305/50 4285/4304/50
f 1146/179/50 425/178/50 4284/4039/50 5005/4038/50
f 1/239/49 980/242/49 4839/4099/49 3860/4098/49
f 4/422/50 995/421/50 4854/4281/50 3863/4280/50
f 1611/51/49 3/54/49 3862/3911/49 5470/3910/49
f 1626/452/50 2/451/50 3861/4311/50 5485/4310/50
o Plane.001_Plane
v 79.541840 -0.019890 -79.541840
v -79.541840 -0.019890 -79.541840
v 79.541840 -0.019890 79.541840
v -79.541840 -0.019890 79.541840
vt 0.000000 0.000000
vt 0.000000 1.000000
vt 1.000000 1.000000
vt 1.000000 0.000000
vn 0.0000 -1.0000 0.0000
usemtl None
s off
f 7719/7719/51 7721/7720/51 7722/7721/51 7720/7722/51
