# Blender v2.64 (sub 0) OBJ File: 'Silla.blend'
# www.blender.org
mtllib Silla.mtl
o Fierro_4_Cube.006
v -1.507063 3.692338 3.369435
v -1.507063 3.691702 3.076975
v -1.167551 3.691702 3.076975
v -1.167551 3.692338 3.369435
v -1.589697 4.060359 3.389286
v -1.589697 4.101717 3.049774
v -1.102749 4.101717 3.049774
v -1.102749 4.060359 3.389286
v -1.531475 3.786898 3.049774
v -1.531475 3.786898 3.389286
v -1.136249 3.786898 3.049774
v -1.136249 3.786898 3.389286
v -1.167551 3.640794 3.162944
v -1.167551 3.640794 3.276115
v -1.102749 4.105309 3.276115
v -1.102749 4.105309 3.162944
v -1.136249 3.786898 3.162944
v -1.136249 3.786898 3.276115
v -1.531475 3.786898 3.276115
v -1.531475 3.786898 3.162944
v -1.507063 3.640794 3.276115
v -1.507063 3.640794 3.162944
v -1.599125 4.105309 3.162944
v -1.599125 4.105309 3.276115
v -1.507063 3.675964 3.339789
v -1.102749 4.105309 3.353334
v -1.531475 3.786898 3.353334
v -1.167551 3.675964 3.339789
v -1.136249 3.786898 3.353334
v -1.592692 4.105309 3.353334
v -1.240863 4.362722 3.336787
v -1.586886 4.362722 3.336787
v -1.240863 4.362722 3.049774
v -1.240863 4.362722 3.389286
v -1.240863 4.362722 3.092634
v -1.586901 4.362722 3.092634
v -1.507063 3.675428 3.104457
v -1.531475 3.786898 3.085951
v -1.493036 4.460189 3.389286
v -1.524570 4.485117 3.049903
v -1.584627 4.362722 3.389286
v -1.584627 4.362722 3.049774
v -1.337070 4.485117 3.086081
v -1.525627 4.485117 3.086081
v -1.102749 4.105309 3.092634
v -1.136249 3.786898 3.085951
v -1.167551 3.675428 3.104457
v -1.592711 4.105309 3.092634
v -1.333310 4.460189 3.389286
v -1.337070 4.485117 3.049903
v -1.494086 4.460189 3.336787
v -1.333310 4.460189 3.336787
v -1.292621 4.362722 3.389286
v -1.490030 4.362722 3.389286
v -1.312207 4.362722 4.131592
v -1.479675 4.362722 4.131592
v -1.334343 4.411211 4.131592
v -1.397371 4.452096 4.131592
v -1.463703 4.420739 4.131592
v -1.464060 4.300775 4.131592
v -1.326386 4.423204 3.389286
v -1.402779 4.464090 3.389286
v -1.469112 4.432733 3.389286
v -1.464060 4.300775 3.389286
v -1.403911 4.262772 3.389286
v -1.327920 4.285018 3.389286
v -1.403911 4.262772 4.131592
v -1.327920 4.285018 4.131592
v -1.327310 4.361759 4.131592
v -1.465261 4.361759 4.131592
v -1.345545 4.401701 4.131592
v -1.397464 4.435380 4.131592
v -1.452105 4.409550 4.131592
v -1.452399 4.310730 4.131592
v -1.402851 4.279425 4.131592
v -1.340254 4.297750 4.131592
v -1.327310 4.361759 4.173013
v -1.465261 4.361759 4.173013
v -1.345545 4.401701 4.173013
v -1.397464 4.435380 4.173013
v -1.452105 4.409550 4.173013
v -1.452399 4.310730 4.173013
v -1.402851 4.279425 4.173013
v -1.340254 4.297750 4.173013
v -1.340507 4.360917 4.173013
v -1.452668 4.360917 4.173013
v -1.355332 4.393392 4.173013
v -1.397545 4.420775 4.173013
v -1.441971 4.399773 4.173013
v -1.442210 4.319428 4.173013
v -1.401925 4.293976 4.173013
v -1.351031 4.308875 4.173013
v -1.351531 4.360214 4.153401
v -1.442147 4.360214 4.153401
v -1.363509 4.386451 4.153401
v -1.397613 4.408574 4.153401
v -1.433505 4.391607 4.153401
v -1.433698 4.326694 4.153401
v -1.401152 4.306131 4.153401
v -1.360033 4.318169 4.153401
v -1.469112 4.432733 3.784934
v -1.402779 4.464090 3.784934
v -1.464060 4.300775 3.784934
v -1.490030 4.362722 3.784934
v -1.327920 4.285018 3.784934
v -1.403911 4.262772 3.784934
v -1.326386 4.423204 3.784934
v -1.292621 4.362722 3.784934
v -1.337991 4.243843 3.430328
v -1.454015 4.260179 3.430328
v -1.469112 4.432733 3.430328
v -1.292621 4.362722 3.430328
v -1.653971 3.500410 3.699219
v -1.596341 3.483186 3.797162
v -1.508477 3.460734 3.694273
v -1.668932 3.504882 3.699219
v -1.326386 4.423204 3.430328
v -1.403911 4.262772 3.430328
v -1.490030 4.362722 3.430328
v -1.402779 4.464090 3.430328
v -1.538376 3.340560 3.799931
v -1.564251 3.281312 3.738898
v -1.700391 3.297069 3.738898
v -1.535944 3.359017 3.738898
v -1.523532 3.461424 3.797162
v -1.668932 3.504882 3.797162
v -1.653971 3.500410 3.797162
v -1.640242 3.259066 3.738898
v -1.716006 3.359017 3.738898
v -1.523532 3.461424 3.699219
v -1.508477 3.456925 3.797162
v -1.700391 3.278612 3.799931
v -1.716006 3.340560 3.799931
v -1.564251 3.262856 3.799931
v -1.640242 3.240609 3.799931
v -1.555802 3.304058 3.799356
v -1.532172 3.364705 3.799356
v -1.570941 3.318685 3.730665
v -1.645259 3.291690 3.730665
v -1.690759 3.324634 3.799356
v -1.695466 3.346381 3.730665
v -1.631132 3.290943 3.799356
v -1.530245 3.380123 3.729639
v -1.706238 3.374656 3.799356
v -1.706238 3.389283 3.730665
v -1.645259 3.291690 3.775155
v -1.570941 3.318685 3.775155
v -1.527118 3.461424 3.743709
v -1.590745 3.483186 3.743709
v -1.695466 3.346381 3.775155
v -1.403248 4.265290 3.665322
v -1.644789 3.500410 3.743709
v -1.445811 4.257932 3.665322
v -1.346858 4.243572 3.665322
v -1.643583 3.299827 3.731840
v -1.577593 3.323797 3.731840
v -1.538681 3.450542 3.703918
v -1.595177 3.469864 3.703918
v -1.688164 3.348390 3.731840
v -1.643166 3.485159 3.703918
v -1.633605 3.334877 3.726084
v -1.608810 3.421978 3.711782
v -1.633455 3.333859 3.711721
v -1.609370 3.418465 3.697827
v -1.589193 3.406538 3.701354
v -1.581412 3.392502 3.703636
v -1.579998 3.364866 3.709049
v -1.595485 3.346798 3.711877
v -1.588038 3.409699 3.715412
v -1.580028 3.395250 3.717761
v -1.578572 3.366798 3.723334
v -1.594516 3.348198 3.726245
v -1.614455 3.339646 3.726485
v -1.656136 3.357086 3.725290
v -1.660952 3.374886 3.723403
v -1.659434 3.400352 3.719327
v -1.639724 3.415387 3.714257
v -1.625761 3.423734 3.712330
v -1.614854 3.338491 3.712110
v -1.655340 3.355432 3.710949
v -1.660019 3.372721 3.709116
v -1.658544 3.397459 3.705157
v -1.639398 3.412063 3.700232
v -1.625835 3.420171 3.698361
v -1.630947 3.342606 3.710625
v -1.611433 3.411155 3.699368
v -1.595086 3.401491 3.702226
v -1.588781 3.390120 3.704074
v -1.587635 3.367728 3.708461
v -1.600183 3.353089 3.710752
v -1.615876 3.346359 3.710941
v -1.648679 3.360084 3.710000
v -1.652470 3.374093 3.708515
v -1.651275 3.394136 3.705307
v -1.635763 3.405968 3.701317
v -1.624774 3.412537 3.699801
v -1.629048 3.349232 3.722322
v -1.612996 3.405617 3.713063
v -1.599550 3.397668 3.715414
v -1.594365 3.388314 3.716934
v -1.593422 3.369896 3.720541
v -1.603743 3.357856 3.722426
v -1.616651 3.352319 3.722581
v -1.643633 3.363609 3.721807
v -1.646751 3.375132 3.720586
v -1.645768 3.391618 3.717948
v -1.633008 3.401350 3.714665
v -1.623970 3.406754 3.713418
v -1.478842 4.101717 3.049774
v -1.435764 3.786898 3.049774
v -1.468440 4.101717 3.049774
v -1.455223 4.117047 3.049774
v -1.468440 4.111834 2.268165
v -1.455223 4.117047 2.268165
v -1.453467 3.803392 2.268165
v -1.505395 4.069592 2.268165
v -1.119762 3.941831 3.049774
v -1.453467 3.803392 3.049774
v -1.505395 4.069592 3.049774
v -1.534870 3.973398 3.049774
v -1.510065 3.883533 3.049774
v -1.465183 3.814307 3.049774
v -1.241166 4.120202 3.049774
v -1.241166 4.120202 2.268165
v -1.216391 4.112802 2.268165
v -1.252906 3.803655 2.268165
v -1.216391 4.101717 3.049774
v -1.252906 3.803655 3.049774
v -1.166380 3.833304 3.049774
v -1.141919 3.903775 3.049774
v -1.534870 3.973398 2.268165
v -1.510065 3.883533 2.268165
v -1.465183 3.814307 2.268165
v -1.138359 3.957881 3.049774
v -1.156041 4.051661 3.049774
v -1.166380 3.833304 2.268165
v -1.141919 3.903775 2.268165
v -1.138359 3.957881 2.268165
v -1.156041 4.051661 2.268165
v -1.502684 4.469568 3.049774
v -1.489468 4.469903 3.049774
v -1.482251 4.206807 2.523367
v -1.469035 4.205173 2.523367
v -1.362164 4.466388 3.049774
v -1.280282 4.207635 2.523367
v -1.255508 4.206807 2.523367
v -1.337390 4.469568 3.049774
v -1.254729 4.143624 2.370497
v -1.254729 4.217907 3.049774
v -1.229954 4.133827 2.370497
v -1.229954 4.208110 3.049774
v -1.466851 4.200808 3.049774
v -1.466851 4.131018 2.355893
v -1.480067 4.127660 2.355893
v -1.480067 4.192926 3.049774
v -1.534870 3.973398 3.004137
v -1.505395 4.069592 3.004137
v -1.138359 3.957881 3.004137
v -1.141919 3.903775 3.004137
v -1.166380 3.833304 3.004137
v -1.510065 3.883533 3.004137
v -1.156041 4.051661 3.004137
v -1.465183 3.814307 3.004137
v -1.216391 4.102365 3.004137
v -1.453467 3.803392 3.004137
v -1.455223 4.117047 3.004137
v -1.468440 4.102308 3.004137
v -1.252906 3.803655 3.004137
v -1.241166 4.120202 3.004137
v -1.337390 4.462210 3.019038
v -1.489468 4.462819 3.019038
v -1.502684 4.462210 3.019038
v -1.362164 4.459263 3.019038
v -1.254729 4.213570 3.010112
v -1.229954 4.203773 3.010112
v -1.480067 4.189116 3.009259
v -1.466851 4.196733 3.009259
v -1.463042 4.362722 3.049774
v -1.351165 4.362722 3.049774
v -1.367622 4.426106 3.035511
v -1.356062 4.399604 3.035490
v -1.377008 4.345175 3.035462
v -1.418823 4.337880 3.035462
v -1.379212 4.414715 3.016276
v -1.371386 4.396773 3.016262
v -1.462262 4.398033 3.049801
v -1.444444 4.437635 3.049833
v -1.399022 4.451965 3.049844
v -1.364626 4.429046 3.049826
v -1.352101 4.400332 3.049803
v -1.399367 4.447259 3.035527
v -1.441290 4.434033 3.035517
v -1.457735 4.397482 3.035488
v -1.355198 4.364892 3.035462
v -1.458455 4.364892 3.035462
v -1.374796 4.341360 3.049774
v -1.420102 4.333456 3.049774
v -1.385567 4.359923 3.016243
v -1.413876 4.354984 3.016243
v -1.400704 4.429036 3.016288
v -1.429086 4.420082 3.016280
v -1.440220 4.395336 3.016261
v -1.370801 4.373272 3.016243
v -1.440708 4.373272 3.016243
v -1.350937 4.105309 3.162944
v -1.350937 4.105309 3.276115
v -1.347720 4.105309 3.353334
v -1.347730 4.105309 3.092634
v -1.413875 4.362722 3.336787
v -1.413882 4.362722 3.092634
v -1.395881 4.487244 3.389286
v -1.444707 4.515166 3.049903
v -1.445235 4.515166 3.086081
v -1.396406 4.487244 3.336787
v -1.312207 4.362722 3.800790
v -1.334343 4.411211 3.800790
v -1.403911 4.262772 3.800790
v -1.479675 4.362722 3.800790
v -1.397371 4.452096 3.800790
v -1.327920 4.285018 3.800790
v -1.464060 4.300775 3.800790
v -1.463703 4.420739 3.800790
v -1.505395 4.069592 2.652754
v -1.141919 3.903775 2.652754
v -1.166380 3.833304 2.652754
v -1.455223 4.117047 2.652754
v -1.241166 4.120202 2.652754
v -1.485001 4.304471 2.782384
v -1.310166 4.303790 2.782384
v -1.229954 4.170378 2.704734
v -1.480067 4.159774 2.697316
v -1.534870 3.973398 2.652754
v -1.138359 3.957881 2.652754
v -1.510065 3.883533 2.652754
v -1.156041 4.051661 2.652754
v -1.465183 3.814307 2.652754
v -1.216391 4.107347 2.652754
v -1.453467 3.803392 2.652754
v -1.468440 4.106856 2.652754
v -1.252906 3.803655 2.652754
v -1.285392 4.304934 2.782384
v -1.498217 4.304934 2.782384
v -1.254729 4.180175 2.704734
v -1.466851 4.165358 2.697316
v -1.507063 3.692338 -4.537539
v -1.507063 3.691702 -4.245080
v -1.167551 3.691702 -4.245080
v -1.167551 3.692338 -4.537539
v -1.589697 4.060359 -4.557390
v -1.589697 4.101717 -4.217878
v -1.102749 4.101717 -4.217878
v -1.102749 4.060359 -4.557390
v -1.531475 3.786898 -4.217878
v -1.531475 3.786898 -4.557390
v -1.136249 3.786898 -4.217878
v -1.136249 3.786898 -4.557390
v -1.167551 3.640794 -4.331048
v -1.167551 3.640794 -4.444220
v -1.102749 4.105309 -4.444220
v -1.102749 4.105309 -4.331048
v -1.136249 3.786898 -4.331048
v -1.136249 3.786898 -4.444220
v -1.531475 3.786898 -4.444220
v -1.531475 3.786898 -4.331048
v -1.507063 3.640794 -4.444220
v -1.507063 3.640794 -4.331048
v -1.599125 4.105309 -4.331048
v -1.599125 4.105309 -4.444220
v -1.507063 3.675964 -4.507894
v -1.102749 4.105309 -4.521438
v -1.531475 3.786898 -4.521438
v -1.167551 3.675964 -4.507894
v -1.136249 3.786898 -4.521438
v -1.592692 4.105309 -4.521438
v -1.240863 4.362722 -4.504891
v -1.586886 4.362722 -4.504891
v -1.240863 4.362722 -4.217878
v -1.240863 4.362722 -4.557390
v -1.240863 4.362722 -4.260738
v -1.586901 4.362722 -4.260738
v -1.507063 3.675428 -4.272561
v -1.531475 3.786898 -4.254056
v -1.493036 4.460189 -4.557390
v -1.524570 4.485117 -4.218007
v -1.584627 4.362722 -4.557390
v -1.584627 4.362722 -4.217878
v -1.337070 4.485117 -4.254185
v -1.525627 4.485117 -4.254185
v -1.102749 4.105309 -4.260738
v -1.136249 3.786898 -4.254056
v -1.167551 3.675428 -4.272561
v -1.592711 4.105309 -4.260738
v -1.333310 4.460189 -4.557390
v -1.337070 4.485117 -4.218007
v -1.494086 4.460189 -4.504891
v -1.333310 4.460189 -4.504891
v -1.292621 4.362722 -4.557390
v -1.490030 4.362722 -4.557390
v -1.312207 4.362722 -5.299696
v -1.479675 4.362722 -5.299696
v -1.334343 4.411211 -5.299696
v -1.397371 4.452096 -5.299696
v -1.463703 4.420739 -5.299696
v -1.464060 4.300775 -5.299696
v -1.326386 4.423204 -4.557390
v -1.402779 4.464090 -4.557390
v -1.469112 4.432733 -4.557390
v -1.464060 4.300775 -4.557390
v -1.403911 4.262772 -4.557390
v -1.327920 4.285018 -4.557390
v -1.403911 4.262772 -5.299696
v -1.327920 4.285018 -5.299696
v -1.327310 4.361759 -5.299696
v -1.465261 4.361759 -5.299696
v -1.345545 4.401701 -5.299696
v -1.397464 4.435380 -5.299696
v -1.452105 4.409550 -5.299696
v -1.452399 4.310730 -5.299696
v -1.402851 4.279425 -5.299696
v -1.340254 4.297750 -5.299696
v -1.327310 4.361759 -5.341117
v -1.465261 4.361759 -5.341117
v -1.345545 4.401701 -5.341117
v -1.397464 4.435380 -5.341117
v -1.452105 4.409550 -5.341117
v -1.452399 4.310730 -5.341117
v -1.402851 4.279425 -5.341117
v -1.340254 4.297750 -5.341117
v -1.340507 4.360917 -5.341117
v -1.452668 4.360917 -5.341117
v -1.355332 4.393392 -5.341117
v -1.397545 4.420775 -5.341117
v -1.441971 4.399773 -5.341117
v -1.442210 4.319428 -5.341117
v -1.401925 4.293976 -5.341117
v -1.351031 4.308875 -5.341117
v -1.351531 4.360214 -5.321506
v -1.442147 4.360214 -5.321506
v -1.363509 4.386451 -5.321506
v -1.397613 4.408574 -5.321506
v -1.433505 4.391607 -5.321506
v -1.433698 4.326694 -5.321506
v -1.401152 4.306131 -5.321506
v -1.360033 4.318169 -5.321506
v -1.469112 4.432733 -4.953038
v -1.402779 4.464090 -4.953038
v -1.464060 4.300775 -4.953038
v -1.490030 4.362722 -4.953038
v -1.327920 4.285018 -4.953038
v -1.403911 4.262772 -4.953038
v -1.326386 4.423204 -4.953038
v -1.292621 4.362722 -4.953038
v -1.337991 4.243843 -4.598432
v -1.454015 4.260179 -4.598432
v -1.469112 4.432733 -4.598432
v -1.292621 4.362722 -4.598432
v -1.653971 3.500410 -4.867323
v -1.596341 3.483186 -4.965266
v -1.508477 3.460734 -4.862378
v -1.668932 3.504882 -4.867323
v -1.326386 4.423204 -4.598432
v -1.403911 4.262772 -4.598432
v -1.490030 4.362722 -4.598432
v -1.402779 4.464090 -4.598432
v -1.538376 3.340560 -4.968035
v -1.564251 3.281312 -4.907002
v -1.700391 3.297069 -4.907002
v -1.535944 3.359017 -4.907002
v -1.523532 3.461424 -4.965266
v -1.668932 3.504882 -4.965266
v -1.653971 3.500410 -4.965266
v -1.640242 3.259066 -4.907002
v -1.716006 3.359017 -4.907002
v -1.523532 3.461424 -4.867323
v -1.508477 3.456925 -4.965266
v -1.700391 3.278612 -4.968035
v -1.716006 3.340560 -4.968035
v -1.564251 3.262856 -4.968035
v -1.640242 3.240609 -4.968035
v -1.555802 3.304058 -4.967460
v -1.532172 3.364705 -4.967460
v -1.570941 3.318685 -4.898769
v -1.645259 3.291690 -4.898769
v -1.690759 3.324634 -4.967460
v -1.695466 3.346381 -4.898769
v -1.631132 3.290943 -4.967460
v -1.530245 3.380123 -4.897743
v -1.706238 3.374656 -4.967460
v -1.706238 3.389283 -4.898769
v -1.645259 3.291690 -4.943259
v -1.570941 3.318685 -4.943259
v -1.527118 3.461424 -4.911813
v -1.590745 3.483186 -4.911813
v -1.695466 3.346381 -4.943259
v -1.403248 4.265290 -4.833426
v -1.644789 3.500410 -4.911813
v -1.445811 4.257932 -4.833426
v -1.346858 4.243572 -4.833426
v -1.643583 3.299827 -4.899944
v -1.577593 3.323797 -4.899944
v -1.538681 3.450542 -4.872022
v -1.595177 3.469864 -4.872022
v -1.688164 3.348390 -4.899944
v -1.643166 3.485159 -4.872022
v -1.633605 3.334877 -4.894188
v -1.608810 3.421978 -4.879886
v -1.633455 3.333859 -4.879825
v -1.609370 3.418465 -4.865932
v -1.589193 3.406538 -4.869458
v -1.581412 3.392502 -4.871740
v -1.579998 3.364866 -4.877153
v -1.595485 3.346798 -4.879982
v -1.588038 3.409699 -4.883516
v -1.580028 3.395250 -4.885865
v -1.578572 3.366798 -4.891438
v -1.594516 3.348198 -4.894350
v -1.614455 3.339646 -4.894589
v -1.656136 3.357086 -4.893394
v -1.660952 3.374886 -4.891507
v -1.659434 3.400352 -4.887431
v -1.639724 3.415387 -4.882361
v -1.625761 3.423734 -4.880435
v -1.614854 3.338491 -4.880214
v -1.655340 3.355432 -4.879053
v -1.660019 3.372721 -4.877220
v -1.658544 3.397459 -4.873261
v -1.639398 3.412063 -4.868336
v -1.625835 3.420171 -4.866465
v -1.630947 3.342606 -4.878729
v -1.611433 3.411155 -4.867473
v -1.595086 3.401491 -4.870330
v -1.588781 3.390120 -4.872179
v -1.587635 3.367728 -4.876565
v -1.600183 3.353089 -4.878856
v -1.615876 3.346359 -4.879045
v -1.648679 3.360084 -4.878104
v -1.652470 3.374093 -4.876619
v -1.651275 3.394136 -4.873411
v -1.635763 3.405968 -4.869421
v -1.624774 3.412537 -4.867905
v -1.629048 3.349232 -4.890426
v -1.612996 3.405617 -4.881167
v -1.599550 3.397668 -4.883518
v -1.594365 3.388314 -4.885038
v -1.593422 3.369896 -4.888646
v -1.603743 3.357856 -4.890531
v -1.616651 3.352319 -4.890686
v -1.643633 3.363609 -4.889912
v -1.646751 3.375132 -4.888690
v -1.645768 3.391618 -4.886052
v -1.633008 3.401350 -4.882770
v -1.623970 3.406754 -4.881523
v -1.478842 4.101717 -4.217878
v -1.435764 3.786898 -4.217878
v -1.468440 4.101717 -4.217878
v -1.455223 4.117047 -4.217878
v -1.468440 4.111834 -3.436269
v -1.455223 4.117047 -3.436269
v -1.453467 3.803392 -3.436269
v -1.505395 4.069592 -3.436269
v -1.119762 3.941831 -4.217878
v -1.453467 3.803392 -4.217878
v -1.505395 4.069592 -4.217878
v -1.534870 3.973398 -4.217878
v -1.510065 3.883533 -4.217878
v -1.465183 3.814307 -4.217878
v -1.241166 4.120202 -4.217878
v -1.241166 4.120202 -3.436269
v -1.216391 4.112802 -3.436269
v -1.252906 3.803655 -3.436269
v -1.216391 4.101717 -4.217878
v -1.252906 3.803655 -4.217878
v -1.166380 3.833304 -4.217878
v -1.141919 3.903775 -4.217878
v -1.534870 3.973398 -3.436269
v -1.510065 3.883533 -3.436269
v -1.465183 3.814307 -3.436269
v -1.138359 3.957881 -4.217878
v -1.156041 4.051661 -4.217878
v -1.166380 3.833304 -3.436269
v -1.141919 3.903775 -3.436269
v -1.138359 3.957881 -3.436269
v -1.156041 4.051661 -3.436269
v -1.502684 4.469568 -4.217878
v -1.489468 4.469903 -4.217878
v -1.482251 4.206807 -3.691471
v -1.469035 4.205173 -3.691471
v -1.362164 4.466388 -4.217878
v -1.280282 4.207635 -3.691471
v -1.255508 4.206807 -3.691471
v -1.337390 4.469568 -4.217878
v -1.254729 4.143624 -3.538601
v -1.254729 4.217907 -4.217878
v -1.229954 4.133827 -3.538601
v -1.229954 4.208110 -4.217878
v -1.466851 4.200808 -4.217878
v -1.466851 4.131018 -3.523997
v -1.480067 4.127660 -3.523997
v -1.480067 4.192926 -4.217878
v -1.534870 3.973398 -4.172241
v -1.505395 4.069592 -4.172241
v -1.138359 3.957881 -4.172241
v -1.141919 3.903775 -4.172241
v -1.166380 3.833304 -4.172241
v -1.510065 3.883533 -4.172241
v -1.156041 4.051661 -4.172241
v -1.465183 3.814307 -4.172241
v -1.216391 4.102365 -4.172241
v -1.453467 3.803392 -4.172241
v -1.455223 4.117047 -4.172241
v -1.468440 4.102308 -4.172241
v -1.252906 3.803655 -4.172241
v -1.241166 4.120202 -4.172241
v -1.337390 4.462210 -4.187142
v -1.489468 4.462819 -4.187142
v -1.502684 4.462210 -4.187142
v -1.362164 4.459263 -4.187142
v -1.254729 4.213570 -4.178216
v -1.229954 4.203773 -4.178216
v -1.480067 4.189116 -4.177363
v -1.466851 4.196733 -4.177363
v -1.463042 4.362722 -4.217878
v -1.351165 4.362722 -4.217878
v -1.367622 4.426106 -4.203615
v -1.356062 4.399604 -4.203594
v -1.377008 4.345175 -4.203567
v -1.418823 4.337880 -4.203567
v -1.379212 4.414715 -4.184381
v -1.371386 4.396773 -4.184366
v -1.462262 4.398033 -4.217906
v -1.444444 4.437635 -4.217937
v -1.399022 4.451965 -4.217948
v -1.364626 4.429046 -4.217930
v -1.352101 4.400332 -4.217907
v -1.399367 4.447259 -4.203631
v -1.441290 4.434033 -4.203621
v -1.457735 4.397482 -4.203592
v -1.355198 4.364892 -4.203567
v -1.458455 4.364892 -4.203567
v -1.374796 4.341360 -4.217878
v -1.420102 4.333456 -4.217878
v -1.385567 4.359923 -4.184348
v -1.413876 4.354984 -4.184348
v -1.400704 4.429036 -4.184392
v -1.429086 4.420082 -4.184384
v -1.440220 4.395336 -4.184365
v -1.370801 4.373272 -4.184348
v -1.440708 4.373272 -4.184348
v -1.350937 4.105309 -4.331048
v -1.350937 4.105309 -4.444220
v -1.347720 4.105309 -4.521438
v -1.347730 4.105309 -4.260738
v -1.413875 4.362722 -4.504891
v -1.413882 4.362722 -4.260738
v -1.395881 4.487244 -4.557390
v -1.444707 4.515166 -4.218007
v -1.445235 4.515166 -4.254185
v -1.396406 4.487244 -4.504891
v -1.312207 4.362722 -4.968894
v -1.334343 4.411211 -4.968894
v -1.403911 4.262772 -4.968894
v -1.479675 4.362722 -4.968894
v -1.397371 4.452096 -4.968894
v -1.327920 4.285018 -4.968894
v -1.464060 4.300775 -4.968894
v -1.463703 4.420739 -4.968894
v -1.505395 4.069592 -3.820858
v -1.141919 3.903775 -3.820858
v -1.166380 3.833304 -3.820858
v -1.455223 4.117047 -3.820858
v -1.241166 4.120202 -3.820858
v -1.485001 4.304471 -3.950489
v -1.310166 4.303790 -3.950489
v -1.229954 4.170378 -3.872838
v -1.480067 4.159774 -3.865420
v -1.534870 3.973398 -3.820858
v -1.138359 3.957881 -3.820858
v -1.510065 3.883533 -3.820858
v -1.156041 4.051661 -3.820858
v -1.465183 3.814307 -3.820858
v -1.216391 4.107347 -3.820858
v -1.453467 3.803392 -3.820858
v -1.468440 4.106856 -3.820858
v -1.252906 3.803655 -3.820858
v -1.285392 4.304934 -3.950489
v -1.498217 4.304934 -3.950489
v -1.254729 4.180175 -3.872838
v -1.466851 4.165358 -3.865420
usemtl Material.002
s 1
f 38 9 2 37
f 9 210 2
f 210 11 2
f 11 3 2
f 29 12 4 28
f 1 4 12 10
f 37 2 3 47
f 36 42 6 48
f 48 6 9 38
f 259 258 234 230
f 26 8 12 29
f 8 5 10 12
f 21 22 13 14
f 307 306 24 30
f 19 20 22 21
f 46 17 13 47
f 25 21 14 28
f 27 19 21 25
f 17 18 14 13
f 306 305 23 24
f 30 24 19 27
f 24 23 20 19
f 45 16 17 46
f 16 15 18 17
f 18 29 28 14
f 15 26 29 18
f 54 41 5
f 64 54 5
f 34 53 66
f 34 66 8
f 65 64 5
f 66 65 8
f 65 5 8
f 1 25 28 4
f 25 1 10 27
f 5 30 27 10
f 305 308 48 23
f 313 44 36 310
f 7 45 46
f 7 46 217
f 46 11 217
f 42 278 6
f 278 297 6
f 296 279 33
f 296 33 7
f 297 296 7
f 297 212 6
f 297 223 212
f 297 7 223
f 7 227 223
f 212 211 6
f 211 209 6
f 22 37 47 13
f 23 48 38 20
f 40 312 50
f 40 287 42
f 40 50 287
f 50 288 287
f 50 33 288
f 33 289 288
f 287 286 42
f 33 290 289
f 33 279 290
f 286 278 42
f 313 312 40 44
f 20 38 37 22
f 311 314 51 39
f 11 46 47 3
f 307 30 32 309
f 309 32 51 314
f 31 34 8 26
f 45 7 33 35
f 30 5 41 32
f 44 40 42 36
f 310 36 48 308
f 32 41 39 51
f 52 49 34 31
f 35 33 50 43
f 311 39 62
f 49 311 62
f 39 63 62
f 49 62 61
f 39 41 63
f 49 61 34
f 41 54 63
f 61 53 34
f 67 68 76 75
f 318 321 60 56
f 319 322 59 58
f 58 59 73 72
f 317 320 68 67
f 316 319 58 57
f 322 318 56 59
f 321 317 67 60
f 315 316 57 55
f 320 315 55 68
f 59 56 70 73
f 57 58 72 71
f 60 67 75 74
f 56 60 74 70
f 68 55 69 76
f 55 57 71 69
f 113 116 119 110
f 120 111 101 102
f 136 142 135 134
f 117 120 102 107
f 111 119 104 101
f 115 130 109 112
f 112 117 107 108
f 137 136 134 121
f 62 63 111 120
f 66 53 112 109
f 65 66 109 118
f 146 147 138 139
f 128 122 134 135
f 54 64 110 119
f 116 126 104 119
f 122 124 121 134
f 64 65 118 110
f 61 62 120 117
f 63 54 119 111
f 53 61 117 112
f 140 144 133 132
f 113 110 153 152
f 123 128 135 132
f 142 140 132 135
f 141 145 116 113
f 108 105 125 131
f 129 123 132 133
f 143 138 130 115
f 105 106 114 125
f 148 154 109 130
f 143 137 121 124
f 145 144 126 116
f 103 104 126 127
f 106 103 127 114
f 141 113 152 150
f 112 108 131 115
f 125 114 142 136
f 131 125 136 137
f 127 126 144 140
f 128 123 141 139
f 114 127 140 142
f 123 129 145 141
f 124 122 138 143
f 115 131 137 143
f 129 133 144 145
f 122 128 139 138
f 152 149 158 160
f 150 146 139 141
f 147 148 130 138
f 151 153 110 118
f 149 148 157 158
f 148 149 151 154
f 149 152 153 151
f 154 151 118 109
f 159 160 176
f 160 177 176
f 160 158 177
f 158 178 177
f 158 162 178
f 159 176 175
f 159 175 174
f 159 174 161
f 155 159 161
f 162 158 157
f 169 162 157
f 170 169 157
f 171 170 157
f 156 171 157
f 156 172 171
f 156 173 172
f 156 161 173
f 156 155 161
f 155 156 147 146
f 156 157 148 147
f 150 152 160 159
f 159 155 146 150
f 213 225 239
f 216 213 239
f 231 216 239
f 231 239 238
f 232 231 238
f 232 238 237
f 232 237 236
f 233 232 236
f 233 236 226
f 215 233 226
f 6 220 9
f 6 219 220
f 6 209 219
f 209 211 219
f 220 221 9
f 221 222 9
f 222 218 9
f 218 210 9
f 230 217 11
f 229 230 11
f 228 229 11
f 218 228 11
f 210 218 11
f 235 227 7
f 235 7 217
f 234 235 217
f 230 234 217
f 257 256 220 219
f 213 214 224 225
f 260 259 230 229
f 256 261 221 220
f 258 262 235 234
f 261 263 222 221
f 262 264 227 235
f 338 336 233 215
f 343 248 224 327
f 265 268 228 218
f 326 327 224 214
f 267 257 219 211
f 268 260 229 228
f 276 255 240 272
f 342 328 243 242
f 329 341 246 245
f 248 250 225 224
f 275 251 227 264
f 254 253 214 213
f 249 251 247 244
f 344 253 243 328
f 255 252 241 240
f 329 245 248 343
f 245 246 250 248
f 270 247 251 275
f 223 227 251 249
f 326 214 253 344
f 267 211 255 276
f 242 243 253 254
f 211 212 252 255
f 324 333 258 259
f 323 332 256 257
f 325 324 259 260
f 332 334 261 256
f 333 335 262 258
f 334 336 263 261
f 335 337 264 262
f 218 222 263 265
f 249 274 269 223
f 338 340 268 265
f 212 223 269 266
f 339 323 257 267
f 340 325 260 268
f 331 276 272 342
f 240 241 271 272
f 244 247 270 273
f 330 275 264 337
f 252 277 271 241
f 244 273 274 249
f 341 270 275 330
f 212 266 277 252
f 339 267 276 331
f 26 15 306 307
f 15 16 305 306
f 16 45 308 305
f 43 313 310 35
f 43 50 312 313
f 49 52 314 311
f 26 307 309 31
f 31 309 314 52
f 35 310 308 45
f 106 105 320 317
f 108 107 316 315
f 101 104 318 322
f 102 101 322 319
f 107 102 319 316
f 105 108 315 320
f 103 106 317 321
f 104 103 321 318
f 265 263 336 338
f 274 343 327 269
f 266 269 327 326
f 272 271 328 342
f 273 270 341 329
f 277 344 328 271
f 273 329 343 274
f 266 326 344 277
f 237 238 333 324
f 216 231 332 323
f 236 237 324 325
f 231 232 334 332
f 238 239 335 333
f 232 233 336 334
f 239 225 337 335
f 215 226 340 338
f 213 216 323 339
f 226 236 325 340
f 254 331 342 242
f 250 330 337 225
f 246 341 330 250
f 213 339 331 254
f 382 381 346 353
f 353 346 554
f 346 355 554
f 346 347 355
f 373 372 348 356
f 356 348 345 354
f 381 391 347 346
f 380 392 350 386
f 392 382 353 350
f 603 574 578 602
f 370 373 356 352
f 352 356 354 349
f 365 358 357 366
f 651 374 368 650
f 363 365 366 364
f 390 391 357 361
f 369 372 358 365
f 371 369 365 363
f 361 357 358 362
f 650 368 367 649
f 374 371 363 368
f 368 363 364 367
f 389 390 361 360
f 360 361 362 359
f 362 358 372 373
f 359 362 373 370
f 349 385 398
f 349 398 408
f 378 410 397
f 378 352 410
f 349 408 409
f 352 409 410
f 352 349 409
f 345 348 372 369
f 354 345 369 371
f 349 354 371 374
f 649 367 392 652
f 657 654 380 388
f 351 390 389
f 351 561 390
f 561 355 390
f 386 350 622
f 350 641 622
f 377 623 640
f 351 377 640
f 351 640 641
f 350 556 641
f 556 567 641
f 567 351 641
f 567 571 351
f 350 555 556
f 350 553 555
f 366 357 391 381
f 367 364 382 392
f 384 394 656
f 384 386 631
f 384 631 394
f 631 632 394
f 632 377 394
f 632 633 377
f 386 630 631
f 633 634 377
f 634 623 377
f 386 622 630
f 657 388 384 656
f 364 366 381 382
f 655 383 395 658
f 355 347 391 390
f 651 653 376 374
f 653 658 395 376
f 375 370 352 378
f 389 379 377 351
f 374 376 385 349
f 388 380 386 384
f 654 652 392 380
f 376 395 383 385
f 396 375 378 393
f 379 387 394 377
f 406 383 655
f 393 406 655
f 406 407 383
f 393 405 406
f 407 385 383
f 393 378 405
f 407 398 385
f 378 397 405
f 411 419 420 412
f 662 400 404 665
f 663 402 403 666
f 402 416 417 403
f 661 411 412 664
f 660 401 402 663
f 666 403 400 662
f 665 404 411 661
f 659 399 401 660
f 664 412 399 659
f 403 417 414 400
f 401 415 416 402
f 404 418 419 411
f 400 414 418 404
f 412 420 413 399
f 399 413 415 401
f 457 454 463 460
f 464 446 445 455
f 480 478 479 486
f 461 451 446 464
f 455 445 448 463
f 459 456 453 474
f 456 452 451 461
f 481 465 478 480
f 406 464 455 407
f 410 453 456 397
f 409 462 453 410
f 490 483 482 491
f 472 479 478 466
f 398 463 454 408
f 460 463 448 470
f 466 478 465 468
f 408 454 462 409
f 405 461 464 406
f 407 455 463 398
f 397 456 461 405
f 484 476 477 488
f 457 496 497 454
f 467 476 479 472
f 486 479 476 484
f 485 457 460 489
f 452 475 469 449
f 473 477 476 467
f 487 459 474 482
f 449 469 458 450
f 492 474 453 498
f 487 468 465 481
f 489 460 470 488
f 447 471 470 448
f 450 458 471 447
f 485 494 496 457
f 456 459 475 452
f 469 480 486 458
f 475 481 480 469
f 471 484 488 470
f 472 483 485 467
f 458 486 484 471
f 467 485 489 473
f 468 487 482 466
f 459 487 481 475
f 473 489 488 477
f 466 482 483 472
f 496 504 502 493
f 494 485 483 490
f 491 482 474 492
f 495 462 454 497
f 493 502 501 492
f 492 498 495 493
f 493 495 497 496
f 498 453 462 495
f 520 504 503
f 520 521 504
f 521 502 504
f 521 522 502
f 522 506 502
f 519 520 503
f 518 519 503
f 505 518 503
f 499 505 503
f 501 502 506
f 501 506 513
f 501 513 514
f 501 514 515
f 500 501 515
f 500 515 516
f 500 516 517
f 500 517 505
f 500 505 499
f 499 490 491 500
f 500 491 492 501
f 494 503 504 496
f 503 494 490 499
f 583 569 557
f 583 557 560
f 583 560 575
f 582 583 575
f 582 575 576
f 581 582 576
f 580 581 576
f 580 576 577
f 570 580 577
f 559 570 577
f 350 353 564
f 350 564 563
f 350 563 553
f 563 555 553
f 353 565 564
f 353 566 565
f 353 562 566
f 353 554 562
f 355 561 574
f 355 574 573
f 355 573 572
f 355 572 562
f 554 355 562
f 351 571 579
f 561 351 579
f 561 579 578
f 574 561 578
f 601 563 564 600
f 557 569 568 558
f 604 573 574 603
f 600 564 565 605
f 602 578 579 606
f 605 565 566 607
f 606 579 571 608
f 682 559 577 680
f 687 671 568 592
f 609 562 572 612
f 670 558 568 671
f 611 555 563 601
f 612 572 573 604
f 620 616 584 599
f 686 586 587 672
f 673 589 590 685
f 592 568 569 594
f 619 608 571 595
f 598 557 558 597
f 593 588 591 595
f 688 672 587 597
f 599 584 585 596
f 673 687 592 589
f 589 592 594 590
f 614 619 595 591
f 567 593 595 571
f 670 688 597 558
f 611 620 599 555
f 586 598 597 587
f 555 599 596 556
f 668 603 602 677
f 667 601 600 676
f 669 604 603 668
f 676 600 605 678
f 677 602 606 679
f 678 605 607 680
f 679 606 608 681
f 562 609 607 566
f 593 567 613 618
f 682 609 612 684
f 556 610 613 567
f 683 611 601 667
f 684 612 604 669
f 675 686 616 620
f 584 616 615 585
f 588 617 614 591
f 674 681 608 619
f 596 585 615 621
f 588 593 618 617
f 685 674 619 614
f 556 596 621 610
f 683 675 620 611
f 370 651 650 359
f 359 650 649 360
f 360 649 652 389
f 387 379 654 657
f 387 657 656 394
f 393 655 658 396
f 370 375 653 651
f 375 396 658 653
f 379 389 652 654
f 450 661 664 449
f 452 659 660 451
f 445 666 662 448
f 446 663 666 445
f 451 660 663 446
f 449 664 659 452
f 447 665 661 450
f 448 662 665 447
f 609 682 680 607
f 618 613 671 687
f 610 670 671 613
f 616 686 672 615
f 617 673 685 614
f 621 615 672 688
f 617 618 687 673
f 610 621 688 670
f 581 668 677 582
f 560 667 676 575
f 580 669 668 581
f 575 676 678 576
f 582 677 679 583
f 576 678 680 577
f 583 679 681 569
f 559 682 684 570
f 557 683 667 560
f 570 684 669 580
f 598 586 686 675
f 594 569 681 674
f 590 594 674 685
f 557 598 675 683
usemtl Material.004
f 76 69 77 84
f 69 71 79 77
f 78 82 90 86
f 79 80 88 87
f 72 73 81 80
f 73 70 78 81
f 75 76 84 83
f 71 72 80 79
f 70 74 82 78
f 74 75 83 82
f 89 86 94 97
f 88 89 97 96
f 82 83 91 90
f 77 79 87 85
f 84 77 85 92
f 80 81 89 88
f 81 78 86 89
f 83 84 92 91
f 95 96 97
f 95 97 94
f 93 95 94
f 93 94 98
f 93 98 100
f 98 99 100
f 91 92 100 99
f 87 88 96 95
f 86 90 98 94
f 90 91 99 98
f 85 87 95 93
f 92 85 93 100
f 164 165 187 186
f 161 174 180 163
f 178 162 164 184
f 182 183 195 194
f 169 170 166 165
f 174 175 181 180
f 170 171 167 166
f 175 176 182 181
f 171 172 168 167
f 176 177 183 182
f 172 173 179 168
f 177 178 184 183
f 173 161 163 179
f 162 169 165 164
f 192 193 205 204
f 187 188 200 199
f 183 184 196 195
f 165 166 188 187
f 179 163 185 191
f 184 164 186 196
f 166 167 189 188
f 163 180 192 185
f 168 179 191 190
f 180 181 193 192
f 181 182 194 193
f 167 168 190 189
f 198 199 197
f 199 200 197
f 200 201 197
f 201 202 197
f 202 203 197
f 207 208 198
f 197 207 198
f 197 206 207
f 197 205 206
f 197 204 205
f 188 189 201 200
f 193 194 206 205
f 190 191 203 202
f 194 195 207 206
f 189 190 202 201
f 195 196 208 207
f 191 185 197 203
f 186 187 199 198
f 196 186 198 208
f 185 192 204 197
f 294 282 298 303
f 286 287 292 293
f 279 296 282 294
f 292 291 300 301
f 296 297 283 282
f 287 288 291 292
f 297 278 295 283
f 288 289 280 291
f 289 290 281 280
f 290 279 294 281
f 278 286 293 295
f 301 300 284
f 302 301 284
f 302 284 285
f 302 285 303
f 304 302 303
f 304 303 298 299
f 293 292 301 302
f 282 283 299 298
f 295 293 302 304
f 280 281 285 284
f 291 280 284 300
f 283 295 304 299
f 281 294 303 285
f 420 428 421 413
f 413 421 423 415
f 422 430 434 426
f 423 431 432 424
f 416 424 425 417
f 417 425 422 414
f 419 427 428 420
f 415 423 424 416
f 414 422 426 418
f 418 426 427 419
f 433 441 438 430
f 432 440 441 433
f 426 434 435 427
f 421 429 431 423
f 428 436 429 421
f 424 432 433 425
f 425 433 430 422
f 427 435 436 428
f 441 440 439
f 438 441 439
f 437 438 439
f 437 442 438
f 437 444 442
f 444 443 442
f 435 443 444 436
f 431 439 440 432
f 430 438 442 434
f 434 442 443 435
f 429 437 439 431
f 436 444 437 429
f 508 530 531 509
f 505 507 524 518
f 522 528 508 506
f 526 538 539 527
f 513 509 510 514
f 518 524 525 519
f 514 510 511 515
f 519 525 526 520
f 515 511 512 516
f 520 526 527 521
f 516 512 523 517
f 521 527 528 522
f 517 523 507 505
f 506 508 509 513
f 536 548 549 537
f 531 543 544 532
f 527 539 540 528
f 509 531 532 510
f 523 535 529 507
f 528 540 530 508
f 510 532 533 511
f 507 529 536 524
f 512 534 535 523
f 524 536 537 525
f 525 537 538 526
f 511 533 534 512
f 542 541 543
f 541 544 543
f 541 545 544
f 541 546 545
f 541 547 546
f 542 552 551
f 541 542 551
f 541 551 550
f 541 550 549
f 541 549 548
f 532 544 545 533
f 537 549 550 538
f 534 546 547 535
f 538 550 551 539
f 533 545 546 534
f 539 551 552 540
f 535 547 541 529
f 530 542 543 531
f 540 552 542 530
f 529 541 548 536
f 638 647 642 626
f 630 637 636 631
f 623 638 626 640
f 636 645 644 635
f 640 626 627 641
f 631 636 635 632
f 641 627 639 622
f 632 635 624 633
f 633 624 625 634
f 634 625 638 623
f 622 639 637 630
f 628 644 645
f 628 645 646
f 629 628 646
f 647 629 646
f 648 647 646
f 648 643 642 647
f 637 646 645 636
f 626 642 643 627
f 639 648 646 637
f 624 628 629 625
f 635 644 628 624
f 627 643 648 639
f 625 629 647 638
o Ajustable_Cube.005
v 0.838676 8.189092 3.807680
v 3.713013 8.174457 3.807680
v 0.805160 8.634458 3.807680
v 3.749503 8.435678 3.807680
v 0.805160 8.435678 3.807680
v 3.749503 8.634458 3.807680
v 0.980091 8.435678 3.807680
v 1.217485 8.435678 3.807680
v 1.478701 8.435678 3.807680
v 1.717067 8.435678 3.807680
v 1.988541 8.435678 3.807680
v 2.226660 8.435678 3.807680
v 2.539522 8.435678 3.807680
v 2.790953 8.435678 3.807680
v 1.114808 8.590305 3.807680
v 1.203565 8.619886 3.807680
v 1.288487 8.550586 3.807680
v 1.187896 8.378446 3.807680
v 1.425448 8.378446 3.807680
v 1.654006 8.375072 3.807680
v 1.919570 8.375072 3.807680
v 2.143818 8.361903 3.807680
v 2.481180 8.355988 3.807680
v 2.748746 8.361581 3.807680
v 3.532034 8.367496 3.807680
v 3.594307 8.302062 3.807680
v 3.582468 8.222904 3.807680
v 0.919537 8.228821 3.807680
v 0.885416 8.319824 3.807680
v 1.577349 8.538754 3.807680
v 1.665694 8.603729 3.807680
v 1.759369 8.574135 3.807680
v 1.777121 8.521005 3.807680
v 2.156280 8.588488 3.807680
v 2.221365 8.606236 3.807680
v 2.303173 8.538819 3.807680
v 2.604612 8.545179 3.807680
v 2.730196 8.617826 3.807680
v 2.826396 8.568845 3.807680
v 2.820510 8.509171 3.807680
v 0.888678 8.154026 3.807680
v 0.805160 8.247854 3.807680
v 0.888678 8.154026 3.821683
v 3.611290 8.154026 3.807680
v 3.749503 8.248093 3.807680
v 0.838676 8.189092 3.782638
v 3.749503 8.432917 3.791272
v 0.805160 8.394242 3.791272
v 3.713013 8.174457 3.782638
v 0.805160 8.650675 3.782638
v 3.749503 8.435678 3.782638
v 0.805160 8.435678 3.782638
v 3.749503 8.650675 3.782638
v 0.805160 8.634458 3.791272
v 0.838676 8.189092 3.791272
v 3.749503 8.634458 3.791272
v 3.713013 8.174457 3.791272
v 0.980091 8.435678 3.782638
v 1.217485 8.435678 3.782638
v 1.478701 8.435678 3.782638
v 1.717067 8.435678 3.782638
v 1.988541 8.435678 3.782638
v 2.226660 8.435678 3.782638
v 2.539522 8.435678 3.782638
v 2.790953 8.435678 3.782638
v 1.114808 8.590305 3.782638
v 1.203565 8.619886 3.782638
v 1.288487 8.550586 3.782638
v 1.187896 8.378446 3.782638
v 1.425448 8.378446 3.782638
v 1.654006 8.375072 3.782638
v 1.919570 8.375072 3.782638
v 2.143818 8.361903 3.782638
v 2.481180 8.355988 3.782638
v 2.748746 8.361581 3.782638
v 3.532034 8.367496 3.782638
v 3.594307 8.302062 3.782638
v 3.582468 8.222904 3.782638
v 0.919537 8.228821 3.782638
v 0.885416 8.319824 3.782638
v 1.577349 8.538754 3.782638
v 1.665694 8.603729 3.782638
v 1.759369 8.574135 3.782638
v 1.777121 8.521005 3.782638
v 2.156280 8.588488 3.782638
v 2.221365 8.606236 3.782638
v 2.303173 8.538819 3.782638
v 2.604612 8.545179 3.782638
v 2.730196 8.617826 3.782638
v 2.826396 8.568845 3.782638
v 2.820510 8.509171 3.782638
v 0.990546 8.435678 3.791272
v 1.191733 8.435678 3.791272
v 1.493503 8.435678 3.791272
v 1.682857 8.435678 3.791272
v 2.014215 8.435678 3.791272
v 2.191731 8.435678 3.791272
v 2.570432 8.435678 3.791272
v 2.759839 8.435678 3.791272
v 1.114808 8.574264 3.791272
v 1.203565 8.603846 3.791272
v 1.262735 8.550586 3.791272
v 1.162144 8.367154 3.791272
v 1.440250 8.367154 3.791272
v 1.611848 8.361238 3.791272
v 1.937297 8.361238 3.791272
v 2.108889 8.349405 3.791272
v 2.505340 8.343490 3.791272
v 2.706527 8.343490 3.791272
v 3.511261 8.349405 3.791272
v 3.570437 8.302062 3.791272
v 3.558598 8.237093 3.791272
v 0.919537 8.243010 3.791272
v 0.895872 8.319824 3.791272
v 1.600016 8.538754 3.791272
v 1.665103 8.597929 3.791272
v 1.736112 8.568335 3.791272
v 1.753863 8.521005 3.791272
v 2.156280 8.574322 3.791272
v 2.221365 8.592071 3.791272
v 2.280539 8.538819 3.791272
v 2.635522 8.538754 3.791272
v 2.730196 8.592012 3.791272
v 2.795282 8.562418 3.791272
v 2.789395 8.509171 3.791272
v 0.888678 8.154026 3.782638
v 0.888678 8.154026 3.791272
v 0.805160 8.244477 3.791272
v 0.805160 8.247854 3.782638
v 0.888678 8.154026 3.791272
v 0.888678 8.154026 3.760860
v 3.611290 8.154026 3.782638
v 3.611290 8.154026 3.791272
v 3.749503 8.247170 3.791272
v 3.749503 8.248093 3.782638
v 0.805160 8.664947 3.807680
v 3.749503 8.664947 3.807680
v 0.805160 8.664947 3.760860
v 3.749503 8.664947 3.760860
v 0.805160 8.664947 3.791272
v 3.749503 8.664947 3.791272
v 0.805160 8.650675 3.571413
v 3.749503 8.650675 3.571413
v 0.805160 8.664947 3.571413
v 3.749503 8.664947 3.571413
v 3.749503 8.650675 3.677025
v 3.749503 8.664947 3.666136
v 0.805160 8.650675 3.677025
v 0.805160 8.664947 3.666136
v 3.038939 8.650675 3.716520
v 3.061735 8.650675 3.744401
v 3.171647 8.650675 3.741951
v 3.189864 8.650675 3.718681
v 3.056686 8.660540 3.637499
v 3.092293 8.660540 3.617608
v 3.153296 8.660540 3.619663
v 3.175645 8.660540 3.639112
v 3.163234 8.625031 3.703798
v 3.151739 8.625031 3.718482
v 3.163239 8.637643 3.732039
v 3.178617 8.637643 3.712396
v 3.063374 8.660540 3.742467
v 3.041245 8.660540 3.715402
v 3.195048 8.650675 3.677025
v 3.041596 8.650675 3.677025
v 3.177393 8.650675 3.637929
v 3.154371 8.650675 3.617893
v 3.091526 8.650675 3.615775
v 3.054846 8.650675 3.636267
v 3.182994 8.637643 3.677231
v 3.053456 8.637643 3.677231
v 3.051213 8.637643 3.710571
v 3.070456 8.637643 3.734107
v 3.168090 8.637643 3.644228
v 3.148655 8.637643 3.627314
v 3.095605 8.637643 3.625526
v 3.064641 8.637643 3.642825
v 3.043825 8.660540 3.677064
v 3.192783 8.660540 3.677064
v 3.187750 8.660540 3.717500
v 3.170067 8.660540 3.740089
v 3.166506 8.625031 3.677513
v 3.069677 8.625031 3.677513
v 3.068000 8.625031 3.702434
v 3.082385 8.625031 3.720027
v 3.155365 8.625031 3.652843
v 3.140838 8.625031 3.640200
v 3.101183 8.625031 3.638864
v 3.078038 8.625031 3.651794
v 1.114755 8.650675 3.677025
v 0.901469 8.650675 3.677025
v 1.109260 8.663762 3.676533
v 0.906194 8.663762 3.676533
v 0.916819 8.663762 3.628526
v 0.953153 8.663762 3.607322
v 1.015877 8.663762 3.603468
v 1.076729 8.663762 3.623195
v 1.090470 8.663762 3.715930
v 1.007654 8.663762 3.736780
v 0.924662 8.663762 3.732533
v 1.096001 8.631015 3.675346
v 0.917599 8.631015 3.675346
v 0.926933 8.631015 3.633169
v 0.912628 8.650675 3.626601
v 0.950791 8.650675 3.604331
v 1.016672 8.650675 3.600283
v 1.080585 8.650675 3.621003
v 1.095018 8.650675 3.718404
v 1.008035 8.650675 3.740304
v 0.920866 8.650675 3.735843
v 0.958854 8.631015 3.614542
v 1.013960 8.631015 3.611155
v 1.067420 8.631015 3.628486
v 1.079493 8.631015 3.709957
v 1.006735 8.631015 3.728275
v 0.933824 8.631015 3.724544
v 1.059847 8.608971 3.672109
v 0.948694 8.608971 3.672109
v 0.954510 8.608971 3.645831
v 0.974398 8.608971 3.634224
v 1.008732 8.608971 3.632115
v 1.042040 8.608971 3.642913
v 1.049562 8.608971 3.693673
v 1.004231 8.608971 3.705086
v 0.958803 8.608971 3.702762
v 0.838676 8.189092 -4.915571
v 3.713013 8.174457 -4.915571
v 0.805160 8.634458 -4.915571
v 3.749503 8.435678 -4.915571
v 0.805160 8.435678 -4.915571
v 3.749503 8.634458 -4.915571
v 0.980091 8.435678 -4.915571
v 1.217485 8.435678 -4.915571
v 1.478701 8.435678 -4.915571
v 1.717067 8.435678 -4.915571
v 1.988541 8.435678 -4.915571
v 2.226660 8.435678 -4.915571
v 2.539522 8.435678 -4.915571
v 2.790953 8.435678 -4.915571
v 1.114808 8.590305 -4.915571
v 1.203565 8.619886 -4.915571
v 1.288487 8.550586 -4.915571
v 1.187896 8.378446 -4.915571
v 1.425448 8.378446 -4.915571
v 1.654006 8.375072 -4.915571
v 1.919570 8.375072 -4.915571
v 2.143818 8.361903 -4.915571
v 2.481180 8.355988 -4.915571
v 2.748746 8.361581 -4.915571
v 3.532034 8.367496 -4.915571
v 3.594307 8.302062 -4.915571
v 3.582468 8.222904 -4.915571
v 0.919537 8.228821 -4.915571
v 0.885416 8.319824 -4.915571
v 1.577349 8.538754 -4.915571
v 1.665694 8.603729 -4.915571
v 1.759369 8.574135 -4.915571
v 1.777121 8.521005 -4.915571
v 2.156280 8.588488 -4.915571
v 2.221365 8.606236 -4.915571
v 2.303173 8.538819 -4.915571
v 2.604612 8.545179 -4.915571
v 2.730196 8.617826 -4.915571
v 2.826396 8.568845 -4.915571
v 2.820510 8.509171 -4.915571
v 0.888678 8.154026 -4.915571
v 0.805160 8.247854 -4.915571
v 0.888678 8.154026 -4.929574
v 3.611290 8.154026 -4.915571
v 3.749503 8.248093 -4.915571
v 0.838676 8.189092 -4.890529
v 3.749503 8.432917 -4.899163
v 0.805160 8.394242 -4.899163
v 3.713013 8.174457 -4.890529
v 0.805160 8.650675 -4.890529
v 3.749503 8.435678 -4.890529
v 0.805160 8.435678 -4.890529
v 3.749503 8.650675 -4.890529
v 0.805160 8.634458 -4.899163
v 0.838676 8.189092 -4.899163
v 3.749503 8.634458 -4.899163
v 3.713013 8.174457 -4.899163
v 0.980091 8.435678 -4.890529
v 1.217485 8.435678 -4.890529
v 1.478701 8.435678 -4.890529
v 1.717067 8.435678 -4.890529
v 1.988541 8.435678 -4.890529
v 2.226660 8.435678 -4.890529
v 2.539522 8.435678 -4.890529
v 2.790953 8.435678 -4.890529
v 1.114808 8.590305 -4.890529
v 1.203565 8.619886 -4.890529
v 1.288487 8.550586 -4.890529
v 1.187896 8.378446 -4.890529
v 1.425448 8.378446 -4.890529
v 1.654006 8.375072 -4.890529
v 1.919570 8.375072 -4.890529
v 2.143818 8.361903 -4.890529
v 2.481180 8.355988 -4.890529
v 2.748746 8.361581 -4.890529
v 3.532034 8.367496 -4.890529
v 3.594307 8.302062 -4.890529
v 3.582468 8.222904 -4.890529
v 0.919537 8.228821 -4.890529
v 0.885416 8.319824 -4.890529
v 1.577349 8.538754 -4.890529
v 1.665694 8.603729 -4.890529
v 1.759369 8.574135 -4.890529
v 1.777121 8.521005 -4.890529
v 2.156280 8.588488 -4.890529
v 2.221365 8.606236 -4.890529
v 2.303173 8.538819 -4.890529
v 2.604612 8.545179 -4.890529
v 2.730196 8.617826 -4.890529
v 2.826396 8.568845 -4.890529
v 2.820510 8.509171 -4.890529
v 0.990546 8.435678 -4.899163
v 1.191733 8.435678 -4.899163
v 1.493503 8.435678 -4.899163
v 1.682857 8.435678 -4.899163
v 2.014215 8.435678 -4.899163
v 2.191731 8.435678 -4.899163
v 2.570432 8.435678 -4.899163
v 2.759839 8.435678 -4.899163
v 1.114808 8.574264 -4.899163
v 1.203565 8.603846 -4.899163
v 1.262735 8.550586 -4.899163
v 1.162144 8.367154 -4.899163
v 1.440250 8.367154 -4.899163
v 1.611848 8.361238 -4.899163
v 1.937297 8.361238 -4.899163
v 2.108889 8.349405 -4.899163
v 2.505340 8.343490 -4.899163
v 2.706527 8.343490 -4.899163
v 3.511261 8.349405 -4.899163
v 3.570437 8.302062 -4.899163
v 3.558598 8.237093 -4.899163
v 0.919537 8.243010 -4.899163
v 0.895872 8.319824 -4.899163
v 1.600016 8.538754 -4.899163
v 1.665103 8.597929 -4.899163
v 1.736112 8.568335 -4.899163
v 1.753863 8.521005 -4.899163
v 2.156280 8.574322 -4.899163
v 2.221365 8.592071 -4.899163
v 2.280539 8.538819 -4.899163
v 2.635522 8.538754 -4.899163
v 2.730196 8.592012 -4.899163
v 2.795282 8.562418 -4.899163
v 2.789395 8.509171 -4.899163
v 0.888678 8.154026 -4.890529
v 0.888678 8.154026 -4.899163
v 0.805160 8.244477 -4.899163
v 0.805160 8.247854 -4.890529
v 0.888678 8.154026 -4.899163
v 0.888678 8.154026 -4.868751
v 3.611290 8.154026 -4.890529
v 3.611290 8.154026 -4.899163
v 3.749503 8.247170 -4.899163
v 3.749503 8.248093 -4.890529
v 0.805160 8.664947 -4.915571
v 3.749503 8.664947 -4.915571
v 0.805160 8.664947 -4.868751
v 3.749503 8.664947 -4.868751
v 0.805160 8.664947 -4.899163
v 3.749503 8.664947 -4.899163
v 0.805160 8.650675 -4.679304
v 3.749503 8.650675 -4.679304
v 0.805160 8.664947 -4.679304
v 3.749503 8.664947 -4.679304
v 3.749503 8.650675 -4.784916
v 3.749503 8.664947 -4.774027
v 0.805160 8.650675 -4.784916
v 0.805160 8.664947 -4.774027
v 3.038939 8.650675 -4.824411
v 3.061735 8.650675 -4.852293
v 3.171647 8.650675 -4.849843
v 3.189864 8.650675 -4.826572
v 3.056686 8.660540 -4.745390
v 3.092293 8.660540 -4.725499
v 3.153296 8.660540 -4.727554
v 3.175645 8.660540 -4.747004
v 3.163234 8.625031 -4.811689
v 3.151739 8.625031 -4.826373
v 3.163239 8.637643 -4.839931
v 3.178617 8.637643 -4.820287
v 3.063374 8.660540 -4.850358
v 3.041245 8.660540 -4.823293
v 3.195048 8.650675 -4.784916
v 3.041596 8.650675 -4.784916
v 3.177393 8.650675 -4.745820
v 3.154371 8.650675 -4.725784
v 3.091526 8.650675 -4.723666
v 3.054846 8.650675 -4.744158
v 3.182994 8.637643 -4.785122
v 3.053456 8.637643 -4.785122
v 3.051213 8.637643 -4.818462
v 3.070456 8.637643 -4.841999
v 3.168090 8.637643 -4.752119
v 3.148655 8.637643 -4.735205
v 3.095605 8.637643 -4.733418
v 3.064641 8.637643 -4.750716
v 3.043825 8.660540 -4.784955
v 3.192783 8.660540 -4.784955
v 3.187750 8.660540 -4.825391
v 3.170067 8.660540 -4.847980
v 3.166506 8.625031 -4.785404
v 3.069677 8.625031 -4.785404
v 3.068000 8.625031 -4.810325
v 3.082385 8.625031 -4.827919
v 3.155365 8.625031 -4.760734
v 3.140838 8.625031 -4.748091
v 3.101183 8.625031 -4.746755
v 3.078038 8.625031 -4.759686
v 1.114755 8.650675 -4.784916
v 0.901469 8.650675 -4.784916
v 1.109260 8.663762 -4.784424
v 0.906194 8.663762 -4.784424
v 0.916819 8.663762 -4.736417
v 0.953153 8.663762 -4.715213
v 1.015877 8.663762 -4.711359
v 1.076729 8.663762 -4.731086
v 1.090470 8.663762 -4.823821
v 1.007654 8.663762 -4.844671
v 0.924662 8.663762 -4.840424
v 1.096001 8.631015 -4.783237
v 0.917599 8.631015 -4.783237
v 0.926933 8.631015 -4.741060
v 0.912628 8.650675 -4.734492
v 0.950791 8.650675 -4.712222
v 1.016672 8.650675 -4.708174
v 1.080585 8.650675 -4.728894
v 1.095018 8.650675 -4.826295
v 1.008035 8.650675 -4.848195
v 0.920866 8.650675 -4.843734
v 0.958854 8.631015 -4.722433
v 1.013960 8.631015 -4.719046
v 1.067420 8.631015 -4.736377
v 1.079493 8.631015 -4.817848
v 1.006735 8.631015 -4.836166
v 0.933824 8.631015 -4.832435
v 1.059847 8.608971 -4.780000
v 0.948694 8.608971 -4.780000
v 0.954510 8.608971 -4.753722
v 0.974398 8.608971 -4.742115
v 1.008732 8.608971 -4.740006
v 1.042040 8.608971 -4.750804
v 1.049562 8.608971 -4.801564
v 1.004231 8.608971 -4.812977
v 0.958803 8.608971 -4.810653
usemtl Material.001
s 1
f 822 733 690 745
f 691 742 736 693
f 743 689 730 816
f 744 694 692 735
f 732 821 745 690
f 835 834 831 833
f 696 706 707 697
f 698 708 709 699
f 700 710 711 701
f 695 693 730
f 717 695 730
f 692 702 712
f 692 712 713
f 692 713 733
f 713 714 733
f 716 717 730
f 714 715 733
f 715 690 733
f 730 689 716
f 716 689 715
f 715 689 690
f 689 729 690
f 729 732 690
f 691 693 703
f 691 703 704
f 694 691 704
f 694 704 726
f 694 726 692
f 704 705 719
f 704 719 723
f 704 723 726
f 723 725 726
f 726 727 692
f 719 722 723
f 723 724 725
f 705 718 719
f 719 720 722
f 693 695 703
f 720 699 722
f 720 721 699
f 727 728 692
f 705 696 718
f 724 701 725
f 724 700 701
f 696 697 718
f 721 698 699
f 728 702 692
f 780 788 703 695
f 781 791 706 696
f 789 790 705 704
f 794 784 699 709
f 796 786 701 711
f 798 799 714 713
f 801 802 717 716
f 803 804 719 718
f 806 783 698 721
f 808 809 724 723
f 810 811 726 725
f 813 787 702 728
f 788 789 704 703
f 791 792 707 706
f 783 793 708 698
f 785 795 710 700
f 787 797 712 702
f 799 800 715 714
f 802 780 695 717
f 804 805 720 719
f 784 807 722 699
f 809 785 700 724
f 811 812 727 726
f 790 781 696 705
f 792 782 697 707
f 793 794 709 708
f 795 796 711 710
f 797 798 713 712
f 800 801 716 715
f 782 803 718 697
f 805 806 721 720
f 807 808 723 722
f 786 810 725 701
f 812 813 728 727
f 689 743 815 729
f 818 731 729 815
f 693 736 816 730
f 729 815 821 732
f 735 692 733 822
f 822 745 737 823
f 738 740 736 742
f 817 734 743 816
f 744 735 739 741
f 820 737 745 821
f 742 691 824 828
f 747 748 758 757
f 749 750 760 759
f 751 752 762 761
f 817 740 746
f 817 746 768
f 739 763 753
f 739 764 763
f 739 823 764
f 823 765 764
f 817 768 767
f 823 766 765
f 823 737 766
f 734 817 767
f 734 767 766
f 737 734 766
f 737 814 734
f 737 820 814
f 754 740 738
f 755 754 738
f 741 755 738
f 741 777 755
f 741 739 777
f 770 756 755
f 774 770 755
f 777 774 755
f 777 776 774
f 739 778 777
f 774 773 770
f 776 775 774
f 770 769 756
f 773 771 770
f 754 746 740
f 773 750 771
f 750 772 771
f 739 779 778
f 769 747 756
f 776 752 775
f 752 751 775
f 769 748 747
f 750 749 772
f 739 753 779
f 780 746 754 788
f 781 747 757 791
f 789 755 756 790
f 794 760 750 784
f 796 762 752 786
f 798 764 765 799
f 801 767 768 802
f 803 769 770 804
f 806 772 749 783
f 808 774 775 809
f 810 776 777 811
f 813 779 753 787
f 788 754 755 789
f 791 757 758 792
f 783 749 759 793
f 785 751 761 795
f 787 753 763 797
f 799 765 766 800
f 802 768 746 780
f 804 770 771 805
f 784 750 773 807
f 809 775 751 785
f 811 777 778 812
f 790 756 747 781
f 792 758 748 782
f 793 759 760 794
f 795 761 762 796
f 797 763 764 798
f 800 766 767 801
f 782 748 769 803
f 805 771 772 806
f 807 773 774 808
f 786 752 776 810
f 812 778 779 813
f 734 814 815 743
f 818 815 814 819
f 740 817 816 736
f 814 820 821 815
f 735 822 823 739
f 825 829 828 824
f 827 826 828 829
f 829 825 694 744
f 828 826 738 742
f 825 824 691 694
f 744 741 827 829
f 831 830 832 833
f 893 836 830
f 894 893 830
f 894 830 831
f 856 894 831
f 855 856 831
f 834 855 831
f 856 895 894
f 893 892 836
f 856 857 895
f 834 854 855
f 857 878 895
f 892 879 836
f 857 853 878
f 834 852 854
f 836 837 832 830
f 835 837 826 827
f 827 741 834 835
f 738 836 879
f 738 879 898
f 896 878 853
f 896 853 838
f 841 852 834
f 741 841 834
f 896 838 839
f 897 896 839
f 741 840 841
f 738 898 897
f 738 897 839
f 741 839 840
f 741 738 839
f 738 826 837 836
f 833 832 837 835
f 1047 970 915 958
f 916 918 961 967
f 955 914 968 1041
f 969 960 917 919
f 957 915 970 1046
f 1060 1058 1056 1059
f 921 922 932 931
f 923 924 934 933
f 925 926 936 935
f 955 918 920
f 955 920 942
f 917 937 927
f 917 938 937
f 917 958 938
f 958 939 938
f 955 942 941
f 958 940 939
f 958 915 940
f 914 955 941
f 914 941 940
f 915 914 940
f 915 954 914
f 915 957 954
f 928 918 916
f 929 928 916
f 919 929 916
f 919 951 929
f 919 917 951
f 944 930 929
f 948 944 929
f 951 948 929
f 951 950 948
f 917 952 951
f 948 947 944
f 950 949 948
f 944 943 930
f 947 945 944
f 928 920 918
f 947 924 945
f 924 946 945
f 917 953 952
f 943 921 930
f 950 926 949
f 926 925 949
f 943 922 921
f 924 923 946
f 917 927 953
f 1005 920 928 1013
f 1006 921 931 1016
f 1014 929 930 1015
f 1019 934 924 1009
f 1021 936 926 1011
f 1023 938 939 1024
f 1026 941 942 1027
f 1028 943 944 1029
f 1031 946 923 1008
f 1033 948 949 1034
f 1035 950 951 1036
f 1038 953 927 1012
f 1013 928 929 1014
f 1016 931 932 1017
f 1008 923 933 1018
f 1010 925 935 1020
f 1012 927 937 1022
f 1024 939 940 1025
f 1027 942 920 1005
f 1029 944 945 1030
f 1009 924 947 1032
f 1034 949 925 1010
f 1036 951 952 1037
f 1015 930 921 1006
f 1017 932 922 1007
f 1018 933 934 1019
f 1020 935 936 1021
f 1022 937 938 1023
f 1025 940 941 1026
f 1007 922 943 1028
f 1030 945 946 1031
f 1032 947 948 1033
f 1011 926 950 1035
f 1037 952 953 1038
f 914 954 1040 968
f 1043 1040 954 956
f 918 955 1041 961
f 954 957 1046 1040
f 960 1047 958 917
f 1047 1048 962 970
f 963 967 961 965
f 1042 1041 968 959
f 969 966 964 960
f 1045 1046 970 962
f 967 1053 1049 916
f 972 982 983 973
f 974 984 985 975
f 976 986 987 977
f 971 965 1042
f 993 971 1042
f 964 978 988
f 964 988 989
f 964 989 1048
f 989 990 1048
f 992 993 1042
f 990 991 1048
f 991 962 1048
f 992 1042 959
f 991 992 959
f 991 959 962
f 959 1039 962
f 1039 1045 962
f 963 965 979
f 963 979 980
f 966 963 980
f 966 980 1002
f 966 1002 964
f 980 981 995
f 980 995 999
f 980 999 1002
f 999 1001 1002
f 1002 1003 964
f 995 998 999
f 999 1000 1001
f 981 994 995
f 995 996 998
f 965 971 979
f 996 975 998
f 996 997 975
f 1003 1004 964
f 981 972 994
f 1000 977 1001
f 1000 976 977
f 972 973 994
f 997 974 975
f 1004 978 964
f 1005 1013 979 971
f 1006 1016 982 972
f 1014 1015 981 980
f 1019 1009 975 985
f 1021 1011 977 987
f 1023 1024 990 989
f 1026 1027 993 992
f 1028 1029 995 994
f 1031 1008 974 997
f 1033 1034 1000 999
f 1035 1036 1002 1001
f 1038 1012 978 1004
f 1013 1014 980 979
f 1016 1017 983 982
f 1008 1018 984 974
f 1010 1020 986 976
f 1012 1022 988 978
f 1024 1025 991 990
f 1027 1005 971 993
f 1029 1030 996 995
f 1009 1032 998 975
f 1034 1010 976 1000
f 1036 1037 1003 1002
f 1015 1006 972 981
f 1017 1007 973 983
f 1018 1019 985 984
f 1020 1021 987 986
f 1022 1023 989 988
f 1025 1026 992 991
f 1007 1028 994 973
f 1030 1031 997 996
f 1032 1033 999 998
f 1011 1035 1001 977
f 1037 1038 1004 1003
f 959 968 1040 1039
f 1043 1044 1039 1040
f 965 961 1041 1042
f 1039 1040 1046 1045
f 960 964 1048 1047
f 1050 1049 1053 1054
f 1052 1054 1053 1051
f 1054 969 919 1050
f 1053 967 963 1051
f 1050 919 916 1049
f 969 1054 1052 966
f 1056 1058 1057 1055
f 1055 1061 1104
f 1055 1104 1117
f 1120 1103 1078
f 1120 1078 1082
f 1059 1079 1077
f 1059 1056 1079
f 1056 1080 1079
f 1120 1082 1081
f 1055 1117 1118
f 1119 1120 1081
f 1056 1081 1080
f 1056 1119 1081
f 1055 1118 1119
f 1056 1055 1119
f 1061 1055 1057 1062
f 1060 1052 1051 1062
f 1052 1060 1059 966
f 1123 1061 963
f 1122 1123 963
f 966 1122 963
f 966 1064 1122
f 966 1065 1064
f 966 1059 1065
f 1064 1063 1122
f 1059 1066 1065
f 1063 1121 1122
f 1123 1104 1061
f 1059 1077 1066
f 1063 1103 1121
f 1063 1078 1103
f 963 1061 1062 1051
f 1058 1060 1062 1057
usemtl Material.003
f 867 868 849 858
f 839 838 851 850
f 854 852 867 845
f 843 844 863 864
f 855 854 845 844
f 857 856 843 842
f 852 841 868 867
f 840 839 850 869
f 853 857 842 866
f 841 840 869 868
f 856 855 844 843
f 838 853 866 851
f 863 862 874 875
f 865 864 876 877
f 869 850 861 848
f 868 869 848 849
f 845 867 858 862
f 866 842 865 859
f 844 845 862 863
f 851 866 859 860
f 850 851 860 861
f 842 843 864 865
f 877 876 875
f 877 875 874
f 871 877 874
f 870 871 874
f 870 872 871
f 870 846 872
f 846 873 872
f 846 847 873
f 864 863 875 876
f 848 861 873 847
f 858 849 846 870
f 849 848 847 846
f 860 859 871 872
f 862 858 870 874
f 859 865 877 871
f 861 860 872 873
f 880 886 902 889
f 878 896 886 880
f 895 878 880 885
f 885 880 889 901
f 879 892 882 881
f 896 897 887 886
f 892 893 883 882
f 897 898 888 887
f 893 894 884 883
f 898 879 881 888
f 894 895 885 884
f 890 891 907 906
f 889 902 911 905
f 881 882 891 890
f 886 887 903 902
f 882 883 899 891
f 887 888 904 903
f 883 884 900 899
f 888 881 890 904
f 884 885 901 900
f 908 909 910
f 907 908 910
f 907 910 905
f 906 907 905
f 905 913 906
f 905 911 913
f 911 912 913
f 902 903 912 911
f 891 899 908 907
f 903 904 913 912
f 899 900 909 908
f 904 890 906 913
f 900 901 910 909
f 901 889 905 910
f 1092 1083 1074 1093
f 1064 1075 1076 1063
f 1079 1070 1092 1077
f 1068 1089 1088 1069
f 1080 1069 1070 1079
f 1082 1067 1068 1081
f 1077 1092 1093 1066
f 1065 1094 1075 1064
f 1078 1091 1067 1082
f 1066 1093 1094 1065
f 1081 1068 1069 1080
f 1063 1076 1091 1078
f 1088 1100 1099 1087
f 1090 1102 1101 1089
f 1094 1073 1086 1075
f 1093 1074 1073 1094
f 1070 1087 1083 1092
f 1091 1084 1090 1067
f 1069 1088 1087 1070
f 1076 1085 1084 1091
f 1075 1086 1085 1076
f 1067 1090 1089 1068
f 1095 1102 1096
f 1095 1099 1102
f 1099 1100 1102
f 1100 1101 1102
f 1097 1098 1072
f 1097 1072 1071
f 1095 1097 1071
f 1095 1096 1097
f 1089 1101 1100 1088
f 1073 1072 1098 1086
f 1083 1095 1071 1074
f 1074 1071 1072 1073
f 1085 1097 1096 1084
f 1087 1099 1095 1083
f 1084 1096 1102 1090
f 1086 1098 1097 1085
f 1105 1114 1127 1111
f 1103 1105 1111 1121
f 1120 1110 1105 1103
f 1110 1126 1114 1105
f 1104 1106 1107 1117
f 1121 1111 1112 1122
f 1117 1107 1108 1118
f 1122 1112 1113 1123
f 1118 1108 1109 1119
f 1123 1113 1106 1104
f 1119 1109 1110 1120
f 1115 1131 1132 1116
f 1114 1130 1136 1127
f 1106 1115 1116 1107
f 1111 1127 1128 1112
f 1107 1116 1124 1108
f 1112 1128 1129 1113
f 1108 1124 1125 1109
f 1113 1129 1115 1106
f 1109 1125 1126 1110
f 1131 1130 1132
f 1130 1135 1132
f 1135 1133 1132
f 1135 1134 1133
f 1138 1137 1136
f 1131 1138 1136
f 1130 1131 1136
f 1127 1136 1137 1128
f 1116 1132 1133 1124
f 1128 1137 1138 1129
f 1124 1133 1134 1125
f 1129 1138 1131 1115
f 1125 1134 1135 1126
f 1126 1135 1130 1114
o Fierro_2_Cube.004
v -3.280475 -0.300785 -5.174251
v -3.280475 -0.300785 -5.013836
v -1.496447 4.018510 -5.013836
v -1.496447 4.018510 -5.174251
v -3.000432 -0.451614 -5.189361
v -3.000432 -0.451614 -5.039636
v -1.216403 3.867681 -5.039636
v -1.216403 3.867681 -5.189361
v -3.346302 -0.423005 -5.179531
v -3.358371 -0.445414 -5.016554
v -3.079215 -0.597891 -5.204174
v -3.055336 -0.553554 -5.027666
v -3.651921 -0.990447 -4.854783
v -3.584109 -0.864540 -4.760050
v -3.374082 -1.145369 -4.879425
v -3.306917 -1.020663 -4.771162
v -3.459246 -1.224887 -4.137052
v -3.544935 -1.383984 -4.269808
v -3.808710 -1.202951 -4.269808
v -3.740627 -1.076542 -4.137052
v -3.478152 -1.152802 -4.137052
v -3.600436 -1.379847 -4.269808
v -1.261153 3.891783 -5.227553
v -1.261153 3.891783 -4.976607
v -3.045181 -0.427512 -4.976607
v -3.045181 -0.427512 -5.227553
v -3.318191 -0.934409 -4.720103
v -3.440475 -1.161453 -4.902804
v -3.092453 -0.515282 -4.976607
v -3.134856 -0.594011 -5.227553
v -1.344317 3.936574 -4.976607
v -3.128345 -0.382721 -4.976607
v -1.344317 3.936574 -5.227553
v -3.128345 -0.382721 -5.227553
v -1.427481 3.981366 -4.976607
v -3.211509 -0.337929 -5.227553
v -3.211509 -0.337929 -4.976607
v -1.427481 3.981366 -5.227553
v -3.644480 -1.063219 -4.137052
v -3.766765 -1.290264 -4.269808
v -3.518260 -1.106673 -4.892483
v -3.175617 -0.470491 -4.976607
v -3.401355 -0.889617 -4.720103
v -3.212640 -0.539231 -5.217232
v -3.606804 -1.071870 -4.902804
v -3.301184 -0.504428 -5.227553
v -3.258781 -0.425699 -4.976607
v -3.484519 -0.844825 -4.720103
v -3.678221 -1.325067 -4.259487
v -3.561316 -1.108011 -4.137052
v -3.290427 -0.295425 -5.094043
v -1.506399 4.023870 -5.094043
v -2.981263 -0.461938 -5.114498
v -1.197235 3.857357 -5.114499
v -3.362288 -0.428849 -5.098042
v -3.048107 -0.586047 -5.115920
v -3.627967 -0.922133 -4.807416
v -3.321331 -1.093340 -4.825294
v -3.486334 -1.312922 -4.203430
v -3.788033 -1.132548 -4.203430
v -3.181126 -0.787108 -4.942713
v -3.226649 -0.871630 -5.085098
v -3.471240 -0.654977 -4.931601
v -3.499111 -0.706726 -5.060455
v -3.287665 -0.877732 -5.108478
v -3.205322 -0.724845 -4.891654
v -3.371650 -0.635262 -4.891654
v -3.453994 -0.788149 -5.108478
v -3.288486 -0.680054 -4.891654
v -3.365450 -0.822952 -5.098156
v -3.184719 -0.839693 -5.013906
v -3.495128 -0.675491 -4.996028
v -3.497237 -1.028337 -4.428577
v -3.614141 -1.245393 -4.575985
v -3.536357 -1.300173 -4.586306
v -3.414073 -1.073129 -4.428577
v -3.419734 -1.232654 -4.514362
v -3.723902 -1.056864 -4.505423
v -3.702685 -1.210590 -4.586306
v -3.580401 -0.983546 -4.428577
v -3.678269 -1.000064 -4.448551
v -3.398982 -1.152298 -4.454107
v -3.746217 -1.126222 -4.562295
v -3.475410 -1.294200 -4.574616
v -3.503048 -1.252755 -3.003703
v -3.784429 -1.104410 -3.003703
v -3.588737 -1.411853 -3.070081
v -3.852512 -1.230819 -3.070081
v -3.521954 -1.180671 -3.003703
v -3.644238 -1.407715 -3.070081
v -3.605118 -1.135879 -3.003703
v -3.688283 -1.091088 -3.003703
v -3.810567 -1.318132 -3.070081
v -3.724713 -1.357929 -3.064921
v -3.536798 -1.337202 -3.036892
v -3.838497 -1.156829 -3.036892
v 1.560703 8.515667 -5.260283
v 1.607187 8.471813 -5.249822
v 1.614047 8.402112 -5.260283
v 1.515449 8.529757 -5.249822
v 1.463779 8.500097 -5.249822
v 1.460333 8.448334 -5.249822
v 1.551034 8.373096 -5.249822
v 1.605840 8.471512 -5.260283
v 1.515772 8.528399 -5.260283
v 1.465043 8.499281 -5.260283
v 1.461660 8.448460 -5.260283
v 1.550710 8.374591 -5.260283
v 1.615546 8.401126 -5.249822
v 1.561213 8.516787 -5.249822
v 1.491086 8.401027 -5.249822
v 1.372806 8.381840 -5.227555
v 1.583884 8.268155 -5.189363
v 1.293888 8.424344 -5.094045
v 1.303841 8.418984 -5.174253
v 1.539135 8.292256 -4.976609
v 1.455970 8.337049 -4.976609
v 1.372806 8.381840 -4.976609
v 1.303841 8.418984 -5.013838
v 1.603052 8.257831 -5.114501
v 1.583884 8.268155 -5.039638
v 1.455970 8.337049 -5.227555
v 1.539135 8.292256 -5.227555
v 1.611088 8.235942 -5.116548
v 1.272569 8.415957 -4.997881
v 1.350594 8.374465 -4.953994
v 1.444684 8.324430 -4.953994
v 1.554524 8.502091 -5.248377
v 1.595881 8.414054 -5.248377
v 1.589518 8.467859 -5.248377
v 1.519689 8.511963 -5.248377
v 1.480360 8.489388 -5.248377
v 1.477737 8.449987 -5.248377
v 1.546776 8.392717 -5.248377
v 1.501145 8.413978 -5.248377
v 1.350594 8.374465 -5.249822
v 1.767831 8.494678 -5.116548
v 1.418051 8.680681 -5.092433
v 1.507337 8.633202 -5.249822
v 1.507337 8.633202 -4.953994
v 1.601426 8.583167 -5.249822
v 1.601426 8.583167 -4.953994
v 1.695516 8.533133 -4.953994
v 1.695516 8.533133 -5.249822
v 1.518366 8.517515 -5.260283
v 1.595031 8.469093 -5.260283
v 1.602017 8.410020 -5.260283
v 1.556611 8.506677 -5.260283
v 1.746144 8.506210 -5.204800
v 1.746144 8.506210 -5.028296
v 1.429311 8.674692 -5.186986
v 1.429311 8.674692 -4.997881
v 1.491852 8.402014 -5.260283
v 1.538774 8.274397 -5.249822
v 1.444684 8.324430 -5.249822
v 1.589402 8.247475 -5.028296
v 1.498006 8.409936 -5.260283
v 1.548105 8.386595 -5.260283
v 1.472306 8.449471 -5.260283
v 1.475186 8.492729 -5.260283
v 1.538774 8.274397 -4.953994
v 1.272569 8.415957 -5.186986
v 1.261309 8.421945 -5.092433
v 1.589402 8.247475 -5.204800
v 1.615059 8.595569 -5.102026
v 1.523034 8.644505 -5.102026
v 1.707084 8.546633 -5.102026
v 1.756600 8.520301 -5.114995
v 1.446722 8.685086 -5.093632
v 1.525822 8.643023 -5.233067
v 1.525822 8.643023 -4.970985
v 1.609178 8.598696 -5.233067
v 1.609178 8.598696 -4.970985
v 1.692535 8.554369 -4.970985
v 1.692535 8.554369 -5.233067
v 1.737387 8.530518 -5.193180
v 1.737387 8.530518 -5.036811
v 1.456697 8.679781 -5.177399
v 1.456697 8.679781 -5.009866
v -1.603441 3.309356 -5.227553
v -1.545694 3.449169 -5.227553
v -1.602489 3.311857 -5.219875
v -1.546765 3.446770 -5.219875
v -1.606041 3.445643 -5.219875
v -1.641634 3.406193 -5.219875
v -1.642702 3.367267 -5.219875
v -1.547814 3.310276 -5.219875
v -1.607123 3.448002 -5.227553
v -1.644009 3.407119 -5.227553
v -1.645115 3.366779 -5.227553
v -1.546781 3.307718 -5.227553
v -1.511572 3.343728 -5.227553
v -1.506312 3.413743 -5.227553
v -1.513839 3.345024 -5.219875
v -1.508763 3.412585 -5.219875
v -1.598007 3.323618 -5.235239
v -1.551803 3.435483 -5.235239
v -1.600953 3.434549 -5.235239
v -1.630465 3.401838 -5.235239
v -1.631351 3.369562 -5.235239
v -1.552673 3.322307 -5.235239
v -1.524502 3.351119 -5.235239
v -1.520293 3.407138 -5.235239
v -1.587858 3.350252 -5.245450
v -1.563212 3.409923 -5.245450
v -1.589430 3.409425 -5.245450
v -1.605172 3.391976 -5.245450
v -1.605644 3.374759 -5.245450
v -1.563676 3.349553 -5.245450
v -1.548649 3.364922 -5.245450
v -1.546404 3.394804 -5.245450
v -3.280475 -0.300785 4.012341
v -3.280475 -0.300785 3.851926
v -1.496447 4.018510 3.851926
v -1.496447 4.018510 4.012341
v -3.000432 -0.451614 4.027451
v -3.000432 -0.451614 3.877726
v -1.216403 3.867681 3.877726
v -1.216403 3.867681 4.027451
v -3.346302 -0.423005 4.017621
v -3.358371 -0.445414 3.854644
v -3.079215 -0.597891 4.042264
v -3.055336 -0.553554 3.865756
v -3.651921 -0.990447 3.692873
v -3.584109 -0.864540 3.598140
v -3.374082 -1.145369 3.717515
v -3.306917 -1.020663 3.609252
v -3.900665 -1.222573 -0.580955
v -3.832582 -1.096164 -0.580955
v -3.636889 -1.403606 -0.580955
v -3.551200 -1.244509 -0.580955
v -3.459246 -1.224887 2.975142
v -3.544935 -1.383984 3.107898
v -3.808710 -1.202951 3.107898
v -3.740627 -1.076542 2.975142
v -3.478152 -1.152802 2.975142
v -3.600436 -1.379847 3.107898
v -3.570107 -1.172424 -0.580955
v -3.692391 -1.399469 -0.580955
v -1.261153 3.891783 4.065643
v -1.261153 3.891783 3.814697
v -3.045181 -0.427512 3.814697
v -3.045181 -0.427512 4.065643
v -3.318191 -0.934409 3.558193
v -3.440475 -1.161453 3.740894
v -3.092453 -0.515282 3.814697
v -3.134856 -0.594011 4.065643
v -1.344317 3.936574 3.814697
v -3.128345 -0.382721 3.814697
v -1.344317 3.936574 4.065643
v -3.128345 -0.382721 4.065643
v -1.427481 3.981366 3.814697
v -3.211509 -0.337929 4.065643
v -3.211509 -0.337929 3.814697
v -1.427481 3.981366 4.065643
v -3.858719 -1.309886 -0.580955
v -3.736435 -1.082841 -0.580955
v -3.644480 -1.063219 2.975142
v -3.766765 -1.290264 3.107898
v -3.518260 -1.106673 3.730573
v -3.175617 -0.470491 3.814697
v -3.401355 -0.889617 3.558193
v -3.212640 -0.539231 4.055322
v -3.606804 -1.071870 3.740894
v -3.301184 -0.504428 4.065643
v -3.258781 -0.425699 3.814697
v -3.484519 -0.844825 3.558193
v -3.653271 -1.127633 -0.580955
v -3.678221 -1.325067 3.097577
v -3.561316 -1.108011 2.975142
v -3.775555 -1.354677 -0.580955
v -3.290427 -0.295425 3.932133
v -1.506399 4.023870 3.932133
v -2.981263 -0.461938 3.952588
v -1.197235 3.857357 3.952589
v -3.362288 -0.428849 3.936132
v -3.048107 -0.586047 3.954010
v -3.627967 -0.922133 3.645506
v -3.321331 -1.093340 3.663383
v -3.893310 -1.144995 -0.580955
v -3.591611 -1.325368 -0.580955
v -3.486334 -1.312922 3.041520
v -3.788033 -1.132548 3.041520
v -3.684397 -1.223550 -0.580955
v -3.868022 -1.124652 -0.580955
v -3.776210 -1.174101 -0.580955
v -3.181126 -0.787108 3.780803
v -3.226649 -0.871630 3.923188
v -3.471240 -0.654977 3.769691
v -3.499111 -0.706726 3.898545
v -3.287665 -0.877732 3.946568
v -3.205322 -0.724845 3.729743
v -3.371650 -0.635262 3.729743
v -3.453994 -0.788149 3.946568
v -3.288486 -0.680054 3.729743
v -3.365450 -0.822952 3.936246
v -3.184719 -0.839693 3.851995
v -3.495128 -0.675491 3.834118
v -3.497237 -1.028337 3.266667
v -3.614141 -1.245393 3.414075
v -3.536357 -1.300173 3.424396
v -3.414073 -1.073129 3.266667
v -3.419734 -1.232654 3.352452
v -3.723902 -1.056864 3.343513
v -3.702685 -1.210590 3.424396
v -3.580401 -0.983546 3.266667
v -3.678269 -1.000064 3.286641
v -3.398982 -1.152298 3.292197
v -3.746217 -1.126222 3.400385
v -3.475410 -1.294200 3.412707
v -3.503048 -1.252755 1.841793
v -3.784429 -1.104410 1.841793
v -3.588737 -1.411853 1.908172
v -3.852512 -1.230819 1.908172
v -3.521954 -1.180671 1.841793
v -3.644238 -1.407715 1.908172
v -3.605118 -1.135879 1.841793
v -3.688283 -1.091088 1.841793
v -3.810567 -1.318132 1.908172
v -3.724713 -1.357929 1.903011
v -3.536798 -1.337202 1.874982
v -3.838497 -1.156829 1.874982
v 1.560703 8.515667 4.098372
v 1.607187 8.471813 4.087912
v 1.614047 8.402112 4.098372
v 1.515449 8.529757 4.087912
v 1.463779 8.500097 4.087912
v 1.460333 8.448334 4.087912
v 1.551034 8.373096 4.087912
v 1.605840 8.471512 4.098372
v 1.515772 8.528399 4.098372
v 1.465043 8.499281 4.098372
v 1.461660 8.448460 4.098372
v 1.550710 8.374591 4.098372
v 1.615546 8.401126 4.087912
v 1.561213 8.516787 4.087912
v 1.491086 8.401027 4.087912
v 1.372806 8.381840 4.065645
v 1.583884 8.268155 4.027453
v 1.293888 8.424344 3.932135
v 1.303841 8.418984 4.012342
v 1.539135 8.292256 3.814699
v 1.455970 8.337049 3.814699
v 1.372806 8.381840 3.814699
v 1.303841 8.418984 3.851928
v 1.603052 8.257831 3.952591
v 1.583884 8.268155 3.877728
v 1.455970 8.337049 4.065645
v 1.539135 8.292256 4.065645
v 1.611088 8.235942 3.954638
v 1.272569 8.415957 3.835971
v 1.350594 8.374465 3.792084
v 1.444684 8.324430 3.792084
v 1.554524 8.502091 4.086467
v 1.595881 8.414054 4.086467
v 1.589518 8.467859 4.086467
v 1.519689 8.511963 4.086467
v 1.480360 8.489388 4.086467
v 1.477737 8.449987 4.086467
v 1.546776 8.392717 4.086467
v 1.501145 8.413978 4.086467
v 1.350594 8.374465 4.087912
v 1.767831 8.494678 3.954638
v 1.418051 8.680681 3.930523
v 1.507337 8.633202 4.087912
v 1.507337 8.633202 3.792084
v 1.601426 8.583167 4.087912
v 1.601426 8.583167 3.792084
v 1.695516 8.533133 3.792084
v 1.695516 8.533133 4.087912
v 1.518366 8.517515 4.098372
v 1.595031 8.469093 4.098372
v 1.602017 8.410020 4.098372
v 1.556611 8.506677 4.098372
v 1.746144 8.506210 4.042890
v 1.746144 8.506210 3.866385
v 1.429311 8.674692 4.025076
v 1.429311 8.674692 3.835971
v 1.491852 8.402014 4.098372
v 1.538774 8.274397 4.087912
v 1.444684 8.324430 4.087912
v 1.589402 8.247475 3.866385
v 1.498006 8.409936 4.098372
v 1.548105 8.386595 4.098372
v 1.472306 8.449471 4.098372
v 1.475186 8.492729 4.098372
v 1.538774 8.274397 3.792084
v 1.272569 8.415957 4.025076
v 1.261309 8.421945 3.930523
v 1.589402 8.247475 4.042890
v 1.615059 8.595569 3.940116
v 1.523034 8.644505 3.940116
v 1.707084 8.546633 3.940116
v 1.756600 8.520301 3.953085
v 1.446722 8.685086 3.931722
v 1.525822 8.643023 4.071157
v 1.525822 8.643023 3.809075
v 1.609178 8.598696 4.071157
v 1.609178 8.598696 3.809075
v 1.692535 8.554369 3.809075
v 1.692535 8.554369 4.071157
v 1.737387 8.530518 4.031270
v 1.737387 8.530518 3.874901
v 1.456697 8.679781 4.015489
v 1.456697 8.679781 3.847956
v -1.603441 3.309356 4.065643
v -1.545694 3.449169 4.065643
v -1.602489 3.311857 4.057965
v -1.546765 3.446770 4.057965
v -1.606041 3.445643 4.057965
v -1.641634 3.406193 4.057965
v -1.642702 3.367267 4.057965
v -1.547814 3.310276 4.057965
v -1.607123 3.448002 4.065643
v -1.644009 3.407119 4.065643
v -1.645115 3.366779 4.065643
v -1.546781 3.307718 4.065643
v -1.511572 3.343728 4.065643
v -1.506312 3.413743 4.065643
v -1.513839 3.345024 4.057965
v -1.508763 3.412585 4.057965
v -1.598007 3.323618 4.073329
v -1.551803 3.435483 4.073329
v -1.600953 3.434549 4.073329
v -1.630465 3.401838 4.073329
v -1.631351 3.369562 4.073329
v -1.552673 3.322307 4.073329
v -1.524502 3.351119 4.073329
v -1.520293 3.407138 4.073329
v -1.587858 3.350252 4.083540
v -1.563212 3.409923 4.083540
v -1.589430 3.409425 4.083540
v -1.605172 3.391976 4.083540
v -1.605644 3.374759 4.083540
v -1.563676 3.349553 4.083540
v -1.548649 3.364922 4.083540
v -1.546404 3.394804 4.083540
usemtl Material
s 1
f 1189 1140 1141 1190
f 1191 1192 1145 1144
f 1191 1144 1150 1194
f 1163 1144 1145 1162
f 1174 1139 1142 1176
f 1209 1199 1154 1196
f 1164 1143 1149 1168
f 1167 1150 1144 1163
f 1193 1148 1140 1189
f 1233 1223 1369 1419
f 1210 1201 1148 1193
f 1203 1200 1153 1166
f 1204 1199 1150 1167
f 1422 1419 1369 1376
f 1228 1225 1368 1377
f 1214 1220 1154 1165
f 1216 1219 1152 1195
f 1215 1220 1155 1197
f 1213 1222 1156 1160
f 1227 1223 1155 1159
f 1234 1224 1158 1198
f 1143 1164 1161 1146
f 1170 1163 1162 1169
f 1207 1204 1167 1180
f 1180 1167 1163 1170
f 1208 1203 1166 1179
f 1172 1164 1168 1182
f 1424 1422 1376 1406
f 1232 1228 1377 1409
f 1211 1214 1165 1181
f 1212 1213 1160 1187
f 1229 1227 1159 1188
f 1139 1174 1184 1147
f 1175 1170 1169 1173
f 1219 1218 1186 1152
f 1148 1185 1175 1140
f 1231 1232 1409 1394
f 1221 1217 1178 1157
f 1140 1175 1173 1141
f 1202 1206 1183 1151
f 1230 1229 1188 1177
f 1224 1230 1177 1158
f 1252 1253 1142 1190
f 1418 1423 1395 1367
f 1201 1205 1185 1148
f 1206 1208 1179 1183
f 1226 1231 1394 1366
f 1218 1211 1181 1186
f 1174 1172 1182 1184
f 1185 1180 1170 1175
f 1423 1424 1406 1395
f 1217 1212 1187 1178
f 1205 1207 1180 1185
f 1139 1189 1190 1142
f 1143 1146 1192 1191
f 1143 1191 1194 1149
f 1200 1209 1196 1153
f 1189 1139 1147 1193
f 1225 1233 1419 1368
f 1202 1210 1193 1147
f 1377 1368 1419 1422
f 1221 1216 1195 1151
f 1222 1215 1197 1156
f 1226 1234 1198 1157
f 1255 1256 1173 1169
f 1409 1377 1422 1424
f 1256 1257 1141 1173
f 1258 1259 1145 1192
f 1366 1394 1423 1418
f 1394 1409 1424 1423
f 1194 1150 1199 1209
f 1195 1152 1201 1210
f 1168 1149 1200 1203
f 1165 1154 1199 1204
f 1181 1165 1204 1207
f 1182 1168 1203 1208
f 1147 1184 1206 1202
f 1152 1186 1205 1201
f 1184 1182 1208 1206
f 1186 1181 1207 1205
f 1149 1194 1209 1200
f 1151 1195 1210 1202
f 1153 1196 1215 1222
f 1183 1179 1212 1217
f 1198 1158 1219 1216
f 1179 1166 1213 1212
f 1196 1154 1220 1215
f 1188 1159 1214 1211
f 1166 1153 1222 1213
f 1159 1155 1220 1214
f 1157 1198 1216 1221
f 1158 1177 1218 1219
f 1177 1188 1211 1218
f 1151 1183 1217 1221
f 1197 1155 1223 1233
f 1160 1156 1225 1228
f 1376 1369 1223 1227
f 1418 1367 1224 1234
f 1187 1160 1228 1232
f 1406 1376 1227 1229
f 1178 1187 1232 1231
f 1395 1406 1229 1230
f 1367 1395 1230 1224
f 1157 1178 1231 1226
f 1156 1197 1233 1225
f 1366 1418 1234 1226
f 1241 1247 1292
f 1241 1292 1293
f 1249 1241 1293
f 1299 1265 1255 1254
f 1274 1293 1260 1250
f 1253 1252 1301 1300
f 1294 1299 1254 1259
f 1302 1262 1258 1251
f 1259 1258 1262 1294
f 1260 1261 1161 1171
f 1261 1251 1146 1161
f 1190 1141 1257 1252
f 1176 1142 1253 1250
f 1192 1146 1251 1258
f 1300 1274 1250 1253
f 1169 1162 1254 1255
f 1257 1256 1264 1263
f 1251 1261 1292 1302
f 1263 1301 1252 1257
f 1162 1145 1259 1254
f 1171 1176 1250 1260
f 1256 1255 1265 1264
f 1261 1260 1293 1292
f 1279 1282 1247
f 1279 1247 1236
f 1279 1236 1248
f 1279 1277 1308 1310
f 1275 1287 1314 1306
f 1276 1290 1317 1307
f 1265 1299 1281 1280
f 1281 1288 1315 1312
f 1282 1287 1302
f 1282 1302 1292
f 1282 1292 1247
f 1262 1302 1287 1275
f 1277 1279 1248
f 1277 1248 1238
f 1293 1240 1249
f 1293 1274 1240
f 1277 1238 1239
f 1274 1239 1240
f 1274 1277 1239
f 1274 1300 1289 1277
f 1309 1317 1290 1278
f 1301 1263 1290 1276
f 1278 1290 1263 1264
f 1275 1288 1294 1262
f 1311 1309 1278 1280
f 1306 1315 1288 1275
f 1280 1278 1264 1265
f 1280 1281 1312 1311
f 1299 1294 1288 1281
f 1276 1289 1300 1301
f 1303 1305 1313 1310
f 1311 1312 1305 1303
f 1317 1309 1304 1307
f 1309 1311 1303 1304
f 1304 1303 1310 1308
f 1307 1304 1308 1316
f 1312 1315 1306 1305
f 1305 1306 1314 1313
f 1313 1314 1287 1282
f 1310 1313 1282 1279
f 1277 1289 1316 1308
f 1307 1316 1289 1276
f 1172 1174 1318
f 1174 1328 1318
f 1174 1327 1328
f 1174 1176 1327
f 1171 1319 1326
f 1171 1326 1327
f 1176 1171 1327
f 1164 1172 1161
f 1172 1330 1161
f 1172 1329 1330
f 1172 1318 1329
f 1330 1331 1161
f 1331 1319 1161
f 1319 1171 1161
f 1410 1411 1352 1351
f 1412 1355 1356 1413
f 1412 1415 1361 1355
f 1380 1379 1356 1355
f 1391 1393 1353 1350
f 1435 1417 1365 1425
f 1381 1385 1360 1354
f 1384 1380 1355 1361
f 1414 1410 1351 1359
f 1459 1419 1369 1449
f 1436 1414 1359 1427
f 1429 1383 1364 1426
f 1430 1384 1361 1425
f 1422 1376 1369 1419
f 1454 1377 1368 1451
f 1440 1382 1365 1446
f 1442 1416 1363 1445
f 1441 1420 1370 1446
f 1439 1375 1371 1448
f 1453 1374 1370 1449
f 1460 1421 1373 1450
f 1354 1357 1378 1381
f 1387 1386 1379 1380
f 1433 1399 1384 1430
f 1399 1387 1380 1384
f 1434 1398 1383 1429
f 1389 1401 1385 1381
f 1424 1406 1376 1422
f 1458 1409 1377 1454
f 1437 1400 1382 1440
f 1438 1407 1375 1439
f 1455 1408 1374 1453
f 1350 1358 1403 1391
f 1392 1390 1386 1387
f 1445 1363 1405 1444
f 1359 1351 1392 1404
f 1457 1394 1409 1458
f 1447 1372 1397 1443
f 1351 1352 1390 1392
f 1428 1362 1402 1432
f 1456 1396 1408 1455
f 1450 1373 1396 1456
f 1478 1411 1353 1479
f 1418 1367 1395 1423
f 1427 1359 1404 1431
f 1432 1402 1398 1434
f 1452 1366 1394 1457
f 1444 1405 1400 1437
f 1391 1403 1401 1389
f 1404 1392 1387 1399
f 1423 1395 1406 1424
f 1443 1397 1407 1438
f 1431 1404 1399 1433
f 1350 1353 1411 1410
f 1354 1412 1413 1357
f 1354 1360 1415 1412
f 1426 1364 1417 1435
f 1358 1350 1410 1414
f 1451 1368 1419 1459
f 1428 1358 1414 1436
f 1377 1422 1419 1368
f 1447 1362 1416 1442
f 1448 1371 1420 1441
f 1452 1372 1421 1460
f 1481 1386 1390 1482
f 1409 1424 1422 1377
f 1482 1390 1352 1483
f 1484 1413 1356 1485
f 1366 1418 1423 1394
f 1394 1423 1424 1409
f 1415 1435 1425 1361
f 1416 1436 1427 1363
f 1385 1429 1426 1360
f 1382 1430 1425 1365
f 1400 1433 1430 1382
f 1401 1434 1429 1385
f 1358 1428 1432 1403
f 1363 1427 1431 1405
f 1403 1432 1434 1401
f 1405 1431 1433 1400
f 1360 1426 1435 1415
f 1362 1428 1436 1416
f 1364 1448 1441 1417
f 1402 1443 1438 1398
f 1421 1442 1445 1373
f 1398 1438 1439 1383
f 1417 1441 1446 1365
f 1408 1437 1440 1374
f 1383 1439 1448 1364
f 1374 1440 1446 1370
f 1372 1447 1442 1421
f 1373 1445 1444 1396
f 1396 1444 1437 1408
f 1362 1447 1443 1402
f 1420 1459 1449 1370
f 1375 1454 1451 1371
f 1376 1453 1449 1369
f 1418 1460 1450 1367
f 1407 1458 1454 1375
f 1406 1455 1453 1376
f 1397 1457 1458 1407
f 1395 1456 1455 1406
f 1367 1450 1456 1395
f 1372 1452 1457 1397
f 1371 1451 1459 1420
f 1366 1452 1460 1418
f 1518 1473 1467
f 1519 1518 1467
f 1475 1519 1467
f 1525 1480 1481 1491
f 1500 1476 1486 1519
f 1479 1526 1527 1478
f 1520 1485 1480 1525
f 1528 1477 1484 1488
f 1485 1520 1488 1484
f 1486 1388 1378 1487
f 1487 1378 1357 1477
f 1411 1478 1483 1352
f 1393 1476 1479 1353
f 1413 1484 1477 1357
f 1526 1479 1476 1500
f 1386 1481 1480 1379
f 1483 1489 1490 1482
f 1477 1528 1518 1487
f 1489 1483 1478 1527
f 1379 1480 1485 1356
f 1388 1486 1476 1393
f 1482 1490 1491 1481
f 1487 1518 1519 1486
f 1505 1473 1508
f 1505 1462 1473
f 1505 1474 1462
f 1505 1536 1534 1503
f 1501 1532 1540 1513
f 1502 1533 1543 1516
f 1491 1506 1507 1525
f 1507 1538 1541 1514
f 1508 1528 1513
f 1508 1518 1528
f 1508 1473 1518
f 1488 1501 1513 1528
f 1474 1505 1503
f 1464 1474 1503
f 1519 1475 1466
f 1519 1466 1500
f 1465 1464 1503
f 1466 1465 1500
f 1465 1503 1500
f 1500 1503 1515 1526
f 1535 1504 1516 1543
f 1527 1502 1516 1489
f 1504 1490 1489 1516
f 1501 1488 1520 1514
f 1537 1506 1504 1535
f 1532 1501 1514 1541
f 1506 1491 1490 1504
f 1506 1537 1538 1507
f 1525 1507 1514 1520
f 1502 1527 1526 1515
f 1529 1536 1539 1531
f 1537 1529 1531 1538
f 1543 1533 1530 1535
f 1535 1530 1529 1537
f 1530 1534 1536 1529
f 1533 1542 1534 1530
f 1538 1531 1532 1541
f 1531 1539 1540 1532
f 1539 1508 1513 1540
f 1536 1505 1508 1539
f 1503 1534 1542 1515
f 1533 1502 1515 1542
f 1389 1544 1391
f 1544 1554 1391
f 1554 1553 1391
f 1553 1393 1391
f 1552 1545 1388
f 1553 1552 1388
f 1553 1388 1393
f 1381 1378 1389
f 1378 1556 1389
f 1556 1555 1389
f 1555 1544 1389
f 1378 1557 1556
f 1378 1545 1557
f 1378 1388 1545
usemtl Material.006
f 1240 1239 1244 1245
f 1238 1248 1235 1243
f 1322 1323 1327 1326
f 1247 1241 1246 1237
f 1332 1333 1331 1330
f 1237 1246 1296 1285
f 1248 1236 1242 1235
f 1249 1240 1245 1291
f 1291 1245 1297 1295
f 1236 1247 1237 1242
f 1239 1238 1243 1244
f 1241 1249 1291 1246
f 1295 1297 1271 1273
f 1296 1295 1273 1272
f 1242 1237 1285 1284
f 1245 1244 1298 1297
f 1243 1235 1286 1283
f 1244 1243 1283 1298
f 1246 1291 1295 1296
f 1235 1242 1284 1286
f 1273 1269 1266
f 1273 1271 1269
f 1271 1270 1269
f 1268 1267 1272
f 1266 1268 1272
f 1266 1272 1273
f 1298 1283 1269 1270
f 1284 1285 1267 1268
f 1283 1286 1266 1269
f 1286 1284 1268 1266
f 1285 1296 1272 1267
f 1297 1298 1270 1271
f 1339 1340 1332 1325
f 1336 1337 1323 1322
f 1324 1320 1318 1328
f 1325 1332 1330 1329
f 1321 1322 1326 1319
f 1333 1321 1319 1331
f 1323 1324 1328 1327
f 1320 1325 1329 1318
f 1348 1349 1341 1340
f 1346 1342 1334 1338
f 1334 1339 1325 1320
f 1341 1335 1321 1333
f 1335 1336 1322 1321
f 1337 1338 1324 1323
f 1340 1341 1333 1332
f 1338 1334 1320 1324
f 1349 1348 1347
f 1349 1347 1342
f 1343 1349 1342
f 1342 1346 1343
f 1346 1344 1343
f 1346 1345 1344
f 1344 1345 1337 1336
f 1342 1347 1339 1334
f 1347 1348 1340 1339
f 1343 1344 1336 1335
f 1349 1343 1335 1341
f 1345 1346 1338 1337
f 1466 1471 1470 1465
f 1464 1469 1461 1474
f 1548 1552 1553 1549
f 1473 1463 1472 1467
f 1558 1556 1557 1559
f 1463 1511 1522 1472
f 1474 1461 1468 1462
f 1475 1517 1471 1466
f 1517 1521 1523 1471
f 1462 1468 1463 1473
f 1465 1470 1469 1464
f 1467 1472 1517 1475
f 1521 1499 1497 1523
f 1522 1498 1499 1521
f 1468 1510 1511 1463
f 1471 1523 1524 1470
f 1469 1509 1512 1461
f 1470 1524 1509 1469
f 1472 1522 1521 1517
f 1461 1512 1510 1468
f 1499 1492 1495
f 1499 1495 1497
f 1495 1496 1497
f 1498 1493 1494
f 1492 1498 1494
f 1492 1499 1498
f 1524 1496 1495 1509
f 1510 1494 1493 1511
f 1509 1495 1492 1512
f 1512 1492 1494 1510
f 1511 1493 1498 1522
f 1523 1497 1496 1524
f 1565 1551 1558 1566
f 1562 1548 1549 1563
f 1550 1554 1544 1546
f 1551 1555 1556 1558
f 1547 1545 1552 1548
f 1559 1557 1545 1547
f 1549 1553 1554 1550
f 1546 1544 1555 1551
f 1574 1566 1567 1575
f 1572 1564 1560 1568
f 1560 1546 1551 1565
f 1567 1559 1547 1561
f 1561 1547 1548 1562
f 1563 1549 1550 1564
f 1566 1558 1559 1567
f 1564 1550 1546 1560
f 1573 1574 1575
f 1568 1573 1575
f 1569 1568 1575
f 1568 1569 1572
f 1569 1570 1572
f 1570 1571 1572
f 1570 1562 1563 1571
f 1568 1560 1565 1573
f 1573 1565 1566 1574
f 1569 1561 1562 1570
f 1575 1567 1561 1569
f 1571 1563 1564 1572
o apoyabrazos_de_madera_Cube.003
v -2.551022 8.665737 3.894981
v -2.551022 8.665737 3.526472
v 4.169931 8.665737 3.526472
v 4.169931 8.665737 4.220523
v -2.551022 9.018869 3.894981
v -2.551022 9.018869 3.526472
v 3.999348 9.018869 3.526472
v 3.999348 9.018869 4.220523
v -0.337965 9.018869 3.526472
v -0.337965 8.665737 3.526472
v -0.337965 9.018869 4.269148
v -0.337965 8.665737 4.269148
v -0.749425 8.665737 3.894981
v -0.749425 9.018869 3.526472
v -0.749425 9.018869 3.894981
v -0.749425 8.665737 3.526472
v -0.515602 8.665737 4.054212
v -0.515602 9.018869 4.054212
v -0.515602 8.665737 3.526472
v -0.515602 9.018869 3.526472
v -2.585771 8.964787 3.490909
v -2.585771 8.964787 3.903981
v 4.130038 8.964787 3.490909
v 4.130038 8.964787 4.280123
v -0.337965 8.964787 3.490909
v -0.337965 8.964787 4.280123
v -0.749425 8.964787 3.903981
v -0.749425 8.964787 3.490909
v -0.515602 8.964787 3.490909
v -0.515602 8.964787 4.035716
v -0.515602 8.728420 3.490909
v -0.749425 8.728420 3.490909
v -0.749425 8.728420 3.903981
v -0.337965 8.728420 4.280123
v -2.585771 8.728420 3.903981
v -0.515602 8.728420 4.035716
v -0.337965 8.728420 3.490909
v 4.221636 8.728420 4.280123
v 4.221636 8.728420 3.490909
v -2.585771 8.728420 3.490909
v -0.515602 8.846603 3.471524
v -0.749425 8.846603 3.911745
v -0.337965 8.846603 4.312609
v -0.749425 8.846603 3.471524
v -2.585771 8.846603 3.911745
v -0.515602 8.846603 4.052139
v -0.337965 8.846603 3.471524
v 4.221636 8.846603 3.471524
v -2.585771 8.846603 3.471524
v 4.221636 8.846603 4.312609
v -2.338723 8.846580 3.911598
v -2.171472 8.846580 3.911598
v -2.334301 8.846600 3.898973
v -2.175527 8.846600 3.898973
v -2.325377 8.801966 3.896041
v -2.299644 8.772185 3.894084
v -2.246044 8.755113 3.892962
v -2.182717 8.780715 3.894644
v -2.329323 8.799563 3.908509
v -2.302215 8.768193 3.906448
v -2.245754 8.750209 3.905267
v -2.179046 8.777179 3.907038
v -2.170593 8.805416 3.908894
v -2.177005 8.894921 3.908422
v -2.197883 8.929893 3.906124
v -2.259331 8.943095 3.905257
v -2.314183 8.918871 3.906848
v -2.332189 8.883007 3.909204
v -2.174692 8.807522 3.896406
v -2.180779 8.892490 3.895958
v -2.200599 8.925691 3.893777
v -2.258933 8.938223 3.892953
v -2.311004 8.915226 3.894464
v -2.328099 8.881180 3.896701
v -2.326969 8.846631 3.920437
v -2.182250 8.846631 3.920437
v -2.318835 8.805949 3.917765
v -2.295380 8.778805 3.915981
v -2.246525 8.763244 3.914958
v -2.188804 8.786579 3.916492
v -2.181490 8.811013 3.918097
v -2.187038 8.888459 3.917689
v -2.205103 8.918720 3.915701
v -2.258273 8.930143 3.914950
v -2.305735 8.909183 3.916327
v -2.321316 8.878150 3.918366
v -2.289026 8.846796 3.936952
v -2.217044 8.846796 3.936952
v -2.284980 8.826561 3.935622
v -2.273314 8.813060 3.934736
v -2.249014 8.805320 3.934227
v -2.220304 8.816927 3.934988
v -2.216666 8.829080 3.935788
v -2.219426 8.867600 3.935585
v -2.228411 8.882652 3.934596
v -2.254857 8.888334 3.934223
v -2.278464 8.877908 3.934907
v -2.286214 8.862473 3.935922
v -2.551022 9.018869 3.605948
v -2.551022 8.665737 3.605948
v 3.999348 9.018869 3.676157
v 4.169931 8.665737 3.676157
v -0.337965 8.665737 3.686644
v -0.337965 9.018869 3.686644
v -0.749425 8.665737 3.605948
v -0.749425 9.018869 3.605948
v -0.515602 8.665737 3.640289
v -0.515602 9.018869 3.640289
v -2.585771 8.964787 3.579996
v 4.130038 8.964787 3.661118
v -2.585771 8.728420 3.579996
v 4.221636 8.728420 3.661118
v 4.221636 8.846603 3.652920
v -2.585771 8.846603 3.566466
v -1.650224 8.665737 3.526472
v -1.650224 9.018869 3.894981
v -1.650224 9.018869 3.526472
v -1.650224 8.665737 3.894981
v -1.667598 8.964787 3.903981
v -1.667598 8.964787 3.490909
v -1.667598 8.728420 3.490909
v -1.667598 8.728420 3.903981
v -1.667598 8.846603 3.471524
v -1.650224 9.018869 3.605948
v -1.650224 8.665737 3.605948
v 3.157804 9.018869 3.678367
v 2.974607 9.018869 3.678801
v 3.157804 9.003277 3.678367
v 2.974607 9.003277 3.678801
v 2.998678 9.003277 3.730094
v 3.051665 9.003277 3.754807
v 3.100770 9.003277 3.745512
v 3.140571 9.003277 3.716446
v 2.998678 9.018869 3.730094
v 3.051665 9.018869 3.754807
v 3.100770 9.018869 3.745512
v 3.140571 9.018869 3.716446
v 3.140895 9.018869 3.648705
v 3.111427 9.018869 3.613771
v 3.053049 9.018869 3.600215
v 3.007405 9.018869 3.616068
v 2.977669 9.018869 3.648743
v 3.140895 9.003277 3.648705
v 3.111427 9.003277 3.613771
v 3.053049 9.003277 3.600215
v 3.007405 9.003277 3.616068
v 2.977669 9.003277 3.648743
v 3.139358 9.027395 3.677816
v 2.992557 9.027395 3.678164
v 3.011846 9.027395 3.719266
v 3.054306 9.027395 3.739069
v 3.093656 9.027395 3.731621
v 3.125549 9.027395 3.708330
v 3.125809 9.027395 3.654047
v 3.102195 9.027395 3.626053
v 3.055415 9.027395 3.615191
v 3.018839 9.027395 3.627894
v 2.995010 9.027395 3.654077
v 3.127490 9.042446 3.677461
v 3.004106 9.042446 3.677753
v 3.020318 9.042446 3.712300
v 3.056005 9.042446 3.728944
v 3.089077 9.042446 3.722683
v 3.115884 9.042446 3.703107
v 3.116102 9.042446 3.657484
v 3.096255 9.042446 3.633956
v 3.056938 9.042446 3.624826
v 3.026196 9.042446 3.635503
v 3.006168 9.042446 3.657509
v 1.034220 9.018869 3.683395
v 0.888395 9.011050 3.683740
v 0.888395 9.006021 3.683740
v 0.903342 9.006021 3.732580
v 0.939913 9.006021 3.766918
v 0.994507 9.006021 3.760232
v 1.029538 9.006021 3.733434
v 1.018413 9.006021 3.653354
v 0.982022 9.006021 3.630381
v 0.945491 9.006021 3.624667
v 0.898345 9.006021 3.644689
v 0.897168 9.031652 3.684628
v 0.910367 9.031652 3.727758
v 0.942662 9.031652 3.758081
v 0.903342 9.018869 3.732580
v 0.939913 9.018869 3.766918
v 0.994507 9.018869 3.760232
v 1.029538 9.018869 3.733434
v 1.034220 9.006021 3.683395
v 1.018413 9.018869 3.653354
v 0.982022 9.018869 3.630381
v 0.945491 9.018869 3.624667
v 0.898345 9.018869 3.644689
v 0.990872 9.031652 3.752176
v 1.021806 9.031652 3.728512
v 1.011982 9.031652 3.657795
v 0.979847 9.031652 3.637509
v 0.947587 9.031652 3.632463
v 0.905954 9.031652 3.650143
v 1.025941 9.031652 3.684324
v 0.913430 9.043701 3.686276
v 0.923389 9.043701 3.718819
v 0.947757 9.043701 3.741698
v 0.984133 9.043701 3.737243
v 1.007475 9.043701 3.719388
v 1.000062 9.043701 3.666029
v 0.975814 9.043701 3.650722
v 0.951473 9.043701 3.646915
v 0.920059 9.043701 3.660255
v 1.010594 9.043701 3.686046
v 0.892220 9.018869 3.668729
v 0.893453 9.018869 3.700266
v 0.749073 9.018869 3.684070
v 0.767104 9.018869 3.704756
v 0.764992 9.011050 3.684032
v 0.763187 9.018869 3.666349
v -2.551022 8.665737 -5.017033
v -2.551022 8.665737 -4.648524
v 4.169931 8.665737 -4.648524
v 4.169931 8.665737 -5.342576
v -2.551022 9.018869 -5.017033
v -2.551022 9.018869 -4.648524
v 3.999348 9.018869 -4.648524
v 3.999348 9.018869 -5.342576
v -0.337965 9.018869 -4.648524
v -0.337965 8.665737 -4.648524
v -0.337965 9.018869 -5.391200
v -0.337965 8.665737 -5.391200
v -0.749425 8.665737 -5.017033
v -0.749425 9.018869 -4.648524
v -0.749425 9.018869 -5.017033
v -0.749425 8.665737 -4.648524
v -0.515602 8.665737 -5.176264
v -0.515602 9.018869 -5.176264
v -0.515602 8.665737 -4.648524
v -0.515602 9.018869 -4.648524
v -2.585771 8.964787 -4.612961
v -2.585771 8.964787 -5.026033
v 4.130038 8.964787 -4.612961
v 4.130038 8.964787 -5.402175
v -0.337965 8.964787 -4.612961
v -0.337965 8.964787 -5.402175
v -0.749425 8.964787 -5.026033
v -0.749425 8.964787 -4.612961
v -0.515602 8.964787 -4.612961
v -0.515602 8.964787 -5.157768
v -0.515602 8.728420 -4.612961
v -0.749425 8.728420 -4.612961
v -0.749425 8.728420 -5.026033
v -0.337965 8.728420 -5.402175
v -2.585771 8.728420 -5.026033
v -0.515602 8.728420 -5.157768
v -0.337965 8.728420 -4.612961
v 4.221636 8.728420 -5.402175
v 4.221636 8.728420 -4.612961
v -2.585771 8.728420 -4.612961
v -0.515602 8.846603 -4.593576
v -0.749425 8.846603 -5.033797
v -0.337965 8.846603 -5.434661
v -0.749425 8.846603 -4.593576
v -2.585771 8.846603 -5.033797
v -0.515602 8.846603 -5.174191
v -0.337965 8.846603 -4.593576
v 4.221636 8.846603 -4.593576
v -2.585771 8.846603 -4.593576
v 4.221636 8.846603 -5.434661
v -2.338723 8.846580 -5.033650
v -2.171472 8.846580 -5.033650
v -2.334301 8.846600 -5.021025
v -2.175527 8.846600 -5.021025
v -2.325377 8.801966 -5.018093
v -2.299644 8.772185 -5.016137
v -2.246044 8.755113 -5.015015
v -2.182717 8.780715 -5.016696
v -2.329323 8.799563 -5.030561
v -2.302215 8.768193 -5.028501
v -2.245754 8.750209 -5.027319
v -2.179046 8.777179 -5.029090
v -2.170593 8.805416 -5.030946
v -2.177005 8.894921 -5.030474
v -2.197883 8.929893 -5.028176
v -2.259331 8.943095 -5.027309
v -2.314183 8.918871 -5.028901
v -2.332189 8.883007 -5.031257
v -2.174692 8.807522 -5.018458
v -2.180779 8.892490 -5.018010
v -2.200599 8.925691 -5.015829
v -2.258933 8.938223 -5.015006
v -2.311004 8.915226 -5.016516
v -2.328099 8.881180 -5.018753
v -2.326969 8.846631 -5.042489
v -2.182250 8.846631 -5.042489
v -2.318835 8.805949 -5.039817
v -2.295380 8.778805 -5.038033
v -2.246525 8.763244 -5.037011
v -2.188804 8.786579 -5.038544
v -2.181490 8.811013 -5.040149
v -2.187038 8.888459 -5.039741
v -2.205103 8.918720 -5.037753
v -2.258273 8.930143 -5.037003
v -2.305735 8.909183 -5.038380
v -2.321316 8.878150 -5.040419
v -2.289026 8.846796 -5.059004
v -2.217044 8.846796 -5.059004
v -2.284980 8.826561 -5.057674
v -2.273314 8.813060 -5.056788
v -2.249014 8.805320 -5.056279
v -2.220304 8.816927 -5.057041
v -2.216666 8.829080 -5.057840
v -2.219426 8.867600 -5.057637
v -2.228411 8.882652 -5.056648
v -2.254857 8.888334 -5.056275
v -2.278464 8.877908 -5.056960
v -2.286214 8.862473 -5.057974
v -2.551022 9.018869 -4.728000
v -2.551022 8.665737 -4.728000
v 3.999348 9.018869 -4.798209
v 4.169931 8.665737 -4.798209
v -0.337965 8.665737 -4.808696
v -0.337965 9.018869 -4.808696
v -0.749425 8.665737 -4.728000
v -0.749425 9.018869 -4.728000
v -0.515602 8.665737 -4.762341
v -0.515602 9.018869 -4.762341
v -2.585771 8.964787 -4.702048
v 4.130038 8.964787 -4.783170
v -2.585771 8.728420 -4.702048
v 4.221636 8.728420 -4.783170
v 4.221636 8.846603 -4.774972
v -2.585771 8.846603 -4.688518
v -1.650224 8.665737 -4.648524
v -1.650224 9.018869 -5.017033
v -1.650224 9.018869 -4.648524
v -1.650224 8.665737 -5.017033
v -1.667598 8.964787 -5.026033
v -1.667598 8.964787 -4.612961
v -1.667598 8.728420 -4.612961
v -1.667598 8.728420 -5.026033
v -1.667598 8.846603 -4.593576
v -1.650224 9.018869 -4.728000
v -1.650224 8.665737 -4.728000
v 3.157804 9.018869 -4.800419
v 2.974607 9.018869 -4.800853
v 3.157804 9.003277 -4.800419
v 2.974607 9.003277 -4.800853
v 2.998678 9.003277 -4.852146
v 3.051665 9.003277 -4.876859
v 3.100770 9.003277 -4.867564
v 3.140571 9.003277 -4.838498
v 2.998678 9.018869 -4.852146
v 3.051665 9.018869 -4.876859
v 3.100770 9.018869 -4.867564
v 3.140571 9.018869 -4.838498
v 3.140895 9.018869 -4.770757
v 3.111427 9.018869 -4.735823
v 3.053049 9.018869 -4.722268
v 3.007405 9.018869 -4.738120
v 2.977669 9.018869 -4.770795
v 3.140895 9.003277 -4.770757
v 3.111427 9.003277 -4.735823
v 3.053049 9.003277 -4.722268
v 3.007405 9.003277 -4.738120
v 2.977669 9.003277 -4.770795
v 3.139358 9.027395 -4.799868
v 2.992557 9.027395 -4.800216
v 3.011846 9.027395 -4.841319
v 3.054306 9.027395 -4.861122
v 3.093656 9.027395 -4.853673
v 3.125549 9.027395 -4.830382
v 3.125809 9.027395 -4.776099
v 3.102195 9.027395 -4.748106
v 3.055415 9.027395 -4.737243
v 3.018839 9.027395 -4.749946
v 2.995010 9.027395 -4.776129
v 3.127490 9.042446 -4.799513
v 3.004106 9.042446 -4.799806
v 3.020318 9.042446 -4.834352
v 3.056005 9.042446 -4.850996
v 3.089077 9.042446 -4.844736
v 3.115884 9.042446 -4.825160
v 3.116102 9.042446 -4.779536
v 3.096255 9.042446 -4.756008
v 3.056938 9.042446 -4.746879
v 3.026196 9.042446 -4.757555
v 3.006168 9.042446 -4.779562
v 1.034220 9.018869 -4.805447
v 0.888395 9.011050 -4.805792
v 0.888395 9.006021 -4.805792
v 0.903342 9.006021 -4.854632
v 0.939913 9.006021 -4.888970
v 0.994507 9.006021 -4.882284
v 1.029538 9.006021 -4.855486
v 1.018413 9.006021 -4.775406
v 0.982022 9.006021 -4.752433
v 0.945491 9.006021 -4.746719
v 0.898345 9.006021 -4.766741
v 0.897168 9.031652 -4.806681
v 0.910367 9.031652 -4.849810
v 0.942662 9.031652 -4.880133
v 0.903342 9.018869 -4.854632
v 0.939913 9.018869 -4.888970
v 0.994507 9.018869 -4.882284
v 1.029538 9.018869 -4.855486
v 1.034220 9.006021 -4.805447
v 1.018413 9.018869 -4.775406
v 0.982022 9.018869 -4.752433
v 0.945491 9.018869 -4.746719
v 0.898345 9.018869 -4.766741
v 0.990872 9.031652 -4.874228
v 1.021806 9.031652 -4.850564
v 1.011982 9.031652 -4.779848
v 0.979847 9.031652 -4.759561
v 0.947587 9.031652 -4.754515
v 0.905954 9.031652 -4.772195
v 1.025941 9.031652 -4.806376
v 0.913430 9.043701 -4.808328
v 0.923389 9.043701 -4.840871
v 0.947757 9.043701 -4.863750
v 0.984133 9.043701 -4.859295
v 1.007475 9.043701 -4.841440
v 1.000062 9.043701 -4.788082
v 0.975814 9.043701 -4.772774
v 0.951473 9.043701 -4.768967
v 0.920059 9.043701 -4.782308
v 1.010594 9.043701 -4.808098
v 0.892220 9.018869 -4.790781
v 0.893453 9.018869 -4.822319
v 0.749073 9.018869 -4.806122
v 0.767104 9.018869 -4.826808
v 0.764992 9.011050 -4.806085
v 0.763187 9.018869 -4.788402
vt 0.690851 0.403188
vt 0.690852 0.386220
vt 0.764152 0.392994
vt 0.764151 0.408131
vt 0.708207 0.572299
vt 0.749760 0.418501
vt 0.803454 0.435012
vt 0.760797 0.573313
vt 0.485215 0.116271
vt 0.452888 0.200011
vt 0.395273 0.191064
vt 0.423702 0.117421
vt 0.218791 0.887603
vt 0.238171 0.777172
vt 0.260826 0.779503
vt 0.262531 0.894753
vt 0.653216 0.555178
vt 0.761122 0.557294
vt 0.721909 0.772015
vt 0.516415 0.769936
vt 0.459313 0.174689
vt 0.401453 0.174240
vt 0.434548 0.036623
vt 0.492643 0.037041
vt 0.703012 0.614478
vt 0.749928 0.615037
vt 0.617262 0.958103
vt 0.719074 0.457967
vt 0.809268 0.463817
vt 0.719779 0.914312
vt 0.688093 0.533719
vt 0.753107 0.533064
vt 0.432093 0.497811
vt 0.445719 0.495506
vt 0.445301 0.497631
vt 0.438699 0.327235
vt 0.372440 0.327589
vt 0.376393 0.297800
vt 0.425276 0.298320
vt 0.332566 0.630834
vt 0.316526 0.671547
vt 0.271754 0.671390
vt 0.288774 0.628658
vt 0.635730 0.421050
vt 0.692216 0.420230
vt 0.738104 0.503931
vt 0.689687 0.504909
vt 0.648285 0.810214
vt 0.684675 0.668670
vt 0.736279 0.669343
vt 0.707330 0.805288
vt 0.474296 0.350364
vt 0.364991 0.351873
vt 0.347144 0.587751
vt 0.302869 0.588238
vt 0.392703 0.408131
vt 0.392703 0.392994
vt 0.459093 0.386220
vt 0.459093 0.403188
vt 0.518188 0.571065
vt 0.557119 0.454293
vt 0.620991 0.418172
vt 0.563991 0.571610
vt 0.357866 0.941713
vt 0.645247 0.938834
vt 0.704322 0.959097
vt 0.341899 0.963529
vt 0.550337 0.792277
vt 0.537789 0.886712
vt 0.504935 0.891535
vt 0.518999 0.795614
vt 0.509588 0.612787
vt 0.552144 0.613074
vt 0.762511 0.348038
vt 0.815881 0.356232
vt 0.535298 0.631972
vt 0.522558 0.674681
vt 0.484084 0.673736
vt 0.496198 0.633030
vt 0.469762 0.802957
vt 0.500244 0.667677
vt 0.548589 0.668063
vt 0.525941 0.809459
vt 0.550345 0.591603
vt 0.512813 0.590006
vt 0.635944 0.572500
vt 0.685965 0.418350
vt 0.567951 0.116360
vt 0.533498 0.205604
vt 0.431197 0.585497
vt 0.414907 0.630574
vt 0.616747 0.667688
vt 0.627696 0.613719
vt 0.519086 0.960945
vt 0.620899 0.460808
vt 0.369676 0.815263
vt 0.383123 0.895838
vt 0.407345 0.677207
vt 0.371815 0.790676
vt 0.299876 0.673071
vt 0.340244 0.813871
vt 0.350098 0.790330
vt 0.332457 0.791202
vt 0.320673 0.809842
vt 0.309538 0.800625
vt 0.400396 0.672244
vt 0.586959 0.809869
vt 0.574972 0.400611
vt 0.574972 0.382528
vt 0.649830 0.118669
vt 0.617501 0.202409
vt 0.420911 0.963787
vt 0.522723 0.463650
vt 0.429192 0.801750
vt 0.502139 0.673501
vt 0.415341 0.811119
vt 0.415336 0.793223
vt 0.395372 0.790962
vt 0.392526 0.814097
vt 0.338918 0.793560
vt 0.367850 0.792680
vt 0.366353 0.795609
vt 0.344413 0.796353
vt 0.400082 0.818573
vt 0.368447 0.820142
vt 0.368325 0.818224
vt 0.395232 0.816870
vt 0.334168 0.791820
vt 0.367970 0.790787
vt 0.302657 0.807826
vt 0.302786 0.802468
vt 0.318250 0.802961
vt 0.316901 0.807048
vt 0.413599 0.794232
vt 0.407736 0.795671
vt 0.320321 0.816239
vt 0.326555 0.814803
vt 0.445558 0.803299
vt 0.435980 0.803608
vt 0.292900 0.808205
vt 0.444289 0.807891
vt 0.434141 0.807436
vt 0.292900 0.801949
vt 0.429011 0.813623
vt 0.420488 0.812419
vt 0.304340 0.796489
vt 0.312926 0.797701
vt 0.398168 0.797919
vt 0.382431 0.801753
vt 0.367081 0.800679
vt 0.389251 0.814099
vt 0.369151 0.815381
vt 0.368726 0.810116
vt 0.378415 0.809424
vt 0.407085 0.810499
vt 0.418954 0.806986
vt 0.326549 0.799585
vt 0.421767 0.804201
vt 0.336612 0.812451
vt 0.386185 0.807721
vt 0.347900 0.802570
vt 0.356443 0.801030
vt 0.392093 0.806179
vt 0.393946 0.804822
vt 0.352844 0.808714
vt 0.343554 0.806096
vt 0.344401 0.804167
vt 0.764151 0.463181
vt 0.690851 0.464895
vt 0.494105 0.093244
vt 0.431519 0.097171
vt 0.402935 0.551703
vt 0.308726 0.768282
vt 0.607032 0.174135
vt 0.643376 0.040110
vt 0.489208 0.535041
vt 0.455904 0.498522
vt 0.699321 0.322805
vt 0.622037 0.298578
vt 0.516609 0.423342
vt 0.558152 0.508279
vt 0.392703 0.463181
vt 0.459092 0.464895
vt 0.221870 0.940631
vt 0.206911 0.966225
vt 0.577424 0.091821
vt 0.574972 0.466374
vt 0.658719 0.095642
vt 0.279977 0.671850
vt 0.592270 0.337000
vt 0.648618 0.336225
vt 0.616645 0.953039
vt 0.675543 0.943531
vt 0.535251 0.671564
vt 0.440593 0.940796
vt 0.494333 0.952335
vt 0.555279 0.952673
vt 0.473822 0.339274
vt 0.357372 0.814875
vt 0.328203 0.810823
vt 0.424696 0.802675
vt 0.418653 0.809282
vt 0.318249 0.802992
vt 0.413150 0.795717
vt 0.333042 0.796952
vt 0.402537 0.814746
vt 0.361627 0.793077
vt 0.382397 0.817120
vt 0.387213 0.792659
vt 0.477934 0.527990
vt 0.463562 0.532723
vt 0.482644 0.520674
vt 0.416152 0.531513
vt 0.399930 0.526797
vt 0.396665 0.521953
vt 0.412839 0.515536
vt 0.438223 0.533579
vt 0.430826 0.514657
vt 0.442057 0.514108
vt 0.450247 0.514698
vt 0.466260 0.515851
usemtl madera
s 1
f 1686/1 1615/2 1577/3 1675/4
f 1612/5 1614/6 1578/7 1585/8
f 1687/9 1613/10 1579/11 1677/12
f 1576/13 1693/14 1697/15 1610/16
f 1678/17 1585/18 1578/19 1677/20
f 1699/21 1692/22 1581/23 1674/24
f 1606/25 1612/5 1585/8 1594/26
f 1613/27 1609/28 1587/29 1579/30
f 1682/31 1594/32 1585/18 1678/17
f 1790/33 1787/34 1789/35
f 1683/36 1595/37 1589/38 1681/39
f 1611/40 1608/41 1588/42 1592/43
f 1700/44 1690/45 1591/46 1680/47
f 1696/48 1607/49 1591/50 1690/51
f 1607/49 1606/25 1594/26 1591/50
f 1680/47 1591/46 1594/32 1682/31
f 1679/52 1584/53 1595/37 1683/36
f 1609/54 1611/40 1592/43 1587/55
f 1674/56 1581/57 1596/58 1684/59
f 1584/60 1582/61 1598/62 1600/63
f 1676/64 1583/65 1599/66 1685/67
f 1691/68 1580/69 1597/70 1694/71
f 1595/72 1584/60 1600/63 1604/73
f 1583/65 1586/74 1601/75 1599/66
f 1593/76 1590/77 1602/78 1605/79
f 1692/80 1589/81 1603/82 1695/83
f 1589/81 1595/72 1604/73 1603/82
f 1586/84 1593/76 1605/79 1601/85
f 1622/86 1623/87 1614/6 1612/5
f 1688/88 1625/89 1613/10 1687/9
f 1618/90 1621/91 1611/40 1609/54
f 1619/92 1616/93 1606/25 1607/49
f 1625/94 1618/95 1609/28 1613/27
f 1616/93 1622/86 1612/5 1606/25
f 1626/96 1620/97 1610/16
f 1617/98 1627/99 1608/100
f 1634/101 1626/96 1610/16
f 1627/99 1638/102 1608/100
f 1638/102 1637/103 1608/100
f 1635/104 1634/101 1610/16
f 1637/103 1636/105 1608/100
f 1636/105 1635/104 1610/16
f 1636/105 1610/16 1608/100
f 1610/16 1697/15 1608/100
f 1621/91 1617/106 1608/41 1611/40
f 1698/107 1619/92 1607/49 1696/48
f 1689/108 1624/109 1615/2 1686/1
f 1600/63 1598/62 1623/87 1622/86
f 1685/110 1599/111 1625/89 1688/88
f 1601/85 1605/79 1621/91 1618/90
f 1603/82 1604/73 1616/93 1619/92
f 1599/112 1601/113 1618/95 1625/94
f 1604/73 1600/63 1622/86 1616/93
f 1597/70 1620/97 1641/114
f 1694/71 1597/70 1641/114
f 1602/115 1694/71 1641/114
f 1602/115 1641/114 1617/98
f 1620/97 1642/116 1641/114
f 1641/114 1640/117 1617/98
f 1640/117 1639/118 1617/98
f 1620/97 1643/119 1642/116
f 1639/118 1627/99 1617/98
f 1620/97 1626/96 1643/119
f 1605/79 1602/78 1617/106 1621/91
f 1695/83 1603/82 1619/92 1698/107
f 1684/59 1596/58 1624/109 1689/108
f 1630/120 1631/121 1653/122 1652/123
f 1639/124 1640/125 1646/126 1645/127
f 1634/128 1635/129 1631/121 1630/120
f 1648/130 1649/131 1661/132 1660/133
f 1635/129 1636/134 1632/135 1631/121
f 1640/125 1641/136 1647/137 1646/126
f 1636/134 1637/138 1633/139 1632/135
f 1641/136 1642/140 1648/130 1647/137
f 1637/138 1638/141 1644/142 1633/139
f 1642/140 1643/143 1649/131 1648/130
f 1638/141 1627/144 1629/145 1644/142
f 1626/146 1634/128 1630/120 1628/147
f 1643/143 1626/146 1628/147 1649/131
f 1627/144 1639/124 1645/127 1629/145
f 1653/122 1654/148 1666/149 1665/150
f 1657/151 1658/152 1670/153 1669/154
f 1644/142 1629/145 1651/155 1656/156
f 1649/131 1628/147 1650/157 1661/132
f 1631/121 1632/135 1654/148 1653/122
f 1629/145 1645/127 1657/151 1651/155
f 1633/139 1644/142 1656/156 1655/158
f 1645/127 1646/126 1658/152 1657/151
f 1646/126 1647/137 1659/159 1658/152
f 1632/135 1633/139 1655/158 1654/148
f 1647/137 1648/130 1660/133 1659/159
f 1628/147 1630/120 1652/123 1650/157
f 1663/160 1662/161 1664/162
f 1663/160 1664/162 1668/163
f 1664/162 1667/164 1668/163
f 1664/162 1665/150 1667/164
f 1665/150 1666/149 1667/164
f 1670/153 1671/165 1672/166
f 1669/154 1670/153 1672/166
f 1669/154 1672/166 1673/167
f 1663/160 1669/154 1673/167
f 1663/160 1673/167 1662/161
f 1658/152 1659/159 1671/165 1670/153
f 1655/158 1656/156 1668/163 1667/164
f 1659/159 1660/133 1672/166 1671/165
f 1654/148 1655/158 1667/164 1666/149
f 1660/133 1661/132 1673/167 1672/166
f 1656/156 1651/155 1663/160 1668/163
f 1650/157 1652/123 1664/162 1662/161
f 1661/132 1650/157 1662/161 1673/167
f 1651/155 1657/151 1669/154 1663/160
f 1652/123 1653/122 1665/150 1664/162
f 1675/4 1576/168 1610/169 1686/1
f 1614/170 1687/9 1677/12 1578/171
f 1587/172 1678/17 1677/20 1579/173
f 1691/174 1699/21 1674/24 1580/175
f 1592/176 1682/31 1678/17 1587/172
f 1787/34 1788/177 1789/35
f 1593/178 1683/36 1681/39 1590/179
f 1693/180 1700/44 1680/47 1588/181
f 1588/181 1680/47 1682/31 1592/176
f 1586/74 1679/52 1683/36 1593/178
f 1580/182 1674/56 1684/59 1597/183
f 1582/184 1676/64 1685/67 1598/185
f 1623/186 1688/88 1687/9 1614/170
f 1620/187 1689/108 1686/1 1610/169
f 1598/188 1685/110 1688/88 1623/186
f 1597/183 1684/59 1689/108 1620/187
f 1608/100 1697/15 1693/14 1588/189
f 1681/39 1589/38 1692/22 1699/21
f 1675/190 1577/191 1690/45 1700/44
f 1615/192 1696/48 1690/51 1577/193
f 1590/194 1691/68 1694/71 1602/115
f 1581/195 1692/80 1695/83 1596/196
f 1624/197 1698/107 1696/48 1615/192
f 1596/196 1695/83 1698/107 1624/197
f 1590/179 1681/39 1699/21 1691/174
f 1576/198 1675/190 1700/44 1693/180
f 1718/199 1719/200 1730/200 1729/199
f 1710/201 1711/202 1707/202 1706/201
f 1714/200 1715/203 1720/203 1719/200
f 1705/204 1706/201 1726/201 1725/204
f 1715/203 1716/205 1721/205 1720/203
f 1711/202 1712/206 1708/206 1707/202
f 1716/205 1717/207 1722/207 1721/205
f 1712/206 1701/208 1703/208 1708/206
f 1717/207 1702/209 1704/209 1722/207
f 1701/208 1713/199 1718/199 1703/208
f 1702/209 1709/204 1705/204 1704/209
f 1713/199 1714/200 1719/200 1718/199
f 1709/204 1710/201 1706/201 1705/204
f 1724/209 1725/204 1736/204 1735/209
f 1723/208 1729/199 1740/199 1734/208
f 1706/201 1707/202 1727/202 1726/201
f 1719/200 1720/203 1731/203 1730/200
f 1708/206 1703/208 1723/208 1728/206
f 1720/203 1721/205 1732/205 1731/203
f 1721/205 1722/207 1733/207 1732/205
f 1707/202 1708/206 1728/206 1727/202
f 1722/207 1704/209 1724/209 1733/207
f 1704/209 1705/204 1725/204 1724/209
f 1703/208 1718/199 1729/199 1723/208
f 1735/209 1739/206 1734/208
f 1735/209 1736/204 1739/206
f 1736/204 1738/202 1739/206
f 1736/204 1737/201 1738/202
f 1741/200 1742/203 1743/205
f 1740/199 1741/200 1743/205
f 1740/199 1743/205 1744/207
f 1734/208 1740/199 1744/207
f 1734/208 1744/207 1735/209
f 1729/199 1730/200 1741/200 1740/199
f 1725/204 1726/201 1737/201 1736/204
f 1730/200 1731/203 1742/203 1741/200
f 1726/201 1727/202 1738/202 1737/201
f 1731/203 1732/205 1743/205 1742/203
f 1728/206 1723/208 1734/208 1739/206
f 1732/205 1733/207 1744/207 1743/205
f 1727/202 1728/206 1739/206 1738/202
f 1733/207 1724/209 1735/209 1744/207
f 1750/210 1751/211 1769/211 1768/210
f 1760/212 1761/210 1750/210 1749/212
f 1764/213 1765/214 1753/214 1752/213
f 1754/215 1755/216 1773/216 1772/215
f 1765/214 1766/215 1754/215 1753/214
f 1761/210 1762/211 1751/211 1750/210
f 1766/215 1767/216 1755/216 1754/215
f 1762/211 1745/217 1763/217 1751/211
f 1767/216 1785/218 1746/219
f 1767/216 1746/219 1755/216
f 1746/219 1747/219 1755/216
f 1786/220 1759/221 1748/221
f 1746/219 1786/220 1748/221
f 1746/219 1748/221 1747/219
f 1745/217 1764/213 1752/213 1763/217
f 1759/221 1760/212 1749/212 1748/221
f 1774/217 1770/213 1780/213 1784/217
f 1756/219 1757/221 1776/221 1775/219
f 1755/216 1747/219 1756/219 1773/216
f 1751/211 1763/217 1774/217 1769/211
f 1763/217 1752/213 1770/213 1774/217
f 1747/219 1748/221 1757/221 1756/219
f 1752/213 1753/214 1771/214 1770/213
f 1748/221 1749/212 1758/212 1757/221
f 1753/214 1754/215 1772/215 1771/214
f 1749/212 1750/210 1768/210 1758/212
f 1775/219 1779/211 1784/217
f 1775/219 1776/221 1779/211
f 1776/221 1777/212 1779/211
f 1777/212 1778/210 1779/211
f 1781/214 1782/215 1783/216
f 1780/213 1781/214 1783/216
f 1780/213 1783/216 1775/219
f 1784/217 1780/213 1775/219
f 1770/213 1771/214 1781/214 1780/213
f 1757/221 1758/212 1777/212 1776/221
f 1771/214 1772/215 1782/215 1781/214
f 1758/212 1768/210 1778/210 1777/212
f 1772/215 1773/216 1783/216 1782/215
f 1768/210 1769/211 1779/211 1778/210
f 1773/216 1756/219 1775/219 1783/216
f 1769/211 1774/217 1784/217 1779/211
f 1788/177 1786/220 1746/219 1789/35
f 1583/65 1676/64 1701/208
f 1583/65 1701/208 1712/206
f 1709/204 1702/209 1745/217
f 1709/204 1745/217 1762/211
f 1788/177 1787/34 1679/52
f 1788/177 1679/52 1586/74
f 1759/221 1786/220 1788/177
f 1759/221 1788/177 1586/74
f 1583/65 1712/206 1711/202
f 1710/201 1709/204 1762/211
f 1760/212 1759/221 1586/74
f 1710/201 1762/211 1761/210
f 1583/65 1711/202 1710/201
f 1583/65 1710/201 1761/210
f 1583/65 1761/210 1760/212
f 1583/65 1760/212 1586/74
f 1584/53 1679/52 1766/215
f 1582/184 1584/53 1766/215
f 1582/184 1766/215 1715/203
f 1676/64 1582/184 1715/203
f 1766/215 1716/205 1715/203
f 1676/64 1715/203 1714/200
f 1676/64 1714/200 1713/199
f 1766/215 1717/207 1716/205
f 1679/52 1767/216 1766/215
f 1766/215 1765/214 1717/207
f 1765/214 1764/213 1717/207
f 1679/52 1790/33 1767/216
f 1790/33 1785/218 1767/216
f 1676/64 1713/199 1701/208
f 1764/213 1702/209 1717/207
f 1764/213 1745/217 1702/209
f 1679/52 1787/34 1790/33
f 1785/218 1790/33 1789/35 1746/219
f 1901/1 1890/4 1792/3 1830/2
f 1827/5 1800/8 1793/7 1829/6
f 1902/9 1892/12 1794/11 1828/10
f 1912/15 1908/14 1791/13 1825/16
f 1893/17 1892/20 1793/19 1800/18
f 1914/21 1889/24 1796/23 1907/22
f 1821/25 1809/26 1800/8 1827/5
f 1828/27 1794/30 1802/29 1824/28
f 1897/31 1893/17 1800/18 1809/32
f 2005/33 2004/35 2002/34
f 1898/36 1896/39 1804/38 1810/37
f 1826/40 1807/43 1803/42 1823/41
f 1915/44 1895/47 1806/46 1905/45
f 1911/48 1905/51 1806/50 1822/49
f 1822/49 1806/50 1809/26 1821/25
f 1895/47 1897/31 1809/32 1806/46
f 1894/52 1898/36 1810/37 1799/53
f 1824/54 1802/55 1807/43 1826/40
f 1889/56 1899/59 1811/58 1796/57
f 1799/60 1815/63 1813/62 1797/61
f 1891/64 1900/67 1814/66 1798/65
f 1906/68 1909/71 1812/70 1795/69
f 1810/72 1819/73 1815/63 1799/60
f 1798/65 1814/66 1816/75 1801/74
f 1808/76 1820/79 1817/78 1805/77
f 1907/80 1910/83 1818/82 1804/81
f 1804/81 1818/82 1819/73 1810/72
f 1801/84 1816/85 1820/79 1808/76
f 1837/86 1827/5 1829/6 1838/87
f 1903/88 1902/9 1828/10 1840/89
f 1833/90 1824/54 1826/40 1836/91
f 1834/92 1822/49 1821/25 1831/93
f 1840/94 1828/27 1824/28 1833/95
f 1831/93 1821/25 1827/5 1837/86
f 1825/16 1835/97 1841/96
f 1832/98 1823/100 1842/99
f 1825/16 1841/96 1849/101
f 1823/100 1853/102 1842/99
f 1823/100 1852/103 1853/102
f 1825/16 1849/101 1850/104
f 1823/100 1851/105 1852/103
f 1825/16 1850/104 1851/105
f 1823/100 1825/16 1851/105
f 1823/100 1912/15 1825/16
f 1836/91 1826/40 1823/41 1832/106
f 1913/107 1911/48 1822/49 1834/92
f 1904/108 1901/1 1830/2 1839/109
f 1815/63 1837/86 1838/87 1813/62
f 1900/110 1903/88 1840/89 1814/111
f 1816/85 1833/90 1836/91 1820/79
f 1818/82 1834/92 1831/93 1819/73
f 1814/112 1840/94 1833/95 1816/113
f 1819/73 1831/93 1837/86 1815/63
f 1856/114 1835/97 1812/70
f 1856/114 1812/70 1909/71
f 1817/115 1856/114 1909/71
f 1817/115 1832/98 1856/114
f 1856/114 1857/116 1835/97
f 1832/98 1855/117 1856/114
f 1832/98 1854/118 1855/117
f 1857/116 1858/119 1835/97
f 1832/98 1842/99 1854/118
f 1858/119 1841/96 1835/97
f 1820/79 1836/91 1832/106 1817/78
f 1910/83 1913/107 1834/92 1818/82
f 1899/59 1904/108 1839/109 1811/58
f 1845/120 1867/123 1868/122 1846/121
f 1854/124 1860/127 1861/126 1855/125
f 1849/128 1845/120 1846/121 1850/129
f 1863/130 1875/133 1876/132 1864/131
f 1850/129 1846/121 1847/135 1851/134
f 1855/125 1861/126 1862/137 1856/136
f 1851/134 1847/135 1848/139 1852/138
f 1856/136 1862/137 1863/130 1857/140
f 1852/138 1848/139 1859/142 1853/141
f 1857/140 1863/130 1864/131 1858/143
f 1853/141 1859/142 1844/145 1842/144
f 1841/146 1843/147 1845/120 1849/128
f 1858/143 1864/131 1843/147 1841/146
f 1842/144 1844/145 1860/127 1854/124
f 1868/122 1880/150 1881/149 1869/148
f 1872/151 1884/154 1885/153 1873/152
f 1859/142 1871/156 1866/155 1844/145
f 1864/131 1876/132 1865/157 1843/147
f 1846/121 1868/122 1869/148 1847/135
f 1844/145 1866/155 1872/151 1860/127
f 1848/139 1870/158 1871/156 1859/142
f 1860/127 1872/151 1873/152 1861/126
f 1861/126 1873/152 1874/159 1862/137
f 1847/135 1869/148 1870/158 1848/139
f 1862/137 1874/159 1875/133 1863/130
f 1843/147 1865/157 1867/123 1845/120
f 1878/160 1879/162 1877/161
f 1878/160 1883/163 1879/162
f 1883/163 1882/164 1879/162
f 1882/164 1880/150 1879/162
f 1882/164 1881/149 1880/150
f 1887/166 1886/165 1885/153
f 1887/166 1885/153 1884/154
f 1888/167 1887/166 1884/154
f 1878/160 1888/167 1884/154
f 1878/160 1877/161 1888/167
f 1873/152 1885/153 1886/165 1874/159
f 1870/158 1882/164 1883/163 1871/156
f 1874/159 1886/165 1887/166 1875/133
f 1869/148 1881/149 1882/164 1870/158
f 1875/133 1887/166 1888/167 1876/132
f 1871/156 1883/163 1878/160 1866/155
f 1865/157 1877/161 1879/162 1867/123
f 1876/132 1888/167 1877/161 1865/157
f 1866/155 1878/160 1884/154 1872/151
f 1867/123 1879/162 1880/150 1868/122
f 1825/169 1791/168 1890/4 1901/1
f 1829/170 1793/171 1892/12 1902/9
f 1802/172 1794/173 1892/20 1893/17
f 1906/174 1795/175 1889/24 1914/21
f 1807/176 1802/172 1893/17 1897/31
f 2002/34 2004/35 2003/177
f 1808/178 1805/179 1896/39 1898/36
f 1908/180 1803/181 1895/47 1915/44
f 1803/181 1807/176 1897/31 1895/47
f 1801/74 1808/178 1898/36 1894/52
f 1795/182 1812/183 1899/59 1889/56
f 1797/184 1813/185 1900/67 1891/64
f 1838/186 1829/170 1902/9 1903/88
f 1835/187 1825/169 1901/1 1904/108
f 1813/188 1838/186 1903/88 1900/110
f 1812/183 1835/187 1904/108 1899/59
f 1823/100 1803/189 1908/14 1912/15
f 1896/39 1914/21 1907/22 1804/38
f 1890/190 1915/44 1905/45 1792/191
f 1830/192 1792/193 1905/51 1911/48
f 1805/194 1817/115 1909/71 1906/68
f 1796/195 1811/196 1910/83 1907/80
f 1839/197 1830/192 1911/48 1913/107
f 1811/196 1839/197 1913/107 1910/83
f 1805/179 1906/174 1914/21 1896/39
f 1791/198 1908/180 1915/44 1890/190
f 1933/199 1944/199 1945/200 1934/200
f 1925/201 1921/201 1922/202 1926/202
f 1929/200 1934/200 1935/203 1930/203
f 1920/204 1940/204 1941/201 1921/201
f 1930/203 1935/203 1936/205 1931/205
f 1926/202 1922/202 1923/206 1927/206
f 1931/205 1936/205 1937/207 1932/207
f 1927/206 1923/206 1918/208 1916/208
f 1932/207 1937/207 1919/209 1917/209
f 1916/208 1918/208 1933/199 1928/199
f 1917/209 1919/209 1920/204 1924/204
f 1928/199 1933/199 1934/200 1929/200
f 1924/204 1920/204 1921/201 1925/201
f 1939/209 1950/209 1951/204 1940/204
f 1938/208 1949/208 1955/199 1944/199
f 1921/201 1941/201 1942/202 1922/202
f 1934/200 1945/200 1946/203 1935/203
f 1923/206 1943/206 1938/208 1918/208
f 1935/203 1946/203 1947/205 1936/205
f 1936/205 1947/205 1948/207 1937/207
f 1922/202 1942/202 1943/206 1923/206
f 1937/207 1948/207 1939/209 1919/209
f 1919/209 1939/209 1940/204 1920/204
f 1918/208 1938/208 1944/199 1933/199
f 1953/202 1952/201 1951/204
f 1954/206 1953/202 1951/204
f 1950/209 1954/206 1951/204
f 1950/209 1949/208 1954/206
f 1949/208 1950/209 1959/207
f 1949/208 1959/207 1955/199
f 1959/207 1958/205 1955/199
f 1958/205 1956/200 1955/199
f 1958/205 1957/203 1956/200
f 1944/199 1955/199 1956/200 1945/200
f 1940/204 1951/204 1952/201 1941/201
f 1945/200 1956/200 1957/203 1946/203
f 1941/201 1952/201 1953/202 1942/202
f 1946/203 1957/203 1958/205 1947/205
f 1943/206 1954/206 1949/208 1938/208
f 1947/205 1958/205 1959/207 1948/207
f 1942/202 1953/202 1954/206 1943/206
f 1948/207 1959/207 1950/209 1939/209
f 1965/210 1983/210 1984/211 1966/211
f 1975/212 1964/212 1965/210 1976/210
f 1979/213 1967/213 1968/214 1980/214
f 1969/215 1987/215 1988/216 1970/216
f 1980/214 1968/214 1969/215 1981/215
f 1976/210 1965/210 1966/211 1977/211
f 1981/215 1969/215 1970/216 1982/216
f 1977/211 1966/211 1978/217 1960/217
f 1982/216 1970/216 2000/218
f 1970/216 1961/219 2000/218
f 1970/216 1962/219 1961/219
f 1961/219 1974/221 2001/220
f 1961/219 1963/221 1974/221
f 1961/219 1962/219 1963/221
f 1960/217 1978/217 1967/213 1979/213
f 1974/221 1963/221 1964/212 1975/212
f 1989/217 1999/217 1995/213 1985/213
f 1971/219 1990/219 1991/221 1972/221
f 1970/216 1988/216 1971/219 1962/219
f 1966/211 1984/211 1989/217 1978/217
f 1978/217 1989/217 1985/213 1967/213
f 1962/219 1971/219 1972/221 1963/221
f 1967/213 1985/213 1986/214 1968/214
f 1963/221 1972/221 1973/212 1964/212
f 1968/214 1986/214 1987/215 1969/215
f 1964/212 1973/212 1983/210 1965/210
f 1993/210 1992/212 1991/221
f 1994/211 1993/210 1991/221
f 1999/217 1994/211 1991/221
f 1990/219 1999/217 1991/221
f 1999/217 1990/219 1998/216
f 1999/217 1998/216 1995/213
f 1998/216 1996/214 1995/213
f 1998/216 1997/215 1996/214
f 1985/213 1995/213 1996/214 1986/214
f 1972/221 1991/221 1992/212 1973/212
f 1986/214 1996/214 1997/215 1987/215
f 1973/212 1992/212 1993/210 1983/210
f 1987/215 1997/215 1998/216 1988/216
f 1983/210 1993/210 1994/211 1984/211
f 1988/216 1998/216 1990/219 1971/219
f 1984/211 1994/211 1999/217 1989/217
f 2003/177 2004/35 1961/219 2001/220
f 1798/65 1801/74 1894/52
f 1798/65 1894/52 1975/212
f 1798/65 1975/212 1925/201
f 1798/65 1925/201 1891/64
f 1894/52 1974/221 1975/212
f 1975/212 1976/210 1925/201
f 1976/210 1977/211 1925/201
f 1977/211 1924/204 1925/201
f 1925/201 1926/202 1891/64
f 1926/202 1927/206 1891/64
f 1977/211 1960/217 1924/204
f 1894/52 2003/177 1974/221
f 2003/177 2001/220 1974/221
f 1960/217 1917/209 1924/204
f 1927/206 1916/208 1891/64
f 1894/52 2002/34 2003/177
f 2002/34 1894/52 1799/53
f 2005/33 2002/34 1799/53
f 1917/209 1960/217 1979/213
f 1932/207 1917/209 1979/213
f 1891/64 1916/208 1928/199
f 1891/64 1928/199 1797/184
f 1982/216 2000/218 2005/33
f 1982/216 2005/33 1799/53
f 1932/207 1979/213 1980/214
f 1931/205 1932/207 1980/214
f 1928/199 1929/200 1797/184
f 1981/215 1982/216 1799/53
f 1931/205 1980/214 1981/215
f 1931/205 1981/215 1799/53
f 1930/203 1931/205 1799/53
f 1929/200 1930/203 1797/184
f 1930/203 1799/53 1797/184
f 2000/218 1961/219 2004/35 2005/33
o Fierro_3_Cube.002
v 4.406138 -0.750594 -4.871231
v 4.406138 -0.750594 -4.710816
v 2.709830 4.341462 -4.710816
v 2.709830 4.341462 -4.871231
v 4.707912 -0.650064 -4.886342
v 4.707912 -0.650064 -4.736616
v 3.011604 4.441991 -4.736616
v 3.011604 4.441991 -4.886342
v 4.450013 -0.882298 -4.876511
v 4.458057 -0.906445 -4.713535
v 4.760423 -0.807692 -4.901155
v 4.744507 -0.759915 -4.724647
v 4.653712 -1.493772 -4.551763
v 4.608514 -1.358095 -4.457030
v 4.956955 -1.397653 -4.576406
v 4.912189 -1.263270 -4.468143
v 4.956482 -1.514168 -3.834033
v 5.013595 -1.685611 -3.966789
v 4.700978 -1.753592 -3.966789
v 4.655600 -1.617374 -3.834033
v 4.891036 -1.478525 -3.834033
v 4.972540 -1.723188 -3.966789
v 2.963382 4.425927 -4.924533
v 2.963382 4.425927 -4.673588
v 4.659691 -0.666128 -4.673588
v 4.659691 -0.666128 -4.924533
v 4.841655 -1.212359 -4.417084
v 4.923160 -1.457021 -4.599785
v 4.691198 -0.760709 -4.673588
v 4.719460 -0.845547 -4.924533
v 2.873765 4.396073 -4.673588
v 4.570073 -0.695983 -4.673588
v 2.873765 4.396073 -4.924533
v 4.570073 -0.695983 -4.924533
v 2.784147 4.366219 -4.673588
v 4.480455 -0.725837 -4.924533
v 4.480455 -0.725837 -4.673588
v 2.784147 4.366219 -4.924533
v 4.711801 -1.538234 -3.834033
v 4.793305 -1.782896 -3.966789
v 4.829956 -1.476112 -4.589464
v 4.601581 -0.790563 -4.673588
v 4.752038 -1.242213 -4.417084
v 4.626257 -0.864638 -4.914213
v 4.743925 -1.516729 -4.599785
v 4.540225 -0.905256 -4.924533
v 4.511963 -0.820418 -4.673588
v 4.662420 -1.272067 -4.417084
v 4.879337 -1.742279 -3.956468
v 4.801418 -1.508380 -3.834033
v 4.395414 -0.754167 -4.791024
v 2.699105 4.337889 -4.791024
v 4.728568 -0.643183 -4.811479
v 3.032259 4.448872 -4.811480
v 4.443310 -0.897945 -4.795023
v 4.773120 -0.776923 -4.812901
v 4.620389 -1.429506 -4.504397
v 4.955228 -1.323580 -4.522274
v 5.002017 -1.594234 -3.900411
v 4.663888 -1.690281 -3.900411
v 4.828348 -1.011593 -4.639694
v 4.858689 -1.102673 -4.782079
v 4.533286 -1.132270 -4.628582
v 4.551863 -1.188035 -4.757436
v 4.821310 -1.151284 -4.805459
v 4.766427 -0.986534 -4.588634
v 4.587192 -1.046242 -4.588634
v 4.642075 -1.210993 -4.805459
v 4.676809 -1.016388 -4.588634
v 4.728106 -1.170375 -4.795137
v 4.864174 -1.050252 -4.710886
v 4.531849 -1.163725 -4.693008
v 4.787326 -1.407111 -4.125558
v 4.865244 -1.641009 -4.272966
v 4.958448 -1.621919 -4.283287
v 4.876944 -1.377257 -4.125558
v 4.989221 -1.490721 -4.211343
v 4.652736 -1.591708 -4.202404
v 4.779213 -1.681627 -4.283287
v 4.697709 -1.436965 -4.125558
v 4.642655 -1.519549 -4.145532
v 4.944934 -1.420533 -4.151088
v 4.687943 -1.655496 -4.259276
v 4.995873 -1.573447 -4.271597
v 4.946751 -1.565164 -2.700684
v 4.645869 -1.668370 -2.700684
v 5.003864 -1.736607 -2.767062
v 4.691247 -1.804588 -2.767062
v 4.881305 -1.529522 -2.700684
v 4.962809 -1.774184 -2.767062
v 4.791687 -1.559376 -2.700684
v 4.702070 -1.589230 -2.700684
v 4.783574 -1.833892 -2.767062
v 4.871398 -1.798656 -2.761901
v 4.985108 -1.647620 -2.733873
v 4.646978 -1.743668 -2.733873
v 1.589607 8.462695 -4.645617
v 1.573412 8.425561 -4.645617
v 1.525382 8.398440 -4.645617
v 1.491753 8.406184 -4.645617
v 1.462749 8.435013 -4.645617
v 1.463492 8.472605 -4.645617
v 1.477932 8.505705 -4.645617
v 1.472021 8.471818 -4.638359
v 1.471376 8.439174 -4.638359
v 1.496562 8.414140 -4.638359
v 1.525765 8.407415 -4.638359
v 1.567473 8.430966 -4.638359
v 1.581537 8.463212 -4.638359
v 1.506618 8.532434 -4.645617
v 1.553779 8.406373 -4.645617
v 3.183000 3.766667 -4.924533
v 3.120212 3.955148 -4.924533
v 3.110150 3.686481 -4.924533
v 3.016623 3.967236 -4.924533
v 2.999931 3.718467 -4.924533
v 2.946630 3.878470 -4.924533
v 3.198332 3.881462 -4.886342
v 3.067972 3.962565 -4.924533
v 3.060651 3.688772 -4.924533
v 2.946630 3.871919 -4.919672
v 2.999931 3.733007 -4.919672
v 3.016623 3.948985 -4.919672
v 3.110150 3.705237 -4.919672
v 3.120212 3.938490 -4.919672
v 3.183000 3.774853 -4.919672
v 3.161205 3.729611 -4.924533
v 2.943691 3.779221 -4.901291
v 2.979334 3.931172 -4.924533
v 3.198332 3.874517 -4.881480
v 3.067972 3.944930 -4.919672
v 3.060651 3.707225 -4.919672
v 3.161205 3.742682 -4.919672
v 2.943691 3.785752 -4.896429
v 2.979334 3.917675 -4.919672
v 2.975082 3.861785 -4.942898
v 3.015749 3.755799 -4.942898
v 3.028484 3.920583 -4.942898
v 3.099843 3.734612 -4.942898
v 3.107520 3.912577 -4.942898
v 3.155426 3.787727 -4.942898
v 3.167123 3.863767 -4.913759
v 3.067663 3.917490 -4.942898
v 3.062077 3.736129 -4.942898
v 3.138797 3.763181 -4.942898
v 2.972840 3.796042 -4.925164
v 3.000035 3.896695 -4.942898
v 3.005066 3.850915 -4.950219
v 3.032305 3.779926 -4.950219
v 3.040835 3.890298 -4.950219
v 3.088630 3.765735 -4.950219
v 3.093773 3.884935 -4.950219
v 3.125859 3.801311 -4.950219
v 3.133694 3.852242 -4.930701
v 3.067076 3.888226 -4.950219
v 3.063335 3.766751 -4.950219
v 3.114722 3.784870 -4.950219
v 3.003564 3.806881 -4.938341
v 3.021779 3.874298 -4.950219
v 1.483432 8.306135 -4.924536
v 1.710889 8.381907 -4.886344
v 1.398391 8.277805 -4.791026
v 1.409115 8.281378 -4.871233
v 1.662668 8.365844 -4.673590
v 1.573050 8.335989 -4.673590
v 1.483432 8.306135 -4.673590
v 1.409115 8.281378 -4.710819
v 1.731545 8.388788 -4.811481
v 1.710889 8.381907 -4.736619
v 1.573050 8.335989 -4.924536
v 1.662668 8.365844 -4.924536
v 1.629272 8.649353 -4.905438
v 1.629272 8.649353 -4.722589
v 1.301076 8.552872 -4.886984
v 1.301076 8.552872 -4.691081
v 1.527232 8.441804 -4.625843
v 1.514989 8.444623 -4.625843
v 1.504431 8.455118 -4.625843
v 1.504701 8.468803 -4.625843
v 1.530891 8.490457 -4.625843
v 1.543062 8.487915 -4.625843
v 1.550612 8.465196 -4.625843
v 1.544717 8.451677 -4.625843
v 1.651736 8.655957 -4.814013
v 1.289412 8.549443 -4.789032
v 1.381900 8.576632 -4.952078
v 1.381900 8.576632 -4.645617
v 1.590467 8.497328 -4.645617
v 1.675300 8.370719 -4.952078
v 1.577836 8.342067 -4.952078
v 1.727744 8.386136 -4.722589
v 1.479364 8.605284 -4.952078
v 1.479364 8.605284 -4.645617
v 1.576828 8.633936 -4.645617
v 1.576828 8.633936 -4.952078
v 1.750208 8.392739 -4.814013
v 1.399548 8.289656 -4.691081
v 1.480372 8.313416 -4.645617
v 1.577836 8.342067 -4.645617
v 1.675300 8.370719 -4.645617
v 1.399548 8.289656 -4.886984
v 1.387884 8.286226 -4.789032
v 1.727744 8.386136 -4.905438
v 1.563525 8.517407 -4.638359
v 1.534493 8.523469 -4.638359
v 1.582283 8.493287 -4.638359
v 1.550424 8.414305 -4.638359
v 1.480372 8.313416 -4.952078
v 1.509471 8.523771 -4.638359
v 1.484560 8.500562 -4.638359
v 1.535434 8.532084 -4.645617
v 1.568866 8.525104 -4.645617
v 1.509958 8.480853 -4.625843
v 1.520401 8.490582 -4.625843
v 1.537569 8.444693 -4.625843
v 1.550925 8.477803 -4.625843
v 1.608421 8.657804 -4.893816
v 1.608421 8.657804 -4.731106
v 1.316373 8.571949 -4.877395
v 1.316373 8.571949 -4.703069
v 1.628412 8.663680 -4.812461
v 1.305994 8.568897 -4.790231
v 1.388295 8.593092 -4.935319
v 1.388295 8.593092 -4.662611
v 1.475024 8.618588 -4.935319
v 1.475024 8.618588 -4.662611
v 1.561754 8.644084 -4.662611
v 1.561754 8.644084 -4.935319
v 1.481143 8.620387 -4.798965
v 1.385395 8.592239 -4.798965
v 1.576891 8.648534 -4.798965
v 4.406138 -0.750594 3.709321
v 4.406138 -0.750594 3.548906
v 2.709830 4.341462 3.548906
v 2.709830 4.341462 3.709321
v 4.707912 -0.650064 3.724432
v 4.707912 -0.650064 3.574706
v 3.011604 4.441991 3.574706
v 3.011604 4.441991 3.724432
v 4.450013 -0.882298 3.714601
v 4.458057 -0.906445 3.551625
v 4.760423 -0.807692 3.739244
v 4.744507 -0.759915 3.562737
v 4.653712 -1.493772 3.389853
v 4.608514 -1.358095 3.295121
v 4.956955 -1.397653 3.414496
v 4.912189 -1.263270 3.306233
v 4.652238 -1.833998 -0.580955
v 4.606860 -1.697780 -0.580955
v 4.964854 -1.766016 -0.580955
v 4.907742 -1.594573 -0.580955
v 4.956482 -1.514168 2.672122
v 5.013595 -1.685611 2.804879
v 4.700978 -1.753592 2.804879
v 4.655600 -1.617374 2.672123
v 4.891036 -1.478525 2.672122
v 4.972540 -1.723188 2.804879
v 4.842296 -1.558931 -0.580955
v 4.923800 -1.803594 -0.580955
v 2.963382 4.425927 3.762623
v 2.963382 4.425927 3.511678
v 4.659691 -0.666128 3.511678
v 4.659691 -0.666128 3.762623
v 4.841655 -1.212359 3.255174
v 4.923160 -1.457021 3.437875
v 4.691198 -0.760709 3.511678
v 4.719460 -0.845547 3.762623
v 2.873765 4.396073 3.511678
v 4.570073 -0.695983 3.511678
v 2.873765 4.396073 3.762623
v 4.570073 -0.695983 3.762623
v 2.784147 4.366219 3.511678
v 4.480455 -0.725837 3.762623
v 4.480455 -0.725837 3.511678
v 2.784147 4.366219 3.762623
v 4.744564 -1.863302 -0.580955
v 4.663060 -1.618639 -0.580955
v 4.711801 -1.538234 2.672122
v 4.793305 -1.782896 2.804879
v 4.829956 -1.476112 3.427554
v 4.601581 -0.790563 3.511678
v 4.752038 -1.242213 3.255174
v 4.626257 -0.864638 3.752303
v 4.743925 -1.516729 3.437875
v 4.540225 -0.905256 3.762623
v 4.511963 -0.820418 3.511678
v 4.662420 -1.272067 3.255174
v 4.752678 -1.588785 -0.580955
v 4.879337 -1.742279 2.794558
v 4.801418 -1.508380 2.672122
v 4.834182 -1.833448 -0.580955
v 4.395414 -0.754167 3.629114
v 2.699105 4.337889 3.629114
v 4.728568 -0.643183 3.649569
v 3.032259 4.448872 3.649570
v 4.443310 -0.897945 3.633113
v 4.773120 -0.776923 3.650990
v 4.620389 -1.429506 3.342487
v 4.955228 -1.323580 3.360364
v 4.600791 -1.775469 -0.580955
v 4.938920 -1.679421 -0.580955
v 5.002017 -1.594234 2.738501
v 4.663888 -1.690281 2.738501
v 4.801185 -1.677194 -0.580955
v 4.603311 -1.743111 -0.580955
v 4.702248 -1.710153 -0.580955
v 4.828348 -1.011593 3.477784
v 4.858689 -1.102673 3.620169
v 4.533286 -1.132270 3.466671
v 4.551863 -1.188035 3.595526
v 4.821310 -1.151284 3.643548
v 4.766427 -0.986534 3.426724
v 4.587192 -1.046242 3.426724
v 4.642075 -1.210993 3.643548
v 4.676809 -1.016388 3.426724
v 4.728106 -1.170375 3.633227
v 4.864174 -1.050252 3.548976
v 4.531849 -1.163725 3.531098
v 4.787326 -1.407111 2.963648
v 4.865244 -1.641009 3.111056
v 4.958448 -1.621919 3.121377
v 4.876944 -1.377257 2.963648
v 4.989221 -1.490721 3.049433
v 4.652736 -1.591708 3.040494
v 4.779213 -1.681627 3.121377
v 4.697709 -1.436965 2.963648
v 4.642655 -1.519549 2.983622
v 4.944934 -1.420533 2.989178
v 4.687943 -1.655496 3.097366
v 4.995873 -1.573447 3.109688
v 4.946751 -1.565164 1.538774
v 4.645869 -1.668370 1.538774
v 5.003864 -1.736607 1.605152
v 4.691247 -1.804588 1.605152
v 4.881305 -1.529522 1.538774
v 4.962809 -1.774184 1.605152
v 4.791687 -1.559376 1.538774
v 4.702070 -1.589230 1.538774
v 4.783574 -1.833892 1.605152
v 4.871398 -1.798656 1.599992
v 4.985108 -1.647620 1.571963
v 4.646978 -1.743668 1.571963
v 1.589607 8.462695 3.483706
v 1.573412 8.425561 3.483706
v 1.525382 8.398440 3.483706
v 1.491753 8.406184 3.483706
v 1.462749 8.435013 3.483706
v 1.463492 8.472605 3.483706
v 1.477932 8.505705 3.483706
v 1.472021 8.471818 3.476449
v 1.471376 8.439174 3.476449
v 1.496562 8.414140 3.476449
v 1.525765 8.407415 3.476449
v 1.567473 8.430966 3.476449
v 1.581537 8.463212 3.476449
v 1.506618 8.532434 3.483706
v 1.553779 8.406373 3.483706
v 3.183000 3.766667 3.762623
v 3.120212 3.955148 3.762623
v 3.110150 3.686481 3.762623
v 3.016623 3.967236 3.762623
v 2.999931 3.718467 3.762623
v 2.946630 3.878470 3.762623
v 3.198332 3.881462 3.724432
v 3.067972 3.962565 3.762623
v 3.060651 3.688772 3.762623
v 2.946630 3.871919 3.757761
v 2.999931 3.733007 3.757761
v 3.016623 3.948985 3.757761
v 3.110150 3.705237 3.757761
v 3.120212 3.938490 3.757761
v 3.183000 3.774853 3.757761
v 3.161205 3.729611 3.762623
v 2.943691 3.779221 3.739381
v 2.979334 3.931172 3.762623
v 3.198332 3.874517 3.719570
v 3.067972 3.944930 3.757761
v 3.060651 3.707225 3.757761
v 3.161205 3.742682 3.757761
v 2.943691 3.785752 3.734519
v 2.979334 3.917675 3.757761
v 2.975082 3.861785 3.780988
v 3.015749 3.755799 3.780988
v 3.028484 3.920583 3.780988
v 3.099843 3.734612 3.780988
v 3.107520 3.912577 3.780988
v 3.155426 3.787727 3.780988
v 3.167123 3.863767 3.751849
v 3.067663 3.917490 3.780988
v 3.062077 3.736129 3.780988
v 3.138797 3.763181 3.780988
v 2.972840 3.796042 3.763254
v 3.000035 3.896695 3.780988
v 3.005066 3.850915 3.788309
v 3.032305 3.779926 3.788309
v 3.040835 3.890298 3.788309
v 3.088630 3.765735 3.788309
v 3.093773 3.884935 3.788309
v 3.125859 3.801311 3.788309
v 3.133694 3.852242 3.768791
v 3.067076 3.888226 3.788309
v 3.063335 3.766751 3.788309
v 3.114722 3.784870 3.788309
v 3.003564 3.806881 3.776431
v 3.021779 3.874298 3.788309
v 1.483432 8.306135 3.762626
v 1.710889 8.381907 3.724434
v 1.398391 8.277805 3.629116
v 1.409115 8.281378 3.709323
v 1.662668 8.365844 3.511680
v 1.573050 8.335989 3.511680
v 1.483432 8.306135 3.511680
v 1.409115 8.281378 3.548909
v 1.731545 8.388788 3.649571
v 1.710889 8.381907 3.574708
v 1.573050 8.335989 3.762626
v 1.662668 8.365844 3.762626
v 1.629272 8.649353 3.743528
v 1.629272 8.649353 3.560679
v 1.301076 8.552872 3.725074
v 1.301076 8.552872 3.529171
v 1.527232 8.441804 3.463933
v 1.514989 8.444623 3.463933
v 1.504431 8.455118 3.463933
v 1.504701 8.468803 3.463933
v 1.530891 8.490457 3.463933
v 1.543062 8.487915 3.463933
v 1.550612 8.465196 3.463933
v 1.544717 8.451677 3.463933
v 1.651736 8.655957 3.652103
v 1.289412 8.549443 3.627122
v 1.381900 8.576632 3.790168
v 1.381900 8.576632 3.483706
v 1.590467 8.497328 3.483706
v 1.675300 8.370719 3.790168
v 1.577836 8.342067 3.790168
v 1.727744 8.386136 3.560679
v 1.479364 8.605284 3.790168
v 1.479364 8.605284 3.483706
v 1.576828 8.633936 3.483706
v 1.576828 8.633936 3.790168
v 1.750208 8.392739 3.652103
v 1.399548 8.289656 3.529171
v 1.480372 8.313416 3.483706
v 1.577836 8.342067 3.483706
v 1.675300 8.370719 3.483706
v 1.399548 8.289656 3.725074
v 1.387884 8.286226 3.627122
v 1.727744 8.386136 3.743528
v 1.563525 8.517407 3.476449
v 1.534493 8.523469 3.476449
v 1.582283 8.493287 3.476449
v 1.550424 8.414305 3.476449
v 1.480372 8.313416 3.790168
v 1.509471 8.523771 3.476449
v 1.484560 8.500562 3.476449
v 1.535434 8.532084 3.483706
v 1.568866 8.525104 3.483706
v 1.509958 8.480853 3.463933
v 1.520401 8.490582 3.463933
v 1.537569 8.444693 3.463933
v 1.550925 8.477803 3.463933
v 1.608421 8.657804 3.731906
v 1.608421 8.657804 3.569196
v 1.316373 8.571949 3.715485
v 1.316373 8.571949 3.541159
v 1.628412 8.663680 3.650551
v 1.305994 8.568897 3.628321
v 1.388295 8.593092 3.773409
v 1.388295 8.593092 3.500701
v 1.475024 8.618588 3.773409
v 1.475024 8.618588 3.500701
v 1.561754 8.644084 3.500701
v 1.561754 8.644084 3.773409
v 1.481143 8.620387 3.637055
v 1.385395 8.592239 3.637055
v 1.576891 8.648534 3.637055
usemtl Material
s 1
f 2056 2007 2008 2057
f 2058 2059 2012 2011
f 2058 2011 2017 2061
f 2030 2011 2012 2029
f 2105 2104 2112 2111
f 2076 2066 2021 2063
f 2031 2010 2016 2035
f 2034 2017 2011 2030
f 2060 2015 2007 2056
f 2100 2090 2256 2306
f 2077 2068 2015 2060
f 2070 2067 2020 2033
f 2071 2066 2017 2034
f 2309 2306 2256 2263
f 2095 2092 2255 2264
f 2081 2087 2021 2032
f 2083 2086 2019 2062
f 2082 2087 2022 2064
f 2080 2089 2023 2027
f 2094 2090 2022 2026
f 2101 2091 2025 2065
f 2037 2030 2029 2036
f 2074 2071 2034 2047
f 2047 2034 2030 2037
f 2193 2217 2209 2211
f 2075 2070 2033 2046
f 2039 2031 2035 2049
f 2311 2309 2263 2293
f 2099 2095 2264 2296
f 2078 2081 2032 2048
f 2079 2080 2027 2054
f 2096 2094 2026 2055
f 2006 2041 2051 2014
f 2042 2037 2036 2040
f 2086 2085 2053 2019
f 2015 2052 2042 2007
f 2098 2099 2296 2281
f 2088 2084 2045 2024
f 2007 2042 2040 2008
f 2216 2115 2214 2210
f 2069 2073 2050 2018
f 2097 2096 2055 2044
f 2091 2097 2044 2025
f 2167 2168 2009 2057
f 2305 2310 2282 2254
f 2068 2072 2052 2015
f 2073 2075 2046 2050
f 2093 2098 2281 2253
f 2085 2078 2048 2053
f 2041 2039 2049 2051
f 2052 2047 2037 2042
f 2310 2311 2293 2282
f 2084 2079 2054 2045
f 2072 2074 2047 2052
f 2006 2056 2057 2009
f 2123 2013 2059
f 2010 2123 2059
f 2010 2059 2058
f 2010 2058 2061 2016
f 2104 2116 2212 2112
f 2067 2076 2063 2020
f 2056 2006 2014 2060
f 2092 2100 2306 2255
f 2069 2077 2060 2014
f 2264 2255 2306 2309
f 2088 2083 2062 2018
f 2089 2082 2064 2023
f 2093 2101 2065 2024
f 2170 2171 2040 2036
f 2296 2264 2309 2311
f 2171 2172 2008 2040
f 2173 2174 2012 2059
f 2253 2281 2310 2305
f 2281 2296 2311 2310
f 2061 2017 2066 2076
f 2062 2019 2068 2077
f 2035 2016 2067 2070
f 2032 2021 2066 2071
f 2048 2032 2071 2074
f 2049 2035 2070 2075
f 2014 2051 2073 2069
f 2019 2053 2072 2068
f 2051 2049 2075 2073
f 2053 2048 2074 2072
f 2016 2061 2076 2067
f 2018 2062 2077 2069
f 2020 2063 2082 2089
f 2050 2046 2079 2084
f 2065 2025 2086 2083
f 2046 2033 2080 2079
f 2063 2021 2087 2082
f 2055 2026 2081 2078
f 2033 2020 2089 2080
f 2026 2022 2087 2081
f 2024 2065 2083 2088
f 2025 2044 2085 2086
f 2044 2055 2078 2085
f 2018 2050 2084 2088
f 2064 2022 2090 2100
f 2027 2023 2092 2095
f 2263 2256 2090 2094
f 2305 2254 2091 2101
f 2054 2027 2095 2099
f 2293 2263 2094 2096
f 2045 2054 2099 2098
f 2282 2293 2096 2097
f 2254 2282 2097 2091
f 2024 2045 2098 2093
f 2023 2064 2100 2092
f 2253 2305 2101 2093
f 2209 2210 2185 2186
f 2115 2108 2215 2214
f 2116 2103 2113 2212
f 2110 2111 2182 2183
f 2166 2176 2194 2208
f 2202 2207 2167 2172
f 2171 2170 2204 2203
f 2176 2175 2195 2194
f 2205 2204 2170 2169
f 2213 2195 2175 2165
f 2175 2176 2028 2038
f 2176 2166 2013 2028
f 2010 2031 2117 2123
f 2031 2132 2117
f 2031 2039 2132
f 2039 2119 2132
f 2118 2038 2028
f 2118 2124 2038
f 2124 2120 2038
f 2013 2123 2118 2028
f 2120 2043 2038
f 2120 2134 2043
f 2134 2122 2043
f 2039 2125 2119
f 2039 2041 2125
f 2041 2121 2125
f 2009 2043 2122
f 2009 2122 2133
f 2041 2133 2121
f 2041 2006 2133
f 2006 2009 2133
f 2057 2008 2172 2167
f 2043 2009 2168 2165
f 2059 2013 2166 2173
f 2168 2167 2207 2206
f 2036 2029 2169 2170
f 2196 2205 2169 2174
f 2208 2201 2173 2166
f 2174 2173 2201 2196
f 2029 2012 2174 2169
f 2038 2043 2165 2175
f 2206 2213 2165 2168
f 2172 2171 2203 2202
f 2190 2179 2206 2207
f 2207 2202 2180 2190
f 2230 2233 2200 2197
f 2226 2223 2178 2189
f 2201 2208 2177 2189
f 2189 2177 2222 2226
f 2197 2200 2194 2195
f 2102 2193 2211 2114
f 2195 2213 2191 2197
f 2189 2178 2196 2201
f 2213 2206 2179 2191
f 2199 2178 2223 2232
f 2217 2216 2210 2209
f 2203 2204 2116
f 2203 2116 2104
f 2198 2108 2115
f 2198 2192 2108
f 2203 2104 2105
f 2192 2107 2108
f 2203 2105 2106
f 2192 2106 2107
f 2192 2203 2106
f 2192 2180 2202 2203
f 2231 2229 2192 2198
f 2106 2105 2111 2110
f 2200 2177 2208 2194
f 2229 2225 2180 2192
f 2205 2196 2178 2199
f 2205 2199 2193
f 2205 2193 2102
f 2204 2205 2102
f 2199 2198 2217
f 2199 2217 2193
f 2198 2216 2217
f 2204 2102 2103
f 2204 2103 2116
f 2198 2115 2216
f 2198 2199 2232 2231
f 2107 2106 2110 2109
f 2190 2180 2225 2227
f 2103 2102 2114 2113
f 2108 2107 2109 2215
f 2219 2181 2220
f 2219 2218 2181
f 2218 2182 2181
f 2218 2184 2182
f 2184 2183 2182
f 2187 2221 2186
f 2187 2186 2185
f 2188 2187 2185
f 2220 2188 2185
f 2220 2185 2219
f 2112 2212 2220 2181
f 2113 2114 2187 2188
f 2210 2214 2219 2185
f 2111 2112 2181 2182
f 2109 2110 2183 2184
f 2212 2113 2188 2220
f 2214 2215 2218 2219
f 2114 2211 2221 2187
f 2215 2109 2184 2218
f 2211 2209 2186 2221
f 2231 2232 2236 2234
f 2225 2229 2235 2227
f 2227 2235 2228 2224
f 2234 2236 2233 2230
f 2236 2226 2222 2233
f 2232 2223 2226 2236
f 2235 2234 2230 2228
f 2229 2231 2234 2235
f 2233 2222 2177 2200
f 2197 2191 2228 2230
f 2191 2179 2224 2228
f 2227 2224 2179 2190
f 2297 2298 2239 2238
f 2299 2242 2243 2300
f 2299 2302 2248 2242
f 2267 2266 2243 2242
f 2322 2304 2252 2312
f 2268 2272 2247 2241
f 2271 2267 2242 2248
f 2301 2297 2238 2246
f 2346 2306 2256 2336
f 2323 2301 2246 2314
f 2316 2270 2251 2313
f 2317 2271 2248 2312
f 2309 2263 2256 2306
f 2341 2264 2255 2338
f 2327 2269 2252 2333
f 2329 2303 2250 2332
f 2328 2307 2257 2333
f 2326 2262 2258 2335
f 2340 2261 2257 2336
f 2347 2308 2260 2337
f 2274 2273 2266 2267
f 2320 2286 2271 2317
f 2286 2274 2267 2271
f 2321 2285 2270 2316
f 2276 2288 2272 2268
f 2311 2293 2263 2309
f 2345 2296 2264 2341
f 2324 2287 2269 2327
f 2325 2294 2262 2326
f 2342 2295 2261 2340
f 2237 2245 2290 2278
f 2279 2277 2273 2274
f 2332 2250 2292 2331
f 2246 2238 2279 2291
f 2344 2281 2296 2345
f 2334 2259 2284 2330
f 2238 2239 2277 2279
f 2315 2249 2289 2319
f 2343 2283 2295 2342
f 2337 2260 2283 2343
f 2413 2298 2240 2414
f 2305 2254 2282 2310
f 2314 2246 2291 2318
f 2319 2289 2285 2321
f 2339 2253 2281 2344
f 2331 2292 2287 2324
f 2278 2290 2288 2276
f 2291 2279 2274 2286
f 2310 2282 2293 2311
f 2330 2284 2294 2325
f 2318 2291 2286 2320
f 2237 2240 2298 2297
f 2241 2299 2300
f 2241 2300 2244
f 2241 2244 2369
f 2241 2247 2302 2299
f 2313 2251 2304 2322
f 2245 2237 2297 2301
f 2338 2255 2306 2346
f 2315 2245 2301 2323
f 2264 2309 2306 2255
f 2334 2249 2303 2329
f 2335 2258 2307 2328
f 2339 2259 2308 2347
f 2416 2273 2277 2417
f 2296 2311 2309 2264
f 2417 2277 2239 2418
f 2419 2300 2243 2420
f 2253 2305 2310 2281
f 2281 2310 2311 2296
f 2302 2322 2312 2248
f 2303 2323 2314 2250
f 2272 2316 2313 2247
f 2269 2317 2312 2252
f 2287 2320 2317 2269
f 2288 2321 2316 2272
f 2245 2315 2319 2290
f 2250 2314 2318 2292
f 2290 2319 2321 2288
f 2292 2318 2320 2287
f 2247 2313 2322 2302
f 2249 2315 2323 2303
f 2251 2335 2328 2304
f 2289 2330 2325 2285
f 2308 2329 2332 2260
f 2285 2325 2326 2270
f 2304 2328 2333 2252
f 2295 2324 2327 2261
f 2270 2326 2335 2251
f 2261 2327 2333 2257
f 2259 2334 2329 2308
f 2260 2332 2331 2283
f 2283 2331 2324 2295
f 2249 2334 2330 2289
f 2307 2346 2336 2257
f 2262 2341 2338 2258
f 2263 2340 2336 2256
f 2305 2347 2337 2254
f 2294 2345 2341 2262
f 2293 2342 2340 2263
f 2284 2344 2345 2294
f 2282 2343 2342 2293
f 2254 2337 2343 2282
f 2259 2339 2344 2284
f 2258 2338 2346 2307
f 2253 2339 2347 2305
f 2412 2454 2440 2422
f 2448 2418 2413 2453
f 2417 2449 2450 2416
f 2422 2440 2441 2421
f 2451 2415 2416 2450
f 2459 2411 2421 2441
f 2421 2275 2265 2422
f 2422 2265 2244 2412
f 2241 2369 2363 2268
f 2268 2363 2378
f 2268 2378 2276
f 2378 2365 2276
f 2364 2265 2275
f 2364 2275 2370
f 2275 2366 2370
f 2244 2265 2364 2369
f 2366 2275 2280
f 2366 2280 2380
f 2280 2368 2380
f 2276 2365 2371
f 2276 2371 2278
f 2371 2367 2278
f 2368 2280 2240
f 2379 2368 2240
f 2278 2367 2379
f 2278 2379 2237
f 2379 2240 2237
f 2298 2413 2418 2239
f 2280 2411 2414 2240
f 2300 2419 2412 2244
f 2414 2452 2453 2413
f 2273 2416 2415 2266
f 2442 2420 2415 2451
f 2454 2412 2419 2447
f 2420 2442 2447 2419
f 2266 2415 2420 2243
f 2275 2421 2411 2280
f 2452 2414 2411 2459
f 2418 2448 2449 2417
f 2436 2453 2452 2425
f 2453 2436 2426 2448
f 2476 2443 2446 2479
f 2472 2435 2424 2469
f 2447 2435 2423 2454
f 2435 2472 2468 2423
f 2443 2441 2440 2446
f 2441 2443 2437 2459
f 2435 2447 2442 2424
f 2459 2437 2425 2452
f 2445 2478 2469 2424
f 2362 2450 2449
f 2350 2362 2449
f 2444 2361 2354
f 2444 2354 2438
f 2351 2350 2449
f 2354 2353 2438
f 2352 2351 2449
f 2353 2352 2438
f 2352 2449 2438
f 2438 2449 2448 2426
f 2477 2444 2438 2475
f 2446 2440 2454 2423
f 2475 2438 2426 2471
f 2451 2445 2424 2442
f 2439 2445 2451
f 2348 2439 2451
f 2450 2348 2451
f 2463 2444 2445
f 2439 2463 2445
f 2463 2462 2444
f 2450 2349 2348
f 2450 2362 2349
f 2462 2361 2444
f 2444 2477 2478 2445
f 2436 2473 2471 2426
f 2477 2480 2482 2478
f 2471 2473 2481 2475
f 2473 2470 2474 2481
f 2480 2476 2479 2482
f 2482 2479 2468 2472
f 2478 2482 2472 2469
f 2481 2474 2476 2480
f 2475 2481 2480 2477
f 2479 2446 2423 2468
f 2443 2476 2474 2437
f 2437 2474 2470 2425
f 2473 2436 2425 2470
usemtl Material.005
f 2139 2127 2121 2133
f 2131 2135 2123 2117
f 2137 2129 2119 2125
f 2130 2136 2124 2118
f 2143 2152 2140 2128
f 2141 2151 2139 2126
f 2148 2143 2128 2136
f 2145 2148 2136 2130
f 2126 2139 2133 2122
f 2135 2130 2118 2123
f 2129 2138 2132 2119
f 2127 2137 2125 2121
f 2128 2140 2134 2120
f 2138 2131 2117 2132
f 2140 2126 2122 2134
f 2136 2128 2120 2124
f 2156 2162 2150 2144
f 2164 2153 2141 2152
f 2157 2160 2148 2145
f 2154 2161 2149 2142
f 2142 2149 2137 2127
f 2146 2147 2135 2131
f 2152 2141 2126 2140
f 2144 2150 2138 2129
f 2149 2144 2129 2137
f 2147 2145 2130 2135
f 2150 2146 2131 2138
f 2151 2142 2127 2139
f 2154 2163 2153
f 2159 2158 2157
f 2158 2162 2157
f 2162 2160 2157
f 2162 2156 2160
f 2156 2155 2160
f 2156 2161 2155
f 2161 2164 2155
f 2161 2154 2164
f 2154 2153 2164
f 2161 2156 2144 2149
f 2162 2158 2146 2150
f 2163 2154 2142 2151
f 2160 2155 2143 2148
f 2153 2163 2151 2141
f 2158 2159 2147 2146
f 2159 2157 2145 2147
f 2155 2164 2152 2143
f 2351 2357 2358 2350
f 2385 2379 2367 2373
f 2377 2363 2369 2381
f 2439 2457 2455 2463
f 2383 2371 2365 2375
f 2462 2456 2460 2361
f 2376 2364 2370 2382
f 2350 2358 2458 2362
f 2455 2432 2431 2456
f 2361 2460 2461 2354
f 2362 2458 2359 2349
f 2356 2429 2428 2357
f 2389 2374 2386 2398
f 2387 2372 2385 2397
f 2394 2382 2374 2389
f 2391 2376 2382 2394
f 2372 2368 2379 2385
f 2381 2369 2364 2376
f 2375 2365 2378 2384
f 2373 2367 2371 2383
f 2374 2366 2380 2386
f 2384 2378 2363 2377
f 2386 2380 2368 2372
f 2382 2370 2366 2374
f 2402 2390 2396 2408
f 2410 2398 2387 2399
f 2403 2391 2394 2406
f 2400 2388 2395 2407
f 2388 2373 2383 2395
f 2392 2377 2381 2393
f 2398 2386 2372 2387
f 2390 2375 2384 2396
f 2395 2383 2375 2390
f 2393 2381 2376 2391
f 2396 2384 2377 2392
f 2397 2385 2373 2388
f 2400 2399 2409
f 2405 2403 2404
f 2404 2403 2408
f 2403 2406 2408
f 2406 2402 2408
f 2406 2401 2402
f 2402 2401 2407
f 2401 2410 2407
f 2410 2400 2407
f 2410 2399 2400
f 2407 2395 2390 2402
f 2408 2396 2392 2404
f 2409 2397 2388 2400
f 2406 2394 2389 2401
f 2399 2387 2397 2409
f 2404 2392 2393 2405
f 2405 2393 2391 2403
f 2401 2389 2398 2410
f 2348 2360 2457 2439
f 2463 2455 2456 2462
f 2352 2356 2357 2351
f 2353 2355 2356 2352
f 2349 2359 2360 2348
f 2354 2461 2355 2353
f 2465 2466 2427
f 2465 2427 2464
f 2427 2428 2464
f 2428 2430 2464
f 2428 2429 2430
f 2432 2467 2433
f 2431 2432 2433
f 2431 2433 2434
f 2466 2431 2434
f 2466 2465 2431
f 2358 2427 2466 2458
f 2359 2434 2433 2360
f 2456 2431 2465 2460
f 2357 2428 2427 2358
f 2355 2430 2429 2356
f 2458 2466 2434 2359
f 2460 2465 2464 2461
f 2360 2433 2467 2457
f 2461 2464 2430 2355
f 2457 2467 2432 2455
o Tela_3_Cube.022
v 1.394183 3.897332 -2.691026
v 1.394183 4.027782 -4.410474
v 0.437104 4.027782 -4.410474
v 0.437104 3.897332 -2.691026
v 1.394183 3.880390 -2.691026
v 1.394183 4.010840 -4.410474
v 0.437104 4.010840 -4.410474
v 0.437104 3.880390 -2.691026
v 1.394183 3.926251 -4.543848
v 0.437104 3.926251 -4.543848
v 1.394183 3.920489 -4.527987
v 0.437104 3.920489 -4.527987
v 1.394183 3.746491 -4.519424
v 0.437104 3.746491 -4.519424
v 1.394183 3.747006 -4.502541
v 0.437104 3.747006 -4.502541
v 1.394183 3.653875 -4.444709
v 0.437104 3.653875 -4.444709
v 1.394183 3.669738 -4.439252
v 0.437104 3.669738 -4.439252
v 1.394183 3.661745 -4.300927
v 0.437104 3.661745 -4.300927
v 1.394183 3.677598 -4.306410
v 0.437104 3.677598 -4.306410
v 1.394183 4.002014 -4.485502
v 1.394183 3.990662 -4.477571
v 0.437104 4.002014 -4.485502
v 0.437104 3.990662 -4.477571
v 1.394183 3.876029 -1.146557
v 0.437104 3.876029 -1.146557
v 1.394183 3.859087 -1.146557
v 0.437104 3.859087 -1.146557
v 1.394183 3.897332 1.524660
v 1.394183 4.027782 3.244107
v 0.437104 4.027782 3.244107
v 0.437104 3.897332 1.524660
v 1.394183 3.880390 1.524660
v 1.394183 4.010840 3.244107
v 0.437104 4.010840 3.244107
v 0.437104 3.880390 1.524660
v 1.394183 3.926251 3.377481
v 0.437104 3.926251 3.377481
v 1.394183 3.920489 3.361620
v 0.437104 3.920489 3.361620
v 1.394183 3.746491 3.353057
v 0.437104 3.746491 3.353057
v 1.394183 3.747006 3.336174
v 0.437104 3.747006 3.336174
v 1.394183 3.653875 3.278343
v 0.437104 3.653875 3.278343
v 1.394183 3.669738 3.272885
v 0.437104 3.669738 3.272885
v 1.394183 3.661745 3.134560
v 0.437104 3.661745 3.134560
v 1.394183 3.677598 3.140044
v 0.437104 3.677598 3.140044
v 1.394183 4.002014 3.319135
v 1.394183 3.990662 3.311204
v 0.437104 4.002014 3.319135
v 0.437104 3.990662 3.311204
v 1.394183 3.876029 -0.019810
v 0.437104 3.876029 -0.019810
v 1.394183 3.859087 -0.019810
v 0.437104 3.859087 -0.019810
v 1.394183 3.876029 -0.583183
v 0.437104 3.876029 -0.583183
v 1.394183 3.859087 -0.583183
v 0.437104 3.859087 -0.583183
v 0.141901 3.897332 -2.691026
v 0.141901 4.027782 -4.410474
v -0.815177 4.027782 -4.410474
v -0.815177 3.897332 -2.691026
v 0.141901 3.880390 -2.691026
v 0.141901 4.010840 -4.410474
v -0.815177 4.010840 -4.410474
v -0.815177 3.880390 -2.691026
v 0.141901 3.926251 -4.543848
v -0.815177 3.926251 -4.543848
v 0.141901 3.920489 -4.527987
v -0.815177 3.920489 -4.527987
v 0.141901 3.746491 -4.519424
v -0.815177 3.746491 -4.519424
v 0.141901 3.747006 -4.502541
v -0.815177 3.747006 -4.502541
v 0.141901 3.653875 -4.444709
v -0.815177 3.653875 -4.444710
v 0.141901 3.669738 -4.439252
v -0.815177 3.669738 -4.439252
v 0.141901 3.661745 -4.300927
v -0.815177 3.661745 -4.300927
v 0.141901 3.677598 -4.306410
v -0.815177 3.677598 -4.306411
v 0.141901 4.002014 -4.485502
v 0.141901 3.990662 -4.477571
v -0.815177 4.002014 -4.485502
v -0.815177 3.990662 -4.477571
v 0.141901 3.876029 -1.146557
v -0.815177 3.876029 -1.146557
v 0.141901 3.859087 -1.146557
v -0.815177 3.859087 -1.146557
v 0.141901 3.897332 1.524660
v 0.141901 4.027782 3.244107
v -0.815177 4.027782 3.244107
v -0.815177 3.897332 1.524659
v 0.141901 3.880390 1.524660
v 0.141901 4.010840 3.244107
v -0.815177 4.010840 3.244107
v -0.815177 3.880390 1.524659
v 0.141901 3.926251 3.377481
v -0.815177 3.926251 3.377481
v 0.141901 3.920489 3.361620
v -0.815177 3.920489 3.361619
v 0.141901 3.746491 3.353057
v -0.815177 3.746491 3.353057
v 0.141901 3.747006 3.336174
v -0.815177 3.747006 3.336174
v 0.141901 3.653875 3.278343
v -0.815177 3.653875 3.278342
v 0.141901 3.669738 3.272885
v -0.815177 3.669738 3.272885
v 0.141901 3.661745 3.134560
v -0.815177 3.661745 3.134560
v 0.141901 3.677598 3.140044
v -0.815177 3.677598 3.140043
v 0.141901 4.002014 3.319135
v 0.141901 3.990662 3.311204
v -0.815177 4.002014 3.319135
v -0.815177 3.990662 3.311204
v 0.141901 3.876029 -0.019810
v -0.815177 3.876029 -0.019810
v 0.141901 3.859087 -0.019810
v -0.815177 3.859087 -0.019810
v 0.141901 3.876029 -0.583183
v -0.815177 3.876029 -0.583184
v 0.141901 3.859087 -0.583183
v -0.815177 3.859087 -0.583184
v 2.619559 3.897332 -2.691026
v 2.619559 4.027782 -4.410474
v 1.662481 4.027782 -4.410474
v 1.662481 3.897332 -2.691026
v 2.619559 3.880390 -2.691026
v 2.619559 4.010840 -4.410474
v 1.662481 4.010840 -4.410474
v 1.662481 3.880390 -2.691026
v 2.619559 3.926251 -4.543848
v 1.662481 3.926251 -4.543848
v 2.619559 3.920489 -4.527986
v 1.662481 3.920489 -4.527986
v 2.619559 3.746491 -4.519423
v 1.662481 3.746491 -4.519423
v 2.619559 3.747006 -4.502541
v 1.662481 3.747006 -4.502541
v 2.619559 3.653875 -4.444709
v 1.662481 3.653875 -4.444709
v 2.619559 3.669738 -4.439251
v 1.662481 3.669738 -4.439251
v 2.619559 3.661745 -4.300927
v 1.662481 3.661745 -4.300927
v 2.619559 3.677598 -4.306410
v 1.662481 3.677598 -4.306410
v 2.619559 4.002014 -4.485501
v 2.619559 3.990662 -4.477571
v 1.662481 4.002014 -4.485501
v 1.662481 3.990662 -4.477571
v 2.619559 3.876029 -1.146557
v 1.662481 3.876029 -1.146557
v 2.619559 3.859087 -1.146557
v 1.662481 3.859087 -1.146557
v 2.619559 3.897332 1.524660
v 2.619559 4.027782 3.244108
v 1.662481 4.027782 3.244108
v 1.662481 3.897332 1.524660
v 2.619559 3.880390 1.524660
v 2.619559 4.010840 3.244108
v 1.662481 4.010840 3.244108
v 1.662481 3.880390 1.524660
v 2.619559 3.926251 3.377481
v 1.662481 3.926251 3.377481
v 2.619559 3.920489 3.361620
v 1.662481 3.920489 3.361620
v 2.619559 3.746491 3.353057
v 1.662481 3.746491 3.353057
v 2.619559 3.747006 3.336174
v 1.662481 3.747006 3.336174
v 2.619559 3.653875 3.278343
v 1.662481 3.653875 3.278343
v 2.619559 3.669738 3.272885
v 1.662481 3.669738 3.272885
v 2.619559 3.661745 3.134561
v 1.662481 3.661745 3.134561
v 2.619559 3.677598 3.140044
v 1.662481 3.677598 3.140044
v 2.619559 4.002014 3.319135
v 2.619559 3.990662 3.311205
v 1.662481 4.002014 3.319135
v 1.662481 3.990662 3.311205
v 2.619559 3.876029 -0.019810
v 1.662481 3.876029 -0.019810
v 2.619559 3.859087 -0.019810
v 1.662481 3.859087 -0.019810
v 2.619559 3.876029 -0.583183
v 1.662481 3.876029 -0.583183
v 2.619559 3.859087 -0.583183
v 1.662481 3.859087 -0.583183
v 3.928620 3.897332 -2.691026
v 3.928620 4.027782 -4.410474
v 2.971542 4.027782 -4.410474
v 2.971542 3.897332 -2.691026
v 3.928620 3.880390 -2.691026
v 3.928620 4.010840 -4.410474
v 2.971542 4.010840 -4.410474
v 2.971542 3.880390 -2.691026
v 3.928620 3.926251 -4.543848
v 2.971542 3.926251 -4.543848
v 3.928620 3.920489 -4.527986
v 2.971542 3.920489 -4.527986
v 3.928620 3.746491 -4.519423
v 2.971542 3.746491 -4.519423
v 3.928620 3.747006 -4.502540
v 2.971542 3.747006 -4.502541
v 3.928620 3.653875 -4.444709
v 2.971542 3.653875 -4.444709
v 3.928620 3.669738 -4.439251
v 2.971542 3.669738 -4.439251
v 3.928620 3.661745 -4.300927
v 2.971542 3.661745 -4.300927
v 3.928620 3.677598 -4.306410
v 2.971542 3.677598 -4.306410
v 3.928620 4.002014 -4.485501
v 3.928620 3.990662 -4.477571
v 2.971542 4.002014 -4.485501
v 2.971542 3.990662 -4.477571
v 3.928620 3.876029 -1.146556
v 2.971542 3.876029 -1.146556
v 3.928620 3.859087 -1.146556
v 2.971542 3.859087 -1.146556
v 3.928620 3.897332 1.524660
v 3.928620 4.027782 3.244108
v 2.971542 4.027782 3.244108
v 2.971542 3.897332 1.524660
v 3.928620 3.880390 1.524660
v 3.928620 4.010840 3.244108
v 2.971542 4.010840 3.244108
v 2.971542 3.880390 1.524660
v 3.928620 3.926251 3.377482
v 2.971542 3.926251 3.377481
v 3.928620 3.920489 3.361620
v 2.971542 3.920489 3.361620
v 3.928620 3.746491 3.353058
v 2.971542 3.746491 3.353057
v 3.928620 3.747006 3.336174
v 2.971542 3.747006 3.336174
v 3.928620 3.653875 3.278343
v 2.971542 3.653875 3.278343
v 3.928620 3.669738 3.272886
v 2.971542 3.669738 3.272885
v 3.928620 3.661745 3.134561
v 2.971542 3.661745 3.134561
v 3.928620 3.677598 3.140044
v 2.971542 3.677598 3.140044
v 3.928620 4.002014 3.319135
v 3.928620 3.990662 3.311205
v 2.971542 4.002014 3.319135
v 2.971542 3.990662 3.311205
v 3.928620 3.876029 -0.019809
v 2.971542 3.876029 -0.019810
v 3.928620 3.859087 -0.019809
v 2.971542 3.859087 -0.019810
v 3.928620 3.876029 -0.583183
v 2.971542 3.876029 -0.583183
v 3.928620 3.859087 -0.583183
v 2.971542 3.859087 -0.583183
vt 0.888250 0.082367
vt 0.910870 0.914842
vt 0.132775 0.919132
vt 0.119176 0.077162
vt 0.122036 0.921756
vt 0.120129 0.077285
vt 0.889648 0.071922
vt 0.906084 0.923375
vt 0.143288 0.918064
vt 0.122609 0.921903
vt 0.159948 0.104002
vt 0.156042 0.894199
vt 0.148225 0.897015
vt 0.152131 0.106818
vt 0.384997 0.666307
vt 0.427349 0.564866
vt 0.511649 0.778688
vt 0.471706 0.934965
vt 0.129259 0.094721
vt 0.149939 0.090882
vt 0.441913 0.255287
vt 0.457667 0.257095
vt 0.437001 0.365382
vt 0.408760 0.397668
vt 0.893218 0.071113
vt 0.892554 0.068504
vt 0.884037 0.071572
vt 0.915010 0.800841
vt 0.134635 0.795902
vt 0.132932 0.700425
vt 0.915010 0.700425
vt 0.447393 0.123405
vt 0.462315 0.146603
vt 0.112366 0.284337
vt 0.904795 0.293226
vt 0.500260 0.114419
vt 0.511649 0.139193
vt 0.112366 0.073690
vt 0.904795 0.082579
vt 0.908200 0.290751
vt 0.115081 0.284578
vt 0.112502 0.070989
vt 0.905622 0.083335
vt 0.891896 0.092475
vt 0.883297 0.177907
vt 0.114914 0.180994
vt 0.123513 0.095561
vt 0.125044 0.916843
vt 0.909960 0.911905
vt 0.908258 0.853465
vt 0.125044 0.853465
vt 0.119313 0.078221
vt 0.889132 0.071329
vt 0.906157 0.923188
vt 0.122358 0.921757
vt 0.119708 0.077332
vt 0.888171 0.083476
vt 0.911357 0.913568
vt 0.133009 0.919232
vt 0.890634 0.083489
vt 0.120853 0.079998
vt 0.126594 0.448386
vt 0.895343 0.454530
usemtl 
s 1
f 2483/222 2484/223 2485/224 2486/225
f 2490/226 2489/227 2488/228 2487/229
f 2514/230 2512/231 2486/231 2490/230
f 2484/232 2483/233 2487/234 2488/235
f 2509/236 2510/237 2489/238 2485/239
f 2486/231 2485/240 2489/241 2490/230
f 2496/242 2498/243 2494/244 2492/245
f 2508/246 2510/227 2494/227 2493/246
f 2507/247 2508/248 2493/248 2491/247
f 2509/249 2507/250 2491/251 2492/252
f 2500/253 2502/254 2498/243 2496/242
f 2491/247 2493/248 2497/248 2495/247
f 2492/252 2491/251 2495/255 2496/256
f 2493/246 2494/227 2498/227 2497/246
f 2504/257 2506/258 2502/254 2500/253
f 2497/246 2498/227 2502/227 2501/246
f 2495/247 2497/248 2501/248 2499/247
f 2496/256 2495/255 2499/259 2500/260
f 2501/246 2502/227 2506/227 2505/246
f 2499/247 2501/248 2505/248 2503/247
f 2500/261 2499/262 2503/263 2504/264
f 2503/265 2505/266 2506/267 2504/268
f 2485/269 2484/270 2507/271 2509/272
f 2484/247 2488/248 2508/248 2507/247
f 2488/246 2489/227 2510/227 2508/246
f 2492/245 2494/244 2510/237 2509/236
f 2550/230 2548/231 2512/231 2514/230
f 2490/273 2487/274 2513/275 2514/276
f 2483/277 2486/278 2512/279 2511/280
f 2487/234 2483/233 2511/233 2513/234
f 2514/276 2513/275 2549/275 2550/276
f 2511/281 2512/282 2548/283 2547/284
f 2547/233 2549/234 2513/234 2511/233
f 2515/222 2518/225 2517/224 2516/223
f 2522/226 2519/229 2520/228 2521/227
f 2546/230 2522/230 2518/231 2544/231
f 2516/232 2520/235 2519/234 2515/233
f 2541/236 2517/239 2521/238 2542/237
f 2518/231 2522/230 2521/241 2517/240
f 2528/242 2524/245 2526/244 2530/243
f 2540/246 2525/246 2526/227 2542/227
f 2539/247 2523/247 2525/248 2540/248
f 2541/249 2524/252 2523/251 2539/250
f 2532/253 2528/242 2530/243 2534/254
f 2523/247 2527/247 2529/248 2525/248
f 2524/252 2528/256 2527/255 2523/251
f 2525/246 2529/246 2530/227 2526/227
f 2536/257 2532/253 2534/254 2538/258
f 2529/246 2533/246 2534/227 2530/227
f 2527/247 2531/247 2533/248 2529/248
f 2528/256 2532/260 2531/259 2527/255
f 2533/246 2537/246 2538/227 2534/227
f 2531/247 2535/247 2537/248 2533/248
f 2532/261 2536/264 2535/263 2531/262
f 2535/265 2536/268 2538/267 2537/266
f 2517/269 2541/272 2539/271 2516/270
f 2516/247 2539/247 2540/248 2520/248
f 2520/246 2540/246 2542/227 2521/227
f 2524/245 2541/236 2542/237 2526/244
f 2550/230 2546/230 2544/231 2548/231
f 2522/273 2546/276 2545/275 2519/274
f 2515/277 2543/280 2544/279 2518/278
f 2543/233 2515/233 2519/234 2545/234
f 2546/276 2550/276 2549/275 2545/275
f 2543/281 2547/284 2548/283 2544/282
f 2547/233 2543/233 2545/234 2549/234
f 2551/222 2552/223 2553/224 2554/225
f 2558/226 2557/227 2556/228 2555/229
f 2582/230 2580/231 2554/231 2558/230
f 2552/232 2551/233 2555/234 2556/235
f 2577/236 2578/237 2557/238 2553/239
f 2554/231 2553/240 2557/241 2558/230
f 2564/242 2566/243 2562/244 2560/245
f 2576/246 2578/227 2562/227 2561/246
f 2575/247 2576/248 2561/248 2559/247
f 2577/249 2575/250 2559/251 2560/252
f 2568/253 2570/254 2566/243 2564/242
f 2559/247 2561/248 2565/248 2563/247
f 2560/252 2559/251 2563/255 2564/256
f 2561/246 2562/227 2566/227 2565/246
f 2572/257 2574/258 2570/254 2568/253
f 2565/246 2566/227 2570/227 2569/246
f 2563/247 2565/248 2569/248 2567/247
f 2564/256 2563/255 2567/259 2568/260
f 2569/246 2570/227 2574/227 2573/246
f 2567/247 2569/248 2573/248 2571/247
f 2568/261 2567/262 2571/263 2572/264
f 2571/265 2573/266 2574/267 2572/268
f 2553/269 2552/270 2575/271 2577/272
f 2552/247 2556/248 2576/248 2575/247
f 2556/246 2557/227 2578/227 2576/246
f 2560/245 2562/244 2578/237 2577/236
f 2618/230 2616/231 2580/231 2582/230
f 2558/273 2555/274 2581/275 2582/276
f 2551/277 2554/278 2580/279 2579/280
f 2579/233 2581/234 2555/234 2551/233
f 2582/276 2581/275 2617/275 2618/276
f 2579/281 2580/282 2616/283 2615/284
f 2615/233 2617/234 2581/234 2579/233
f 2583/222 2586/225 2585/224 2584/223
f 2590/226 2587/229 2588/228 2589/227
f 2614/230 2590/230 2586/231 2612/231
f 2584/232 2588/235 2587/234 2583/233
f 2609/236 2585/239 2589/238 2610/237
f 2586/231 2590/230 2589/241 2585/240
f 2596/242 2592/245 2594/244 2598/243
f 2608/246 2593/246 2594/227 2610/227
f 2607/247 2591/247 2593/248 2608/248
f 2609/249 2592/252 2591/251 2607/250
f 2600/253 2596/242 2598/243 2602/254
f 2591/247 2595/247 2597/248 2593/248
f 2592/252 2596/256 2595/255 2591/251
f 2593/246 2597/246 2598/227 2594/227
f 2604/257 2600/253 2602/254 2606/258
f 2597/246 2601/246 2602/227 2598/227
f 2595/247 2599/247 2601/248 2597/248
f 2596/256 2600/260 2599/259 2595/255
f 2601/246 2605/246 2606/227 2602/227
f 2599/247 2603/247 2605/248 2601/248
f 2600/261 2604/264 2603/263 2599/262
f 2603/265 2604/268 2606/267 2605/266
f 2585/269 2609/272 2607/271 2584/270
f 2584/247 2607/247 2608/248 2588/248
f 2588/246 2608/246 2610/227 2589/227
f 2592/245 2609/236 2610/237 2594/244
f 2618/230 2614/230 2612/231 2616/231
f 2590/273 2614/276 2613/275 2587/274
f 2583/277 2611/280 2612/279 2586/278
f 2611/233 2583/233 2587/234 2613/234
f 2614/276 2618/276 2617/275 2613/275
f 2611/281 2615/284 2616/283 2612/282
f 2615/233 2611/233 2613/234 2617/234
f 2619/222 2620/223 2621/224 2622/225
f 2626/226 2625/227 2624/228 2623/229
f 2650/230 2648/231 2622/231 2626/230
f 2620/232 2619/233 2623/234 2624/235
f 2645/236 2646/237 2625/238 2621/239
f 2622/231 2621/240 2625/241 2626/230
f 2632/242 2634/243 2630/244 2628/245
f 2644/246 2646/227 2630/227 2629/246
f 2643/247 2644/248 2629/248 2627/247
f 2645/249 2643/250 2627/251 2628/252
f 2636/253 2638/254 2634/243 2632/242
f 2627/247 2629/248 2633/248 2631/247
f 2628/252 2627/251 2631/255 2632/256
f 2629/246 2630/227 2634/227 2633/246
f 2640/257 2642/258 2638/254 2636/253
f 2633/246 2634/227 2638/227 2637/246
f 2631/247 2633/248 2637/248 2635/247
f 2632/256 2631/255 2635/259 2636/260
f 2637/246 2638/227 2642/227 2641/246
f 2635/247 2637/248 2641/248 2639/247
f 2636/261 2635/262 2639/263 2640/264
f 2639/265 2641/266 2642/267 2640/268
f 2621/269 2620/270 2643/271 2645/272
f 2620/247 2624/248 2644/248 2643/247
f 2624/246 2625/227 2646/227 2644/246
f 2628/245 2630/244 2646/237 2645/236
f 2686/230 2684/231 2648/231 2650/230
f 2626/273 2623/274 2649/275 2650/276
f 2619/277 2622/278 2648/279 2647/280
f 2647/233 2649/234 2623/234 2619/233
f 2650/276 2649/275 2685/275 2686/276
f 2647/281 2648/282 2684/283 2683/284
f 2683/233 2685/234 2649/234 2647/233
f 2651/222 2654/225 2653/224 2652/223
f 2658/226 2655/229 2656/228 2657/227
f 2682/230 2658/230 2654/231 2680/231
f 2652/232 2656/235 2655/234 2651/233
f 2677/236 2653/239 2657/238 2678/237
f 2654/231 2658/230 2657/241 2653/240
f 2664/242 2660/245 2662/244 2666/243
f 2676/246 2661/246 2662/227 2678/227
f 2675/247 2659/247 2661/248 2676/248
f 2677/249 2660/252 2659/251 2675/250
f 2668/253 2664/242 2666/243 2670/254
f 2659/247 2663/247 2665/248 2661/248
f 2660/252 2664/256 2663/255 2659/251
f 2661/246 2665/246 2666/227 2662/227
f 2672/257 2668/253 2670/254 2674/258
f 2665/246 2669/246 2670/227 2666/227
f 2663/247 2667/247 2669/248 2665/248
f 2664/256 2668/260 2667/259 2663/255
f 2669/246 2673/246 2674/227 2670/227
f 2667/247 2671/247 2673/248 2669/248
f 2668/261 2672/264 2671/263 2667/262
f 2671/265 2672/268 2674/267 2673/266
f 2653/269 2677/272 2675/271 2652/270
f 2652/247 2675/247 2676/248 2656/248
f 2656/246 2676/246 2678/227 2657/227
f 2660/245 2677/236 2678/237 2662/244
f 2686/230 2682/230 2680/231 2684/231
f 2658/273 2682/276 2681/275 2655/274
f 2651/277 2679/280 2680/279 2654/278
f 2679/233 2651/233 2655/234 2681/234
f 2682/276 2686/276 2685/275 2681/275
f 2679/281 2683/284 2684/283 2680/282
f 2683/233 2679/233 2681/234 2685/234
f 2687/222 2688/223 2689/224 2690/225
f 2694/226 2693/227 2692/228 2691/229
f 2718/230 2716/231 2690/231 2694/230
f 2688/232 2687/233 2691/234 2692/235
f 2713/236 2714/237 2693/238 2689/239
f 2690/231 2689/240 2693/241 2694/230
f 2700/242 2702/243 2698/244 2696/245
f 2712/246 2714/227 2698/227 2697/246
f 2711/247 2712/248 2697/248 2695/247
f 2713/249 2711/250 2695/251 2696/252
f 2704/253 2706/254 2702/243 2700/242
f 2695/247 2697/248 2701/248 2699/247
f 2696/252 2695/251 2699/255 2700/256
f 2697/246 2698/227 2702/227 2701/246
f 2708/257 2710/258 2706/254 2704/253
f 2701/246 2702/227 2706/227 2705/246
f 2699/247 2701/248 2705/248 2703/247
f 2700/256 2699/255 2703/259 2704/260
f 2705/246 2706/227 2710/227 2709/246
f 2703/247 2705/248 2709/248 2707/247
f 2704/261 2703/262 2707/263 2708/264
f 2707/265 2709/266 2710/267 2708/268
f 2689/269 2688/270 2711/271 2713/272
f 2688/247 2692/248 2712/248 2711/247
f 2692/246 2693/227 2714/227 2712/246
f 2696/245 2698/244 2714/237 2713/236
f 2754/230 2752/231 2716/231 2718/230
f 2694/273 2691/274 2717/275 2718/276
f 2687/277 2690/278 2716/279 2715/280
f 2715/233 2717/234 2691/234 2687/233
f 2718/276 2717/275 2753/275 2754/276
f 2715/281 2716/282 2752/283 2751/284
f 2751/233 2753/234 2717/234 2715/233
f 2719/222 2722/225 2721/224 2720/223
f 2726/226 2723/229 2724/228 2725/227
f 2750/230 2726/230 2722/231 2748/231
f 2720/232 2724/235 2723/234 2719/233
f 2745/236 2721/239 2725/238 2746/237
f 2722/231 2726/230 2725/241 2721/240
f 2732/242 2728/245 2730/244 2734/243
f 2744/246 2729/246 2730/227 2746/227
f 2743/247 2727/247 2729/248 2744/248
f 2745/249 2728/252 2727/251 2743/250
f 2736/253 2732/242 2734/243 2738/254
f 2727/247 2731/247 2733/248 2729/248
f 2728/252 2732/256 2731/255 2727/251
f 2729/246 2733/246 2734/227 2730/227
f 2740/257 2736/253 2738/254 2742/258
f 2733/246 2737/246 2738/227 2734/227
f 2731/247 2735/247 2737/248 2733/248
f 2732/256 2736/260 2735/259 2731/255
f 2737/246 2741/246 2742/227 2738/227
f 2735/247 2739/247 2741/248 2737/248
f 2736/261 2740/264 2739/263 2735/262
f 2739/265 2740/268 2742/267 2741/266
f 2721/269 2745/272 2743/271 2720/270
f 2720/247 2743/247 2744/248 2724/248
f 2724/246 2744/246 2746/227 2725/227
f 2728/245 2745/236 2746/237 2730/244
f 2754/230 2750/230 2748/231 2752/231
f 2726/273 2750/276 2749/275 2723/274
f 2719/277 2747/280 2748/279 2722/278
f 2747/233 2719/233 2723/234 2749/234
f 2750/276 2754/276 2753/275 2749/275
f 2747/281 2751/284 2752/283 2748/282
f 2751/233 2747/233 2749/234 2753/234
o Tela_Cube.016
v 3.036259 3.832150 -1.268711
v 4.947769 3.863929 -1.265795
v 4.946079 3.891852 -2.127367
v 3.034570 3.846267 -2.130394
v 3.036260 3.815222 -1.268738
v 4.947770 3.847006 -1.266042
v 4.946080 3.874929 -2.127614
v 3.034570 3.829340 -2.130421
v 5.096043 3.762521 -1.267566
v 5.094353 3.790445 -2.129138
v 5.078410 3.756765 -1.267615
v 5.076720 3.784688 -2.129187
v 5.068893 3.582968 -1.270133
v 5.067204 3.610891 -2.131706
v 5.050125 3.583481 -1.270089
v 5.048435 3.611405 -2.131661
v 4.985835 3.490455 -1.271321
v 4.984145 3.503953 -2.133307
v 4.979768 3.506299 -1.271078
v 4.978078 3.519797 -2.133064
v 4.849244 3.486087 -1.271248
v 4.847554 3.514010 -2.132820
v 4.855340 3.501922 -1.271029
v 4.853650 3.529846 -2.132601
v 5.031178 3.838194 -1.266334
v 5.022361 3.826854 -1.266482
v 5.029488 3.866117 -2.127906
v 5.020672 3.854778 -2.128054
v 1.319271 3.863205 -1.264118
v 1.317582 3.861624 -2.125503
v 1.319272 3.840477 -1.264781
v 1.317582 3.838896 -2.126165
v -0.468087 3.906292 -1.262466
v -0.469777 3.902482 -2.122419
v -0.468087 3.889388 -1.261417
v -0.469777 3.885579 -2.121370
v -1.387795 3.809059 -1.260065
v -1.389484 3.797167 -2.119968
v -1.387795 3.792155 -1.259017
v -1.389484 3.780263 -2.118920
v -1.472835 3.837037 -1.258641
v -1.488104 3.846968 -2.120326
v -1.486317 3.826784 -1.258540
v -1.501585 3.836715 -2.120225
v -1.512691 3.970544 -1.258522
v -1.527160 3.978704 -2.120749
v -1.542799 3.973767 -1.259189
v -1.557267 3.981927 -2.121416
v 2.167421 3.902363 -2.128585
v 2.167421 3.885433 -2.128294
v 2.169110 3.877307 -1.266680
v 2.169110 3.894237 -1.266971
v 0.428514 3.864005 -1.262827
v 0.426746 3.847169 -1.262430
v 0.420285 3.859088 -2.123436
v 0.422052 3.875924 -2.123833
v 0.868574 3.866338 -2.125671
v 0.874570 3.840470 -1.263807
v 0.876338 3.857306 -1.264204
v 0.866806 3.849503 -2.125274
v 0.646030 3.866625 -2.124461
v 0.644262 3.849789 -2.124064
v 0.651030 3.851006 -1.263026
v 0.652798 3.867841 -1.263423
v -0.022937 3.884709 -2.123263
v -0.021247 3.894634 -1.262246
v -0.022937 3.901639 -2.123454
v -0.021247 3.877704 -1.262055
v 3.992016 3.840748 -1.274611
v 3.992016 3.857667 -1.274673
v 3.990326 3.849332 -2.135753
v 3.990326 3.866251 -2.135815
v 1.742501 3.883600 -2.127224
v 1.744191 3.874497 -1.265709
v 1.742501 3.903433 -2.127294
v 1.744190 3.894331 -1.265779
v 0.202749 3.869384 -1.262285
v 0.199557 3.894214 -2.123677
v 0.203634 3.886267 -1.262579
v 0.198673 3.877331 -2.123383
v 2.602685 3.869182 -1.267826
v 2.600995 3.883065 -2.129478
v 2.602685 3.886111 -1.268021
v 2.600995 3.899993 -2.129673
v -0.814668 3.895218 -2.121698
v -0.812978 3.874556 -1.260651
v -0.812978 3.891459 -1.261699
v -0.814668 3.878315 -2.120650
v -0.929631 3.870742 -2.121322
v -0.929631 3.853838 -2.120274
v -0.927942 3.867663 -1.260383
v -0.927942 3.884567 -1.261431
v -0.699704 3.901093 -2.121959
v -0.698014 3.896641 -1.261956
v -0.699704 3.884189 -2.120911
v -0.698014 3.879737 -1.260908
v -1.159558 3.804594 -2.119520
v -1.157868 3.817453 -1.259623
v -1.157868 3.834356 -1.260671
v -1.159558 3.821498 -2.120569
v -3.411173 16.293324 -1.159387
v -3.425642 16.290340 -2.021614
v -3.441280 16.296545 -1.160055
v -3.455750 16.293562 -2.022281
v -3.487102 16.410938 -1.158853
v -3.514055 16.407955 -2.020779
v -3.517216 16.390835 -1.159084
v -3.544169 16.387852 -2.021011
v -3.662669 16.414623 -1.158077
v -3.688154 16.395845 -2.020004
v -3.663276 16.388767 -1.158309
v -3.688761 16.369989 -2.020235
v -3.801732 16.345087 -1.154068
v -3.827217 16.326307 -2.015995
v -3.781942 16.341232 -1.154299
v -3.807427 16.322453 -2.016226
v -3.803728 16.265602 -1.151880
v -3.829213 16.246824 -2.013806
v -3.783939 16.261747 -1.152111
v -3.809424 16.242970 -2.014037
v -3.779039 16.165945 -1.149178
v -3.782590 16.134489 -2.011104
v -3.762761 16.177839 -1.149409
v -3.766311 16.146381 -2.011335
v -3.709851 16.099892 -1.146009
v -3.713401 16.068436 -2.007935
v -3.693573 16.111786 -1.146240
v -3.697123 16.080328 -2.008167
v -3.583858 16.117374 -1.146009
v -3.587408 16.085918 -2.007936
v -3.567579 16.129269 -1.146240
v -3.571129 16.097811 -2.008167
v -3.319451 14.512259 -2.035931
v -3.349558 14.515482 -2.036598
v -3.322943 14.516855 -1.174372
v -3.292836 14.513633 -1.173705
v -3.307375 13.717780 -2.043021
v -3.277268 13.714558 -2.042354
v -3.278715 13.715211 -1.180128
v -3.308823 13.718433 -1.180795
v -3.246443 13.401985 -1.183341
v -3.216336 13.398763 -1.182674
v -3.230805 13.398396 -2.044900
v -3.260912 13.401619 -2.045568
v -3.122965 12.767421 -1.188446
v -3.137434 12.767629 -2.050672
v -3.092858 12.764197 -1.187779
v -3.107327 12.764405 -2.050005
v -3.338802 14.079788 -1.177888
v -3.308694 14.076566 -1.177221
v -3.293705 14.075586 -2.039447
v -3.323812 14.078809 -2.040114
v -2.910615 11.991164 -1.194691
v -2.880508 11.987942 -1.194024
v -2.877421 11.988853 -2.056250
v -2.907528 11.992075 -2.056917
v -2.990138 12.379851 -2.053795
v -2.960031 12.376629 -2.053128
v -2.972103 12.376070 -1.190901
v -3.002210 12.379292 -1.191568
v -2.358140 9.027461 -1.218533
v -2.361087 9.031051 -2.080760
v -2.328032 9.024239 -1.217866
v -2.330979 9.027827 -2.080092
v -2.831386 11.321947 -1.200075
v -2.829101 11.323462 -2.062301
v -2.801278 11.318724 -1.199407
v -2.798994 11.320239 -2.061634
v -2.657906 10.335256 -2.070258
v -2.627828 10.329622 -1.207364
v -2.657936 10.332845 -1.208032
v -2.627798 10.332032 -2.069591
v -2.462615 9.683153 -2.075509
v -2.432508 9.679930 -2.074841
v -2.442471 9.676930 -1.212615
v -2.472579 9.680153 -1.213282
v -2.810052 11.565256 -2.059661
v -2.819155 11.563962 -1.197434
v -2.840159 11.568479 -2.060328
v -2.849262 11.567184 -1.198102
v -2.290914 8.387396 -2.085249
v -2.286505 8.383227 -1.223023
v -2.321021 8.390619 -2.085917
v -2.316613 8.386450 -1.223690
v -2.522543 10.019504 -2.072801
v -2.492436 10.016279 -2.072133
v -2.497276 10.013584 -1.209907
v -2.527383 10.016807 -1.210574
v -2.390204 9.278595 -1.216513
v -2.388183 9.281959 -2.078739
v -2.360096 9.275373 -1.215845
v -2.358075 9.278735 -2.078072
v -2.036329 6.917832 -2.097082
v -1.781744 5.448268 -2.108915
v -2.028567 6.912333 -1.234856
v -1.770629 5.441438 -1.246689
v -2.066436 6.921055 -2.097750
v -1.811851 5.451491 -2.109583
v -2.058675 6.915555 -1.235523
v -1.800737 5.444661 -1.247356
v -3.402654 15.404522 -2.029440
v -3.382112 15.406701 -1.167214
v -3.372546 15.401299 -2.028773
v -3.352004 15.403480 -1.166546
v -3.381589 15.848402 -1.162967
v -3.399094 15.845820 -2.025193
v -3.411696 15.851624 -1.163634
v -3.429201 15.849043 -2.025860
v -3.376106 14.960002 -2.033019
v -3.352527 14.961779 -1.170793
v -3.345999 14.956779 -2.032352
v -3.322420 14.958556 -1.170125
v 3.036259 3.906564 -2.425855
v 4.947768 3.899435 -2.416280
v 4.946078 3.959264 -3.276906
v 3.034569 3.955885 -3.286135
v 3.036259 3.889660 -2.424807
v 4.947769 3.882538 -2.417036
v 4.946078 3.942367 -3.277662
v 3.034569 3.938982 -3.285087
v 5.096042 3.798193 -2.421102
v 5.094352 3.858022 -3.281728
v 5.078409 3.792444 -2.421325
v 5.076719 3.852273 -3.281950
v 5.068894 3.618912 -2.429072
v 5.067204 3.678742 -3.289697
v 5.050126 3.619424 -2.429013
v 5.048435 3.679253 -3.289638
v 4.985836 3.526536 -2.433043
v 4.984146 3.586365 -3.293669
v 4.979769 3.542355 -2.432323
v 4.978078 3.602184 -3.292949
v 4.825993 3.534367 -2.432379
v 4.824303 3.594196 -3.293004
v 4.832088 3.550179 -2.431683
v 4.830398 3.610008 -3.292309
v 5.031177 3.873744 -2.417594
v 5.022361 3.862422 -2.418083
v 5.029487 3.933574 -3.278219
v 5.020670 3.922251 -3.278709
v 1.319272 3.894484 -2.421231
v 1.317581 3.951390 -3.281558
v 1.319272 3.871751 -2.420146
v 1.317581 3.928657 -3.280474
v -0.468086 3.873003 -2.417598
v -0.469777 3.915317 -3.277835
v -0.468086 3.856100 -2.416549
v -0.469777 3.898414 -3.276787
v -1.387795 3.809059 -2.415402
v -1.389484 3.797167 -3.275305
v -1.387795 3.792155 -2.414354
v -1.389484 3.780263 -3.274257
v -1.472835 3.837037 -2.413979
v -1.488103 3.846967 -3.275664
v -1.486317 3.826784 -2.413877
v -1.501585 3.836715 -3.275562
v -1.513529 3.970544 -2.414479
v -1.536313 3.978704 -3.276152
v -1.533644 3.973767 -2.414460
v -1.556428 3.981927 -3.276133
v 2.167421 3.905835 -3.283529
v 2.167421 3.888931 -3.282481
v 2.169111 3.837178 -2.422186
v 2.169111 3.854082 -2.423234
v 0.425593 3.904450 -2.419542
v 0.425593 3.887547 -2.418494
v 0.423902 3.939408 -3.278790
v 0.423902 3.956311 -3.279838
v 0.870741 3.957041 -3.280717
v 0.872432 3.894027 -2.419409
v 0.872432 3.910931 -2.420457
v 0.870741 3.940137 -3.279669
v 0.647322 3.952079 -3.280249
v 0.647322 3.935175 -3.279201
v 0.649012 3.892726 -2.418963
v 0.649012 3.909630 -2.420011
v -0.022937 3.900074 -3.277672
v -0.021246 3.856051 -2.418369
v -0.022937 3.916977 -3.278720
v -0.021246 3.839148 -2.417320
v -3.432362 16.290751 -2.354459
v -3.540276 16.301170 -3.211975
v -3.452419 16.293974 -2.352926
v -3.560333 16.304396 -3.210443
v -3.579376 16.408222 -2.352030
v -3.605831 16.373295 -3.213218
v -3.582125 16.388037 -2.351683
v -3.608582 16.353111 -3.212871
v -3.796212 16.368601 -2.352030
v -3.845054 16.331028 -3.213218
v -3.798961 16.348415 -2.351682
v -3.847806 16.310844 -3.212871
v -3.825137 16.337845 -2.351811
v -3.901273 16.302834 -3.212481
v -3.809694 16.324568 -2.352420
v -3.885833 16.289560 -3.213090
v -3.842765 16.267611 -2.345715
v -3.913944 16.212036 -3.205035
v -3.823153 16.262270 -2.347125
v -3.894335 16.206696 -3.206445
v -3.801920 16.128477 -2.335504
v -3.849684 16.082743 -3.191527
v -3.788751 16.143755 -2.338382
v -3.836516 16.098019 -3.194406
v -3.732450 16.080944 -2.332641
v -3.780214 16.056391 -3.188665
v -3.719281 16.096220 -2.335520
v -3.767046 16.071667 -3.191544
v -3.600811 16.112637 -2.332641
v -3.648575 16.087332 -3.188665
v -3.587642 16.127913 -2.335520
v -3.635407 16.102606 -3.191544
v -2.538295 10.139937 -3.244063
v -2.558380 10.143162 -3.243288
v -2.550743 10.130647 -2.384469
v -2.570829 10.133870 -2.383693
v -2.800765 11.360806 -2.377940
v -2.733438 11.367098 -3.237297
v -2.753473 11.370322 -3.237619
v -2.780728 11.357582 -2.377619
v -3.437448 14.587948 -3.223483
v -3.467130 14.577842 -2.360538
v -3.417405 14.584723 -3.221874
v -3.447085 14.574618 -2.358929
v -3.374097 13.975102 -2.365682
v -3.278237 13.981875 -3.222881
v -3.298166 13.985100 -3.225539
v -3.354167 13.971880 -2.363023
v -2.923975 11.971049 -2.374194
v -2.941645 11.983902 -3.234785
v -2.921635 11.980679 -3.233914
v -2.943987 11.974273 -2.375064
v -3.055194 12.850055 -2.369286
v -3.040498 12.863068 -3.230723
v -3.020523 12.859843 -3.229067
v -3.075169 12.853278 -2.370942
v -3.202020 13.625040 -2.364959
v -3.138846 13.634971 -3.224793
v -3.221964 13.628263 -2.367308
v -3.158789 13.638195 -3.227142
v -3.521757 15.754176 -2.353570
v -3.501651 15.750954 -2.353014
v -3.519164 15.761273 -3.216839
v -3.539270 15.764499 -3.217396
v -3.131593 13.278198 -2.366896
v -3.081176 13.288066 -3.226706
v -3.151551 13.281422 -2.368935
v -3.101133 13.291290 -3.228745
v -3.035891 12.584517 -2.370768
v -3.030973 12.597483 -3.231950
v -3.010987 12.594258 -3.230531
v -3.055877 12.587740 -2.372187
v -2.665544 10.747338 -2.380817
v -2.603140 10.753517 -3.240681
v -2.623200 10.756742 -3.240453
v -2.645483 10.744114 -2.381044
v -2.599977 10.418631 -2.382358
v -2.533150 10.424749 -3.242493
v -2.553223 10.427975 -3.241972
v -2.579904 10.415407 -2.382879
v -2.119387 8.395474 -3.253149
v -2.180388 8.386504 -2.392966
v -2.200481 8.389728 -2.392404
v -2.139481 8.398698 -3.252588
v -2.235465 8.875129 -3.250048
v -2.263114 8.862847 -2.390645
v -2.215374 8.871905 -3.250668
v -2.283205 8.866070 -2.390025
v -2.341800 9.117940 -3.248754
v -2.382783 9.108837 -2.388813
v -2.362692 9.105614 -2.389463
v -2.321710 9.114716 -3.249403
v -2.054495 8.028800 -3.255059
v -2.108540 8.019897 -2.394752
v -2.128635 8.023120 -2.394235
v -2.074590 8.032023 -3.254543
v -3.493615 14.960326 -2.356990
v -3.450771 14.970502 -3.220223
v -3.513680 14.963550 -2.358253
v -3.470834 14.973726 -3.221487
v -2.840775 11.585993 -3.236623
v -2.872267 11.576435 -2.376929
v -2.820749 11.582767 -3.236108
v -2.852240 11.573213 -2.376415
v -1.881767 6.678768 -3.262089
v -1.709040 5.328736 -3.269121
v -1.910203 6.670113 -2.401328
v -1.711866 5.320328 -2.407903
v -1.930305 6.673336 -2.400977
v -1.731974 5.323551 -2.407719
v -1.901870 6.681992 -3.261739
v -1.729148 5.331959 -3.268936
v 3.036259 3.877881 -0.131609
v 4.951348 3.851509 -0.133306
v 4.949659 3.844603 -0.994815
v 3.034569 3.891309 -0.991668
v 3.036259 3.860978 -0.130561
v 4.951348 3.834579 -0.132997
v 4.949659 3.827674 -0.994506
v 3.034569 3.874406 -0.990620
v 5.099621 3.750050 -0.131748
v 5.097931 3.743145 -0.993257
v 5.081988 3.744293 -0.131608
v 5.080298 3.737387 -0.993117
v 5.072470 3.570427 -0.128421
v 5.070781 3.563521 -0.989930
v 5.053701 3.570942 -0.128394
v 5.052012 3.564036 -0.989902
v 4.989411 3.477883 -0.126572
v 4.987722 3.464714 -0.988042
v 4.983344 3.493733 -0.126849
v 4.981655 3.480564 -0.988319
v 4.829568 3.485751 -0.126402
v 4.827878 3.478845 -0.987910
v 4.835664 3.501592 -0.126702
v 4.833974 3.494687 -0.988211
v 5.034757 3.825758 -0.133000
v 5.025940 3.814414 -0.132776
v 5.047246 3.832443 -0.994595
v 5.038430 3.821100 -0.994371
v 1.319271 3.880551 -0.127076
v 1.317581 3.880815 -0.987054
v 1.319271 3.857818 -0.125992
v 1.317581 3.858082 -0.985970
v -0.468087 3.851454 -0.123396
v -0.469777 3.860429 -0.983428
v -0.468087 3.834551 -0.122348
v -0.469777 3.843525 -0.982379
v -1.387796 3.809059 -0.121334
v -1.389485 3.797167 -0.981237
v -1.387796 3.792155 -0.120285
v -1.389485 3.780263 -0.980188
v -1.472836 3.837037 -0.119910
v -1.488104 3.846968 -0.981594
v -1.486318 3.826784 -0.119809
v -1.501585 3.836715 -0.981493
v -1.507312 3.970544 -0.119549
v -1.526240 3.978704 -0.982001
v -1.543719 3.973767 -0.120473
v -1.562646 3.981927 -0.982926
v 2.167421 3.809291 -0.988865
v 2.167421 3.792387 -0.987817
v 2.169110 3.845699 -0.128169
v 2.169110 3.862603 -0.129217
v 0.425592 3.873821 -0.125284
v 0.425592 3.856918 -0.124236
v 0.423902 3.861683 -0.984242
v 0.423902 3.878587 -0.985290
v 0.870741 3.900764 -0.986302
v 0.872431 3.870672 -0.125196
v 0.872431 3.887576 -0.126244
v 0.870741 3.883861 -0.985253
v 0.647322 3.884131 -0.985762
v 0.647322 3.867228 -0.984713
v 0.649012 3.859838 -0.124691
v 0.649012 3.876741 -0.125740
v -0.022937 3.842578 -0.983249
v -0.021247 3.860904 -0.124329
v -0.022937 3.859481 -0.984297
v -0.021247 3.844001 -0.123281
v 2.600610 3.869826 -0.990708
v 2.602299 3.860329 -0.129027
v 2.600610 3.852897 -0.990661
v 2.602299 3.843400 -0.128980
v -0.699704 3.826798 -0.981826
v -0.698013 3.823040 -0.121827
v -0.698013 3.839943 -0.122875
v -0.699704 3.843701 -0.982874
v 3.992114 3.876753 -0.993295
v 3.992114 3.859837 -0.992617
v 3.993803 3.873492 -0.132512
v 3.993804 3.856575 -0.131833
v -0.929631 3.835463 -0.982373
v -0.929631 3.818560 -0.981325
v -0.927941 3.804883 -0.121264
v -0.927941 3.821786 -0.122313
v 1.742502 3.814225 -0.986825
v 1.744191 3.836720 -0.126988
v 1.742501 3.834044 -0.987891
v 1.744191 3.856538 -0.128054
v -3.389785 16.287691 -0.032658
v -3.380369 16.295853 -0.895267
v -3.426143 16.290915 -0.034778
v -3.416726 16.299074 -0.897386
v -3.533863 16.418688 -0.031273
v -3.524447 16.426849 -0.893881
v -3.539909 16.388388 -0.033393
v -3.530493 16.396545 -0.896001
v -3.795419 16.367704 -0.033750
v -3.786003 16.375866 -0.896358
v -3.779914 16.337404 -0.035869
v -3.770497 16.345562 -0.898478
v -3.795997 16.261806 -0.035928
v -3.786581 16.269968 -0.898536
v -3.780492 16.266768 -0.038048
v -3.771076 16.274927 -0.900656
v -3.759237 16.146585 -0.036617
v -3.749820 16.154745 -0.899225
v -3.743731 16.151545 -0.038736
v -3.734315 16.159704 -0.901345
v -3.675150 16.100239 -0.036958
v -3.665734 16.108398 -0.899567
v -3.670307 16.113684 -0.039078
v -3.660891 16.121840 -0.901686
v -3.540665 16.126005 -0.036958
v -3.531249 16.134165 -0.899567
v -3.535822 16.139450 -0.039078
v -3.526406 16.147608 -0.901686
v -3.707778 16.122915 -0.899396
v -3.697603 16.132114 -0.901516
v -3.707020 16.123957 -0.038907
v -3.717194 16.114754 -0.036787
v -3.773304 16.212355 -0.898881
v -3.757799 16.217316 -0.901001
v -3.782720 16.204197 -0.036272
v -3.767215 16.209156 -0.038392
v -3.803370 16.314754 -0.034839
v -3.787864 16.302084 -0.036959
v -3.778448 16.310244 -0.899567
v -3.793954 16.322916 -0.897447
v -3.648748 16.417017 -0.895120
v -3.644018 16.386715 -0.897240
v -3.653434 16.378555 -0.034631
v -3.658165 16.408857 -0.032511
v -3.439399 16.373631 -0.894574
v -3.460601 16.360092 -0.896694
v -3.470017 16.351933 -0.034085
v -3.448816 16.365471 -0.031966
v -3.320129 13.960308 -0.911713
v -3.356496 13.963530 -0.913606
v -3.355822 13.955371 -0.051027
v -3.319455 13.952148 -0.049134
v -3.452259 14.539866 -0.044988
v -3.488623 14.543090 -0.046938
v -3.483229 14.551250 -0.909525
v -3.446865 14.548028 -0.907575
v -2.318650 8.974126 -0.946825
v -2.308858 8.965966 -0.084309
v -2.355037 8.977348 -0.948234
v -2.345245 8.969190 -0.085718
v -3.065510 12.678445 -0.059911
v -3.068519 12.686604 -0.922474
v -3.029138 12.675222 -0.058142
v -3.032147 12.683382 -0.920705
v -3.510280 14.905001 -0.040842
v -3.503534 14.913160 -0.903436
v -3.546643 14.908223 -0.042849
v -3.539896 14.916383 -0.905443
v -2.665607 10.813150 -0.933875
v -2.659178 10.804990 -0.071336
v -2.701986 10.816372 -0.935462
v -2.695558 10.808213 -0.072923
v -2.228821 8.412060 -0.089594
v -2.239631 8.420218 -0.952103
v -2.192431 8.408835 -0.088239
v -2.203242 8.416996 -0.950748
v -3.166179 13.486156 -0.915052
v -3.164638 13.477995 -0.052479
v -3.202548 13.489378 -0.916899
v -3.201007 13.481218 -0.054326
v -2.882239 11.527650 -0.067918
v -2.887352 11.535810 -0.930466
v -2.845862 11.524426 -0.066260
v -2.850975 11.532587 -0.928809
v -3.007467 12.111207 -0.926470
v -2.971093 12.107985 -0.924757
v -2.967032 12.099824 -0.062201
v -3.003406 12.103047 -0.063914
v -2.611841 10.083449 -0.077966
v -2.619596 10.091609 -0.940496
v -2.575459 10.080226 -0.076448
v -2.583213 10.088387 -0.938978
v -2.601522 10.451871 -0.936419
v -2.630814 10.446934 -0.075437
v -2.594432 10.443709 -0.073884
v -2.637903 10.455093 -0.937971
v -2.764880 11.167932 -0.070420
v -2.770652 11.176091 -0.932964
v -2.728502 11.164708 -0.068798
v -2.734274 11.172869 -0.931342
v -2.104387 7.859866 -0.954671
v -2.092557 7.851706 -0.092170
v -2.140779 7.863089 -0.955972
v -2.128949 7.854929 -0.093471
v -2.402083 9.189282 -0.945310
v -2.392684 9.181122 -0.082791
v -2.438469 9.192505 -0.946740
v -2.429071 9.184345 -0.084221
v -1.911672 6.566145 -0.963781
v -1.718955 5.272425 -0.972891
v -1.897475 6.557985 -0.101296
v -1.702394 5.264265 -0.110423
v -1.948067 6.569368 -0.964957
v -1.755357 5.275648 -0.973941
v -1.933873 6.561209 -0.102472
v -1.738796 5.267488 -0.111472
v 3.036257 3.949522 2.093518
v 4.947771 3.956092 2.082464
v 4.946081 3.902781 1.222817
v 3.034568 3.896210 1.233870
v 3.036257 3.932618 2.094566
v 4.947771 3.939188 2.083513
v 4.946081 3.885877 1.223865
v 3.034568 3.879307 1.234918
v 5.096042 3.854774 2.088456
v 5.094353 3.801463 1.228809
v 5.078409 3.849027 2.088847
v 5.076720 3.795716 1.229200
v 5.068890 3.675428 2.099632
v 5.067201 3.622117 1.239984
v 5.050121 3.675944 2.099637
v 5.048432 3.622633 1.239989
v 4.985830 3.583034 2.105525
v 4.984140 3.529722 1.245877
v 4.979763 3.598861 2.104555
v 4.978074 3.545549 1.244908
v 4.825987 3.590905 2.105351
v 4.824297 3.537593 1.245703
v 4.832083 3.606721 2.104358
v 4.830393 3.553410 1.244710
v 5.031178 3.930372 2.083895
v 5.022362 3.919047 2.084615
v 5.029489 3.877061 1.224248
v 5.020673 3.865735 1.224967
v 1.319269 3.973861 2.097918
v 1.317579 3.920549 1.238270
v 1.319269 3.951128 2.099002
v 1.317580 3.897816 1.239354
v -0.468089 3.924466 2.101722
v -0.469778 3.875381 1.242049
v -0.468089 3.907562 2.102771
v -0.469778 3.858478 1.243097
v -1.387796 3.809059 2.104235
v -1.389486 3.797167 1.244332
v -1.387796 3.792156 2.105283
v -1.389486 3.780263 1.245380
v -1.472837 3.837037 2.105659
v -1.488106 3.846968 1.243974
v -1.486318 3.826785 2.105760
v -1.501587 3.836715 1.244075
v -1.509409 3.970544 2.105739
v -1.528692 3.978705 1.243526
v -1.541269 3.973767 2.105136
v -1.560552 3.981927 1.242923
v 2.167420 3.809291 1.236704
v 2.167420 3.792387 1.237752
v 2.169110 3.845699 2.097400
v 2.169110 3.862603 2.096351
v 0.425591 3.953974 2.099960
v 0.425591 3.937071 2.101008
v 0.423901 3.869754 1.241277
v 0.423901 3.886658 1.240229
v 0.870740 3.907029 1.239228
v 0.872429 3.942381 2.099931
v 0.872429 3.959284 2.098882
v 0.870740 3.890126 1.240276
v 0.647320 3.903693 1.239686
v 0.647320 3.886790 1.240735
v 0.649010 3.957035 2.100447
v 0.649010 3.973938 2.099399
v -0.022939 3.853807 1.242250
v -0.021249 3.915160 2.100904
v -0.022939 3.870711 1.241202
v -0.021249 3.898256 2.101953
v -3.530426 16.292900 2.130944
v -3.461194 16.301062 1.268731
v -3.562285 16.296124 2.130342
v -3.493053 16.304285 1.268129
v -3.758793 16.385786 2.133391
v -3.689561 16.393944 1.271178
v -3.744230 16.360453 2.132789
v -3.674997 16.368614 1.270576
v -3.540839 16.389187 1.269955
v -3.560873 16.363516 1.269352
v -3.630105 16.356712 2.131565
v -3.610071 16.367764 2.132168
v -3.747972 16.067642 1.254237
v -3.817205 16.059483 2.116450
v -3.750571 16.045074 1.254839
v -3.819803 16.036917 2.117052
v -3.815176 16.317219 1.258560
v -3.884409 16.309057 2.120773
v -3.846410 16.342548 1.259163
v -3.915642 16.334391 2.121376
v -3.932448 16.153032 2.111406
v -3.863216 16.161192 1.249193
v -3.901216 16.175600 2.110803
v -3.831984 16.183760 1.248590
v -3.619228 16.083298 2.117053
v -3.549996 16.091459 1.254839
v -3.616631 16.105865 2.116450
v -3.547398 16.114027 1.254237
v -2.742660 11.266756 1.258518
v -2.774520 11.269979 1.257915
v -2.725116 11.261818 2.120128
v -2.693257 11.258595 2.120731
v -2.048932 7.942441 2.113863
v -2.112556 7.953824 1.251048
v -2.080792 7.945664 2.113261
v -2.080696 7.950602 1.251650
v -2.582085 10.342980 1.255935
v -2.550225 10.339756 1.256537
v -2.542896 10.334819 2.118148
v -2.511037 10.331595 2.118751
v -2.397212 9.171289 1.253538
v -2.365352 9.168066 1.254141
v -2.359138 9.163129 2.115751
v -2.327278 9.159905 2.116354
v -2.224720 8.897257 2.115817
v -2.256579 8.900479 2.115214
v -2.260530 8.905416 1.253604
v -2.292390 8.908641 1.253001
v -3.002481 12.478800 2.122597
v -2.970622 12.475577 2.123200
v -3.053915 12.486961 1.260384
v -3.022055 12.483738 1.260987
v -3.066231 12.802823 1.262062
v -2.983917 12.791440 2.124877
v -3.034372 12.799601 1.262665
v -3.015776 12.794662 2.124275
v -2.580256 10.094843 1.255427
v -2.548397 10.091619 1.256030
v -2.528855 10.086682 2.117640
v -2.496996 10.083459 2.118243
v -2.872994 11.554058 1.258492
v -2.825938 11.545897 2.120705
v -2.794078 11.542674 2.121307
v -2.841134 11.550835 1.259094
v -3.239648 13.732125 1.263813
v -3.165842 13.720741 2.126629
v -3.207788 13.728902 1.264416
v -3.197702 13.723965 2.126026
v -3.307276 13.996892 2.126484
v -3.319749 14.001829 1.264874
v -3.275416 13.993668 2.127087
v -3.351609 14.005053 1.264271
v -3.530317 14.943307 1.265845
v -3.500467 14.931923 2.128661
v -3.498457 14.940084 1.266448
v -3.532327 14.935146 2.128059
v -3.511685 15.623796 1.266987
v -3.515446 15.612411 2.129803
v -3.479825 15.620572 1.267590
v -3.547306 15.615636 2.129200
v -1.804694 5.964653 1.247588
v -1.811031 5.959715 2.109199
v -1.836554 5.967876 1.246985
v -1.779171 5.956492 2.109801
v 3.036259 3.832150 0.964007
v 4.947770 3.882426 0.960084
v 4.946080 3.873345 0.098618
v 3.034569 3.846268 0.102323
v 3.036259 3.815222 0.963980
v 4.947770 3.865497 0.960428
v 4.946080 3.856416 0.098961
v 3.034569 3.829340 0.102297
v 5.096042 3.780969 0.961850
v 5.094353 3.771888 0.100384
v 5.078409 3.775211 0.962002
v 5.076720 3.766131 0.100535
v 5.068892 3.601349 0.965545
v 5.067203 3.592268 0.104078
v 5.050123 3.601864 0.965571
v 5.048433 3.592783 0.104105
v 4.985832 3.508807 0.967584
v 4.984143 3.485287 0.106206
v 4.979765 3.524657 0.967274
v 4.978076 3.501137 0.105897
v 4.849241 3.504442 0.967809
v 4.847552 3.495361 0.106342
v 4.855337 3.520283 0.967476
v 4.853648 3.511202 0.106009
v 5.031178 3.856675 0.960443
v 5.022361 3.845332 0.960690
v 5.029489 3.847594 0.098976
v 5.020672 3.836251 0.099223
v 1.319270 3.863205 0.968600
v 1.317581 3.861624 0.107216
v 1.319271 3.840478 0.967937
v 1.317582 3.838896 0.106553
v -0.468088 3.906292 0.970252
v -0.469778 3.890533 0.110373
v -0.468088 3.889388 0.971301
v -0.469778 3.873630 0.111422
v -1.387796 3.809059 0.972653
v -1.389485 3.797167 0.112750
v -1.387796 3.792155 0.973701
v -1.389485 3.780263 0.113798
v -1.472836 3.837037 0.974077
v -1.488104 3.846968 0.112392
v -1.486318 3.826785 0.974178
v -1.501586 3.836715 0.112493
v -1.517138 3.970544 0.974681
v -1.519412 3.978704 0.112179
v -1.550547 3.973767 0.973320
v -1.552822 3.981927 0.110818
v 2.167420 3.888398 0.104219
v 2.167420 3.871469 0.104510
v 2.169109 3.877307 0.966038
v 2.169109 3.894237 0.965746
v 0.428514 3.871310 0.969846
v 0.426745 3.854474 0.970243
v 0.420284 3.856167 0.109300
v 0.422052 3.873003 0.108903
v 0.868573 3.846640 0.107168
v 0.874569 3.840471 0.968911
v 0.876337 3.857306 0.968514
v 0.866805 3.829804 0.107565
v 0.646029 3.866625 0.108257
v 0.644261 3.849789 0.108654
v 0.651029 3.851006 0.969692
v 0.652798 3.867842 0.969295
v -0.022938 3.874791 0.109516
v -0.021248 3.894634 0.970473
v -0.022938 3.891721 0.109325
v -0.021248 3.877704 0.970663
v 3.992015 3.840748 0.958107
v 3.992015 3.857667 0.958045
v 3.990326 3.849332 0.096965
v 3.990325 3.866251 0.096903
v 1.742501 3.872007 0.105565
v 1.744190 3.874497 0.967009
v 1.742500 3.891840 0.105496
v 1.744189 3.894331 0.966939
v 0.202749 3.869384 0.970433
v 0.199557 3.885656 0.109094
v 0.203633 3.886267 0.970139
v 0.198673 3.868773 0.109388
v 2.602684 3.869182 0.964892
v 2.600995 3.869415 0.103324
v 2.602684 3.886111 0.964697
v 2.600995 3.886344 0.103130
v -0.814668 3.877151 0.111131
v -0.812978 3.874556 0.972068
v -0.812978 3.891459 0.971019
v -0.814668 3.860247 0.112179
v -0.929631 3.844995 0.111555
v -0.929631 3.828091 0.112603
v -0.927942 3.841917 0.972494
v -0.927942 3.858820 0.971446
v -0.699704 3.881849 0.110877
v -0.698014 3.896641 0.970762
v -0.699704 3.864946 0.111925
v -0.698014 3.879737 0.971811
v -3.432902 16.292120 0.974980
v -3.403200 16.307116 0.113079
v -3.466177 16.295959 0.972419
v -3.436472 16.310955 0.110518
v -3.556751 16.425838 0.976852
v -3.527048 16.440834 0.114950
v -3.573338 16.391312 0.974291
v -3.543634 16.406305 0.112389
v -3.829240 16.359612 0.976852
v -3.799537 16.378548 0.114950
v -3.803037 16.336582 0.974291
v -3.773333 16.355520 0.112389
v -3.850726 16.317717 0.974655
v -3.821023 16.336655 0.112753
v -3.824523 16.294687 0.972094
v -3.794819 16.313627 0.110193
v -3.837539 16.172873 0.974655
v -3.807836 16.191809 0.112753
v -3.811337 16.179741 0.972094
v -3.781632 16.198679 0.110193
v -3.776162 16.084070 0.973746
v -3.746460 16.103010 0.111844
v -3.764914 16.109701 0.971185
v -3.735210 16.128639 0.109283
v -3.723935 16.065125 0.974719
v -3.694232 16.084063 0.112818
v -3.725788 16.092625 0.972158
v -3.696084 16.111563 0.110257
v -3.542881 16.104904 0.981751
v -3.513178 16.123840 0.119849
v -3.544734 16.132402 0.979190
v -3.515030 16.151340 0.117289
v -2.313246 9.172200 0.112553
v -2.346598 9.175678 0.110693
v -2.357613 9.164678 0.972946
v -2.324260 9.161199 0.974805
v -2.321070 8.883101 0.112532
v -2.339225 8.882706 0.972966
v -2.354425 8.886566 0.110700
v -2.305868 8.879240 0.974798
v -2.766465 10.915039 0.110626
v -2.712796 10.898905 0.974872
v -2.733143 10.911424 0.112753
v -2.746119 10.902521 0.972746
v -3.318835 14.023965 0.110564
v -3.267777 14.006276 0.974934
v -3.285541 14.020222 0.112940
v -3.301072 14.010020 0.972558
v -2.537386 10.081218 0.972875
v -2.521817 10.089227 0.112623
v -2.504043 10.077690 0.974829
v -2.555158 10.092753 0.110669
v -2.824245 11.266850 0.110619
v -2.813420 11.254169 0.972724
v -2.780098 11.250539 0.974879
v -2.790927 11.263219 0.112774
v -2.652342 10.342736 0.110657
v -2.632786 10.330902 0.972836
v -2.599448 10.327348 0.974842
v -2.619007 10.339183 0.112663
v -3.309918 13.599240 0.972582
v -3.271942 13.609269 0.112916
v -3.276620 13.595513 0.974926
v -3.305238 13.612996 0.110572
v -3.020081 12.475331 0.110593
v -2.968270 12.458374 0.974905
v -2.986774 12.471649 0.112852
v -3.001578 12.462058 0.972646
v -2.838251 11.562519 0.110613
v -2.820221 11.549704 0.972707
v -2.786903 11.546061 0.974885
v -2.804936 11.558876 0.112792
v -2.933523 12.037276 0.110604
v -2.917188 12.024243 0.972678
v -2.883875 12.020581 0.974895
v -2.900212 12.033615 0.112820
v -3.117287 12.777448 0.972628
v -3.096057 12.787160 0.112870
v -3.083982 12.773751 0.974911
v -3.129361 12.790855 0.110587
v -2.053851 7.248302 0.112415
v -1.786632 5.613503 0.112297
v -2.076332 7.246393 0.973084
v -1.813440 5.610080 0.973202
v -2.087224 7.251686 0.110739
v -1.820023 5.616807 0.110778
v -2.042958 7.243008 0.974759
v -1.780048 5.606776 0.974720
v -3.377654 15.167459 0.110541
v -3.350339 15.149199 0.974957
v -3.344370 15.163668 0.113010
v -3.383624 15.152990 0.972488
vt 0.899560 0.498605
vt 0.910870 0.914842
vt 0.132775 0.919132
vt 0.125976 0.498147
vt 0.121083 0.499521
vt 0.120129 0.077285
vt 0.889648 0.071922
vt 0.897866 0.497648
vt 0.143288 0.918064
vt 0.122609 0.921903
vt 0.157995 0.499101
vt 0.156042 0.894199
vt 0.148225 0.897015
vt 0.150178 0.501917
vt 0.384997 0.666307
vt 0.427349 0.564866
vt 0.511649 0.778688
vt 0.471706 0.934965
vt 0.125934 0.508312
vt 0.129259 0.094721
vt 0.149939 0.090882
vt 0.146614 0.504473
vt 0.441913 0.255287
vt 0.457667 0.257095
vt 0.437001 0.365382
vt 0.408760 0.397668
vt 0.893218 0.071113
vt 0.892554 0.068504
vt 0.884037 0.071572
vt 0.915010 0.800841
vt 0.134635 0.795902
vt 0.132932 0.700425
vt 0.915010 0.700425
vt 0.447393 0.123405
vt 0.462315 0.146603
vt 0.112366 0.284337
vt 0.904795 0.293226
vt 0.500260 0.114419
vt 0.511649 0.139193
vt 0.112366 0.073690
vt 0.904795 0.082579
vt 0.908200 0.290751
vt 0.115081 0.284578
vt 0.112502 0.070989
vt 0.905622 0.083335
vt 0.891896 0.092475
vt 0.883297 0.177907
vt 0.114914 0.180994
vt 0.123513 0.095561
vt 0.125044 0.916843
vt 0.909960 0.911905
vt 0.908258 0.853465
vt 0.125044 0.853465
vt 0.121597 0.710873
vt 0.901901 0.710223
vt 0.906157 0.923188
vt 0.122358 0.921757
vt 0.129684 0.708757
vt 0.905560 0.706045
vt 0.911357 0.913568
vt 0.133009 0.919232
vt 0.123815 0.710737
vt 0.902165 0.711409
vt 0.906128 0.924578
vt 0.125446 0.921106
vt 0.894308 0.292981
vt 0.121219 0.289277
vt 0.117133 0.079014
vt 0.888860 0.084940
vt 0.124068 0.709262
vt 0.901722 0.709416
vt 0.906128 0.922224
vt 0.125446 0.919824
vt 0.891601 0.295409
vt 0.119594 0.288430
vt 0.115499 0.078454
vt 0.886680 0.086915
vt 0.129065 0.564268
vt 0.899800 0.572635
vt 0.904590 0.663688
vt 0.127434 0.666656
vt 0.904524 0.916001
vt 0.127778 0.916002
vt 0.893593 0.215284
vt 0.119283 0.211617
vt 0.119176 0.073304
vt 0.886851 0.084878
vt 0.120074 0.289105
vt 0.893389 0.284294
vt 0.897645 0.497258
vt 0.120836 0.499989
vt 0.123033 0.287807
vt 0.893967 0.290999
vt 0.899764 0.498522
vt 0.126359 0.498282
vt 0.118923 0.079627
vt 0.890274 0.071903
vt 0.894237 0.285072
vt 0.120554 0.289997
vt 0.121369 0.395182
vt 0.896219 0.391656
vt 0.898201 0.498240
vt 0.122185 0.500367
vt 0.902480 0.605042
vt 0.127348 0.604671
vt 0.125305 0.499540
vt 0.899756 0.501021
vt 0.910652 0.917103
vt 0.133477 0.920066
vt 0.129391 0.709803
vt 0.905204 0.709062
vt 0.123000 0.605552
vt 0.900183 0.604825
vt 0.897032 0.397001
vt 0.123262 0.394408
vt 0.888250 0.082367
vt 0.119176 0.077162
vt 0.122036 0.921756
vt 0.906084 0.923375
vt 0.159948 0.104002
vt 0.152131 0.106818
vt 0.119313 0.078221
vt 0.889132 0.071329
vt 0.119708 0.077332
vt 0.888171 0.083476
vt 0.901441 0.712395
vt 0.127786 0.708382
vt 0.125738 0.603394
vt 0.898981 0.608149
vt 0.122001 0.393420
vt 0.895113 0.390204
vt 0.897316 0.496608
vt 0.122690 0.498701
vt 0.123690 0.498406
vt 0.896521 0.503902
vt 0.119934 0.077578
vt 0.888505 0.070992
vt 0.892910 0.283800
vt 0.121312 0.288139
vt 0.906362 0.920888
vt 0.131882 0.918357
vt 0.889735 0.622665
vt 0.141590 0.614994
vt 0.141585 0.876520
vt 0.889735 0.883952
vt 0.142850 0.619817
vt 0.889725 0.622668
vt 0.889723 0.883956
vt 0.142853 0.881345
vt 0.885262 0.899822
vt 0.160215 0.917958
vt 0.136417 0.743061
vt 0.882572 0.725311
vt 0.140983 0.664428
vt 0.883895 0.646617
vt 0.146327 0.555017
vt 0.873274 0.537208
vt 0.140869 0.437048
vt 0.873134 0.419234
vt 0.142774 0.274738
vt 0.879732 0.271196
vt 0.148303 0.175030
vt 0.885262 0.171482
vt 0.000000 0.000000
vt 0.143892 0.096510
vt 0.880850 0.092962
vt 0.128943 0.317234
vt 0.861910 0.322284
vt 0.874053 0.604546
vt 0.141077 0.599247
vt 0.871259 0.323399
vt 0.134444 0.324826
vt 0.139695 0.608185
vt 0.881799 0.616650
vt 0.145732 0.650752
vt 0.875992 0.642781
vt 0.876008 0.903065
vt 0.145752 0.910987
vt 0.887243 0.096049
vt 0.143659 0.101223
vt 0.143658 0.624484
vt 0.887242 0.618837
vt 0.876024 0.642782
vt 0.148506 0.655577
vt 0.148485 0.915809
vt 0.876008 0.903064
vt 0.146443 0.096401
vt 0.887242 0.096052
vt 0.887237 0.618843
vt 0.146443 0.619668
vt 0.143656 0.885435
vt 0.887250 0.879483
vt 0.887225 0.879486
vt 0.146444 0.880615
vt 0.138104 0.084077
vt 0.871095 0.088899
vt 0.871348 0.088899
vt 0.134536 0.090554
vt 0.148159 0.255111
vt 0.871121 0.272054
vt 0.871135 0.776729
vt 0.148175 0.760248
vt 0.871141 0.272057
vt 0.152285 0.255110
vt 0.152277 0.760249
vt 0.871135 0.776732
vt 0.145748 0.107145
vt 0.876007 0.098658
vt 0.875998 0.382659
vt 0.145741 0.390906
vt 0.876008 0.098658
vt 0.148489 0.111966
vt 0.148497 0.395730
vt 0.876017 0.382659
vt 0.153147 0.108325
vt 0.880090 0.088282
vt 0.880085 0.887584
vt 0.153147 0.906895
vt 0.149255 0.108326
vt 0.149251 0.906896
vt 0.880090 0.887584
vt 0.873864 0.533894
vt 0.145408 0.522228
vt 0.145401 0.718707
vt 0.873858 0.730172
vt 0.152278 0.885446
vt 0.871137 0.901809
vt 0.871135 0.901806
vt 0.148176 0.885446
vt 0.873853 0.098001
vt 0.145403 0.085929
vt 0.145411 0.399396
vt 0.873864 0.411183
vt 0.871135 0.110430
vt 0.152283 0.093368
vt 0.139216 0.090751
vt 0.873851 0.098062
vt 0.873731 0.411237
vt 0.139096 0.404211
vt 0.148160 0.093368
vt 0.871125 0.110426
vt 0.139055 0.527042
vt 0.873691 0.533948
vt 0.873631 0.730229
vt 0.138993 0.723525
vt 0.873583 0.894781
vt 0.138945 0.888212
vt 0.145393 0.883390
vt 0.873851 0.894719
vt 0.879578 0.098781
vt 0.143084 0.097179
vt 0.143080 0.877819
vt 0.879579 0.878707
vt 0.143551 0.097478
vt 0.874513 0.081102
vt 0.874508 0.893620
vt 0.143551 0.909252
vt 0.147653 0.097179
vt 0.879578 0.098782
vt 0.879573 0.878707
vt 0.147653 0.877819
vt 0.153017 0.097479
vt 0.153013 0.909252
vt 0.874513 0.893620
vt 0.889735 0.100084
vt 0.141603 0.091931
vt 0.141597 0.353464
vt 0.889735 0.361375
vt 0.142846 0.096754
vt 0.889735 0.100088
vt 0.889729 0.361380
vt 0.142846 0.358285
vt 0.885604 0.891892
vt 0.152662 0.886329
vt 0.144944 0.891811
vt 0.887056 0.895718
vt 0.152725 0.573940
vt 0.877312 0.570835
vt 0.876686 0.892815
vt 0.153709 0.896113
vt 0.877327 0.570632
vt 0.149482 0.573923
vt 0.148869 0.896033
vt 0.878326 0.892551
vt 0.911649 0.847833
vt 0.149995 0.793064
vt 0.137771 0.610263
vt 0.895253 0.546998
vt 0.130914 0.461586
vt 0.888971 0.409874
vt 0.132762 0.329076
vt 0.890566 0.277357
vt 0.133248 0.099954
vt 0.891143 0.099954
vt 0.887209 0.756855
vt 0.141420 0.733634
vt 0.151120 0.410053
vt 0.893617 0.410037
vt 0.158036 0.280006
vt 0.901143 0.279994
vt 0.153835 0.149372
vt 0.896887 0.149372
vt 0.143418 0.090933
vt 0.877550 0.091421
vt 0.877361 0.899422
vt 0.143418 0.898665
vt 0.882093 0.290602
vt 0.148190 0.309718
vt 0.148215 0.637291
vt 0.882060 0.618171
vt 0.886929 0.296500
vt 0.141160 0.304673
vt 0.141626 0.670291
vt 0.886543 0.662435
vt 0.877497 0.098916
vt 0.149482 0.102362
vt 0.142590 0.088891
vt 0.886431 0.085779
vt 0.885979 0.296670
vt 0.142075 0.299840
vt 0.152914 0.102362
vt 0.877327 0.099102
vt 0.886749 0.085597
vt 0.140919 0.093714
vt 0.886398 0.662636
vt 0.141638 0.665488
vt 0.141598 0.497898
vt 0.891334 0.497435
vt 0.891315 0.914596
vt 0.141549 0.915063
vt 0.891408 0.497419
vt 0.146140 0.492943
vt 0.146190 0.910089
vt 0.891427 0.914561
vt 0.147444 0.305010
vt 0.881948 0.290610
vt 0.881950 0.618195
vt 0.147392 0.632598
vt 0.148215 0.902694
vt 0.882004 0.883579
vt 0.147521 0.101898
vt 0.882004 0.087524
vt 0.881983 0.883610
vt 0.147371 0.898008
vt 0.882057 0.087524
vt 0.148131 0.106615
vt 0.145404 0.502878
vt 0.879258 0.496935
vt 0.879218 0.899635
vt 0.145338 0.905523
vt 0.141618 0.227193
vt 0.891372 0.226911
vt 0.891372 0.226905
vt 0.146120 0.222248
vt 0.145421 0.287162
vt 0.879280 0.281159
vt 0.145338 0.100365
vt 0.879152 0.094356
vt 0.148246 0.085173
vt 0.882712 0.079424
vt 0.882726 0.359712
vt 0.148284 0.365445
vt 0.882706 0.723949
vt 0.148372 0.729565
vt 0.882505 0.910004
vt 0.148228 0.915522
vt 0.127689 0.081985
vt 0.866739 0.078624
vt 0.903870 0.918015
vt 0.143650 0.911645
vt 0.141627 0.904257
vt 0.886431 0.896429
vt 0.886431 0.896641
vt 0.141557 0.899466
vt 0.141549 0.080248
vt 0.891338 0.080114
vt 0.891406 0.080114
vt 0.146190 0.075310
vt 0.157948 0.090424
vt 0.859480 0.080277
vt 0.884230 0.909576
vt 0.141322 0.927173
vt 0.133009 0.086807
vt 0.866914 0.083369
vt 0.888045 0.913193
vt 0.148970 0.906901
vt 0.150773 0.101668
vt 0.876255 0.092885
vt 0.870935 0.893507
vt 0.150770 0.897470
vt 0.876259 0.092885
vt 0.149284 0.106483
vt 0.149284 0.902281
vt 0.876255 0.888679
vt 0.881874 0.821452
vt 0.156304 0.802129
vt 0.163206 0.734101
vt 0.894095 0.753430
vt 0.891043 0.673655
vt 0.160156 0.668798
vt 0.162384 0.588707
vt 0.898586 0.598383
vt 0.896745 0.518438
vt 0.160547 0.518413
vt 0.164033 0.452939
vt 0.894905 0.452965
vt 0.894350 0.372143
vt 0.163480 0.376943
vt 0.162926 0.300820
vt 0.888474 0.300834
vt 0.886604 0.230531
vt 0.161056 0.230524
vt 0.162848 0.164857
vt 0.883077 0.160035
vt 0.161130 0.089586
vt 0.876038 0.089586
vt 0.895328 0.924882
vt 0.153797 0.910378
vt 0.149688 0.600355
vt 0.879717 0.604479
vt 0.879716 0.893887
vt 0.149686 0.889757
vt 0.879719 0.604477
vt 0.151971 0.609987
vt 0.151971 0.899391
vt 0.879717 0.893884
vt 0.127506 0.589278
vt 0.870638 0.594105
vt 0.854870 0.879818
vt 0.138339 0.874995
vt 0.148165 0.495728
vt 0.885260 0.515025
vt 0.880745 0.894780
vt 0.170251 0.904417
vt 0.138572 0.581157
vt 0.871063 0.586006
vt 0.870823 0.876543
vt 0.138329 0.871691
vt 0.147508 0.091175
vt 0.876652 0.078488
vt 0.876625 0.663079
vt 0.147479 0.675759
vt 0.138752 0.133475
vt 0.887203 0.133507
vt 0.148678 0.135033
vt 0.881167 0.139856
vt 0.879721 0.115066
vt 0.151971 0.120581
vt 0.150318 0.494326
vt 0.874101 0.520377
vt 0.868771 0.884257
vt 0.166266 0.891967
vt 0.149689 0.110946
vt 0.879716 0.115066
vt 0.879999 0.639785
vt 0.142017 0.641719
vt 0.142010 0.913062
vt 0.879990 0.911122
vt 0.144039 0.627247
vt 0.879786 0.639866
vt 0.879697 0.911204
vt 0.143949 0.898591
vt 0.142098 0.101275
vt 0.868553 0.091630
vt 0.139664 0.110920
vt 0.874085 0.083929
vt 0.879987 0.096514
vt 0.142004 0.098441
vt 0.142012 0.370659
vt 0.879995 0.368728
vt 0.148961 0.095897
vt 0.148989 0.680478
vt 0.876677 0.663076
vt 0.876650 0.899276
vt 0.147503 0.911955
vt 0.144141 0.356187
vt 0.879885 0.368809
vt 0.144245 0.083973
vt 0.879987 0.096597
vt 0.148965 0.916675
vt 0.876652 0.899273
vt 0.893741 0.111856
vt 0.144841 0.116843
vt 0.144831 0.450063
vt 0.893730 0.445079
vt 0.152732 0.783288
vt 0.893542 0.778363
vt 0.893492 0.907282
vt 0.152682 0.912204
vt 0.144747 0.097409
vt 0.891594 0.086360
vt 0.891594 0.892953
vt 0.144743 0.903995
vt 0.891597 0.086360
vt 0.148746 0.092576
vt 0.148746 0.899159
vt 0.891594 0.892949
vt 0.144830 0.783341
vt 0.893728 0.778360
vt 0.152832 0.450008
vt 0.893639 0.445080
vt 0.152922 0.116787
vt 0.893728 0.111856
vt 0.144841 0.912257
vt 0.893738 0.907278
vt 0.155593 0.117352
vt 0.886263 0.097827
vt 0.886261 0.873009
vt 0.155588 0.892528
vt 0.146167 0.101630
vt 0.902228 0.080505
vt 0.902228 0.898377
vt 0.146163 0.919495
vt 0.886265 0.097827
vt 0.143198 0.122165
vt 0.143198 0.897337
vt 0.886263 0.873005
vt 0.902231 0.080505
vt 0.152633 0.091974
vt 0.152633 0.909836
vt 0.902228 0.898373
vt 0.887793 0.073668
vt 0.905729 0.920538
vt 0.119176 0.073715
vt 0.906215 0.919264
vt 0.119180 0.073711
vt 0.888403 0.076240
vt 0.119886 0.073947
vt 0.887137 0.075316
vt 0.887308 0.073279
vt 0.119416 0.074150
vt 0.887714 0.074776
vt 0.905511 0.922799
vt 0.128249 0.709803
vt 0.149072 0.101480
vt 0.883141 0.106055
vt 0.883140 0.705570
vt 0.148970 0.700997
vt 0.119481 0.084016
vt 0.886811 0.075296
vt 0.906065 0.742142
vt 0.129847 0.745976
vt 0.145977 0.814930
vt 0.869350 0.824892
vt 0.862980 0.874354
vt 0.140280 0.864341
vt 0.147030 0.744319
vt 0.870360 0.742142
vt 0.891947 0.902190
vt 0.138829 0.902190
vt 0.141223 0.805234
vt 0.894343 0.805236
vt 0.147000 0.503893
vt 0.878839 0.503897
vt 0.145298 0.308274
vt 0.882453 0.308286
vt 0.149185 0.211783
vt 0.870379 0.211797
vt 0.148170 0.270262
vt 0.880778 0.259633
vt 0.880710 0.907967
vt 0.148074 0.918641
vt 0.132325 0.921950
vt 0.904839 0.911321
vt 0.892655 0.261286
vt 0.120832 0.259635
vt 0.910082 0.779157
vt 0.137496 0.785231
vt 0.118730 0.176048
vt 0.899227 0.167854
vt 0.886463 0.074164
vt 0.119004 0.073118
vt 0.132438 0.918793
vt 0.908279 0.922872
vt 0.152213 0.090935
vt 0.879144 0.084935
vt 0.879142 0.904230
vt 0.152204 0.910241
vt 0.888230 0.074422
vt 0.119648 0.073525
vt 0.120766 0.280659
vt 0.894823 0.276212
vt 0.880811 0.167851
vt 0.144189 0.179560
vt 0.144189 0.788728
vt 0.880804 0.777034
vt 0.152213 0.104076
vt 0.882746 0.099691
vt 0.882632 0.276213
vt 0.152096 0.280615
vt 0.133138 0.918951
vt 0.907310 0.922218
vt 0.882597 0.895809
vt 0.152028 0.900263
vt 0.888146 0.075410
vt 0.119217 0.072587
vt 0.120832 0.270264
vt 0.893346 0.259635
vt 0.118956 0.072733
vt 0.887387 0.074005
vt 0.892914 0.261825
vt 0.120390 0.259881
vt 0.148076 0.096818
vt 0.880721 0.086181
vt 0.886473 0.096707
vt 0.141032 0.090021
vt 0.141373 0.255057
vt 0.886817 0.261743
vt 0.144102 0.103751
vt 0.874030 0.095732
vt 0.873902 0.279400
vt 0.143980 0.287401
vt 0.894109 0.279398
vt 0.122116 0.282632
vt 0.132761 0.918118
vt 0.907164 0.921602
vt 0.905223 0.726209
vt 0.136768 0.725444
vt 0.139141 0.934651
vt 0.911134 0.931417
vt 0.873843 0.881730
vt 0.143910 0.889745
vt 0.141179 0.740958
vt 0.886640 0.747620
vt 0.907451 0.747705
vt 0.129370 0.745785
vt 0.906698 0.920722
vt 0.132763 0.918996
vt 0.141018 0.883930
vt 0.886474 0.890607
vt 0.118321 0.073344
vt 0.887535 0.074498
vt 0.900773 0.548448
vt 0.126440 0.548461
vt 0.879507 0.076976
vt 0.146223 0.080860
vt 0.146183 0.552473
vt 0.879508 0.548441
vt 0.146205 0.894228
vt 0.879518 0.890202
vt 0.120992 0.082712
vt 0.887153 0.075290
vt 0.893424 0.448117
vt 0.126552 0.443195
vt 0.887498 0.074835
vt 0.119656 0.073723
vt 0.132084 0.919366
vt 0.906344 0.921352
vt 0.144359 0.113331
vt 0.889777 0.103419
vt 0.889778 0.886657
vt 0.144353 0.896580
vt 0.141154 0.105560
vt 0.888226 0.106364
vt 0.888223 0.874829
vt 0.141153 0.874345
vt 0.150921 0.110374
vt 0.150918 0.879124
vt 0.888227 0.874794
vt 0.879799 0.898408
vt 0.156286 0.889540
vt 0.153982 0.715152
vt 0.877495 0.724022
vt 0.151803 0.614316
vt 0.870817 0.619137
vt 0.155847 0.545505
vt 0.874857 0.550329
vt 0.154638 0.359543
vt 0.863007 0.364373
vt 0.156785 0.244674
vt 0.854515 0.249507
vt 0.165573 0.175799
vt 0.857989 0.180621
vt 0.160974 0.106415
vt 0.853390 0.111237
vt 0.145171 0.107178
vt 0.882416 0.116185
vt 0.882399 0.269249
vt 0.145171 0.264109
vt 0.882430 0.116185
vt 0.140619 0.116809
vt 0.140623 0.273733
vt 0.882452 0.269242
vt 0.144225 0.090228
vt 0.882633 0.090893
vt 0.882616 0.905654
vt 0.144225 0.904284
vt 0.152623 0.090223
vt 0.152606 0.904235
vt 0.882633 0.905610
vt 0.152877 0.109206
vt 0.887938 0.113140
vt 0.887908 0.482164
vt 0.152868 0.478669
vt 0.140590 0.771879
vt 0.882430 0.766998
vt 0.882430 0.767035
vt 0.145212 0.762284
vt 0.138600 0.115192
vt 0.873155 0.114680
vt 0.873155 0.624899
vt 0.138613 0.625554
vt 0.882411 0.902862
vt 0.145200 0.898283
vt 0.140597 0.907862
vt 0.882444 0.902808
vt 0.159899 0.109185
vt 0.159900 0.478599
vt 0.887957 0.482111
vt 0.873158 0.114680
vt 0.144616 0.115182
vt 0.144605 0.625522
vt 0.873160 0.624875
vt 0.152877 0.705741
vt 0.887901 0.709165
vt 0.887938 0.899838
vt 0.152910 0.896505
vt 0.147831 0.103303
vt 0.880008 0.101525
vt 0.879949 0.410504
vt 0.147781 0.412415
vt 0.880023 0.101525
vt 0.154413 0.098518
vt 0.154400 0.407612
vt 0.880018 0.410484
vt 0.887970 0.709105
vt 0.159902 0.705663
vt 0.159876 0.896424
vt 0.887938 0.899773
vt 0.879894 0.695547
vt 0.147735 0.697620
vt 0.879815 0.901183
vt 0.147663 0.903295
vt 0.880008 0.695512
vt 0.154386 0.692804
vt 0.154413 0.898475
vt 0.880041 0.901140
vt 0.873156 0.879727
vt 0.138600 0.880497
vt 0.144616 0.880458
vt 0.873156 0.879691
vt 0.145673 0.103723
vt 0.882231 0.103785
vt 0.882214 0.892136
vt 0.145675 0.891393
vt 0.147575 0.106372
vt 0.882432 0.097653
vt 0.882414 0.879837
vt 0.147575 0.887879
vt 0.150370 0.103718
vt 0.150353 0.891345
vt 0.882231 0.892094
vt 0.143549 0.101545
vt 0.143532 0.883010
vt 0.882432 0.879795
vt 0.152617 0.088423
vt 0.872456 0.088309
vt 0.872423 0.882310
vt 0.152619 0.882755
vt 0.851175 0.102777
vt 0.139837 0.093244
vt 0.166404 0.906832
vt 0.909699 0.891919
usemtl 
s 1
f 2824/285 2756/286 2757/287 2826/288
f 2825/289 2761/290 2760/291 2823/292
f 2836/293 2838/294 2758/294 2762/293
f 2824/295 2755/296 2759/297 2823/298
f 2781/299 2782/300 2761/301 2757/302
f 2826/303 2757/304 2761/305 2825/306
f 2768/307 2770/308 2766/309 2764/310
f 2780/311 2782/290 2766/290 2765/311
f 2779/312 2780/313 2765/313 2763/312
f 2781/314 2779/315 2763/316 2764/317
f 2772/318 2774/319 2770/308 2768/307
f 2763/312 2765/313 2769/313 2767/312
f 2764/317 2763/316 2767/320 2768/321
f 2765/311 2766/290 2770/290 2769/311
f 2776/322 2778/323 2774/319 2772/318
f 2769/311 2770/290 2774/290 2773/311
f 2767/312 2769/313 2773/313 2771/312
f 2768/321 2767/320 2771/324 2772/325
f 2773/311 2774/290 2778/290 2777/311
f 2771/312 2773/313 2777/313 2775/312
f 2772/326 2771/327 2775/328 2776/329
f 2775/330 2777/331 2778/332 2776/333
f 2757/334 2756/335 2779/336 2781/337
f 2756/312 2760/313 2780/313 2779/312
f 2760/311 2761/290 2782/290 2780/311
f 2764/310 2766/309 2782/300 2781/299
f 2814/293 2811/294 2784/294 2786/293
f 2827/338 2828/339 2785/340 2786/341
f 2830/342 2829/343 2784/344 2783/345
f 2759/297 2755/296 2837/296 2835/297
f 2849/293 2847/294 2788/294 2790/293
f 2813/296 2812/297 2785/297 2783/296
f 2819/346 2822/347 2789/348 2790/349
f 2820/350 2821/351 2788/352 2787/353
f 2798/293 2796/294 2792/294 2794/293
f 2851/354 2852/355 2793/356 2794/357
f 2853/358 2854/359 2792/360 2791/361
f 2848/296 2850/297 2789/297 2787/296
f 2802/293 2800/294 2796/294 2798/293
f 2791/345 2792/344 2796/344 2795/345
f 2795/296 2797/297 2793/297 2791/296
f 2794/362 2793/363 2797/364 2798/365
f 2952/293 2948/294 2800/294 2802/293
f 2798/365 2797/364 2801/366 2802/367
f 2795/368 2796/369 2800/370 2799/371
f 2799/296 2801/297 2797/297 2795/296
f 2827/293 2829/294 2803/294 2804/293
f 2836/372 2835/373 2805/374 2804/375
f 2837/376 2838/377 2803/378 2806/379
f 2830/296 2828/297 2805/297 2806/296
f 2786/380 2785/381 2812/382 2814/383
f 2816/293 2815/294 2811/294 2814/293
f 2816/384 2817/385 2808/386 2809/387
f 2834/293 2832/294 2810/294 2809/293
f 2833/296 2831/297 2808/297 2807/296
f 2809/293 2810/294 2815/294 2816/293
f 2818/388 2815/389 2810/390 2807/391
f 2783/392 2784/393 2811/394 2813/395
f 2818/296 2817/297 2812/297 2813/296
f 2814/383 2812/382 2817/385 2816/384
f 2813/395 2811/394 2815/389 2818/388
f 2807/296 2808/297 2817/297 2818/296
f 2834/396 2831/397 2822/347 2819/346
f 2833/398 2832/399 2821/351 2820/350
f 2790/293 2788/294 2821/294 2819/293
f 2787/296 2789/297 2822/297 2820/296
f 2755/400 2824/285 2826/288 2758/401
f 2762/402 2825/289 2823/292 2759/403
f 2756/404 2824/295 2823/298 2760/405
f 2758/294 2826/303 2825/306 2762/293
f 2804/375 2805/374 2828/339 2827/338
f 2806/296 2805/297 2835/297 2837/296
f 2762/406 2759/407 2835/373 2836/372
f 2819/293 2821/294 2832/294 2834/293
f 2851/293 2854/294 2843/294 2844/293
f 2807/391 2810/390 2832/399 2833/398
f 2804/293 2803/294 2838/294 2836/293
f 2755/408 2758/409 2838/377 2837/376
f 2786/293 2784/294 2829/294 2827/293
f 2783/296 2785/297 2828/297 2830/296
f 2806/379 2803/378 2829/343 2830/342
f 2846/296 2845/297 2840/297 2841/296
f 2848/410 2847/411 2839/412 2841/413
f 2820/296 2822/297 2831/297 2833/296
f 2841/296 2840/297 2850/297 2848/296
f 2809/387 2808/386 2831/397 2834/396
f 2842/293 2839/294 2847/294 2849/293
f 2842/414 2840/415 2845/416 2844/417
f 2853/296 2852/297 2845/297 2846/296
f 2841/413 2839/412 2843/418 2846/419
f 2790/420 2789/421 2850/422 2849/423
f 2787/424 2788/425 2847/411 2848/410
f 2844/293 2843/294 2839/294 2842/293
f 2849/423 2850/422 2840/415 2842/414
f 2844/417 2845/416 2852/355 2851/354
f 2846/419 2843/418 2854/359 2853/358
f 2794/293 2792/294 2854/294 2851/293
f 2791/296 2793/297 2852/297 2853/296
f 2862/293 2860/294 2856/294 2858/293
f 2962/426 2961/427 2857/428 2858/429
f 2959/430 2960/431 2856/432 2855/433
f 2950/296 2954/297 2801/297 2799/296
f 2866/293 2864/294 2860/294 2862/293
f 2859/296 2861/297 2857/297 2855/296
f 2858/367 2857/366 2861/366 2862/367
f 2855/434 2856/435 2860/436 2859/437
f 2870/293 2868/294 2864/294 2866/293
f 2862/367 2861/366 2865/366 2866/367
f 2859/437 2860/436 2864/438 2863/439
f 2863/296 2865/297 2861/297 2859/296
f 2874/293 2872/294 2868/294 2870/293
f 2863/439 2864/438 2868/440 2867/441
f 2867/296 2869/297 2865/297 2863/296
f 2866/367 2865/366 2869/366 2870/367
f 2878/293 2876/294 2872/294 2874/293
f 2870/367 2869/366 2873/366 2874/367
f 2867/441 2868/440 2872/442 2871/443
f 2871/296 2873/297 2869/297 2867/296
f 2882/293 2880/294 2876/294 2878/293
f 2874/367 2873/366 2877/366 2878/367
f 2871/443 2872/442 2876/444 2875/445
f 2875/296 2877/297 2873/297 2871/296
f 2886/293 2884/294 2880/294 2882/293
f 2879/296 2881/297 2877/297 2875/296
f 2878/367 2877/366 2881/366 2882/367
f 2875/445 2876/444 2880/446 2879/447
f 2883/448 2884/448 2886/448 2885/448
f 2882/367 2881/366 2885/366 2886/367
f 2879/447 2880/446 2884/449 2883/450
f 2883/296 2885/297 2881/297 2879/296
f 2963/293 2965/294 2887/294 2888/293
f 2906/451 2903/452 2889/453 2888/454
f 2904/455 2905/456 2887/457 2890/458
f 2966/296 2964/297 2889/297 2890/296
f 2911/459 2914/460 2899/461 2900/462
f 2900/463 2899/464 2895/465 2898/466
f 2893/296 2894/297 2895/297 2896/296
f 2896/296 2895/297 2899/297 2901/296
f 2898/293 2897/294 2902/294 2900/293
f 2913/467 2912/468 2902/469 2901/470
f 2906/293 2905/294 2892/294 2891/293
f 2891/293 2892/294 2897/294 2898/293
f 2901/471 2902/472 2897/473 2896/474
f 2898/466 2895/465 2894/475 2891/476
f 2896/474 2897/473 2892/477 2893/478
f 2904/296 2903/297 2894/297 2893/296
f 2891/479 2894/480 2903/452 2906/451
f 2893/481 2892/482 2905/456 2904/455
f 2888/293 2887/294 2905/294 2906/293
f 2890/296 2889/297 2903/297 2904/296
f 2911/293 2912/294 2909/294 2910/293
f 2900/293 2902/294 2912/294 2911/293
f 2924/483 2926/484 2922/485 2921/486
f 2923/487 2925/488 2919/489 2920/490
f 2932/296 2934/297 2919/297 2921/296
f 2913/296 2914/297 2907/297 2908/296
f 2933/293 2931/294 2922/294 2920/293
f 2933/491 2934/492 2907/493 2910/494
f 2932/495 2931/496 2909/497 2908/498
f 2916/293 2918/294 2935/294 2937/293
f 2910/494 2907/493 2914/460 2911/459
f 2951/499 2953/500 2938/501 2937/502
f 2908/498 2909/497 2912/468 2913/467
f 2908/296 2907/297 2934/297 2932/296
f 2910/293 2909/294 2931/294 2933/293
f 2901/296 2899/297 2914/297 2913/296
f 2949/500 2947/503 2935/504 2936/505
f 2944/506 2943/507 2930/508 2927/509
f 2920/490 2919/489 2934/510 2933/511
f 2921/486 2922/485 2931/512 2932/513
f 2920/293 2922/294 2926/294 2923/293
f 2937/514 2938/515 2915/516 2916/517
f 2945/296 2943/297 2915/297 2917/296
f 2917/296 2915/297 2938/297 2936/296
f 2939/518 2942/519 2925/488 2923/487
f 2936/520 2935/521 2918/522 2917/523
f 2941/524 2940/525 2926/484 2924/483
f 2921/296 2919/297 2925/297 2924/296
f 2941/296 2942/297 2930/297 2929/296
f 2944/293 2946/294 2918/294 2916/293
f 2939/293 2940/294 2928/294 2927/293
f 2923/293 2926/294 2940/294 2939/293
f 2945/526 2946/527 2928/528 2929/529
f 2927/293 2928/294 2946/294 2944/293
f 2924/296 2925/297 2942/297 2941/296
f 2929/529 2928/528 2940/530 2941/531
f 2929/296 2930/297 2943/297 2945/296
f 2927/509 2930/508 2942/532 2939/533
f 2917/523 2918/522 2946/527 2945/526
f 2916/517 2915/516 2943/507 2944/506
f 2937/293 2935/294 2947/294 2951/293
f 2951/293 2947/294 2948/294 2952/293
f 2936/296 2938/297 2953/297 2949/296
f 2949/296 2953/297 2954/297 2950/296
f 2802/534 2801/535 2954/536 2952/537
f 2952/538 2954/539 2953/540 2951/541
f 2799/542 2800/543 2948/544 2950/545
f 2950/539 2948/546 2947/547 2949/548
f 2963/549 2964/550 2956/551 2955/552
f 2966/553 2965/554 2957/555 2958/556
f 2962/293 2960/294 2957/294 2955/293
f 2959/296 2961/297 2956/297 2958/296
f 2958/556 2957/555 2960/431 2959/430
f 2855/296 2857/297 2961/297 2959/296
f 2958/296 2956/297 2964/297 2966/296
f 2955/293 2957/294 2965/294 2963/293
f 2888/454 2889/453 2964/557 2963/558
f 2955/552 2956/551 2961/427 2962/426
f 2858/293 2856/294 2960/294 2962/293
f 2890/458 2887/457 2965/559 2966/560
f 2967/400 2968/286 2969/287 2970/401
f 2974/402 2973/290 2972/291 2971/403
f 3016/293 3015/294 2970/294 2974/293
f 2968/404 2967/296 2971/297 2972/405
f 2993/299 2994/300 2973/301 2969/302
f 2970/294 2969/304 2973/305 2974/293
f 2980/307 2982/308 2978/309 2976/310
f 2992/311 2994/290 2978/290 2977/311
f 2991/312 2992/313 2977/313 2975/312
f 2993/314 2991/315 2975/316 2976/317
f 2984/318 2986/319 2982/308 2980/307
f 2975/312 2977/313 2981/313 2979/312
f 2976/317 2975/316 2979/320 2980/321
f 2977/311 2978/290 2982/290 2981/311
f 2988/322 2990/323 2986/319 2984/318
f 2981/311 2982/290 2986/290 2985/311
f 2979/312 2981/313 2985/313 2983/312
f 2980/321 2979/320 2983/324 2984/325
f 2985/311 2986/290 2990/290 2989/311
f 2983/312 2985/313 2989/313 2987/312
f 2984/326 2983/327 2987/328 2988/329
f 2987/330 2989/331 2990/332 2988/333
f 2969/334 2968/335 2991/336 2993/337
f 2968/312 2972/313 2992/313 2991/312
f 2972/311 2973/290 2994/290 2992/311
f 2976/310 2978/309 2994/300 2993/299
f 3026/293 3023/294 2996/294 2998/293
f 3016/375 3017/374 2997/340 2998/341
f 3018/379 3015/378 2996/344 2995/345
f 3018/296 3017/297 2971/297 2967/296
f 3006/293 3004/294 3000/294 3002/293
f 3025/296 3024/297 2997/297 2995/296
f 3031/346 3034/347 3001/348 3002/349
f 3032/350 3033/351 3000/352 2999/353
f 3010/293 3008/294 3004/294 3006/293
f 3002/420 3001/421 3005/356 3006/357
f 2999/424 3000/425 3004/360 3003/361
f 3003/296 3005/297 3001/297 2999/296
f 3014/293 3012/294 3008/294 3010/293
f 3003/345 3004/344 3008/344 3007/345
f 3007/296 3009/297 3005/297 3003/296
f 3006/362 3005/363 3009/364 3010/365
f 3146/293 3140/294 3012/294 3014/293
f 3010/365 3009/364 3013/366 3014/367
f 3007/368 3008/369 3012/370 3011/371
f 3011/296 3013/297 3009/297 3007/296
f 2998/293 2996/294 3015/294 3016/293
f 2974/406 2971/407 3017/374 3016/375
f 2967/408 2970/409 3015/378 3018/379
f 2995/296 2997/297 3017/297 3018/296
f 2998/380 2997/381 3024/382 3026/383
f 3028/293 3027/294 3023/294 3026/293
f 3028/384 3029/385 3020/386 3021/387
f 3031/293 3033/294 3022/294 3021/293
f 3032/296 3034/297 3020/297 3019/296
f 3021/293 3022/294 3027/294 3028/293
f 3030/388 3027/389 3022/390 3019/391
f 2995/392 2996/393 3023/394 3025/395
f 3030/296 3029/297 3024/297 3025/296
f 3026/383 3024/382 3029/385 3028/384
f 3025/395 3023/394 3027/389 3030/388
f 3019/296 3020/297 3029/297 3030/296
f 3021/387 3020/386 3034/347 3031/346
f 3019/391 3022/390 3033/351 3032/350
f 3002/293 3000/294 3033/294 3031/293
f 2999/296 3001/297 3034/297 3032/296
f 3042/293 3040/294 3036/294 3038/293
f 3096/561 3097/562 3036/563 3035/564
f 3142/296 3144/297 3013/297 3011/296
f 3098/565 3095/566 3037/567 3038/568
f 3046/293 3044/294 3040/294 3042/293
f 3038/367 3037/366 3041/366 3042/367
f 3035/569 3036/570 3040/571 3039/572
f 3039/296 3041/297 3037/297 3035/296
f 3050/293 3048/294 3044/294 3046/293
f 3042/367 3041/366 3045/366 3046/367
f 3039/572 3040/571 3044/573 3043/574
f 3043/296 3045/297 3041/297 3039/296
f 3054/293 3052/294 3048/294 3050/293
f 3047/296 3049/297 3045/297 3043/296
f 3046/367 3045/366 3049/366 3050/367
f 3043/574 3044/573 3048/575 3047/576
f 3058/293 3056/294 3052/294 3054/293
f 3050/367 3049/366 3053/366 3054/367
f 3047/576 3048/575 3052/577 3051/578
f 3051/296 3053/297 3049/297 3047/296
f 3062/293 3060/294 3056/294 3058/293
f 3051/579 3052/580 3056/581 3055/582
f 3055/296 3057/297 3053/297 3051/296
f 3054/367 3053/366 3057/366 3058/367
f 3066/293 3064/294 3060/294 3062/293
f 3058/367 3057/366 3061/366 3062/367
f 3055/582 3056/581 3060/583 3059/584
f 3059/296 3061/297 3057/297 3055/296
f 3063/448 3064/448 3066/448 3065/448
f 3062/367 3061/366 3065/366 3066/367
f 3059/584 3060/583 3064/585 3063/586
f 3063/296 3065/297 3061/297 3059/296
f 3113/293 3112/294 3067/294 3068/293
f 3125/587 3126/588 3067/589 3069/590
f 3114/296 3111/297 3070/297 3069/296
f 3123/367 3124/366 3070/366 3068/367
f 3087/591 3089/592 3100/593 3099/594
f 3035/296 3037/297 3095/297 3096/296
f 3038/293 3036/294 3097/294 3098/293
f 3081/595 3079/596 3076/597 3075/598
f 3134/599 3133/600 3095/566 3098/565
f 3078/296 3076/297 3079/297 3082/296
f 3091/601 3092/602 3080/603 3082/604
f 3131/605 3132/606 3097/562 3096/561
f 3131/296 3133/297 3076/297 3078/296
f 3094/607 3093/608 3079/596 3081/595
f 3075/293 3077/294 3080/294 3081/293
f 3082/604 3080/603 3077/609 3078/610
f 3134/293 3132/294 3077/294 3075/293
f 3084/611 3086/612 3106/613 3104/614
f 3087/296 3090/297 3106/297 3103/296
f 3083/615 3085/616 3105/617 3103/618
f 3094/293 3092/294 3100/294 3102/293
f 3088/619 3090/620 3101/621 3102/622
f 3088/293 3089/294 3105/294 3104/293
f 3102/293 3100/294 3089/294 3088/293
f 3082/296 3079/297 3093/297 3091/296
f 3081/293 3080/294 3092/294 3094/293
f 3091/296 3093/297 3101/297 3099/296
f 3109/367 3107/366 3071/366 3073/367
f 3099/594 3100/593 3092/623 3091/624
f 3104/625 3106/626 3090/620 3088/619
f 3102/622 3101/621 3093/627 3094/628
f 3138/296 3136/297 3071/297 3074/296
f 3099/296 3101/297 3090/297 3087/296
f 3103/629 3105/630 3089/592 3087/591
f 3110/631 3108/632 3072/633 3074/634
f 3104/293 3105/294 3085/294 3084/293
f 3135/293 3137/294 3072/294 3073/293
f 3135/635 3136/636 3086/612 3084/611
f 3103/296 3106/297 3086/297 3083/296
f 3113/367 3111/366 3107/366 3109/367
f 3073/293 3072/294 3108/294 3109/293
f 3074/296 3071/297 3107/297 3110/296
f 3138/637 3137/638 3085/616 3083/615
f 3114/639 3112/640 3108/632 3110/631
f 3069/641 3067/642 3112/640 3114/639
f 3110/296 3107/297 3111/297 3114/296
f 3068/367 3070/366 3111/366 3113/367
f 3109/293 3108/294 3112/294 3113/293
f 3119/293 3121/294 3115/294 3118/293
f 3120/296 3122/297 3117/297 3116/296
f 3128/643 3127/644 3115/645 3116/646
f 3130/367 3129/366 3117/366 3118/367
f 3119/367 3122/366 3124/366 3123/367
f 3116/646 3115/645 3121/647 3120/648
f 3120/648 3121/647 3126/649 3125/650
f 3069/296 3070/297 3124/297 3125/296
f 3068/293 3067/294 3126/294 3123/293
f 3118/367 3117/366 3122/366 3119/367
f 3123/293 3126/294 3121/294 3119/293
f 3125/296 3124/297 3122/297 3120/296
f 3118/293 3115/294 3127/294 3130/293
f 3116/296 3117/297 3129/297 3128/296
f 3141/651 3139/652 3127/653 3128/654
f 3145/367 3143/366 3129/366 3130/367
f 3075/598 3076/597 3133/655 3134/656
f 3078/610 3077/609 3132/657 3131/658
f 3096/296 3095/297 3133/297 3131/296
f 3098/293 3097/294 3132/294 3134/293
f 3084/293 3085/294 3137/294 3135/293
f 3073/659 3071/660 3136/636 3135/635
f 3074/661 3072/662 3137/638 3138/637
f 3083/296 3086/297 3136/297 3138/296
f 3130/293 3127/294 3139/294 3145/293
f 3145/293 3139/294 3140/294 3146/293
f 3128/296 3129/297 3143/297 3141/296
f 3141/296 3143/297 3144/297 3142/296
f 3011/663 3012/664 3140/665 3142/666
f 3142/667 3140/668 3139/669 3141/670
f 3014/367 3013/366 3144/366 3146/367
f 3146/367 3144/366 3143/366 3145/367
f 3225/285 3148/286 3149/287 3223/288
f 3224/289 3153/290 3152/291 3226/292
f 3217/293 3215/294 3150/294 3154/293
f 3225/295 3147/296 3151/297 3226/298
f 3173/299 3174/300 3153/301 3149/302
f 3223/303 3149/304 3153/305 3224/306
f 3160/307 3162/308 3158/309 3156/310
f 3172/311 3174/290 3158/290 3157/311
f 3171/312 3172/313 3157/313 3155/312
f 3173/314 3171/315 3155/316 3156/317
f 3164/318 3166/319 3162/308 3160/307
f 3155/312 3157/313 3161/313 3159/312
f 3156/317 3155/316 3159/320 3160/321
f 3157/311 3158/290 3162/290 3161/311
f 3168/322 3170/323 3166/319 3164/318
f 3161/311 3162/290 3166/290 3165/311
f 3159/312 3161/313 3165/313 3163/312
f 3160/321 3159/320 3163/324 3164/325
f 3165/311 3166/290 3170/290 3169/311
f 3163/312 3165/313 3169/313 3167/312
f 3164/326 3163/327 3167/328 3168/329
f 3167/330 3169/331 3170/332 3168/333
f 3149/334 3148/335 3171/336 3173/337
f 3148/312 3152/313 3172/313 3171/312
f 3152/311 3153/290 3174/290 3172/311
f 3156/310 3158/309 3174/300 3173/299
f 3206/293 3203/294 3176/294 3178/293
f 3231/338 3232/339 3177/340 3178/341
f 3234/342 3233/343 3176/344 3175/345
f 3216/296 3218/297 3151/297 3147/296
f 3219/293 3222/294 3180/294 3182/293
f 3205/296 3204/297 3177/297 3175/296
f 3211/346 3214/347 3181/348 3182/349
f 3212/350 3213/351 3180/352 3179/353
f 3190/293 3188/294 3184/294 3186/293
f 3228/417 3229/416 3185/356 3186/357
f 3230/419 3227/418 3184/360 3183/361
f 3221/296 3220/297 3181/297 3179/296
f 3194/293 3192/294 3188/294 3190/293
f 3183/345 3184/344 3188/344 3187/345
f 3187/296 3189/297 3185/297 3183/296
f 3186/362 3185/363 3189/364 3190/365
f 3348/293 3344/294 3192/294 3194/293
f 3190/365 3189/364 3193/366 3194/367
f 3187/368 3188/369 3192/370 3191/371
f 3191/296 3193/297 3189/297 3187/296
f 3231/293 3233/294 3195/294 3196/293
f 3217/372 3218/373 3197/374 3196/375
f 3216/376 3215/377 3195/378 3198/379
f 3234/296 3232/297 3197/297 3198/296
f 3178/380 3177/381 3204/382 3206/383
f 3208/293 3207/294 3203/294 3206/293
f 3208/384 3209/385 3200/386 3201/387
f 3211/293 3213/294 3202/294 3201/293
f 3212/296 3214/297 3200/297 3199/296
f 3201/293 3202/294 3207/294 3208/293
f 3210/388 3207/389 3202/390 3199/391
f 3175/392 3176/393 3203/394 3205/395
f 3210/296 3209/297 3204/297 3205/296
f 3206/383 3204/382 3209/385 3208/384
f 3205/395 3203/394 3207/389 3210/388
f 3199/296 3200/297 3209/297 3210/296
f 3201/387 3200/386 3214/347 3211/346
f 3199/391 3202/390 3213/351 3212/350
f 3182/293 3180/294 3213/294 3211/293
f 3179/296 3181/297 3214/297 3212/296
f 3196/293 3195/294 3215/294 3217/293
f 3198/296 3197/297 3218/297 3216/296
f 3154/406 3151/407 3218/373 3217/372
f 3147/408 3150/409 3215/377 3216/376
f 3148/404 3225/295 3226/298 3152/405
f 3147/400 3225/285 3223/288 3150/401
f 3150/294 3223/303 3224/306 3154/293
f 3182/420 3181/421 3220/422 3219/423
f 3219/423 3220/422 3229/416 3228/417
f 3186/293 3184/294 3227/294 3228/293
f 3154/402 3224/289 3226/292 3151/403
f 3228/293 3227/294 3222/294 3219/293
f 3183/296 3185/297 3229/297 3230/296
f 3221/410 3222/411 3227/418 3230/419
f 3179/424 3180/425 3222/411 3221/410
f 3230/296 3229/297 3220/297 3221/296
f 3196/375 3197/374 3232/339 3231/338
f 3198/379 3195/378 3233/343 3234/342
f 3178/293 3176/294 3233/294 3231/293
f 3175/296 3177/297 3232/297 3234/296
f 3280/293 3279/294 3236/294 3238/293
f 3302/671 3301/672 3237/673 3238/674
f 3299/675 3300/676 3236/677 3235/678
f 3346/296 3350/297 3193/297 3191/296
f 3276/293 3275/294 3240/294 3242/293
f 3280/367 3281/366 3241/366 3242/367
f 3282/679 3279/680 3240/681 3239/682
f 3282/296 3281/297 3237/297 3235/296
f 3273/293 3274/294 3244/294 3246/293
f 3278/296 3277/297 3241/297 3239/296
f 3276/367 3277/366 3245/366 3246/367
f 3278/683 3275/684 3244/685 3243/686
f 3268/293 3267/294 3248/294 3250/293
f 3273/367 3272/366 3249/366 3250/367
f 3271/687 3274/688 3248/689 3247/690
f 3271/296 3272/297 3245/297 3243/296
f 3264/293 3263/294 3252/294 3254/293
f 3269/691 3267/692 3252/693 3251/694
f 3269/296 3270/297 3249/297 3247/296
f 3268/367 3270/366 3253/366 3254/367
f 3262/293 3260/294 3256/294 3258/293
f 3264/367 3265/366 3257/366 3258/367
f 3266/695 3263/696 3256/697 3255/698
f 3266/296 3265/297 3253/297 3251/296
f 3259/448 3260/448 3262/448 3261/448
f 3258/367 3257/366 3261/366 3262/367
f 3255/698 3256/697 3260/699 3259/700
f 3259/296 3261/297 3257/297 3255/296
f 3258/293 3256/294 3263/294 3264/293
f 3254/367 3253/366 3265/366 3264/367
f 3251/694 3252/693 3263/696 3266/695
f 3255/296 3257/297 3265/297 3266/296
f 3254/293 3252/294 3267/294 3268/293
f 3247/690 3248/689 3267/692 3269/691
f 3251/296 3253/297 3270/297 3269/296
f 3250/367 3249/366 3270/366 3268/367
f 3247/296 3249/297 3272/297 3271/296
f 3250/293 3248/294 3274/294 3273/293
f 3242/367 3241/366 3277/366 3276/367
f 3243/686 3244/685 3274/688 3271/687
f 3246/367 3245/366 3272/366 3273/367
f 3246/293 3244/294 3275/294 3276/293
f 3243/296 3245/297 3277/297 3278/296
f 3239/682 3240/681 3275/684 3278/683
f 3242/293 3240/294 3279/294 3280/293
f 3238/367 3237/366 3281/366 3280/367
f 3235/701 3236/702 3279/680 3282/679
f 3239/296 3241/297 3281/297 3282/296
f 3289/293 3290/294 3283/294 3284/293
f 3313/703 3314/704 3285/705 3284/706
f 3312/707 3311/708 3283/709 3286/710
f 3287/296 3288/297 3285/297 3286/296
f 3299/296 3301/297 3288/297 3287/296
f 3302/293 3300/294 3290/294 3289/293
f 3287/711 3290/712 3300/713 3299/714
f 3319/715 3322/716 3295/717 3296/718
f 3289/719 3288/720 3301/721 3302/722
f 3238/293 3236/294 3300/294 3302/293
f 3235/296 3237/297 3301/297 3299/296
f 3341/723 3342/724 3323/725 3324/726
f 3286/727 3283/728 3290/712 3287/711
f 3312/296 3314/297 3295/297 3297/296
f 3284/729 3285/730 3288/720 3289/719
f 3297/731 3298/732 3311/708 3312/707
f 3319/293 3320/294 3318/294 3316/293
f 3313/293 3311/294 3298/294 3296/293
f 3284/293 3283/294 3311/294 3313/293
f 3321/733 3320/734 3298/735 3297/736
f 3296/737 3295/738 3314/704 3313/703
f 3321/296 3322/297 3315/297 3317/296
f 3332/739 3331/740 3315/741 3316/742
f 3286/296 3285/297 3314/297 3312/296
f 3333/296 3331/297 3306/297 3304/296
f 3333/743 3334/744 3318/745 3317/746
f 3316/747 3315/748 3322/716 3319/715
f 3297/296 3295/297 3322/297 3321/296
f 3296/293 3298/294 3320/294 3319/293
f 3305/293 3303/294 3327/294 3330/293
f 3317/749 3318/750 3320/734 3321/733
f 3329/296 3328/297 3323/297 3325/296
f 3330/293 3327/294 3326/294 3324/293
f 3304/296 3306/297 3328/297 3329/296
f 3330/751 3328/752 3306/753 3305/754
f 3340/724 3339/755 3326/756 3325/757
f 3324/726 3323/725 3328/758 3330/759
f 3304/760 3303/761 3334/744 3333/743
f 3332/293 3334/294 3303/294 3305/293
f 3329/762 3327/763 3303/761 3304/760
f 3340/296 3342/297 3294/297 3292/296
f 3305/754 3306/753 3331/740 3332/739
f 3325/757 3326/756 3327/764 3329/765
f 3317/296 3315/297 3331/297 3333/296
f 3336/766 3335/767 3310/768 3309/769
f 3308/293 3310/294 3335/294 3337/293
f 3316/293 3318/294 3334/294 3332/293
f 3293/770 3294/771 3342/772 3341/773
f 3347/774 3349/775 3338/776 3337/777
f 3345/778 3343/779 3335/780 3336/781
f 3325/296 3323/297 3342/297 3340/296
f 3309/296 3307/297 3338/297 3336/296
f 3309/769 3310/768 3291/782 3292/783
f 3308/784 3307/785 3294/771 3293/770
f 3341/293 3339/294 3291/294 3293/293
f 3293/293 3291/294 3310/294 3308/293
f 3324/293 3326/294 3339/294 3341/293
f 3292/296 3294/297 3307/297 3309/296
f 3337/786 3338/787 3307/785 3308/784
f 3292/783 3291/782 3339/788 3340/789
f 3337/293 3335/294 3343/294 3347/293
f 3347/293 3343/294 3344/294 3348/293
f 3336/296 3338/297 3349/297 3345/296
f 3345/296 3349/297 3350/297 3346/296
f 3194/790 3193/791 3350/792 3348/793
f 3348/794 3350/795 3349/796 3347/797
f 3191/798 3192/799 3344/800 3346/801
f 3346/802 3344/803 3343/804 3345/805
f 3351/806 3352/807 3353/287 3354/808
f 3358/402 3357/290 3356/291 3355/403
f 3400/293 3399/294 3354/294 3358/293
f 3352/404 3351/296 3355/297 3356/405
f 3377/299 3378/300 3357/301 3353/302
f 3354/294 3353/304 3357/305 3358/293
f 3364/307 3366/308 3362/309 3360/310
f 3376/311 3378/290 3362/290 3361/311
f 3375/312 3376/313 3361/313 3359/312
f 3377/314 3375/315 3359/316 3360/317
f 3368/318 3370/319 3366/308 3364/307
f 3359/312 3361/313 3365/313 3363/312
f 3360/317 3359/316 3363/320 3364/321
f 3361/311 3362/290 3366/290 3365/311
f 3372/322 3374/323 3370/319 3368/318
f 3365/311 3366/290 3370/290 3369/311
f 3363/312 3365/313 3369/313 3367/312
f 3364/321 3363/320 3367/324 3368/325
f 3369/311 3370/290 3374/290 3373/311
f 3367/312 3369/313 3373/313 3371/312
f 3368/326 3367/327 3371/328 3372/329
f 3371/330 3373/331 3374/332 3372/333
f 3353/334 3352/335 3375/336 3377/337
f 3352/312 3356/313 3376/313 3375/312
f 3356/311 3357/290 3378/290 3376/311
f 3360/310 3362/309 3378/300 3377/299
f 3410/293 3407/294 3380/294 3382/293
f 3400/375 3401/374 3381/340 3382/341
f 3402/379 3399/378 3380/809 3379/345
f 3402/296 3401/297 3355/297 3351/296
f 3390/293 3388/294 3384/294 3386/293
f 3409/296 3408/297 3381/297 3379/296
f 3415/346 3418/347 3385/348 3386/349
f 3416/350 3417/351 3384/810 3383/811
f 3394/293 3392/294 3388/294 3390/293
f 3386/420 3385/421 3389/356 3390/357
f 3383/424 3384/425 3388/812 3387/813
f 3387/296 3389/297 3385/297 3383/296
f 3398/293 3396/294 3392/294 3394/293
f 3387/345 3388/344 3392/344 3391/345
f 3391/296 3393/297 3389/297 3387/296
f 3390/362 3389/363 3393/364 3394/365
f 3501/293 3499/294 3396/294 3398/293
f 3394/365 3393/364 3397/366 3398/367
f 3391/368 3392/369 3396/370 3395/814
f 3395/296 3397/297 3393/297 3391/296
f 3382/293 3380/294 3399/294 3400/293
f 3358/406 3355/407 3401/374 3400/375
f 3351/815 3354/816 3399/378 3402/379
f 3379/296 3381/297 3401/297 3402/296
f 3382/380 3381/381 3408/382 3410/383
f 3412/293 3411/294 3407/294 3410/293
f 3412/384 3413/385 3404/386 3405/387
f 3415/293 3417/294 3406/294 3405/293
f 3416/296 3418/297 3404/297 3403/296
f 3405/293 3406/294 3411/294 3412/293
f 3414/388 3411/389 3406/390 3403/391
f 3379/817 3380/393 3407/818 3409/395
f 3414/296 3413/297 3408/297 3409/296
f 3410/383 3408/382 3413/385 3412/384
f 3409/395 3407/818 3411/389 3414/388
f 3403/296 3404/297 3413/297 3414/296
f 3405/387 3404/386 3418/347 3415/346
f 3403/391 3406/390 3417/351 3416/350
f 3386/293 3384/294 3417/294 3415/293
f 3383/296 3385/297 3418/297 3416/296
f 3428/293 3427/294 3420/294 3422/293
f 3502/296 3500/297 3397/297 3395/296
f 3495/819 3498/820 3421/821 3422/822
f 3496/823 3497/824 3420/825 3419/826
f 3435/293 3437/294 3424/294 3426/293
f 3428/367 3429/366 3425/366 3426/367
f 3430/827 3427/828 3424/829 3423/830
f 3430/296 3429/297 3421/297 3419/296
f 3426/293 3424/294 3427/294 3428/293
f 3422/367 3421/366 3429/366 3428/367
f 3419/831 3420/832 3427/828 3430/827
f 3423/296 3425/297 3429/297 3430/296
f 3423/833 3424/834 3437/835 3438/836
f 3439/296 3441/297 3436/297 3438/296
f 3438/836 3437/835 3440/837 3439/838
f 3442/367 3441/366 3432/366 3431/367
f 3442/293 3440/294 3437/294 3435/293
f 3426/367 3425/366 3436/366 3435/367
f 3435/367 3436/366 3441/366 3442/367
f 3438/296 3436/297 3425/297 3423/296
f 3446/293 3444/294 3433/294 3431/293
f 3431/293 3433/294 3440/294 3442/293
f 3434/296 3432/297 3441/297 3439/296
f 3439/838 3440/837 3433/839 3434/840
f 3443/448 3444/448 3446/448 3445/448
f 3431/367 3432/366 3445/366 3446/367
f 3434/840 3433/839 3444/841 3443/842
f 3443/296 3445/297 3432/297 3434/296
f 3479/293 3482/294 3447/294 3448/293
f 3481/296 3480/297 3449/297 3450/296
f 3455/843 3457/844 3449/845 3448/846
f 3458/847 3456/848 3447/849 3450/850
f 3466/293 3465/294 3454/294 3452/293
f 3462/296 3461/297 3464/297 3463/296
f 3451/851 3454/852 3465/853 3463/854
f 3502/855 3499/856 3454/857 3451/858
f 3501/859 3500/860 3453/861 3452/862
f 3483/293 3485/294 3473/294 3471/293
f 3463/296 3464/297 3453/297 3451/296
f 3463/863 3465/864 3460/865 3462/866
f 3458/296 3457/297 3477/297 3478/296
f 3452/867 3453/868 3464/869 3466/870
f 3459/293 3460/294 3465/294 3466/293
f 3478/296 3477/297 3461/297 3462/296
f 3455/293 3456/294 3476/294 3475/293
f 3466/871 3464/872 3461/873 3459/874
f 3475/293 3476/294 3460/294 3459/293
f 3462/866 3460/865 3476/875 3478/876
f 3484/296 3486/297 3474/297 3472/296
f 3450/296 3449/297 3457/297 3458/296
f 3459/874 3461/873 3477/877 3475/878
f 3478/879 3476/880 3456/881 3458/882
f 3468/883 3470/884 3473/885 3472/886
f 3475/887 3477/888 3457/844 3455/843
f 3448/293 3447/294 3456/294 3455/293
f 3469/889 3467/890 3474/891 3471/892
f 3448/893 3449/894 3480/895 3479/896
f 3469/293 3470/294 3482/294 3479/293
f 3481/897 3482/898 3470/899 3468/900
f 3450/901 3447/902 3482/903 3481/904
f 3468/296 3467/297 3480/297 3481/296
f 3472/296 3474/297 3467/297 3468/296
f 3479/896 3480/895 3467/905 3469/906
f 3471/293 3473/294 3470/294 3469/293
f 3471/892 3474/891 3486/907 3483/908
f 3472/886 3473/885 3485/909 3484/910
f 3490/293 3488/294 3485/294 3483/293
f 3489/296 3487/297 3486/297 3484/296
f 3495/293 3497/294 3493/294 3491/293
f 3491/293 3493/294 3488/294 3490/293
f 3492/296 3494/297 3487/297 3489/296
f 3484/910 3485/909 3488/911 3489/912
f 3483/908 3486/907 3487/913 3490/914
f 3489/915 3488/916 3493/917 3492/918
f 3496/296 3498/297 3494/297 3492/296
f 3490/919 3487/920 3494/921 3491/922
f 3491/922 3494/921 3498/923 3495/924
f 3492/925 3493/926 3497/927 3496/928
f 3422/293 3420/294 3497/294 3495/293
f 3419/296 3421/297 3498/297 3496/296
f 3452/293 3454/294 3499/294 3501/293
f 3451/296 3453/297 3500/297 3502/296
f 3395/929 3396/930 3499/931 3502/932
f 3398/933 3397/934 3500/935 3501/936
f 3572/285 3504/286 3505/287 3574/288
f 3573/289 3509/290 3508/291 3571/292
f 3584/293 3586/294 3506/294 3510/293
f 3572/295 3503/296 3507/297 3571/298
f 3529/299 3530/300 3509/301 3505/302
f 3574/303 3505/304 3509/305 3573/306
f 3516/307 3518/308 3514/309 3512/310
f 3528/311 3530/290 3514/290 3513/311
f 3527/312 3528/313 3513/313 3511/312
f 3529/314 3527/315 3511/316 3512/317
f 3520/318 3522/319 3518/308 3516/307
f 3511/312 3513/313 3517/313 3515/312
f 3512/317 3511/316 3515/320 3516/321
f 3513/311 3514/290 3518/290 3517/311
f 3524/322 3526/323 3522/319 3520/318
f 3517/311 3518/290 3522/290 3521/311
f 3515/312 3517/313 3521/313 3519/312
f 3516/321 3515/320 3519/324 3520/325
f 3521/311 3522/290 3526/290 3525/311
f 3519/312 3521/313 3525/313 3523/312
f 3520/326 3519/327 3523/328 3524/329
f 3523/330 3525/331 3526/332 3524/333
f 3505/334 3504/335 3527/336 3529/337
f 3504/312 3508/313 3528/313 3527/312
f 3508/311 3509/290 3530/290 3528/311
f 3512/310 3514/309 3530/300 3529/299
f 3562/293 3559/294 3532/294 3534/293
f 3575/338 3576/339 3533/340 3534/341
f 3578/342 3577/343 3532/344 3531/345
f 3585/296 3583/297 3507/297 3503/296
f 3597/293 3595/294 3536/294 3538/293
f 3561/296 3560/297 3533/297 3531/296
f 3567/346 3570/347 3537/348 3538/349
f 3568/350 3569/351 3536/352 3535/353
f 3546/293 3544/294 3540/294 3542/293
f 3592/417 3593/416 3541/356 3542/357
f 3594/419 3591/418 3540/360 3539/361
f 3596/296 3598/297 3537/297 3535/296
f 3550/293 3548/294 3544/294 3546/293
f 3539/345 3540/344 3544/344 3543/345
f 3543/296 3545/297 3541/297 3539/296
f 3542/362 3541/363 3545/364 3546/365
f 3684/293 3680/294 3548/294 3550/293
f 3546/365 3545/364 3549/366 3550/367
f 3543/368 3544/369 3548/370 3547/371
f 3547/296 3549/297 3545/297 3543/296
f 3575/293 3577/294 3551/294 3552/293
f 3584/372 3583/373 3553/374 3552/375
f 3585/376 3586/377 3551/378 3554/379
f 3578/296 3576/297 3553/297 3554/296
f 3534/380 3533/381 3560/382 3562/383
f 3564/293 3563/294 3559/294 3562/293
f 3564/384 3565/385 3556/386 3557/387
f 3582/293 3580/294 3558/294 3557/293
f 3581/296 3579/297 3556/297 3555/296
f 3557/293 3558/294 3563/294 3564/293
f 3566/388 3563/389 3558/390 3555/391
f 3531/392 3532/393 3559/394 3561/395
f 3566/296 3565/297 3560/297 3561/296
f 3562/383 3560/382 3565/385 3564/384
f 3561/395 3559/394 3563/389 3566/388
f 3555/296 3556/297 3565/297 3566/296
f 3582/396 3579/397 3570/347 3567/346
f 3581/398 3580/399 3569/351 3568/350
f 3538/293 3536/294 3569/294 3567/293
f 3535/296 3537/297 3570/297 3568/296
f 3503/400 3572/285 3574/288 3506/401
f 3510/402 3573/289 3571/292 3507/403
f 3504/404 3572/295 3571/298 3508/405
f 3506/294 3574/303 3573/306 3510/293
f 3552/375 3553/374 3576/339 3575/338
f 3554/296 3553/297 3583/297 3585/296
f 3510/406 3507/407 3583/373 3584/372
f 3567/293 3569/294 3580/294 3582/293
f 3542/293 3540/294 3591/294 3592/293
f 3555/391 3558/390 3580/399 3581/398
f 3552/293 3551/294 3586/294 3584/293
f 3503/408 3506/409 3586/377 3585/376
f 3534/293 3532/294 3577/294 3575/293
f 3531/296 3533/297 3576/297 3578/296
f 3554/379 3551/378 3577/343 3578/342
f 3594/296 3593/297 3588/297 3589/296
f 3596/410 3595/411 3587/412 3589/413
f 3568/296 3570/297 3579/297 3581/296
f 3589/296 3588/297 3598/297 3596/296
f 3557/387 3556/386 3579/397 3582/396
f 3590/293 3587/294 3595/294 3597/293
f 3590/414 3588/415 3593/416 3592/417
f 3539/296 3541/297 3593/297 3594/296
f 3589/413 3587/412 3591/418 3594/419
f 3538/420 3537/421 3598/422 3597/423
f 3535/424 3536/425 3595/411 3596/410
f 3592/293 3591/294 3587/294 3590/293
f 3597/423 3598/422 3588/415 3590/414
f 3606/293 3604/294 3600/294 3602/293
f 3686/296 3682/297 3549/297 3547/296
f 3687/937 3690/938 3601/939 3602/940
f 3688/938 3689/941 3600/942 3599/943
f 3610/293 3608/294 3604/294 3606/293
f 3602/367 3601/366 3605/366 3606/367
f 3599/944 3600/945 3604/946 3603/947
f 3603/296 3605/297 3601/297 3599/296
f 3614/293 3612/294 3608/294 3610/293
f 3606/367 3605/366 3609/366 3610/367
f 3603/947 3604/946 3608/948 3607/949
f 3607/296 3609/297 3605/297 3603/296
f 3618/293 3616/294 3612/294 3614/293
f 3611/296 3613/297 3609/297 3607/296
f 3610/367 3609/366 3613/366 3614/367
f 3607/949 3608/948 3612/950 3611/951
f 3622/293 3620/294 3616/294 3618/293
f 3614/367 3613/366 3617/366 3618/367
f 3611/951 3612/950 3616/952 3615/953
f 3615/296 3617/297 3613/297 3611/296
f 3626/293 3624/294 3620/294 3622/293
f 3615/953 3616/952 3620/954 3619/955
f 3619/296 3621/297 3617/297 3615/296
f 3618/367 3617/366 3621/366 3622/367
f 3630/293 3628/294 3624/294 3626/293
f 3622/367 3621/366 3625/366 3626/367
f 3619/955 3620/954 3624/956 3623/957
f 3623/296 3625/297 3621/297 3619/296
f 3627/448 3628/448 3630/448 3629/448
f 3626/367 3625/366 3629/366 3630/367
f 3623/957 3624/956 3628/958 3627/959
f 3627/296 3629/297 3625/297 3623/296
f 3650/293 3648/294 3631/294 3632/293
f 3649/296 3647/297 3633/297 3634/296
f 3637/960 3636/961 3633/962 3632/963
f 3638/964 3635/965 3631/966 3634/967
f 3632/293 3631/294 3635/294 3637/293
f 3634/296 3633/297 3636/297 3638/296
f 3683/968 3681/969 3636/970 3637/971
f 3685/969 3679/972 3635/973 3638/974
f 3655/975 3656/976 3642/977 3639/978
f 3657/296 3656/297 3647/297 3649/296
f 3655/293 3658/294 3648/294 3650/293
f 3634/967 3631/966 3648/979 3649/980
f 3632/963 3633/962 3647/981 3650/982
f 3653/296 3652/297 3642/297 3640/296
f 3678/983 3675/984 3659/985 3662/986
f 3650/982 3647/981 3656/987 3655/988
f 3651/293 3654/294 3641/294 3639/293
f 3639/293 3641/294 3658/294 3655/293
f 3649/980 3648/979 3658/989 3657/990
f 3657/976 3658/991 3641/992 3640/993
f 3677/994 3676/995 3660/996 3661/997
f 3651/998 3652/999 3668/1000 3667/1001
f 3643/293 3645/294 3660/294 3662/293
f 3640/296 3642/297 3656/297 3657/296
f 3667/1002 3668/1003 3672/1004 3671/1005
f 3669/1006 3670/1007 3674/1008 3673/1009
f 3644/296 3646/297 3659/297 3661/296
f 3663/293 3665/294 3674/294 3671/293
f 3671/293 3674/294 3670/294 3667/293
f 3662/293 3660/294 3676/294 3678/293
f 3673/296 3672/297 3668/297 3669/296
f 3664/296 3666/297 3672/297 3673/296
f 3667/293 3670/294 3654/294 3651/293
f 3669/296 3668/297 3652/297 3653/296
f 3653/1010 3654/1011 3670/1012 3669/1013
f 3639/978 3642/977 3652/999 3651/998
f 3671/1005 3672/1004 3666/1014 3663/1015
f 3640/993 3641/992 3654/1011 3653/1010
f 3677/296 3675/297 3666/297 3664/296
f 3678/293 3676/294 3665/294 3663/293
f 3663/1015 3666/1014 3675/1016 3678/1017
f 3664/1018 3665/1019 3676/1020 3677/1021
f 3673/1009 3674/1008 3665/1019 3664/1018
f 3687/293 3689/294 3645/294 3643/293
f 3661/296 3659/297 3675/297 3677/296
f 3662/986 3659/985 3646/1022 3643/1023
f 3661/997 3660/996 3645/1024 3644/1025
f 3688/296 3690/297 3646/297 3644/296
f 3637/293 3635/294 3679/294 3683/293
f 3683/293 3679/294 3680/294 3684/293
f 3638/296 3636/297 3681/297 3685/296
f 3685/296 3681/297 3682/297 3686/296
f 3550/1026 3549/1027 3682/1028 3684/1029
f 3684/1030 3682/1031 3681/1032 3683/1033
f 3547/1027 3548/1034 3680/1035 3686/1036
f 3686/1031 3680/1037 3679/1038 3685/1039
f 3643/1040 3646/1041 3690/1042 3687/1043
f 3644/1044 3645/1045 3689/1046 3688/1047
f 3602/293 3600/294 3689/294 3687/293
f 3599/296 3601/297 3690/297 3688/296
o Fierro_6_Cube.014
v -1.160389 3.861847 -4.283274
v -1.160389 4.040177 -4.282256
v -1.478460 3.890542 -4.285034
v -1.478460 4.056990 -4.284084
v -1.427634 4.099444 -4.283535
v -1.427634 3.820472 -4.285126
v -1.333177 3.820468 -4.284555
v -1.333177 4.099440 -4.282964
v -1.238719 3.820464 -4.283984
v -1.238719 4.099436 -4.282393
v -1.149085 3.951012 -4.282696
v -1.500231 3.973767 -4.284691
v -1.444120 3.959959 -4.284430
v -1.235561 3.959950 -4.283169
v -1.339841 3.959955 -4.283799
v -1.174478 3.848563 -0.567492
v -1.174478 4.026893 -0.567492
v -1.492548 3.877258 -0.567492
v -1.492548 4.043705 -0.567492
v -1.441723 4.086160 -0.567492
v -1.441723 3.807188 -0.567492
v -1.347265 3.807184 -0.567492
v -1.347265 4.086156 -0.567492
v -1.252808 3.807180 -0.567492
v -1.252808 4.086152 -0.567492
v -1.163174 3.937728 -0.567492
v -1.514320 3.960483 -0.567492
v -1.160389 3.861847 3.148289
v -1.160389 4.040177 3.147272
v -1.478460 3.890542 3.150049
v -1.478460 4.056990 3.149100
v -1.427634 4.099444 3.148550
v -1.427634 3.820472 3.150142
v -1.333177 3.820468 3.149570
v -1.333177 4.099440 3.147979
v -1.238719 3.820464 3.148999
v -1.238719 4.099436 3.147408
v -1.149085 3.951012 3.147712
v -1.500231 3.973767 3.149706
v -1.444120 3.959959 3.149445
v -1.235561 3.959950 3.148184
v -1.339841 3.959955 3.148814
usemtl Material
s 1
f 3712 3711 3696 3697
f 3702 3693 3708 3717
f 3717 3709 3694 3702
f 3713 3715 3700 3698
f 3691 3701 3716 3706
f 3695 3694 3709 3710
f 3697 3699 3714 3712
f 3711 3708 3693 3696
f 3703 3702 3694 3695
f 3705 3703 3695 3698
f 3701 3704 3700 3692
f 3704 3705 3698 3700
f 3696 3693 3702 3703
f 3697 3696 3703 3705
f 3691 3699 3704 3701
f 3699 3697 3705 3704
f 3715 3707 3692 3700
f 3698 3695 3710 3713
f 3699 3691 3706 3714
f 3701 3692 3707 3716
f 3712 3724 3723 3711
f 3729 3717 3708 3720
f 3717 3729 3721 3709
f 3713 3725 3727 3715
f 3716 3728 3718 3706
f 3722 3710 3709 3721
f 3724 3712 3714 3726
f 3711 3723 3720 3708
f 3730 3722 3721 3729
f 3732 3725 3722 3730
f 3728 3719 3727 3731
f 3731 3727 3725 3732
f 3723 3730 3729 3720
f 3724 3732 3730 3723
f 3718 3728 3731 3726
f 3726 3731 3732 3724
f 3715 3727 3719 3707
f 3725 3713 3710 3722
f 3726 3714 3706 3718
f 3728 3716 3707 3719
o Tela_2_Cube.013
v -3.292298 14.006457 -2.712772
v -3.164271 14.031487 -4.432220
v -3.347912 14.970782 -4.432220
v -3.475939 14.945752 -2.712772
v -3.308926 14.003206 -2.712772
v -3.180899 14.028236 -4.432220
v -3.364540 14.967531 -4.432220
v -3.492566 14.942501 -2.712772
v -3.263916 14.012006 -4.565594
v -3.447557 14.951301 -4.565594
v -3.269572 14.010900 -4.549733
v -3.453212 14.950195 -4.549733
v -3.440336 13.977514 -4.541170
v -3.623976 14.916809 -4.541170
v -3.439831 13.977613 -4.524287
v -3.623471 14.916908 -4.524287
v -3.531231 13.959743 -4.466455
v -3.714872 14.899038 -4.466455
v -3.515663 13.962787 -4.460999
v -3.699304 14.902082 -4.460999
v -3.523508 13.961253 -4.322673
v -3.707148 14.900549 -4.322673
v -3.507949 13.964295 -4.328156
v -3.691589 14.903590 -4.328156
v -3.189561 14.026543 -4.507248
v -3.200702 14.024364 -4.499317
v -3.373202 14.965838 -4.507248
v -3.384343 14.963660 -4.499317
v -3.313206 14.002370 -1.168303
v -3.496846 14.941665 -1.168303
v -3.329833 13.999119 -1.168303
v -3.513474 14.938414 -1.168303
v -3.054649 12.790915 -2.712772
v -2.926622 12.815945 -4.432220
v -3.110263 13.755239 -4.432220
v -3.238290 13.730209 -2.712772
v -3.071276 12.787663 -2.712772
v -2.943249 12.812694 -4.432220
v -3.126890 13.751988 -4.432220
v -3.254917 13.726958 -2.712772
v -3.026267 12.796463 -4.565594
v -3.209908 13.735758 -4.565594
v -3.031922 12.795358 -4.549733
v -3.215563 13.734653 -4.549733
v -3.202686 12.761971 -4.541170
v -3.386327 13.701266 -4.541170
v -3.202181 12.762070 -4.524287
v -3.385822 13.701365 -4.524287
v -3.293582 12.744201 -4.466455
v -3.477222 13.683496 -4.466455
v -3.278014 12.747244 -4.460999
v -3.461655 13.686539 -4.460999
v -3.285858 12.745710 -4.322673
v -3.469499 13.685005 -4.322673
v -3.270299 12.748753 -4.328156
v -3.453940 13.688047 -4.328156
v -2.951912 12.811000 -4.507248
v -2.963053 12.808822 -4.499317
v -3.135552 13.750295 -4.507248
v -3.146694 13.748116 -4.499317
v -3.075556 12.786827 -1.168303
v -3.259197 13.726121 -1.168303
v -3.092184 12.783576 -1.168303
v -3.275824 13.722871 -1.168303
v -2.347073 9.161501 -2.712772
v -2.219046 9.186531 -4.432220
v -2.402687 10.125826 -4.432220
v -2.530714 10.100796 -2.712772
v -2.363700 9.158250 -2.712772
v -2.235673 9.183280 -4.432220
v -2.419314 10.122575 -4.432220
v -2.547341 10.097545 -2.712772
v -2.318691 9.167049 -4.565594
v -2.502331 10.106344 -4.565594
v -2.324346 9.165944 -4.549733
v -2.507987 10.105239 -4.549733
v -2.495111 9.132558 -4.541170
v -2.678751 10.071853 -4.541170
v -2.494605 9.132657 -4.524287
v -2.678246 10.071951 -4.524287
v -2.586006 9.114787 -4.466455
v -2.769646 10.054082 -4.466455
v -2.570438 9.117830 -4.460999
v -2.754079 10.057125 -4.460999
v -2.578282 9.116297 -4.322673
v -2.761923 10.055592 -4.322673
v -2.562723 9.119339 -4.328156
v -2.746364 10.058634 -4.328156
v -2.244336 9.181587 -4.507248
v -2.255477 9.179408 -4.499317
v -2.427976 10.120881 -4.507248
v -2.439118 10.118703 -4.499317
v -2.367980 9.157413 -1.168303
v -2.551621 10.096707 -1.168303
v -2.384608 9.154162 -1.168303
v -2.568248 10.093457 -1.168303
v -2.574275 10.323606 -2.712772
v -2.446249 10.348637 -4.432220
v -2.629889 11.287931 -4.432220
v -2.757916 11.262901 -2.712772
v -2.590903 10.320355 -2.712772
v -2.462876 10.345386 -4.432220
v -2.646517 11.284681 -4.432220
v -2.774543 11.259650 -2.712772
v -2.545893 10.329155 -4.565594
v -2.729534 11.268450 -4.565594
v -2.551548 10.328050 -4.549733
v -2.735189 11.267344 -4.549733
v -2.722313 10.294663 -4.541170
v -2.905953 11.233958 -4.541170
v -2.721807 10.294763 -4.524287
v -2.905448 11.234057 -4.524287
v -2.813208 10.276893 -4.466455
v -2.996849 11.216187 -4.466455
v -2.797640 10.279936 -4.460999
v -2.981281 11.219232 -4.460999
v -2.805485 10.278402 -4.322673
v -2.989125 11.217698 -4.322673
v -2.789926 10.281445 -4.328156
v -2.973566 11.220739 -4.328156
v -2.471538 10.343692 -4.507248
v -2.482679 10.341514 -4.499317
v -2.655179 11.282988 -4.507248
v -2.666320 11.280809 -4.499317
v -2.595183 10.319519 -1.168303
v -2.778823 11.258814 -1.168303
v -2.611810 10.316268 -1.168303
v -2.795451 11.255563 -1.168303
v -2.105356 7.956660 -2.712772
v -1.977329 7.981691 -4.432220
v -2.160970 8.920986 -4.432220
v -2.288996 8.895955 -2.712772
v -2.121983 7.953410 -2.712772
v -1.993956 7.978440 -4.432220
v -2.177597 8.917735 -4.432220
v -2.305624 8.892705 -2.712772
v -2.076973 7.962209 -4.565594
v -2.260614 8.901505 -4.565594
v -2.082629 7.961103 -4.549733
v -2.266270 8.900398 -4.549733
v -2.253393 7.927718 -4.541170
v -2.437034 8.867013 -4.541170
v -2.252888 7.927816 -4.524287
v -2.436529 8.867111 -4.524287
v -2.344289 7.909947 -4.466455
v -2.527929 8.849242 -4.466455
v -2.328721 7.912991 -4.460999
v -2.512362 8.852285 -4.460999
v -2.336565 7.911457 -4.322673
v -2.520206 8.850752 -4.322673
v -2.321006 7.914499 -4.328156
v -2.504647 8.853794 -4.328156
v -2.002619 7.976747 -4.507248
v -2.013760 7.974568 -4.499317
v -2.186259 8.916041 -4.507248
v -2.197401 8.913863 -4.499317
v -2.126263 7.952573 -1.168303
v -2.309904 8.891868 -1.168303
v -2.142890 7.949322 -1.168303
v -2.326531 8.888617 -1.168303
v -2.811925 11.539149 -2.712772
v -2.683898 11.564179 -4.432220
v -2.867539 12.503474 -4.432220
v -2.995565 12.478444 -2.712772
v -2.828552 11.535898 -2.712772
v -2.700525 11.560928 -4.432220
v -2.884166 12.500223 -4.432220
v -3.012193 12.475193 -2.712772
v -2.783543 11.544698 -4.565594
v -2.967183 12.483993 -4.565594
v -2.789198 11.543592 -4.549733
v -2.972839 12.482887 -4.549733
v -2.959962 11.510206 -4.541170
v -3.143603 12.449501 -4.541170
v -2.959457 11.510304 -4.524287
v -3.143098 12.449600 -4.524287
v -3.050858 11.492435 -4.466455
v -3.234498 12.431730 -4.466455
v -3.035290 11.495479 -4.460999
v -3.218931 12.434773 -4.460999
v -3.043134 11.493945 -4.322673
v -3.226775 12.433240 -4.322673
v -3.027575 11.496987 -4.328156
v -3.211216 12.436282 -4.328156
v -2.709188 11.559235 -4.507248
v -2.720329 11.557056 -4.499317
v -2.892828 12.498529 -4.507248
v -2.903970 12.496351 -4.499317
v -2.832832 11.535061 -1.168303
v -3.016473 12.474356 -1.168303
v -2.849459 11.531810 -1.168303
v -3.033100 12.471106 -1.168303
v -3.292298 14.006457 1.564252
v -3.164271 14.031487 3.283700
v -3.347912 14.970782 3.283700
v -3.475939 14.945752 1.564252
v -3.308926 14.003206 1.564252
v -3.180899 14.028236 3.283700
v -3.364540 14.967531 3.283700
v -3.492566 14.942501 1.564252
v -3.263916 14.012006 3.417074
v -3.447557 14.951301 3.417074
v -3.269572 14.010900 3.401213
v -3.453212 14.950195 3.401213
v -3.440336 13.977514 3.392650
v -3.623976 14.916809 3.392650
v -3.439831 13.977613 3.375767
v -3.623471 14.916908 3.375767
v -3.531231 13.959743 3.317935
v -3.714872 14.899038 3.317935
v -3.515663 13.962787 3.312478
v -3.699304 14.902082 3.312478
v -3.523508 13.961253 3.174153
v -3.707148 14.900549 3.174153
v -3.507949 13.964295 3.179636
v -3.691589 14.903590 3.179636
v -3.189561 14.026543 3.358728
v -3.200702 14.024364 3.350797
v -3.373202 14.965838 3.358728
v -3.384343 14.963660 3.350797
v -3.313206 14.002370 0.019783
v -3.496846 14.941665 0.019783
v -3.329833 13.999119 0.019783
v -3.513474 14.938414 0.019783
v -3.054649 12.790915 1.564252
v -2.926622 12.815945 3.283700
v -3.110263 13.755239 3.283700
v -3.238290 13.730209 1.564252
v -3.071276 12.787663 1.564252
v -2.943249 12.812694 3.283700
v -3.126890 13.751988 3.283700
v -3.254917 13.726958 1.564252
v -3.026267 12.796463 3.417074
v -3.209908 13.735758 3.417074
v -3.031922 12.795358 3.401213
v -3.215563 13.734653 3.401213
v -3.202686 12.761971 3.392650
v -3.386327 13.701266 3.392650
v -3.202181 12.762070 3.375767
v -3.385822 13.701365 3.375767
v -3.293582 12.744201 3.317935
v -3.477222 13.683496 3.317935
v -3.278014 12.747244 3.312478
v -3.461655 13.686539 3.312478
v -3.285858 12.745710 3.174153
v -3.469499 13.685005 3.174153
v -3.270299 12.748753 3.179636
v -3.453940 13.688047 3.179636
v -2.951912 12.811000 3.358728
v -2.963053 12.808822 3.350797
v -3.135552 13.750295 3.358728
v -3.146694 13.748116 3.350797
v -3.075556 12.786827 0.019783
v -3.259197 13.726121 0.019783
v -3.092184 12.783576 0.019783
v -3.275824 13.722871 0.019783
v -2.347073 9.161501 1.564252
v -2.219046 9.186531 3.283700
v -2.402687 10.125826 3.283700
v -2.530714 10.100796 1.564252
v -2.363700 9.158250 1.564252
v -2.235673 9.183280 3.283700
v -2.419314 10.122575 3.283700
v -2.547341 10.097545 1.564252
v -2.318691 9.167049 3.417074
v -2.502331 10.106344 3.417074
v -2.324346 9.165944 3.401213
v -2.507987 10.105239 3.401213
v -2.495111 9.132558 3.392650
v -2.678751 10.071853 3.392650
v -2.494605 9.132657 3.375767
v -2.678246 10.071951 3.375767
v -2.586006 9.114787 3.317935
v -2.769646 10.054082 3.317935
v -2.570438 9.117830 3.312478
v -2.754079 10.057125 3.312478
v -2.578282 9.116297 3.174153
v -2.761923 10.055592 3.174153
v -2.562723 9.119339 3.179636
v -2.746364 10.058634 3.179636
v -2.244336 9.181587 3.358728
v -2.255477 9.179408 3.350797
v -2.427976 10.120881 3.358728
v -2.439118 10.118703 3.350797
v -2.367980 9.157413 0.019783
v -2.551621 10.096707 0.019783
v -2.384608 9.154162 0.019783
v -2.568248 10.093457 0.019783
v -2.574275 10.323606 1.564252
v -2.446249 10.348637 3.283700
v -2.629889 11.287931 3.283700
v -2.757916 11.262901 1.564252
v -2.590903 10.320355 1.564252
v -2.462876 10.345386 3.283700
v -2.646517 11.284681 3.283700
v -2.774543 11.259650 1.564252
v -2.545893 10.329155 3.417074
v -2.729534 11.268450 3.417074
v -2.551548 10.328050 3.401213
v -2.735189 11.267344 3.401213
v -2.722313 10.294663 3.392650
v -2.905953 11.233958 3.392650
v -2.721807 10.294763 3.375767
v -2.905448 11.234057 3.375767
v -2.813208 10.276893 3.317935
v -2.996849 11.216187 3.317935
v -2.797640 10.279936 3.312478
v -2.981281 11.219232 3.312478
v -2.805485 10.278402 3.174153
v -2.989125 11.217698 3.174153
v -2.789926 10.281445 3.179636
v -2.973566 11.220739 3.179636
v -2.471538 10.343692 3.358728
v -2.482679 10.341514 3.350797
v -2.655179 11.282988 3.358728
v -2.666320 11.280809 3.350797
v -2.595183 10.319519 0.019783
v -2.778823 11.258814 0.019783
v -2.611810 10.316268 0.019783
v -2.795451 11.255563 0.019783
v -2.105356 7.956660 1.564252
v -1.977329 7.981691 3.283700
v -2.160970 8.920986 3.283700
v -2.288996 8.895955 1.564252
v -2.121983 7.953410 1.564252
v -1.993956 7.978440 3.283700
v -2.177597 8.917735 3.283700
v -2.305624 8.892705 1.564252
v -2.076973 7.962209 3.417074
v -2.260614 8.901505 3.417074
v -2.082629 7.961103 3.401213
v -2.266270 8.900398 3.401213
v -2.253393 7.927718 3.392650
v -2.437034 8.867013 3.392650
v -2.252888 7.927816 3.375767
v -2.436529 8.867111 3.375767
v -2.344289 7.909947 3.317935
v -2.527929 8.849242 3.317935
v -2.328721 7.912991 3.312478
v -2.512362 8.852285 3.312478
v -2.336565 7.911457 3.174153
v -2.520206 8.850752 3.174153
v -2.321006 7.914499 3.179636
v -2.504647 8.853794 3.179636
v -2.002619 7.976747 3.358728
v -2.013760 7.974568 3.350797
v -2.186259 8.916041 3.358728
v -2.197401 8.913863 3.350797
v -2.126263 7.952573 0.019783
v -2.309904 8.891868 0.019783
v -2.142890 7.949322 0.019783
v -2.326531 8.888617 0.019783
v -2.811925 11.539149 1.564252
v -2.683898 11.564179 3.283700
v -2.867539 12.503474 3.283700
v -2.995565 12.478444 1.564252
v -2.828552 11.535898 1.564252
v -2.700525 11.560928 3.283700
v -2.884166 12.500223 3.283700
v -3.012193 12.475193 1.564252
v -2.783543 11.544698 3.417074
v -2.967183 12.483993 3.417074
v -2.789198 11.543592 3.401213
v -2.972839 12.482887 3.401213
v -2.959962 11.510206 3.392650
v -3.143603 12.449501 3.392650
v -2.959457 11.510304 3.375767
v -3.143098 12.449600 3.375767
v -3.050858 11.492435 3.317935
v -3.234498 12.431730 3.317935
v -3.035290 11.495479 3.312478
v -3.218931 12.434773 3.312478
v -3.043134 11.493945 3.174153
v -3.226775 12.433240 3.174153
v -3.027575 11.496987 3.179636
v -3.211216 12.436282 3.179636
v -2.709188 11.559235 3.358728
v -2.720329 11.557056 3.350797
v -2.892828 12.498529 3.358728
v -2.903970 12.496351 3.350797
v -2.832832 11.535061 0.019783
v -3.016473 12.474356 0.019783
v -2.849459 11.531810 0.019783
v -3.033100 12.471106 0.019783
v -3.313206 14.002370 -0.574260
v -3.496846 14.941665 -0.574260
v -3.329833 13.999119 -0.574260
v -3.513474 14.938414 -0.574260
v -3.075556 12.786827 -0.574260
v -3.259197 13.726121 -0.574260
v -3.092184 12.783576 -0.574260
v -3.275824 13.722871 -0.574260
v -2.367980 9.157413 -0.574260
v -2.551621 10.096707 -0.574260
v -2.384608 9.154162 -0.574260
v -2.568248 10.093457 -0.574260
v -2.595183 10.319519 -0.574260
v -2.778823 11.258814 -0.574260
v -2.611810 10.316268 -0.574260
v -2.795451 11.255563 -0.574260
v -2.126263 7.952573 -0.574260
v -2.309904 8.891868 -0.574260
v -2.142890 7.949322 -0.574260
v -2.326531 8.888617 -0.574260
v -2.832832 11.535061 -0.574260
v -3.016473 12.474356 -0.574260
v -2.849459 11.531810 -0.574260
v -3.033100 12.471106 -0.574260
vt 0.888250 0.082367
vt 0.910870 0.914842
vt 0.132775 0.919132
vt 0.119176 0.077162
vt 0.122036 0.921756
vt 0.120129 0.077285
vt 0.889648 0.071922
vt 0.906084 0.923375
vt 0.143288 0.918064
vt 0.122609 0.921903
vt 0.159948 0.104002
vt 0.156042 0.894199
vt 0.148225 0.897015
vt 0.152131 0.106818
vt 0.384997 0.666307
vt 0.427349 0.564866
vt 0.511649 0.778688
vt 0.471706 0.934965
vt 0.129259 0.094721
vt 0.149939 0.090882
vt 0.441913 0.255287
vt 0.457667 0.257095
vt 0.437001 0.365382
vt 0.408760 0.397668
vt 0.893218 0.071113
vt 0.892554 0.068504
vt 0.884037 0.071572
vt 0.915010 0.800841
vt 0.134635 0.795902
vt 0.132932 0.700425
vt 0.915010 0.700425
vt 0.447393 0.123405
vt 0.462315 0.146603
vt 0.112366 0.284337
vt 0.904795 0.293226
vt 0.500260 0.114419
vt 0.511649 0.139193
vt 0.112366 0.073690
vt 0.904795 0.082579
vt 0.908200 0.290751
vt 0.115081 0.284578
vt 0.112502 0.070989
vt 0.905622 0.083335
vt 0.891896 0.092475
vt 0.883297 0.177907
vt 0.114914 0.180994
vt 0.123513 0.095561
vt 0.125044 0.916843
vt 0.909960 0.911905
vt 0.908258 0.853465
vt 0.125044 0.853465
vt 0.122358 0.921757
vt 0.906157 0.923188
vt 0.119313 0.078221
vt 0.889132 0.071329
vt 0.119708 0.077332
vt 0.888171 0.083476
vt 0.911357 0.913568
vt 0.133009 0.919232
vt 0.132399 0.639095
vt 0.903498 0.633070
vt 0.903498 0.912176
vt 0.132399 0.918201
vt 0.000000 0.000000
vt 0.903497 0.633070
usemtl 
s 1
f 3733/1048 3734/1049 3735/1050 3736/1051
f 3740/1052 3739/1053 3738/1054 3737/1055
f 3764/1056 3762/1057 3736/1057 3740/1056
f 3734/1058 3733/1059 3737/1060 3738/1061
f 3759/1062 3760/1063 3739/1064 3735/1065
f 3736/1057 3735/1066 3739/1067 3740/1056
f 3746/1068 3748/1069 3744/1070 3742/1071
f 3758/1072 3760/1053 3744/1053 3743/1072
f 3757/1073 3758/1074 3743/1074 3741/1073
f 3759/1075 3757/1076 3741/1077 3742/1078
f 3750/1079 3752/1080 3748/1069 3746/1068
f 3741/1073 3743/1074 3747/1074 3745/1073
f 3742/1078 3741/1077 3745/1081 3746/1082
f 3743/1072 3744/1053 3748/1053 3747/1072
f 3754/1083 3756/1084 3752/1080 3750/1079
f 3747/1072 3748/1053 3752/1053 3751/1072
f 3745/1073 3747/1074 3751/1074 3749/1073
f 3746/1082 3745/1081 3749/1085 3750/1086
f 3751/1072 3752/1053 3756/1053 3755/1072
f 3749/1073 3751/1074 3755/1074 3753/1073
f 3750/1087 3749/1088 3753/1089 3754/1090
f 3753/1091 3755/1092 3756/1093 3754/1094
f 3735/1095 3734/1096 3757/1097 3759/1098
f 3734/1073 3738/1074 3758/1074 3757/1073
f 3738/1072 3739/1053 3760/1053 3758/1072
f 3742/1071 3744/1070 3760/1063 3759/1062
f 3764/1099 3763/1100 4119/1100 4120/1099
f 3740/1101 3737/1102 3763/1100 3764/1099
f 3733/1103 3736/1104 3762/1105 3761/1106
f 3737/1060 3733/1059 3761/1059 3763/1060
f 3765/1048 3766/1049 3767/1050 3768/1051
f 3772/1052 3771/1053 3770/1054 3769/1055
f 3796/1056 3794/1057 3768/1057 3772/1056
f 3766/1058 3765/1059 3769/1060 3770/1061
f 3791/1062 3792/1063 3771/1064 3767/1065
f 3768/1057 3767/1066 3771/1067 3772/1056
f 3778/1068 3780/1069 3776/1070 3774/1071
f 3790/1072 3792/1053 3776/1053 3775/1072
f 3789/1073 3790/1074 3775/1074 3773/1073
f 3791/1075 3789/1076 3773/1077 3774/1078
f 3782/1079 3784/1080 3780/1069 3778/1068
f 3773/1073 3775/1074 3779/1074 3777/1073
f 3774/1078 3773/1077 3777/1081 3778/1082
f 3775/1072 3776/1053 3780/1053 3779/1072
f 3786/1083 3788/1084 3784/1080 3782/1079
f 3779/1072 3780/1053 3784/1053 3783/1072
f 3777/1073 3779/1074 3783/1074 3781/1073
f 3778/1082 3777/1081 3781/1085 3782/1086
f 3783/1072 3784/1053 3788/1053 3787/1072
f 3781/1073 3783/1074 3787/1074 3785/1073
f 3782/1087 3781/1088 3785/1089 3786/1090
f 3785/1091 3787/1092 3788/1093 3786/1094
f 3767/1095 3766/1096 3789/1097 3791/1098
f 3766/1073 3770/1074 3790/1074 3789/1073
f 3770/1072 3771/1053 3792/1053 3790/1072
f 3774/1071 3776/1070 3792/1063 3791/1062
f 4140/1056 4138/1057 3922/1057 3924/1056
f 3772/1101 3769/1102 3795/1100 3796/1099
f 3765/1103 3768/1104 3794/1105 3793/1106
f 3793/1059 3795/1060 3769/1060 3765/1059
f 3797/1048 3798/1049 3799/1050 3800/1051
f 3804/1052 3803/1053 3802/1054 3801/1055
f 3828/1056 3826/1057 3800/1057 3804/1056
f 3798/1058 3797/1059 3801/1060 3802/1061
f 3823/1062 3824/1063 3803/1064 3799/1065
f 3800/1057 3799/1066 3803/1067 3804/1056
f 3810/1068 3812/1069 3808/1070 3806/1071
f 3822/1072 3824/1053 3808/1053 3807/1072
f 3821/1073 3822/1074 3807/1074 3805/1073
f 3823/1075 3821/1076 3805/1077 3806/1078
f 3814/1079 3816/1080 3812/1069 3810/1068
f 3805/1073 3807/1074 3811/1074 3809/1073
f 3806/1078 3805/1077 3809/1081 3810/1082
f 3807/1072 3808/1053 3812/1053 3811/1072
f 3818/1083 3820/1084 3816/1080 3814/1079
f 3811/1072 3812/1053 3816/1053 3815/1072
f 3809/1073 3811/1074 3815/1074 3813/1073
f 3810/1082 3809/1081 3813/1085 3814/1086
f 3815/1072 3816/1053 3820/1053 3819/1072
f 3813/1073 3815/1074 3819/1074 3817/1073
f 3814/1087 3813/1088 3817/1089 3818/1090
f 3817/1091 3819/1092 3820/1093 3818/1094
f 3799/1095 3798/1096 3821/1097 3823/1098
f 3798/1073 3802/1074 3822/1074 3821/1073
f 3802/1072 3803/1053 3824/1053 3822/1072
f 3806/1071 3808/1070 3824/1063 3823/1062
f 4120/1056 4118/1057 3762/1057 3764/1056
f 3804/1101 3801/1102 3827/1100 3828/1099
f 3797/1103 3800/1104 3826/1105 3825/1106
f 3825/1059 3827/1060 3801/1060 3797/1059
f 3829/1048 3830/1049 3831/1050 3832/1051
f 3836/1052 3835/1053 3834/1054 3833/1055
f 3860/1056 3858/1057 3832/1057 3836/1056
f 3830/1058 3829/1059 3833/1060 3834/1061
f 3855/1062 3856/1063 3835/1064 3831/1065
f 3832/1057 3831/1066 3835/1067 3836/1056
f 3842/1068 3844/1069 3840/1070 3838/1071
f 3854/1072 3856/1053 3840/1053 3839/1072
f 3853/1073 3854/1074 3839/1074 3837/1073
f 3855/1075 3853/1076 3837/1077 3838/1078
f 3846/1079 3848/1080 3844/1069 3842/1068
f 3837/1073 3839/1074 3843/1074 3841/1073
f 3838/1078 3837/1077 3841/1081 3842/1082
f 3839/1072 3840/1053 3844/1053 3843/1072
f 3850/1083 3852/1084 3848/1080 3846/1079
f 3843/1072 3844/1053 3848/1053 3847/1072
f 3841/1073 3843/1074 3847/1074 3845/1073
f 3842/1082 3841/1081 3845/1085 3846/1086
f 3847/1072 3848/1053 3852/1053 3851/1072
f 3845/1073 3847/1074 3851/1074 3849/1073
f 3846/1087 3845/1088 3849/1089 3850/1090
f 3849/1091 3851/1092 3852/1093 3850/1094
f 3831/1095 3830/1096 3853/1097 3855/1098
f 3830/1073 3834/1074 3854/1074 3853/1073
f 3834/1072 3835/1053 3856/1053 3854/1072
f 3838/1071 3840/1070 3856/1063 3855/1062
f 4133/1059 4135/1060 3891/1060 3889/1059
f 3836/1101 3833/1102 3859/1100 3860/1099
f 3829/1103 3832/1104 3858/1105 3857/1106
f 3857/1059 3859/1060 3833/1060 3829/1059
f 3861/1048 3862/1049 3863/1050 3864/1051
f 3868/1052 3867/1053 3866/1054 3865/1055
f 3892/1056 3890/1057 3864/1057 3868/1056
f 3862/1058 3861/1059 3865/1060 3866/1061
f 3887/1062 3888/1063 3867/1064 3863/1065
f 3864/1057 3863/1066 3867/1067 3868/1056
f 3874/1068 3876/1069 3872/1070 3870/1071
f 3886/1072 3888/1053 3872/1053 3871/1072
f 3885/1073 3886/1074 3871/1074 3869/1073
f 3887/1075 3885/1076 3869/1077 3870/1078
f 3878/1079 3880/1080 3876/1069 3874/1068
f 3869/1073 3871/1074 3875/1074 3873/1073
f 3870/1078 3869/1077 3873/1081 3874/1082
f 3871/1072 3872/1053 3876/1053 3875/1072
f 3882/1083 3884/1084 3880/1080 3878/1079
f 3875/1072 3876/1053 3880/1053 3879/1072
f 3873/1073 3875/1074 3879/1074 3877/1073
f 3874/1082 3873/1081 3877/1085 3878/1086
f 3879/1072 3880/1053 3884/1053 3883/1072
f 3877/1073 3879/1074 3883/1074 3881/1073
f 3878/1087 3877/1088 3881/1089 3882/1090
f 3881/1091 3883/1092 3884/1093 3882/1094
f 3863/1095 3862/1096 3885/1097 3887/1098
f 3862/1073 3866/1074 3886/1074 3885/1073
f 3866/1072 3867/1053 3888/1053 3886/1072
f 3870/1071 3872/1070 3888/1063 3887/1062
f 3857/1107 3858/1108 4130/1109 4129/1110
f 3868/1101 3865/1102 3891/1100 3892/1099
f 3861/1103 3864/1104 3890/1105 3889/1106
f 3889/1059 3891/1060 3865/1060 3861/1059
f 3893/1048 3894/1049 3895/1050 3896/1051
f 3900/1052 3899/1053 3898/1054 3897/1055
f 3924/1056 3922/1057 3896/1057 3900/1056
f 3894/1058 3893/1059 3897/1060 3898/1061
f 3919/1062 3920/1063 3899/1064 3895/1065
f 3896/1057 3895/1066 3899/1067 3900/1056
f 3906/1068 3908/1069 3904/1070 3902/1071
f 3918/1072 3920/1053 3904/1053 3903/1072
f 3917/1073 3918/1074 3903/1074 3901/1073
f 3919/1075 3917/1076 3901/1077 3902/1078
f 3910/1079 3912/1080 3908/1069 3906/1068
f 3901/1073 3903/1074 3907/1074 3905/1073
f 3902/1078 3901/1077 3905/1081 3906/1082
f 3903/1072 3904/1053 3908/1053 3907/1072
f 3914/1083 3916/1084 3912/1080 3910/1079
f 3907/1072 3908/1053 3912/1053 3911/1072
f 3905/1073 3907/1074 3911/1074 3909/1073
f 3906/1082 3905/1081 3909/1085 3910/1086
f 3911/1072 3912/1053 3916/1053 3915/1072
f 3909/1073 3911/1074 3915/1074 3913/1073
f 3910/1087 3909/1088 3913/1089 3914/1090
f 3913/1091 3915/1092 3916/1093 3914/1094
f 3895/1095 3894/1096 3917/1097 3919/1098
f 3894/1073 3898/1074 3918/1074 3917/1073
f 3898/1072 3899/1053 3920/1053 3918/1072
f 3902/1071 3904/1070 3920/1063 3919/1062
f 3828/1099 3827/1100 4127/1100 4128/1099
f 3900/1101 3897/1102 3923/1100 3924/1099
f 3893/1103 3896/1104 3922/1105 3921/1106
f 3921/1059 3923/1060 3897/1060 3893/1059
f 4117/1111 4118/1111 4120/1111 4119/1111
f 4121/1111 4122/1111 4124/1111 4123/1111
f 4125/1111 4126/1111 4128/1111 4127/1111
f 4129/1111 4130/1111 4132/1111 4131/1111
f 4133/1111 4134/1111 4136/1111 4135/1111
f 4137/1111 4138/1111 4140/1111 4139/1111
f 3924/1099 3923/1100 4139/1100 4140/1099
f 3793/1107 3794/1108 4122/1109 4121/1110
f 4125/1059 4127/1060 3827/1060 3825/1059
f 4132/1056 4130/1057 3858/1057 3860/1056
f 3860/1099 3859/1100 4131/1100 4132/1099
f 3889/1107 3890/1112 4134/1109 4133/1110
f 4117/1059 4119/1060 3763/1060 3761/1059
f 4137/1059 4139/1060 3923/1060 3921/1059
f 4124/1056 4122/1057 3794/1057 3796/1056
f 3796/1099 3795/1100 4123/1100 4124/1099
f 3825/1107 3826/1108 4126/1109 4125/1110
f 4129/1059 4131/1060 3859/1060 3857/1059
f 4136/1056 4134/1057 3890/1057 3892/1056
f 3892/1099 3891/1100 4135/1100 4136/1099
f 3761/1107 3762/1108 4118/1109 4117/1110
f 3921/1107 3922/1108 4138/1109 4137/1110
f 4121/1059 4123/1060 3795/1060 3793/1059
f 4128/1056 4126/1057 3826/1057 3828/1056
f 3925/1048 3928/1051 3927/1050 3926/1049
f 3932/1052 3929/1055 3930/1054 3931/1053
f 3956/1056 3932/1056 3928/1057 3954/1057
f 3926/1058 3930/1061 3929/1060 3925/1059
f 3951/1062 3927/1065 3931/1064 3952/1063
f 3928/1057 3932/1056 3931/1067 3927/1066
f 3938/1068 3934/1071 3936/1070 3940/1069
f 3950/1072 3935/1072 3936/1053 3952/1053
f 3949/1073 3933/1073 3935/1074 3950/1074
f 3951/1075 3934/1078 3933/1077 3949/1076
f 3942/1079 3938/1068 3940/1069 3944/1080
f 3933/1073 3937/1073 3939/1074 3935/1074
f 3934/1078 3938/1082 3937/1081 3933/1077
f 3935/1072 3939/1072 3940/1053 3936/1053
f 3946/1083 3942/1079 3944/1080 3948/1084
f 3939/1072 3943/1072 3944/1053 3940/1053
f 3937/1073 3941/1073 3943/1074 3939/1074
f 3938/1082 3942/1086 3941/1085 3937/1081
f 3943/1072 3947/1072 3948/1053 3944/1053
f 3941/1073 3945/1073 3947/1074 3943/1074
f 3942/1087 3946/1090 3945/1089 3941/1088
f 3945/1091 3946/1094 3948/1093 3947/1092
f 3927/1095 3951/1098 3949/1097 3926/1096
f 3926/1073 3949/1073 3950/1074 3930/1074
f 3930/1072 3950/1072 3952/1053 3931/1053
f 3934/1071 3951/1062 3952/1063 3936/1070
f 3956/1099 4120/1099 4119/1100 3955/1100
f 3932/1101 3956/1099 3955/1100 3929/1102
f 3925/1103 3953/1106 3954/1105 3928/1104
f 3953/1059 3925/1059 3929/1060 3955/1060
f 3957/1048 3960/1051 3959/1050 3958/1049
f 3964/1052 3961/1055 3962/1054 3963/1053
f 3988/1056 3964/1056 3960/1057 3986/1057
f 3958/1058 3962/1061 3961/1060 3957/1059
f 3983/1062 3959/1065 3963/1064 3984/1063
f 3960/1057 3964/1056 3963/1067 3959/1066
f 3970/1068 3966/1071 3968/1070 3972/1069
f 3982/1072 3967/1072 3968/1053 3984/1053
f 3981/1073 3965/1073 3967/1074 3982/1074
f 3983/1075 3966/1078 3965/1077 3981/1076
f 3974/1079 3970/1068 3972/1069 3976/1080
f 3965/1073 3969/1073 3971/1074 3967/1074
f 3966/1078 3970/1082 3969/1081 3965/1077
f 3967/1072 3971/1072 3972/1053 3968/1053
f 3978/1083 3974/1079 3976/1080 3980/1084
f 3971/1072 3975/1072 3976/1053 3972/1053
f 3969/1073 3973/1073 3975/1074 3971/1074
f 3970/1082 3974/1086 3973/1085 3969/1081
f 3975/1072 3979/1072 3980/1053 3976/1053
f 3973/1073 3977/1073 3979/1074 3975/1074
f 3974/1087 3978/1090 3977/1089 3973/1088
f 3977/1091 3978/1094 3980/1093 3979/1092
f 3959/1095 3983/1098 3981/1097 3958/1096
f 3958/1073 3981/1073 3982/1074 3962/1074
f 3962/1072 3982/1072 3984/1053 3963/1053
f 3966/1071 3983/1062 3984/1063 3968/1070
f 4140/1056 4116/1056 4114/1057 4138/1057
f 3964/1101 3988/1099 3987/1100 3961/1102
f 3957/1103 3985/1106 3986/1105 3960/1104
f 3985/1059 3957/1059 3961/1060 3987/1060
f 3989/1048 3992/1051 3991/1050 3990/1049
f 3996/1052 3993/1055 3994/1054 3995/1053
f 4020/1056 3996/1056 3992/1057 4018/1057
f 3990/1058 3994/1061 3993/1060 3989/1059
f 4015/1062 3991/1065 3995/1064 4016/1063
f 3992/1057 3996/1056 3995/1067 3991/1066
f 4002/1068 3998/1071 4000/1070 4004/1069
f 4014/1072 3999/1072 4000/1053 4016/1053
f 4013/1073 3997/1073 3999/1074 4014/1074
f 4015/1075 3998/1078 3997/1077 4013/1076
f 4006/1079 4002/1068 4004/1069 4008/1080
f 3997/1073 4001/1073 4003/1074 3999/1074
f 3998/1078 4002/1082 4001/1081 3997/1077
f 3999/1072 4003/1072 4004/1053 4000/1053
f 4010/1083 4006/1079 4008/1080 4012/1084
f 4003/1072 4007/1072 4008/1053 4004/1053
f 4001/1073 4005/1073 4007/1074 4003/1074
f 4002/1082 4006/1086 4005/1085 4001/1081
f 4007/1072 4011/1072 4012/1053 4008/1053
f 4005/1073 4009/1073 4011/1074 4007/1074
f 4006/1087 4010/1090 4009/1089 4005/1088
f 4009/1091 4010/1094 4012/1093 4011/1092
f 3991/1095 4015/1098 4013/1097 3990/1096
f 3990/1073 4013/1073 4014/1074 3994/1074
f 3994/1072 4014/1072 4016/1053 3995/1053
f 3998/1071 4015/1062 4016/1063 4000/1070
f 4120/1056 3956/1056 3954/1057 4118/1057
f 3996/1101 4020/1099 4019/1100 3993/1102
f 3989/1103 4017/1106 4018/1105 3992/1104
f 4017/1059 3989/1059 3993/1060 4019/1060
f 4021/1048 4024/1051 4023/1050 4022/1049
f 4028/1052 4025/1055 4026/1054 4027/1053
f 4052/1056 4028/1056 4024/1057 4050/1057
f 4022/1058 4026/1061 4025/1060 4021/1059
f 4047/1062 4023/1065 4027/1064 4048/1063
f 4024/1057 4028/1056 4027/1067 4023/1066
f 4034/1068 4030/1071 4032/1070 4036/1069
f 4046/1072 4031/1072 4032/1053 4048/1053
f 4045/1073 4029/1073 4031/1074 4046/1074
f 4047/1075 4030/1078 4029/1077 4045/1076
f 4038/1079 4034/1068 4036/1069 4040/1080
f 4029/1073 4033/1073 4035/1074 4031/1074
f 4030/1078 4034/1082 4033/1081 4029/1077
f 4031/1072 4035/1072 4036/1053 4032/1053
f 4042/1083 4038/1079 4040/1080 4044/1084
f 4035/1072 4039/1072 4040/1053 4036/1053
f 4033/1073 4037/1073 4039/1074 4035/1074
f 4034/1082 4038/1086 4037/1085 4033/1081
f 4039/1072 4043/1072 4044/1053 4040/1053
f 4037/1073 4041/1073 4043/1074 4039/1074
f 4038/1087 4042/1090 4041/1089 4037/1088
f 4041/1091 4042/1094 4044/1093 4043/1092
f 4023/1095 4047/1098 4045/1097 4022/1096
f 4022/1073 4045/1073 4046/1074 4026/1074
f 4026/1072 4046/1072 4048/1053 4027/1053
f 4030/1071 4047/1062 4048/1063 4032/1070
f 4133/1059 4081/1059 4083/1060 4135/1060
f 4028/1101 4052/1099 4051/1100 4025/1102
f 4021/1103 4049/1106 4050/1105 4024/1104
f 4049/1059 4021/1059 4025/1060 4051/1060
f 4053/1048 4056/1051 4055/1050 4054/1049
f 4060/1052 4057/1055 4058/1054 4059/1053
f 4084/1056 4060/1056 4056/1057 4082/1057
f 4054/1058 4058/1061 4057/1060 4053/1059
f 4079/1062 4055/1065 4059/1064 4080/1063
f 4056/1057 4060/1056 4059/1067 4055/1066
f 4066/1068 4062/1071 4064/1070 4068/1069
f 4078/1072 4063/1072 4064/1053 4080/1053
f 4077/1073 4061/1073 4063/1074 4078/1074
f 4079/1075 4062/1078 4061/1077 4077/1076
f 4070/1079 4066/1068 4068/1069 4072/1080
f 4061/1073 4065/1073 4067/1074 4063/1074
f 4062/1078 4066/1082 4065/1081 4061/1077
f 4063/1072 4067/1072 4068/1053 4064/1053
f 4074/1083 4070/1079 4072/1080 4076/1084
f 4067/1072 4071/1072 4072/1053 4068/1053
f 4065/1073 4069/1073 4071/1074 4067/1074
f 4066/1082 4070/1086 4069/1085 4065/1081
f 4071/1072 4075/1072 4076/1053 4072/1053
f 4069/1073 4073/1073 4075/1074 4071/1074
f 4070/1087 4074/1090 4073/1089 4069/1088
f 4073/1091 4074/1094 4076/1093 4075/1092
f 4055/1095 4079/1098 4077/1097 4054/1096
f 4054/1073 4077/1073 4078/1074 4058/1074
f 4058/1072 4078/1072 4080/1053 4059/1053
f 4062/1071 4079/1062 4080/1063 4064/1070
f 4049/1107 4129/1110 4130/1109 4050/1108
f 4060/1101 4084/1099 4083/1100 4057/1102
f 4053/1103 4081/1106 4082/1105 4056/1104
f 4081/1059 4053/1059 4057/1060 4083/1060
f 4085/1048 4088/1051 4087/1050 4086/1049
f 4092/1052 4089/1055 4090/1054 4091/1053
f 4116/1056 4092/1056 4088/1057 4114/1057
f 4086/1058 4090/1061 4089/1060 4085/1059
f 4111/1062 4087/1065 4091/1064 4112/1063
f 4088/1057 4092/1056 4091/1067 4087/1066
f 4098/1068 4094/1071 4096/1070 4100/1069
f 4110/1072 4095/1072 4096/1053 4112/1053
f 4109/1073 4093/1073 4095/1074 4110/1074
f 4111/1075 4094/1078 4093/1077 4109/1076
f 4102/1079 4098/1068 4100/1069 4104/1080
f 4093/1073 4097/1073 4099/1074 4095/1074
f 4094/1078 4098/1082 4097/1081 4093/1077
f 4095/1072 4099/1072 4100/1053 4096/1053
f 4106/1083 4102/1079 4104/1080 4108/1084
f 4099/1072 4103/1072 4104/1053 4100/1053
f 4097/1073 4101/1073 4103/1074 4099/1074
f 4098/1082 4102/1086 4101/1085 4097/1081
f 4103/1072 4107/1072 4108/1053 4104/1053
f 4101/1073 4105/1073 4107/1074 4103/1074
f 4102/1087 4106/1090 4105/1089 4101/1088
f 4105/1091 4106/1094 4108/1093 4107/1092
f 4087/1095 4111/1098 4109/1097 4086/1096
f 4086/1073 4109/1073 4110/1074 4090/1074
f 4090/1072 4110/1072 4112/1053 4091/1053
f 4094/1071 4111/1062 4112/1063 4096/1070
f 4020/1099 4128/1099 4127/1100 4019/1100
f 4092/1101 4116/1099 4115/1100 4089/1102
f 4085/1103 4113/1106 4114/1105 4088/1104
f 4113/1059 4085/1059 4089/1060 4115/1060
f 4117/1111 4119/1111 4120/1111 4118/1111
f 4121/1111 4123/1111 4124/1111 4122/1111
f 4125/1111 4127/1111 4128/1111 4126/1111
f 4129/1111 4131/1111 4132/1111 4130/1111
f 4133/1111 4135/1111 4136/1111 4134/1111
f 4137/1111 4139/1111 4140/1111 4138/1111
f 4116/1099 4140/1099 4139/1100 4115/1100
f 3985/1107 4121/1110 4122/1109 3986/1108
f 4125/1059 4017/1059 4019/1060 4127/1060
f 4132/1056 4052/1056 4050/1057 4130/1057
f 4052/1099 4132/1099 4131/1100 4051/1100
f 4081/1107 4133/1110 4134/1109 4082/1112
f 4117/1059 3953/1059 3955/1060 4119/1060
f 4137/1059 4113/1059 4115/1060 4139/1060
f 4124/1056 3988/1056 3986/1057 4122/1057
f 3988/1099 4124/1099 4123/1100 3987/1100
f 4017/1107 4125/1110 4126/1109 4018/1108
f 4129/1059 4049/1059 4051/1060 4131/1060
f 4136/1056 4084/1056 4082/1057 4134/1057
f 4084/1099 4136/1099 4135/1100 4083/1100
f 3953/1107 4117/1110 4118/1109 3954/1108
f 4113/1107 4137/1110 4138/1109 4114/1108
f 4121/1059 3985/1059 3987/1060 4123/1060
f 4128/1056 4020/1056 4018/1057 4126/1057
o Fierro_1_Cube.007
v -3.430796 15.278351 -4.440074
v -3.430796 15.278351 -4.279660
v -2.398439 10.011405 -4.279660
v -2.398439 10.011405 -4.440074
v -3.742935 15.217170 -4.455185
v -3.742935 15.217170 -4.305459
v -2.710578 9.950223 -4.305460
v -2.710578 9.950224 -4.455185
v -3.457498 15.414579 -4.445355
v -3.462393 15.439556 -4.282378
v -3.774892 15.380212 -4.469997
v -3.765206 15.330793 -4.293490
v -3.581467 16.047054 -4.120606
v -3.553960 15.906717 -4.025874
v -3.894500 15.990435 -4.145249
v -3.867255 15.851437 -4.036986
v -3.879156 16.105936 -3.402876
v -3.913914 16.283268 -3.535632
v -3.595177 16.310783 -3.535632
v -3.567560 16.169886 -3.402876
v -3.818795 16.062231 -3.402876
v -3.868398 16.315296 -3.535632
v -2.660700 9.960000 -4.493377
v -2.660700 9.960000 -4.242431
v -3.693057 15.226947 -4.242431
v -3.693057 15.226947 -4.493377
v -3.803799 15.791937 -3.985927
v -3.853401 16.045002 -4.168629
v -3.712232 15.324776 -4.242431
v -3.729432 15.412527 -4.493377
v -2.568005 9.978168 -4.242431
v -3.600361 15.245115 -4.242431
v -2.568005 9.978168 -4.493377
v -3.600361 15.245115 -4.493377
v -2.475309 9.996338 -4.242431
v -3.507666 15.263285 -4.493377
v -3.507666 15.263285 -4.242431
v -2.475309 9.996338 -4.493377
v -3.633404 16.098568 -3.402876
v -3.683006 16.351633 -3.535632
v -3.758523 16.052038 -4.158308
v -3.619536 15.342944 -4.242431
v -3.711103 15.810106 -3.985927
v -3.634554 15.419563 -4.483056
v -3.668010 16.081341 -4.168629
v -3.544041 15.448866 -4.493377
v -3.526841 15.361114 -4.242431
v -3.618407 15.828275 -3.985927
v -3.773520 16.322332 -3.525311
v -3.726099 16.080400 -3.402876
v -3.419703 15.280525 -4.359868
v -2.387347 10.013579 -4.359868
v -3.764300 15.212982 -4.380322
v -2.731943 9.946035 -4.380322
v -3.448853 15.429241 -4.363866
v -3.791414 15.351315 -4.381744
v -3.556620 15.979060 -4.073240
v -3.902242 15.916748 -4.091118
v -3.914097 16.191160 -3.469254
v -3.566472 16.243254 -3.469254
v -3.816230 15.591115 -4.208537
v -3.834696 15.685324 -4.350922
v -3.508177 15.673137 -4.197425
v -3.519482 15.730817 -4.326279
v -3.791417 15.728765 -4.374301
v -3.758015 15.558356 -4.157477
v -3.572624 15.594694 -4.157478
v -3.606025 15.765103 -4.374301
v -3.665320 15.576526 -4.157478
v -3.696539 15.735801 -4.363980
v -3.846828 15.634031 -4.279729
v -3.502736 15.704151 -4.261852
v -3.725051 15.978160 -3.694401
v -3.772472 16.220093 -3.841809
v -3.867349 16.213057 -3.852130
v -3.817747 15.959991 -3.694401
v -3.914619 16.086861 -3.780185
v -3.567996 16.144064 -3.771247
v -3.681958 16.249393 -3.852130
v -3.632356 15.996329 -3.694401
v -3.567210 16.071209 -3.714375
v -3.879655 16.011593 -3.719931
v -3.594772 16.211824 -3.828119
v -3.910657 16.169758 -3.840441
v -3.784794 16.140301 -2.269527
v -3.473198 16.204250 -2.269527
v -3.819553 16.317633 -2.335905
v -3.500815 16.345148 -2.335905
v -3.724434 16.096596 -2.269527
v -3.774036 16.349661 -2.335905
v -3.631738 16.114765 -2.269527
v -3.539042 16.132935 -2.269527
v -3.588645 16.386000 -2.335905
v -3.680249 16.362263 -2.330745
v -3.812311 16.226980 -2.302716
v -3.464686 16.279076 -2.302716
v -1.647176 6.178559 -4.279662
v -1.647176 6.178559 -4.440076
v -1.959314 6.117378 -4.305461
v -1.959314 6.117378 -4.455187
v -1.909437 6.127154 -4.493379
v -1.909437 6.127154 -4.242433
v -1.816741 6.145323 -4.242433
v -1.816741 6.145323 -4.493379
v -1.724045 6.163492 -4.242433
v -1.724046 6.163492 -4.493379
v -1.636083 6.180734 -4.359869
v -1.980680 6.113190 -4.380324
v -1.265191 4.239975 -4.293277
v -1.265191 4.239976 -4.453691
v -1.577330 4.178794 -4.319077
v -1.577330 4.178795 -4.468802
v -1.527452 4.188571 -4.506994
v -1.527452 4.188570 -4.256048
v -1.434757 4.206739 -4.256048
v -1.434757 4.206740 -4.506994
v -1.342061 4.224908 -4.256048
v -1.342061 4.224909 -4.506994
v -1.254098 4.242150 -4.373484
v -1.598695 4.174607 -4.393939
v -1.574987 4.296484 -4.329691
v -1.315174 4.347410 -4.441739
v -1.315173 4.347409 -4.308216
v -1.293045 4.234516 -4.308217
v -1.293046 4.234516 -4.441740
v -1.552859 4.183591 -4.329691
v -1.552859 4.183591 -4.454318
v -1.511342 4.191729 -4.486107
v -1.511342 4.191728 -4.277228
v -1.434186 4.206851 -4.277228
v -1.434186 4.206852 -4.486107
v -1.357029 4.221975 -4.277228
v -1.357029 4.221975 -4.486107
v -1.283812 4.236326 -4.374978
v -1.570643 4.180106 -4.392004
v -1.574987 4.296485 -4.454318
v -1.533470 4.304623 -4.486107
v -1.533470 4.304622 -4.277228
v -1.456313 4.319745 -4.277228
v -1.456314 4.319746 -4.486107
v -1.379157 4.334868 -4.277228
v -1.379157 4.334869 -4.486107
v -1.305940 4.349220 -4.374978
v -1.592771 4.292999 -4.392004
v -1.546937 4.301983 -4.381667
v -1.376577 4.335375 -4.381667
v -1.461757 4.318679 -4.381667
v -3.430796 15.278351 3.293172
v -3.430796 15.278351 3.132757
v -2.398439 10.011405 3.132757
v -2.398439 10.011405 3.293172
v -3.742935 15.217170 3.308283
v -3.742935 15.217170 3.158557
v -2.710578 9.950223 3.158557
v -2.710578 9.950224 3.308283
v -3.457498 15.414579 3.298452
v -3.462393 15.439556 3.135475
v -3.774892 15.380212 3.323095
v -3.765206 15.330793 3.146588
v -3.581467 16.047054 2.973704
v -3.553960 15.906717 2.878971
v -3.894500 15.990435 2.998347
v -3.867255 15.851437 2.890084
v -3.458370 16.369337 -0.573451
v -3.430754 16.228441 -0.573451
v -3.777108 16.341822 -0.573451
v -3.742349 16.164490 -0.573451
v -3.879156 16.105936 2.255973
v -3.913914 16.283268 2.388730
v -3.595177 16.310783 2.388730
v -3.567560 16.169886 2.255973
v -3.818795 16.062231 2.255973
v -3.868398 16.315296 2.388730
v -3.681989 16.120785 -0.573451
v -3.731591 16.373850 -0.573451
v -2.660700 9.960000 3.346474
v -2.660700 9.960000 3.095529
v -3.693057 15.226947 3.095528
v -3.693057 15.226947 3.346474
v -3.803799 15.791937 2.839024
v -3.853401 16.045002 3.021726
v -3.712232 15.324776 3.095528
v -3.729432 15.412527 3.346474
v -2.568005 9.978168 3.095529
v -3.600361 15.245115 3.095529
v -2.568005 9.978168 3.346474
v -3.600361 15.245115 3.346474
v -2.475309 9.996338 3.095529
v -3.507666 15.263285 3.346474
v -3.507666 15.263285 3.095529
v -2.475309 9.996338 3.346474
v -3.546200 16.410189 -0.573451
v -3.496598 16.157124 -0.573451
v -3.633404 16.098568 2.255973
v -3.683006 16.351633 2.388730
v -3.758523 16.052038 3.011405
v -3.619536 15.342944 3.095529
v -3.711103 15.810106 2.839025
v -3.634554 15.419563 3.336153
v -3.668010 16.081341 3.021726
v -3.544041 15.448866 3.346474
v -3.526841 15.361114 3.095529
v -3.618407 15.828275 2.839025
v -3.589293 16.138954 -0.573451
v -3.773520 16.322332 2.378409
v -3.726099 16.080400 2.255973
v -3.638896 16.392019 -0.573451
v -3.419703 15.280525 3.212965
v -2.387347 10.013579 3.212965
v -3.764300 15.212982 3.233420
v -2.731943 9.946035 3.233420
v -3.448853 15.429241 3.216964
v -3.791414 15.351315 3.234841
v -3.556620 15.979060 2.926338
v -3.902242 15.916748 2.944215
v -3.414816 16.304720 -0.573451
v -3.762441 16.252625 -0.573451
v -3.914097 16.191160 2.322351
v -3.566472 16.243254 2.322351
v -3.704316 16.247803 -0.573451
v -3.499647 16.287920 -0.573451
v -3.601981 16.267860 -0.573451
v -3.816230 15.591115 3.061634
v -3.834696 15.685324 3.204019
v -3.508177 15.673137 3.050522
v -3.519482 15.730817 3.179376
v -3.791417 15.728765 3.227399
v -3.758015 15.558356 3.010575
v -3.572624 15.594694 3.010575
v -3.606025 15.765103 3.227399
v -3.665320 15.576526 3.010575
v -3.696539 15.735801 3.217078
v -3.846828 15.634031 3.132827
v -3.502736 15.704151 3.114949
v -3.725051 15.978160 2.547499
v -3.772472 16.220093 2.694907
v -3.867349 16.213057 2.705228
v -3.817747 15.959991 2.547499
v -3.914619 16.086861 2.633283
v -3.567996 16.144064 2.624345
v -3.681958 16.249393 2.705228
v -3.632356 15.996329 2.547499
v -3.567210 16.071209 2.567472
v -3.879655 16.011593 2.573028
v -3.594772 16.211824 2.681217
v -3.910657 16.169758 2.693538
v -3.784794 16.140301 1.122624
v -3.473198 16.204250 1.122624
v -3.819553 16.317633 1.189003
v -3.500815 16.345148 1.189003
v -3.724434 16.096596 1.122624
v -3.774036 16.349661 1.189003
v -3.631738 16.114765 1.122624
v -3.539042 16.132935 1.122624
v -3.588645 16.386000 1.189003
v -3.680249 16.362263 1.183842
v -3.812311 16.226980 1.155813
v -3.464686 16.279076 1.155813
v -1.647176 6.178559 3.132759
v -1.647176 6.178559 3.293173
v -1.959314 6.117378 3.158559
v -1.959314 6.117378 3.308285
v -1.909437 6.127154 3.346476
v -1.909437 6.127154 3.095531
v -1.816741 6.145323 3.095531
v -1.816741 6.145323 3.346476
v -1.724045 6.163492 3.095531
v -1.724046 6.163492 3.346476
v -1.636083 6.180734 3.212966
v -1.980680 6.113190 3.233422
v -1.265191 4.239975 3.146374
v -1.265191 4.239976 3.306788
v -1.577330 4.178794 3.172174
v -1.577330 4.178795 3.321900
v -1.527452 4.188571 3.360091
v -1.527452 4.188570 3.109145
v -1.434757 4.206739 3.109145
v -1.434757 4.206740 3.360091
v -1.342061 4.224908 3.109145
v -1.342061 4.224909 3.360091
v -1.254098 4.242150 3.226581
v -1.598695 4.174607 3.247036
v -1.574987 4.296484 3.182788
v -1.315174 4.347410 3.294837
v -1.315173 4.347409 3.161313
v -1.293045 4.234516 3.161314
v -1.293046 4.234516 3.294837
v -1.552859 4.183591 3.182789
v -1.552859 4.183591 3.307415
v -1.511342 4.191729 3.339205
v -1.511342 4.191728 3.130326
v -1.434186 4.206851 3.130326
v -1.434186 4.206852 3.339205
v -1.357029 4.221975 3.130326
v -1.357029 4.221975 3.339205
v -1.283812 4.236326 3.228076
v -1.570643 4.180106 3.245102
v -1.574987 4.296485 3.307415
v -1.533470 4.304623 3.339204
v -1.533470 4.304622 3.130325
v -1.456313 4.319745 3.130325
v -1.456314 4.319746 3.339204
v -1.379157 4.334868 3.130325
v -1.379157 4.334869 3.339204
v -1.305940 4.349220 3.228075
v -1.592771 4.292999 3.245101
v -1.546937 4.301983 3.234764
v -1.376577 4.335375 3.234764
v -1.461757 4.318679 3.234764
usemtl Material
s 1
f 4191 4142 4143 4192
f 4193 4194 4147 4146
f 4193 4146 4152 4196
f 4165 4146 4147 4164
f 4243 4245 4175 4171
f 4176 4141 4144 4178
f 4211 4201 4156 4198
f 4166 4145 4151 4170
f 4169 4152 4146 4165
f 4195 4150 4142 4191
f 4235 4225 4307 4357
f 4212 4203 4150 4195
f 4205 4202 4155 4168
f 4206 4201 4152 4169
f 4360 4357 4307 4314
f 4230 4227 4306 4315
f 4216 4222 4156 4167
f 4218 4221 4154 4197
f 4217 4222 4157 4199
f 4215 4224 4158 4162
f 4229 4225 4157 4161
f 4236 4226 4160 4200
f 4145 4166 4163 4148
f 4172 4165 4164 4171
f 4209 4206 4169 4182
f 4182 4169 4165 4172
f 4245 4237 4143 4175
f 4210 4205 4168 4181
f 4174 4166 4170 4184
f 4362 4360 4314 4344
f 4234 4230 4315 4347
f 4213 4216 4167 4183
f 4214 4215 4162 4189
f 4231 4229 4161 4190
f 4166 4174 4173 4163
f 4141 4176 4186 4149
f 4177 4172 4171 4175
f 4221 4220 4188 4154
f 4150 4187 4177 4142
f 4233 4234 4347 4332
f 4223 4219 4180 4159
f 4142 4177 4175 4143
f 4248 4239 4147 4194
f 4204 4208 4185 4153
f 4174 4176 4178 4173
f 4232 4231 4190 4179
f 4226 4232 4179 4160
f 4241 4240 4148 4163
f 4356 4361 4333 4305
f 4203 4207 4187 4150
f 4208 4210 4181 4185
f 4228 4233 4332 4304
f 4220 4213 4183 4188
f 4176 4174 4184 4186
f 4187 4182 4172 4177
f 4361 4362 4344 4333
f 4219 4214 4189 4180
f 4207 4209 4182 4187
f 4141 4191 4192 4144
f 4145 4148 4194 4193
f 4145 4193 4196 4151
f 4244 4241 4163 4173
f 4202 4211 4198 4155
f 4191 4141 4149 4195
f 4227 4235 4357 4306
f 4204 4212 4195 4149
f 4315 4306 4357 4360
f 4223 4218 4197 4153
f 4224 4217 4199 4158
f 4228 4236 4200 4159
f 4173 4178 4246 4244
f 4347 4315 4360 4362
f 4164 4147 4239 4242
f 4192 4143 4237 4247
f 4304 4332 4361 4356
f 4332 4347 4362 4361
f 4196 4152 4201 4211
f 4197 4154 4203 4212
f 4170 4151 4202 4205
f 4167 4156 4201 4206
f 4183 4167 4206 4209
f 4184 4170 4205 4210
f 4149 4186 4208 4204
f 4154 4188 4207 4203
f 4186 4184 4210 4208
f 4188 4183 4209 4207
f 4151 4196 4211 4202
f 4153 4197 4212 4204
f 4155 4198 4217 4224
f 4185 4181 4214 4219
f 4200 4160 4221 4218
f 4181 4168 4215 4214
f 4198 4156 4222 4217
f 4190 4161 4216 4213
f 4168 4155 4224 4215
f 4161 4157 4222 4216
f 4159 4200 4218 4223
f 4160 4179 4220 4221
f 4179 4190 4213 4220
f 4153 4185 4219 4223
f 4199 4157 4225 4235
f 4162 4158 4227 4230
f 4314 4307 4225 4229
f 4356 4305 4226 4236
f 4189 4162 4230 4234
f 4344 4314 4229 4231
f 4180 4189 4234 4233
f 4333 4344 4231 4232
f 4305 4333 4232 4226
f 4159 4180 4233 4228
f 4158 4199 4235 4227
f 4304 4356 4236 4228
f 4243 4242 4254 4255
f 4260 4251 4239 4248
f 4248 4240 4252 4260
f 4244 4246 4258 4256
f 4247 4237 4249 4259
f 4253 4252 4240 4241
f 4255 4257 4245 4243
f 4242 4239 4251 4254
f 4171 4164 4242 4243
f 4247 4238 4144 4192
f 4194 4148 4240 4248
f 4178 4144 4238 4246
f 4268 4267 4252 4253
f 4270 4272 4257 4255
f 4254 4251 4266 4269
f 4274 4265 4250 4259
f 4272 4264 4249 4257
f 4271 4268 4253 4256
f 4258 4250 4265 4273
f 4255 4254 4269 4270
f 4246 4238 4250 4258
f 4256 4253 4241 4244
f 4257 4249 4237 4245
f 4259 4250 4238 4247
f 4270 4269 4278 4279
f 4284 4261 4266 4275
f 4275 4267 4276 4284
f 4271 4273 4282 4280
f 4274 4264 4263 4283
f 4277 4276 4267 4268
f 4279 4281 4272 4270
f 4269 4266 4261 4278
f 4259 4249 4264 4274
f 4256 4258 4273 4271
f 4260 4252 4267 4275
f 4275 4266 4251 4260
f 4285 4284 4276 4277
f 4287 4285 4277 4280
f 4283 4286 4282 4262
f 4286 4287 4280 4282
f 4278 4261 4284 4285
f 4279 4278 4285 4287
f 4263 4281 4286 4283
f 4281 4279 4287 4286
f 4273 4265 4262 4282
f 4280 4277 4268 4271
f 4281 4263 4264 4272
f 4283 4262 4265 4274
f 4348 4349 4290 4289
f 4350 4293 4294 4351
f 4350 4353 4299 4293
f 4318 4317 4294 4293
f 4405 4324 4328 4407
f 4329 4331 4291 4288
f 4373 4355 4303 4363
f 4319 4323 4298 4292
f 4322 4318 4293 4299
f 4352 4348 4289 4297
f 4397 4357 4307 4387
f 4374 4352 4297 4365
f 4367 4321 4302 4364
f 4368 4322 4299 4363
f 4360 4314 4307 4357
f 4392 4315 4306 4389
f 4378 4320 4303 4384
f 4380 4354 4301 4383
f 4379 4358 4308 4384
f 4377 4313 4309 4386
f 4391 4312 4308 4387
f 4398 4359 4311 4388
f 4292 4295 4316 4319
f 4325 4324 4317 4318
f 4371 4337 4322 4368
f 4337 4325 4318 4322
f 4407 4328 4290 4399
f 4372 4336 4321 4367
f 4327 4339 4323 4319
f 4362 4344 4314 4360
f 4396 4347 4315 4392
f 4375 4338 4320 4378
f 4376 4345 4313 4377
f 4393 4346 4312 4391
f 4319 4316 4326 4327
f 4288 4296 4341 4329
f 4330 4328 4324 4325
f 4383 4301 4343 4382
f 4297 4289 4330 4342
f 4395 4332 4347 4396
f 4385 4310 4335 4381
f 4289 4290 4328 4330
f 4410 4351 4294 4401
f 4366 4300 4340 4370
f 4327 4326 4331 4329
f 4394 4334 4346 4393
f 4388 4311 4334 4394
f 4403 4316 4295 4402
f 4356 4305 4333 4361
f 4365 4297 4342 4369
f 4370 4340 4336 4372
f 4390 4304 4332 4395
f 4382 4343 4338 4375
f 4329 4341 4339 4327
f 4342 4330 4325 4337
f 4361 4333 4344 4362
f 4381 4335 4345 4376
f 4369 4342 4337 4371
f 4288 4291 4349 4348
f 4292 4350 4351 4295
f 4292 4298 4353 4350
f 4406 4326 4316 4403
f 4364 4302 4355 4373
f 4296 4288 4348 4352
f 4389 4306 4357 4397
f 4366 4296 4352 4374
f 4315 4360 4357 4306
f 4385 4300 4354 4380
f 4386 4309 4358 4379
f 4390 4310 4359 4398
f 4326 4406 4408 4331
f 4347 4362 4360 4315
f 4317 4404 4401 4294
f 4349 4409 4399 4290
f 4304 4356 4361 4332
f 4332 4361 4362 4347
f 4353 4373 4363 4299
f 4354 4374 4365 4301
f 4323 4367 4364 4298
f 4320 4368 4363 4303
f 4338 4371 4368 4320
f 4339 4372 4367 4323
f 4296 4366 4370 4341
f 4301 4365 4369 4343
f 4341 4370 4372 4339
f 4343 4369 4371 4338
f 4298 4364 4373 4353
f 4300 4366 4374 4354
f 4302 4386 4379 4355
f 4340 4381 4376 4336
f 4359 4380 4383 4311
f 4336 4376 4377 4321
f 4355 4379 4384 4303
f 4346 4375 4378 4312
f 4321 4377 4386 4302
f 4312 4378 4384 4308
f 4310 4385 4380 4359
f 4311 4383 4382 4334
f 4334 4382 4375 4346
f 4300 4385 4381 4340
f 4358 4397 4387 4308
f 4313 4392 4389 4309
f 4314 4391 4387 4307
f 4356 4398 4388 4305
f 4345 4396 4392 4313
f 4344 4393 4391 4314
f 4335 4395 4396 4345
f 4333 4394 4393 4344
f 4305 4388 4394 4333
f 4310 4390 4395 4335
f 4309 4389 4397 4358
f 4304 4390 4398 4356
f 4405 4417 4416 4404
f 4422 4410 4401 4413
f 4410 4422 4414 4402
f 4406 4418 4420 4408
f 4409 4421 4411 4399
f 4415 4403 4402 4414
f 4417 4405 4407 4419
f 4404 4416 4413 4401
f 4324 4405 4404 4317
f 4409 4349 4291 4400
f 4351 4410 4402 4295
f 4331 4408 4400 4291
f 4430 4415 4414 4429
f 4432 4417 4419 4434
f 4416 4431 4428 4413
f 4436 4421 4412 4427
f 4434 4419 4411 4426
f 4433 4418 4415 4430
f 4420 4435 4427 4412
f 4417 4432 4431 4416
f 4408 4420 4412 4400
f 4418 4406 4403 4415
f 4419 4407 4399 4411
f 4421 4409 4400 4412
f 4432 4441 4440 4431
f 4446 4437 4428 4423
f 4437 4446 4438 4429
f 4433 4442 4444 4435
f 4436 4445 4425 4426
f 4439 4430 4429 4438
f 4441 4432 4434 4443
f 4431 4440 4423 4428
f 4421 4436 4426 4411
f 4418 4433 4435 4420
f 4422 4437 4429 4414
f 4437 4422 4413 4428
f 4447 4439 4438 4446
f 4449 4442 4439 4447
f 4445 4424 4444 4448
f 4448 4444 4442 4449
f 4440 4447 4446 4423
f 4441 4449 4447 4440
f 4425 4445 4448 4443
f 4443 4448 4449 4441
f 4435 4444 4424 4427
f 4442 4433 4430 4439
f 4443 4434 4426 4425
f 4445 4436 4427 4424
o Fierro_5_Cube
v 3.934237 3.678872 -4.458985
v 3.934237 3.678872 -4.298570
v -1.432931 3.678872 -4.298570
v -1.432931 3.678872 -4.458985
v 3.934237 3.996950 -4.474096
v 3.934237 3.996950 -4.324370
v -1.432931 3.996950 -4.324370
v -1.432931 3.996950 -4.474096
v 4.073056 3.678872 -4.464265
v 4.098508 3.678872 -4.301289
v 4.100381 3.996950 -4.488908
v 4.050022 3.996950 -4.312401
v 4.717567 3.678872 -4.139517
v 4.574559 3.678872 -4.044785
v 4.722216 3.996950 -4.164160
v 4.580573 3.996950 -4.055897
v 4.832609 3.959677 -3.421786
v 5.013314 3.959677 -3.554543
v 4.979008 3.641598 -3.554543
v 4.835430 3.641598 -3.421786
v 4.778109 3.908849 -3.421786
v 5.035990 3.908849 -3.554543
v -1.432931 3.946123 -4.512288
v -1.432931 3.946123 -4.261342
v 3.934237 3.946123 -4.261342
v 3.934237 3.946123 -4.512288
v 4.509978 3.946123 -4.004838
v 4.767859 3.946123 -4.187539
v 4.033927 3.946123 -4.261342
v 4.123349 3.946123 -4.512288
v -1.432931 3.851664 -4.261342
v 3.934237 3.851664 -4.261342
v -1.432931 3.851664 -4.512288
v 3.934237 3.851664 -4.512288
v -1.432931 3.757205 -4.261342
v 3.934237 3.757205 -4.512288
v 3.934237 3.757205 -4.261342
v -1.432931 3.757205 -4.512288
v 4.778109 3.719931 -3.421786
v 5.035990 3.719931 -3.554543
v 4.756514 3.851664 -4.177218
v 4.033927 3.851664 -4.261342
v 4.509978 3.851664 -4.004838
v 4.112004 3.851664 -4.501966
v 4.767859 3.757204 -4.187539
v 4.123349 3.757205 -4.512288
v 4.033927 3.757205 -4.261342
v 4.509978 3.757204 -4.004838
v 5.024645 3.814390 -3.544221
v 4.778109 3.814390 -3.421786
v 3.934237 3.667568 -4.378778
v -1.432931 3.667568 -4.378778
v 3.934237 4.018722 -4.399233
v -1.432931 4.018722 -4.399233
v 4.085783 3.667568 -4.382777
v 4.075202 4.018722 -4.400654
v 4.646063 3.667568 -4.092151
v 4.651394 4.018722 -4.110028
v 4.922962 3.977572 -3.488164
v 4.907219 3.626418 -3.488164
v -1.432931 3.962610 -4.386815
v -1.432931 3.754046 -4.386815
v -1.432931 3.858328 -4.386815
v 4.315297 3.996950 -4.227448
v 4.411298 3.996950 -4.369833
v 4.336534 3.678872 -4.216335
v 4.395311 3.678872 -4.345190
v 4.445604 3.946123 -4.393212
v 4.271953 3.946123 -4.176388
v 4.271953 3.757204 -4.176388
v 4.445604 3.757204 -4.393212
v 4.271953 3.851664 -4.176388
v 4.434259 3.851664 -4.382891
v 4.363298 4.018722 -4.298640
v 4.365922 3.667568 -4.280763
v 4.677577 3.833027 -3.713312
v 4.924112 3.833027 -3.860720
v 4.935458 3.927486 -3.871041
v 4.677577 3.927486 -3.713312
v 4.820711 3.998147 -3.799097
v 4.810174 3.646993 -3.790157
v 4.935458 3.738567 -3.871041
v 4.677577 3.738567 -3.713312
v 4.738528 3.660235 -3.733285
v 4.740124 3.978313 -3.738842
v 4.881820 3.660235 -3.847030
v 4.901299 3.978313 -3.859351
v 4.848182 3.860467 -2.288438
v 4.851003 3.542389 -2.288438
v 5.028888 3.860467 -2.354816
v 4.994581 3.542389 -2.354816
v 4.793682 3.809640 -2.288438
v 5.051563 3.809640 -2.354816
v 4.793682 3.715181 -2.288438
v 4.793682 3.620721 -2.288438
v 5.051563 3.620721 -2.354816
v 5.045890 3.715181 -2.349655
v 4.938535 3.870797 -2.321627
v 4.922792 3.519643 -2.321627
v 3.934237 3.678872 3.297075
v 3.934237 3.678872 3.136661
v -1.432931 3.678872 3.136661
v -1.432931 3.678872 3.297075
v 3.934237 3.996950 3.312186
v 3.934237 3.996950 3.162460
v -1.432931 3.996950 3.162460
v -1.432931 3.996950 3.312186
v 4.073056 3.678872 3.302355
v 4.098508 3.678872 3.139379
v 4.100381 3.996950 3.326998
v 4.050022 3.996950 3.150491
v 4.717567 3.678872 2.977607
v 4.574559 3.678872 2.882874
v 4.722216 3.996950 3.002250
v 4.580573 3.996950 2.893987
v 5.010154 3.496084 -0.580955
v 4.866577 3.496084 -0.580955
v 5.044461 3.814162 -0.580955
v 4.863755 3.814162 -0.580955
v 4.832609 3.959677 2.259876
v 5.013314 3.959677 2.392633
v 4.979008 3.641598 2.392633
v 4.835430 3.641598 2.259877
v 4.778109 3.908849 2.259876
v 5.035990 3.908849 2.392633
v 4.809255 3.763335 -0.580955
v 5.067136 3.763335 -0.580955
v -1.432931 3.946123 3.350378
v -1.432931 3.946123 3.099432
v 3.934237 3.946123 3.099432
v 3.934237 3.946123 3.350378
v 4.509978 3.946123 2.842927
v 4.767859 3.946123 3.025629
v 4.033927 3.946123 3.099432
v 4.123349 3.946123 3.350378
v -1.432931 3.851664 3.099432
v 3.934237 3.851664 3.099432
v -1.432931 3.851664 3.350378
v 3.934237 3.851664 3.350378
v -1.432931 3.757205 3.099432
v 3.934237 3.757205 3.350378
v 3.934237 3.757205 3.099432
v -1.432931 3.757205 3.350378
v 5.067136 3.574416 -0.580955
v 4.809255 3.574416 -0.580955
v 4.778109 3.719931 2.259876
v 5.035990 3.719931 2.392633
v 4.756514 3.851664 3.015308
v 4.033927 3.851664 3.099432
v 4.509978 3.851664 2.842927
v 4.112004 3.851664 3.340056
v 4.767859 3.757204 3.025629
v 4.123349 3.757205 3.350378
v 4.033927 3.757205 3.099432
v 4.509978 3.757204 2.842927
v 4.809255 3.668876 -0.580955
v 5.024645 3.814390 2.382312
v 4.778109 3.814390 2.259876
v 5.067136 3.668876 -0.580955
v 3.934237 3.667568 3.216868
v -1.432931 3.667568 3.216868
v 3.934237 4.018722 3.237323
v -1.432931 4.018722 3.237323
v 4.085783 3.667568 3.220867
v 4.075202 4.018722 3.238744
v 4.646063 3.667568 2.930241
v 4.651394 4.018722 2.948118
v 4.938365 3.465772 -0.580955
v 4.954108 3.816926 -0.580955
v 4.922962 3.977572 2.326254
v 4.907219 3.626418 2.326254
v 4.938196 3.760814 -0.580955
v -1.432931 3.962610 3.224905
v 4.938196 3.552250 -0.580955
v -1.432931 3.754046 3.224905
v -1.432931 3.858328 3.224905
v 4.938196 3.656532 -0.580955
v 4.315297 3.996950 3.065537
v 4.411298 3.996950 3.207923
v 4.336534 3.678872 3.054425
v 4.395311 3.678872 3.183280
v 4.445604 3.946123 3.231302
v 4.271953 3.946123 3.014479
v 4.271953 3.757204 3.014479
v 4.445604 3.757204 3.231302
v 4.271953 3.851664 3.014479
v 4.434259 3.851664 3.220981
v 4.363298 4.018722 3.136730
v 4.365922 3.667568 3.118853
v 4.677577 3.833027 2.551402
v 4.924112 3.833027 2.698810
v 4.935458 3.927486 2.709131
v 4.677577 3.927486 2.551402
v 4.820711 3.998147 2.637187
v 4.810174 3.646993 2.628248
v 4.935458 3.738567 2.709131
v 4.677577 3.738567 2.551402
v 4.738528 3.660235 2.571375
v 4.740124 3.978313 2.576931
v 4.881820 3.660235 2.685120
v 4.901299 3.978313 2.697441
v 4.848182 3.860467 1.126528
v 4.851003 3.542389 1.126528
v 5.028888 3.860467 1.192906
v 4.994581 3.542389 1.192906
v 4.793682 3.809640 1.126528
v 5.051563 3.809640 1.192906
v 4.793682 3.715181 1.126528
v 4.793682 3.620721 1.126528
v 5.051563 3.620721 1.192906
v 5.045890 3.715181 1.187746
v 4.938535 3.870797 1.159717
v 4.922792 3.519643 1.159717
usemtl Material
s 1
f 4500 4451 4452 4501
f 4502 4503 4456 4455
f 4502 4455 4461 4505
f 4474 4455 4456 4473
f 4510 4503 4457 4472
f 4485 4450 4453 4487
f 4523 4513 4465 4507
f 4475 4454 4460 4479
f 4478 4461 4455 4474
f 4504 4459 4451 4500
f 4547 4537 4568 4618
f 4524 4515 4459 4504
f 4517 4514 4464 4477
f 4518 4513 4461 4478
f 4621 4618 4568 4575
f 4542 4539 4567 4576
f 4528 4534 4465 4476
f 4530 4533 4463 4506
f 4529 4534 4466 4508
f 4527 4536 4467 4471
f 4541 4537 4466 4470
f 4548 4538 4469 4509
f 4454 4475 4472 4457
f 4481 4474 4473 4480
f 4521 4518 4478 4491
f 4491 4478 4474 4481
f 4512 4510 4472 4482
f 4522 4517 4477 4490
f 4483 4475 4479 4493
f 4626 4621 4575 4605
f 4546 4542 4576 4608
f 4525 4528 4476 4492
f 4526 4527 4471 4498
f 4543 4541 4470 4499
f 4475 4483 4482 4472
f 4450 4485 4495 4458
f 4486 4481 4480 4484
f 4533 4532 4497 4463
f 4459 4496 4486 4451
f 4545 4546 4608 4593
f 4535 4531 4489 4468
f 4451 4486 4484 4452
f 4501 4511 4487 4453
f 4516 4520 4494 4462
f 4483 4485 4487 4482
f 4544 4543 4499 4488
f 4538 4544 4488 4469
f 4511 4512 4482 4487
f 4617 4623 4594 4566
f 4515 4519 4496 4459
f 4520 4522 4490 4494
f 4540 4545 4593 4565
f 4532 4525 4492 4497
f 4485 4483 4493 4495
f 4496 4491 4481 4486
f 4623 4626 4605 4594
f 4531 4526 4498 4489
f 4519 4521 4491 4496
f 4450 4500 4501 4453
f 4454 4457 4503 4502
f 4454 4502 4505 4460
f 4473 4456 4503 4510
f 4514 4523 4507 4464
f 4500 4450 4458 4504
f 4539 4547 4618 4567
f 4516 4524 4504 4458
f 4576 4567 4618 4621
f 4535 4530 4506 4462
f 4536 4529 4508 4467
f 4540 4548 4509 4468
f 4480 4473 4510 4512
f 4608 4576 4621 4626
f 4452 4484 4511 4501
f 4484 4480 4512 4511
f 4565 4593 4623 4617
f 4593 4608 4626 4623
f 4505 4461 4513 4523
f 4506 4463 4515 4524
f 4479 4460 4514 4517
f 4476 4465 4513 4518
f 4492 4476 4518 4521
f 4493 4479 4517 4522
f 4458 4495 4520 4516
f 4463 4497 4519 4515
f 4495 4493 4522 4520
f 4497 4492 4521 4519
f 4460 4505 4523 4514
f 4462 4506 4524 4516
f 4464 4507 4529 4536
f 4494 4490 4526 4531
f 4509 4469 4533 4530
f 4490 4477 4527 4526
f 4507 4465 4534 4529
f 4499 4470 4528 4525
f 4477 4464 4536 4527
f 4470 4466 4534 4528
f 4468 4509 4530 4535
f 4469 4488 4532 4533
f 4488 4499 4525 4532
f 4462 4494 4531 4535
f 4508 4466 4537 4547
f 4471 4467 4539 4542
f 4575 4568 4537 4541
f 4617 4566 4538 4548
f 4498 4471 4542 4546
f 4605 4575 4541 4543
f 4489 4498 4546 4545
f 4594 4605 4543 4544
f 4566 4594 4544 4538
f 4468 4489 4545 4540
f 4467 4508 4547 4539
f 4565 4617 4548 4540
f 4609 4610 4551 4550
f 4611 4554 4555 4612
f 4611 4614 4560 4554
f 4579 4578 4555 4554
f 4622 4577 4556 4612
f 4590 4592 4552 4549
f 4637 4616 4564 4627
f 4580 4584 4559 4553
f 4583 4579 4554 4560
f 4613 4609 4550 4558
f 4661 4618 4568 4651
f 4638 4613 4558 4629
f 4631 4582 4563 4628
f 4632 4583 4560 4627
f 4621 4575 4568 4618
f 4656 4576 4567 4653
f 4642 4581 4564 4648
f 4644 4615 4562 4647
f 4643 4619 4569 4648
f 4641 4574 4570 4650
f 4655 4573 4569 4651
f 4662 4620 4572 4652
f 4553 4556 4577 4580
f 4586 4585 4578 4579
f 4635 4598 4583 4632
f 4598 4586 4579 4583
f 4625 4587 4577 4622
f 4636 4597 4582 4631
f 4588 4600 4584 4580
f 4626 4605 4575 4621
f 4660 4608 4576 4656
f 4639 4599 4581 4642
f 4640 4606 4574 4641
f 4657 4607 4573 4655
f 4580 4577 4587 4588
f 4549 4557 4602 4590
f 4591 4589 4585 4586
f 4647 4562 4604 4646
f 4558 4550 4591 4603
f 4659 4593 4608 4660
f 4649 4571 4596 4645
f 4550 4551 4589 4591
f 4610 4552 4592 4624
f 4630 4561 4601 4634
f 4588 4587 4592 4590
f 4658 4595 4607 4657
f 4652 4572 4595 4658
f 4624 4592 4587 4625
f 4617 4566 4594 4623
f 4629 4558 4603 4633
f 4634 4601 4597 4636
f 4654 4565 4593 4659
f 4646 4604 4599 4639
f 4590 4602 4600 4588
f 4603 4591 4586 4598
f 4623 4594 4605 4626
f 4645 4596 4606 4640
f 4633 4603 4598 4635
f 4549 4552 4610 4609
f 4553 4611 4612 4556
f 4553 4559 4614 4611
f 4578 4622 4612 4555
f 4628 4563 4616 4637
f 4557 4549 4609 4613
f 4653 4567 4618 4661
f 4630 4557 4613 4638
f 4576 4621 4618 4567
f 4649 4561 4615 4644
f 4650 4570 4619 4643
f 4654 4571 4620 4662
f 4585 4625 4622 4578
f 4608 4626 4621 4576
f 4551 4610 4624 4589
f 4589 4624 4625 4585
f 4565 4617 4623 4593
f 4593 4623 4626 4608
f 4614 4637 4627 4560
f 4615 4638 4629 4562
f 4584 4631 4628 4559
f 4581 4632 4627 4564
f 4599 4635 4632 4581
f 4600 4636 4631 4584
f 4557 4630 4634 4602
f 4562 4629 4633 4604
f 4602 4634 4636 4600
f 4604 4633 4635 4599
f 4559 4628 4637 4614
f 4561 4630 4638 4615
f 4563 4650 4643 4616
f 4601 4645 4640 4597
f 4620 4644 4647 4572
f 4597 4640 4641 4582
f 4616 4643 4648 4564
f 4607 4639 4642 4573
f 4582 4641 4650 4563
f 4573 4642 4648 4569
f 4571 4649 4644 4620
f 4572 4647 4646 4595
f 4595 4646 4639 4607
f 4561 4649 4645 4601
f 4619 4661 4651 4569
f 4574 4656 4653 4570
f 4575 4655 4651 4568
f 4617 4662 4652 4566
f 4606 4660 4656 4574
f 4605 4657 4655 4575
f 4596 4659 4660 4606
f 4594 4658 4657 4605
f 4566 4652 4658 4594
f 4571 4654 4659 4596
f 4570 4653 4661 4619
f 4565 4654 4662 4617
