# Blender 4.5.3 LTS
# www.blender.org
mtllib room.mtl
o Handle_Back
v -0.013806 1.022912 -2.452287
v -0.014456 1.038995 -2.462457
v -0.014603 1.058019 -2.463234
v -0.014207 1.074885 -2.454410
v -0.013374 1.085076 -2.438348
v -0.012329 1.085860 -2.419353
v -0.011350 1.077027 -2.402514
v -0.010700 1.060944 -2.392344
v -0.010554 1.041920 -2.391567
v -0.010950 1.025054 -2.400392
v -0.011782 1.014863 -2.416453
v -0.012828 1.014079 -2.435448
v -0.025032 1.022037 -2.452418
v -0.025701 1.038604 -2.462894
v -0.025852 1.058200 -2.463695
v -0.025444 1.075575 -2.454604
v -0.024586 1.086072 -2.438059
v -0.023509 1.086879 -2.418492
v -0.022501 1.077780 -2.401147
v -0.021832 1.061213 -2.390670
v -0.021681 1.041617 -2.389870
v -0.022089 1.024243 -2.398960
v -0.022946 1.013745 -2.415505
v -0.024023 1.012938 -2.435072
v -0.009781 1.049985 -2.427555
v -0.027532 1.032281 -2.442817
v -0.027955 1.042749 -2.449437
v -0.028051 1.055132 -2.449942
v -0.027793 1.066110 -2.444198
v -0.027251 1.072743 -2.433744
v -0.026570 1.073254 -2.421380
v -0.025933 1.067504 -2.410420
v -0.025510 1.057036 -2.403800
v -0.025415 1.044653 -2.403294
v -0.025673 1.033675 -2.409038
v -0.026215 1.027042 -2.419492
v -0.026895 1.026531 -2.431856
v -0.037293 1.035133 -2.439597
v -0.037646 1.043874 -2.445125
v -0.037726 1.054213 -2.445547
v -0.037511 1.063380 -2.440751
v -0.037058 1.068919 -2.432021
v -0.036490 1.069345 -2.421697
v -0.035958 1.064544 -2.412546
v -0.035605 1.055803 -2.407018
v -0.035525 1.045464 -2.406596
v -0.035740 1.036297 -2.411392
v -0.036193 1.030758 -2.420121
v -0.036761 1.030332 -2.430445
v -0.029902 1.034785 -2.440364
v -0.030264 1.043757 -2.446037
v -0.030346 1.054369 -2.446471
v -0.030125 1.063778 -2.441548
v -0.029660 1.069463 -2.432588
v -0.029077 1.069900 -2.421992
v -0.028531 1.064973 -2.412598
v -0.028169 1.056001 -2.406924
v -0.028087 1.045389 -2.406491
v -0.028308 1.035980 -2.411414
v -0.028772 1.030295 -2.420374
v -0.029355 1.029858 -2.430970
v -0.035385 1.036546 -2.438409
v -0.035705 1.044453 -2.443410
v -0.035777 1.053806 -2.443792
v -0.035582 1.062099 -2.439453
v -0.035173 1.067109 -2.431556
v -0.034658 1.067495 -2.422217
v -0.034177 1.063152 -2.413938
v -0.033858 1.055244 -2.408937
v -0.033786 1.045891 -2.408555
v -0.033980 1.037598 -2.412894
v -0.034390 1.032588 -2.420791
v -0.034904 1.032203 -2.430130
v -0.017456 1.044404 -2.444894
v -0.017128 1.036279 -2.439756
v -0.017530 1.054015 -2.445287
v -0.017330 1.062536 -2.440828
v -0.016910 1.067684 -2.432714
v -0.016382 1.068080 -2.423118
v -0.015887 1.063617 -2.414611
v -0.015559 1.055492 -2.409473
v -0.015485 1.045882 -2.409081
v -0.015685 1.037361 -2.413539
v -0.016105 1.032212 -2.421653
v -0.016634 1.031816 -2.431249
v -0.031827 1.037252 -2.437972
v -0.032130 1.044751 -2.442713
v -0.032199 1.053621 -2.443076
v -0.032014 1.061485 -2.438961
v -0.031626 1.066236 -2.431473
v -0.031138 1.066602 -2.422616
v -0.030682 1.062483 -2.414765
v -0.030379 1.054985 -2.410023
v -0.030311 1.046115 -2.409661
v -0.030495 1.038251 -2.413775
v -0.030883 1.033500 -2.421264
v -0.031371 1.033134 -2.430121
v -0.063222 1.037082 -2.436236
v -0.063525 1.044580 -2.440978
v -0.063593 1.053450 -2.441340
v -0.063408 1.061314 -2.437226
v -0.063020 1.066065 -2.429737
v -0.062999 1.066561 -2.406606
v -0.059254 1.062428 -2.394377
v -0.058930 1.055341 -2.390278
v -0.058866 1.046977 -2.389936
v -0.059078 1.039577 -2.393444
v -0.062752 1.034384 -2.405292
v -0.062765 1.032963 -2.428385
v -0.077592 1.038649 -2.433924
v -0.077856 1.045169 -2.438047
v -0.077915 1.052882 -2.438362
v -0.077755 1.059719 -2.434784
v -0.077417 1.063851 -2.428273
v -0.076600 1.064908 -2.406086
v -0.077194 1.060671 -2.394651
v -0.076910 1.054563 -2.391170
v -0.076854 1.047357 -2.390876
v -0.077042 1.040982 -2.393847
v -0.076376 1.035842 -2.404899
v -0.077196 1.035068 -2.427097
v -0.061665 1.042174 -2.317077
v -0.062302 1.045408 -2.315155
v -0.061901 1.050956 -2.314115
v -0.061950 1.057297 -2.314373
v -0.062435 1.062734 -2.315862
v -0.061848 1.065842 -2.318044
v -0.056766 1.042225 -2.318293
v -0.054952 1.045484 -2.316978
v -0.054551 1.051031 -2.315938
v -0.054600 1.057373 -2.316197
v -0.055086 1.062810 -2.317685
v -0.056948 1.065892 -2.319260
v -0.031511 1.044302 -2.292528
v -0.030004 1.044290 -2.293675
v -0.026740 1.047015 -2.291154
v -0.025993 1.052094 -2.290894
v -0.026037 1.057930 -2.291132
v -0.026862 1.062959 -2.291806
v -0.031675 1.065574 -2.293396
v -0.030168 1.065562 -2.294544
v -0.025114 1.046987 -2.292715
v -0.024367 1.052066 -2.292454
v -0.024412 1.057903 -2.292693
v -0.025237 1.062932 -2.293366
v -0.079244 1.049607 -2.423716
v -0.012583 1.040501 -2.457764
v -0.011400 1.042566 -2.451227
v -0.010641 1.045216 -2.442786
v -0.012022 1.026612 -2.448981
v -0.010961 1.031698 -2.444354
v -0.010359 1.038227 -2.438367
v -0.014019 1.026313 -2.455802
v -0.014204 1.030059 -2.458783
v -0.014344 1.034359 -2.460890
v -0.012709 1.056929 -2.458435
v -0.011499 1.055422 -2.451752
v -0.010705 1.053482 -2.443124
v -0.014556 1.043701 -2.463804
v -0.014621 1.048438 -2.464514
v -0.014629 1.053218 -2.464192
v -0.012367 1.071495 -2.450814
v -0.011231 1.066821 -2.445789
v -0.010533 1.060811 -2.439289
v -0.014563 1.062769 -2.462050
v -0.014491 1.067228 -2.460301
v -0.014365 1.071207 -2.457636
v -0.011649 1.080295 -2.436944
v -0.010669 1.073708 -2.434934
v -0.010171 1.065240 -2.432310
v -0.014038 1.078407 -2.451013
v -0.013848 1.081393 -2.447272
v -0.013622 1.083505 -2.442978
v -0.010746 1.080972 -2.420540
v -0.009962 1.074237 -2.422097
v -0.009716 1.065580 -2.424056
v -0.013122 1.086425 -2.433649
v -0.012864 1.087139 -2.428919
v -0.012599 1.086818 -2.424146
v -0.009900 1.073344 -2.405999
v -0.009301 1.068268 -2.410718
v -0.009291 1.061742 -2.416739
v -0.012060 1.084676 -2.414610
v -0.011804 1.082925 -2.410158
v -0.011570 1.080257 -2.406187
v -0.009339 1.059456 -2.397216
v -0.008862 1.057399 -2.403845
v -0.009009 1.054753 -2.412319
v -0.011137 1.073626 -2.398999
v -0.010952 1.069880 -2.396018
v -0.010812 1.065580 -2.393911
v -0.009213 1.043027 -2.396545
v -0.008763 1.044543 -2.403320
v -0.008945 1.046487 -2.411982
v -0.010600 1.056238 -2.390998
v -0.010535 1.051501 -2.390287
v -0.010527 1.046721 -2.390609
v -0.009555 1.028462 -2.404166
v -0.009030 1.033145 -2.409283
v -0.009117 1.039158 -2.415816
v -0.010593 1.037170 -2.392751
v -0.010666 1.032711 -2.394500
v -0.010791 1.028732 -2.397166
v -0.010274 1.019661 -2.418036
v -0.009593 1.026258 -2.420138
v -0.009479 1.034729 -2.422796
v -0.011118 1.021532 -2.403788
v -0.011309 1.018546 -2.407529
v -0.011535 1.016434 -2.411824
v -0.011177 1.018984 -2.434440
v -0.010299 1.025728 -2.432975
v -0.009933 1.034389 -2.431050
v -0.012034 1.013514 -2.421152
v -0.012292 1.012800 -2.425883
v -0.012557 1.013121 -2.430655
v -0.013586 1.019682 -2.448615
v -0.013352 1.017014 -2.444643
v -0.013096 1.015263 -2.440191
v -0.016439 1.020745 -2.454127
v -0.019531 1.019997 -2.454631
v -0.022568 1.020487 -2.453996
v -0.025240 1.025627 -2.455826
v -0.025422 1.029634 -2.458739
v -0.025577 1.033983 -2.461110
v -0.017140 1.038108 -2.465107
v -0.020250 1.037795 -2.465886
v -0.023274 1.037984 -2.465060
v -0.025791 1.043420 -2.464053
v -0.025847 1.048349 -2.464575
v -0.025867 1.053304 -2.464456
v -0.017298 1.058645 -2.465946
v -0.020412 1.058846 -2.466746
v -0.023434 1.058679 -2.465905
v -0.025800 1.062952 -2.462293
v -0.025714 1.067483 -2.460284
v -0.025594 1.071715 -2.457708
v -0.016871 1.076854 -2.456419
v -0.019974 1.077512 -2.456980
v -0.023003 1.077028 -2.456305
v -0.025264 1.078989 -2.451018
v -0.025059 1.081907 -2.447017
v -0.024832 1.084283 -2.442673
v -0.015972 1.087856 -2.439079
v -0.019053 1.088789 -2.439206
v -0.022097 1.088114 -2.438832
v -0.024327 1.087234 -2.433249
v -0.024058 1.087758 -2.428328
v -0.023784 1.087641 -2.423380
v -0.014843 1.088702 -2.418572
v -0.017896 1.089656 -2.418186
v -0.020960 1.088967 -2.418167
v -0.023239 1.085477 -2.413748
v -0.022978 1.083467 -2.409225
v -0.022731 1.080888 -2.404999
v -0.013787 1.079166 -2.400394
v -0.016813 1.079881 -2.399552
v -0.019895 1.079358 -2.399849
v -0.022293 1.074190 -2.397739
v -0.022110 1.070184 -2.394826
v -0.021955 1.065834 -2.392455
v -0.013085 1.061803 -2.389414
v -0.016094 1.062084 -2.388297
v -0.019188 1.061861 -2.388785
v -0.021741 1.056397 -2.389512
v -0.021686 1.051468 -2.388990
v -0.021665 1.046513 -2.389108
v -0.012927 1.041266 -2.388575
v -0.015932 1.041032 -2.387437
v -0.019029 1.041166 -2.387940
v -0.021732 1.036865 -2.391271
v -0.021819 1.032335 -2.393280
v -0.021938 1.028102 -2.395856
v -0.013355 1.023057 -2.398102
v -0.016370 1.022367 -2.397203
v -0.019460 1.022817 -2.397540
v -0.022268 1.020828 -2.402546
v -0.022474 1.017910 -2.406547
v -0.022701 1.015534 -2.410891
v -0.014253 1.012056 -2.415442
v -0.017291 1.011090 -2.414977
v -0.020365 1.011731 -2.415013
v -0.023206 1.012584 -2.420315
v -0.023475 1.012060 -2.425236
v -0.023749 1.012177 -2.430184
v -0.015382 1.011209 -2.435949
v -0.018448 1.010222 -2.435997
v -0.021503 1.010878 -2.435677
v -0.024802 1.018929 -2.448565
v -0.024554 1.016351 -2.444340
v -0.024293 1.014340 -2.439817
v -0.027155 1.039565 -2.459707
v -0.027809 1.040700 -2.456019
v -0.027973 1.041823 -2.452405
v -0.026543 1.024419 -2.450129
v -0.027265 1.027224 -2.447498
v -0.027495 1.029997 -2.444926
v -0.027664 1.034550 -2.444970
v -0.027779 1.037081 -2.446811
v -0.027877 1.039830 -2.448309
v -0.027293 1.057480 -2.460438
v -0.027932 1.056639 -2.456670
v -0.028080 1.055812 -2.452976
v -0.028012 1.045793 -2.450169
v -0.028048 1.048907 -2.450498
v -0.028060 1.052038 -2.450424
v -0.026920 1.073364 -2.452128
v -0.027600 1.070772 -2.449276
v -0.027789 1.068215 -2.446487
v -0.028018 1.058134 -2.449057
v -0.027964 1.060997 -2.447788
v -0.027888 1.063672 -2.446160
v -0.026136 1.082961 -2.437002
v -0.026902 1.079310 -2.435818
v -0.027177 1.075708 -2.434676
v -0.027679 1.068268 -2.441932
v -0.027550 1.070112 -2.439404
v -0.027406 1.071613 -2.436659
v -0.025151 1.083699 -2.419114
v -0.026026 1.079967 -2.419903
v -0.026408 1.076285 -2.420708
v -0.027087 1.073477 -2.430705
v -0.026917 1.073809 -2.427595
v -0.026744 1.073735 -2.424469
v -0.024229 1.075381 -2.403256
v -0.025206 1.072566 -2.405794
v -0.025688 1.069790 -2.408326
v -0.026400 1.072367 -2.418382
v -0.026235 1.071097 -2.415524
v -0.026079 1.069468 -2.412854
v -0.023618 1.060235 -2.393679
v -0.024662 1.059090 -2.397272
v -0.025211 1.057963 -2.400847
v -0.025802 1.065235 -2.408266
v -0.025686 1.062704 -2.406426
v -0.025589 1.059955 -2.404927
v -0.023480 1.042320 -2.392947
v -0.024539 1.043151 -2.396621
v -0.025103 1.043974 -2.400276
v -0.025453 1.053992 -2.403068
v -0.025418 1.050878 -2.402738
v -0.025405 1.047747 -2.402813
v -0.023853 1.026436 -2.401258
v -0.024871 1.029019 -2.404015
v -0.025394 1.031572 -2.406765
v -0.025448 1.041651 -2.404180
v -0.025502 1.038788 -2.405449
v -0.025578 1.036113 -2.407077
v -0.024636 1.016839 -2.416383
v -0.025568 1.020480 -2.417473
v -0.026006 1.024078 -2.418576
v -0.025786 1.031517 -2.411304
v -0.025916 1.029673 -2.413832
v -0.026060 1.028172 -2.416577
v -0.025621 1.016101 -2.434272
v -0.026444 1.019823 -2.433389
v -0.026775 1.023502 -2.432544
v -0.026379 1.026308 -2.422532
v -0.026549 1.025976 -2.425642
v -0.026722 1.026050 -2.428768
v -0.027387 1.030317 -2.440382
v -0.027231 1.028688 -2.437712
v -0.027066 1.027418 -2.434855
v -0.027647 1.033735 -2.441468
v -0.027995 1.034481 -2.440759
v -0.028704 1.034752 -2.440466
v -0.030014 1.036729 -2.442209
v -0.030113 1.038899 -2.443787
v -0.030197 1.041255 -2.445071
v -0.028035 1.043339 -2.447541
v -0.028365 1.043640 -2.446551
v -0.029068 1.043748 -2.446155
v -0.035660 1.034917 -2.439894
v -0.033667 1.034813 -2.440111
v -0.031639 1.034782 -2.440262
v -0.037403 1.037027 -2.441395
v -0.037499 1.039141 -2.442932
v -0.037581 1.041436 -2.444183
v -0.036019 1.043792 -2.445506
v -0.034028 1.043756 -2.445766
v -0.032001 1.043750 -2.445933
v -0.030313 1.046365 -2.446665
v -0.030343 1.049034 -2.446947
v -0.030354 1.051718 -2.446883
v -0.028123 1.054698 -2.448005
v -0.028449 1.054473 -2.446994
v -0.029150 1.054387 -2.446589
v -0.037694 1.046415 -2.445736
v -0.037723 1.049016 -2.446011
v -0.037734 1.051630 -2.445949
v -0.036100 1.054289 -2.445935
v -0.034110 1.054334 -2.446198
v -0.032083 1.054358 -2.446367
v -0.030318 1.056943 -2.445712
v -0.030271 1.059396 -2.444624
v -0.030206 1.061688 -2.443229
v -0.027886 1.064769 -2.442735
v -0.028223 1.064079 -2.441968
v -0.028928 1.063821 -2.441653
v -0.037699 1.056721 -2.444808
v -0.037653 1.059111 -2.443748
v -0.037590 1.061344 -2.442388
v -0.035881 1.063596 -2.441066
v -0.033890 1.063713 -2.441291
v -0.031862 1.063763 -2.441446
v -0.030027 1.065627 -2.439606
v -0.029916 1.067208 -2.437439
v -0.029793 1.068495 -2.435087
v -0.027389 1.070854 -2.433145
v -0.027749 1.069882 -2.432822
v -0.028463 1.069521 -2.432670
v -0.037416 1.065182 -2.438859
v -0.037308 1.066722 -2.436748
v -0.037188 1.067975 -2.434456
v -0.035422 1.069219 -2.432203
v -0.033427 1.069380 -2.432360
v -0.031398 1.069446 -2.432489
v -0.029520 1.070092 -2.429983
v -0.029374 1.070376 -2.427318
v -0.029226 1.070313 -2.424639
v -0.026765 1.071322 -2.421803
v -0.027154 1.070328 -2.422004
v -0.027878 1.069959 -2.422046
v -0.036921 1.069532 -2.429484
v -0.036779 1.069808 -2.426887
v -0.036635 1.069747 -2.424277
v -0.034845 1.069652 -2.421721
v -0.032845 1.069816 -2.421798
v -0.030815 1.069883 -2.421897
v -0.028931 1.069141 -2.419422
v -0.028790 1.068052 -2.416973
v -0.028655 1.066656 -2.414684
v -0.026180 1.066048 -2.411748
v -0.026596 1.065298 -2.412415
v -0.027330 1.065019 -2.412628
v -0.036348 1.068605 -2.419194
v -0.036210 1.067544 -2.416808
v -0.036079 1.066184 -2.414578
v -0.034305 1.064778 -2.412430
v -0.032301 1.064904 -2.412435
v -0.030269 1.064957 -2.412508
v -0.028418 1.063029 -2.410753
v -0.028319 1.060859 -2.409175
v -0.028236 1.058503 -2.407891
v -0.025792 1.056444 -2.405676
v -0.026226 1.056139 -2.406623
v -0.026967 1.056024 -2.406940
v -0.035848 1.062650 -2.410748
v -0.035752 1.060536 -2.409211
v -0.035670 1.058241 -2.407960
v -0.033946 1.055903 -2.406818
v -0.031940 1.055961 -2.406779
v -0.029907 1.055989 -2.406836
v -0.028120 1.053393 -2.406297
v -0.028090 1.050724 -2.406015
v -0.028078 1.048040 -2.406079
v -0.025705 1.045085 -2.405212
v -0.026143 1.045306 -2.406181
v -0.026885 1.045384 -2.406505
v -0.035557 1.053262 -2.406407
v -0.035528 1.050661 -2.406132
v -0.035517 1.048047 -2.406194
v -0.033865 1.045406 -2.406389
v -0.031858 1.045383 -2.406347
v -0.029825 1.045381 -2.406403
v -0.028115 1.042815 -2.407250
v -0.028162 1.040362 -2.408338
v -0.028226 1.038070 -2.409733
v -0.025941 1.035014 -2.410481
v -0.026368 1.035700 -2.411206
v -0.027106 1.035950 -2.411441
v -0.035552 1.042957 -2.407335
v -0.035598 1.040566 -2.408395
v -0.035661 1.038333 -2.409755
v -0.034084 1.036099 -2.411259
v -0.032078 1.036004 -2.411254
v -0.030046 1.035976 -2.411324
v -0.028405 1.034131 -2.413356
v -0.028516 1.032550 -2.415523
v -0.028639 1.031263 -2.417875
v -0.026438 1.028929 -2.420072
v -0.026842 1.029897 -2.420353
v -0.027572 1.030250 -2.420424
v -0.035835 1.034496 -2.413284
v -0.035944 1.032956 -2.415395
v -0.036063 1.031702 -2.417687
v -0.034543 1.030476 -2.420121
v -0.032541 1.030337 -2.420185
v -0.030510 1.030293 -2.420280
v -0.028913 1.029666 -2.422979
v -0.029058 1.029382 -2.425644
v -0.029207 1.029445 -2.428323
v -0.027063 1.028461 -2.431414
v -0.027438 1.029451 -2.431170
v -0.028157 1.029812 -2.431048
v -0.036330 1.030146 -2.422659
v -0.036472 1.029869 -2.425256
v -0.036616 1.029931 -2.427866
v -0.035120 1.030043 -2.430603
v -0.033123 1.029902 -2.430748
v -0.031093 1.029856 -2.430872
v -0.029777 1.033102 -2.438277
v -0.029643 1.031706 -2.435989
v -0.029502 1.030617 -2.433540
v -0.037172 1.033494 -2.437565
v -0.037041 1.032133 -2.435335
v -0.036904 1.031072 -2.432949
v -0.038612 1.044011 -2.444617
v -0.038721 1.044175 -2.444081
v -0.037808 1.044334 -2.443637
v -0.038267 1.035477 -2.439221
v -0.038386 1.035885 -2.438838
v -0.037482 1.036270 -2.438537
v -0.035484 1.038259 -2.440036
v -0.035572 1.040172 -2.441426
v -0.035645 1.042248 -2.442558
v -0.038689 1.054104 -2.445029
v -0.038796 1.053982 -2.444481
v -0.037881 1.053874 -2.444027
v -0.035748 1.046752 -2.443963
v -0.035774 1.049104 -2.444211
v -0.035784 1.051469 -2.444155
v -0.038479 1.063053 -2.440347
v -0.038592 1.062676 -2.439932
v -0.037682 1.062331 -2.439602
v -0.035752 1.056074 -2.443123
v -0.035711 1.058237 -2.442164
v -0.035654 1.060257 -2.440934
v -0.038038 1.068460 -2.431825
v -0.038163 1.067930 -2.431652
v -0.037265 1.067441 -2.431548
v -0.035496 1.063729 -2.437741
v -0.035398 1.065122 -2.435831
v -0.035290 1.066256 -2.433758
v -0.037483 1.068876 -2.421747
v -0.037624 1.068334 -2.421860
v -0.036741 1.067834 -2.422023
v -0.035049 1.067664 -2.429260
v -0.034920 1.067914 -2.426911
v -0.034789 1.067858 -2.424550
v -0.036963 1.064189 -2.412812
v -0.037120 1.063780 -2.413180
v -0.036250 1.063405 -2.413579
v -0.034530 1.066825 -2.419952
v -0.034405 1.065866 -2.417793
v -0.034287 1.064635 -2.415776
v -0.036619 1.055656 -2.407416
v -0.036785 1.055490 -2.407938
v -0.035924 1.055340 -2.408479
v -0.034078 1.061438 -2.412311
v -0.033991 1.059526 -2.410921
v -0.033917 1.057450 -2.409789
v -0.036541 1.045563 -2.407004
v -0.036709 1.045683 -2.407537
v -0.035851 1.045801 -2.408089
v -0.033815 1.052945 -2.408384
v -0.033788 1.050593 -2.408135
v -0.033778 1.048228 -2.408191
v -0.036751 1.036613 -2.411686
v -0.036913 1.036989 -2.412086
v -0.036049 1.037343 -2.412514
v -0.033810 1.043623 -2.409224
v -0.033852 1.041461 -2.410183
v -0.033909 1.039440 -2.411412
v -0.037193 1.031207 -2.420208
v -0.037342 1.031735 -2.420366
v -0.036467 1.032233 -2.420569
v -0.034066 1.035969 -2.414606
v -0.034164 1.034576 -2.416515
v -0.034273 1.033442 -2.418589
v -0.037747 1.030791 -2.430287
v -0.037881 1.031331 -2.430158
v -0.036991 1.031840 -2.430094
v -0.034514 1.032034 -2.423086
v -0.034642 1.031783 -2.425436
v -0.034773 1.031839 -2.427797
v -0.035275 1.035062 -2.436570
v -0.035157 1.033832 -2.434553
v -0.035033 1.032872 -2.432395
v -0.032329 1.044506 -2.443485
v -0.027937 1.044503 -2.443814
v -0.022866 1.044463 -2.444312
v -0.032012 1.036649 -2.438517
v -0.027618 1.036607 -2.438821
v -0.022543 1.036467 -2.439256
v -0.017396 1.042138 -2.444019
v -0.017320 1.040005 -2.442856
v -0.017230 1.038040 -2.441427
v -0.032401 1.053799 -2.443865
v -0.028009 1.053843 -2.444196
v -0.022939 1.053920 -2.444698
v -0.017501 1.046766 -2.445462
v -0.017528 1.049183 -2.445718
v -0.017538 1.051613 -2.445660
v -0.032208 1.062039 -2.439554
v -0.027814 1.062124 -2.439863
v -0.022742 1.062305 -2.440311
v -0.017505 1.056345 -2.444599
v -0.017463 1.058567 -2.443614
v -0.017404 1.060643 -2.442350
v -0.031801 1.067017 -2.431707
v -0.027406 1.067127 -2.431977
v -0.022328 1.067372 -2.432326
v -0.017242 1.064210 -2.439070
v -0.017142 1.065641 -2.437107
v -0.017030 1.066807 -2.434977
v -0.031290 1.067400 -2.422428
v -0.026892 1.067512 -2.422652
v -0.021808 1.067761 -2.422883
v -0.016783 1.068254 -2.430355
v -0.016650 1.068511 -2.427942
v -0.016516 1.068453 -2.425515
v -0.030812 1.063085 -2.414202
v -0.026412 1.063175 -2.414384
v -0.021322 1.063370 -2.414511
v -0.016249 1.067392 -2.420791
v -0.016121 1.066406 -2.418573
v -0.016000 1.065141 -2.416500
v -0.030495 1.055228 -2.409234
v -0.026093 1.055279 -2.409391
v -0.020999 1.055375 -2.409455
v -0.015785 1.061857 -2.412940
v -0.015695 1.059892 -2.411511
v -0.015619 1.057758 -2.410348
v -0.030423 1.045935 -2.408854
v -0.026021 1.045939 -2.409010
v -0.020926 1.045917 -2.409069
v -0.015514 1.053130 -2.408905
v -0.015487 1.050713 -2.408649
v -0.015477 1.048283 -2.408707
v -0.030616 1.037695 -2.413165
v -0.026215 1.037658 -2.413342
v -0.021123 1.037532 -2.413456
v -0.015510 1.043551 -2.409768
v -0.015552 1.041329 -2.410753
v -0.015611 1.039253 -2.412016
v -0.031023 1.032717 -2.421012
v -0.026624 1.032655 -2.421228
v -0.021537 1.032466 -2.421441
v -0.015773 1.035686 -2.415297
v -0.015874 1.034255 -2.417260
v -0.015985 1.033090 -2.419390
v -0.031534 1.032334 -2.430291
v -0.027137 1.032270 -2.430554
v -0.022057 1.032076 -2.430884
v -0.016233 1.031643 -2.424012
v -0.016365 1.031386 -2.426425
v -0.016499 1.031443 -2.428852
v -0.017015 1.034755 -2.437867
v -0.016894 1.033490 -2.435794
v -0.016766 1.032504 -2.433576
v -0.040846 1.044704 -2.442232
v -0.049215 1.044658 -2.441769
v -0.056890 1.044616 -2.441345
v -0.031921 1.038878 -2.439514
v -0.032004 1.040691 -2.440833
v -0.032074 1.042660 -2.441906
v -0.040543 1.037205 -2.437490
v -0.048912 1.037159 -2.437027
v -0.056587 1.037118 -2.436603
v -0.063316 1.038707 -2.437779
v -0.063399 1.040520 -2.439097
v -0.063469 1.042489 -2.440171
v -0.040914 1.053573 -2.442594
v -0.049283 1.053528 -2.442132
v -0.056958 1.053486 -2.441707
v -0.032171 1.046931 -2.443238
v -0.032196 1.049162 -2.443474
v -0.032206 1.051405 -2.443421
v -0.063566 1.046760 -2.441503
v -0.063591 1.048991 -2.441739
v -0.063600 1.051234 -2.441685
v -0.040730 1.061437 -2.438480
v -0.049099 1.061392 -2.438017
v -0.056774 1.061350 -2.437593
v -0.032175 1.055772 -2.442441
v -0.032136 1.057822 -2.441532
v -0.032082 1.059738 -2.440366
v -0.063570 1.055601 -2.440706
v -0.063531 1.057651 -2.439797
v -0.063477 1.059567 -2.438631
v -0.040342 1.066189 -2.430991
v -0.048711 1.066143 -2.430528
v -0.056386 1.066101 -2.430104
v -0.031933 1.063030 -2.437338
v -0.031840 1.064351 -2.435527
v -0.031737 1.065427 -2.433561
v -0.063327 1.062859 -2.435603
v -0.063234 1.064180 -2.433792
v -0.063131 1.065256 -2.431826
v -0.039856 1.066556 -2.421952
v -0.048235 1.066524 -2.420210
v -0.055953 1.066519 -2.416147
v -0.031508 1.066762 -2.429296
v -0.031387 1.066999 -2.427068
v -0.031262 1.066946 -2.424829
v -0.062909 1.066595 -2.427379
v -0.062831 1.066856 -2.423883
v -0.062830 1.066864 -2.418031
v -0.039354 1.062438 -2.413992
v -0.047414 1.062405 -2.411489
v -0.054251 1.062397 -2.405528
v -0.031016 1.065967 -2.420469
v -0.030898 1.065057 -2.418422
v -0.030786 1.063890 -2.416509
v -0.060785 1.065817 -2.401231
v -0.059824 1.064892 -2.398086
v -0.059408 1.063763 -2.395950
v -0.039050 1.054945 -2.409260
v -0.047108 1.054958 -2.406828
v -0.053939 1.055073 -2.401057
v -0.030588 1.060858 -2.413223
v -0.030505 1.059045 -2.411904
v -0.030435 1.057076 -2.410831
v -0.059152 1.060890 -2.393047
v -0.059064 1.059176 -2.391908
v -0.058989 1.057316 -2.390979
v -0.038982 1.046084 -2.408898
v -0.047040 1.046151 -2.406468
v -0.053873 1.046416 -2.400703
v -0.030338 1.052805 -2.409499
v -0.030313 1.050574 -2.409263
v -0.030304 1.048331 -2.409316
v -0.058888 1.053284 -2.389820
v -0.058863 1.051180 -2.389609
v -0.058856 1.049066 -2.389647
v -0.039167 1.038227 -2.413003
v -0.047229 1.038345 -2.410507
v -0.054069 1.038747 -2.404562
v -0.030334 1.043964 -2.410295
v -0.030373 1.041914 -2.411205
v -0.030427 1.039998 -2.412371
v -0.058894 1.044952 -2.390474
v -0.058939 1.043021 -2.391248
v -0.059001 1.041219 -2.392243
v -0.039601 1.033466 -2.420600
v -0.047981 1.033513 -2.418862
v -0.055701 1.033738 -2.414808
v -0.030577 1.036706 -2.415399
v -0.030670 1.035385 -2.417210
v -0.030772 1.034309 -2.419176
v -0.059211 1.038115 -2.394903
v -0.059608 1.036807 -2.396939
v -0.060553 1.035609 -2.399997
v -0.040087 1.033087 -2.429639
v -0.048456 1.033041 -2.429176
v -0.056131 1.032999 -2.428752
v -0.031001 1.032974 -2.423441
v -0.031123 1.032737 -2.425669
v -0.031247 1.032789 -2.427908
v -0.062570 1.033134 -2.416654
v -0.062568 1.032658 -2.422486
v -0.062648 1.032630 -2.425992
v -0.063118 1.035675 -2.434493
v -0.063006 1.034508 -2.432580
v -0.062888 1.033598 -2.430533
v -0.031723 1.035846 -2.436228
v -0.031611 1.034679 -2.434315
v -0.031493 1.033769 -2.432268
v -0.068852 1.044562 -2.440650
v -0.072927 1.044612 -2.440191
v -0.075883 1.044794 -2.439393
v -0.068550 1.037078 -2.435918
v -0.072629 1.037236 -2.435527
v -0.075597 1.037709 -2.434912
v -0.077679 1.040028 -2.435348
v -0.077754 1.041547 -2.436556
v -0.077810 1.043290 -2.437411
v -0.068920 1.053413 -2.441012
v -0.072994 1.053337 -2.440547
v -0.075947 1.053176 -2.439735
v -0.077896 1.047077 -2.438592
v -0.077923 1.048998 -2.438879
v -0.077926 1.050935 -2.438749
v -0.068736 1.061261 -2.436906
v -0.072812 1.061073 -2.436500
v -0.075773 1.060607 -2.435847
v -0.077899 1.054807 -2.437881
v -0.077870 1.056615 -2.437171
v -0.077819 1.058228 -2.436091
v -0.068349 1.066003 -2.429432
v -0.072430 1.065747 -2.429133
v -0.075406 1.065097 -2.428771
v -0.077686 1.061146 -2.433407
v -0.077609 1.062357 -2.431890
v -0.077518 1.063213 -2.430149
v -0.067822 1.066785 -2.403683
v -0.071298 1.066689 -2.402742
v -0.074150 1.066191 -2.403357
v -0.077311 1.064409 -2.426184
v -0.077178 1.064785 -2.422979
v -0.076984 1.064883 -2.417378
v -0.068094 1.032968 -2.428083
v -0.072180 1.033185 -2.427804
v -0.075165 1.033817 -2.427493
v -0.067572 1.034324 -2.402357
v -0.071049 1.034438 -2.401425
v -0.073908 1.034832 -2.402076
v -0.076754 1.034937 -2.416155
v -0.076946 1.034574 -2.421745
v -0.077082 1.034683 -2.424970
v -0.077503 1.037340 -2.432435
v -0.077408 1.036259 -2.430824
v -0.077305 1.035549 -2.429019
v -0.074325 1.036945 -2.382282
v -0.071656 1.038689 -2.358598
v -0.067638 1.040565 -2.335886
v -0.064821 1.036462 -2.382910
v -0.064326 1.038595 -2.359456
v -0.061690 1.040605 -2.336939
v -0.060628 1.041865 -2.317555
v -0.059313 1.041772 -2.317955
v -0.057949 1.041893 -2.318220
v -0.075455 1.041444 -2.375730
v -0.072813 1.042613 -2.354400
v -0.068600 1.044073 -2.333119
v -0.077107 1.039631 -2.395062
v -0.077104 1.038376 -2.396821
v -0.076944 1.037239 -2.399701
v -0.062255 1.042698 -2.316573
v -0.062469 1.043424 -2.316070
v -0.062441 1.044333 -2.315590
v -0.075228 1.047993 -2.372999
v -0.072540 1.048959 -2.352176
v -0.068271 1.050024 -2.331513
v -0.076875 1.045557 -2.391260
v -0.076911 1.043869 -2.391834
v -0.076969 1.042369 -2.392744
v -0.062164 1.046632 -2.314783
v -0.062050 1.047981 -2.314483
v -0.061961 1.049430 -2.314259
v -0.075285 1.055410 -2.373302
v -0.072595 1.056167 -2.352471
v -0.068323 1.056806 -2.331790
v -0.076868 1.052779 -2.390692
v -0.076842 1.050985 -2.390429
v -0.076840 1.049175 -2.390544
v -0.061870 1.052532 -2.314055
v -0.061867 1.054134 -2.314079
v -0.061894 1.055731 -2.314185
v -0.075611 1.061710 -2.376558
v -0.072965 1.062306 -2.355204
v -0.068743 1.062601 -2.333876
v -0.077100 1.059380 -2.393438
v -0.077019 1.057960 -2.392410
v -0.076958 1.056326 -2.391700
v -0.062034 1.058805 -2.314641
v -0.062144 1.060229 -2.314983
v -0.062278 1.061547 -2.315392
v -0.074547 1.065691 -2.383456
v -0.071865 1.065915 -2.359710
v -0.067833 1.065915 -2.336921
v -0.077150 1.063928 -2.400791
v -0.077294 1.063026 -2.397828
v -0.077279 1.061918 -2.395972
v -0.062590 1.063769 -2.316384
v -0.062632 1.064639 -2.316936
v -0.062429 1.065333 -2.317497
v -0.065051 1.066322 -2.384130
v -0.064538 1.066140 -2.360581
v -0.061885 1.065995 -2.337976
v -0.060815 1.066155 -2.318547
v -0.059501 1.066269 -2.318955
v -0.058136 1.066182 -2.319212
v -0.061744 1.040904 -2.376277
v -0.061955 1.042518 -2.355571
v -0.059695 1.044139 -2.334685
v -0.055939 1.042763 -2.318140
v -0.055426 1.043496 -2.317817
v -0.055129 1.044408 -2.317404
v -0.061506 1.047885 -2.373319
v -0.061678 1.048993 -2.353281
v -0.059365 1.050106 -2.333071
v -0.054814 1.046708 -2.316606
v -0.054700 1.048057 -2.316306
v -0.054612 1.049506 -2.316082
v -0.061567 1.055791 -2.373642
v -0.061735 1.056346 -2.353581
v -0.059418 1.056906 -2.333349
v -0.054520 1.052608 -2.315878
v -0.054518 1.054209 -2.315902
v -0.054545 1.055807 -2.316009
v -0.061910 1.062503 -2.377159
v -0.062109 1.062607 -2.356392
v -0.059838 1.062716 -2.335444
v -0.054684 1.058881 -2.316465
v -0.054794 1.060305 -2.316806
v -0.054929 1.061623 -2.317215
v -0.055279 1.063844 -2.318197
v -0.055589 1.064711 -2.318684
v -0.056113 1.065398 -2.319064
v -0.053535 1.043229 -2.304396
v -0.044629 1.043824 -2.297088
v -0.036677 1.044140 -2.293644
v -0.049665 1.043262 -2.305735
v -0.041743 1.043836 -2.298467
v -0.034618 1.044136 -2.294941
v -0.029530 1.044192 -2.292486
v -0.028265 1.044133 -2.292690
v -0.028665 1.044184 -2.293169
v -0.053728 1.046295 -2.302979
v -0.043987 1.046771 -2.295905
v -0.034513 1.046968 -2.292456
v -0.029617 1.044644 -2.292037
v -0.027964 1.045236 -2.291583
v -0.027107 1.046038 -2.291308
v -0.053239 1.051573 -2.302329
v -0.043403 1.051911 -2.295482
v -0.033839 1.052056 -2.292147
v -0.026487 1.048133 -2.291044
v -0.026275 1.049366 -2.290963
v -0.026110 1.050694 -2.290913
v -0.053285 1.057622 -2.302576
v -0.043448 1.057810 -2.295723
v -0.033884 1.057900 -2.292386
v -0.025927 1.053543 -2.290907
v -0.025912 1.055016 -2.290952
v -0.025949 1.056486 -2.291028
v -0.053855 1.062822 -2.303654
v -0.044111 1.062888 -2.296563
v -0.034636 1.062934 -2.293108
v -0.026176 1.059322 -2.291265
v -0.026362 1.060639 -2.291424
v -0.026592 1.061858 -2.291605
v -0.053708 1.065795 -2.305317
v -0.044798 1.065753 -2.297984
v -0.036843 1.065674 -2.294523
v -0.027245 1.063917 -2.292038
v -0.028114 1.064694 -2.292377
v -0.029776 1.065258 -2.292879
v -0.049839 1.065827 -2.306656
v -0.041911 1.065765 -2.299363
v -0.034784 1.065670 -2.295820
v -0.029696 1.065686 -2.293364
v -0.028431 1.065739 -2.293572
v -0.028831 1.065678 -2.294047
v -0.047934 1.046343 -2.304988
v -0.039740 1.046787 -2.297983
v -0.031693 1.046954 -2.294409
v -0.028039 1.044625 -2.293373
v -0.026351 1.045212 -2.293072
v -0.025483 1.046011 -2.292860
v -0.047445 1.051622 -2.304338
v -0.039156 1.051926 -2.297560
v -0.031019 1.052042 -2.294100
v -0.024861 1.048105 -2.292605
v -0.024650 1.049339 -2.292524
v -0.024485 1.050667 -2.292473
v -0.047492 1.057671 -2.304585
v -0.039202 1.057825 -2.297801
v -0.031064 1.057886 -2.294339
v -0.024301 1.053515 -2.292468
v -0.024287 1.054988 -2.292512
v -0.024324 1.056459 -2.292588
v -0.048061 1.062871 -2.305663
v -0.039865 1.062904 -2.298641
v -0.031816 1.062920 -2.295061
v -0.024551 1.059294 -2.292826
v -0.024737 1.060611 -2.292984
v -0.024967 1.061831 -2.293165
v -0.028197 1.065239 -2.294215
v -0.026501 1.064669 -2.293866
v -0.025621 1.063889 -2.293590
v -0.021970 1.062966 -2.291405
v -0.020125 1.062959 -2.291589
v -0.021243 1.062946 -2.292271
v -0.021100 1.057936 -2.290756
v -0.019240 1.057929 -2.290948
v -0.020373 1.057916 -2.291622
v -0.021055 1.052100 -2.290518
v -0.019196 1.052093 -2.290710
v -0.020328 1.052080 -2.291384
v -0.021847 1.047022 -2.290754
v -0.020002 1.047015 -2.290938
v -0.021120 1.047001 -2.291620
v -0.078992 1.045783 -2.435996
v -0.079487 1.046619 -2.433281
v -0.079539 1.047687 -2.429852
v -0.078765 1.040173 -2.432448
v -0.079310 1.042237 -2.430510
v -0.079425 1.044872 -2.428072
v -0.079043 1.052420 -2.436267
v -0.079526 1.051801 -2.433492
v -0.079564 1.051015 -2.429988
v -0.078905 1.058304 -2.433188
v -0.079419 1.056396 -2.431088
v -0.079495 1.053967 -2.428444
v -0.078615 1.061859 -2.427585
v -0.079192 1.059172 -2.426713
v -0.079349 1.055750 -2.425633
v -0.078230 1.062419 -2.415757
v -0.078908 1.059471 -2.420046
v -0.079167 1.055898 -2.422123
v -0.078160 1.059086 -2.407029
v -0.078715 1.056990 -2.414564
v -0.079004 1.054343 -2.419065
v -0.077925 1.053649 -2.403752
v -0.078535 1.052660 -2.411874
v -0.078890 1.051535 -2.417295
v -0.077876 1.047226 -2.403489
v -0.078496 1.047541 -2.411665
v -0.078865 1.048214 -2.417159
v -0.078025 1.041538 -2.406312
v -0.078607 1.043004 -2.413993
v -0.078935 1.045270 -2.418694
v -0.078038 1.037504 -2.414740
v -0.078759 1.040081 -2.419254
v -0.079071 1.043468 -2.421615
v -0.078424 1.037091 -2.426573
v -0.079043 1.039831 -2.425923
v -0.079254 1.043327 -2.425126
v -0.011550 1.034750 -2.451534
v -0.010734 1.039374 -2.444273
v -0.011212 1.033813 -2.448150
v -0.012229 1.029454 -2.452345
v -0.012418 1.032422 -2.455160
v -0.012503 1.036240 -2.456636
v -0.011390 1.038223 -2.450939
v -0.011869 1.048810 -2.455918
v -0.010956 1.049168 -2.447328
v -0.011574 1.046300 -2.453458
v -0.012694 1.044648 -2.459258
v -0.012785 1.048628 -2.460214
v -0.012756 1.052674 -2.459586
v -0.011614 1.051517 -2.453671
v -0.011769 1.063184 -2.452695
v -0.010886 1.059181 -2.445082
v -0.011556 1.059775 -2.451819
v -0.012696 1.061269 -2.457659
v -0.012670 1.065196 -2.456499
v -0.012529 1.068385 -2.453935
v -0.011448 1.064400 -2.449399
v -0.011277 1.074021 -2.442728
v -0.010543 1.066729 -2.438139
v -0.011165 1.070625 -2.443674
v -0.012235 1.074865 -2.447975
v -0.012103 1.077686 -2.445011
v -0.011883 1.079165 -2.441199
v -0.010937 1.073419 -2.439269
v -0.010524 1.078416 -2.428688
v -0.010019 1.069791 -2.428360
v -0.010505 1.075944 -2.431203
v -0.011434 1.081793 -2.432803
v -0.011236 1.082753 -2.428827
v -0.010992 1.082124 -2.424789
v -0.010218 1.076159 -2.425995
v -0.009714 1.075193 -2.414336
v -0.009455 1.067545 -2.418363
v -0.009752 1.074307 -2.417750
v -0.010508 1.080196 -2.416207
v -0.010301 1.079037 -2.412285
v -0.010095 1.076469 -2.409102
v -0.009484 1.071885 -2.413133
v -0.009061 1.065214 -2.403519
v -0.009000 1.060594 -2.410828
v -0.009109 1.066153 -2.406918
v -0.009705 1.070502 -2.402634
v -0.009550 1.067535 -2.399817
v -0.009430 1.063717 -2.398343
v -0.008931 1.061742 -2.404130
v -0.008743 1.051153 -2.399134
v -0.008778 1.050800 -2.407773
v -0.008748 1.053665 -2.401611
v -0.009240 1.055309 -2.395721
v -0.009182 1.051329 -2.394763
v -0.009178 1.047283 -2.395394
v -0.008708 1.048449 -2.401398
v -0.008842 1.036779 -2.402358
v -0.008848 1.040788 -2.410019
v -0.008765 1.040191 -2.403249
v -0.009238 1.038687 -2.397321
v -0.009297 1.034760 -2.398479
v -0.009405 1.031571 -2.401044
v -0.008874 1.035566 -2.405669
v -0.009334 1.025943 -2.412325
v -0.009190 1.033239 -2.416961
v -0.009156 1.029340 -2.411395
v -0.009699 1.025091 -2.407004
v -0.009864 1.022270 -2.409967
v -0.010050 1.020792 -2.413781
v -0.009384 1.026546 -2.415799
v -0.010087 1.021547 -2.426365
v -0.009714 1.030178 -2.426742
v -0.009817 1.024021 -2.423865
v -0.010500 1.018164 -2.422177
v -0.010731 1.017204 -2.426150
v -0.010941 1.017833 -2.430191
v -0.010103 1.023806 -2.429074
v -0.010897 1.024771 -2.440717
v -0.011426 1.019761 -2.438772
v -0.011666 1.020920 -2.442692
v -0.011839 1.023487 -2.445877
v -0.010838 1.028080 -2.441936
v -0.010279 1.032423 -2.436738
v -0.010569 1.025658 -2.437319
v -0.016661 1.024472 -2.457786
v -0.019756 1.023843 -2.458318
v -0.022787 1.024278 -2.457598
v -0.016856 1.028610 -2.460904
v -0.019953 1.028129 -2.461466
v -0.022981 1.028507 -2.460676
v -0.017014 1.033202 -2.463307
v -0.020118 1.032812 -2.463990
v -0.023144 1.033102 -2.463178
v -0.017240 1.043169 -2.466415
v -0.020349 1.042973 -2.467158
v -0.023370 1.043071 -2.466287
v -0.017303 1.048314 -2.467048
v -0.020410 1.048262 -2.467744
v -0.023429 1.048275 -2.466841
v -0.017320 1.053494 -2.466836
v -0.020431 1.053581 -2.467591
v -0.023450 1.053508 -2.466713
v -0.017249 1.063683 -2.464551
v -0.020358 1.063969 -2.465262
v -0.023379 1.063700 -2.464427
v -0.017163 1.068457 -2.462531
v -0.020267 1.068843 -2.463129
v -0.023288 1.068485 -2.462309
v -0.017034 1.072839 -2.459762
v -0.020137 1.073374 -2.460341
v -0.023162 1.072953 -2.459586
v -0.016685 1.080520 -2.452696
v -0.019782 1.081205 -2.453138
v -0.022813 1.080637 -2.452519
v -0.016474 1.083643 -2.448563
v -0.019562 1.084359 -2.448858
v -0.022597 1.083721 -2.448296
v -0.016233 1.086051 -2.443978
v -0.019318 1.086888 -2.444182
v -0.022357 1.086228 -2.443707
v -0.015700 1.089167 -2.434026
v -0.018774 1.090064 -2.434035
v -0.021823 1.089344 -2.433752
v -0.015420 1.089803 -2.428888
v -0.018485 1.090653 -2.428754
v -0.021539 1.089901 -2.428555
v -0.015133 1.089592 -2.423716
v -0.018191 1.090501 -2.423443
v -0.021250 1.089774 -2.423330
v -0.014558 1.087307 -2.413543
v -0.017605 1.088172 -2.413072
v -0.020675 1.087488 -2.413155
v -0.014283 1.085285 -2.408776
v -0.017324 1.086037 -2.408205
v -0.020399 1.085368 -2.408377
v -0.014026 1.082513 -2.404402
v -0.017059 1.083246 -2.403682
v -0.020138 1.082642 -2.403916
v -0.013564 1.075439 -2.396735
v -0.016588 1.076035 -2.395865
v -0.019675 1.075567 -2.396247
v -0.013369 1.071301 -2.393618
v -0.016391 1.071749 -2.392716
v -0.019482 1.071338 -2.393168
v -0.013211 1.066710 -2.391214
v -0.016226 1.067066 -2.390193
v -0.019319 1.066743 -2.390667
v -0.012985 1.056743 -2.388107
v -0.015995 1.056906 -2.387025
v -0.019093 1.056774 -2.387558
v -0.012922 1.051597 -2.387473
v -0.015934 1.051617 -2.386439
v -0.019034 1.051570 -2.387004
v -0.012906 1.046417 -2.387685
v -0.015913 1.046297 -2.386592
v -0.019012 1.046337 -2.387132
v -0.012977 1.036228 -2.389970
v -0.015986 1.035910 -2.388921
v -0.019083 1.036145 -2.389417
v -0.013062 1.031454 -2.391990
v -0.016077 1.031035 -2.391054
v -0.019174 1.031360 -2.391536
v -0.013192 1.027073 -2.394759
v -0.016207 1.026504 -2.393842
v -0.019300 1.026892 -2.394259
v -0.013540 1.019391 -2.401825
v -0.016562 1.018673 -2.401045
v -0.019649 1.019208 -2.401326
v -0.013752 1.016268 -2.405958
v -0.016782 1.015519 -2.405325
v -0.019866 1.016124 -2.405549
v -0.013992 1.013860 -2.410543
v -0.017026 1.012990 -2.410001
v -0.020106 1.013617 -2.410138
v -0.014525 1.010745 -2.420495
v -0.017570 1.009814 -2.420147
v -0.020639 1.010501 -2.420093
v -0.014806 1.010109 -2.425633
v -0.017859 1.009225 -2.425429
v -0.020923 1.009944 -2.425290
v -0.015093 1.010319 -2.430806
v -0.018153 1.009377 -2.430740
v -0.021213 1.010071 -2.430514
v -0.022325 1.017202 -2.449928
v -0.019285 1.016632 -2.450501
v -0.016199 1.017399 -2.450119
v -0.022063 1.014477 -2.445468
v -0.019020 1.013841 -2.445978
v -0.015942 1.014627 -2.445745
v -0.021788 1.012356 -2.440690
v -0.018739 1.011706 -2.441111
v -0.015668 1.012604 -2.440979
v -0.027042 1.035341 -2.458076
v -0.026900 1.031364 -2.455907
v -0.026733 1.027701 -2.453245
v -0.027708 1.036942 -2.454568
v -0.027582 1.033404 -2.452639
v -0.027434 1.030145 -2.450270
v -0.027884 1.038525 -2.451131
v -0.027774 1.035420 -2.449438
v -0.027643 1.032560 -2.447359
v -0.027307 1.053004 -2.461135
v -0.027288 1.048474 -2.461243
v -0.027237 1.043968 -2.460766
v -0.027944 1.052657 -2.457290
v -0.027928 1.048627 -2.457386
v -0.027882 1.044618 -2.456961
v -0.028091 1.052317 -2.453520
v -0.028077 1.048780 -2.453604
v -0.028037 1.045262 -2.453232
v -0.027058 1.069836 -2.454965
v -0.027167 1.065966 -2.457321
v -0.027246 1.061824 -2.459157
v -0.027722 1.067633 -2.451801
v -0.027819 1.064190 -2.453896
v -0.027890 1.060505 -2.455530
v -0.027897 1.065460 -2.448702
v -0.027982 1.062438 -2.450541
v -0.028044 1.059204 -2.451975
v -0.026360 1.081326 -2.441220
v -0.026568 1.079153 -2.445192
v -0.026756 1.076485 -2.448849
v -0.027102 1.077855 -2.439571
v -0.027287 1.075923 -2.443105
v -0.027454 1.073549 -2.446359
v -0.027352 1.074432 -2.437970
v -0.027514 1.072735 -2.441071
v -0.027661 1.070652 -2.443927
v -0.025402 1.084395 -2.423583
v -0.025653 1.084502 -2.428106
v -0.025899 1.084023 -2.432605
v -0.026249 1.080586 -2.423879
v -0.026472 1.080681 -2.427903
v -0.026691 1.080255 -2.431906
v -0.026604 1.076828 -2.424198
v -0.026800 1.076912 -2.427730
v -0.026992 1.076538 -2.431243
v -0.024440 1.078221 -2.406778
v -0.024666 1.080579 -2.410641
v -0.024904 1.082417 -2.414777
v -0.025393 1.075094 -2.408927
v -0.025594 1.077191 -2.412364
v -0.025807 1.078826 -2.416044
v -0.025852 1.072008 -2.411076
v -0.026029 1.073849 -2.414093
v -0.026215 1.075284 -2.417321
v -0.023731 1.064459 -2.395310
v -0.023872 1.068436 -2.397478
v -0.024039 1.072098 -2.400141
v -0.024762 1.062849 -2.398724
v -0.024888 1.066387 -2.400653
v -0.025037 1.069646 -2.403022
v -0.025299 1.061262 -2.402121
v -0.025409 1.064367 -2.403814
v -0.025540 1.067227 -2.405893
v -0.023465 1.046795 -2.392251
v -0.023484 1.051326 -2.392143
v -0.023535 1.055831 -2.392620
v -0.024526 1.047133 -2.396002
v -0.024543 1.051164 -2.395906
v -0.024588 1.055173 -2.396330
v -0.025092 1.047469 -2.399732
v -0.025106 1.051007 -2.399648
v -0.025146 1.054525 -2.400021
v -0.023715 1.029964 -2.398420
v -0.023606 1.033834 -2.396065
v -0.023527 1.037975 -2.394228
v -0.024748 1.032158 -2.401491
v -0.024651 1.035601 -2.399395
v -0.024581 1.039286 -2.397761
v -0.025287 1.034326 -2.404550
v -0.025201 1.037348 -2.402711
v -0.025140 1.040582 -2.401277
v -0.024412 1.018474 -2.412165
v -0.024204 1.020646 -2.408194
v -0.024017 1.023314 -2.404536
v -0.025369 1.021935 -2.413720
v -0.025184 1.023868 -2.410187
v -0.025017 1.026242 -2.406932
v -0.025831 1.025355 -2.415282
v -0.025669 1.027051 -2.412181
v -0.025522 1.029134 -2.409325
v -0.025370 1.015405 -2.429803
v -0.025120 1.015298 -2.425279
v -0.024874 1.015777 -2.420780
v -0.026221 1.019204 -2.429413
v -0.025998 1.019109 -2.425388
v -0.025779 1.019535 -2.421385
v -0.026579 1.022958 -2.429054
v -0.026384 1.022875 -2.425523
v -0.026191 1.023249 -2.422009
v -0.026333 1.021578 -2.446607
v -0.026106 1.019221 -2.442744
v -0.025868 1.017383 -2.438609
v -0.027078 1.024697 -2.444364
v -0.026876 1.022599 -2.440927
v -0.026664 1.020964 -2.437248
v -0.027331 1.027779 -2.442176
v -0.027154 1.025938 -2.439159
v -0.026968 1.024503 -2.435931
v -0.027768 1.035817 -2.443444
v -0.028110 1.036466 -2.442643
v -0.028817 1.036702 -2.442317
v -0.027874 1.038139 -2.445132
v -0.028211 1.038681 -2.444254
v -0.028916 1.038877 -2.443898
v -0.027964 1.040660 -2.446507
v -0.028297 1.041085 -2.445565
v -0.029001 1.041239 -2.445186
v -0.031752 1.036725 -2.442107
v -0.033779 1.036751 -2.441951
v -0.035772 1.036841 -2.441720
v -0.031851 1.038894 -2.443684
v -0.033878 1.038914 -2.443523
v -0.035870 1.038987 -2.443280
v -0.031934 1.041249 -2.444968
v -0.033962 1.041262 -2.444803
v -0.035952 1.041317 -2.444551
v -0.028088 1.046131 -2.448212
v -0.028415 1.046302 -2.447192
v -0.029117 1.046363 -2.446784
v -0.028120 1.048988 -2.448515
v -0.028446 1.049027 -2.447480
v -0.029147 1.049039 -2.447067
v -0.028132 1.051860 -2.448446
v -0.028457 1.051767 -2.447415
v -0.029158 1.051729 -2.447003
v -0.032050 1.046357 -2.446560
v -0.034077 1.046356 -2.446392
v -0.036067 1.046372 -2.446127
v -0.032080 1.049025 -2.446843
v -0.034107 1.049017 -2.446673
v -0.036097 1.049012 -2.446406
v -0.032091 1.051708 -2.446779
v -0.034118 1.051692 -2.446609
v -0.036108 1.051667 -2.446343
v -0.028093 1.057452 -2.447192
v -0.028420 1.057100 -2.446219
v -0.029122 1.056967 -2.445828
v -0.028043 1.060078 -2.446028
v -0.028373 1.059605 -2.445108
v -0.029075 1.059427 -2.444737
v -0.027974 1.062532 -2.444535
v -0.028307 1.061945 -2.443684
v -0.029010 1.061726 -2.443339
v -0.032055 1.056930 -2.445608
v -0.034082 1.056899 -2.445442
v -0.036072 1.056835 -2.445184
v -0.032008 1.059383 -2.444520
v -0.034035 1.059345 -2.444357
v -0.036026 1.059261 -2.444108
v -0.031944 1.061674 -2.443126
v -0.033971 1.061630 -2.442967
v -0.035962 1.061529 -2.442728
v -0.027782 1.066748 -2.440657
v -0.028124 1.065966 -2.439986
v -0.028831 1.065675 -2.439706
v -0.027663 1.068440 -2.438338
v -0.028011 1.067579 -2.437774
v -0.028719 1.067259 -2.437534
v -0.027531 1.069817 -2.435820
v -0.027885 1.068893 -2.435372
v -0.028596 1.068550 -2.435175
v -0.031765 1.065611 -2.439505
v -0.033793 1.065556 -2.439355
v -0.035785 1.065425 -2.439145
v -0.031654 1.067191 -2.437339
v -0.033682 1.067131 -2.437196
v -0.035675 1.066988 -2.437001
v -0.031531 1.068478 -2.434987
v -0.033559 1.068414 -2.434851
v -0.035553 1.068261 -2.434675
v -0.027239 1.071527 -2.430357
v -0.027606 1.070524 -2.430162
v -0.028322 1.070151 -2.430059
v -0.027083 1.071831 -2.427504
v -0.027457 1.070814 -2.427442
v -0.028176 1.070436 -2.427387
v -0.026924 1.071763 -2.424636
v -0.027305 1.070749 -2.424706
v -0.028027 1.070372 -2.424700
v -0.031258 1.070075 -2.429886
v -0.033287 1.070007 -2.429764
v -0.035283 1.069841 -2.429626
v -0.031112 1.070358 -2.427222
v -0.033141 1.070290 -2.427107
v -0.035139 1.070122 -2.426990
v -0.030963 1.070295 -2.424543
v -0.032993 1.070226 -2.424436
v -0.034992 1.070060 -2.424340
v -0.026608 1.070509 -2.419053
v -0.027005 1.069553 -2.419381
v -0.027731 1.069198 -2.419470
v -0.026457 1.069344 -2.416431
v -0.026860 1.068442 -2.416881
v -0.027589 1.068106 -2.417014
v -0.026314 1.067849 -2.413981
v -0.026723 1.067016 -2.414545
v -0.027455 1.066706 -2.414720
v -0.030669 1.069124 -2.419329
v -0.032700 1.069059 -2.419237
v -0.034700 1.068901 -2.419180
v -0.030528 1.068035 -2.416881
v -0.032559 1.067973 -2.416795
v -0.034560 1.067824 -2.416757
v -0.030394 1.066639 -2.414593
v -0.032425 1.066581 -2.414514
v -0.034428 1.066442 -2.414494
v -0.026060 1.063966 -2.409773
v -0.026481 1.063313 -2.410531
v -0.027217 1.063069 -2.410778
v -0.025954 1.061644 -2.408085
v -0.026380 1.061098 -2.408921
v -0.027118 1.060894 -2.409196
v -0.025864 1.059123 -2.406710
v -0.026295 1.058694 -2.407609
v -0.027034 1.058532 -2.407909
v -0.030157 1.063014 -2.410663
v -0.032189 1.062966 -2.410595
v -0.034193 1.062854 -2.410604
v -0.030058 1.060845 -2.409086
v -0.032090 1.060803 -2.409023
v -0.034095 1.060708 -2.409044
v -0.029974 1.058490 -2.407802
v -0.032006 1.058455 -2.407743
v -0.034012 1.058378 -2.407774
v -0.025740 1.053653 -2.405004
v -0.026176 1.053476 -2.405982
v -0.026918 1.053408 -2.406311
v -0.025708 1.050796 -2.404702
v -0.026146 1.050752 -2.405694
v -0.026888 1.050732 -2.406028
v -0.025696 1.047923 -2.404770
v -0.026134 1.048012 -2.405759
v -0.026877 1.048042 -2.406092
v -0.029858 1.053382 -2.406209
v -0.031891 1.053361 -2.406154
v -0.033898 1.053323 -2.406198
v -0.029828 1.050714 -2.405927
v -0.031861 1.050700 -2.405872
v -0.033868 1.050683 -2.405918
v -0.029817 1.048031 -2.405991
v -0.031850 1.048025 -2.405936
v -0.033857 1.048029 -2.405981
v -0.025735 1.042331 -2.406024
v -0.026171 1.042679 -2.406955
v -0.026913 1.042804 -2.407266
v -0.025785 1.039705 -2.407189
v -0.026219 1.040174 -2.408066
v -0.026960 1.040344 -2.408357
v -0.025854 1.037251 -2.408682
v -0.026285 1.037834 -2.409490
v -0.027025 1.038045 -2.409756
v -0.029853 1.042809 -2.407162
v -0.031886 1.042818 -2.407104
v -0.033893 1.042861 -2.407140
v -0.029900 1.040356 -2.408249
v -0.031933 1.040372 -2.408188
v -0.033939 1.040434 -2.408216
v -0.029964 1.038065 -2.409644
v -0.031997 1.038087 -2.409579
v -0.034003 1.038166 -2.409596
v -0.026046 1.033035 -2.412560
v -0.026468 1.033813 -2.413188
v -0.027204 1.034096 -2.413388
v -0.026165 1.031343 -2.414879
v -0.026581 1.032200 -2.415401
v -0.027315 1.032512 -2.415560
v -0.026296 1.029966 -2.417397
v -0.026707 1.030886 -2.417802
v -0.027439 1.031221 -2.417919
v -0.030143 1.034128 -2.413265
v -0.032175 1.034161 -2.413190
v -0.034180 1.034270 -2.413180
v -0.030254 1.032548 -2.415431
v -0.032286 1.032586 -2.415350
v -0.034290 1.032707 -2.415323
v -0.030377 1.031261 -2.417783
v -0.032409 1.031303 -2.417695
v -0.034412 1.031434 -2.417650
v -0.026589 1.028256 -2.422859
v -0.026986 1.029255 -2.423012
v -0.027713 1.029620 -2.423036
v -0.026745 1.027952 -2.425712
v -0.027135 1.028965 -2.425733
v -0.027859 1.029335 -2.425708
v -0.026904 1.028020 -2.428580
v -0.027286 1.029030 -2.428468
v -0.028008 1.029399 -2.428394
v -0.030651 1.029665 -2.422884
v -0.032681 1.029710 -2.422782
v -0.034682 1.029854 -2.422698
v -0.030796 1.029381 -2.425548
v -0.032827 1.029427 -2.425438
v -0.034826 1.029573 -2.425334
v -0.030945 1.029444 -2.428226
v -0.032975 1.029490 -2.428109
v -0.034973 1.029636 -2.427984
v -0.027219 1.029274 -2.434164
v -0.027587 1.030226 -2.433793
v -0.028303 1.030573 -2.433624
v -0.027371 1.030439 -2.436785
v -0.027731 1.031337 -2.436294
v -0.028445 1.031665 -2.436080
v -0.027514 1.031934 -2.439235
v -0.027868 1.032763 -2.438630
v -0.028580 1.033065 -2.438375
v -0.031239 1.030615 -2.433441
v -0.033268 1.030658 -2.433309
v -0.035265 1.030795 -2.433144
v -0.031381 1.031704 -2.435889
v -0.033409 1.031744 -2.435750
v -0.035404 1.031872 -2.435567
v -0.031515 1.033100 -2.438177
v -0.033543 1.033136 -2.438031
v -0.035537 1.033253 -2.437831
v -0.038548 1.041631 -2.443698
v -0.038468 1.039390 -2.442477
v -0.038374 1.037327 -2.440976
v -0.038659 1.041863 -2.443187
v -0.038582 1.039686 -2.442001
v -0.038490 1.037681 -2.440543
v -0.037747 1.042085 -2.442769
v -0.037672 1.039968 -2.441614
v -0.037583 1.038017 -2.440196
v -0.038697 1.051582 -2.445422
v -0.038687 1.049030 -2.445482
v -0.038658 1.046491 -2.445214
v -0.038804 1.051532 -2.444862
v -0.038794 1.049052 -2.444921
v -0.038766 1.046586 -2.444660
v -0.037889 1.051490 -2.444398
v -0.037879 1.049078 -2.444455
v -0.037851 1.046679 -2.444201
v -0.038557 1.061065 -2.441946
v -0.038618 1.058885 -2.443273
v -0.038663 1.056552 -2.444307
v -0.038668 1.060745 -2.441485
v -0.038727 1.058627 -2.442774
v -0.038771 1.056360 -2.443780
v -0.037756 1.060453 -2.441113
v -0.037814 1.058392 -2.442367
v -0.037856 1.056187 -2.443345
v -0.038164 1.067539 -2.434202
v -0.038281 1.066315 -2.436439
v -0.038387 1.064812 -2.438500
v -0.038286 1.067035 -2.433961
v -0.038400 1.065845 -2.436135
v -0.038502 1.064385 -2.438138
v -0.037384 1.066571 -2.433794
v -0.037495 1.065414 -2.435908
v -0.037595 1.063993 -2.437856
v -0.037624 1.069268 -2.424264
v -0.037765 1.069328 -2.426813
v -0.037904 1.069058 -2.429348
v -0.037761 1.068715 -2.424307
v -0.037899 1.068773 -2.426783
v -0.038033 1.068511 -2.429245
v -0.036874 1.068205 -2.424402
v -0.037008 1.068262 -2.426811
v -0.037139 1.068007 -2.429206
v -0.037082 1.065790 -2.414797
v -0.037209 1.067118 -2.416973
v -0.037344 1.068154 -2.419303
v -0.037235 1.065335 -2.415108
v -0.037358 1.066626 -2.417223
v -0.037489 1.067632 -2.419486
v -0.036362 1.064918 -2.415454
v -0.036482 1.066173 -2.417511
v -0.036609 1.067152 -2.419713
v -0.036682 1.058036 -2.408335
v -0.036762 1.060276 -2.409557
v -0.036856 1.062340 -2.411057
v -0.036847 1.057802 -2.408831
v -0.036924 1.059979 -2.410017
v -0.037015 1.061984 -2.411475
v -0.035984 1.057590 -2.409348
v -0.036060 1.059707 -2.410502
v -0.036149 1.061657 -2.411920
v -0.036533 1.048084 -2.406612
v -0.036543 1.050637 -2.406551
v -0.036572 1.053175 -2.406820
v -0.036701 1.048133 -2.407156
v -0.036712 1.050613 -2.407097
v -0.036739 1.053079 -2.407358
v -0.035843 1.048184 -2.407719
v -0.035853 1.050596 -2.407661
v -0.035880 1.052996 -2.407915
v -0.036673 1.038601 -2.410088
v -0.036612 1.040781 -2.408761
v -0.036567 1.043115 -2.407726
v -0.036838 1.038920 -2.410533
v -0.036778 1.041038 -2.409244
v -0.036735 1.043305 -2.408239
v -0.035976 1.039222 -2.411004
v -0.035918 1.041282 -2.409750
v -0.035876 1.043488 -2.408772
v -0.037066 1.032128 -2.417832
v -0.036949 1.033352 -2.415594
v -0.036844 1.034855 -2.413533
v -0.037220 1.032630 -2.418057
v -0.037106 1.033820 -2.415883
v -0.037003 1.035280 -2.413881
v -0.036347 1.033104 -2.418323
v -0.036237 1.034261 -2.416208
v -0.036137 1.035681 -2.414260
v -0.037606 1.030398 -2.427769
v -0.037465 1.030338 -2.425220
v -0.037326 1.030608 -2.422686
v -0.037744 1.030950 -2.427711
v -0.037607 1.030892 -2.425236
v -0.037472 1.031154 -2.422773
v -0.036857 1.031470 -2.427714
v -0.036724 1.031413 -2.425306
v -0.036593 1.031668 -2.422910
v -0.038148 1.033877 -2.437237
v -0.038021 1.032549 -2.435060
v -0.037886 1.031513 -2.432730
v -0.038271 1.034330 -2.436910
v -0.038147 1.033039 -2.434795
v -0.038016 1.032033 -2.432532
v -0.037370 1.034757 -2.436662
v -0.037249 1.033502 -2.434605
v -0.037122 1.032523 -2.432403
v -0.032271 1.042315 -2.442639
v -0.032197 1.040252 -2.441514
v -0.032111 1.038352 -2.440133
v -0.027878 1.042301 -2.442964
v -0.027804 1.040228 -2.441833
v -0.027717 1.038318 -2.440445
v -0.022806 1.042233 -2.443451
v -0.022732 1.040134 -2.442306
v -0.022644 1.038200 -2.440900
v -0.032408 1.051477 -2.444226
v -0.032399 1.049127 -2.444282
v -0.032372 1.046790 -2.444035
v -0.028016 1.051509 -2.444559
v -0.028006 1.049148 -2.444615
v -0.027980 1.046799 -2.444366
v -0.022947 1.051557 -2.445066
v -0.022937 1.049166 -2.445123
v -0.022910 1.046787 -2.444871
v -0.032279 1.060209 -2.441026
v -0.032336 1.058201 -2.442247
v -0.032377 1.056053 -2.443200
v -0.027886 1.060284 -2.441342
v -0.027943 1.058267 -2.442570
v -0.027984 1.056108 -2.443527
v -0.022815 1.060443 -2.441809
v -0.022872 1.058400 -2.443052
v -0.022914 1.056214 -2.444022
v -0.031917 1.066169 -2.433896
v -0.032025 1.065042 -2.435956
v -0.032122 1.063658 -2.437853
v -0.027523 1.066274 -2.434176
v -0.027631 1.065142 -2.436247
v -0.027729 1.063751 -2.438154
v -0.022447 1.066508 -2.434553
v -0.022556 1.065361 -2.436649
v -0.022655 1.063953 -2.438580
v -0.031420 1.067761 -2.424746
v -0.031550 1.067816 -2.427093
v -0.031678 1.067568 -2.429427
v -0.027023 1.067875 -2.424981
v -0.027154 1.067930 -2.427339
v -0.027282 1.067680 -2.429685
v -0.021941 1.068129 -2.425242
v -0.022073 1.068185 -2.427630
v -0.022203 1.067932 -2.430005
v -0.030921 1.064558 -2.416029
v -0.031038 1.065781 -2.418033
v -0.031162 1.066735 -2.420178
v -0.026521 1.064656 -2.416221
v -0.026639 1.065885 -2.418235
v -0.026764 1.066843 -2.420390
v -0.021433 1.064870 -2.416371
v -0.021552 1.066114 -2.418410
v -0.021678 1.067084 -2.420593
v -0.030553 1.057419 -2.410080
v -0.030627 1.059482 -2.411205
v -0.030713 1.061382 -2.412586
v -0.026152 1.057481 -2.410242
v -0.026226 1.059554 -2.411372
v -0.026313 1.061464 -2.412760
v -0.021059 1.057604 -2.410316
v -0.021133 1.059704 -2.411461
v -0.021222 1.061637 -2.412867
v -0.030416 1.048257 -2.408493
v -0.030425 1.050607 -2.408437
v -0.030452 1.052944 -2.408685
v -0.026014 1.048272 -2.408647
v -0.026023 1.050634 -2.408590
v -0.026050 1.052983 -2.408839
v -0.020919 1.048280 -2.408701
v -0.020928 1.050671 -2.408644
v -0.020955 1.053050 -2.408896
v -0.030545 1.039526 -2.411694
v -0.030488 1.041533 -2.410472
v -0.030447 1.043681 -2.409519
v -0.026144 1.039498 -2.411863
v -0.026087 1.041515 -2.410635
v -0.026046 1.043674 -2.409678
v -0.021050 1.039394 -2.411958
v -0.020993 1.041437 -2.410715
v -0.020951 1.043624 -2.409745
v -0.030907 1.033565 -2.418823
v -0.030799 1.034692 -2.416764
v -0.030702 1.036076 -2.414866
v -0.026507 1.033508 -2.419029
v -0.026399 1.034640 -2.416959
v -0.026301 1.036031 -2.415051
v -0.021418 1.033329 -2.419214
v -0.021309 1.034476 -2.417118
v -0.021210 1.035884 -2.415187
v -0.031404 1.031973 -2.427973
v -0.031274 1.031918 -2.425627
v -0.031146 1.032166 -2.423293
v -0.027007 1.031907 -2.428224
v -0.026876 1.031852 -2.425866
v -0.026748 1.032102 -2.423520
v -0.021924 1.031709 -2.428525
v -0.021792 1.031652 -2.426137
v -0.021662 1.031905 -2.423762
v -0.031903 1.035176 -2.436690
v -0.031786 1.033953 -2.434686
v -0.031662 1.032999 -2.432541
v -0.027508 1.035126 -2.436985
v -0.027390 1.033897 -2.434971
v -0.027266 1.032939 -2.432815
v -0.022432 1.034968 -2.437397
v -0.022313 1.033723 -2.435357
v -0.022187 1.032753 -2.433174
v -0.040790 1.042612 -2.441424
v -0.040720 1.040643 -2.440351
v -0.040637 1.038830 -2.439032
v -0.049159 1.042567 -2.440962
v -0.049089 1.040598 -2.439888
v -0.049006 1.038785 -2.438570
v -0.056834 1.042525 -2.440537
v -0.056764 1.040556 -2.439464
v -0.056681 1.038743 -2.438146
v -0.040921 1.051357 -2.442939
v -0.040912 1.049115 -2.442992
v -0.040887 1.046884 -2.442756
v -0.049290 1.051312 -2.442476
v -0.049281 1.049069 -2.442530
v -0.049256 1.046838 -2.442293
v -0.056965 1.051270 -2.442052
v -0.056956 1.049027 -2.442106
v -0.056931 1.046796 -2.441869
v -0.040798 1.059691 -2.439884
v -0.040852 1.057775 -2.441051
v -0.040891 1.055724 -2.441960
v -0.049167 1.059645 -2.439422
v -0.049221 1.057729 -2.440588
v -0.049260 1.055679 -2.441497
v -0.056842 1.059603 -2.438998
v -0.056896 1.057688 -2.440164
v -0.056935 1.055637 -2.441073
v -0.040453 1.065379 -2.433079
v -0.040555 1.064304 -2.435045
v -0.040648 1.062983 -2.436857
v -0.048822 1.065334 -2.432617
v -0.048924 1.064258 -2.434583
v -0.049017 1.062937 -2.436394
v -0.056497 1.065292 -2.432192
v -0.056600 1.064216 -2.434159
v -0.056693 1.062895 -2.435970
v -0.039984 1.066900 -2.424245
v -0.040105 1.066952 -2.426553
v -0.040224 1.066715 -2.428810
v -0.048391 1.066865 -2.423070
v -0.048489 1.066910 -2.425858
v -0.048595 1.066669 -2.428318
v -0.056154 1.066850 -2.420850
v -0.056195 1.066878 -2.424887
v -0.056274 1.066629 -2.427825
v -0.039459 1.063843 -2.415734
v -0.039579 1.065010 -2.417659
v -0.039716 1.065921 -2.419742
v -0.047528 1.063803 -2.413221
v -0.047708 1.064968 -2.415228
v -0.047976 1.065884 -2.417565
v -0.054386 1.063774 -2.407222
v -0.054697 1.064932 -2.409386
v -0.055293 1.065860 -2.412284
v -0.039106 1.057035 -2.410066
v -0.039177 1.059002 -2.411137
v -0.039259 1.060814 -2.412453
v -0.047165 1.057034 -2.407622
v -0.047235 1.058990 -2.408677
v -0.047319 1.060791 -2.409973
v -0.053997 1.057115 -2.401819
v -0.054069 1.059037 -2.402832
v -0.054154 1.060809 -2.404074
v -0.038975 1.048298 -2.408554
v -0.038984 1.050538 -2.408501
v -0.039009 1.052767 -2.408737
v -0.047033 1.048351 -2.406130
v -0.047042 1.050578 -2.406079
v -0.047067 1.052793 -2.406312
v -0.053864 1.048578 -2.400382
v -0.053873 1.050767 -2.400335
v -0.053898 1.052944 -2.400560
v -0.039099 1.039972 -2.411602
v -0.039045 1.041886 -2.410438
v -0.039006 1.043935 -2.409531
v -0.047159 1.040079 -2.409127
v -0.047104 1.041980 -2.407983
v -0.047064 1.044016 -2.407090
v -0.053997 1.040450 -2.403243
v -0.053940 1.042318 -2.402149
v -0.053898 1.044318 -2.401297
v -0.039473 1.034281 -2.418450
v -0.039351 1.035361 -2.416448
v -0.039250 1.036683 -2.414625
v -0.047734 1.034372 -2.416278
v -0.047481 1.035481 -2.414023
v -0.047321 1.036809 -2.412119
v -0.055054 1.034725 -2.411012
v -0.054473 1.035899 -2.408200
v -0.054182 1.037235 -2.406138
v -0.039963 1.032742 -2.427422
v -0.039841 1.032691 -2.425154
v -0.039722 1.032933 -2.422858
v -0.048334 1.032699 -2.426931
v -0.048225 1.032662 -2.424459
v -0.048130 1.032937 -2.421685
v -0.056013 1.032661 -2.426438
v -0.055931 1.032656 -2.423489
v -0.055894 1.033017 -2.419468
v -0.056483 1.035711 -2.434859
v -0.048808 1.035753 -2.435284
v -0.040439 1.035799 -2.435746
v -0.056371 1.034544 -2.432947
v -0.048696 1.034586 -2.433371
v -0.040327 1.034631 -2.433834
v -0.056253 1.033634 -2.430899
v -0.048578 1.033676 -2.431324
v -0.040209 1.033721 -2.431786
v -0.068796 1.042474 -2.439845
v -0.068726 1.040508 -2.438775
v -0.068644 1.038700 -2.437459
v -0.072872 1.042548 -2.439405
v -0.072803 1.040607 -2.438359
v -0.072722 1.038831 -2.437054
v -0.075831 1.042793 -2.438658
v -0.075767 1.040919 -2.437676
v -0.075687 1.039230 -2.436404
v -0.068927 1.051202 -2.441357
v -0.068918 1.048964 -2.441412
v -0.068893 1.046737 -2.441175
v -0.073001 1.051155 -2.440897
v -0.072993 1.048951 -2.440961
v -0.072967 1.046758 -2.440718
v -0.075956 1.051074 -2.440098
v -0.075949 1.048959 -2.440184
v -0.075924 1.046860 -2.439926
v -0.068804 1.059519 -2.438309
v -0.068858 1.057607 -2.439474
v -0.068897 1.055561 -2.440380
v -0.072880 1.059358 -2.437893
v -0.072933 1.057480 -2.439048
v -0.072971 1.055460 -2.439932
v -0.075839 1.058968 -2.437211
v -0.075892 1.057180 -2.438340
v -0.075927 1.055231 -2.439165
v -0.068460 1.065196 -2.431517
v -0.068562 1.064124 -2.433480
v -0.068655 1.062805 -2.435287
v -0.072540 1.064959 -2.431195
v -0.072641 1.063911 -2.433133
v -0.072732 1.062604 -2.434908
v -0.075513 1.064360 -2.430769
v -0.075611 1.063377 -2.432641
v -0.075697 1.062102 -2.434328
v -0.067955 1.066878 -2.416170
v -0.068101 1.066815 -2.423127
v -0.068230 1.066535 -2.427021
v -0.071830 1.066702 -2.415441
v -0.072127 1.066592 -2.422718
v -0.072306 1.066285 -2.426730
v -0.074814 1.066128 -2.415817
v -0.075115 1.065987 -2.422687
v -0.075287 1.065643 -2.426468
v -0.067969 1.032637 -2.425636
v -0.067838 1.032680 -2.421733
v -0.067696 1.033194 -2.414794
v -0.072049 1.032848 -2.425364
v -0.071867 1.032874 -2.421340
v -0.071573 1.033368 -2.414079
v -0.075039 1.033462 -2.425153
v -0.074864 1.033432 -2.421357
v -0.074565 1.033861 -2.414499
v -0.068216 1.033601 -2.430227
v -0.072300 1.033800 -2.429923
v -0.075282 1.034387 -2.429545
v -0.068334 1.034508 -2.432271
v -0.072416 1.034685 -2.431940
v -0.075394 1.035212 -2.431490
v -0.068446 1.035673 -2.434178
v -0.072526 1.035842 -2.433815
v -0.075499 1.036343 -2.433275
v -0.072514 1.036372 -2.382319
v -0.070090 1.036115 -2.382158
v -0.067370 1.036124 -2.382678
v -0.070139 1.038277 -2.359072
v -0.068184 1.038125 -2.359298
v -0.066117 1.038223 -2.359545
v -0.066363 1.040225 -2.336408
v -0.064761 1.040121 -2.336778
v -0.063108 1.040247 -2.336985
v -0.075530 1.040115 -2.376851
v -0.075497 1.038907 -2.378377
v -0.075205 1.037838 -2.380472
v -0.072901 1.041360 -2.355299
v -0.072856 1.040270 -2.356371
v -0.072514 1.039366 -2.357594
v -0.068709 1.042914 -2.333771
v -0.068688 1.041929 -2.334485
v -0.068383 1.041139 -2.335218
v -0.075257 1.046175 -2.373384
v -0.075305 1.044456 -2.373951
v -0.075372 1.042884 -2.374755
v -0.072578 1.047212 -2.352501
v -0.072637 1.045552 -2.352978
v -0.072716 1.044014 -2.353620
v -0.068319 1.048389 -2.331747
v -0.068391 1.046834 -2.332096
v -0.068485 1.045388 -2.332556
v -0.075241 1.053579 -2.372895
v -0.075216 1.051721 -2.372686
v -0.075213 1.049851 -2.372743
v -0.072549 1.054390 -2.352144
v -0.072524 1.052578 -2.351978
v -0.072521 1.050758 -2.351995
v -0.068273 1.055133 -2.331539
v -0.068247 1.053426 -2.331408
v -0.068247 1.051713 -2.331400
v -0.075506 1.060355 -2.375469
v -0.075415 1.058855 -2.374539
v -0.075342 1.057189 -2.373834
v -0.072847 1.060975 -2.354313
v -0.072744 1.059496 -2.353548
v -0.072660 1.057882 -2.352937
v -0.068608 1.061339 -2.333208
v -0.068492 1.059936 -2.332631
v -0.068396 1.058416 -2.332156
v -0.075413 1.064927 -2.381578
v -0.075691 1.064023 -2.379403
v -0.075706 1.062942 -2.377784
v -0.072713 1.065296 -2.358653
v -0.073042 1.064482 -2.357360
v -0.073071 1.063481 -2.356203
v -0.068570 1.065370 -2.336207
v -0.068863 1.064629 -2.335412
v -0.068869 1.063702 -2.334620
v -0.067605 1.066627 -2.383924
v -0.070325 1.066622 -2.383404
v -0.072744 1.066300 -2.383541
v -0.066335 1.066456 -2.360698
v -0.068403 1.066518 -2.360457
v -0.070355 1.066330 -2.360218
v -0.063309 1.066300 -2.338049
v -0.064963 1.066386 -2.337851
v -0.066563 1.066256 -2.337471
v -0.063157 1.037257 -2.381217
v -0.062274 1.038316 -2.379117
v -0.061884 1.039530 -2.377497
v -0.063118 1.039257 -2.358683
v -0.062429 1.040160 -2.357558
v -0.062098 1.041252 -2.356495
v -0.060723 1.041192 -2.336574
v -0.060151 1.041990 -2.335993
v -0.059851 1.042977 -2.335333
v -0.061659 1.042451 -2.375261
v -0.061590 1.044151 -2.374420
v -0.061539 1.045972 -2.373769
v -0.061857 1.043951 -2.354779
v -0.061778 1.045527 -2.354127
v -0.061718 1.047217 -2.353624
v -0.059580 1.045458 -2.334121
v -0.059486 1.046909 -2.333659
v -0.059414 1.048467 -2.333307
v -0.061493 1.049857 -2.373081
v -0.061499 1.051855 -2.373057
v -0.061524 1.053845 -2.373244
v -0.061660 1.050825 -2.353105
v -0.061664 1.052683 -2.353097
v -0.061689 1.054534 -2.353256
v -0.059341 1.051799 -2.332958
v -0.059342 1.053517 -2.332967
v -0.059368 1.055229 -2.333098
v -0.061629 1.057659 -2.374246
v -0.061708 1.059421 -2.375044
v -0.061802 1.061045 -2.376020
v -0.061801 1.058087 -2.354068
v -0.061887 1.059729 -2.354707
v -0.061990 1.061245 -2.355486
v -0.059491 1.058520 -2.333717
v -0.059587 1.060043 -2.334195
v -0.059703 1.061450 -2.334774
v -0.062071 1.063770 -2.378487
v -0.062478 1.064839 -2.380200
v -0.063376 1.065703 -2.382379
v -0.062271 1.063791 -2.357416
v -0.062619 1.064784 -2.358564
v -0.063321 1.065575 -2.359758
v -0.060011 1.063818 -2.336184
v -0.060326 1.064741 -2.336922
v -0.060910 1.065471 -2.337565
v -0.052730 1.042934 -2.304831
v -0.051684 1.042843 -2.305239
v -0.050613 1.042952 -2.305563
v -0.043951 1.043544 -2.297472
v -0.043064 1.043453 -2.297857
v -0.042364 1.043551 -2.298225
v -0.035847 1.043896 -2.293917
v -0.034891 1.043813 -2.294223
v -0.034696 1.043894 -2.294631
v -0.053905 1.045274 -2.303267
v -0.054009 1.044412 -2.303602
v -0.053933 1.043725 -2.303981
v -0.044218 1.045779 -2.296110
v -0.044485 1.044947 -2.296374
v -0.044729 1.044293 -2.296711
v -0.034814 1.045988 -2.292623
v -0.035371 1.045178 -2.292880
v -0.036237 1.044562 -2.293256
v -0.053314 1.050120 -2.302410
v -0.053422 1.048741 -2.302548
v -0.053560 1.047458 -2.302738
v -0.043493 1.050495 -2.295527
v -0.043623 1.049152 -2.295614
v -0.043788 1.047903 -2.295741
v -0.033944 1.050654 -2.292174
v -0.034094 1.049324 -2.292235
v -0.034284 1.048088 -2.292330
v -0.053222 1.056127 -2.302430
v -0.053193 1.054603 -2.302339
v -0.053198 1.053076 -2.302305
v -0.043376 1.056351 -2.295602
v -0.043344 1.054864 -2.295520
v -0.043353 1.053376 -2.295480
v -0.033803 1.056454 -2.292276
v -0.033768 1.054981 -2.292199
v -0.033780 1.053506 -2.292156
v -0.053670 1.061685 -2.303319
v -0.053512 1.060425 -2.303025
v -0.053383 1.059063 -2.302775
v -0.043895 1.061777 -2.296307
v -0.043710 1.060546 -2.296080
v -0.043561 1.059216 -2.295884
v -0.034390 1.061832 -2.292891
v -0.034180 1.060611 -2.292696
v -0.034011 1.059293 -2.292527
v -0.054099 1.065311 -2.304862
v -0.054165 1.064647 -2.304428
v -0.054048 1.063814 -2.304024
v -0.044891 1.065299 -2.297569
v -0.044637 1.064666 -2.297179
v -0.044357 1.063858 -2.296848
v -0.036397 1.065272 -2.294102
v -0.035521 1.064681 -2.293676
v -0.034952 1.063893 -2.293354
v -0.050791 1.066109 -2.306509
v -0.051864 1.066196 -2.306193
v -0.052908 1.066091 -2.305777
v -0.042537 1.066036 -2.299143
v -0.043239 1.066124 -2.298783
v -0.044124 1.066029 -2.298390
v -0.034865 1.065909 -2.295531
v -0.035062 1.065991 -2.295129
v -0.036017 1.065911 -2.294816
v -0.048949 1.043767 -2.305707
v -0.048456 1.044459 -2.305527
v -0.048142 1.045322 -2.305266
v -0.041040 1.044307 -2.298492
v -0.040402 1.044962 -2.298364
v -0.039992 1.045794 -2.298177
v -0.033695 1.044554 -2.294924
v -0.032629 1.045166 -2.294747
v -0.032004 1.045975 -2.294565
v -0.047767 1.047506 -2.304748
v -0.047628 1.048789 -2.304557
v -0.047520 1.050169 -2.304420
v -0.039542 1.047918 -2.297818
v -0.039376 1.049167 -2.297692
v -0.039247 1.050510 -2.297605
v -0.031464 1.048074 -2.294283
v -0.031274 1.049310 -2.294188
v -0.031124 1.050640 -2.294127
v -0.047405 1.053125 -2.304315
v -0.047399 1.054651 -2.304348
v -0.047428 1.056176 -2.304439
v -0.039106 1.053391 -2.297558
v -0.039097 1.054880 -2.297598
v -0.039129 1.056366 -2.297679
v -0.030960 1.053493 -2.294109
v -0.030948 1.054967 -2.294152
v -0.030983 1.056440 -2.294229
v -0.047589 1.059111 -2.304785
v -0.047718 1.060473 -2.305034
v -0.047876 1.061734 -2.305329
v -0.039314 1.059231 -2.297961
v -0.039464 1.060561 -2.298157
v -0.039648 1.061792 -2.298385
v -0.031191 1.059279 -2.294480
v -0.031361 1.060597 -2.294649
v -0.031570 1.061818 -2.294844
v -0.048284 1.063862 -2.306023
v -0.048611 1.064694 -2.306354
v -0.049115 1.065353 -2.306588
v -0.040131 1.063873 -2.298915
v -0.040554 1.064681 -2.299169
v -0.041202 1.065313 -2.299350
v -0.032142 1.063880 -2.295296
v -0.032779 1.064669 -2.295543
v -0.033855 1.065264 -2.295770
v -0.022393 1.063925 -2.291631
v -0.020561 1.063919 -2.291811
v -0.021665 1.063905 -2.292492
v -0.023447 1.064710 -2.291978
v -0.021670 1.064712 -2.292148
v -0.022712 1.064691 -2.292803
v -0.025698 1.065295 -2.292538
v -0.024085 1.065318 -2.292700
v -0.024938 1.065282 -2.293283
v -0.021246 1.059328 -2.290885
v -0.019389 1.059321 -2.291076
v -0.020519 1.059308 -2.291751
v -0.021442 1.060645 -2.291039
v -0.019588 1.060638 -2.291227
v -0.020715 1.060625 -2.291904
v -0.021685 1.061865 -2.291213
v -0.019835 1.061858 -2.291399
v -0.020958 1.061845 -2.292079
v -0.020985 1.053549 -2.290534
v -0.019124 1.053542 -2.290727
v -0.020258 1.053529 -2.291400
v -0.020969 1.055022 -2.290580
v -0.019107 1.055015 -2.290772
v -0.020242 1.055001 -2.291445
v -0.021007 1.056492 -2.290654
v -0.019146 1.056486 -2.290847
v -0.020281 1.056472 -2.291520
v -0.021579 1.048139 -2.290652
v -0.019729 1.048132 -2.290839
v -0.020852 1.048119 -2.291518
v -0.021355 1.049373 -2.290578
v -0.019502 1.049366 -2.290767
v -0.020629 1.049353 -2.291444
v -0.021180 1.050701 -2.290533
v -0.019323 1.050694 -2.290724
v -0.020453 1.050680 -2.291399
v -0.025539 1.044619 -2.291693
v -0.023925 1.044588 -2.291854
v -0.024779 1.044605 -2.292439
v -0.023297 1.045235 -2.291183
v -0.021520 1.045221 -2.291352
v -0.022562 1.045217 -2.292008
v -0.022255 1.046044 -2.290901
v -0.020423 1.046036 -2.291081
v -0.021527 1.046024 -2.291762
v -0.079342 1.043466 -2.433419
v -0.078953 1.044062 -2.435540
v -0.078899 1.042520 -2.434945
v -0.078842 1.041321 -2.433806
v -0.079376 1.043090 -2.432043
v -0.079527 1.045334 -2.430454
v -0.079448 1.044868 -2.433167
v -0.079471 1.049136 -2.435188
v -0.079055 1.050701 -2.436731
v -0.079047 1.049066 -2.436986
v -0.079030 1.047458 -2.436599
v -0.079521 1.048124 -2.434182
v -0.079616 1.049278 -2.431684
v -0.079538 1.050227 -2.434268
v -0.079431 1.054933 -2.433888
v -0.078964 1.057047 -2.434449
v -0.079001 1.055759 -2.435485
v -0.079031 1.054172 -2.435953
v -0.079515 1.053555 -2.433522
v -0.079588 1.053311 -2.430780
v -0.079471 1.055420 -2.432546
v -0.079232 1.059303 -2.429868
v -0.078703 1.061402 -2.429304
v -0.078772 1.060804 -2.430845
v -0.078845 1.059665 -2.432041
v -0.079357 1.057930 -2.430238
v -0.079450 1.056351 -2.427984
v -0.079265 1.059056 -2.428462
v -0.078925 1.061108 -2.423800
v -0.078312 1.062790 -2.420012
v -0.078411 1.062916 -2.423466
v -0.078520 1.062472 -2.425806
v -0.079090 1.060079 -2.425147
v -0.079238 1.057592 -2.423938
v -0.078968 1.060224 -2.422267
v -0.078693 1.059803 -2.414968
v -0.078230 1.060325 -2.408197
v -0.078257 1.061400 -2.409632
v -0.078251 1.061994 -2.412208
v -0.078823 1.059474 -2.417584
v -0.079024 1.056688 -2.419480
v -0.078758 1.058444 -2.415334
v -0.078448 1.055802 -2.410550
v -0.077958 1.055322 -2.404125
v -0.077991 1.056820 -2.404547
v -0.078073 1.057975 -2.405722
v -0.078608 1.056152 -2.412861
v -0.078847 1.053889 -2.416410
v -0.078535 1.054399 -2.411776
v -0.078318 1.050221 -2.408846
v -0.077855 1.048893 -2.403012
v -0.077839 1.050478 -2.402653
v -0.077879 1.052028 -2.403140
v -0.078460 1.051179 -2.410787
v -0.078757 1.049959 -2.415190
v -0.078444 1.049106 -2.410702
v -0.078361 1.044518 -2.410089
v -0.077956 1.042752 -2.405100
v -0.077893 1.044001 -2.404024
v -0.077882 1.045529 -2.403725
v -0.078469 1.045816 -2.411426
v -0.078785 1.045941 -2.416085
v -0.078514 1.043979 -2.412364
v -0.078542 1.040168 -2.414166
v -0.078067 1.038216 -2.411237
v -0.078084 1.039018 -2.408718
v -0.078075 1.040206 -2.407375
v -0.078627 1.041491 -2.414641
v -0.078918 1.042899 -2.418917
v -0.078675 1.040280 -2.416800
v -0.078748 1.038143 -2.422862
v -0.078321 1.036627 -2.424750
v -0.078206 1.036377 -2.422383
v -0.078111 1.036786 -2.418950
v -0.078806 1.039148 -2.421407
v -0.079115 1.041631 -2.423286
v -0.078928 1.039056 -2.424289
v -0.079079 1.039442 -2.429057
v -0.078685 1.038911 -2.431194
v -0.078595 1.037874 -2.429908
v -0.078518 1.037405 -2.428324
v -0.079117 1.039802 -2.427676
v -0.079344 1.042534 -2.427420
v -0.079225 1.040779 -2.429538
vn 0.9968 -0.0102 -0.0797
vn 0.9921 -0.0590 -0.1103
vn 0.9868 -0.0560 -0.1517
vn 0.9905 -0.0172 -0.1368
vn 0.9630 -0.1629 -0.2149
vn 0.9568 -0.1268 -0.2616
vn 0.9592 -0.0688 -0.2743
vn 0.9985 0.0054 -0.0552
vn 0.9978 -0.0057 -0.0654
vn 0.9976 0.0009 -0.0696
vn 0.9931 -0.0499 -0.1059
vn 0.9918 -0.0170 -0.1267
vn 0.8468 -0.3646 -0.3874
vn 0.8373 -0.3412 -0.4272
vn 0.9669 -0.1557 -0.2020
vn 0.8266 -0.2766 -0.4902
vn 0.8379 -0.1451 -0.5262
vn 0.9631 -0.0600 -0.2625
vn 0.8313 -0.1915 -0.5218
vn 0.9964 0.0042 -0.0842
vn 0.9906 -0.0227 -0.1351
vn 0.9856 0.0007 -0.1693
vn 0.9902 0.0268 -0.1371
vn 0.9590 -0.0596 -0.2772
vn 0.9540 -0.0049 -0.2996
vn 0.9581 0.0516 -0.2817
vn 0.9975 0.0087 -0.0699
vn 0.9915 0.0219 -0.1283
vn 0.8293 -0.1047 -0.5489
vn 0.8207 -0.0170 -0.5711
vn 0.8359 0.1146 -0.5368
vn 0.9622 0.0532 -0.2671
vn 0.8279 0.0723 -0.5561
vn 0.9965 0.0189 -0.0809
vn 0.9902 0.0212 -0.1384
vn 0.9860 0.0586 -0.1563
vn 0.9912 0.0650 -0.1154
vn 0.9582 0.0610 -0.2796
vn 0.9549 0.1197 -0.2717
vn 0.9605 0.1596 -0.2280
vn 0.9977 0.0157 -0.0663
vn 0.9923 0.0563 -0.1102
vn 0.8286 0.1611 -0.5362
vn 0.8225 0.2484 -0.5116
vn 0.8413 0.3447 -0.4163
vn 0.9645 0.1536 -0.2146
vn 0.8323 0.3181 -0.4541
vn 0.9970 0.0300 -0.0707
vn 0.9910 0.0608 -0.1193
vn 0.9879 0.1024 -0.1161
vn 0.9932 0.0873 -0.0775
vn 0.9608 0.1667 -0.2215
vn 0.9592 0.2137 -0.1853
vn 0.9657 0.2262 -0.1276
vn 0.9980 0.0199 -0.0597
vn 0.9940 0.0771 -0.0774
vn 0.8353 0.3850 -0.3926
vn 0.8316 0.4484 -0.3276
vn 0.8527 0.4838 -0.1971
vn 0.9695 0.2142 -0.1190
vn 0.8430 0.4798 -0.2431
vn 0.9978 0.0345 -0.0564
vn 0.9929 0.0856 -0.0830
vn 0.9910 0.1201 -0.0595
vn 0.9956 0.0877 -0.0336
vn 0.9662 0.2291 -0.1184
vn 0.9657 0.2518 -0.0636
vn 0.9723 0.2337 -0.0074
vn 0.9984 0.0202 -0.0519
vn 0.9961 0.0788 -0.0386
vn 0.8477 0.5069 -0.1564
vn 0.8455 0.5296 -0.0684
vn 0.8669 0.4945 0.0621
vn 0.9757 0.2189 -0.0060
vn 0.8574 0.5142 0.0204
vn 0.9986 0.0312 -0.0417
vn 0.9953 0.0889 -0.0392
vn 0.9942 0.1071 -0.0016
vn 0.9978 0.0659 0.0046
vn 0.9728 0.2316 0.0020
vn 0.9727 0.2238 0.0609
vn 0.9785 0.1799 0.1004
vn 0.9989 0.0166 -0.0450
vn 0.9981 0.0607 -0.0042
vn 0.8624 0.4943 0.1090
vn 0.8605 0.4700 0.1965
vn 0.8803 0.3740 0.2919
vn 0.9816 0.1663 0.0943
vn 0.8715 0.4121 0.2657
vn 0.9993 0.0210 -0.0306
vn 0.9976 0.0698 0.0004
vn 0.9969 0.0668 0.0420
vn 0.9992 0.0280 0.0268
vn 0.9790 0.1734 0.1075
vn 0.9784 0.1373 0.1547
vn 0.9828 0.0794 0.1670
vn 0.9991 0.0099 -0.0408
vn 0.9995 0.0278 0.0166
vn 0.8756 0.3505 0.3325
vn 0.8725 0.2858 0.3962
vn 0.8892 0.1545 0.4307
vn 0.9854 0.0706 0.1548
vn 0.8816 0.2008 0.4271
vn 0.9996 0.0066 -0.0261
vn 0.9991 0.0335 0.0251
vn 0.9982 0.0101 0.0597
vn 0.9995 -0.0160 0.0271
vn 0.9830 0.0702 0.1698
vn 0.9811 0.0154 0.1927
vn 0.9838 -0.0410 0.1744
vn 0.9992 0.0021 -0.0405
vn 0.9998 -0.0110 0.0182
vn 0.8836 0.1140 0.4542
vn 0.8784 0.0263 0.4772
vn 0.8912 -0.1052 0.4413
vn 0.9863 -0.0426 0.1594
vn 0.8849 -0.0630 0.4614
vn 0.9995 -0.0081 -0.0294
vn 0.9995 -0.0104 0.0284
vn 0.9978 -0.0479 0.0467
vn 0.9985 -0.0542 0.0054
vn 0.9838 -0.0504 0.1723
vn 0.9803 -0.1092 0.1647
vn 0.9814 -0.1490 0.1207
vn 0.9990 -0.0048 -0.0441
vn 0.9990 -0.0455 0.0002
vn 0.8843 -0.1518 0.4415
vn 0.8766 -0.2391 0.4177
vn 0.8858 -0.3353 0.3209
vn 0.9839 -0.1430 0.1069
vn 0.8806 -0.3087 0.3594
vn 0.9990 -0.0192 -0.0396
vn 0.9987 -0.0500 0.0093
vn 0.9958 -0.0916 0.0065
vn 0.9965 -0.0765 -0.0324
vn 0.9811 -0.1561 0.1142
vn 0.9760 -0.2031 0.0783
vn 0.9763 -0.2157 0.0203
vn 0.9987 -0.0090 -0.0507
vn 0.9973 -0.0663 -0.0327
vn 0.8776 -0.3756 0.2979
vn 0.8675 -0.4392 0.2337
vn 0.8744 -0.4744 0.1017
vn 0.9790 -0.2036 0.0113
vn 0.8698 -0.4705 0.1484
vn 0.9983 -0.0237 -0.0540
vn 0.9968 -0.0748 -0.0270
vn 0.9927 -0.1093 -0.0501
vn 0.9941 -0.0768 -0.0764
vn 0.9758 -0.2185 0.0111
vn 0.9695 -0.2413 -0.0434
vn 0.9697 -0.2231 -0.1000
vn 0.9982 -0.0093 -0.0585
vn 0.9951 -0.0679 -0.0715
vn 0.8652 -0.4976 0.0617
vn 0.8536 -0.5203 -0.0255
vn 0.8601 -0.4851 -0.1576
vn 0.9728 -0.2083 -0.1018
vn 0.8555 -0.5049 -0.1151
vn 0.9691 -0.2210 -0.1093
vn 0.9625 -0.2133 -0.1678
vn 0.9895 -0.0963 -0.1080
vn 0.9944 -0.0781 -0.0708
vn 0.9634 -0.1694 -0.2078
vn 0.9919 -0.0551 -0.1146
vn 0.9974 -0.0204 -0.0687
vn 0.8505 -0.4850 -0.2037
vn 0.8386 -0.4608 -0.2905
vn 0.8414 -0.4028 -0.3604
vn 0.4971 -0.5515 -0.6699
vn -0.0058 -0.6449 -0.7642
vn -0.0174 -0.5349 -0.8447
vn 0.4828 -0.4540 -0.7488
vn -0.4770 -0.5777 -0.6623
vn -0.4832 -0.4818 -0.7310
vn -0.0151 -0.4146 -0.9099
vn 0.4886 -0.3403 -0.8034
vn -0.4851 -0.3785 -0.7883
vn 0.5110 -0.6162 -0.5993
vn 0.0060 -0.7348 -0.6782
vn -0.4703 -0.6626 -0.5829
vn -0.8004 -0.4639 -0.3797
vn -0.8040 -0.4043 -0.4360
vn -0.8071 -0.3385 -0.4837
vn -0.8095 -0.2672 -0.5227
vn -0.8114 -0.1907 -0.5524
vn -0.4862 -0.2702 -0.8310
vn -0.0117 -0.2979 -0.9545
vn 0.4961 -0.2482 -0.8320
vn 0.4844 -0.1565 -0.8607
vn -0.0205 -0.1768 -0.9840
vn -0.0286 -0.0410 -0.9987
vn 0.4732 -0.0323 -0.8803
vn -0.4901 -0.1568 -0.8574
vn -0.4932 -0.0393 -0.8690
vn -0.0226 0.0956 -0.9952
vn 0.4825 0.0932 -0.8709
vn -0.4919 0.0788 -0.8671
vn -0.8131 -0.1109 -0.5715
vn -0.8141 -0.0300 -0.5799
vn -0.8143 0.0514 -0.5781
vn -0.8139 0.1325 -0.5656
vn -0.4898 0.1940 -0.8500
vn -0.0156 0.2189 -0.9756
vn 0.4928 0.1871 -0.8498
vn 0.4838 0.2812 -0.8288
vn -0.0209 0.3387 -0.9407
vn -0.0251 0.4639 -0.8855
vn 0.4762 0.3988 -0.7837
vn -0.4903 0.3054 -0.8163
vn -0.4901 0.4131 -0.7676
vn -0.0152 0.5803 -0.8143
vn 0.4890 0.5026 -0.7129
vn -0.4854 0.5144 -0.7069
vn -0.8132 0.2112 -0.5423
vn -0.8119 0.2855 -0.5092
vn -0.8099 0.3550 -0.4670
vn -0.8072 0.4190 -0.4157
vn -0.4801 0.6056 -0.6347
vn -0.0049 0.6771 -0.7359
vn 0.5018 0.5731 -0.6479
vn 0.4955 0.6443 -0.5826
vn -0.0069 0.7635 -0.6457
vn -0.0078 0.8445 -0.5354
vn 0.4910 0.7239 -0.4847
vn -0.4777 0.6852 -0.5498
vn -0.4746 0.7542 -0.4539
vn 0.0050 0.9095 -0.4157
vn 0.5064 0.7781 -0.3717
vn -0.4674 0.8115 -0.3508
vn -0.8044 0.4755 -0.3562
vn -0.8011 0.5233 -0.2905
vn -0.7973 0.5624 -0.2192
vn -0.7931 0.5921 -0.1429
vn -0.4598 0.8542 -0.2428
vn 0.0177 0.9539 -0.2996
vn 0.5209 0.8063 -0.2803
vn 0.5162 0.8355 -0.1882
vn 0.0177 0.9838 -0.1782
vn 0.0186 0.9989 -0.0422
vn 0.5136 0.8557 -0.0636
vn -0.4555 0.8808 -0.1295
vn -0.4509 0.8925 -0.0120
vn 0.0327 0.9951 0.0938
vn 0.5300 0.8458 0.0612
vn -0.4426 0.8905 0.1058
vn -0.7889 0.6112 -0.0632
vn -0.7846 0.6197 0.0176
vn -0.7800 0.6179 0.0988
vn -0.7753 0.6055 0.1798
vn -0.4343 0.8733 0.2207
vn 0.0461 0.9752 0.2164
vn 0.5448 0.8242 0.1544
vn 0.5406 0.8037 0.2488
vn 0.0464 0.9405 0.3365
vn 0.0471 0.8857 0.4619
vn 0.5379 0.7590 0.3669
vn -0.4298 0.8397 0.3321
vn -0.4254 0.7910 0.4397
vn 0.0604 0.8140 0.5777
vn 0.5534 0.6877 0.4699
vn -0.4177 0.7302 0.5407
vn -0.7710 0.5821 0.2584
vn -0.7668 0.5490 0.3325
vn -0.7626 0.5068 0.4020
vn -0.7587 0.4554 0.4659
vn -0.4104 0.6578 0.6316
vn 0.0727 0.7352 0.6739
vn 0.5672 0.6221 0.5397
vn 0.5619 0.5572 0.6113
vn 0.0715 0.6453 0.7606
vn 0.0700 0.5352 0.8418
vn 0.5574 0.4597 0.6913
vn -0.4074 0.5729 0.7112
vn -0.4049 0.4770 0.7801
vn 0.0808 0.4149 0.9063
vn 0.5705 0.3461 0.7448
vn -0.3993 0.3737 0.8372
vn -0.7554 0.3958 0.5222
vn -0.7525 0.3300 0.5699
vn -0.7498 0.2587 0.6089
vn -0.7476 0.1822 0.6386
vn -0.3945 0.2654 0.8797
vn 0.0904 0.2983 0.9502
vn 0.5821 0.2541 0.7724
vn 0.5746 0.1623 0.8022
vn 0.0862 0.1772 0.9804
vn 0.0812 0.0413 0.9958
vn 0.5670 0.0380 0.8228
vn -0.3943 0.1520 0.9063
vn -0.3948 0.0345 0.9181
vn 0.0883 -0.0953 0.9915
vn 0.5766 -0.0875 0.8124
vn -0.3925 -0.0837 0.9159
vn -0.7463 0.1024 0.6577
vn -0.7455 0.0215 0.6661
vn -0.7451 -0.0599 0.6643
vn -0.7451 -0.1410 0.6518
vn -0.3910 -0.1988 0.8987
vn 0.0944 -0.2184 0.9713
vn 0.5854 -0.1813 0.7902
vn 0.5752 -0.2754 0.7702
vn 0.0866 -0.3384 0.9370
vn 0.0777 -0.4636 0.8826
vn 0.5640 -0.3932 0.7262
vn -0.3941 -0.3103 0.8651
vn -0.3980 -0.4179 0.8167
vn 0.0809 -0.5799 0.8106
vn 0.5701 -0.4968 0.6544
vn -0.3990 -0.5192 0.7558
vn -0.7462 -0.2197 0.6285
vn -0.7477 -0.2940 0.5954
vn -0.7495 -0.3635 0.5532
vn -0.7519 -0.4275 0.5019
vn -0.4006 -0.6103 0.6834
vn 0.0836 -0.6766 0.7315
vn 0.5764 -0.5672 0.5883
vn 0.5636 -0.6385 0.5241
vn 0.0726 -0.7632 0.6421
vn 0.0604 -0.8443 0.5325
vn 0.5492 -0.7182 0.4272
vn -0.4067 -0.6900 0.5987
vn -0.4135 -0.7590 0.5030
vn 0.0607 -0.9091 0.4120
vn 0.5527 -0.7723 0.3132
vn -0.4170 -0.8163 0.3997
vn -0.7550 -0.4840 0.4424
vn -0.7585 -0.5317 0.3767
vn -0.7621 -0.5709 0.3054
vn -0.7660 -0.6006 0.2291
vn -0.4209 -0.8590 0.2915
vn 0.0610 -0.9535 0.2952
vn 0.5573 -0.8004 0.2207
vn 0.5429 -0.8298 0.1296
vn 0.0479 -0.9835 0.1746
vn 0.0340 -0.9986 0.0393
vn 0.5267 -0.8500 0.0061
vn -0.4289 -0.8856 0.1784
vn -0.4371 -0.8973 0.0611
vn 0.0330 -0.9947 -0.0974
vn 0.5291 -0.8401 -0.1197
vn -0.4418 -0.8953 -0.0569
vn -0.7705 -0.6197 0.1494
vn -0.7750 -0.6282 0.0686
vn -0.7794 -0.6264 -0.0126
vn -0.7838 -0.6139 -0.0936
vn -0.4464 -0.8781 -0.1720
vn 0.0326 -0.9748 -0.2208
vn 0.5334 -0.8184 -0.2140
vn -0.4668 -0.7350 -0.4918
vn 0.0052 -0.8137 -0.5813
vn 0.0055 -0.8854 -0.4648
vn -0.4627 -0.7959 -0.3906
vn 0.5057 -0.6819 -0.5284
vn 0.5024 -0.7533 -0.4244
vn 0.0193 -0.9402 -0.3401
vn -0.4546 -0.8445 -0.2832
vn 0.5185 -0.7979 -0.3074
vn -0.7968 -0.5152 -0.3158
vn -0.7884 -0.5906 -0.1722
vn -0.7928 -0.5574 -0.2463
vn -0.9555 -0.1478 -0.2551
vn -0.9542 -0.1865 -0.2340
vn -0.9928 -0.0902 -0.0793
vn -0.9934 -0.0722 -0.0892
vn -0.9525 -0.2221 -0.2081
vn -0.9920 -0.1069 -0.0672
vn -0.9990 -0.0434 -0.0047
vn -0.9993 -0.0353 -0.0092
vn -0.9987 -0.0508 0.0007
vn -0.9567 -0.1063 -0.2712
vn -0.9507 -0.2545 -0.1774
vn -0.9911 -0.1220 -0.0528
vn -0.9983 -0.0576 0.0071
vn -0.9984 -0.0550 0.0095
vn -0.9988 -0.0486 0.0033
vn -0.9991 -0.0415 -0.0018
vn -0.9994 -0.0338 -0.0060
vn -0.9996 -0.0266 -0.0125
vn -0.9996 -0.0255 -0.0092
vn -0.9939 -0.0527 -0.0967
vn -0.9582 0.0250 -0.2852
vn -0.9580 -0.0191 -0.2862
vn -0.9945 -0.0119 -0.1037
vn -0.9946 0.0087 -0.1032
vn -0.9575 -0.0629 -0.2816
vn -0.9943 -0.0324 -0.1016
vn -0.9998 -0.0083 -0.0157
vn -0.9999 0.0009 -0.0154
vn -0.9997 -0.0175 -0.0147
vn -0.9580 0.0691 -0.2783
vn -0.9998 -0.0169 -0.0113
vn -0.9999 -0.0082 -0.0122
vn -0.9999 0.0006 -0.0120
vn -0.9999 0.0101 -0.0140
vn -0.9999 0.0093 -0.0106
vn -0.9946 0.0293 -0.1000
vn -0.9557 0.1898 -0.2249
vn -0.9568 0.1521 -0.2478
vn -0.9940 0.0682 -0.0858
vn -0.9935 0.0858 -0.0750
vn -0.9575 0.1118 -0.2657
vn -0.9943 0.0494 -0.0941
vn -0.9996 0.0275 -0.0076
vn -0.9994 0.0353 -0.0028
vn -0.9998 0.0190 -0.0114
vn -0.9544 0.2245 -0.1970
vn -0.9998 0.0178 -0.0081
vn -0.9997 0.0259 -0.0046
vn -0.9994 0.0333 -0.0000
vn -0.9991 0.0426 0.0030
vn -0.9992 0.0402 0.0056
vn -0.9928 0.1021 -0.0620
vn -0.9489 0.3023 -0.0905
vn -0.9509 0.2812 -0.1291
vn -0.9912 0.1286 -0.0302
vn -0.9903 0.1385 -0.0122
vn -0.9527 0.2552 -0.1647
vn -0.9921 0.1165 -0.0469
vn -0.9984 0.0545 0.0172
vn -0.9979 0.0589 0.0253
vn -0.9987 0.0490 0.0097
vn -0.9467 0.3184 -0.0490
vn -0.9989 0.0464 0.0120
vn -0.9985 0.0515 0.0190
vn -0.9981 0.0557 0.0267
vn -0.9975 0.0622 0.0340
vn -0.9976 0.0589 0.0350
vn -0.9893 0.1460 0.0073
vn -0.9395 0.3325 0.0821
vn -0.9420 0.3335 0.0381
vn -0.9870 0.1531 0.0480
vn -0.9859 0.1526 0.0686
vn -0.9444 0.3289 -0.0057
vn -0.9882 0.1509 0.0275
vn -0.9965 0.0654 0.0522
vn -0.9960 0.0652 0.0614
vn -0.9970 0.0644 0.0430
vn -0.9370 0.3257 0.1261
vn -0.9972 0.0610 0.0436
vn -0.9967 0.0620 0.0523
vn -0.9962 0.0617 0.0611
vn -0.9955 0.0638 0.0706
vn -0.9957 0.0604 0.0698
vn -0.9847 0.1494 0.0892
vn -0.9301 0.2722 0.2466
vn -0.9323 0.2951 0.2090
vn -0.9825 0.1351 0.1280
vn -0.9815 0.1244 0.1456
vn -0.9346 0.3130 0.1688
vn -0.9836 0.1435 0.1092
vn -0.9945 0.0574 0.0879
vn -0.9940 0.0526 0.0958
vn -0.9950 0.0611 0.0795
vn -0.9280 0.2442 0.2813
vn -0.9952 0.0579 0.0783
vn -0.9948 0.0543 0.0863
vn -0.9943 0.0497 0.0938
vn -0.9936 0.0467 0.1030
vn -0.9939 0.0442 0.1007
vn -0.9805 0.1113 0.1618
vn -0.9232 0.1376 0.3589
vn -0.9245 0.1763 0.3378
vn -0.9789 0.0795 0.1883
vn -0.9782 0.0614 0.1981
vn -0.9262 0.2119 0.3120
vn -0.9797 0.0962 0.1762
vn -0.9929 0.0325 0.1148
vn -0.9926 0.0244 0.1193
vn -0.9932 0.0400 0.1094
vn -0.9220 0.0960 0.3750
vn -0.9936 0.0378 0.1068
vn -0.9932 0.0307 0.1120
vn -0.9930 0.0230 0.1161
vn -0.9923 0.0157 0.1226
vn -0.9927 0.0147 0.1193
vn -0.9777 0.0420 0.2057
vn -0.9206 -0.0352 0.3890
vn -0.9207 0.0088 0.3901
vn -0.9771 0.0012 0.2127
vn -0.9770 -0.0194 0.2122
vn -0.9212 0.0527 0.3854
vn -0.9773 0.0217 0.2105
vn -0.9921 -0.0025 0.1258
vn -0.9920 -0.0117 0.1256
vn -0.9922 0.0067 0.1248
vn -0.9207 -0.0793 0.3822
vn -0.9926 0.0061 0.1214
vn -0.9925 -0.0026 0.1224
vn -0.9924 -0.0114 0.1221
vn -0.9920 -0.0209 0.1241
vn -0.9925 -0.0202 0.1207
vn -0.9771 -0.0401 0.2090
vn -0.9230 -0.2000 0.3288
vn -0.9219 -0.1624 0.3517
vn -0.9777 -0.0789 0.1948
vn -0.9782 -0.0965 0.1840
vn -0.9212 -0.1221 0.3695
vn -0.9773 -0.0601 0.2031
vn -0.9923 -0.0383 0.1177
vn -0.9925 -0.0462 0.1130
vn -0.9921 -0.0299 0.1215
vn -0.9243 -0.2347 0.3008
vn -0.9926 -0.0287 0.1183
vn -0.9927 -0.0367 0.1147
vn -0.9929 -0.0442 0.1101
vn -0.9928 -0.0534 0.1071
vn -0.9932 -0.0511 0.1046
vn -0.9788 -0.1128 0.1710
vn -0.9298 -0.3125 0.1944
vn -0.9278 -0.2914 0.2330
vn -0.9804 -0.1393 0.1392
vn -0.9814 -0.1492 0.1211
vn -0.9260 -0.2655 0.2685
vn -0.9796 -0.1272 0.1559
vn -0.9935 -0.0653 0.0929
vn -0.9940 -0.0697 0.0848
vn -0.9931 -0.0599 0.1004
vn -0.9320 -0.3287 0.1528
vn -0.9935 -0.0572 0.0982
vn -0.9939 -0.0624 0.0911
vn -0.9943 -0.0666 0.0834
vn -0.9944 -0.0731 0.0762
vn -0.9947 -0.0698 0.0751
vn -0.9824 -0.1568 0.1017
vn -0.9392 -0.3427 0.0218
vn -0.9368 -0.3438 0.0658
vn -0.9846 -0.1638 0.0610
vn -0.9857 -0.1633 0.0404
vn -0.9344 -0.3391 0.1095
vn -0.9835 -0.1616 0.0814
vn -0.9954 -0.0762 0.0579
vn -0.9959 -0.0760 0.0487
vn -0.9949 -0.0753 0.0671
vn -0.9416 -0.3359 -0.0222
vn -0.9952 -0.0719 0.0665
vn -0.9957 -0.0728 0.0578
vn -0.9962 -0.0726 0.0491
vn -0.9964 -0.0746 0.0395
vn -0.9966 -0.0712 0.0403
vn -0.9869 -0.1601 0.0198
vn -0.9486 -0.2824 -0.1427
vn -0.9464 -0.3054 -0.1052
vn -0.9891 -0.1459 -0.0190
vn -0.9902 -0.1351 -0.0366
vn -0.9441 -0.3232 -0.0650
vn -0.9880 -0.1542 -0.0002
vn -0.9974 -0.0682 0.0222
vn -0.9979 -0.0634 0.0143
vn -0.9969 -0.0720 0.0306
vn -0.9971 -0.0687 0.0318
vn -0.9976 -0.0652 0.0238
vn -0.9980 -0.0606 0.0163
vn -0.9828 -0.1452 -0.1138
vn -0.7793 -0.4240 -0.4614
vn -0.7824 -0.3551 -0.5116
vn -0.9839 -0.1223 -0.1306
vn -0.2977 -0.6196 -0.7263
vn -0.3023 -0.5182 -0.8001
vn -0.7851 -0.2802 -0.5523
vn -0.9848 -0.0973 -0.1441
vn -0.3063 -0.4080 -0.8601
vn -0.9816 -0.1660 -0.0939
vn -0.7758 -0.4864 -0.4019
vn -0.2924 -0.7116 -0.6388
vn -0.0580 -0.7355 -0.6750
vn -0.0635 -0.6402 -0.7655
vn -0.0683 -0.5352 -0.8420
vn -0.0724 -0.4211 -0.9041
vn -0.0756 -0.2984 -0.9514
vn -0.3095 -0.2895 -0.9058
vn -0.7874 -0.1997 -0.5832
vn -0.9855 -0.0705 -0.1543
vn -0.0554 -0.6403 -0.7661
vn -0.0920 -0.6397 -0.7631
vn -0.0968 -0.5348 -0.8395
vn -0.0602 -0.5352 -0.8426
vn -0.1685 -0.6356 -0.7534
vn -0.1732 -0.5314 -0.8292
vn -0.1008 -0.4208 -0.9015
vn -0.0643 -0.4211 -0.9047
vn -0.1773 -0.4182 -0.8909
vn -0.0499 -0.7356 -0.6756
vn -0.0865 -0.7349 -0.6727
vn -0.1630 -0.7301 -0.6637
vn -0.3397 -0.7014 -0.6266
vn -0.3450 -0.6108 -0.7127
vn -0.3495 -0.5108 -0.7854
vn -0.3534 -0.4022 -0.8446
vn -0.3565 -0.2855 -0.8896
vn -0.1805 -0.2965 -0.9378
vn -0.1041 -0.2982 -0.9488
vn -0.0676 -0.2984 -0.9520
vn -0.9860 -0.0426 -0.1612
vn -0.7889 -0.1159 -0.6036
vn -0.7897 -0.0311 -0.6127
vn -0.9863 -0.0143 -0.1642
vn -0.3118 -0.1660 -0.9356
vn -0.3131 -0.0412 -0.9488
vn -0.7902 0.0541 -0.6105
vn -0.9864 0.0141 -0.1635
vn -0.3137 0.0843 -0.9458
vn -0.0780 -0.1705 -0.9823
vn -0.0795 -0.0413 -0.9960
vn -0.0800 0.0887 -0.9928
vn -0.0796 0.2186 -0.9726
vn -0.3133 0.2099 -0.9262
vn -0.7900 0.1394 -0.5970
vn -0.9864 0.0425 -0.1589
vn -0.0700 -0.1705 -0.9829
vn -0.1065 -0.1705 -0.9796
vn -0.1079 -0.0414 -0.9933
vn -0.0714 -0.0413 -0.9966
vn -0.1829 -0.1697 -0.9684
vn -0.1843 -0.0415 -0.9820
vn -0.1085 0.0884 -0.9902
vn -0.0720 0.0887 -0.9935
vn -0.1849 0.0874 -0.9789
vn -0.3588 -0.1638 -0.9189
vn -0.3602 -0.0408 -0.9320
vn -0.3607 0.0828 -0.9290
vn -0.3603 0.2065 -0.9097
vn -0.1845 0.2163 -0.9587
vn -0.1081 0.2182 -0.9699
vn -0.0716 0.2187 -0.9732
vn -0.9861 0.0701 -0.1509
vn -0.7890 0.2222 -0.5728
vn -0.7874 0.3002 -0.5384
vn -0.9855 0.0961 -0.1395
vn -0.3120 0.3317 -0.8903
vn -0.3097 0.4465 -0.8395
vn -0.7855 0.3729 -0.4940
vn -0.9849 0.1203 -0.1246
vn -0.3068 0.5537 -0.7742
vn -0.0783 0.3448 -0.9354
vn -0.0760 0.4636 -0.8828
vn -0.0729 0.5746 -0.8152
vn -0.0689 0.6770 -0.7327
vn -0.3029 0.6526 -0.6945
vn -0.7830 0.4400 -0.4397
vn -0.9840 0.1427 -0.1065
vn -0.0702 0.3449 -0.9360
vn -0.1067 0.3443 -0.9328
vn -0.1044 0.4630 -0.8802
vn -0.0679 0.4638 -0.8834
vn -0.1831 0.3414 -0.9219
vn -0.1808 0.4593 -0.8697
vn -0.1013 0.5738 -0.8127
vn -0.0648 0.5748 -0.8157
vn -0.1777 0.5693 -0.8027
vn -0.3590 0.3266 -0.8743
vn -0.3568 0.4396 -0.8243
vn -0.3539 0.5452 -0.7599
vn -0.3501 0.6427 -0.6815
vn -0.1738 0.6709 -0.7209
vn -0.0973 0.6761 -0.7303
vn -0.0608 0.6772 -0.7333
vn -0.9830 0.1626 -0.0858
vn -0.7797 0.4996 -0.3774
vn -0.7761 0.5499 -0.3087
vn -0.9818 0.1794 -0.0629
vn -0.2983 0.7402 -0.6026
vn -0.2930 0.8141 -0.5013
vn -0.7723 0.5907 -0.2339
vn -0.9805 0.1929 -0.0380
vn -0.2873 0.8743 -0.3913
vn -0.0641 0.7677 -0.6375
vn -0.0587 0.8443 -0.5326
vn -0.0528 0.9066 -0.4187
vn -0.0462 0.9540 -0.2962
vn -0.2811 0.9200 -0.2730
vn -0.7681 0.6216 -0.1535
vn -0.9791 0.2032 -0.0112
vn -0.0560 0.7679 -0.6381
vn -0.0926 0.7667 -0.6353
vn -0.0872 0.8432 -0.5305
vn -0.0506 0.8445 -0.5332
vn -0.1691 0.7609 -0.6265
vn -0.1637 0.8368 -0.5224
vn -0.0812 0.9054 -0.4167
vn -0.0447 0.9068 -0.4192
vn -0.1578 0.8986 -0.4094
vn -0.3455 0.7290 -0.5909
vn -0.3404 0.8018 -0.4911
vn -0.3347 0.8611 -0.3827
vn -0.3285 0.9062 -0.2661
vn -0.1514 0.9456 -0.2879
vn -0.0747 0.9528 -0.2943
vn -0.0382 0.9542 -0.2967
vn -0.9776 0.2100 0.0167
vn -0.7635 0.6421 -0.0698
vn -0.7588 0.6512 0.0149
vn -0.9760 0.2131 0.0449
vn -0.2744 0.9499 -0.1497
vn -0.2675 0.9632 -0.0250
vn -0.7541 0.6491 0.1000
vn -0.9744 0.2124 0.0733
vn -0.2606 0.9602 0.1003
vn -0.0393 0.9849 -0.1685
vn -0.0323 0.9987 -0.0394
vn -0.0251 0.9956 0.0903
vn -0.0178 0.9753 0.2201
vn -0.2537 0.9406 0.2256
vn -0.7495 0.6356 0.1851
vn -0.9729 0.2078 0.1017
vn -0.0313 0.9851 -0.1690
vn -0.0678 0.9837 -0.1667
vn -0.0608 0.9974 -0.0378
vn -0.0242 0.9989 -0.0399
vn -0.1445 0.9763 -0.1613
vn -0.1375 0.9899 -0.0333
vn -0.0536 0.9943 0.0918
vn -0.0170 0.9958 0.0899
vn -0.1304 0.9869 0.0954
vn -0.3220 0.9356 -0.1446
vn -0.3153 0.9488 -0.0218
vn -0.3084 0.9458 0.1017
vn -0.3015 0.9265 0.2251
vn -0.1232 0.9667 0.2241
vn -0.0463 0.9741 0.2214
vn -0.0097 0.9755 0.2197
vn -0.9713 0.1998 0.1292
vn -0.7446 0.6114 0.2678
vn -0.7401 0.5769 0.3456
vn -0.9698 0.1884 0.1552
vn -0.2467 0.9047 0.3473
vn -0.2400 0.8539 0.4619
vn -0.7359 0.5324 0.4183
vn -0.9684 0.1735 0.1794
vn -0.2338 0.7885 0.5689
vn -0.0107 0.9381 0.3461
vn -0.0038 0.8855 0.4647
vn 0.0027 0.8178 0.5755
vn 0.0088 0.7352 0.6777
vn -0.2280 0.7088 0.6676
vn -0.7320 0.4782 0.4853
vn -0.9671 0.1554 0.2017
vn -0.0026 0.9383 0.3457
vn -0.0392 0.9370 0.3473
vn -0.0323 0.8843 0.4658
vn 0.0043 0.8857 0.4643
vn -0.1160 0.9299 0.3491
vn -0.1093 0.8776 0.4667
vn -0.0258 0.8167 0.5764
vn 0.0108 0.8180 0.5751
vn -0.1028 0.8105 0.5766
vn -0.2947 0.8911 0.3450
vn -0.2881 0.8410 0.4579
vn -0.2820 0.7766 0.5633
vn -0.2762 0.6981 0.6606
vn -0.0968 0.7286 0.6780
vn -0.0198 0.7343 0.6786
vn 0.0169 0.7354 0.6774
vn -0.9658 0.1346 0.2215
vn -0.7283 0.4158 0.5447
vn -0.7250 0.3469 0.5949
vn -0.9648 0.1117 0.2383
vn -0.2226 0.6168 0.7550
vn -0.2179 0.5153 0.8288
vn -0.7225 0.2720 0.6356
vn -0.9639 0.0867 0.2518
vn -0.2140 0.4051 0.8889
vn 0.0143 0.6400 0.7683
vn 0.0191 0.5349 0.8447
vn 0.0232 0.4208 0.9068
vn 0.0264 0.2981 0.9542
vn -0.2109 0.2866 0.9345
vn -0.7205 0.1915 0.6665
vn -0.9632 0.0599 0.2620
vn 0.0224 0.6401 0.7679
vn -0.0142 0.6391 0.7690
vn -0.0094 0.5342 0.8453
vn 0.0272 0.5351 0.8444
vn -0.0913 0.6342 0.7678
vn -0.0865 0.5300 0.8436
vn -0.0054 0.4202 0.9074
vn 0.0312 0.4209 0.9065
vn -0.0825 0.4168 0.9052
vn -0.2709 0.6074 0.7468
vn -0.2663 0.5075 0.8195
vn -0.2625 0.3989 0.8786
vn -0.2594 0.2821 0.9236
vn -0.0793 0.2951 0.9522
vn -0.0021 0.2976 0.9547
vn 0.0345 0.2982 0.9539
vn -0.9626 0.0320 0.2689
vn -0.7187 0.1077 0.6869
vn -0.7177 0.0229 0.6960
vn -0.9623 0.0037 0.2719
vn -0.2085 0.1631 0.9643
vn -0.2071 0.0383 0.9776
vn -0.7174 -0.0623 0.6938
vn -0.9622 -0.0247 0.2712
vn -0.2066 -0.0872 0.9745
vn 0.0288 0.1703 0.9850
vn 0.0303 0.0410 0.9987
vn 0.0308 -0.0889 0.9956
vn 0.0304 -0.2189 0.9753
vn -0.2071 -0.2127 0.9549
vn -0.7179 -0.1476 0.6804
vn -0.9623 -0.0531 0.2667
vn 0.0369 0.1703 0.9847
vn 0.0003 0.1699 0.9855
vn 0.0018 0.0408 0.9992
vn 0.0384 0.0411 0.9984
vn -0.0769 0.1683 0.9827
vn -0.0754 0.0401 0.9963
vn 0.0023 -0.0890 0.9960
vn 0.0389 -0.0889 0.9953
vn -0.0749 -0.0888 0.9932
vn -0.2571 0.1605 0.9530
vn -0.2557 0.0375 0.9660
vn -0.2552 -0.0862 0.9630
vn -0.2556 -0.2098 0.9437
vn -0.0753 -0.2177 0.9731
vn 0.0019 -0.2188 0.9758
vn 0.0385 -0.2189 0.9750
vn -0.9626 -0.0807 0.2586
vn -0.7186 -0.2304 0.6562
vn -0.7200 -0.3084 0.6217
vn -0.9631 -0.1067 0.2472
vn -0.2083 -0.3346 0.9191
vn -0.2105 -0.4493 0.8682
vn -0.7221 -0.3811 0.5773
vn -0.9638 -0.1310 0.2324
vn -0.2135 -0.5565 0.8029
vn 0.0291 -0.3451 0.9381
vn 0.0268 -0.4639 0.8855
vn 0.0237 -0.5749 0.8179
vn 0.0197 -0.6773 0.7354
vn -0.2175 -0.6554 0.7233
vn -0.7249 -0.4482 0.5231
vn -0.9647 -0.1533 0.2143
vn 0.0371 -0.3451 0.9378
vn 0.0005 -0.3449 0.9387
vn -0.0018 -0.4635 0.8861
vn 0.0349 -0.4639 0.8852
vn -0.0767 -0.3428 0.9363
vn -0.0789 -0.4607 0.8841
vn -0.0049 -0.5744 0.8186
vn 0.0317 -0.5749 0.8176
vn -0.0820 -0.5708 0.8170
vn -0.2569 -0.3299 0.9084
vn -0.2590 -0.4430 0.8583
vn -0.2620 -0.5486 0.7940
vn -0.2658 -0.6460 0.7155
vn -0.0860 -0.6723 0.7352
vn -0.0089 -0.6767 0.7362
vn 0.0277 -0.6774 0.7351
vn -0.9657 -0.1732 0.1935
vn -0.7279 -0.5078 0.4608
vn -0.7313 -0.5581 0.3920
vn -0.9669 -0.1900 0.1706
vn -0.2220 -0.7430 0.6314
vn -0.2272 -0.8169 0.5301
vn -0.7353 -0.5989 0.3172
vn -0.9682 -0.2035 0.1457
vn -0.2330 -0.8771 0.4201
vn 0.0149 -0.7680 0.6403
vn 0.0095 -0.8446 0.5354
vn 0.0036 -0.9069 0.4214
vn -0.0030 -0.9543 0.2989
vn -0.2393 -0.9229 0.3017
vn -0.7397 -0.6298 0.2368
vn -0.9696 -0.2138 0.1189
vn 0.0230 -0.7681 0.6399
vn -0.0136 -0.7673 0.6411
vn -0.0190 -0.8438 0.5363
vn 0.0176 -0.8447 0.5350
vn -0.0907 -0.7623 0.6409
vn -0.0960 -0.8382 0.5368
vn -0.0250 -0.9060 0.4225
vn 0.0116 -0.9070 0.4210
vn -0.1020 -0.9000 0.4238
vn -0.2704 -0.7323 0.6250
vn -0.2755 -0.8052 0.5251
vn -0.2812 -0.8645 0.4167
vn -0.2874 -0.9096 0.3001
vn -0.1084 -0.9470 0.3023
vn -0.0315 -0.9534 0.3001
vn 0.0051 -0.9544 0.2985
vn -0.9711 -0.2206 0.0910
vn -0.7441 -0.6503 0.1531
vn -0.7487 -0.6594 0.0684
vn -0.9726 -0.2237 0.0628
vn -0.2459 -0.9527 0.1784
vn -0.2527 -0.9661 0.0538
vn -0.7535 -0.6573 -0.0167
vn -0.9742 -0.2230 0.0344
vn -0.2597 -0.9630 -0.0715
vn -0.0099 -0.9852 0.1712
vn -0.0169 -0.9990 0.0422
vn -0.0241 -0.9959 -0.0876
vn -0.0314 -0.9756 -0.2174
vn -0.2668 -0.9434 -0.1968
vn -0.7584 -0.6438 -0.1018
vn -0.9758 -0.2184 0.0061
vn -0.0018 -0.9853 0.1708
vn -0.0384 -0.9842 0.1726
vn -0.0454 -0.9980 0.0437
vn -0.0088 -0.9991 0.0417
vn -0.1153 -0.9777 0.1756
vn -0.1222 -0.9914 0.0476
vn -0.0526 -0.9949 -0.0859
vn -0.0160 -0.9960 -0.0881
vn -0.1294 -0.9883 -0.0810
vn -0.2939 -0.9390 0.1786
vn -0.3006 -0.9521 0.0558
vn -0.3075 -0.9492 -0.0676
vn -0.3144 -0.9299 -0.1911
vn -0.1366 -0.9682 -0.2098
vn -0.0599 -0.9747 -0.2155
vn -0.0233 -0.9757 -0.2178
vn -0.9774 -0.2104 -0.0215
vn -0.7629 -0.6196 -0.1845
vn -0.7673 -0.5851 -0.2623
vn -0.9789 -0.1990 -0.0475
vn -0.2736 -0.9076 -0.3185
vn -0.2802 -0.8567 -0.4331
vn -0.7717 -0.5406 -0.3350
vn -0.9803 -0.1841 -0.0717
vn -0.2865 -0.7913 -0.5401
vn -0.0385 -0.9384 -0.3434
vn -0.0454 -0.8857 -0.4620
vn -0.0519 -0.8181 -0.5728
vn -0.0305 -0.9385 -0.3439
vn -0.0670 -0.9375 -0.3414
vn -0.0739 -0.8849 -0.4599
vn -0.0373 -0.8858 -0.4625
vn -0.1437 -0.9313 -0.3347
vn -0.1505 -0.8790 -0.4524
vn -0.0804 -0.8173 -0.5706
vn -0.0438 -0.8182 -0.5733
vn -0.1569 -0.8119 -0.5623
vn -0.3212 -0.8945 -0.3110
vn -0.3277 -0.8444 -0.4239
vn -0.3339 -0.7800 -0.5293
vn -0.7962 -0.2745 -0.5392
vn -0.7936 -0.3478 -0.4992
vn -0.9122 0.1921 0.3620
vn -0.9108 0.1500 0.3848
vn -0.7905 -0.4153 -0.4502
vn -0.9140 0.2307 0.3337
vn -0.3024 0.5007 0.8111
vn -0.2986 0.3935 0.8695
vn -0.3069 0.5994 0.7393
vn -0.7982 -0.1958 -0.5697
vn -0.7868 -0.4765 -0.3922
vn -0.9162 0.2655 0.3002
vn -0.3122 0.6888 0.6543
vn -0.0693 0.7312 0.6787
vn -0.0638 0.6364 0.7688
vn -0.0590 0.5318 0.8448
vn -0.0549 0.4183 0.9066
vn -0.2956 0.2783 0.9139
vn -0.0517 0.2962 0.9537
vn -0.9097 0.1047 0.4019
vn -0.8011 0.0529 -0.5962
vn -0.8008 -0.0306 -0.5981
vn -0.9080 0.0101 0.4188
vn -0.9079 -0.0378 0.4174
vn -0.7998 -0.1136 -0.5894
vn -0.9087 0.0577 0.4135
vn -0.2918 0.0368 0.9558
vn -0.2914 -0.0853 0.9528
vn -0.2933 0.1582 0.9429
vn -0.8007 0.1364 -0.5833
vn -0.0493 0.1690 0.9844
vn -0.0478 0.0404 0.9980
vn -0.0473 -0.0889 0.9949
vn -0.2918 -0.2073 0.9337
vn -0.0477 -0.2182 0.9747
vn -0.9082 -0.0855 0.4096
vn -0.7965 0.3650 -0.4821
vn -0.7986 0.2937 -0.5254
vn -0.9093 -0.1759 0.3771
vn -0.9106 -0.2167 0.3520
vn -0.8000 0.2174 -0.5593
vn -0.9086 -0.1321 0.3963
vn -0.2951 -0.4375 0.8494
vn -0.2981 -0.5417 0.7859
vn -0.2931 -0.3259 0.8988
vn -0.7938 0.4308 -0.4292
vn -0.0491 -0.3438 0.9378
vn -0.0513 -0.4620 0.8854
vn -0.0544 -0.5725 0.8181
vn -0.3019 -0.6379 0.7085
vn -0.0584 -0.6744 0.7361
vn -0.9122 -0.2542 0.3214
vn -0.7836 0.5782 -0.2275
vn -0.7875 0.5381 -0.3006
vn -0.9157 -0.3162 0.2481
vn -0.9180 -0.3390 0.2060
vn -0.7909 0.4890 -0.3680
vn -0.9138 -0.2878 0.2866
vn -0.3114 -0.7950 0.5206
vn -0.3170 -0.8535 0.4135
vn -0.3064 -0.7231 0.6191
vn -0.7793 0.6087 -0.1488
vn -0.0632 -0.7646 0.6414
vn -0.0685 -0.8408 0.5370
vn -0.0745 -0.9028 0.4236
vn -0.3232 -0.8980 0.2984
vn -0.0810 -0.9500 0.3017
vn -0.9205 -0.3561 0.1608
vn -0.7658 0.6353 0.0994
vn -0.7705 0.6372 0.0161
vn -0.9254 -0.3731 0.0663
vn -0.9282 -0.3717 0.0185
vn -0.7750 0.6285 -0.0668
vn -0.9229 -0.3678 0.1139
vn -0.3362 -0.9401 0.0573
vn -0.3430 -0.9371 -0.0646
vn -0.3296 -0.9271 0.1785
vn -0.7610 0.6224 0.1828
vn -0.0878 -0.9807 0.1747
vn -0.0948 -0.9944 0.0463
vn -0.1020 -0.9913 -0.0828
vn -0.3499 -0.9180 -0.1864
vn -0.1092 -0.9712 -0.2120
vn -0.9310 -0.3639 -0.0291
vn -0.7480 0.5211 0.4110
vn -0.7522 0.5645 0.3399
vn -0.9359 -0.3314 -0.1194
vn -0.9384 -0.3062 -0.1601
vn -0.7565 0.5984 0.2637
vn -0.9335 -0.3506 -0.0756
vn -0.3629 -0.8337 -0.4162
vn -0.3691 -0.7701 -0.5203
vn -0.3566 -0.8832 -0.3048
vn -0.7439 0.4682 0.4768
vn -0.1164 -0.9342 -0.3373
vn -0.1231 -0.8817 -0.4554
vn -0.1296 -0.8144 -0.5656
vn -0.3749 -0.6926 -0.6163
vn -0.1357 -0.7323 -0.6673
vn -0.9408 -0.2756 -0.1975
vn -0.7348 0.2662 0.6238
vn -0.7375 0.3394 0.5839
vn -0.9444 -0.2022 -0.2594
vn -0.9459 -0.1601 -0.2821
vn -0.7405 0.4069 0.5349
vn -0.9427 -0.2408 -0.2311
vn -0.3845 -0.5044 -0.7731
vn -0.3883 -0.3973 -0.8315
vn -0.3800 -0.6031 -0.7013
vn -0.7326 0.1874 0.6543
vn -0.1412 -0.6375 -0.7574
vn -0.1459 -0.5330 -0.8335
vn -0.1500 -0.4194 -0.8953
vn -0.3915 -0.2820 -0.8759
vn -0.1533 -0.2973 -0.9424
vn -0.9473 -0.1148 -0.2992
vn -0.7299 -0.0612 0.6808
vn -0.7303 0.0223 0.6828
vn -0.9485 -0.0202 -0.3162
vn -0.9488 0.0277 -0.3148
vn -0.7312 0.1053 0.6740
vn -0.9480 -0.0678 -0.3109
vn -0.3950 -0.0405 -0.9178
vn -0.3955 0.0815 -0.9148
vn -0.3936 -0.1619 -0.9049
vn -0.7300 -0.1447 0.6679
vn -0.1556 -0.1701 -0.9731
vn -0.1571 -0.0415 -0.9867
vn -0.1576 0.0878 -0.9836
vn -0.3952 0.2036 -0.8957
vn -0.1572 0.2171 -0.9634
vn -0.9487 0.0754 -0.3070
vn -0.7345 -0.3733 0.5667
vn -0.7325 -0.3020 0.6101
vn -0.9472 0.1658 -0.2744
vn -0.9461 0.2066 -0.2494
vn -0.7310 -0.2257 0.6439
vn -0.9481 0.1220 -0.2937
vn -0.3917 0.4337 -0.8115
vn -0.3888 0.5380 -0.7479
vn -0.3938 0.3221 -0.8609
vn -0.7370 -0.4392 0.5138
vn -0.1559 0.3427 -0.9264
vn -0.1536 0.4609 -0.8741
vn -0.1505 0.5713 -0.8068
vn -0.3851 0.6342 -0.6705
vn -0.1465 0.6733 -0.7247
vn -0.9448 0.2441 -0.2187
vn -0.7474 -0.5865 0.3121
vn -0.7436 -0.5464 0.3852
vn -0.9408 0.3061 -0.1454
vn -0.9387 0.3289 -0.1034
vn -0.7401 -0.4973 0.4526
vn -0.9429 0.2777 -0.1840
vn -0.3754 0.7913 -0.4826
vn -0.3699 0.8498 -0.3756
vn -0.3805 0.7194 -0.5811
vn -0.7515 -0.6171 0.2334
vn -0.1418 0.7635 -0.6301
vn -0.1364 0.8397 -0.5257
vn -0.1305 0.9017 -0.4123
vn -0.3638 0.8943 -0.2605
vn -0.1240 0.9488 -0.2904
vn -0.9364 0.3460 -0.0581
vn -0.7652 -0.6437 -0.0148
vn -0.7606 -0.6456 0.0685
vn -0.9311 0.3630 0.0363
vn -0.9285 0.3616 0.0841
vn -0.7560 -0.6368 0.1514
vn -0.9338 0.3577 -0.0112
vn -0.3506 0.9363 -0.0193
vn -0.3439 0.9334 0.1025
vn -0.3573 0.9234 -0.1405
vn -0.7697 -0.6308 -0.0982
vn -0.1171 0.9796 -0.1633
vn -0.1101 0.9933 -0.0349
vn -0.1030 0.9902 0.0942
vn -0.3371 0.9143 0.2244
vn -0.0957 0.9700 0.2233
vn -0.9260 0.3538 0.1318
vn -0.7830 -0.5295 -0.3264
vn -0.7789 -0.5729 -0.2552
vn -0.9206 0.3213 0.2220
vn -0.9183 0.2961 0.2628
vn -0.7744 -0.6068 -0.1791
vn -0.9232 0.3405 0.1782
vn -0.3239 0.8300 0.4542
vn -0.3178 0.7664 0.5582
vn -0.3303 0.8794 0.3428
vn -0.0886 0.9331 0.3487
vn -0.0818 0.8806 0.4667
vn -0.0753 0.8133 0.5769
vn 0.0408 0.4210 0.9061
vn 0.0367 0.5352 0.8439
vn 0.0762 0.5351 0.8413
vn 0.0803 0.4211 0.9035
vn 0.0319 0.6402 0.7675
vn 0.0714 0.6401 0.7649
vn 0.0931 0.5348 0.8398
vn 0.0972 0.4208 0.9019
vn 0.0883 0.6398 0.7635
vn 0.0441 0.2983 0.9534
vn 0.0264 0.7356 0.6770
vn 0.0659 0.7354 0.6744
vn 0.0828 0.7350 0.6730
vn 0.0877 0.7348 0.6726
vn 0.0932 0.6396 0.7630
vn 0.0980 0.5347 0.8393
vn 0.1021 0.4208 0.9014
vn 0.1005 0.2983 0.9492
vn 0.1053 0.2982 0.9487
vn 0.0835 0.2984 0.9508
vn 0.0485 -0.0889 0.9949
vn 0.0480 0.0411 0.9980
vn 0.0874 0.0413 0.9953
vn 0.0879 -0.0886 0.9922
vn 0.0465 0.1704 0.9843
vn 0.0859 0.1705 0.9816
vn 0.1043 0.0414 0.9937
vn 0.1049 -0.0884 0.9905
vn 0.1029 0.1705 0.9800
vn 0.0481 -0.2189 0.9746
vn 0.1077 0.1705 0.9795
vn 0.1092 0.0414 0.9932
vn 0.1097 -0.0884 0.9900
vn 0.1045 -0.2183 0.9703
vn 0.1093 -0.2182 0.9698
vn 0.0875 -0.2185 0.9719
vn 0.0413 -0.5750 0.8171
vn 0.0444 -0.4639 0.8847
vn 0.0839 -0.4635 0.8821
vn 0.0808 -0.5745 0.8145
vn 0.0467 -0.3451 0.9374
vn 0.0862 -0.3447 0.9348
vn 0.1008 -0.4631 0.8806
vn 0.0977 -0.5740 0.8130
vn 0.1031 -0.3444 0.9332
vn 0.0373 -0.6774 0.7347
vn 0.1079 -0.3442 0.9327
vn 0.1057 -0.4629 0.8801
vn 0.1026 -0.5738 0.8126
vn 0.0937 -0.6763 0.7307
vn 0.0986 -0.6761 0.7302
vn 0.0768 -0.6769 0.7321
vn 0.0212 -0.9070 0.4206
vn 0.0272 -0.8447 0.5345
vn 0.0666 -0.8441 0.5321
vn 0.0607 -0.9063 0.4182
vn 0.0325 -0.7681 0.6395
vn 0.0720 -0.7675 0.6370
vn 0.0835 -0.8434 0.5308
vn 0.0776 -0.9056 0.4169
vn 0.0889 -0.7669 0.6356
vn 0.0147 -0.9545 0.2980
vn 0.0938 -0.7667 0.6351
vn 0.0884 -0.8431 0.5304
vn 0.0825 -0.9054 0.4166
vn 0.0711 -0.9530 0.2945
vn 0.0760 -0.9527 0.2942
vn 0.0541 -0.9538 0.2957
vn -0.0065 -0.9960 -0.0886
vn 0.0007 -0.9992 0.0412
vn 0.0402 -0.9984 0.0390
vn 0.0330 -0.9953 -0.0907
vn 0.0078 -0.9854 0.1703
vn 0.0473 -0.9847 0.1680
vn 0.0571 -0.9976 0.0380
vn 0.0500 -0.9945 -0.0916
vn 0.0642 -0.9839 0.1670
vn -0.0138 -0.9758 -0.2184
vn 0.0691 -0.9836 0.1667
vn 0.0620 -0.9974 0.0377
vn 0.0548 -0.9943 -0.0919
vn 0.0427 -0.9743 -0.2213
vn 0.0476 -0.9740 -0.2215
vn 0.0257 -0.9751 -0.2205
vn -0.0343 -0.8182 -0.5739
vn -0.0278 -0.8859 -0.4631
vn 0.0117 -0.8852 -0.4650
vn 0.0052 -0.8176 -0.5758
vn -0.0209 -0.9386 -0.3444
vn 0.0186 -0.9379 -0.3464
vn 0.0287 -0.8845 -0.4656
vn 0.0222 -0.8169 -0.5763
vn 0.0355 -0.9371 -0.3471
vn -0.0404 -0.7356 -0.6762
vn 0.0404 -0.9369 -0.3473
vn 0.0336 -0.8843 -0.4658
vn 0.0271 -0.8167 -0.5765
vn 0.0161 -0.7344 -0.6785
vn 0.0210 -0.7342 -0.6786
vn -0.0009 -0.7350 -0.6780
vn -0.0547 -0.4211 -0.9053
vn -0.0507 -0.5352 -0.8432
vn -0.0112 -0.5348 -0.8449
vn -0.0152 -0.4207 -0.9071
vn -0.0459 -0.6403 -0.7667
vn -0.0064 -0.6398 -0.7685
vn 0.0058 -0.5343 -0.8453
vn 0.0018 -0.4203 -0.9074
vn 0.0106 -0.6392 -0.7689
vn -0.0580 -0.2984 -0.9527
vn 0.0155 -0.6391 -0.7690
vn 0.0107 -0.5341 -0.8453
vn 0.0066 -0.4202 -0.9074
vn -0.0015 -0.2977 -0.9547
vn 0.0034 -0.2976 -0.9547
vn -0.0185 -0.2980 -0.9544
vn -0.0624 0.0888 -0.9941
vn -0.0619 -0.0412 -0.9972
vn -0.0224 -0.0410 -0.9989
vn -0.0229 0.0889 -0.9958
vn -0.0604 -0.1705 -0.9835
vn -0.0209 -0.1702 -0.9852
vn -0.0054 -0.0408 -0.9992
vn -0.0059 0.0890 -0.9960
vn -0.0039 -0.1700 -0.9854
vn -0.0620 0.2188 -0.9738
vn 0.0010 -0.1699 -0.9855
vn -0.0005 -0.0408 -0.9992
vn -0.0010 0.0890 -0.9960
vn -0.0055 0.2188 -0.9757
vn -0.0006 0.2188 -0.9758
vn -0.0225 0.2189 -0.9755
vn -0.0552 0.5749 -0.8164
vn -0.0584 0.4639 -0.8840
vn -0.0189 0.4638 -0.8857
vn -0.0157 0.5748 -0.8181
vn -0.0606 0.3450 -0.9366
vn -0.0211 0.3450 -0.9383
vn -0.0019 0.4636 -0.8860
vn 0.0013 0.5745 -0.8185
vn -0.0041 0.3449 -0.9386
vn -0.0512 0.6773 -0.7339
vn 0.0008 0.3448 -0.9387
vn 0.0030 0.4635 -0.8861
vn 0.0061 0.5744 -0.8186
vn 0.0053 0.6768 -0.7361
vn 0.0101 0.6767 -0.7362
vn -0.0117 0.6772 -0.7357
vn -0.0351 0.9069 -0.4198
vn -0.0411 0.8446 -0.5338
vn -0.0016 0.8444 -0.5357
vn 0.0044 0.9067 -0.4218
vn -0.0465 0.7681 -0.6387
vn -0.0070 0.7679 -0.6406
vn 0.0154 0.8439 -0.5362
vn 0.0213 0.9062 -0.4224
vn 0.0100 0.7674 -0.6410
vn -0.0286 0.9544 -0.2972
vn 0.0149 0.7673 -0.6412
vn 0.0203 0.8437 -0.5364
vn 0.0262 0.9060 -0.4226
vn 0.0279 0.9535 -0.3000
vn 0.0327 0.9533 -0.3002
vn 0.0109 0.9541 -0.2993
vn -0.0075 0.9960 0.0894
vn -0.0147 0.9991 -0.0404
vn 0.0248 0.9988 -0.0426
vn 0.0320 0.9957 0.0871
vn -0.0217 0.9853 -0.1695
vn 0.0178 0.9850 -0.1716
vn 0.0418 0.9982 -0.0435
vn 0.0490 0.9951 0.0861
vn 0.0347 0.9844 -0.1724
vn -0.0002 0.9757 0.2192
vn 0.0396 0.9842 -0.1727
vn 0.0467 0.9980 -0.0437
vn 0.0538 0.9949 0.0858
vn 0.0563 0.9748 0.2158
vn 0.0611 0.9746 0.2155
vn 0.0393 0.9754 0.2169
vn 0.0203 0.8181 0.5747
vn 0.0138 0.8858 0.4639
vn 0.0533 0.8856 0.4614
vn 0.0598 0.8179 0.5722
vn 0.0070 0.9385 0.3452
vn 0.0465 0.9382 0.3428
vn 0.0702 0.8850 0.4602
vn 0.0767 0.8174 0.5709
vn 0.0634 0.9377 0.3417
vn 0.0683 0.9375 0.3413
vn 0.0751 0.8848 0.4598
vn 0.0816 0.8173 0.5705
vn -0.0478 -0.4211 -0.9058
vn -0.0437 -0.5352 -0.8436
vn -0.0389 -0.6403 -0.7671
vn -0.0511 -0.2984 -0.9531
vn -0.0334 -0.7356 -0.6766
vn -0.0366 -0.7356 -0.6764
vn -0.0421 -0.6404 -0.7669
vn -0.0468 -0.5352 -0.8434
vn -0.0509 -0.4210 -0.9056
vn -0.0543 -0.2984 -0.9529
vn -0.0555 0.0888 -0.9945
vn -0.0549 -0.0412 -0.9976
vn -0.0535 -0.1705 -0.9839
vn -0.0550 0.2188 -0.9742
vn -0.0566 -0.1706 -0.9837
vn -0.0580 -0.0412 -0.9975
vn -0.0586 0.0889 -0.9943
vn -0.0583 0.2188 -0.9740
vn -0.0483 0.5749 -0.8168
vn -0.0514 0.4639 -0.8844
vn -0.0537 0.3451 -0.9370
vn -0.0443 0.6774 -0.7343
vn -0.0568 0.3449 -0.9369
vn -0.0545 0.4639 -0.8842
vn -0.0514 0.5750 -0.8165
vn -0.0475 0.6774 -0.7341
vn -0.0282 0.9070 -0.4202
vn -0.0341 0.8447 -0.5342
vn -0.0395 0.7681 -0.6391
vn -0.0217 0.9545 -0.2975
vn -0.0217 0.9546 -0.2971
vn -0.0427 0.7680 -0.6390
vn -0.0372 0.8447 -0.5340
vn -0.0313 0.9070 -0.4199
vn -0.0219 0.9558 -0.2930
vn -0.0250 0.9567 -0.2900
vn -0.0219 0.9550 -0.2957
vn 0.0042 0.9968 0.0799
vn -0.0076 0.9991 -0.0412
vn -0.0073 0.9991 -0.0407
vn 0.0114 0.9981 0.0607
vn -0.0151 0.9857 -0.1681
vn -0.0158 0.9865 -0.1630
vn -0.0068 0.9992 -0.0390
vn 0.0172 0.9992 0.0354
vn -0.0160 0.9878 -0.1549
vn 0.0114 0.9767 0.2145
vn 0.0008 0.9962 0.0867
vn 0.0234 0.9794 0.2005
vn -0.0076 0.9991 -0.0410
vn -0.0149 0.9854 -0.1695
vn -0.0183 0.9889 -0.1476
vn -0.0084 0.9992 -0.0383
vn 0.0174 0.9997 0.0143
vn 0.0756 0.9923 0.0978
vn 0.1018 0.9937 0.0476
vn 0.0506 0.9861 0.1581
vn 0.1060 0.8207 0.5614
vn 0.0784 0.8922 0.4449
vn 0.1984 0.8988 0.3908
vn 0.2855 0.8078 0.5157
vn 0.0493 0.9450 0.3232
vn 0.1150 0.9565 0.2681
vn 0.3764 0.8786 0.2941
vn 0.5598 0.7233 0.4043
vn 0.1973 0.9629 0.1840
vn 0.0562 0.7361 0.6745
vn 0.0464 0.8192 0.5716
vn 0.1285 0.7346 0.6663
vn 0.0353 0.8875 0.4595
vn 0.0233 0.9402 0.3400
vn 0.3190 0.9420 0.1043
vn 0.5944 0.7846 0.1763
vn 0.8185 0.5257 0.2320
vn 0.6732 0.5640 0.4783
vn 0.9050 0.3390 0.2569
vn 0.3520 0.7013 0.6200
vn 0.1723 0.4190 0.8915
vn 0.1607 0.5329 0.8308
vn 0.4247 0.4947 0.7582
vn 0.4481 0.3858 0.8065
vn 0.1463 0.6381 0.7559
vn 0.3941 0.5987 0.6973
vn 0.7519 0.3667 0.5479
vn 0.7728 0.2802 0.5695
vn 0.7223 0.4567 0.5194
vn 0.0823 0.2986 0.9508
vn 0.0777 0.4214 0.9036
vn 0.1810 0.2969 0.9376
vn 0.0718 0.5355 0.8415
vn 0.0647 0.6407 0.7651
vn 0.9287 0.2570 0.2672
vn 0.9406 0.2011 0.2735
vn 0.9485 0.1513 0.2782
vn 0.7869 0.1953 0.5853
vn 0.9537 0.1050 0.2818
vn 0.4648 0.2721 0.8426
vn 0.1886 -0.0875 0.9782
vn 0.1891 0.0415 0.9811
vn 0.4788 0.0395 0.8770
vn 0.4767 -0.0774 0.8757
vn 0.1866 0.1698 0.9676
vn 0.4750 0.1558 0.8661
vn 0.7981 0.0307 0.6017
vn 0.7963 -0.0510 0.6028
vn 0.7951 0.1122 0.5960
vn 0.0863 -0.2188 0.9720
vn 0.0875 -0.0887 0.9922
vn 0.1849 -0.2166 0.9586
vn 0.0873 0.0413 0.9953
vn 0.0856 0.1706 0.9816
vn 0.9566 0.0612 0.2848
vn 0.9578 0.0191 0.2869
vn 0.9573 -0.0231 0.2883
vn 0.7893 -0.1349 0.5990
vn 0.9550 -0.0670 0.2891
vn 0.4682 -0.1953 0.8618
vn 0.1554 -0.5720 0.8054
vn 0.1682 -0.4609 0.8714
vn 0.4313 -0.4247 0.7960
vn 0.4022 -0.5339 0.7438
vn 0.1780 -0.3422 0.9226
vn 0.4531 -0.3119 0.8351
vn 0.7566 -0.3094 0.5760
vn 0.7283 -0.4021 0.5550
vn 0.7763 -0.2211 0.5903
vn 0.0671 -0.6777 0.7322
vn 0.0740 -0.5751 0.8148
vn 0.1392 -0.6757 0.7239
vn 0.0795 -0.4640 0.8823
vn 0.0836 -0.3450 0.9349
vn 0.9505 -0.1136 0.2893
vn 0.9433 -0.1639 0.2887
vn 0.9322 -0.2204 0.2872
vn 0.6806 -0.5132 0.5229
vn 0.9096 -0.3035 0.2838
vn 0.3616 -0.6431 0.6751
vn 0.0635 -0.9146 0.3993
vn 0.0916 -0.8516 0.5162
vn 0.2112 -0.8608 0.4631
vn 0.1290 -0.9294 0.3457
vn 0.1179 -0.7705 0.6264
vn 0.2967 -0.7587 0.5800
vn 0.3885 -0.8458 0.3655
vn 0.2113 -0.9414 0.2630
vn 0.5694 -0.6797 0.4624
vn 0.0262 -0.9556 0.2934
vn 0.0375 -0.9088 0.4155
vn 0.0382 -0.9593 0.2799
vn 0.0486 -0.8464 0.5303
vn 0.0586 -0.7691 0.6365
vn 0.8256 -0.4930 0.2746
vn 0.6055 -0.7586 0.2407
vn 0.3335 -0.9249 0.1823
vn 0.0904 -0.9796 0.1796
vn 0.1176 -0.9845 0.1301
vn 0.0653 -0.9689 0.2386
vn 0.0001 -0.9962 -0.0871
vn 0.0078 -0.9991 0.0406
vn 0.0080 -0.9991 0.0413
vn -0.0005 -0.9966 -0.0818
vn 0.0194 -0.9868 0.1611
vn 0.0265 -0.9895 0.1424
vn 0.0085 -0.9990 0.0433
vn -0.0007 -0.9973 -0.0735
vn 0.0323 -0.9925 0.1178
vn -0.0068 -0.9758 -0.2187
vn 0.0004 -0.9961 -0.0886
vn -0.0069 -0.9759 -0.2183
vn 0.0077 -0.9991 0.0407
vn 0.0161 -0.9857 0.1677
vn 0.0328 -0.9947 0.0970
vn 0.0070 -0.9990 0.0441
vn -0.0030 -0.9978 -0.0661
vn -0.0071 -0.9768 -0.2141
vn -0.0101 -0.9774 -0.2110
vn -0.0070 -0.9762 -0.2168
vn -0.0273 -0.8182 -0.5743
vn -0.0208 -0.8859 -0.4635
vn -0.0140 -0.9386 -0.3448
vn -0.0304 -0.8181 -0.5743
vn -0.0171 -0.9386 -0.3445
vn -0.0239 -0.8859 -0.4633
vn -0.0796 -0.4197 -0.9042
vn -0.0748 -0.5351 -0.8414
vn -0.1735 -0.5314 -0.8292
vn -0.1803 -0.4122 -0.8931
vn -0.0706 -0.6413 -0.7640
vn -0.1711 -0.6403 -0.7488
vn -0.4013 -0.5011 -0.7668
vn -0.4116 -0.3776 -0.8294
vn -0.4022 -0.6110 -0.6819
vn -0.0835 -0.2984 -0.9508
vn -0.0658 -0.7354 -0.6744
vn -0.1685 -0.7296 -0.6629
vn -0.4040 -0.6844 -0.6070
vn -0.7291 -0.5244 -0.4398
vn -0.7219 -0.4881 -0.4906
vn -0.7176 -0.3927 -0.5752
vn -0.7304 -0.2759 -0.6248
vn -0.4203 -0.2788 -0.8635
vn -0.7416 -0.2150 -0.6354
vn -0.1860 -0.2963 -0.9368
vn -0.0872 0.0901 -0.9921
vn -0.0860 -0.0413 -0.9954
vn -0.1846 -0.0415 -0.9819
vn -0.1877 0.0938 -0.9777
vn -0.0852 -0.1720 -0.9814
vn -0.1857 -0.1761 -0.9667
vn -0.4117 -0.0404 -0.9104
vn -0.4182 0.0981 -0.9030
vn -0.4161 -0.1779 -0.8917
vn -0.0874 0.2185 -0.9719
vn -0.7331 -0.1583 -0.6614
vn -0.7257 -0.0337 -0.6872
vn -0.7350 0.0926 -0.6717
vn -0.4240 0.2010 -0.8831
vn -0.7445 0.1510 -0.6504
vn -0.1899 0.2161 -0.9577
vn -0.0800 0.5757 -0.8138
vn -0.0825 0.4635 -0.8822
vn -0.1812 0.4592 -0.8696
vn -0.1804 0.5744 -0.7984
vn -0.0854 0.3433 -0.9353
vn -0.1861 0.3352 -0.9236
vn -0.4084 0.4307 -0.8048
vn -0.4111 0.5471 -0.7292
vn -0.4168 0.3024 -0.8572
vn -0.0767 0.6769 -0.7321
vn -0.7342 0.2128 -0.6447
vn -0.7232 0.3334 -0.6049
vn -0.7290 0.4353 -0.5283
vn -0.4141 0.6263 -0.6605
vn -0.7368 0.4755 -0.4806
vn -0.1792 0.6704 -0.7200
vn -0.0599 0.9070 -0.4169
vn -0.0652 0.8441 -0.5322
vn -0.1640 0.8368 -0.5224
vn -0.1604 0.9009 -0.4032
vn -0.0713 0.7666 -0.6382
vn -0.1722 0.7564 -0.6311
vn -0.3923 0.7858 -0.4782
vn -0.3920 0.8489 -0.3546
vn -0.4041 0.7010 -0.5876
vn -0.0538 0.9566 -0.2864
vn -0.7249 0.5259 -0.4450
vn -0.7106 0.6102 -0.3503
vn -0.7139 0.6603 -0.2331
vn -0.3914 0.8864 -0.2471
vn -0.7192 0.6746 -0.1666
vn -0.1560 0.9479 -0.2777
vn -0.0134 0.9999 0.0022
vn -0.0342 0.9986 -0.0395
vn -0.1292 0.9908 -0.0400
vn -0.1154 0.9933 -0.0012
vn -0.0455 0.9886 -0.1435
vn -0.1440 0.9794 -0.1415
vn -0.3567 0.9336 -0.0349
vn -0.3467 0.9379 0.0059
vn -0.3746 0.9175 -0.1333
vn 0.0175 0.9998 0.0098
vn -0.7021 0.7046 -0.1024
vn -0.6927 0.7210 -0.0187
vn -0.7124 0.7014 0.0224
vn -0.3054 0.9522 0.0116
vn -0.7049 0.7091 0.0197
vn -0.0955 0.9954 0.0067
vn -0.0301 -0.9976 -0.0620
vn -0.0186 -0.9989 0.0429
vn -0.1136 -0.9927 0.0417
vn -0.1288 -0.9898 -0.0607
vn 0.0026 -0.9964 0.0849
vn -0.0990 -0.9918 0.0808
vn -0.3419 -0.9388 0.0420
vn -0.3603 -0.9311 -0.0575
vn -0.3312 -0.9399 0.0832
vn -0.0389 -0.9775 -0.2073
vn 0.0349 -0.9951 0.0927
vn -0.0773 -0.9930 0.0888
vn -0.2876 -0.9535 0.0898
vn -0.6928 -0.7169 0.0781
vn -0.7011 -0.7085 0.0802
vn -0.6814 -0.7308 0.0408
vn -0.6911 -0.7214 -0.0441
vn -0.3776 -0.9095 -0.1737
vn -0.7086 -0.6969 -0.1106
vn -0.1412 -0.9697 -0.1993
vn -0.0456 -0.9388 -0.3415
vn -0.1463 -0.9332 -0.3283
vn -0.1508 -0.8790 -0.4523
vn -0.0519 -0.8856 -0.4615
vn -0.3787 -0.8809 -0.2839
vn -0.3799 -0.8281 -0.4123
vn -0.1601 -0.8079 -0.5672
vn -0.0591 -0.8171 -0.5735
vn -0.3929 -0.7528 -0.5282
vn -0.7035 -0.6880 -0.1780
vn -0.7009 -0.6476 -0.2990
vn -0.7164 -0.5715 -0.4001
vn -0.2255 -0.9697 0.0944
vn -0.0460 -0.9949 0.0896
vn -0.0118 -0.9960 0.0887
vn -0.1620 -0.9814 0.1028
vn 0.0737 -0.9933 0.0886
vn 0.1192 -0.9898 0.0780
vn 0.0129 -0.9963 0.0848
vn -0.1347 -0.9841 0.1158
vn 0.1550 -0.9863 0.0562
vn -0.5091 -0.8550 0.0990
vn 0.2177 -0.9710 0.0991
vn 0.3085 -0.9489 0.0664
vn 0.3729 -0.9278 0.0139
vn 0.4068 -0.9097 -0.0841
vn 0.1747 -0.9846 0.0123
vn 0.0214 -0.9968 0.0776
vn -0.1318 -0.9806 0.1450
vn -0.3639 -0.9171 0.1626
vn -0.3617 -0.9000 0.2432
vn -0.3954 -0.9101 0.1240
vn -0.9891 -0.0991 0.1092
vn -0.9405 -0.3200 0.1145
vn -0.9166 -0.3633 0.1669
vn -0.9794 -0.1179 0.1640
vn -0.7681 -0.6306 0.1111
vn -0.7031 -0.6946 0.1521
vn -0.8919 -0.3694 0.2610
vn -0.9553 -0.1271 0.2671
vn -0.6753 -0.7031 0.2228
vn -0.9964 -0.0189 0.0830
vn -0.9936 -0.0756 0.0835
vn -0.9941 -0.0214 0.1066
vn -0.9654 -0.2467 0.0848
vn -0.8559 -0.5107 0.0816
vn -0.6502 -0.6688 0.3606
vn -0.8303 -0.3478 0.4355
vn -0.8796 -0.1329 0.4568
vn -0.9628 -0.0386 0.2675
vn -0.8849 -0.0524 0.4629
vn -0.9864 -0.0293 0.1615
vn -0.9940 -0.0066 0.1096
vn -0.9940 -0.0089 0.1090
vn -0.9863 -0.0123 0.1647
vn -0.9861 -0.0088 0.1657
vn -0.9941 -0.0113 0.1077
vn -0.9865 -0.0161 0.1630
vn -0.9621 -0.0165 0.2724
vn -0.9616 -0.0110 0.2743
vn -0.9626 -0.0225 0.2700
vn -0.9963 -0.0068 0.0859
vn -0.9963 -0.0063 0.0856
vn -0.9939 -0.0062 0.1100
vn -0.9963 -0.0087 0.0851
vn -0.9964 -0.0117 0.0841
vn -0.8837 -0.0325 0.4669
vn -0.8823 -0.0223 0.4703
vn -0.8810 -0.0130 0.4730
vn -0.9612 -0.0062 0.2756
vn -0.8800 -0.0042 0.4750
vn -0.9860 -0.0066 0.1665
vn -0.9939 -0.0006 0.1104
vn -0.9938 -0.0031 0.1110
vn -0.9859 -0.0007 0.1674
vn -0.9860 0.0028 0.1669
vn -0.9938 -0.0057 0.1107
vn -0.9859 -0.0044 0.1672
vn -0.9610 0.0039 0.2766
vn -0.9611 0.0091 0.2760
vn -0.9610 -0.0014 0.2764
vn -0.9963 -0.0015 0.0857
vn -0.9963 -0.0013 0.0862
vn -0.9940 -0.0001 0.1097
vn -0.9962 -0.0041 0.0866
vn -0.9962 -0.0070 0.0864
vn -0.8794 0.0043 0.4760
vn -0.8793 0.0127 0.4761
vn -0.8795 0.0210 0.4754
vn -0.9614 0.0139 0.2748
vn -0.8802 0.0294 0.4737
vn -0.9861 0.0050 0.1661
vn -0.9942 0.0047 0.1070
vn -0.9941 0.0024 0.1085
vn -0.9864 0.0105 0.1638
vn -0.9867 0.0142 0.1618
vn -0.9940 0.0002 0.1093
vn -0.9863 0.0071 0.1651
vn -0.9623 0.0239 0.2708
vn -0.9630 0.0297 0.2679
vn -0.9618 0.0186 0.2731
vn -0.9966 0.0102 0.0818
vn -0.9965 0.0032 0.0834
vn -0.9944 0.0147 0.1051
vn -0.9964 0.0003 0.0848
vn -0.9963 -0.0021 0.0854
vn -0.8813 0.0380 0.4711
vn -0.8826 0.0471 0.4677
vn -0.8842 0.0570 0.4636
vn -0.9634 0.0456 0.2643
vn -0.8856 0.0766 0.4581
vn -0.9869 0.0273 0.1593
vn -0.7799 0.6230 0.0603
vn -0.9456 0.3129 0.0888
vn -0.9226 0.3602 0.1380
vn -0.7175 0.6898 0.0971
vn -0.9905 0.0924 0.1014
vn -0.9812 0.1158 0.1547
vn -0.8979 0.3741 0.2321
vn -0.6906 0.7032 0.1689
vn -0.9571 0.1338 0.2569
vn -0.8645 0.5010 0.0403
vn -0.5266 0.8496 0.0297
vn -0.9692 0.2374 0.0650
vn -0.9947 0.0668 0.0777
vn -0.8813 0.1565 0.4459
vn -0.8351 0.3680 0.4088
vn -0.6635 0.6799 0.3123
vn -0.3899 0.9161 0.0936
vn -0.3872 0.9039 0.1818
vn -0.4181 0.9069 0.0520
vn 0.0532 0.9986 0.0065
vn -0.0678 0.9977 0.0081
vn -0.0388 0.9992 0.0092
vn 0.0932 0.9956 -0.0018
vn -0.2469 0.9689 0.0155
vn -0.1886 0.9817 0.0249
vn -0.0196 0.9998 0.0101
vn 0.1231 0.9922 -0.0182
vn -0.1660 0.9852 0.0422
vn 0.1990 0.9798 0.0181
vn -0.1644 0.9831 0.0807
vn -0.0137 0.9998 0.0132
vn 0.1393 0.9889 -0.0510
vn 0.3443 0.9372 -0.0567
vn 0.3761 0.9155 -0.1432
vn 0.2849 0.9585 -0.0108
vn 0.4821 -0.8688 0.1132
vn 0.7888 -0.6043 0.1126
vn 0.8865 -0.4627 -0.0039
vn 0.6118 -0.7900 0.0405
vn 0.9493 -0.2987 0.0976
vn 0.9832 -0.1794 -0.0348
vn 0.9185 -0.3716 -0.1354
vn 0.6899 -0.7215 -0.0587
vn 0.9782 -0.1153 -0.1726
vn 0.9853 -0.1460 0.0888
vn 0.9968 -0.0653 -0.0459
vn 0.9826 -0.0241 -0.1842
vn 0.9213 0.0034 -0.3889
vn 0.9231 -0.0712 -0.3779
vn 0.8901 -0.3060 -0.3378
vn 0.7105 -0.6665 -0.2258
vn 0.9914 -0.0984 0.0861
vn 0.9939 -0.0714 0.0845
vn 0.9983 -0.0276 -0.0511
vn 0.9980 -0.0390 -0.0492
vn 0.9954 -0.0482 0.0830
vn 0.9984 -0.0180 -0.0527
vn 0.9816 -0.0065 -0.1907
vn 0.9821 -0.0095 -0.1881
vn 0.9812 -0.0044 -0.1928
vn 0.9963 -0.0272 0.0818
vn 0.9985 -0.0096 -0.0539
vn 0.9809 -0.0028 -0.1943
vn 0.9155 -0.0019 -0.4023
vn 0.9165 0.0019 -0.4001
vn 0.9177 0.0055 -0.3972
vn 0.9192 0.0091 -0.3936
vn 0.9967 -0.0077 0.0809
vn 0.9967 0.0109 0.0801
vn 0.9985 -0.0018 -0.0547
vn 0.9964 0.0296 0.0793
vn 0.9984 0.0127 -0.0553
vn 0.9807 -0.0004 -0.1956
vn 0.9808 -0.0015 -0.1952
vn 0.9807 0.0007 -0.1953
vn 0.9957 0.0491 0.0786
vn 0.9983 0.0205 -0.0551
vn 0.9809 0.0020 -0.1945
vn 0.9156 -0.0169 -0.4017
vn 0.9150 -0.0132 -0.4032
vn 0.9148 -0.0095 -0.4038
vn 0.9150 -0.0057 -0.4035
vn 0.9945 0.0701 0.0781
vn 0.9926 0.0932 0.0776
vn 0.9978 0.0386 -0.0538
vn 0.9981 0.0290 -0.0546
vn 0.9898 0.1201 0.0770
vn 0.9973 0.0502 -0.0528
vn 0.9815 0.0060 -0.1912
vn 0.9812 0.0037 -0.1931
vn 0.9820 0.0092 -0.1889
vn 0.9829 0.1677 0.0757
vn 0.9957 0.0767 -0.0518
vn 0.9822 0.0241 -0.1862
vn 0.9214 -0.0210 -0.3880
vn 0.9194 -0.0271 -0.3923
vn 0.9179 -0.0238 -0.3961
vn 0.9166 -0.0204 -0.3993
vn 0.9447 0.3201 0.0718
vn 0.7788 0.6243 0.0614
vn 0.8780 0.4767 -0.0421
vn 0.9802 0.1914 -0.0500
vn 0.4662 0.8838 0.0403
vn 0.5941 0.8041 -0.0241
vn 0.9115 0.3771 -0.1645
vn 0.9764 0.1165 -0.1817
vn 0.6713 0.7323 -0.1142
vn 0.6933 0.6679 -0.2707
vn 0.8851 0.2957 -0.3594
vn 0.9223 0.0550 -0.3826
vn -0.1285 -0.9715 0.1992
vn 0.0231 -0.9974 0.0684
vn 0.0276 -0.9980 0.0570
vn -0.1040 -0.9581 0.2669
vn 0.1841 -0.9806 -0.0674
vn 0.1842 -0.9639 -0.1925
vn 0.0372 -0.9979 0.0526
vn -0.0591 -0.9415 0.3317
vn 0.1593 -0.9256 -0.3433
vn -0.3446 -0.8582 0.3805
vn 0.4109 -0.8760 -0.2526
vn 0.3659 -0.8054 -0.4663
vn 0.2827 -0.7317 -0.6202
vn 0.2133 -0.6620 -0.7185
vn 0.1635 -0.8648 -0.4748
vn 0.0789 -0.9934 0.0833
vn -0.0339 -0.8728 0.4868
vn -0.2097 -0.7390 0.6402
vn -0.1167 -0.7104 0.6940
vn -0.2900 -0.7946 0.5334
vn -0.7072 -0.1241 0.6961
vn -0.6862 -0.2854 0.6691
vn -0.4677 -0.1937 0.8624
vn -0.4664 -0.1069 0.8781
vn -0.5760 -0.5867 0.5692
vn -0.4409 -0.4562 0.7730
vn -0.2494 -0.2101 0.9453
vn -0.2474 -0.1254 0.9608
vn -0.2612 -0.3668 0.8929
vn -0.7064 -0.0627 0.7050
vn -0.1144 -0.5188 0.8472
vn -0.1179 -0.3178 0.9408
vn -0.1180 -0.1665 0.9790
vn -0.2502 -0.0794 0.9649
vn -0.1208 -0.0928 0.9883
vn -0.4640 -0.0679 0.8832
vn -0.6983 -0.0121 0.7157
vn -0.7007 -0.0254 0.7130
vn -0.4578 -0.0260 0.8887
vn -0.4552 -0.0099 0.8903
vn -0.7035 -0.0403 0.7096
vn -0.4609 -0.0443 0.8864
vn -0.2468 -0.0301 0.9686
vn -0.2450 -0.0113 0.9695
vn -0.2489 -0.0517 0.9671
vn -0.6965 0.0005 0.7176
vn -0.1202 -0.0593 0.9910
vn -0.1187 -0.0353 0.9923
vn -0.1174 -0.0144 0.9930
vn -0.2436 0.0059 0.9699
vn -0.1165 0.0046 0.9932
vn -0.4532 0.0051 0.8914
vn -0.6955 0.0355 0.7177
vn -0.6951 0.0240 0.7186
vn -0.4517 0.0329 0.8916
vn -0.4521 0.0466 0.8908
vn -0.6954 0.0124 0.7185
vn -0.4521 0.0193 0.8918
vn -0.2425 0.0377 0.9694
vn -0.2427 0.0533 0.9686
vn -0.2427 0.0222 0.9698
vn -0.6966 0.0474 0.7159
vn -0.1159 0.0225 0.9930
vn -0.1157 0.0396 0.9925
vn -0.1158 0.0568 0.9916
vn -0.2435 0.0695 0.9674
vn -0.1164 0.0746 0.9904
vn -0.4533 0.0607 0.8893
vn -0.7039 0.0875 0.7049
vn -0.7010 0.0729 0.7094
vn -0.4578 0.0916 0.8843
vn -0.4609 0.1097 0.8806
vn -0.6985 0.0598 0.7131
vn -0.4552 0.0756 0.8872
vn -0.2466 0.1054 0.9634
vn -0.2487 0.1269 0.9602
vn -0.2448 0.0867 0.9657
vn -0.7070 0.1095 0.6987
vn -0.1172 0.0937 0.9887
vn -0.1184 0.1145 0.9863
vn -0.1198 0.1385 0.9831
vn -0.2499 0.1546 0.9559
vn -0.1203 0.1720 0.9777
vn -0.4640 0.1330 0.8758
vn -0.5844 0.6155 0.5288
vn -0.6887 0.3272 0.6470
vn -0.4682 0.2554 0.8459
vn -0.4436 0.5040 0.7410
vn -0.7082 0.1699 0.6853
vn -0.4665 0.1714 0.8677
vn -0.2489 0.2824 0.9264
vn -0.2607 0.4293 0.8647
vn -0.2470 0.2003 0.9481
vn -0.3641 0.8713 0.3289
vn -0.1173 0.2449 0.9624
vn -0.1167 0.3910 0.9130
vn -0.1129 0.5780 0.8082
vn -0.2130 0.7730 0.5976
vn -0.1159 0.7511 0.6499
vn -0.3007 0.8191 0.4885
vn 0.1509 0.9821 -0.1130
vn -0.0088 0.9998 0.0195
vn 0.0052 0.9997 0.0234
vn 0.1596 0.9628 -0.2178
vn -0.1562 0.9767 0.1474
vn -0.1212 0.9671 0.2238
vn 0.0274 0.9992 0.0281
vn 0.1488 0.9210 -0.3600
vn -0.0657 0.9545 0.2910
vn 0.3848 0.8745 -0.2952
vn -0.0346 0.8957 0.4432
vn 0.0773 0.9958 0.0481
vn 0.1636 0.8496 -0.5014
vn 0.2785 0.7109 -0.6458
vn 0.2149 0.6325 -0.7442
vn 0.3515 0.7942 -0.4956
vn 0.6486 -0.6009 -0.4672
vn 0.7584 -0.2558 -0.5995
vn 0.5353 -0.2231 -0.8147
vn 0.4916 -0.5391 -0.6839
vn 0.7696 -0.0392 -0.6373
vn 0.5338 -0.0162 -0.8455
vn 0.3306 -0.1418 -0.9331
vn 0.3224 -0.4566 -0.8292
vn 0.3252 0.0177 -0.9455
vn 0.7636 0.0237 -0.6453
vn 0.5290 0.0377 -0.8478
vn 0.3252 0.0502 -0.9443
vn 0.2569 0.0433 -0.9655
vn 0.2611 0.0092 -0.9653
vn 0.2619 -0.1453 -0.9541
vn 0.2425 -0.4401 -0.8646
vn 0.7598 0.0217 -0.6498
vn 0.7567 0.0121 -0.6537
vn 0.5215 0.0155 -0.8531
vn 0.5251 0.0296 -0.8505
vn 0.7541 0.0034 -0.6568
vn 0.5184 0.0029 -0.8551
vn 0.3201 0.0189 -0.9472
vn 0.3229 0.0362 -0.9457
vn 0.3178 0.0037 -0.9482
vn 0.7521 -0.0051 -0.6590
vn 0.5161 -0.0089 -0.8565
vn 0.3160 -0.0103 -0.9487
vn 0.2484 -0.0133 -0.9686
vn 0.2498 -0.0002 -0.9683
vn 0.2517 0.0141 -0.9677
vn 0.2540 0.0304 -0.9667
vn 0.7510 -0.0133 -0.6602
vn 0.7506 -0.0212 -0.6604
vn 0.5143 -0.0311 -0.8571
vn 0.5148 -0.0202 -0.8571
vn 0.7510 -0.0291 -0.6596
vn 0.5147 -0.0419 -0.8563
vn 0.3145 -0.0363 -0.9485
vn 0.3149 -0.0236 -0.9488
vn 0.3148 -0.0491 -0.9479
vn 0.7522 -0.0372 -0.6579
vn 0.5160 -0.0531 -0.8549
vn 0.3157 -0.0623 -0.9468
vn 0.2481 -0.0619 -0.9667
vn 0.2474 -0.0495 -0.9676
vn 0.2472 -0.0376 -0.9682
vn 0.2476 -0.0257 -0.9685
vn 0.7542 -0.0454 -0.6551
vn 0.7568 -0.0539 -0.6514
vn 0.5212 -0.0772 -0.8499
vn 0.5183 -0.0648 -0.8528
vn 0.7599 -0.0632 -0.6469
vn 0.5248 -0.0912 -0.8463
vn 0.3195 -0.0915 -0.9432
vn 0.3173 -0.0763 -0.9452
vn 0.3221 -0.1087 -0.9404
vn 0.7638 -0.0648 -0.6422
vn 0.5287 -0.0992 -0.8430
vn 0.3242 -0.1228 -0.9380
vn 0.2558 -0.1186 -0.9594
vn 0.2531 -0.1057 -0.9616
vn 0.2510 -0.0894 -0.9638
vn 0.2493 -0.0751 -0.9655
vn 0.7695 -0.0006 -0.6386
vn 0.7564 0.2225 -0.6151
vn 0.5359 0.1684 -0.8273
vn 0.5337 -0.0445 -0.8445
vn 0.6380 0.5847 -0.5011
vn 0.4892 0.5034 -0.7123
vn 0.3318 0.0729 -0.9405
vn 0.3247 -0.0904 -0.9415
vn 0.3247 0.4053 -0.8546
vn 0.2463 0.3870 -0.8886
vn 0.2633 0.0742 -0.9619
vn 0.2605 -0.0843 -0.9618
vn 0.0167 0.3417 0.9397
vn 0.8069 0.5788 0.1181
vn 0.5056 0.8613 0.0501
vn -0.0022 0.5742 0.8187
vn 0.4138 0.1066 -0.9041
vn 0.3510 0.4225 -0.8356
vn 0.2115 0.9759 0.0528
vn -0.0239 0.7741 0.6326
vn 0.2462 0.6781 -0.6925
vn 0.0127 0.2078 0.9781
vn 0.9226 0.3429 0.1769
vn 0.4034 -0.0422 -0.9141
vn 0.0138 0.1064 0.9942
vn 0.9674 0.1436 0.2085
vn 0.9602 0.1916 0.2033
vn 0.0129 0.1317 0.9912
vn 0.3910 -0.0467 -0.9192
vn 0.3932 -0.0509 -0.9180
vn 0.9494 0.2455 0.1958
vn 0.0117 0.1609 0.9869
vn 0.3961 -0.0553 -0.9165
vn 0.0145 0.0833 0.9964
vn 0.9722 0.0990 0.2123
vn 0.3894 -0.0426 -0.9201
vn 0.0149 0.0202 0.9997
vn 0.9755 -0.0243 0.2185
vn 0.9760 0.0163 0.2171
vn 0.0151 0.0409 0.9990
vn 0.3885 -0.0306 -0.9210
vn 0.3881 -0.0346 -0.9210
vn 0.9749 0.0568 0.2151
vn 0.0149 0.0616 0.9980
vn 0.3884 -0.0386 -0.9207
vn 0.0145 -0.0015 0.9999
vn 0.9734 -0.0666 0.2194
vn 0.3895 -0.0265 -0.9207
vn 0.0116 -0.0793 0.9968
vn 0.9527 -0.2144 0.2152
vn 0.9627 -0.1599 0.2181
vn 0.0128 -0.0500 0.9987
vn 0.3963 -0.0135 -0.9180
vn 0.3933 -0.0180 -0.9192
vn 0.9693 -0.1115 0.2193
vn 0.0138 -0.0246 0.9996
vn 0.3911 -0.0223 -0.9201
vn 0.0126 -0.1265 0.9919
vn 0.9270 -0.3146 0.2042
vn 0.4034 -0.0259 -0.9147
vn -0.0245 -0.7333 0.6795
vn 0.2119 -0.9717 0.1047
vn 0.5080 -0.8542 0.1105
vn -0.0023 -0.5118 0.8591
vn 0.2423 -0.7120 -0.6591
vn 0.3472 -0.4725 -0.8100
vn 0.8116 -0.5609 0.1631
vn 0.0169 -0.2640 0.9644
vn 0.4122 -0.1698 -0.8951
vn -0.9353 -0.1313 -0.3287
vn -0.9245 -0.2297 -0.3042
vn -0.9850 -0.1190 -0.1252
vn -0.9941 -0.0476 -0.0977
vn -0.9287 -0.2945 -0.2255
vn -0.9909 -0.1251 -0.0487
vn -0.9994 -0.0350 0.0085
vn -0.9433 -0.1182 -0.3103
vn -0.9957 -0.0473 -0.0792
vn -0.9366 -0.2840 -0.2055
vn -0.9933 -0.1087 -0.0404
vn -0.9986 -0.0056 0.0522
vn -0.9995 -0.0140 0.0278
vn -0.9990 -0.0266 0.0357
vn -0.9371 0.0755 -0.3409
vn -0.9292 -0.0222 -0.3689
vn -0.9874 -0.0141 -0.1579
vn -0.9946 0.0342 -0.0984
vn -0.9356 -0.1175 -0.3330
vn -0.9939 -0.0574 -0.0946
vn -1.0000 -0.0077 -0.0000
vn -0.9448 0.0780 -0.3184
vn -0.9963 0.0254 -0.0822
vn -0.9996 0.0009 0.0272
vn -0.9329 0.2608 -0.2482
vn -0.9277 0.1899 -0.3213
vn -0.9866 0.0932 -0.1339
vn -0.9927 0.1055 -0.0581
vn -0.9370 0.0897 -0.3377
vn -0.9946 0.0242 -0.1006
vn -0.9998 0.0202 0.0062
vn -0.9407 0.2518 -0.2274
vn -0.9948 0.0898 -0.0485
vn -0.9993 0.0140 0.0341
vn -0.9240 0.3749 -0.0754
vn -0.9205 0.3498 -0.1742
vn -0.9829 0.1741 -0.0595
vn -0.9891 0.1470 0.0123
vn -0.9325 0.2715 -0.2384
vn -0.9931 0.0979 -0.0650
vn -0.9988 0.0413 0.0256
vn -0.9316 0.3586 -0.0601
vn -0.9915 0.1292 0.0128
vn -0.9987 0.0220 0.0454
vn -0.9323 0.3593 0.0428
vn -0.9163 0.4005 0.0032
vn -0.9813 0.1918 0.0188
vn -0.9898 0.1320 0.0527
vn -0.9214 0.3846 -0.0560
vn -0.9892 0.1466 -0.0015
vn -0.9981 0.0460 0.0413
vn -0.9430 0.3313 0.0325
vn -0.9932 0.1067 0.0464
vn -0.9985 0.0166 0.0524
vn -0.9966 0.0431 0.0698
vn -0.9862 0.1563 0.0541
vn -0.9942 0.0978 0.0458
vn -0.9980 0.0238 0.0591
vn -0.9502 0.3105 0.0254
vn -0.9935 0.1088 0.0345
vn -0.9985 0.0235 0.0488
vn -0.9972 0.0109 0.0737
vn -0.9978 0.0065 0.0659
vn -0.9984 -0.0006 0.0571
vn -0.9969 -0.0024 0.0780
vn -0.9970 0.0021 0.0775
vn -0.9973 0.0033 0.0734
vn -0.9975 -0.0023 0.0707
vn -0.9971 0.0079 0.0753
vn -0.9976 0.0057 0.0685
vn -0.9980 -0.0007 0.0630
vn -0.9970 -0.0008 0.0778
vn -0.9976 -0.0016 0.0699
vn -0.9982 -0.0043 0.0599
vn -0.9968 -0.0095 0.0788
vn -0.9968 -0.0044 0.0793
vn -0.9971 -0.0046 0.0754
vn -0.9974 -0.0087 0.0715
vn -0.9969 0.0006 0.0784
vn -0.9975 -0.0008 0.0712
vn -0.9979 -0.0050 0.0645
vn -0.9969 -0.0082 0.0781
vn -0.9975 -0.0080 0.0702
vn -0.9982 -0.0062 0.0600
vn -0.9969 -0.0171 0.0764
vn -0.9969 -0.0111 0.0781
vn -0.9972 -0.0127 0.0740
vn -0.9975 -0.0154 0.0694
vn -0.9969 -0.0066 0.0782
vn -0.9975 -0.0073 0.0709
vn -0.9979 -0.0095 0.0634
vn -0.9970 -0.0202 0.0750
vn -0.9976 -0.0165 0.0668
vn -0.9983 -0.0101 0.0575
vn -0.9452 -0.3223 0.0513
vn -0.9837 -0.1667 0.0672
vn -0.9926 -0.1090 0.0542
vn -0.9917 -0.1210 0.0439
vn -0.9959 -0.0526 0.0737
vn -0.9975 -0.0343 0.0615
vn -0.9981 -0.0347 0.0512
vn -0.9377 -0.3422 0.0601
vn -0.9915 -0.1178 0.0556
vn -0.9981 -0.0276 0.0542
vn -0.9153 -0.4020 -0.0238
vn -0.9100 -0.4130 0.0365
vn -0.9782 -0.2047 0.0350
vn -0.9868 -0.1614 0.0110
vn -0.9266 -0.3690 0.0726
vn -0.9877 -0.1425 0.0639
vn -0.9973 -0.0578 0.0455
vn -0.9259 -0.3766 -0.0301
vn -0.9894 -0.1429 0.0240
vn -0.9983 -0.0336 0.0476
vn -0.9280 -0.3043 -0.2149
vn -0.9149 -0.3770 -0.1446
vn -0.9801 -0.1934 -0.0445
vn -0.9914 -0.1182 -0.0562
vn -0.9181 -0.3939 -0.0440
vn -0.9867 -0.1607 0.0249
vn -0.9981 -0.0544 0.0295
s 1
usemtl Handle_material
f 1012//1 1013//2 1011//3 1017//4
f 1014//5 1015//6 1011//3 1013//2
f 1016//7 1017//4 1011//3 1015//6
f 25//8 152//9 1012//1 149//10
f 152//9 151//11 1013//2 1012//1
f 149//10 1012//1 1017//4 148//12
f 1//13 153//14 1014//5 150//15
f 153//14 154//16 1015//6 1014//5
f 150//15 1014//5 1013//2 151//11
f 2//17 147//18 1016//7 155//19
f 147//18 148//12 1017//4 1016//7
f 155//19 1016//7 1015//6 154//16
f 1019//20 1020//21 1018//22 1024//23
f 1021//24 1022//25 1018//22 1020//21
f 1023//26 1024//23 1018//22 1022//25
f 25//8 149//10 1019//20 158//27
f 149//10 148//12 1020//21 1019//20
f 158//27 1019//20 1024//23 157//28
f 2//17 159//29 1021//24 147//18
f 159//29 160//30 1022//25 1021//24
f 147//18 1021//24 1020//21 148//12
f 3//31 156//32 1023//26 161//33
f 156//32 157//28 1024//23 1023//26
f 161//33 1023//26 1022//25 160//30
f 1026//34 1027//35 1025//36 1031//37
f 1028//38 1029//39 1025//36 1027//35
f 1030//40 1031//37 1025//36 1029//39
f 25//8 158//27 1026//34 164//41
f 158//27 157//28 1027//35 1026//34
f 164//41 1026//34 1031//37 163//42
f 3//31 165//43 1028//38 156//32
f 165//43 166//44 1029//39 1028//38
f 156//32 1028//38 1027//35 157//28
f 4//45 162//46 1030//40 167//47
f 162//46 163//42 1031//37 1030//40
f 167//47 1030//40 1029//39 166//44
f 1033//48 1034//49 1032//50 1038//51
f 1035//52 1036//53 1032//50 1034//49
f 1037//54 1038//51 1032//50 1036//53
f 25//8 164//41 1033//48 170//55
f 164//41 163//42 1034//49 1033//48
f 170//55 1033//48 1038//51 169//56
f 4//45 171//57 1035//52 162//46
f 171//57 172//58 1036//53 1035//52
f 162//46 1035//52 1034//49 163//42
f 5//59 168//60 1037//54 173//61
f 168//60 169//56 1038//51 1037//54
f 173//61 1037//54 1036//53 172//58
f 1040//62 1041//63 1039//64 1045//65
f 1042//66 1043//67 1039//64 1041//63
f 1044//68 1045//65 1039//64 1043//67
f 25//8 170//55 1040//62 176//69
f 170//55 169//56 1041//63 1040//62
f 176//69 1040//62 1045//65 175//70
f 5//59 177//71 1042//66 168//60
f 177//71 178//72 1043//67 1042//66
f 168//60 1042//66 1041//63 169//56
f 6//73 174//74 1044//68 179//75
f 174//74 175//70 1045//65 1044//68
f 179//75 1044//68 1043//67 178//72
f 1047//76 1048//77 1046//78 1052//79
f 1049//80 1050//81 1046//78 1048//77
f 1051//82 1052//79 1046//78 1050//81
f 25//8 176//69 1047//76 182//83
f 176//69 175//70 1048//77 1047//76
f 182//83 1047//76 1052//79 181//84
f 6//73 183//85 1049//80 174//74
f 183//85 184//86 1050//81 1049//80
f 174//74 1049//80 1048//77 175//70
f 7//87 180//88 1051//82 185//89
f 180//88 181//84 1052//79 1051//82
f 185//89 1051//82 1050//81 184//86
f 1054//90 1055//91 1053//92 1059//93
f 1056//94 1057//95 1053//92 1055//91
f 1058//96 1059//93 1053//92 1057//95
f 25//8 182//83 1054//90 188//97
f 182//83 181//84 1055//91 1054//90
f 188//97 1054//90 1059//93 187//98
f 7//87 189//99 1056//94 180//88
f 189//99 190//100 1057//95 1056//94
f 180//88 1056//94 1055//91 181//84
f 8//101 186//102 1058//96 191//103
f 186//102 187//98 1059//93 1058//96
f 191//103 1058//96 1057//95 190//100
f 1061//104 1062//105 1060//106 1066//107
f 1063//108 1064//109 1060//106 1062//105
f 1065//110 1066//107 1060//106 1064//109
f 25//8 188//97 1061//104 194//111
f 188//97 187//98 1062//105 1061//104
f 194//111 1061//104 1066//107 193//112
f 8//101 195//113 1063//108 186//102
f 195//113 196//114 1064//109 1063//108
f 186//102 1063//108 1062//105 187//98
f 9//115 192//116 1065//110 197//117
f 192//116 193//112 1066//107 1065//110
f 197//117 1065//110 1064//109 196//114
f 1068//118 1069//119 1067//120 1073//121
f 1070//122 1071//123 1067//120 1069//119
f 1072//124 1073//121 1067//120 1071//123
f 25//8 194//111 1068//118 200//125
f 194//111 193//112 1069//119 1068//118
f 200//125 1068//118 1073//121 199//126
f 9//115 201//127 1070//122 192//116
f 201//127 202//128 1071//123 1070//122
f 192//116 1070//122 1069//119 193//112
f 10//129 198//130 1072//124 203//131
f 198//130 199//126 1073//121 1072//124
f 203//131 1072//124 1071//123 202//128
f 1075//132 1076//133 1074//134 1080//135
f 1077//136 1078//137 1074//134 1076//133
f 1079//138 1080//135 1074//134 1078//137
f 25//8 200//125 1075//132 206//139
f 200//125 199//126 1076//133 1075//132
f 206//139 1075//132 1080//135 205//140
f 10//129 207//141 1077//136 198//130
f 207//141 208//142 1078//137 1077//136
f 198//130 1077//136 1076//133 199//126
f 11//143 204//144 1079//138 209//145
f 204//144 205//140 1080//135 1079//138
f 209//145 1079//138 1078//137 208//142
f 1082//146 1083//147 1081//148 1087//149
f 1084//150 1085//151 1081//148 1083//147
f 1086//152 1087//149 1081//148 1085//151
f 25//8 206//139 1082//146 212//153
f 206//139 205//140 1083//147 1082//146
f 212//153 1082//146 1087//149 211//154
f 11//143 213//155 1084//150 204//144
f 213//155 214//156 1085//151 1084//150
f 204//144 1084//150 1083//147 205//140
f 12//157 210//158 1086//152 215//159
f 210//158 211//154 1087//149 1086//152
f 215//159 1086//152 1085//151 214//156
f 1089//160 1090//161 1088//162 1094//163
f 1091//164 1092//165 1088//162 1090//161
f 1093//166 1094//163 1088//162 1092//165
f 12//157 218//167 1089//160 210//158
f 218//167 217//168 1090//161 1089//160
f 210//158 1089//160 1094//163 211//154
f 1//13 150//15 1091//164 216//169
f 150//15 151//11 1092//165 1091//164
f 216//169 1091//164 1090//161 217//168
f 25//8 212//153 1093//166 152//9
f 212//153 211//154 1094//163 1093//166
f 152//9 1093//166 1092//165 151//11
f 1095//170 1096//171 1099//172 1098//173
f 1096//171 1097//174 1100//175 1099//172
f 1098//173 1099//172 1102//176 1101//177
f 1099//172 1100//175 1103//178 1102//176
f 1//13 219//179 1095//170 153//14
f 219//179 220//180 1096//171 1095//170
f 220//180 221//181 1097//174 1096//171
f 221//181 13//182 222//183 1097//174
f 1097//174 222//183 223//184 1100//175
f 1100//175 223//184 224//185 1103//178
f 1103//178 224//185 14//186 227//187
f 1102//176 1103//178 227//187 226//188
f 1101//177 1102//176 226//188 225//189
f 155//19 1101//177 225//189 2//17
f 154//16 1098//173 1101//177 155//19
f 153//14 1095//170 1098//173 154//16
f 1104//190 1105//191 1108//192 1107//193
f 1105//191 1106//194 1109//195 1108//192
f 1107//193 1108//192 1111//196 1110//197
f 1108//192 1109//195 1112//198 1111//196
f 2//17 225//189 1104//190 159//29
f 225//189 226//188 1105//191 1104//190
f 226//188 227//187 1106//194 1105//191
f 227//187 14//186 228//199 1106//194
f 1106//194 228//199 229//200 1109//195
f 1109//195 229//200 230//201 1112//198
f 1112//198 230//201 15//202 233//203
f 1111//196 1112//198 233//203 232//204
f 1110//197 1111//196 232//204 231//205
f 161//33 1110//197 231//205 3//31
f 160//30 1107//193 1110//197 161//33
f 159//29 1104//190 1107//193 160//30
f 1113//206 1114//207 1117//208 1116//209
f 1114//207 1115//210 1118//211 1117//208
f 1116//209 1117//208 1120//212 1119//213
f 1117//208 1118//211 1121//214 1120//212
f 3//31 231//205 1113//206 165//43
f 231//205 232//204 1114//207 1113//206
f 232//204 233//203 1115//210 1114//207
f 233//203 15//202 234//215 1115//210
f 1115//210 234//215 235//216 1118//211
f 1118//211 235//216 236//217 1121//214
f 1121//214 236//217 16//218 239//219
f 1120//212 1121//214 239//219 238//220
f 1119//213 1120//212 238//220 237//221
f 167//47 1119//213 237//221 4//45
f 166//44 1116//209 1119//213 167//47
f 165//43 1113//206 1116//209 166//44
f 1122//222 1123//223 1126//224 1125//225
f 1123//223 1124//226 1127//227 1126//224
f 1125//225 1126//224 1129//228 1128//229
f 1126//224 1127//227 1130//230 1129//228
f 4//45 237//221 1122//222 171//57
f 237//221 238//220 1123//223 1122//222
f 238//220 239//219 1124//226 1123//223
f 239//219 16//218 240//231 1124//226
f 1124//226 240//231 241//232 1127//227
f 1127//227 241//232 242//233 1130//230
f 1130//230 242//233 17//234 245//235
f 1129//228 1130//230 245//235 244//236
f 1128//229 1129//228 244//236 243//237
f 173//61 1128//229 243//237 5//59
f 172//58 1125//225 1128//229 173//61
f 171//57 1122//222 1125//225 172//58
f 1131//238 1132//239 1135//240 1134//241
f 1132//239 1133//242 1136//243 1135//240
f 1134//241 1135//240 1138//244 1137//245
f 1135//240 1136//243 1139//246 1138//244
f 5//59 243//237 1131//238 177//71
f 243//237 244//236 1132//239 1131//238
f 244//236 245//235 1133//242 1132//239
f 245//235 17//234 246//247 1133//242
f 1133//242 246//247 247//248 1136//243
f 1136//243 247//248 248//249 1139//246
f 1139//246 248//249 18//250 251//251
f 1138//244 1139//246 251//251 250//252
f 1137//245 1138//244 250//252 249//253
f 179//75 1137//245 249//253 6//73
f 178//72 1134//241 1137//245 179//75
f 177//71 1131//238 1134//241 178//72
f 1140//254 1141//255 1144//256 1143//257
f 1141//255 1142//258 1145//259 1144//256
f 1143//257 1144//256 1147//260 1146//261
f 1144//256 1145//259 1148//262 1147//260
f 6//73 249//253 1140//254 183//85
f 249//253 250//252 1141//255 1140//254
f 250//252 251//251 1142//258 1141//255
f 251//251 18//250 252//263 1142//258
f 1142//258 252//263 253//264 1145//259
f 1145//259 253//264 254//265 1148//262
f 1148//262 254//265 19//266 257//267
f 1147//260 1148//262 257//267 256//268
f 1146//261 1147//260 256//268 255//269
f 185//89 1146//261 255//269 7//87
f 184//86 1143//257 1146//261 185//89
f 183//85 1140//254 1143//257 184//86
f 1149//270 1150//271 1153//272 1152//273
f 1150//271 1151//274 1154//275 1153//272
f 1152//273 1153//272 1156//276 1155//277
f 1153//272 1154//275 1157//278 1156//276
f 7//87 255//269 1149//270 189//99
f 255//269 256//268 1150//271 1149//270
f 256//268 257//267 1151//274 1150//271
f 257//267 19//266 258//279 1151//274
f 1151//274 258//279 259//280 1154//275
f 1154//275 259//280 260//281 1157//278
f 1157//278 260//281 20//282 263//283
f 1156//276 1157//278 263//283 262//284
f 1155//277 1156//276 262//284 261//285
f 191//103 1155//277 261//285 8//101
f 190//100 1152//273 1155//277 191//103
f 189//99 1149//270 1152//273 190//100
f 1158//286 1159//287 1162//288 1161//289
f 1159//287 1160//290 1163//291 1162//288
f 1161//289 1162//288 1165//292 1164//293
f 1162//288 1163//291 1166//294 1165//292
f 8//101 261//285 1158//286 195//113
f 261//285 262//284 1159//287 1158//286
f 262//284 263//283 1160//290 1159//287
f 263//283 20//282 264//295 1160//290
f 1160//290 264//295 265//296 1163//291
f 1163//291 265//296 266//297 1166//294
f 1166//294 266//297 21//298 269//299
f 1165//292 1166//294 269//299 268//300
f 1164//293 1165//292 268//300 267//301
f 197//117 1164//293 267//301 9//115
f 196//114 1161//289 1164//293 197//117
f 195//113 1158//286 1161//289 196//114
f 1167//302 1168//303 1171//304 1170//305
f 1168//303 1169//306 1172//307 1171//304
f 1170//305 1171//304 1174//308 1173//309
f 1171//304 1172//307 1175//310 1174//308
f 9//115 267//301 1167//302 201//127
f 267//301 268//300 1168//303 1167//302
f 268//300 269//299 1169//306 1168//303
f 269//299 21//298 270//311 1169//306
f 1169//306 270//311 271//312 1172//307
f 1172//307 271//312 272//313 1175//310
f 1175//310 272//313 22//314 275//315
f 1174//308 1175//310 275//315 274//316
f 1173//309 1174//308 274//316 273//317
f 203//131 1173//309 273//317 10//129
f 202//128 1170//305 1173//309 203//131
f 201//127 1167//302 1170//305 202//128
f 1176//318 1177//319 1180//320 1179//321
f 1177//319 1178//322 1181//323 1180//320
f 1179//321 1180//320 1183//324 1182//325
f 1180//320 1181//323 1184//326 1183//324
f 10//129 273//317 1176//318 207//141
f 273//317 274//316 1177//319 1176//318
f 274//316 275//315 1178//322 1177//319
f 275//315 22//314 276//327 1178//322
f 1178//322 276//327 277//328 1181//323
f 1181//323 277//328 278//329 1184//326
f 1184//326 278//329 23//330 281//331
f 1183//324 1184//326 281//331 280//332
f 1182//325 1183//324 280//332 279//333
f 209//145 1182//325 279//333 11//143
f 208//142 1179//321 1182//325 209//145
f 207//141 1176//318 1179//321 208//142
f 1185//334 1186//335 1189//336 1188//337
f 1186//335 1187//338 1190//339 1189//336
f 1188//337 1189//336 1192//340 1191//341
f 1189//336 1190//339 1193//342 1192//340
f 11//143 279//333 1185//334 213//155
f 279//333 280//332 1186//335 1185//334
f 280//332 281//331 1187//338 1186//335
f 281//331 23//330 282//343 1187//338
f 1187//338 282//343 283//344 1190//339
f 1190//339 283//344 284//345 1193//342
f 1193//342 284//345 24//346 287//347
f 1192//340 1193//342 287//347 286//348
f 1191//341 1192//340 286//348 285//349
f 215//159 1191//341 285//349 12//157
f 214//156 1188//337 1191//341 215//159
f 213//155 1185//334 1188//337 214//156
f 1194//350 1195//351 1198//352 1197//353
f 1195//351 1196//354 1199//355 1198//352
f 1197//353 1198//352 1201//356 1200//357
f 1198//352 1199//355 1202//358 1201//356
f 13//182 221//181 1194//350 288//359
f 221//181 220//180 1195//351 1194//350
f 220//180 219//179 1196//354 1195//351
f 219//179 1//13 216//169 1196//354
f 1196//354 216//169 217//168 1199//355
f 1199//355 217//168 218//167 1202//358
f 1202//358 218//167 12//157 285//349
f 1201//356 1202//358 285//349 286//348
f 1200//357 1201//356 286//348 287//347
f 290//360 1200//357 287//347 24//346
f 289//361 1197//353 1200//357 290//360
f 288//359 1194//350 1197//353 289//361
f 1203//362 1204//363 1207//364 1206//365
f 1204//363 1205//366 1208//367 1207//364
f 1206//365 1207//364 1210//368 1209//369
f 1207//364 1208//367 1211//370 1210//368
f 14//186 224//185 1203//362 291//371
f 224//185 223//184 1204//363 1203//362
f 223//184 222//183 1205//366 1204//363
f 222//183 13//182 294//372 1205//366
f 1205//366 294//372 295//373 1208//367
f 1208//367 295//373 296//374 1211//370
f 1211//370 296//374 26//375 297//376
f 1210//368 1211//370 297//376 298//377
f 1209//369 1210//368 298//377 299//378
f 293//379 1209//369 299//378 27//380
f 292//381 1206//365 1209//369 293//379
f 291//371 1203//362 1206//365 292//381
f 1212//382 1213//383 1216//384 1215//385
f 1213//383 1214//386 1217//387 1216//384
f 1215//385 1216//384 1219//388 1218//389
f 1216//384 1217//387 1220//390 1219//388
f 15//202 230//201 1212//382 300//391
f 230//201 229//200 1213//383 1212//382
f 229//200 228//199 1214//386 1213//383
f 228//199 14//186 291//371 1214//386
f 1214//386 291//371 292//381 1217//387
f 1217//387 292//381 293//379 1220//390
f 1220//390 293//379 27//380 303//392
f 1219//388 1220//390 303//392 304//393
f 1218//389 1219//388 304//393 305//394
f 302//395 1218//389 305//394 28//396
f 301//397 1215//385 1218//389 302//395
f 300//391 1212//382 1215//385 301//397
f 1221//398 1222//399 1225//400 1224//401
f 1222//399 1223//402 1226//403 1225//400
f 1224//401 1225//400 1228//404 1227//405
f 1225//400 1226//403 1229//406 1228//404
f 16//218 236//217 1221//398 306//407
f 236//217 235//216 1222//399 1221//398
f 235//216 234//215 1223//402 1222//399
f 234//215 15//202 300//391 1223//402
f 1223//402 300//391 301//397 1226//403
f 1226//403 301//397 302//395 1229//406
f 1229//406 302//395 28//396 309//408
f 1228//404 1229//406 309//408 310//409
f 1227//405 1228//404 310//409 311//410
f 308//411 1227//405 311//410 29//412
f 307//413 1224//401 1227//405 308//411
f 306//407 1221//398 1224//401 307//413
f 1230//414 1231//415 1234//416 1233//417
f 1231//415 1232//418 1235//419 1234//416
f 1233//417 1234//416 1237//420 1236//421
f 1234//416 1235//419 1238//422 1237//420
f 17//234 242//233 1230//414 312//423
f 242//233 241//232 1231//415 1230//414
f 241//232 240//231 1232//418 1231//415
f 240//231 16//218 306//407 1232//418
f 1232//418 306//407 307//413 1235//419
f 1235//419 307//413 308//411 1238//422
f 1238//422 308//411 29//412 315//424
f 1237//420 1238//422 315//424 316//425
f 1236//421 1237//420 316//425 317//426
f 314//427 1236//421 317//426 30//428
f 313//429 1233//417 1236//421 314//427
f 312//423 1230//414 1233//417 313//429
f 1239//430 1240//431 1243//432 1242//433
f 1240//431 1241//434 1244//435 1243//432
f 1242//433 1243//432 1246//436 1245//437
f 1243//432 1244//435 1247//438 1246//436
f 18//250 248//249 1239//430 318//439
f 248//249 247//248 1240//431 1239//430
f 247//248 246//247 1241//434 1240//431
f 246//247 17//234 312//423 1241//434
f 1241//434 312//423 313//429 1244//435
f 1244//435 313//429 314//427 1247//438
f 1247//438 314//427 30//428 321//440
f 1246//436 1247//438 321//440 322//441
f 1245//437 1246//436 322//441 323//442
f 320//443 1245//437 323//442 31//444
f 319//445 1242//433 1245//437 320//443
f 318//439 1239//430 1242//433 319//445
f 1248//446 1249//447 1252//448 1251//449
f 1249//447 1250//450 1253//451 1252//448
f 1251//449 1252//448 1255//452 1254//453
f 1252//448 1253//451 1256//454 1255//452
f 19//266 254//265 1248//446 324//455
f 254//265 253//264 1249//447 1248//446
f 253//264 252//263 1250//450 1249//447
f 252//263 18//250 318//439 1250//450
f 1250//450 318//439 319//445 1253//451
f 1253//451 319//445 320//443 1256//454
f 1256//454 320//443 31//444 327//456
f 1255//452 1256//454 327//456 328//457
f 1254//453 1255//452 328//457 329//458
f 326//459 1254//453 329//458 32//460
f 325//461 1251//449 1254//453 326//459
f 324//455 1248//446 1251//449 325//461
f 1257//462 1258//463 1261//464 1260//465
f 1258//463 1259//466 1262//467 1261//464
f 1260//465 1261//464 1264//468 1263//469
f 1261//464 1262//467 1265//470 1264//468
f 20//282 260//281 1257//462 330//471
f 260//281 259//280 1258//463 1257//462
f 259//280 258//279 1259//466 1258//463
f 258//279 19//266 324//455 1259//466
f 1259//466 324//455 325//461 1262//467
f 1262//467 325//461 326//459 1265//470
f 1265//470 326//459 32//460 333//472
f 1264//468 1265//470 333//472 334//473
f 1263//469 1264//468 334//473 335//474
f 332//475 1263//469 335//474 33//476
f 331//477 1260//465 1263//469 332//475
f 330//471 1257//462 1260//465 331//477
f 1266//478 1267//479 1270//480 1269//481
f 1267//479 1268//482 1271//483 1270//480
f 1269//481 1270//480 1273//484 1272//485
f 1270//480 1271//483 1274//486 1273//484
f 21//298 266//297 1266//478 336//487
f 266//297 265//296 1267//479 1266//478
f 265//296 264//295 1268//482 1267//479
f 264//295 20//282 330//471 1268//482
f 1268//482 330//471 331//477 1271//483
f 1271//483 331//477 332//475 1274//486
f 1274//486 332//475 33//476 339//488
f 1273//484 1274//486 339//488 340//489
f 1272//485 1273//484 340//489 341//490
f 338//491 1272//485 341//490 34//492
f 337//493 1269//481 1272//485 338//491
f 336//487 1266//478 1269//481 337//493
f 1275//494 1276//495 1279//496 1278//497
f 1276//495 1277//498 1280//499 1279//496
f 1278//497 1279//496 1282//500 1281//501
f 1279//496 1280//499 1283//502 1282//500
f 22//314 272//313 1275//494 342//503
f 272//313 271//312 1276//495 1275//494
f 271//312 270//311 1277//498 1276//495
f 270//311 21//298 336//487 1277//498
f 1277//498 336//487 337//493 1280//499
f 1280//499 337//493 338//491 1283//502
f 1283//502 338//491 34//492 345//504
f 1282//500 1283//502 345//504 346//505
f 1281//501 1282//500 346//505 347//506
f 344//507 1281//501 347//506 35//508
f 343//509 1278//497 1281//501 344//507
f 342//503 1275//494 1278//497 343//509
f 1284//510 1285//511 1288//512 1287//513
f 1285//511 1286//514 1289//515 1288//512
f 1287//513 1288//512 1291//516 1290//517
f 1288//512 1289//515 1292//518 1291//516
f 23//330 278//329 1284//510 348//519
f 278//329 277//328 1285//511 1284//510
f 277//328 276//327 1286//514 1285//511
f 276//327 22//314 342//503 1286//514
f 1286//514 342//503 343//509 1289//515
f 1289//515 343//509 344//507 1292//518
f 1292//518 344//507 35//508 351//520
f 1291//516 1292//518 351//520 352//521
f 1290//517 1291//516 352//521 353//522
f 350//523 1290//517 353//522 36//524
f 349//525 1287//513 1290//517 350//523
f 348//519 1284//510 1287//513 349//525
f 1293//526 1294//527 1297//528 1296//529
f 1294//527 1295//530 1298//531 1297//528
f 1296//529 1297//528 1300//532 1299//533
f 1297//528 1298//531 1301//534 1300//532
f 24//346 284//345 1293//526 354//535
f 284//345 283//344 1294//527 1293//526
f 283//344 282//343 1295//530 1294//527
f 282//343 23//330 348//519 1295//530
f 1295//530 348//519 349//525 1298//531
f 1298//531 349//525 350//523 1301//534
f 1301//534 350//523 36//524 357//536
f 1300//532 1301//534 357//536 358//537
f 1299//533 1300//532 358//537 359//538
f 356//539 1299//533 359//538 37//540
f 355//541 1296//529 1299//533 356//539
f 354//535 1293//526 1296//529 355//541
f 1302//542 1303//543 1306//544 1305//545
f 1303//543 1304//546 1307//547 1306//544
f 1305//545 1306//544 1309//548 1308//549
f 1306//544 1307//547 1310//550 1309//548
f 13//182 288//359 1302//542 294//372
f 288//359 289//361 1303//543 1302//542
f 289//361 290//360 1304//546 1303//543
f 290//360 24//346 354//535 1304//546
f 1304//546 354//535 355//541 1307//547
f 1307//547 355//541 356//539 1310//550
f 1310//550 356//539 37//540 362//551
f 1309//548 1310//550 362//551 361//552
f 1308//549 1309//548 361//552 360//553
f 296//374 1308//549 360//553 26//375
f 295//373 1305//545 1308//549 296//374
f 294//372 1302//542 1305//545 295//373
f 1311//554 1312//555 1315//556 1314//557
f 1312//555 1313//558 1316//559 1315//556
f 1314//557 1315//556 1318//560 1317//561
f 1315//556 1316//559 1319//562 1318//560
f 26//375 363//563 1311//554 297//376
f 363//563 364//564 1312//555 1311//554
f 364//564 365//565 1313//558 1312//555
f 365//565 50//566 366//567 1313//558
f 1313//558 366//567 367//568 1316//559
f 1316//559 367//568 368//569 1319//562
f 1319//562 368//569 51//570 371//571
f 1318//560 1319//562 371//571 370//572
f 1317//561 1318//560 370//572 369//573
f 299//378 1317//561 369//573 27//380
f 298//377 1314//557 1317//561 299//378
f 297//376 1311//554 1314//557 298//377
f 1320//574 1321//575 1324//576 1323//577
f 1321//575 1322//578 1325//579 1324//576
f 1323//577 1324//576 1327//580 1326//581
f 1324//576 1325//579 1328//582 1327//580
f 50//566 374//583 1320//574 366//567
f 374//583 373//584 1321//575 1320//574
f 373//584 372//585 1322//578 1321//575
f 372//585 38//586 375//587 1322//578
f 1322//578 375//587 376//588 1325//579
f 1325//579 376//588 377//589 1328//582
f 1328//582 377//589 39//590 378//591
f 1327//580 1328//582 378//591 379//592
f 1326//581 1327//580 379//592 380//593
f 368//569 1326//581 380//593 51//570
f 367//568 1323//577 1326//581 368//569
f 366//567 1320//574 1323//577 367//568
f 1329//594 1330//595 1333//596 1332//597
f 1330//595 1331//598 1334//599 1333//596
f 1332//597 1333//596 1336//600 1335//601
f 1333//596 1334//599 1337//602 1336//600
f 27//380 369//573 1329//594 303//392
f 369//573 370//572 1330//595 1329//594
f 370//572 371//571 1331//598 1330//595
f 371//571 51//570 381//603 1331//598
f 1331//598 381//603 382//604 1334//599
f 1334//599 382//604 383//605 1337//602
f 1337//602 383//605 52//606 386//607
f 1336//600 1337//602 386//607 385//608
f 1335//601 1336//600 385//608 384//609
f 305//394 1335//601 384//609 28//396
f 304//393 1332//597 1335//601 305//394
f 303//392 1329//594 1332//597 304//393
f 1338//610 1339//611 1342//612 1341//613
f 1339//611 1340//614 1343//615 1342//612
f 1341//613 1342//612 1345//616 1344//617
f 1342//612 1343//615 1346//618 1345//616
f 51//570 380//593 1338//610 381//603
f 380//593 379//592 1339//611 1338//610
f 379//592 378//591 1340//614 1339//611
f 378//591 39//590 387//619 1340//614
f 1340//614 387//619 388//620 1343//615
f 1343//615 388//620 389//621 1346//618
f 1346//618 389//621 40//622 390//623
f 1345//616 1346//618 390//623 391//624
f 1344//617 1345//616 391//624 392//625
f 383//605 1344//617 392//625 52//606
f 382//604 1341//613 1344//617 383//605
f 381//603 1338//610 1341//613 382//604
f 1347//626 1348//627 1351//628 1350//629
f 1348//627 1349//630 1352//631 1351//628
f 1350//629 1351//628 1354//632 1353//633
f 1351//628 1352//631 1355//634 1354//632
f 28//396 384//609 1347//626 309//408
f 384//609 385//608 1348//627 1347//626
f 385//608 386//607 1349//630 1348//627
f 386//607 52//606 393//635 1349//630
f 1349//630 393//635 394//636 1352//631
f 1352//631 394//636 395//637 1355//634
f 1355//634 395//637 53//638 398//639
f 1354//632 1355//634 398//639 397//640
f 1353//633 1354//632 397//640 396//641
f 311//410 1353//633 396//641 29//412
f 310//409 1350//629 1353//633 311//410
f 309//408 1347//626 1350//629 310//409
f 1356//642 1357//643 1360//644 1359//645
f 1357//643 1358//646 1361//647 1360//644
f 1359//645 1360//644 1363//648 1362//649
f 1360//644 1361//647 1364//650 1363//648
f 52//606 392//625 1356//642 393//635
f 392//625 391//624 1357//643 1356//642
f 391//624 390//623 1358//646 1357//643
f 390//623 40//622 399//651 1358//646
f 1358//646 399//651 400//652 1361//647
f 1361//647 400//652 401//653 1364//650
f 1364//650 401//653 41//654 402//655
f 1363//648 1364//650 402//655 403//656
f 1362//649 1363//648 403//656 404//657
f 395//637 1362//649 404//657 53//638
f 394//636 1359//645 1362//649 395//637
f 393//635 1356//642 1359//645 394//636
f 1365//658 1366//659 1369//660 1368//661
f 1366//659 1367//662 1370//663 1369//660
f 1368//661 1369//660 1372//664 1371//665
f 1369//660 1370//663 1373//666 1372//664
f 29//412 396//641 1365//658 315//424
f 396//641 397//640 1366//659 1365//658
f 397//640 398//639 1367//662 1366//659
f 398//639 53//638 405//667 1367//662
f 1367//662 405//667 406//668 1370//663
f 1370//663 406//668 407//669 1373//666
f 1373//666 407//669 54//670 410//671
f 1372//664 1373//666 410//671 409//672
f 1371//665 1372//664 409//672 408//673
f 317//426 1371//665 408//673 30//428
f 316//425 1368//661 1371//665 317//426
f 315//424 1365//658 1368//661 316//425
f 1374//674 1375//675 1378//676 1377//677
f 1375//675 1376//678 1379//679 1378//676
f 1377//677 1378//676 1381//680 1380//681
f 1378//676 1379//679 1382//682 1381//680
f 53//638 404//657 1374//674 405//667
f 404//657 403//656 1375//675 1374//674
f 403//656 402//655 1376//678 1375//675
f 402//655 41//654 411//683 1376//678
f 1376//678 411//683 412//684 1379//679
f 1379//679 412//684 413//685 1382//682
f 1382//682 413//685 42//686 414//687
f 1381//680 1382//682 414//687 415//688
f 1380//681 1381//680 415//688 416//689
f 407//669 1380//681 416//689 54//670
f 406//668 1377//677 1380//681 407//669
f 405//667 1374//674 1377//677 406//668
f 1383//690 1384//691 1387//692 1386//693
f 1384//691 1385//694 1388//695 1387//692
f 1386//693 1387//692 1390//696 1389//697
f 1387//692 1388//695 1391//698 1390//696
f 30//428 408//673 1383//690 321//440
f 408//673 409//672 1384//691 1383//690
f 409//672 410//671 1385//694 1384//691
f 410//671 54//670 417//699 1385//694
f 1385//694 417//699 418//700 1388//695
f 1388//695 418//700 419//701 1391//698
f 1391//698 419//701 55//702 422//703
f 1390//696 1391//698 422//703 421//704
f 1389//697 1390//696 421//704 420//705
f 323//442 1389//697 420//705 31//444
f 322//441 1386//693 1389//697 323//442
f 321//440 1383//690 1386//693 322//441
f 1392//706 1393//707 1396//708 1395//709
f 1393//707 1394//710 1397//711 1396//708
f 1395//709 1396//708 1399//712 1398//713
f 1396//708 1397//711 1400//714 1399//712
f 54//670 416//689 1392//706 417//699
f 416//689 415//688 1393//707 1392//706
f 415//688 414//687 1394//710 1393//707
f 414//687 42//686 423//715 1394//710
f 1394//710 423//715 424//716 1397//711
f 1397//711 424//716 425//717 1400//714
f 1400//714 425//717 43//718 426//719
f 1399//712 1400//714 426//719 427//720
f 1398//713 1399//712 427//720 428//721
f 419//701 1398//713 428//721 55//702
f 418//700 1395//709 1398//713 419//701
f 417//699 1392//706 1395//709 418//700
f 1401//722 1402//723 1405//724 1404//725
f 1402//723 1403//726 1406//727 1405//724
f 1404//725 1405//724 1408//728 1407//729
f 1405//724 1406//727 1409//730 1408//728
f 31//444 420//705 1401//722 327//456
f 420//705 421//704 1402//723 1401//722
f 421//704 422//703 1403//726 1402//723
f 422//703 55//702 429//731 1403//726
f 1403//726 429//731 430//732 1406//727
f 1406//727 430//732 431//733 1409//730
f 1409//730 431//733 56//734 434//735
f 1408//728 1409//730 434//735 433//736
f 1407//729 1408//728 433//736 432//737
f 329//458 1407//729 432//737 32//460
f 328//457 1404//725 1407//729 329//458
f 327//456 1401//722 1404//725 328//457
f 1410//738 1411//739 1414//740 1413//741
f 1411//739 1412//742 1415//743 1414//740
f 1413//741 1414//740 1417//744 1416//745
f 1414//740 1415//743 1418//746 1417//744
f 55//702 428//721 1410//738 429//731
f 428//721 427//720 1411//739 1410//738
f 427//720 426//719 1412//742 1411//739
f 426//719 43//718 435//747 1412//742
f 1412//742 435//747 436//748 1415//743
f 1415//743 436//748 437//749 1418//746
f 1418//746 437//749 44//750 438//751
f 1417//744 1418//746 438//751 439//752
f 1416//745 1417//744 439//752 440//753
f 431//733 1416//745 440//753 56//734
f 430//732 1413//741 1416//745 431//733
f 429//731 1410//738 1413//741 430//732
f 1419//754 1420//755 1423//756 1422//757
f 1420//755 1421//758 1424//759 1423//756
f 1422//757 1423//756 1426//760 1425//761
f 1423//756 1424//759 1427//762 1426//760
f 32//460 432//737 1419//754 333//472
f 432//737 433//736 1420//755 1419//754
f 433//736 434//735 1421//758 1420//755
f 434//735 56//734 441//763 1421//758
f 1421//758 441//763 442//764 1424//759
f 1424//759 442//764 443//765 1427//762
f 1427//762 443//765 57//766 446//767
f 1426//760 1427//762 446//767 445//768
f 1425//761 1426//760 445//768 444//769
f 335//474 1425//761 444//769 33//476
f 334//473 1422//757 1425//761 335//474
f 333//472 1419//754 1422//757 334//473
f 1428//770 1429//771 1432//772 1431//773
f 1429//771 1430//774 1433//775 1432//772
f 1431//773 1432//772 1435//776 1434//777
f 1432//772 1433//775 1436//778 1435//776
f 56//734 440//753 1428//770 441//763
f 440//753 439//752 1429//771 1428//770
f 439//752 438//751 1430//774 1429//771
f 438//751 44//750 447//779 1430//774
f 1430//774 447//779 448//780 1433//775
f 1433//775 448//780 449//781 1436//778
f 1436//778 449//781 45//782 450//783
f 1435//776 1436//778 450//783 451//784
f 1434//777 1435//776 451//784 452//785
f 443//765 1434//777 452//785 57//766
f 442//764 1431//773 1434//777 443//765
f 441//763 1428//770 1431//773 442//764
f 1437//786 1438//787 1441//788 1440//789
f 1438//787 1439//790 1442//791 1441//788
f 1440//789 1441//788 1444//792 1443//793
f 1441//788 1442//791 1445//794 1444//792
f 33//476 444//769 1437//786 339//488
f 444//769 445//768 1438//787 1437//786
f 445//768 446//767 1439//790 1438//787
f 446//767 57//766 453//795 1439//790
f 1439//790 453//795 454//796 1442//791
f 1442//791 454//796 455//797 1445//794
f 1445//794 455//797 58//798 458//799
f 1444//792 1445//794 458//799 457//800
f 1443//793 1444//792 457//800 456//801
f 341//490 1443//793 456//801 34//492
f 340//489 1440//789 1443//793 341//490
f 339//488 1437//786 1440//789 340//489
f 1446//802 1447//803 1450//804 1449//805
f 1447//803 1448//806 1451//807 1450//804
f 1449//805 1450//804 1453//808 1452//809
f 1450//804 1451//807 1454//810 1453//808
f 57//766 452//785 1446//802 453//795
f 452//785 451//784 1447//803 1446//802
f 451//784 450//783 1448//806 1447//803
f 450//783 45//782 459//811 1448//806
f 1448//806 459//811 460//812 1451//807
f 1451//807 460//812 461//813 1454//810
f 1454//810 461//813 46//814 462//815
f 1453//808 1454//810 462//815 463//816
f 1452//809 1453//808 463//816 464//817
f 455//797 1452//809 464//817 58//798
f 454//796 1449//805 1452//809 455//797
f 453//795 1446//802 1449//805 454//796
f 1455//818 1456//819 1459//820 1458//821
f 1456//819 1457//822 1460//823 1459//820
f 1458//821 1459//820 1462//824 1461//825
f 1459//820 1460//823 1463//826 1462//824
f 34//492 456//801 1455//818 345//504
f 456//801 457//800 1456//819 1455//818
f 457//800 458//799 1457//822 1456//819
f 458//799 58//798 465//827 1457//822
f 1457//822 465//827 466//828 1460//823
f 1460//823 466//828 467//829 1463//826
f 1463//826 467//829 59//830 470//831
f 1462//824 1463//826 470//831 469//832
f 1461//825 1462//824 469//832 468//833
f 347//506 1461//825 468//833 35//508
f 346//505 1458//821 1461//825 347//506
f 345//504 1455//818 1458//821 346//505
f 1464//834 1465//835 1468//836 1467//837
f 1465//835 1466//838 1469//839 1468//836
f 1467//837 1468//836 1471//840 1470//841
f 1468//836 1469//839 1472//842 1471//840
f 58//798 464//817 1464//834 465//827
f 464//817 463//816 1465//835 1464//834
f 463//816 462//815 1466//838 1465//835
f 462//815 46//814 471//843 1466//838
f 1466//838 471//843 472//844 1469//839
f 1469//839 472//844 473//845 1472//842
f 1472//842 473//845 47//846 474//847
f 1471//840 1472//842 474//847 475//848
f 1470//841 1471//840 475//848 476//849
f 467//829 1470//841 476//849 59//830
f 466//828 1467//837 1470//841 467//829
f 465//827 1464//834 1467//837 466//828
f 1473//850 1474//851 1477//852 1476//853
f 1474//851 1475//854 1478//855 1477//852
f 1476//853 1477//852 1480//856 1479//857
f 1477//852 1478//855 1481//858 1480//856
f 35//508 468//833 1473//850 351//520
f 468//833 469//832 1474//851 1473//850
f 469//832 470//831 1475//854 1474//851
f 470//831 59//830 477//859 1475//854
f 1475//854 477//859 478//860 1478//855
f 1478//855 478//860 479//861 1481//858
f 1481//858 479//861 60//862 482//863
f 1480//856 1481//858 482//863 481//864
f 1479//857 1480//856 481//864 480//865
f 353//522 1479//857 480//865 36//524
f 352//521 1476//853 1479//857 353//522
f 351//520 1473//850 1476//853 352//521
f 1482//866 1483//867 1486//868 1485//869
f 1483//867 1484//870 1487//871 1486//868
f 1485//869 1486//868 1489//872 1488//873
f 1486//868 1487//871 1490//874 1489//872
f 59//830 476//849 1482//866 477//859
f 476//849 475//848 1483//867 1482//866
f 475//848 474//847 1484//870 1483//867
f 474//847 47//846 483//875 1484//870
f 1484//870 483//875 484//876 1487//871
f 1487//871 484//876 485//877 1490//874
f 1490//874 485//877 48//878 486//879
f 1489//872 1490//874 486//879 487//880
f 1488//873 1489//872 487//880 488//881
f 479//861 1488//873 488//881 60//862
f 478//860 1485//869 1488//873 479//861
f 477//859 1482//866 1485//869 478//860
f 1491//882 1492//883 1495//884 1494//885
f 1492//883 1493//886 1496//887 1495//884
f 1494//885 1495//884 1498//888 1497//889
f 1495//884 1496//887 1499//890 1498//888
f 36//524 480//865 1491//882 357//536
f 480//865 481//864 1492//883 1491//882
f 481//864 482//863 1493//886 1492//883
f 482//863 60//862 489//891 1493//886
f 1493//886 489//891 490//892 1496//887
f 1496//887 490//892 491//893 1499//890
f 1499//890 491//893 61//894 494//895
f 1498//888 1499//890 494//895 493//896
f 1497//889 1498//888 493//896 492//897
f 359//538 1497//889 492//897 37//540
f 358//537 1494//885 1497//889 359//538
f 357//536 1491//882 1494//885 358//537
f 1500//898 1501//899 1504//900 1503//901
f 1501//899 1502//902 1505//903 1504//900
f 1503//901 1504//900 1507//904 1506//905
f 1504//900 1505//903 1508//906 1507//904
f 60//862 488//881 1500//898 489//891
f 488//881 487//880 1501//899 1500//898
f 487//880 486//879 1502//902 1501//899
f 486//879 48//878 495//907 1502//902
f 1502//902 495//907 496//908 1505//903
f 1505//903 496//908 497//909 1508//906
f 1508//906 497//909 49//910 498//911
f 1507//904 1508//906 498//911 499//912
f 1506//905 1507//904 499//912 500//913
f 491//893 1506//905 500//913 61//894
f 490//892 1503//901 1506//905 491//893
f 489//891 1500//898 1503//901 490//892
f 1509//914 1510//915 1513//916 1512//917
f 1510//915 1511//918 1514//919 1513//916
f 1512//917 1513//916 1516//920 1515//921
f 1513//916 1514//919 1517//922 1516//920
f 37//540 492//897 1509//914 362//551
f 492//897 493//896 1510//915 1509//914
f 493//896 494//895 1511//918 1510//915
f 494//895 61//894 503//923 1511//918
f 1511//918 503//923 502//924 1514//919
f 1514//919 502//924 501//925 1517//922
f 1517//922 501//925 50//566 365//565
f 1516//920 1517//922 365//565 364//564
f 1515//921 1516//920 364//564 363//563
f 360//553 1515//921 363//563 26//375
f 361//552 1512//917 1515//921 360//553
f 362//551 1509//914 1512//917 361//552
f 1518//926 1519//927 1522//928 1521//929
f 1519//927 1520//930 1523//931 1522//928
f 1521//929 1522//928 1525//932 1524//933
f 1522//928 1523//931 1526//934 1525//932
f 61//894 500//913 1518//926 503//923
f 500//913 499//912 1519//927 1518//926
f 499//912 498//911 1520//930 1519//927
f 498//911 49//910 506//935 1520//930
f 1520//930 506//935 505//936 1523//931
f 1523//931 505//936 504//937 1526//934
f 1526//934 504//937 38//586 372//585
f 1525//932 1526//934 372//585 373//584
f 1524//933 1525//932 373//584 374//583
f 501//925 1524//933 374//583 50//566
f 502//924 1521//929 1524//933 501//925
f 503//923 1518//926 1521//929 502//924
f 1527//938 1528//939 1531//940 1530//941
f 1528//939 1529//942 1532//943 1531//940
f 1530//941 1531//940 1534//944 1533//945
f 1531//940 1532//943 1535//946 1534//944
f 39//590 377//589 1527//938 507//947
f 377//589 376//588 1528//939 1527//938
f 376//588 375//587 1529//942 1528//939
f 375//587 38//586 510//948 1529//942
f 1529//942 510//948 511//949 1532//943
f 1532//943 511//949 512//950 1535//946
f 1535//946 512//950 62//951 513//952
f 1534//944 1535//946 513//952 514//953
f 1533//945 1534//944 514//953 515//954
f 509//955 1533//945 515//954 63//956
f 508//957 1530//941 1533//945 509//955
f 507//947 1527//938 1530//941 508//957
f 1536//958 1537//959 1540//960 1539//961
f 1537//959 1538//962 1541//963 1540//960
f 1539//961 1540//960 1543//964 1542//965
f 1540//960 1541//963 1544//966 1543//964
f 40//622 389//621 1536//958 516//967
f 389//621 388//620 1537//959 1536//958
f 388//620 387//619 1538//962 1537//959
f 387//619 39//590 507//947 1538//962
f 1538//962 507//947 508//957 1541//963
f 1541//963 508//957 509//955 1544//966
f 1544//966 509//955 63//956 519//968
f 1543//964 1544//966 519//968 520//969
f 1542//965 1543//964 520//969 521//970
f 518//971 1542//965 521//970 64//972
f 517//973 1539//961 1542//965 518//971
f 516//967 1536//958 1539//961 517//973
f 1545//974 1546//975 1549//976 1548//977
f 1546//975 1547//978 1550//979 1549//976
f 1548//977 1549//976 1552//980 1551//981
f 1549//976 1550//979 1553//982 1552//980
f 41//654 401//653 1545//974 522//983
f 401//653 400//652 1546//975 1545//974
f 400//652 399//651 1547//978 1546//975
f 399//651 40//622 516//967 1547//978
f 1547//978 516//967 517//973 1550//979
f 1550//979 517//973 518//971 1553//982
f 1553//982 518//971 64//972 525//984
f 1552//980 1553//982 525//984 526//985
f 1551//981 1552//980 526//985 527//986
f 524//987 1551//981 527//986 65//988
f 523//989 1548//977 1551//981 524//987
f 522//983 1545//974 1548//977 523//989
f 1554//990 1555//991 1558//992 1557//993
f 1555//991 1556//994 1559//995 1558//992
f 1557//993 1558//992 1561//996 1560//997
f 1558//992 1559//995 1562//998 1561//996
f 42//686 413//685 1554//990 528//999
f 413//685 412//684 1555//991 1554//990
f 412//684 411//683 1556//994 1555//991
f 411//683 41//654 522//983 1556//994
f 1556//994 522//983 523//989 1559//995
f 1559//995 523//989 524//987 1562//998
f 1562//998 524//987 65//988 531//1000
f 1561//996 1562//998 531//1000 532//1001
f 1560//997 1561//996 532//1001 533//1002
f 530//1003 1560//997 533//1002 66//1004
f 529//1005 1557//993 1560//997 530//1003
f 528//999 1554//990 1557//993 529//1005
f 1563//1006 1564//1007 1567//1008 1566//1009
f 1564//1007 1565//1010 1568//1011 1567//1008
f 1566//1009 1567//1008 1570//1012 1569//1013
f 1567//1008 1568//1011 1571//1014 1570//1012
f 43//718 425//717 1563//1006 534//1015
f 425//717 424//716 1564//1007 1563//1006
f 424//716 423//715 1565//1010 1564//1007
f 423//715 42//686 528//999 1565//1010
f 1565//1010 528//999 529//1005 1568//1011
f 1568//1011 529//1005 530//1003 1571//1014
f 1571//1014 530//1003 66//1004 537//1016
f 1570//1012 1571//1014 537//1016 538//1017
f 1569//1013 1570//1012 538//1017 539//1018
f 536//1019 1569//1013 539//1018 67//1020
f 535//1021 1566//1009 1569//1013 536//1019
f 534//1015 1563//1006 1566//1009 535//1021
f 1572//1022 1573//1023 1576//1024 1575//1025
f 1573//1023 1574//1026 1577//1027 1576//1024
f 1575//1025 1576//1024 1579//1028 1578//1029
f 1576//1024 1577//1027 1580//1030 1579//1028
f 44//750 437//749 1572//1022 540//1031
f 437//749 436//748 1573//1023 1572//1022
f 436//748 435//747 1574//1026 1573//1023
f 435//747 43//718 534//1015 1574//1026
f 1574//1026 534//1015 535//1021 1577//1027
f 1577//1027 535//1021 536//1019 1580//1030
f 1580//1030 536//1019 67//1020 543//1032
f 1579//1028 1580//1030 543//1032 544//1033
f 1578//1029 1579//1028 544//1033 545//1034
f 542//1035 1578//1029 545//1034 68//1036
f 541//1037 1575//1025 1578//1029 542//1035
f 540//1031 1572//1022 1575//1025 541//1037
f 1581//1038 1582//1039 1585//1040 1584//1041
f 1582//1039 1583//1042 1586//1043 1585//1040
f 1584//1041 1585//1040 1588//1044 1587//1045
f 1585//1040 1586//1043 1589//1046 1588//1044
f 45//782 449//781 1581//1038 546//1047
f 449//781 448//780 1582//1039 1581//1038
f 448//780 447//779 1583//1042 1582//1039
f 447//779 44//750 540//1031 1583//1042
f 1583//1042 540//1031 541//1037 1586//1043
f 1586//1043 541//1037 542//1035 1589//1046
f 1589//1046 542//1035 68//1036 549//1048
f 1588//1044 1589//1046 549//1048 550//1049
f 1587//1045 1588//1044 550//1049 551//1050
f 548//1051 1587//1045 551//1050 69//1052
f 547//1053 1584//1041 1587//1045 548//1051
f 546//1047 1581//1038 1584//1041 547//1053
f 1590//1054 1591//1055 1594//1056 1593//1057
f 1591//1055 1592//1058 1595//1059 1594//1056
f 1593//1057 1594//1056 1597//1060 1596//1061
f 1594//1056 1595//1059 1598//1062 1597//1060
f 46//814 461//813 1590//1054 552//1063
f 461//813 460//812 1591//1055 1590//1054
f 460//812 459//811 1592//1058 1591//1055
f 459//811 45//782 546//1047 1592//1058
f 1592//1058 546//1047 547//1053 1595//1059
f 1595//1059 547//1053 548//1051 1598//1062
f 1598//1062 548//1051 69//1052 555//1064
f 1597//1060 1598//1062 555//1064 556//1065
f 1596//1061 1597//1060 556//1065 557//1066
f 554//1067 1596//1061 557//1066 70//1068
f 553//1069 1593//1057 1596//1061 554//1067
f 552//1063 1590//1054 1593//1057 553//1069
f 1599//1070 1600//1071 1603//1072 1602//1073
f 1600//1071 1601//1074 1604//1075 1603//1072
f 1602//1073 1603//1072 1606//1076 1605//1077
f 1603//1072 1604//1075 1607//1078 1606//1076
f 47//846 473//845 1599//1070 558//1079
f 473//845 472//844 1600//1071 1599//1070
f 472//844 471//843 1601//1074 1600//1071
f 471//843 46//814 552//1063 1601//1074
f 1601//1074 552//1063 553//1069 1604//1075
f 1604//1075 553//1069 554//1067 1607//1078
f 1607//1078 554//1067 70//1068 561//1080
f 1606//1076 1607//1078 561//1080 562//1081
f 1605//1077 1606//1076 562//1081 563//1082
f 560//1083 1605//1077 563//1082 71//1084
f 559//1085 1602//1073 1605//1077 560//1083
f 558//1079 1599//1070 1602//1073 559//1085
f 1608//1086 1609//1087 1612//1088 1611//1089
f 1609//1087 1610//1090 1613//1091 1612//1088
f 1611//1089 1612//1088 1615//1092 1614//1093
f 1612//1088 1613//1091 1616//1094 1615//1092
f 48//878 485//877 1608//1086 564//1095
f 485//877 484//876 1609//1087 1608//1086
f 484//876 483//875 1610//1090 1609//1087
f 483//875 47//846 558//1079 1610//1090
f 1610//1090 558//1079 559//1085 1613//1091
f 1613//1091 559//1085 560//1083 1616//1094
f 1616//1094 560//1083 71//1084 567//1096
f 1615//1092 1616//1094 567//1096 568//1097
f 1614//1093 1615//1092 568//1097 569//1098
f 566//1099 1614//1093 569//1098 72//1100
f 565//1101 1611//1089 1614//1093 566//1099
f 564//1095 1608//1086 1611//1089 565//1101
f 1617//1102 1618//1103 1621//1104 1620//1105
f 1618//1103 1619//1106 1622//1107 1621//1104
f 1620//1105 1621//1104 1624//1108 1623//1109
f 1621//1104 1622//1107 1625//1110 1624//1108
f 49//910 497//909 1617//1102 570//1111
f 497//909 496//908 1618//1103 1617//1102
f 496//908 495//907 1619//1106 1618//1103
f 495//907 48//878 564//1095 1619//1106
f 1619//1106 564//1095 565//1101 1622//1107
f 1622//1107 565//1101 566//1099 1625//1110
f 1625//1110 566//1099 72//1100 573//1112
f 1624//1108 1625//1110 573//1112 574//1113
f 1623//1109 1624//1108 574//1113 575//1114
f 572//1115 1623//1109 575//1114 73//1116
f 571//1117 1620//1105 1623//1109 572//1115
f 570//1111 1617//1102 1620//1105 571//1117
f 1626//1118 1627//1119 1630//1120 1629//1121
f 1627//1119 1628//1122 1631//1123 1630//1120
f 1629//1121 1630//1120 1633//1124 1632//1125
f 1630//1120 1631//1123 1634//1126 1633//1124
f 38//586 504//937 1626//1118 510//948
f 504//937 505//936 1627//1119 1626//1118
f 505//936 506//935 1628//1122 1627//1119
f 506//935 49//910 570//1111 1628//1122
f 1628//1122 570//1111 571//1117 1631//1123
f 1631//1123 571//1117 572//1115 1634//1126
f 1634//1126 572//1115 73//1116 578//1127
f 1633//1124 1634//1126 578//1127 577//1128
f 1632//1125 1633//1124 577//1128 576//1129
f 512//950 1632//1125 576//1129 62//951
f 511//949 1629//1121 1632//1125 512//950
f 510//948 1626//1118 1629//1121 511//949
f 1635//1130 1636//1131 1639//1132 1638//1133
f 1636//1131 1637//1134 1640//1135 1639//1132
f 1638//1133 1639//1132 1642//1136 1641//1137
f 1639//1132 1640//1135 1643//1138 1642//1136
f 63//956 515//954 1635//1130 579//1139
f 515//954 514//953 1636//1131 1635//1130
f 514//953 513//952 1637//1134 1636//1131
f 513//952 62//951 582//1140 1637//1134
f 1637//1134 582//1140 583//1141 1640//1135
f 1640//1135 583//1141 584//1142 1643//1138
f 1643//1138 584//1142 75//1143 587//1144
f 1642//1136 1643//1138 587//1144 586//1145
f 1641//1137 1642//1136 586//1145 585//1146
f 581//1147 1641//1137 585//1146 74//1148
f 580//1149 1638//1133 1641//1137 581//1147
f 579//1139 1635//1130 1638//1133 580//1149
f 1644//1150 1645//1151 1648//1152 1647//1153
f 1645//1151 1646//1154 1649//1155 1648//1152
f 1647//1153 1648//1152 1651//1156 1650//1157
f 1648//1152 1649//1155 1652//1158 1651//1156
f 64//972 521//970 1644//1150 588//1159
f 521//970 520//969 1645//1151 1644//1150
f 520//969 519//968 1646//1154 1645//1151
f 519//968 63//956 579//1139 1646//1154
f 1646//1154 579//1139 580//1149 1649//1155
f 1649//1155 580//1149 581//1147 1652//1158
f 1652//1158 581//1147 74//1148 591//1160
f 1651//1156 1652//1158 591//1160 592//1161
f 1650//1157 1651//1156 592//1161 593//1162
f 590//1163 1650//1157 593//1162 76//1164
f 589//1165 1647//1153 1650//1157 590//1163
f 588//1159 1644//1150 1647//1153 589//1165
f 1653//1166 1654//1167 1657//1168 1656//1169
f 1654//1167 1655//1170 1658//1171 1657//1168
f 1656//1169 1657//1168 1660//1172 1659//1173
f 1657//1168 1658//1171 1661//1174 1660//1172
f 65//988 527//986 1653//1166 594//1175
f 527//986 526//985 1654//1167 1653//1166
f 526//985 525//984 1655//1170 1654//1167
f 525//984 64//972 588//1159 1655//1170
f 1655//1170 588//1159 589//1165 1658//1171
f 1658//1171 589//1165 590//1163 1661//1174
f 1661//1174 590//1163 76//1164 597//1176
f 1660//1172 1661//1174 597//1176 598//1177
f 1659//1173 1660//1172 598//1177 599//1178
f 596//1179 1659//1173 599//1178 77//1180
f 595//1181 1656//1169 1659//1173 596//1179
f 594//1175 1653//1166 1656//1169 595//1181
f 1662//1182 1663//1183 1666//1184 1665//1185
f 1663//1183 1664//1186 1667//1187 1666//1184
f 1665//1185 1666//1184 1669//1188 1668//1189
f 1666//1184 1667//1187 1670//1190 1669//1188
f 66//1004 533//1002 1662//1182 600//1191
f 533//1002 532//1001 1663//1183 1662//1182
f 532//1001 531//1000 1664//1186 1663//1183
f 531//1000 65//988 594//1175 1664//1186
f 1664//1186 594//1175 595//1181 1667//1187
f 1667//1187 595//1181 596//1179 1670//1190
f 1670//1190 596//1179 77//1180 603//1192
f 1669//1188 1670//1190 603//1192 604//1193
f 1668//1189 1669//1188 604//1193 605//1194
f 602//1195 1668//1189 605//1194 78//1196
f 601//1197 1665//1185 1668//1189 602//1195
f 600//1191 1662//1182 1665//1185 601//1197
f 1671//1198 1672//1199 1675//1200 1674//1201
f 1672//1199 1673//1202 1676//1203 1675//1200
f 1674//1201 1675//1200 1678//1204 1677//1205
f 1675//1200 1676//1203 1679//1206 1678//1204
f 67//1020 539//1018 1671//1198 606//1207
f 539//1018 538//1017 1672//1199 1671//1198
f 538//1017 537//1016 1673//1202 1672//1199
f 537//1016 66//1004 600//1191 1673//1202
f 1673//1202 600//1191 601//1197 1676//1203
f 1676//1203 601//1197 602//1195 1679//1206
f 1679//1206 602//1195 78//1196 609//1208
f 1678//1204 1679//1206 609//1208 610//1209
f 1677//1205 1678//1204 610//1209 611//1210
f 608//1211 1677//1205 611//1210 79//1212
f 607//1213 1674//1201 1677//1205 608//1211
f 606//1207 1671//1198 1674//1201 607//1213
f 1680//1214 1681//1215 1684//1216 1683//1217
f 1681//1215 1682//1218 1685//1219 1684//1216
f 1683//1217 1684//1216 1687//1220 1686//1221
f 1684//1216 1685//1219 1688//1222 1687//1220
f 68//1036 545//1034 1680//1214 612//1223
f 545//1034 544//1033 1681//1215 1680//1214
f 544//1033 543//1032 1682//1218 1681//1215
f 543//1032 67//1020 606//1207 1682//1218
f 1682//1218 606//1207 607//1213 1685//1219
f 1685//1219 607//1213 608//1211 1688//1222
f 1688//1222 608//1211 79//1212 615//1224
f 1687//1220 1688//1222 615//1224 616//1225
f 1686//1221 1687//1220 616//1225 617//1226
f 614//1227 1686//1221 617//1226 80//1228
f 613//1229 1683//1217 1686//1221 614//1227
f 612//1223 1680//1214 1683//1217 613//1229
f 1689//1230 1690//1231 1693//1232 1692//1233
f 1690//1231 1691//1234 1694//1235 1693//1232
f 1692//1233 1693//1232 1696//1236 1695//1237
f 1693//1232 1694//1235 1697//1238 1696//1236
f 69//1052 551//1050 1689//1230 618//1239
f 551//1050 550//1049 1690//1231 1689//1230
f 550//1049 549//1048 1691//1234 1690//1231
f 549//1048 68//1036 612//1223 1691//1234
f 1691//1234 612//1223 613//1229 1694//1235
f 1694//1235 613//1229 614//1227 1697//1238
f 1697//1238 614//1227 80//1228 621//1240
f 1696//1236 1697//1238 621//1240 622//1241
f 1695//1237 1696//1236 622//1241 623//1242
f 620//1243 1695//1237 623//1242 81//1244
f 619//1245 1692//1233 1695//1237 620//1243
f 618//1239 1689//1230 1692//1233 619//1245
f 1698//1246 1699//1247 1702//1248 1701//1249
f 1699//1247 1700//1250 1703//1251 1702//1248
f 1701//1249 1702//1248 1705//1252 1704//1253
f 1702//1248 1703//1251 1706//1254 1705//1252
f 70//1068 557//1066 1698//1246 624//1255
f 557//1066 556//1065 1699//1247 1698//1246
f 556//1065 555//1064 1700//1250 1699//1247
f 555//1064 69//1052 618//1239 1700//1250
f 1700//1250 618//1239 619//1245 1703//1251
f 1703//1251 619//1245 620//1243 1706//1254
f 1706//1254 620//1243 81//1244 627//1256
f 1705//1252 1706//1254 627//1256 628//1257
f 1704//1253 1705//1252 628//1257 629//1258
f 626//1259 1704//1253 629//1258 82//1260
f 625//1261 1701//1249 1704//1253 626//1259
f 624//1255 1698//1246 1701//1249 625//1261
f 1707//1262 1708//1263 1711//1264 1710//1265
f 1708//1263 1709//1266 1712//1267 1711//1264
f 1710//1265 1711//1264 1714//1268 1713//1269
f 1711//1264 1712//1267 1715//1270 1714//1268
f 71//1084 563//1082 1707//1262 630//1271
f 563//1082 562//1081 1708//1263 1707//1262
f 562//1081 561//1080 1709//1266 1708//1263
f 561//1080 70//1068 624//1255 1709//1266
f 1709//1266 624//1255 625//1261 1712//1267
f 1712//1267 625//1261 626//1259 1715//1270
f 1715//1270 626//1259 82//1260 633//1272
f 1714//1268 1715//1270 633//1272 634//1273
f 1713//1269 1714//1268 634//1273 635//1274
f 632//1275 1713//1269 635//1274 83//1276
f 631//1277 1710//1265 1713//1269 632//1275
f 630//1271 1707//1262 1710//1265 631//1277
f 1716//1278 1717//1279 1720//1280 1719//1281
f 1717//1279 1718//1282 1721//1283 1720//1280
f 1719//1281 1720//1280 1723//1284 1722//1285
f 1720//1280 1721//1283 1724//1286 1723//1284
f 72//1100 569//1098 1716//1278 636//1287
f 569//1098 568//1097 1717//1279 1716//1278
f 568//1097 567//1096 1718//1282 1717//1279
f 567//1096 71//1084 630//1271 1718//1282
f 1718//1282 630//1271 631//1277 1721//1283
f 1721//1283 631//1277 632//1275 1724//1286
f 1724//1286 632//1275 83//1276 639//1288
f 1723//1284 1724//1286 639//1288 640//1289
f 1722//1285 1723//1284 640//1289 641//1290
f 638//1291 1722//1285 641//1290 84//1292
f 637//1293 1719//1281 1722//1285 638//1291
f 636//1287 1716//1278 1719//1281 637//1293
f 1725//1294 1726//1295 1729//1296 1728//1297
f 1726//1295 1727//1298 1730//1299 1729//1296
f 1728//1297 1729//1296 1732//1300 1731//1301
f 1729//1296 1730//1299 1733//1302 1732//1300
f 73//1116 575//1114 1725//1294 642//1303
f 575//1114 574//1113 1726//1295 1725//1294
f 574//1113 573//1112 1727//1298 1726//1295
f 573//1112 72//1100 636//1287 1727//1298
f 1727//1298 636//1287 637//1293 1730//1299
f 1730//1299 637//1293 638//1291 1733//1302
f 1733//1302 638//1291 84//1292 645//1304
f 1732//1300 1733//1302 645//1304 646//1305
f 1731//1301 1732//1300 646//1305 647//1306
f 644//1307 1731//1301 647//1306 85//1308
f 643//1309 1728//1297 1731//1301 644//1307
f 642//1303 1725//1294 1728//1297 643//1309
f 1734//1310 1735//1311 1738//1312 1737//1313
f 1735//1311 1736//1314 1739//1315 1738//1312
f 1737//1313 1738//1312 1741//1316 1740//1317
f 1738//1312 1739//1315 1742//1318 1741//1316
f 62//951 576//1129 1734//1310 582//1140
f 576//1129 577//1128 1735//1311 1734//1310
f 577//1128 578//1127 1736//1314 1735//1311
f 578//1127 73//1116 642//1303 1736//1314
f 1736//1314 642//1303 643//1309 1739//1315
f 1739//1315 643//1309 644//1307 1742//1318
f 1742//1318 644//1307 85//1308 650//1319
f 1741//1316 1742//1318 650//1319 649//1320
f 1740//1317 1741//1316 649//1320 648//1321
f 584//1142 1740//1317 648//1321 75//1143
f 583//1141 1737//1313 1740//1317 584//1142
f 582//1140 1734//1310 1737//1313 583//1141
f 1743//1322 1744//1323 1747//1323 1746//1322
f 1744//1323 1745//1324 1748//1324 1747//1323
f 1746//1322 1747//1323 1750//1323 1749//1322
f 1747//1323 1748//1324 1751//1324 1750//1323
f 87//1325 656//1322 1743//1322 651//1325
f 656//1322 655//1323 1744//1323 1743//1322
f 655//1323 654//1324 1745//1324 1744//1323
f 654//1324 86//1326 657//1326 1745//1324
f 1745//1324 657//1326 658//1326 1748//1324
f 1748//1324 658//1326 659//1326 1751//1324
f 1751//1324 659//1326 98//1327 660//1328
f 1750//1323 1751//1324 660//1328 661//1329
f 1749//1322 1750//1323 661//1329 662//1330
f 653//1325 1749//1322 662//1330 99//1331
f 652//1325 1746//1322 1749//1322 653//1325
f 651//1325 1743//1322 1746//1322 652//1325
f 1752//1332 1753//1333 1756//1333 1755//1332
f 1753//1333 1754//1334 1757//1334 1756//1333
f 1755//1332 1756//1333 1759//1333 1758//1332
f 1756//1333 1757//1334 1760//1334 1759//1333
f 88//1335 668//1332 1752//1332 663//1335
f 668//1332 667//1333 1753//1333 1752//1332
f 667//1333 666//1334 1754//1334 1753//1333
f 666//1334 87//1325 651//1325 1754//1334
f 1754//1334 651//1325 652//1325 1757//1334
f 1757//1334 652//1325 653//1325 1760//1334
f 1760//1334 653//1325 99//1331 669//1336
f 1759//1333 1760//1334 669//1336 670//1337
f 1758//1332 1759//1333 670//1337 671//1338
f 665//1335 1758//1332 671//1338 100//1339
f 664//1335 1755//1332 1758//1332 665//1335
f 663//1335 1752//1332 1755//1332 664//1335
f 1761//1340 1762//1341 1765//1341 1764//1340
f 1762//1341 1763//1342 1766//1342 1765//1341
f 1764//1340 1765//1341 1768//1341 1767//1340
f 1765//1341 1766//1342 1769//1342 1768//1341
f 89//1343 677//1340 1761//1340 672//1343
f 677//1340 676//1341 1762//1341 1761//1340
f 676//1341 675//1342 1763//1342 1762//1341
f 675//1342 88//1335 663//1335 1763//1342
f 1763//1342 663//1335 664//1335 1766//1342
f 1766//1342 664//1335 665//1335 1769//1342
f 1769//1342 665//1335 100//1339 678//1344
f 1768//1341 1769//1342 678//1344 679//1345
f 1767//1340 1768//1341 679//1345 680//1346
f 674//1343 1767//1340 680//1346 101//1347
f 673//1343 1764//1340 1767//1340 674//1343
f 672//1343 1761//1340 1764//1340 673//1343
f 1770//1348 1771//1349 1774//1349 1773//1348
f 1771//1349 1772//1350 1775//1350 1774//1349
f 1773//1348 1774//1349 1777//1349 1776//1348
f 1774//1349 1775//1350 1778//1350 1777//1349
f 90//1351 686//1348 1770//1348 681//1352
f 686//1348 685//1349 1771//1349 1770//1348
f 685//1349 684//1350 1772//1350 1771//1349
f 684//1350 89//1343 672//1343 1772//1350
f 1772//1350 672//1343 673//1343 1775//1350
f 1775//1350 673//1343 674//1343 1778//1350
f 1778//1350 674//1343 101//1347 687//1353
f 1777//1349 1778//1350 687//1353 688//1354
f 1776//1348 1777//1349 688//1354 689//1355
f 683//1356 1776//1348 689//1355 102//1357
f 682//1358 1773//1348 1776//1348 683//1356
f 681//1352 1770//1348 1773//1348 682//1358
f 1779//1359 1780//1360 1783//1361 1782//1362
f 1780//1360 1781//1363 1784//1364 1783//1361
f 1782//1362 1783//1361 1786//1365 1785//1366
f 1783//1361 1784//1364 1787//1367 1786//1365
f 91//1368 695//1369 1779//1359 690//1370
f 695//1369 694//1371 1780//1360 1779//1359
f 694//1371 693//1372 1781//1363 1780//1360
f 693//1372 90//1351 681//1352 1781//1363
f 1781//1363 681//1352 682//1358 1784//1364
f 1784//1364 682//1358 683//1356 1787//1367
f 1787//1367 683//1356 102//1357 696//1373
f 1786//1365 1787//1367 696//1373 697//1374
f 1785//1366 1786//1365 697//1374 698//1375
f 692//1376 1785//1366 698//1375 103//1377
f 691//1378 1782//1362 1785//1366 692//1376
f 690//1370 1779//1359 1782//1362 691//1378
f 1788//1379 1789//1380 1792//1381 1791//1382
f 1789//1380 1790//1383 1793//1384 1792//1381
f 1791//1382 1792//1381 1795//1385 1794//1386
f 1792//1381 1793//1384 1796//1387 1795//1385
f 92//1388 704//1389 1788//1379 699//1390
f 704//1389 703//1391 1789//1380 1788//1379
f 703//1391 702//1392 1790//1383 1789//1380
f 702//1392 91//1368 690//1370 1790//1383
f 1790//1383 690//1370 691//1378 1793//1384
f 1793//1384 691//1378 692//1376 1796//1387
f 1796//1387 692//1376 103//1377 705//1393
f 1795//1385 1796//1387 705//1393 706//1394
f 1794//1386 1795//1385 706//1394 707//1395
f 701//1396 1794//1386 707//1395 104//1397
f 700//1398 1791//1382 1794//1386 701//1396
f 699//1390 1788//1379 1791//1382 700//1398
f 1797//1399 1798//1400 1801//1401 1800//1402
f 1798//1400 1799//1403 1802//1404 1801//1401
f 1800//1402 1801//1401 1804//1405 1803//1406
f 1801//1401 1802//1404 1805//1407 1804//1405
f 93//1408 713//1409 1797//1399 708//1410
f 713//1409 712//1411 1798//1400 1797//1399
f 712//1411 711//1412 1799//1403 1798//1400
f 711//1412 92//1388 699//1390 1799//1403
f 1799//1403 699//1390 700//1398 1802//1404
f 1802//1404 700//1398 701//1396 1805//1407
f 1805//1407 701//1396 104//1397 714//1413
f 1804//1405 1805//1407 714//1413 715//1414
f 1803//1406 1804//1405 715//1414 716//1415
f 710//1416 1803//1406 716//1415 105//1417
f 709//1418 1800//1402 1803//1406 710//1416
f 708//1410 1797//1399 1800//1402 709//1418
f 1806//1419 1807//1420 1810//1421 1809//1422
f 1807//1420 1808//1423 1811//1424 1810//1421
f 1809//1422 1810//1421 1813//1425 1812//1426
f 1810//1421 1811//1424 1814//1427 1813//1425
f 94//1428 722//1429 1806//1419 717//1430
f 722//1429 721//1431 1807//1420 1806//1419
f 721//1431 720//1432 1808//1423 1807//1420
f 720//1432 93//1408 708//1410 1808//1423
f 1808//1423 708//1410 709//1418 1811//1424
f 1811//1424 709//1418 710//1416 1814//1427
f 1814//1427 710//1416 105//1417 723//1433
f 1813//1425 1814//1427 723//1433 724//1434
f 1812//1426 1813//1425 724//1434 725//1435
f 719//1436 1812//1426 725//1435 106//1437
f 718//1438 1809//1422 1812//1426 719//1436
f 717//1430 1806//1419 1809//1422 718//1438
f 1815//1439 1816//1440 1819//1441 1818//1442
f 1816//1440 1817//1443 1820//1444 1819//1441
f 1818//1442 1819//1441 1822//1445 1821//1446
f 1819//1441 1820//1444 1823//1447 1822//1445
f 95//1448 731//1449 1815//1439 726//1450
f 731//1449 730//1451 1816//1440 1815//1439
f 730//1451 729//1452 1817//1443 1816//1440
f 729//1452 94//1428 717//1430 1817//1443
f 1817//1443 717//1430 718//1438 1820//1444
f 1820//1444 718//1438 719//1436 1823//1447
f 1823//1447 719//1436 106//1437 732//1453
f 1822//1445 1823//1447 732//1453 733//1454
f 1821//1446 1822//1445 733//1454 734//1455
f 728//1456 1821//1446 734//1455 107//1457
f 727//1458 1818//1442 1821//1446 728//1456
f 726//1450 1815//1439 1818//1442 727//1458
f 1824//1459 1825//1460 1828//1461 1827//1462
f 1825//1460 1826//1463 1829//1464 1828//1461
f 1827//1462 1828//1461 1831//1465 1830//1466
f 1828//1461 1829//1464 1832//1467 1831//1465
f 96//1468 740//1469 1824//1459 735//1470
f 740//1469 739//1471 1825//1460 1824//1459
f 739//1471 738//1472 1826//1463 1825//1460
f 738//1472 95//1448 726//1450 1826//1463
f 1826//1463 726//1450 727//1458 1829//1464
f 1829//1464 727//1458 728//1456 1832//1467
f 1832//1467 728//1456 107//1457 741//1473
f 1831//1465 1832//1467 741//1473 742//1474
f 1830//1466 1831//1465 742//1474 743//1475
f 737//1476 1830//1466 743//1475 108//1477
f 736//1478 1827//1462 1830//1466 737//1476
f 735//1470 1824//1459 1827//1462 736//1478
f 1833//1479 1834//1480 1837//1481 1836//1482
f 1834//1480 1835//1483 1838//1484 1837//1481
f 1836//1482 1837//1481 1840//1485 1839//1486
f 1837//1481 1838//1484 1841//1487 1840//1485
f 97//1488 749//1489 1833//1479 744//1490
f 749//1489 748//1491 1834//1480 1833//1479
f 748//1491 747//1492 1835//1483 1834//1480
f 747//1492 96//1468 735//1470 1835//1483
f 1835//1483 735//1470 736//1478 1838//1484
f 1838//1484 736//1478 737//1476 1841//1487
f 1841//1487 737//1476 108//1477 750//1493
f 1840//1485 1841//1487 750//1493 751//1494
f 1839//1486 1840//1485 751//1494 752//1495
f 746//1496 1839//1486 752//1495 109//1497
f 745//1498 1836//1482 1839//1486 746//1496
f 744//1490 1833//1479 1836//1482 745//1498
f 1842//1499 1843//1499 1846//1500 1845//1500
f 1843//1499 1844//1499 1847//1500 1846//1500
f 1845//1500 1846//1500 1849//1501 1848//1501
f 1846//1500 1847//1500 1850//1501 1849//1501
f 98//1327 659//1326 1842//1499 753//1502
f 659//1326 658//1326 1843//1499 1842//1499
f 658//1326 657//1326 1844//1499 1843//1499
f 657//1326 86//1326 756//1499 1844//1499
f 1844//1499 756//1499 757//1500 1847//1500
f 1847//1500 757//1500 758//1501 1850//1501
f 1850//1501 758//1501 97//1488 744//1490
f 1849//1501 1850//1501 744//1490 745//1498
f 1848//1501 1849//1501 745//1498 746//1496
f 755//1503 1848//1501 746//1496 109//1497
f 754//1504 1845//1500 1848//1501 755//1503
f 753//1502 1842//1499 1845//1500 754//1504
f 1851//1505 1852//1506 1855//1507 1854//1508
f 1852//1506 1853//1509 1856//1510 1855//1507
f 1854//1508 1855//1507 1858//1511 1857//1512
f 1855//1507 1856//1510 1859//1513 1858//1511
f 99//1331 662//1330 1851//1505 759//1514
f 662//1330 661//1329 1852//1506 1851//1505
f 661//1329 660//1328 1853//1509 1852//1506
f 660//1328 98//1327 762//1515 1853//1509
f 1853//1509 762//1515 763//1516 1856//1510
f 1856//1510 763//1516 764//1517 1859//1513
f 1859//1513 764//1517 110//1518 765//1519
f 1858//1511 1859//1513 765//1519 766//1520
f 1857//1512 1858//1511 766//1520 767//1521
f 761//1522 1857//1512 767//1521 111//1523
f 760//1524 1854//1508 1857//1512 761//1522
f 759//1514 1851//1505 1854//1508 760//1524
f 1860//1525 1861//1526 1864//1527 1863//1528
f 1861//1526 1862//1529 1865//1530 1864//1527
f 1863//1528 1864//1527 1867//1531 1866//1532
f 1864//1527 1865//1530 1868//1533 1867//1531
f 100//1339 671//1338 1860//1525 768//1534
f 671//1338 670//1337 1861//1526 1860//1525
f 670//1337 669//1336 1862//1529 1861//1526
f 669//1336 99//1331 759//1514 1862//1529
f 1862//1529 759//1514 760//1524 1865//1530
f 1865//1530 760//1524 761//1522 1868//1533
f 1868//1533 761//1522 111//1523 771//1535
f 1867//1531 1868//1533 771//1535 772//1536
f 1866//1532 1867//1531 772//1536 773//1537
f 770//1538 1866//1532 773//1537 112//1539
f 769//1540 1863//1528 1866//1532 770//1538
f 768//1534 1860//1525 1863//1528 769//1540
f 1869//1541 1870//1542 1873//1543 1872//1544
f 1870//1542 1871//1545 1874//1546 1873//1543
f 1872//1544 1873//1543 1876//1547 1875//1548
f 1873//1543 1874//1546 1877//1549 1876//1547
f 101//1347 680//1346 1869//1541 774//1550
f 680//1346 679//1345 1870//1542 1869//1541
f 679//1345 678//1344 1871//1545 1870//1542
f 678//1344 100//1339 768//1534 1871//1545
f 1871//1545 768//1534 769//1540 1874//1546
f 1874//1546 769//1540 770//1538 1877//1549
f 1877//1549 770//1538 112//1539 777//1551
f 1876//1547 1877//1549 777//1551 778//1552
f 1875//1548 1876//1547 778//1552 779//1553
f 776//1554 1875//1548 779//1553 113//1555
f 775//1556 1872//1544 1875//1548 776//1554
f 774//1550 1869//1541 1872//1544 775//1556
f 1878//1557 1879//1558 1882//1559 1881//1560
f 1879//1558 1880//1561 1883//1562 1882//1559
f 1881//1560 1882//1559 1885//1563 1884//1564
f 1882//1559 1883//1562 1886//1565 1885//1563
f 102//1357 689//1355 1878//1557 780//1566
f 689//1355 688//1354 1879//1558 1878//1557
f 688//1354 687//1353 1880//1561 1879//1558
f 687//1353 101//1347 774//1550 1880//1561
f 1880//1561 774//1550 775//1556 1883//1562
f 1883//1562 775//1556 776//1554 1886//1565
f 1886//1565 776//1554 113//1555 783//1567
f 1885//1563 1886//1565 783//1567 784//1568
f 1884//1564 1885//1563 784//1568 785//1569
f 782//1570 1884//1564 785//1569 114//1571
f 781//1572 1881//1560 1884//1564 782//1570
f 780//1566 1878//1557 1881//1560 781//1572
f 1887//1573 1888//1574 1891//1575 1890//1576
f 1888//1574 1889//1577 1892//1578 1891//1575
f 1890//1576 1891//1575 1894//1579 1893//1580
f 1891//1575 1892//1578 1895//1581 1894//1579
f 103//1377 698//1375 1887//1573 786//1582
f 698//1375 697//1374 1888//1574 1887//1573
f 697//1374 696//1373 1889//1577 1888//1574
f 696//1373 102//1357 780//1566 1889//1577
f 1889//1577 780//1566 781//1572 1892//1578
f 1892//1578 781//1572 782//1570 1895//1581
f 1895//1581 782//1570 114//1571 789//1583
f 1894//1579 1895//1581 789//1583 790//1584
f 1893//1580 1894//1579 790//1584 791//1585
f 788//1586 1893//1580 791//1585 115//1587
f 787//1588 1890//1576 1893//1580 788//1586
f 786//1582 1887//1573 1890//1576 787//1588
f 1896//1589 1897//1590 1900//1591 1899//1592
f 1897//1590 1898//1593 1901//1594 1900//1591
f 1899//1592 1900//1591 1903//1595 1902//1596
f 1900//1591 1901//1594 1904//1597 1903//1595
f 109//1497 752//1495 1896//1589 792//1598
f 752//1495 751//1494 1897//1590 1896//1589
f 751//1494 750//1493 1898//1593 1897//1590
f 750//1493 108//1477 795//1599 1898//1593
f 1898//1593 795//1599 796//1600 1901//1594
f 1901//1594 796//1600 797//1601 1904//1597
f 1904//1597 797//1601 120//1602 798//1603
f 1903//1595 1904//1597 798//1603 799//1604
f 1902//1596 1903//1595 799//1604 800//1605
f 794//1606 1902//1596 800//1605 121//1607
f 793//1608 1899//1592 1902//1596 794//1606
f 792//1598 1896//1589 1899//1592 793//1608
f 1905//1609 1906//1610 1909//1611 1908//1612
f 1906//1610 1907//1613 1910//1614 1909//1611
f 1908//1612 1909//1611 1912//1615 1911//1616
f 1909//1611 1910//1614 1913//1617 1912//1615
f 109//1497 792//1598 1905//1609 755//1503
f 792//1598 793//1608 1906//1610 1905//1609
f 793//1608 794//1606 1907//1613 1906//1610
f 794//1606 121//1607 803//1618 1907//1613
f 1907//1613 803//1618 802//1619 1910//1614
f 1910//1614 802//1619 801//1620 1913//1617
f 1913//1617 801//1620 110//1518 764//1517
f 1912//1615 1913//1617 764//1517 763//1516
f 1911//1616 1912//1615 763//1516 762//1515
f 753//1502 1911//1616 762//1515 98//1327
f 754//1504 1908//1612 1911//1616 753//1502
f 755//1503 1905//1609 1908//1612 754//1504
f 1914//1621 1915//1622 1918//1623 1917//1624
f 1915//1622 1916//1625 1919//1626 1918//1623
f 1917//1624 1918//1623 1921//1627 1920//1628
f 1918//1623 1919//1626 1922//1629 1921//1627
f 120//1602 797//1601 1914//1621 804//1630
f 797//1601 796//1600 1915//1622 1914//1621
f 796//1600 795//1599 1916//1625 1915//1622
f 795//1599 108//1477 807//1631 1916//1625
f 1916//1625 807//1631 808//1632 1919//1626
f 1919//1626 808//1632 809//1633 1922//1629
f 1922//1629 809//1633 128//1634 812//1635
f 1921//1627 1922//1629 812//1635 811//1636
f 1920//1628 1921//1627 811//1636 810//1637
f 806//1638 1920//1628 810//1637 122//1639
f 805//1640 1917//1624 1920//1628 806//1638
f 804//1630 1914//1621 1917//1624 805//1640
f 1923//1641 1924//1642 1927//1643 1926//1644
f 1924//1642 1925//1645 1928//1646 1927//1643
f 1926//1644 1927//1643 1930//1647 1929//1648
f 1927//1643 1928//1646 1931//1649 1930//1647
f 119//1650 816//1651 1923//1641 813//1652
f 816//1651 817//1653 1924//1642 1923//1641
f 817//1653 818//1654 1925//1645 1924//1642
f 818//1654 120//1602 804//1630 1925//1645
f 1925//1645 804//1630 805//1640 1928//1646
f 1928//1646 805//1640 806//1638 1931//1649
f 1931//1649 806//1638 122//1639 819//1655
f 1930//1647 1931//1649 819//1655 820//1656
f 1929//1648 1930//1647 820//1656 821//1657
f 815//1658 1929//1648 821//1657 123//1659
f 814//1660 1926//1644 1929//1648 815//1658
f 813//1652 1923//1641 1926//1644 814//1660
f 1932//1661 1933//1662 1936//1663 1935//1664
f 1933//1662 1934//1665 1937//1666 1936//1663
f 1935//1664 1936//1663 1939//1667 1938//1668
f 1936//1663 1937//1666 1940//1669 1939//1667
f 118//1670 825//1671 1932//1661 822//1672
f 825//1671 826//1673 1933//1662 1932//1661
f 826//1673 827//1674 1934//1665 1933//1662
f 827//1674 119//1650 813//1652 1934//1665
f 1934//1665 813//1652 814//1660 1937//1666
f 1937//1666 814//1660 815//1658 1940//1669
f 1940//1669 815//1658 123//1659 828//1675
f 1939//1667 1940//1669 828//1675 829//1676
f 1938//1668 1939//1667 829//1676 830//1677
f 824//1678 1938//1668 830//1677 124//1679
f 823//1680 1935//1664 1938//1668 824//1678
f 822//1672 1932//1661 1935//1664 823//1680
f 1941//1681 1942//1682 1945//1683 1944//1684
f 1942//1682 1943//1685 1946//1686 1945//1683
f 1944//1684 1945//1683 1948//1687 1947//1688
f 1945//1683 1946//1686 1949//1689 1948//1687
f 117//1690 834//1691 1941//1681 831//1692
f 834//1691 835//1693 1942//1682 1941//1681
f 835//1693 836//1694 1943//1685 1942//1682
f 836//1694 118//1670 822//1672 1943//1685
f 1943//1685 822//1672 823//1680 1946//1686
f 1946//1686 823//1680 824//1678 1949//1689
f 1949//1689 824//1678 124//1679 837//1695
f 1948//1687 1949//1689 837//1695 838//1696
f 1947//1688 1948//1687 838//1696 839//1697
f 833//1698 1947//1688 839//1697 125//1699
f 832//1700 1944//1684 1947//1688 833//1698
f 831//1692 1941//1681 1944//1684 832//1700
f 1950//1701 1951//1702 1954//1703 1953//1704
f 1951//1702 1952//1705 1955//1706 1954//1703
f 1953//1704 1954//1703 1957//1707 1956//1708
f 1954//1703 1955//1706 1958//1709 1957//1707
f 116//1710 843//1711 1950//1701 840//1712
f 843//1711 844//1713 1951//1702 1950//1701
f 844//1713 845//1714 1952//1705 1951//1702
f 845//1714 117//1690 831//1692 1952//1705
f 1952//1705 831//1692 832//1700 1955//1706
f 1955//1706 832//1700 833//1698 1958//1709
f 1958//1709 833//1698 125//1699 846//1715
f 1957//1707 1958//1709 846//1715 847//1716
f 1956//1708 1957//1707 847//1716 848//1717
f 842//1718 1956//1708 848//1717 126//1719
f 841//1720 1953//1704 1956//1708 842//1718
f 840//1712 1950//1701 1953//1704 841//1720
f 1959//1721 1960//1722 1963//1723 1962//1724
f 1960//1722 1961//1725 1964//1726 1963//1723
f 1962//1724 1963//1723 1966//1727 1965//1728
f 1963//1723 1964//1726 1967//1729 1966//1727
f 115//1587 852//1730 1959//1721 849//1731
f 852//1730 853//1732 1960//1722 1959//1721
f 853//1732 854//1733 1961//1725 1960//1722
f 854//1733 116//1710 840//1712 1961//1725
f 1961//1725 840//1712 841//1720 1964//1726
f 1964//1726 841//1720 842//1718 1967//1729
f 1967//1729 842//1718 126//1719 855//1734
f 1966//1727 1967//1729 855//1734 856//1735
f 1965//1728 1966//1727 856//1735 857//1736
f 851//1737 1965//1728 857//1736 127//1738
f 850//1739 1962//1724 1965//1728 851//1737
f 849//1731 1959//1721 1962//1724 850//1739
f 1968//1740 1969//1741 1972//1742 1971//1743
f 1969//1741 1970//1744 1973//1745 1972//1742
f 1971//1743 1972//1742 1975//1746 1974//1747
f 1972//1742 1973//1745 1976//1748 1975//1746
f 103//1377 786//1582 1968//1740 858//1749
f 786//1582 787//1588 1969//1741 1968//1740
f 787//1588 788//1586 1970//1744 1969//1741
f 788//1586 115//1587 849//1731 1970//1744
f 1970//1744 849//1731 850//1739 1973//1745
f 1973//1745 850//1739 851//1737 1976//1748
f 1976//1748 851//1737 127//1738 861//1750
f 1975//1746 1976//1748 861//1750 862//1751
f 1974//1747 1975//1746 862//1751 863//1752
f 860//1753 1974//1747 863//1752 133//1754
f 859//1755 1971//1743 1974//1747 860//1753
f 858//1749 1968//1740 1971//1743 859//1755
f 1977//1756 1978//1757 1981//1758 1980//1759
f 1978//1757 1979//1760 1982//1761 1981//1758
f 1980//1759 1981//1758 1984//1762 1983//1763
f 1981//1758 1982//1761 1985//1764 1984//1762
f 108//1477 743//1475 1977//1756 807//1631
f 743//1475 742//1474 1978//1757 1977//1756
f 742//1474 741//1473 1979//1760 1978//1757
f 741//1473 107//1457 864//1765 1979//1760
f 1979//1760 864//1765 865//1766 1982//1761
f 1982//1761 865//1766 866//1767 1985//1764
f 1985//1764 866//1767 129//1768 869//1769
f 1984//1762 1985//1764 869//1769 868//1770
f 1983//1763 1984//1762 868//1770 867//1771
f 809//1633 1983//1763 867//1771 128//1634
f 808//1632 1980//1759 1983//1763 809//1633
f 807//1631 1977//1756 1980//1759 808//1632
f 1986//1772 1987//1773 1990//1774 1989//1775
f 1987//1773 1988//1776 1991//1777 1990//1774
f 1989//1775 1990//1774 1993//1778 1992//1779
f 1990//1774 1991//1777 1994//1780 1993//1778
f 107//1457 734//1455 1986//1772 864//1765
f 734//1455 733//1454 1987//1773 1986//1772
f 733//1454 732//1453 1988//1776 1987//1773
f 732//1453 106//1437 870//1781 1988//1776
f 1988//1776 870//1781 871//1782 1991//1777
f 1991//1777 871//1782 872//1783 1994//1780
f 1994//1780 872//1783 130//1784 875//1785
f 1993//1778 1994//1780 875//1785 874//1786
f 1992//1779 1993//1778 874//1786 873//1787
f 866//1767 1992//1779 873//1787 129//1768
f 865//1766 1989//1775 1992//1779 866//1767
f 864//1765 1986//1772 1989//1775 865//1766
f 1995//1788 1996//1789 1999//8 1998//1790
f 1996//1789 1997//1791 2000//1792 1999//8
f 1998//1790 1999//8 2002//1793 2001//1794
f 1999//8 2000//1792 2003//1795 2002//1793
f 106//1437 725//1435 1995//1788 870//1781
f 725//1435 724//1434 1996//1789 1995//1788
f 724//1434 723//1433 1997//1791 1996//1789
f 723//1433 105//1417 876//1796 1997//1791
f 1997//1791 876//1796 877//1797 2000//1792
f 2000//1792 877//1797 878//1798 2003//1795
f 2003//1795 878//1798 131//1799 881//1800
f 2002//1793 2003//1795 881//1800 880//1801
f 2001//1794 2002//1793 880//1801 879//1802
f 872//1783 2001//1794 879//1802 130//1784
f 871//1782 1998//1790 2001//1794 872//1783
f 870//1781 1995//1788 1998//1790 871//1782
f 2004//1803 2005//1804 2008//1805 2007//1806
f 2005//1804 2006//1807 2009//1808 2008//1805
f 2007//1806 2008//1805 2011//1809 2010//1810
f 2008//1805 2009//1808 2012//1811 2011//1809
f 105//1417 716//1415 2004//1803 876//1796
f 716//1415 715//1414 2005//1804 2004//1803
f 715//1414 714//1413 2006//1807 2005//1804
f 714//1413 104//1397 882//1812 2006//1807
f 2006//1807 882//1812 883//1813 2009//1808
f 2009//1808 883//1813 884//1814 2012//1811
f 2012//1811 884//1814 132//1815 887//1816
f 2011//1809 2012//1811 887//1816 886//1817
f 2010//1810 2011//1809 886//1817 885//1818
f 878//1798 2010//1810 885//1818 131//1799
f 877//1797 2007//1806 2010//1810 878//1798
f 876//1796 2004//1803 2007//1806 877//1797
f 2013//1819 2014//1820 2017//1821 2016//1822
f 2014//1820 2015//1823 2018//1824 2017//1821
f 2016//1822 2017//1821 2020//1825 2019//1826
f 2017//1821 2018//1824 2021//1827 2020//1825
f 104//1397 707//1395 2013//1819 882//1812
f 707//1395 706//1394 2014//1820 2013//1819
f 706//1394 705//1393 2015//1823 2014//1820
f 705//1393 103//1377 858//1749 2015//1823
f 2015//1823 858//1749 859//1755 2018//1824
f 2018//1824 859//1755 860//1753 2021//1827
f 2021//1827 860//1753 133//1754 890//1828
f 2020//1825 2021//1827 890//1828 889//1829
f 2019//1826 2020//1825 889//1829 888//1830
f 884//1814 2019//1826 888//1830 132//1815
f 883//1813 2016//1822 2019//1826 884//1814
f 882//1812 2013//1819 2016//1822 883//1813
f 2022//1831 2023//1832 2026//1833 2025//1834
f 2023//1832 2024//1835 2027//1836 2026//1833
f 2025//1834 2026//1833 2029//1837 2028//1838
f 2026//1833 2027//1836 2030//1839 2029//1837
f 122//1639 810//1637 2022//1831 891//1840
f 810//1637 811//1636 2023//1832 2022//1831
f 811//1636 812//1635 2024//1835 2023//1832
f 812//1635 128//1634 894//1841 2024//1835
f 2024//1835 894//1841 895//1842 2027//1836
f 2027//1836 895//1842 896//1843 2030//1839
f 2030//1839 896//1843 135//1844 899//1845
f 2029//1837 2030//1839 899//1845 898//1846
f 2028//1838 2029//1837 898//1846 897//1847
f 893//1848 2028//1838 897//1847 134//1849
f 892//1850 2025//1834 2028//1838 893//1848
f 891//1840 2022//1831 2025//1834 892//1850
f 2031//1851 2032//1852 2035//1853 2034//1854
f 2032//1852 2033//1855 2036//1856 2035//1853
f 2034//1854 2035//1853 2038//1857 2037//1858
f 2035//1853 2036//1856 2039//1859 2038//1857
f 123//1659 821//1657 2031//1851 900//1860
f 821//1657 820//1656 2032//1852 2031//1851
f 820//1656 819//1655 2033//1855 2032//1852
f 819//1655 122//1639 891//1840 2033//1855
f 2033//1855 891//1840 892//1850 2036//1856
f 2036//1856 892//1850 893//1848 2039//1859
f 2039//1859 893//1848 134//1849 903//1861
f 2038//1857 2039//1859 903//1861 904//1862
f 2037//1858 2038//1857 904//1862 905//1863
f 902//1864 2037//1858 905//1863 136//1865
f 901//1866 2034//1854 2037//1858 902//1864
f 900//1860 2031//1851 2034//1854 901//1866
f 2040//1867 2041//1868 2044//1869 2043//1870
f 2041//1868 2042//1871 2045//1872 2044//1869
f 2043//1870 2044//1869 2047//1873 2046//1874
f 2044//1869 2045//1872 2048//1875 2047//1873
f 124//1679 830//1677 2040//1867 906//1876
f 830//1677 829//1676 2041//1868 2040//1867
f 829//1676 828//1675 2042//1871 2041//1868
f 828//1675 123//1659 900//1860 2042//1871
f 2042//1871 900//1860 901//1866 2045//1872
f 2045//1872 901//1866 902//1864 2048//1875
f 2048//1875 902//1864 136//1865 909//1877
f 2047//1873 2048//1875 909//1877 910//1878
f 2046//1874 2047//1873 910//1878 911//1879
f 908//1880 2046//1874 911//1879 137//1881
f 907//1882 2043//1870 2046//1874 908//1880
f 906//1876 2040//1867 2043//1870 907//1882
f 2049//1883 2050//1884 2053//1885 2052//1886
f 2050//1884 2051//1887 2054//1888 2053//1885
f 2052//1886 2053//1885 2056//1889 2055//1890
f 2053//1885 2054//1888 2057//1891 2056//1889
f 125//1699 839//1697 2049//1883 912//1892
f 839//1697 838//1696 2050//1884 2049//1883
f 838//1696 837//1695 2051//1887 2050//1884
f 837//1695 124//1679 906//1876 2051//1887
f 2051//1887 906//1876 907//1882 2054//1888
f 2054//1888 907//1882 908//1880 2057//1891
f 2057//1891 908//1880 137//1881 915//1893
f 2056//1889 2057//1891 915//1893 916//1894
f 2055//1890 2056//1889 916//1894 917//1895
f 914//1896 2055//1890 917//1895 138//1897
f 913//1898 2052//1886 2055//1890 914//1896
f 912//1892 2049//1883 2052//1886 913//1898
f 2058//1899 2059//1900 2062//1901 2061//1902
f 2059//1900 2060//1903 2063//1904 2062//1901
f 2061//1902 2062//1901 2065//1905 2064//1906
f 2062//1901 2063//1904 2066//1907 2065//1905
f 126//1719 848//1717 2058//1899 918//1908
f 848//1717 847//1716 2059//1900 2058//1899
f 847//1716 846//1715 2060//1903 2059//1900
f 846//1715 125//1699 912//1892 2060//1903
f 2060//1903 912//1892 913//1898 2063//1904
f 2063//1904 913//1898 914//1896 2066//1907
f 2066//1907 914//1896 138//1897 921//1909
f 2065//1905 2066//1907 921//1909 922//1910
f 2064//1906 2065//1905 922//1910 923//1911
f 920//1912 2064//1906 923//1911 139//1913
f 919//1914 2061//1902 2064//1906 920//1912
f 918//1908 2058//1899 2061//1902 919//1914
f 2067//1915 2068//1916 2071//1917 2070//1918
f 2068//1916 2069//1919 2072//1920 2071//1917
f 2070//1918 2071//1917 2074//1921 2073//1922
f 2071//1917 2072//1920 2075//1923 2074//1921
f 127//1738 857//1736 2067//1915 924//1924
f 857//1736 856//1735 2068//1916 2067//1915
f 856//1735 855//1734 2069//1919 2068//1916
f 855//1734 126//1719 918//1908 2069//1919
f 2069//1919 918//1908 919//1914 2072//1920
f 2072//1920 919//1914 920//1912 2075//1923
f 2075//1923 920//1912 139//1913 927//1925
f 2074//1921 2075//1923 927//1925 928//1926
f 2073//1922 2074//1921 928//1926 929//1927
f 926//1928 2073//1922 929//1927 140//1929
f 925//1930 2070//1918 2073//1922 926//1928
f 924//1924 2067//1915 2070//1918 925//1930
f 2076//1931 2077//1932 2080//1933 2079//1934
f 2077//1932 2078//1935 2081//1936 2080//1933
f 2079//1934 2080//1933 2083//1937 2082//1938
f 2080//1933 2081//1936 2084//1939 2083//1937
f 133//1754 863//1752 2076//1931 930//1940
f 863//1752 862//1751 2077//1932 2076//1931
f 862//1751 861//1750 2078//1935 2077//1932
f 861//1750 127//1738 924//1924 2078//1935
f 2078//1935 924//1924 925//1930 2081//1936
f 2081//1936 925//1930 926//1928 2084//1939
f 2084//1939 926//1928 140//1929 933//1941
f 2083//1937 2084//1939 933//1941 934//1942
f 2082//1938 2083//1937 934//1942 935//1943
f 932//1944 2082//1938 935//1943 141//1945
f 931//1946 2079//1934 2082//1938 932//1944
f 930//1940 2076//1931 2079//1934 931//1946
f 2085//1947 2086//1948 2089//1949 2088//1950
f 2086//1948 2087//1951 2090//1952 2089//1949
f 2088//1950 2089//1949 2092//1953 2091//1954
f 2089//1949 2090//1952 2093//1955 2092//1953
f 128//1634 867//1771 2085//1947 894//1841
f 867//1771 868//1770 2086//1948 2085//1947
f 868//1770 869//1769 2087//1951 2086//1948
f 869//1769 129//1768 936//1956 2087//1951
f 2087//1951 936//1956 937//1957 2090//1952
f 2090//1952 937//1957 938//1958 2093//1955
f 2093//1955 938//1958 142//1959 941//1960
f 2092//1953 2093//1955 941//1960 940//1961
f 2091//1954 2092//1953 940//1961 939//1962
f 896//1843 2091//1954 939//1962 135//1844
f 895//1842 2088//1950 2091//1954 896//1843
f 894//1841 2085//1947 2088//1950 895//1842
f 2094//1963 2095//1964 2098//1965 2097//1966
f 2095//1964 2096//1967 2099//1968 2098//1965
f 2097//1966 2098//1965 2101//1969 2100//1970
f 2098//1965 2099//1968 2102//1971 2101//1969
f 129//1768 873//1787 2094//1963 936//1956
f 873//1787 874//1786 2095//1964 2094//1963
f 874//1786 875//1785 2096//1967 2095//1964
f 875//1785 130//1784 942//1972 2096//1967
f 2096//1967 942//1972 943//1973 2099//1968
f 2099//1968 943//1973 944//1974 2102//1971
f 2102//1971 944//1974 143//1975 947//1976
f 2101//1969 2102//1971 947//1976 946//1977
f 2100//1970 2101//1969 946//1977 945//1978
f 938//1958 2100//1970 945//1978 142//1959
f 937//1957 2097//1966 2100//1970 938//1958
f 936//1956 2094//1963 2097//1966 937//1957
f 2103//1979 2104//1980 2107//1981 2106//1982
f 2104//1980 2105//1983 2108//1984 2107//1981
f 2106//1982 2107//1981 2110//1985 2109//1986
f 2107//1981 2108//1984 2111//1987 2110//1985
f 130//1784 879//1802 2103//1979 942//1972
f 879//1802 880//1801 2104//1980 2103//1979
f 880//1801 881//1800 2105//1983 2104//1980
f 881//1800 131//1799 948//1988 2105//1983
f 2105//1983 948//1988 949//1989 2108//1984
f 2108//1984 949//1989 950//1990 2111//1987
f 2111//1987 950//1990 144//1991 953//1992
f 2110//1985 2111//1987 953//1992 952//1993
f 2109//1986 2110//1985 952//1993 951//1994
f 944//1974 2109//1986 951//1994 143//1975
f 943//1973 2106//1982 2109//1986 944//1974
f 942//1972 2103//1979 2106//1982 943//1973
f 2112//1995 2113//1996 2116//1997 2115//1998
f 2113//1996 2114//1999 2117//2000 2116//1997
f 2115//1998 2116//1997 2119//2001 2118//2002
f 2116//1997 2117//2000 2120//2003 2119//2001
f 131//1799 885//1818 2112//1995 948//1988
f 885//1818 886//1817 2113//1996 2112//1995
f 886//1817 887//1816 2114//1999 2113//1996
f 887//1816 132//1815 954//2004 2114//1999
f 2114//1999 954//2004 955//2005 2117//2000
f 2117//2000 955//2005 956//2006 2120//2003
f 2120//2003 956//2006 145//2007 959//2008
f 2119//2001 2120//2003 959//2008 958//2009
f 2118//2002 2119//2001 958//2009 957//2010
f 950//1990 2118//2002 957//2010 144//1991
f 949//1989 2115//1998 2118//2002 950//1990
f 948//1988 2112//1995 2115//1998 949//1989
f 2121//2011 2122//2012 2125//2013 2124//2014
f 2122//2012 2123//2015 2126//2016 2125//2013
f 2124//2014 2125//2013 2128//2017 2127//2018
f 2125//2013 2126//2016 2129//2019 2128//2017
f 132//1815 888//1830 2121//2011 954//2004
f 888//1830 889//1829 2122//2012 2121//2011
f 889//1829 890//1828 2123//2015 2122//2012
f 890//1828 133//1754 930//1940 2123//2015
f 2123//2015 930//1940 931//1946 2126//2016
f 2126//2016 931//1946 932//1944 2129//2019
f 2129//2019 932//1944 141//1945 960//2020
f 2128//2017 2129//2019 960//2020 961//2021
f 2127//2018 2128//2017 961//2021 962//2022
f 956//2006 2127//2018 962//2022 145//2007
f 955//2005 2124//2014 2127//2018 956//2006
f 954//2004 2121//2011 2124//2014 955//2005
f 2130//2023 2131//2024 2134//2025 2133//2026
f 2131//2024 2132//2027 2135//2028 2134//2025
f 2133//2026 2134//2025 2137//2029 2136//2030
f 2134//2025 2135//2028 2138//2031 2137//2029
f 139//1913 963//2032 2130//2023 927//1925
f 963//2032 964//2033 2131//2024 2130//2023
f 964//2033 965//2034 2132//2027 2131//2024
f 965//2034 145//2007 962//2022 2132//2027
f 2132//2027 962//2022 961//2021 2135//2028
f 2135//2028 961//2021 960//2020 2138//2031
f 2138//2031 960//2020 141//1945 935//1943
f 2137//2029 2138//2031 935//1943 934//1942
f 2136//2030 2137//2029 934//1942 933//1941
f 929//1927 2136//2030 933//1941 140//1929
f 928//1926 2133//2026 2136//2030 929//1927
f 927//1925 2130//2023 2133//2026 928//1926
f 2139//2035 2140//2036 2143//2037 2142//2038
f 2140//2036 2141//2039 2144//2040 2143//2037
f 2142//2038 2143//2037 2146//2041 2145//2042
f 2143//2037 2144//2040 2147//2043 2146//2041
f 138//1897 966//2044 2139//2035 921//1909
f 966//2044 967//2045 2140//2036 2139//2035
f 967//2045 968//2046 2141//2039 2140//2036
f 968//2046 144//1991 957//2010 2141//2039
f 2141//2039 957//2010 958//2009 2144//2040
f 2144//2040 958//2009 959//2008 2147//2043
f 2147//2043 959//2008 145//2007 965//2034
f 2146//2041 2147//2043 965//2034 964//2033
f 2145//2042 2146//2041 964//2033 963//2032
f 923//1911 2145//2042 963//2032 139//1913
f 922//1910 2142//2038 2145//2042 923//1911
f 921//1909 2139//2035 2142//2038 922//1910
f 2148//2047 2149//2048 2152//2049 2151//2050
f 2149//2048 2150//2051 2153//2052 2152//2049
f 2151//2050 2152//2049 2155//2053 2154//2054
f 2152//2049 2153//2052 2156//2055 2155//2053
f 137//1881 969//2056 2148//2047 915//1893
f 969//2056 970//2057 2149//2048 2148//2047
f 970//2057 971//2058 2150//2051 2149//2048
f 971//2058 143//1975 951//1994 2150//2051
f 2150//2051 951//1994 952//1993 2153//2052
f 2153//2052 952//1993 953//1992 2156//2055
f 2156//2055 953//1992 144//1991 968//2046
f 2155//2053 2156//2055 968//2046 967//2045
f 2154//2054 2155//2053 967//2045 966//2044
f 917//1895 2154//2054 966//2044 138//1897
f 916//1894 2151//2050 2154//2054 917//1895
f 915//1893 2148//2047 2151//2050 916//1894
f 2157//2059 2158//2060 2161//2061 2160//2062
f 2158//2060 2159//2063 2162//2064 2161//2061
f 2160//2062 2161//2061 2164//2065 2163//2066
f 2161//2061 2162//2064 2165//2067 2164//2065
f 136//1865 972//2068 2157//2059 909//1877
f 972//2068 973//2069 2158//2060 2157//2059
f 973//2069 974//2070 2159//2063 2158//2060
f 974//2070 142//1959 945//1978 2159//2063
f 2159//2063 945//1978 946//1977 2162//2064
f 2162//2064 946//1977 947//1976 2165//2067
f 2165//2067 947//1976 143//1975 971//2058
f 2164//2065 2165//2067 971//2058 970//2057
f 2163//2066 2164//2065 970//2057 969//2056
f 911//1879 2163//2066 969//2056 137//1881
f 910//1878 2160//2062 2163//2066 911//1879
f 909//1877 2157//2059 2160//2062 910//1878
f 2166//2071 2167//2072 2170//2073 2169//2074
f 2167//2072 2168//2075 2171//2076 2170//2073
f 2169//2074 2170//2073 2173//2077 2172//2078
f 2170//2073 2171//2076 2174//2079 2173//2077
f 134//1849 897//1847 2166//2071 903//1861
f 897//1847 898//1846 2167//2072 2166//2071
f 898//1846 899//1845 2168//2075 2167//2072
f 899//1845 135//1844 939//1962 2168//2075
f 2168//2075 939//1962 940//1961 2171//2076
f 2171//2076 940//1961 941//1960 2174//2079
f 2174//2079 941//1960 142//1959 974//2070
f 2173//2077 2174//2079 974//2070 973//2069
f 2172//2078 2173//2077 973//2069 972//2068
f 905//1863 2172//2078 972//2068 136//1865
f 904//1862 2169//2074 2172//2078 905//1863
f 903//1861 2166//2071 2169//2074 904//1862
f 2176//2080 2177//2081 2175//2082 2181//2083
f 2178//2084 2179//2085 2175//2082 2177//2081
f 2180//2086 2181//2083 2175//2082 2179//2085
f 111//1523 767//1521 2176//2080 975//2087
f 767//1521 766//1520 2177//2081 2176//2080
f 975//2087 2176//2080 2181//2083 976//2088
f 110//1518 978//2089 2178//2084 765//1519
f 978//2089 979//2090 2179//2085 2178//2084
f 765//1519 2178//2084 2177//2081 766//1520
f 146//2091 977//2092 2180//2086 980//2093
f 977//2092 976//2088 2181//2083 2180//2086
f 980//2093 2180//2086 2179//2085 979//2090
f 2183//2094 2184//2095 2182//2096 2188//2097
f 2185//2098 2186//2099 2182//2096 2184//2095
f 2187//2100 2188//2097 2182//2096 2186//2099
f 112//1539 773//1537 2183//2094 981//2101
f 773//1537 772//1536 2184//2095 2183//2094
f 981//2101 2183//2094 2188//2097 982//2102
f 111//1523 975//2087 2185//2098 771//1535
f 975//2087 976//2088 2186//2099 2185//2098
f 771//1535 2185//2098 2184//2095 772//1536
f 146//2091 983//2103 2187//2100 977//2092
f 983//2103 982//2102 2188//2097 2187//2100
f 977//2092 2187//2100 2186//2099 976//2088
f 2190//2104 2191//2105 2189//2106 2195//2107
f 2192//2108 2193//2109 2189//2106 2191//2105
f 2194//2110 2195//2107 2189//2106 2193//2109
f 113//1555 779//1553 2190//2104 984//2111
f 779//1553 778//1552 2191//2105 2190//2104
f 984//2111 2190//2104 2195//2107 985//2112
f 112//1539 981//2101 2192//2108 777//1551
f 981//2101 982//2102 2193//2109 2192//2108
f 777//1551 2192//2108 2191//2105 778//1552
f 146//2091 986//2113 2194//2110 983//2103
f 986//2113 985//2112 2195//2107 2194//2110
f 983//2103 2194//2110 2193//2109 982//2102
f 2197//2114 2198//2115 2196//2116 2202//2117
f 2199//2118 2200//2119 2196//2116 2198//2115
f 2201//2120 2202//2117 2196//2116 2200//2119
f 114//1571 785//1569 2197//2114 987//2121
f 785//1569 784//1568 2198//2115 2197//2114
f 987//2121 2197//2114 2202//2117 988//2122
f 113//1555 984//2111 2199//2118 783//1567
f 984//2111 985//2112 2200//2119 2199//2118
f 783//1567 2199//2118 2198//2115 784//1568
f 146//2091 989//2123 2201//2120 986//2113
f 989//2123 988//2122 2202//2117 2201//2120
f 986//2113 2201//2120 2200//2119 985//2112
f 2204//2124 2205//2125 2203//2126 2209//2127
f 2206//2128 2207//2129 2203//2126 2205//2125
f 2208//2130 2209//2127 2203//2126 2207//2129
f 115//1587 791//1585 2204//2124 990//2131
f 791//1585 790//1584 2205//2125 2204//2124
f 990//2131 2204//2124 2209//2127 991//2132
f 114//1571 987//2121 2206//2128 789//1583
f 987//2121 988//2122 2207//2129 2206//2128
f 789//1583 2206//2128 2205//2125 790//1584
f 146//2091 992//2133 2208//2130 989//2123
f 992//2133 991//2132 2209//2127 2208//2130
f 989//2123 2208//2130 2207//2129 988//2122
f 2211//2134 2212//2135 2210//2136 2216//2137
f 2213//2138 2214//2139 2210//2136 2212//2135
f 2215//2140 2216//2137 2210//2136 2214//2139
f 116//1710 854//1733 2211//2134 993//2141
f 854//1733 853//1732 2212//2135 2211//2134
f 993//2141 2211//2134 2216//2137 994//2142
f 115//1587 990//2131 2213//2138 852//1730
f 990//2131 991//2132 2214//2139 2213//2138
f 852//1730 2213//2138 2212//2135 853//1732
f 146//2091 995//2143 2215//2140 992//2133
f 995//2143 994//2142 2216//2137 2215//2140
f 992//2133 2215//2140 2214//2139 991//2132
f 2218//2144 2219//2145 2217//2146 2223//2147
f 2220//2148 2221//2149 2217//2146 2219//2145
f 2222//2150 2223//2147 2217//2146 2221//2149
f 117//1690 845//1714 2218//2144 996//2151
f 845//1714 844//1713 2219//2145 2218//2144
f 996//2151 2218//2144 2223//2147 997//2152
f 116//1710 993//2141 2220//2148 843//1711
f 993//2141 994//2142 2221//2149 2220//2148
f 843//1711 2220//2148 2219//2145 844//1713
f 146//2091 998//2153 2222//2150 995//2143
f 998//2153 997//2152 2223//2147 2222//2150
f 995//2143 2222//2150 2221//2149 994//2142
f 2225//2154 2226//2155 2224//2156 2230//2157
f 2227//2158 2228//2159 2224//2156 2226//2155
f 2229//2160 2230//2157 2224//2156 2228//2159
f 118//1670 836//1694 2225//2154 999//2161
f 836//1694 835//1693 2226//2155 2225//2154
f 999//2161 2225//2154 2230//2157 1000//2162
f 117//1690 996//2151 2227//2158 834//1691
f 996//2151 997//2152 2228//2159 2227//2158
f 834//1691 2227//2158 2226//2155 835//1693
f 146//2091 1001//2163 2229//2160 998//2153
f 1001//2163 1000//2162 2230//2157 2229//2160
f 998//2153 2229//2160 2228//2159 997//2152
f 2232//2164 2233//2165 2231//2166 2237//2167
f 2234//2168 2235//2169 2231//2166 2233//2165
f 2236//2170 2237//2167 2231//2166 2235//2169
f 119//1650 827//1674 2232//2164 1002//2171
f 827//1674 826//1673 2233//2165 2232//2164
f 1002//2171 2232//2164 2237//2167 1003//2172
f 118//1670 999//2161 2234//2168 825//1671
f 999//2161 1000//2162 2235//2169 2234//2168
f 825//1671 2234//2168 2233//2165 826//1673
f 146//2091 1004//2173 2236//2170 1001//2163
f 1004//2173 1003//2172 2237//2167 2236//2170
f 1001//2163 2236//2170 2235//2169 1000//2162
f 2239//2174 2240//2175 2238//2176 2244//2177
f 2241//2178 2242//2179 2238//2176 2240//2175
f 2243//2180 2244//2177 2238//2176 2242//2179
f 120//1602 818//1654 2239//2174 1005//2181
f 818//1654 817//1653 2240//2175 2239//2174
f 1005//2181 2239//2174 2244//2177 1006//2182
f 119//1650 1002//2171 2241//2178 816//1651
f 1002//2171 1003//2172 2242//2179 2241//2178
f 816//1651 2241//2178 2240//2175 817//1653
f 146//2091 1007//2183 2243//2180 1004//2173
f 1007//2183 1006//2182 2244//2177 2243//2180
f 1004//2173 2243//2180 2242//2179 1003//2172
f 2246//2184 2247//2185 2245//2186 2251//2187
f 2248//2188 2249//2189 2245//2186 2247//2185
f 2250//2190 2251//2187 2245//2186 2249//2189
f 121//1607 800//1605 2246//2184 1008//2191
f 800//1605 799//1604 2247//2185 2246//2184
f 1008//2191 2246//2184 2251//2187 1009//2192
f 120//1602 1005//2181 2248//2188 798//1603
f 1005//2181 1006//2182 2249//2189 2248//2188
f 798//1603 2248//2188 2247//2185 799//1604
f 146//2091 1010//2193 2250//2190 1007//2183
f 1010//2193 1009//2192 2251//2187 2250//2190
f 1007//2183 2250//2190 2249//2189 1006//2182
f 2253//2194 2254//2195 2252//2196 2258//2197
f 2255//2198 2256//2199 2252//2196 2254//2195
f 2257//2200 2258//2197 2252//2196 2256//2199
f 110//1518 801//1620 2253//2194 978//2089
f 801//1620 802//1619 2254//2195 2253//2194
f 978//2089 2253//2194 2258//2197 979//2090
f 121//1607 1008//2191 2255//2198 803//1618
f 1008//2191 1009//2192 2256//2199 2255//2198
f 803//1618 2255//2198 2254//2195 802//1619
f 146//2091 980//2093 2257//2200 1010//2193
f 980//2093 979//2090 2258//2197 2257//2200
f 1010//2193 2257//2200 2256//2199 1009//2192
o Door
v -0.015611 0.004000 -2.499365
v 0.018345 0.004000 -2.501089
v 0.060735 0.004000 -1.666164
v 0.026778 0.004000 -1.664440
v -0.015602 2.014000 -2.499365
v 0.018354 2.014000 -2.501089
v 0.060743 2.014000 -1.666165
v 0.026787 2.014000 -1.664441
vn -0.0507 -0.0000 -0.9987
vn 0.9987 -0.0000 -0.0507
vn 0.0507 -0.0000 0.9987
vn -0.9987 -0.0000 0.0507
vn -0.0000 -1.0000 -0.0000
vn -0.0000 1.0000 -0.0000
s 1
usemtl Door_material
f 2263//2201 2264//2201 2260//2201 2259//2201
f 2264//2202 2265//2202 2261//2202 2260//2202
f 2265//2203 2266//2203 2262//2203 2261//2203
f 2266//2204 2263//2204 2259//2204 2262//2204
f 2259//2205 2260//2205 2261//2205 2262//2205
f 2266//2206 2265//2206 2264//2206 2263//2206
o DoorFrame
v -0.012899 0.000000 -2.581594
v 0.067042 -0.000000 -2.584654
v 0.070102 -0.000000 -2.504713
v -0.012890 2.100000 -2.581594
v 0.067051 2.100000 -2.584655
v 0.105302 2.100000 -1.585386
v 0.025361 2.100000 -1.582326
v 0.022300 2.020000 -1.662268
v 0.070111 2.020000 -2.504713
v 0.022292 0.000000 -1.662267
v 0.025352 0.000000 -1.582326
v 0.105293 -0.000000 -1.585386
v 0.062271 2.020000 -1.663798
v 0.030140 2.020000 -2.503183
v 0.030132 -0.000000 -2.503183
v 0.030905 2.020000 -2.483198
v 0.030897 -0.000000 -2.483197
v 0.070876 2.020000 -2.484728
v 0.070867 -0.000000 -2.484727
v 0.062262 -0.000000 -1.663797
v -0.009830 2.020000 -2.501653
v -0.009839 0.000000 -2.501652
v 0.102242 2.020000 -1.665328
v 0.102233 -0.000000 -1.665327
v 0.101468 -0.000000 -1.685313
v 0.061497 -0.000000 -1.683783
v 0.101477 2.020000 -1.685313
v 0.061506 2.000000 -1.683783
v 0.061506 2.020000 -1.683783
v 0.070876 2.000000 -2.484728
v 0.030905 2.000000 -2.483198
v 0.101477 2.000000 -1.685313
vn -0.0383 -0.0000 -0.9993
vn -0.0000 1.0000 -0.0000
vn 0.0383 -0.0000 0.9993
vn 0.9993 -0.0000 -0.0383
vn -0.0000 -1.0000 -0.0000
vn -0.9993 -0.0000 0.0383
s 1
usemtl Door_material
f 2270//2207 2271//2207 2268//2207 2267//2207
f 2274//2207 2279//2207 2286//2207 2276//2207
f 2271//2208 2270//2208 2273//2208 2272//2208
f 2277//2209 2278//2209 2272//2209 2273//2209
f 2280//2209 2287//2209 2288//2209 2281//2209
f 2284//2209 2282//2209 2283//2209 2285//2209
f 2278//2210 2290//2210 2289//2210 2272//2210
f 2287//2211 2280//2211 2279//2211 2274//2211
f 2287//2212 2270//2212 2267//2212 2288//2212
f 2276//2212 2277//2212 2273//2212 2274//2212
f 2280//2212 2281//2212 2283//2212 2282//2212
f 2271//2210 2275//2210 2269//2210 2268//2210
f 2296//2211 2298//2211 2294//2211 2297//2211
f 2274//2212 2273//2212 2270//2212 2287//2212
f 2275//2210 2271//2210 2272//2210 2289//2210
f 2281//2211 2269//2211 2285//2211 2283//2211
f 2284//2210 2285//2210 2269//2210 2275//2210
f 2295//2212 2292//2212 2286//2212 2279//2212
f 2295//2207 2293//2207 2291//2207 2292//2207
f 2292//2211 2291//2211 2290//2211 2286//2211
f 2289//2210 2290//2210 2291//2210 2293//2210
f 2296//2210 2284//2210 2293//2210 2298//2210
f 2282//2212 2297//2212 2294//2212 2295//2212
f 2275//2208 2289//2208 2293//2208
o Handle_Front
v 0.021327 1.077088 -2.454071
v 0.020943 1.061005 -2.464255
v 0.021010 1.041981 -2.465042
v 0.021510 1.025115 -2.456223
v 0.022309 1.014924 -2.440160
v 0.023192 1.014140 -2.421156
v 0.023924 1.022973 -2.404305
v 0.024308 1.039056 -2.394121
v 0.024240 1.058080 -2.393333
v 0.023741 1.074946 -2.402153
v 0.022942 1.085137 -2.418216
v 0.022059 1.085921 -2.437220
v 0.032481 1.077963 -2.455338
v 0.032086 1.061396 -2.465828
v 0.032155 1.041800 -2.466640
v 0.032670 1.024425 -2.457555
v 0.033492 1.013928 -2.441008
v 0.034403 1.013121 -2.421432
v 0.035156 1.022220 -2.404074
v 0.035551 1.038787 -2.393584
v 0.035482 1.058383 -2.392772
v 0.034968 1.075757 -2.401857
v 0.034145 1.086255 -2.418404
v 0.033235 1.087062 -2.437979
v 0.019827 1.050015 -2.429059
v 0.035942 1.067719 -2.446039
v 0.035692 1.057251 -2.452668
v 0.035735 1.044868 -2.453181
v 0.036061 1.033890 -2.447440
v 0.036581 1.027257 -2.436985
v 0.037156 1.026747 -2.424615
v 0.037632 1.032496 -2.413647
v 0.037882 1.042964 -2.407018
v 0.037838 1.055347 -2.406505
v 0.037513 1.066325 -2.412246
v 0.036993 1.072958 -2.422702
v 0.036418 1.073469 -2.435071
v 0.045978 1.064867 -2.443825
v 0.045770 1.056126 -2.449360
v 0.045806 1.045787 -2.449788
v 0.046078 1.036620 -2.444994
v 0.046512 1.031081 -2.436264
v 0.046992 1.030655 -2.425936
v 0.047390 1.035456 -2.416777
v 0.047598 1.044197 -2.411242
v 0.047562 1.054536 -2.410814
v 0.047290 1.063703 -2.415607
v 0.046856 1.069242 -2.424338
v 0.046376 1.069668 -2.434666
v 0.038547 1.065215 -2.443839
v 0.038333 1.056243 -2.449520
v 0.038370 1.045631 -2.449960
v 0.038649 1.036222 -2.445040
v 0.039095 1.030537 -2.436079
v 0.039587 1.030100 -2.425478
v 0.039996 1.035027 -2.416077
v 0.040210 1.043999 -2.410396
v 0.040172 1.054611 -2.409957
v 0.039893 1.064020 -2.414876
v 0.039448 1.069705 -2.423837
v 0.038955 1.070142 -2.434438
v 0.044200 1.063455 -2.442450
v 0.044012 1.055547 -2.447457
v 0.044045 1.046194 -2.447844
v 0.044290 1.037901 -2.443508
v 0.044683 1.032891 -2.435610
v 0.045117 1.032505 -2.426267
v 0.045477 1.036848 -2.417982
v 0.045666 1.044756 -2.412975
v 0.045633 1.054109 -2.412587
v 0.045387 1.062402 -2.416923
v 0.044994 1.067412 -2.424821
v 0.044560 1.067797 -2.434165
v 0.025707 1.055596 -2.447085
v 0.025901 1.063721 -2.441941
v 0.025741 1.045985 -2.447483
v 0.025993 1.037464 -2.443028
v 0.026397 1.032316 -2.434913
v 0.026843 1.031920 -2.425312
v 0.027213 1.036383 -2.416799
v 0.027406 1.044508 -2.411654
v 0.027373 1.054118 -2.411256
v 0.027120 1.062639 -2.415712
v 0.026717 1.067788 -2.423827
v 0.026270 1.068184 -2.433427
v 0.040705 1.062748 -2.441654
v 0.040526 1.055249 -2.446402
v 0.040557 1.046379 -2.446770
v 0.040790 1.038515 -2.442658
v 0.041163 1.033764 -2.435168
v 0.041575 1.033398 -2.426308
v 0.041916 1.037517 -2.418451
v 0.042095 1.045015 -2.413703
v 0.042063 1.053885 -2.413336
v 0.041830 1.061749 -2.417448
v 0.041458 1.066500 -2.424937
v 0.041046 1.066866 -2.433797
v 0.072114 1.062918 -2.443107
v 0.071935 1.055420 -2.447855
v 0.071966 1.046550 -2.448223
v 0.072199 1.038686 -2.444111
v 0.072572 1.033935 -2.436621
v 0.074894 1.033439 -2.413607
v 0.072406 1.037573 -2.401062
v 0.072499 1.044659 -2.396950
v 0.072470 1.053023 -2.396604
v 0.072325 1.060423 -2.400115
v 0.074780 1.065616 -2.412274
v 0.072455 1.067037 -2.435251
v 0.086645 1.061351 -2.442262
v 0.086489 1.054831 -2.446391
v 0.086517 1.047118 -2.446710
v 0.086719 1.040281 -2.443135
v 0.087043 1.036149 -2.436622
v 0.088477 1.035092 -2.414467
v 0.090226 1.039329 -2.403151
v 0.090296 1.045437 -2.399659
v 0.090270 1.052643 -2.399361
v 0.090156 1.059018 -2.402336
v 0.088374 1.064158 -2.413263
v 0.086941 1.064932 -2.435431
v 0.082634 1.057826 -2.324404
v 0.083462 1.054592 -2.322555
v 0.083168 1.049044 -2.321480
v 0.083191 1.042703 -2.321742
v 0.083523 1.037266 -2.323272
v 0.082717 1.034158 -2.325384
v 0.077636 1.057775 -2.325117
v 0.075965 1.054516 -2.323624
v 0.075672 1.048969 -2.322549
v 0.075694 1.042627 -2.322812
v 0.076026 1.037190 -2.324342
v 0.077720 1.034108 -2.326097
v 0.055121 1.055698 -2.296926
v 0.053505 1.055710 -2.297915
v 0.050513 1.052985 -2.295076
v 0.049796 1.047906 -2.294742
v 0.049817 1.042070 -2.294983
v 0.050569 1.037041 -2.295737
v 0.055196 1.034426 -2.297807
v 0.053580 1.034438 -2.298796
v 0.048738 1.053013 -2.296464
v 0.048021 1.047934 -2.296129
v 0.048042 1.042098 -2.296371
v 0.048794 1.037068 -2.297124
v 0.089321 1.050393 -2.432274
v 0.019555 1.059499 -2.459396
v 0.019040 1.057434 -2.452773
v 0.019140 1.054784 -2.444298
v 0.019886 1.073388 -2.450601
v 0.019300 1.068303 -2.445890
v 0.019307 1.061773 -2.439873
v 0.021183 1.073687 -2.457589
v 0.021065 1.069941 -2.460574
v 0.020991 1.065641 -2.462684
v 0.019613 1.043071 -2.460076
v 0.019086 1.044578 -2.453305
v 0.019169 1.046518 -2.444641
v 0.020907 1.056299 -2.465604
v 0.020899 1.051562 -2.466318
v 0.020940 1.046782 -2.465998
v 0.020045 1.028505 -2.452460
v 0.019423 1.033179 -2.447345
v 0.019386 1.039189 -2.440808
v 0.021091 1.037231 -2.463861
v 0.021196 1.032772 -2.462113
v 0.021341 1.028793 -2.459449
v 0.020734 1.019705 -2.438588
v 0.019963 1.026292 -2.436489
v 0.019733 1.034760 -2.433828
v 0.021686 1.021593 -2.452827
v 0.021876 1.018607 -2.449086
v 0.022086 1.016495 -2.444791
v 0.021497 1.019028 -2.422177
v 0.020560 1.025763 -2.423647
v 0.020117 1.034420 -2.425570
v 0.022534 1.013575 -2.435459
v 0.022756 1.012861 -2.430727
v 0.022976 1.013183 -2.425952
v 0.022129 1.026656 -2.407625
v 0.021054 1.031732 -2.412259
v 0.020435 1.038258 -2.418248
v 0.023405 1.015324 -2.416411
v 0.023602 1.017075 -2.411956
v 0.023771 1.019743 -2.407981
v 0.022460 1.040545 -2.398830
v 0.021314 1.042601 -2.405377
v 0.020602 1.045247 -2.413823
v 0.024068 1.026374 -2.400786
v 0.024186 1.030120 -2.397802
v 0.024260 1.034420 -2.395692
v 0.022402 1.056973 -2.398150
v 0.021268 1.055457 -2.404844
v 0.020573 1.053513 -2.413480
v 0.024344 1.043762 -2.392772
v 0.024352 1.048499 -2.392058
v 0.024311 1.053279 -2.392378
v 0.021971 1.071538 -2.405766
v 0.020931 1.066855 -2.410805
v 0.020356 1.060842 -2.417313
v 0.024160 1.062830 -2.394515
v 0.024055 1.067289 -2.396263
v 0.023910 1.071268 -2.398927
v 0.021281 1.080339 -2.419638
v 0.020391 1.073742 -2.421660
v 0.020009 1.065271 -2.424293
v 0.023564 1.078468 -2.405549
v 0.023375 1.081454 -2.409290
v 0.023165 1.083566 -2.413585
v 0.020518 1.081016 -2.436049
v 0.019794 1.074272 -2.434502
v 0.019625 1.065611 -2.432551
v 0.022717 1.086486 -2.422917
v 0.022494 1.087200 -2.427649
v 0.022275 1.086879 -2.432424
v 0.021479 1.080318 -2.450395
v 0.021649 1.082986 -2.446420
v 0.021845 1.084737 -2.441965
v 0.023760 1.079255 -2.456168
v 0.026785 1.080003 -2.456983
v 0.029870 1.079513 -2.456658
v 0.032343 1.074373 -2.458749
v 0.032230 1.070366 -2.461665
v 0.032144 1.066017 -2.464041
v 0.023345 1.061892 -2.467163
v 0.026360 1.062205 -2.468252
v 0.029453 1.062016 -2.467737
v 0.032058 1.056580 -2.466990
v 0.032061 1.051651 -2.467515
v 0.032093 1.046696 -2.467399
v 0.023418 1.041355 -2.468013
v 0.026435 1.041154 -2.469124
v 0.029526 1.041321 -2.468594
v 0.032246 1.037048 -2.465240
v 0.032363 1.032517 -2.463233
v 0.032505 1.028285 -2.460658
v 0.023957 1.023146 -2.458492
v 0.026988 1.022488 -2.459364
v 0.030069 1.022972 -2.458999
v 0.032854 1.021011 -2.453969
v 0.033055 1.018093 -2.449968
v 0.033269 1.015717 -2.445623
v 0.024819 1.012144 -2.441150
v 0.027871 1.011211 -2.441588
v 0.030938 1.011886 -2.441524
v 0.033721 1.012766 -2.436197
v 0.033952 1.012242 -2.431273
v 0.034180 1.012359 -2.426323
v 0.025773 1.011298 -2.420635
v 0.028849 1.010344 -2.420559
v 0.031899 1.011033 -2.420851
v 0.034615 1.014523 -2.416685
v 0.034813 1.016533 -2.412159
v 0.034995 1.019112 -2.407930
v 0.026563 1.020834 -2.402442
v 0.029659 1.020119 -2.401911
v 0.032695 1.020643 -2.402519
v 0.035294 1.025810 -2.400662
v 0.035408 1.029816 -2.397746
v 0.035494 1.034166 -2.395371
v 0.026977 1.038197 -2.391448
v 0.030083 1.037916 -2.390641
v 0.033112 1.038139 -2.391440
v 0.035579 1.043603 -2.392422
v 0.035576 1.048532 -2.391897
v 0.035544 1.053487 -2.392013
v 0.026905 1.058734 -2.390598
v 0.030009 1.058968 -2.389770
v 0.033040 1.058834 -2.390583
v 0.035392 1.063135 -2.394171
v 0.035274 1.067665 -2.396179
v 0.035132 1.071898 -2.398754
v 0.026365 1.076943 -2.400119
v 0.029456 1.077633 -2.399529
v 0.032496 1.077183 -2.400178
v 0.034783 1.079172 -2.405443
v 0.034582 1.082090 -2.409444
v 0.034368 1.084466 -2.413789
v 0.025503 1.087945 -2.417460
v 0.028572 1.088910 -2.417305
v 0.031627 1.088269 -2.417653
v 0.033916 1.087416 -2.423215
v 0.033685 1.087940 -2.428138
v 0.033457 1.087824 -2.433089
v 0.024549 1.088791 -2.437976
v 0.027595 1.089778 -2.438335
v 0.030666 1.089122 -2.438326
v 0.032643 1.081071 -2.451482
v 0.032824 1.083649 -2.447253
v 0.033023 1.085660 -2.442727
v 0.033855 1.060435 -2.462804
v 0.034880 1.059300 -2.459202
v 0.035408 1.058177 -2.455622
v 0.034217 1.075581 -2.453214
v 0.035201 1.072776 -2.450669
v 0.035691 1.070003 -2.448134
v 0.035854 1.065450 -2.448195
v 0.035783 1.062919 -2.450038
v 0.035728 1.060170 -2.451539
v 0.033918 1.042520 -2.463546
v 0.034936 1.043361 -2.459862
v 0.035458 1.044188 -2.456202
v 0.035674 1.054207 -2.453402
v 0.035676 1.051093 -2.453734
v 0.035696 1.047962 -2.453661
v 0.034389 1.026636 -2.455240
v 0.035354 1.029228 -2.452472
v 0.035825 1.031785 -2.449717
v 0.035793 1.041866 -2.452296
v 0.035867 1.039003 -2.451028
v 0.035957 1.036328 -2.449401
v 0.035141 1.017039 -2.440113
v 0.036024 1.020690 -2.439013
v 0.036413 1.024292 -2.437904
v 0.036177 1.031732 -2.445174
v 0.036304 1.029888 -2.442646
v 0.036440 1.028387 -2.439901
v 0.035973 1.016301 -2.422217
v 0.036764 1.020033 -2.423090
v 0.037062 1.023715 -2.423931
v 0.036725 1.026523 -2.433944
v 0.036871 1.026191 -2.430834
v 0.037015 1.026265 -2.427706
v 0.036662 1.024619 -2.406348
v 0.037377 1.027434 -2.408971
v 0.037600 1.030210 -2.411539
v 0.037290 1.027633 -2.421616
v 0.037415 1.028903 -2.418756
v 0.037530 1.030532 -2.416083
v 0.037023 1.039765 -2.396757
v 0.037698 1.040910 -2.400438
v 0.037882 1.042037 -2.404051
v 0.037719 1.034765 -2.411491
v 0.037791 1.037296 -2.409648
v 0.037845 1.040045 -2.408148
v 0.036960 1.057680 -2.396015
v 0.037642 1.056849 -2.399778
v 0.037833 1.056026 -2.403471
v 0.037899 1.046008 -2.406284
v 0.037897 1.049122 -2.405952
v 0.037877 1.052253 -2.406026
v 0.036490 1.073564 -2.404321
v 0.037223 1.070981 -2.407168
v 0.037465 1.068428 -2.409957
v 0.037781 1.058349 -2.407390
v 0.037706 1.061212 -2.408658
v 0.037617 1.063887 -2.410285
v 0.035738 1.083161 -2.419448
v 0.036554 1.079520 -2.420627
v 0.036878 1.075922 -2.421769
v 0.037396 1.068483 -2.414512
v 0.037269 1.070327 -2.417040
v 0.037134 1.071828 -2.419785
v 0.034906 1.083899 -2.437344
v 0.035814 1.080177 -2.436550
v 0.036229 1.076498 -2.435743
v 0.036848 1.073692 -2.425742
v 0.036702 1.074024 -2.428853
v 0.036558 1.073950 -2.431981
v 0.036044 1.069683 -2.443603
v 0.036158 1.071312 -2.440931
v 0.036284 1.072582 -2.438071
v 0.036192 1.066265 -2.444709
v 0.036611 1.065519 -2.444040
v 0.037345 1.065248 -2.443820
v 0.038472 1.063271 -2.445686
v 0.038411 1.061101 -2.447266
v 0.038364 1.058745 -2.448552
v 0.035963 1.056661 -2.450790
v 0.036392 1.056360 -2.449839
v 0.037131 1.056252 -2.449516
v 0.044324 1.065083 -2.443955
v 0.042319 1.065187 -2.443969
v 0.040286 1.065218 -2.443914
v 0.045905 1.062973 -2.445625
v 0.045846 1.060859 -2.447163
v 0.045800 1.058564 -2.448416
v 0.044112 1.056208 -2.449574
v 0.042105 1.056244 -2.449631
v 0.040072 1.056250 -2.449593
v 0.038318 1.053635 -2.450149
v 0.038319 1.050966 -2.450433
v 0.038337 1.048282 -2.450371
v 0.036003 1.045302 -2.451260
v 0.036430 1.045527 -2.450288
v 0.037168 1.045613 -2.449956
v 0.045755 1.053585 -2.449973
v 0.045757 1.050984 -2.450249
v 0.045774 1.048370 -2.450188
v 0.044149 1.045711 -2.450009
v 0.042143 1.045666 -2.450069
v 0.040109 1.045642 -2.450032
v 0.038419 1.043057 -2.449202
v 0.038483 1.040604 -2.448114
v 0.038560 1.038312 -2.446720
v 0.036302 1.035231 -2.445994
v 0.036715 1.035921 -2.445265
v 0.037448 1.036179 -2.445023
v 0.045854 1.043279 -2.449049
v 0.045916 1.040889 -2.447990
v 0.045991 1.038656 -2.446632
v 0.044425 1.036404 -2.445143
v 0.042421 1.036287 -2.445165
v 0.040388 1.036237 -2.445114
v 0.038749 1.034373 -2.443098
v 0.038858 1.032792 -2.440931
v 0.038974 1.031505 -2.438578
v 0.036779 1.029146 -2.436403
v 0.037170 1.030118 -2.436117
v 0.037895 1.030479 -2.436039
v 0.046175 1.034818 -2.443103
v 0.046281 1.033278 -2.440991
v 0.046394 1.032025 -2.438699
v 0.044865 1.030781 -2.436279
v 0.042865 1.030620 -2.436233
v 0.040833 1.030554 -2.436157
v 0.039219 1.029908 -2.433473
v 0.039343 1.029624 -2.430807
v 0.039467 1.029687 -2.428126
v 0.037306 1.028678 -2.425056
v 0.037673 1.029672 -2.425295
v 0.038389 1.030041 -2.425411
v 0.046633 1.030468 -2.433726
v 0.046754 1.030192 -2.431128
v 0.046875 1.030253 -2.428516
v 0.045353 1.030348 -2.425793
v 0.043356 1.030185 -2.425666
v 0.041326 1.030117 -2.425560
v 0.039702 1.030859 -2.422907
v 0.039810 1.031948 -2.420455
v 0.039908 1.033344 -2.418165
v 0.037743 1.033952 -2.414994
v 0.038089 1.034702 -2.415699
v 0.038798 1.034981 -2.415986
v 0.047104 1.031395 -2.423431
v 0.047209 1.032456 -2.421043
v 0.047304 1.033816 -2.418812
v 0.045756 1.035222 -2.416495
v 0.043763 1.035096 -2.416296
v 0.041734 1.035043 -2.416163
v 0.040070 1.036971 -2.414230
v 0.040132 1.039141 -2.412650
v 0.040178 1.041497 -2.411364
v 0.037972 1.043556 -2.408913
v 0.038308 1.043861 -2.409899
v 0.039012 1.043977 -2.410290
v 0.047463 1.037350 -2.414977
v 0.047522 1.039464 -2.413439
v 0.047568 1.041759 -2.412186
v 0.045968 1.044097 -2.410875
v 0.043976 1.044039 -2.410633
v 0.041948 1.044011 -2.410484
v 0.040224 1.046607 -2.409767
v 0.040223 1.049276 -2.409483
v 0.040206 1.051960 -2.409545
v 0.037932 1.054915 -2.408442
v 0.038270 1.054694 -2.409451
v 0.038975 1.054616 -2.409849
v 0.047613 1.046738 -2.410630
v 0.047611 1.049339 -2.410352
v 0.047594 1.051953 -2.410414
v 0.045931 1.054594 -2.410441
v 0.043939 1.054617 -2.410195
v 0.041910 1.054619 -2.410045
v 0.040123 1.057185 -2.410715
v 0.040059 1.059638 -2.411802
v 0.039982 1.061930 -2.413196
v 0.037634 1.064986 -2.413709
v 0.037985 1.064300 -2.414473
v 0.038695 1.064050 -2.414782
v 0.047514 1.057043 -2.411553
v 0.047452 1.059434 -2.412612
v 0.047377 1.061667 -2.413970
v 0.045655 1.063901 -2.415307
v 0.043661 1.063996 -2.415099
v 0.041632 1.064024 -2.414963
v 0.039793 1.065869 -2.416818
v 0.039685 1.067450 -2.418985
v 0.039569 1.068737 -2.421338
v 0.037157 1.071071 -2.423300
v 0.037530 1.070103 -2.423621
v 0.038249 1.069750 -2.423766
v 0.047193 1.065504 -2.417499
v 0.047087 1.067044 -2.419611
v 0.046974 1.068298 -2.421903
v 0.045215 1.069524 -2.424171
v 0.043217 1.069663 -2.424031
v 0.041186 1.069707 -2.423920
v 0.039324 1.070334 -2.426443
v 0.039199 1.070618 -2.429109
v 0.039075 1.070555 -2.431790
v 0.036629 1.071539 -2.434647
v 0.037027 1.070549 -2.434443
v 0.037755 1.070188 -2.434395
v 0.046735 1.069854 -2.426876
v 0.046614 1.070131 -2.429474
v 0.046493 1.070069 -2.432086
v 0.044727 1.069957 -2.434657
v 0.042725 1.070099 -2.434598
v 0.040694 1.070144 -2.434517
v 0.038634 1.066898 -2.441751
v 0.038733 1.068294 -2.439461
v 0.038840 1.069383 -2.437009
v 0.046063 1.066506 -2.441790
v 0.046159 1.067867 -2.439559
v 0.046264 1.068928 -2.437171
v 0.046781 1.055990 -2.448952
v 0.046944 1.055825 -2.448430
v 0.046081 1.055666 -2.447896
v 0.046985 1.064523 -2.443549
v 0.047142 1.064115 -2.443180
v 0.046273 1.063731 -2.442790
v 0.044134 1.061741 -2.444078
v 0.044080 1.059829 -2.445470
v 0.044039 1.057752 -2.446604
v 0.046817 1.045896 -2.449370
v 0.046979 1.046018 -2.448836
v 0.046114 1.046126 -2.448291
v 0.043998 1.053248 -2.448011
v 0.044000 1.050896 -2.448262
v 0.044015 1.048531 -2.448206
v 0.047082 1.036947 -2.444691
v 0.047237 1.037324 -2.444289
v 0.046365 1.037669 -2.443869
v 0.044088 1.043926 -2.447176
v 0.044144 1.041763 -2.446218
v 0.044212 1.039743 -2.444989
v 0.047506 1.031540 -2.436168
v 0.047648 1.032070 -2.436009
v 0.046765 1.032559 -2.435814
v 0.044378 1.036271 -2.441796
v 0.044474 1.034878 -2.439887
v 0.044576 1.033744 -2.437813
v 0.047975 1.031124 -2.426085
v 0.048104 1.031666 -2.426213
v 0.047208 1.032166 -2.426285
v 0.044792 1.032336 -2.433314
v 0.044902 1.032086 -2.430964
v 0.045011 1.032142 -2.428601
v 0.048363 1.035811 -2.417145
v 0.048481 1.036220 -2.417526
v 0.047575 1.036595 -2.417835
v 0.045219 1.033175 -2.424001
v 0.045313 1.034134 -2.421840
v 0.045400 1.035365 -2.419822
v 0.048566 1.044344 -2.411741
v 0.048679 1.044510 -2.412277
v 0.047768 1.044660 -2.412728
v 0.045543 1.038562 -2.416353
v 0.045597 1.040474 -2.414961
v 0.045638 1.042550 -2.413828
v 0.048531 1.054437 -2.411323
v 0.048644 1.054317 -2.411870
v 0.047734 1.054199 -2.412333
v 0.045679 1.047055 -2.412420
v 0.045678 1.049407 -2.412170
v 0.045662 1.051772 -2.412225
v 0.048266 1.063387 -2.416003
v 0.048387 1.063011 -2.416417
v 0.047483 1.062657 -2.416755
v 0.045589 1.056377 -2.413255
v 0.045533 1.058539 -2.414213
v 0.045466 1.060560 -2.415442
v 0.047842 1.068793 -2.424525
v 0.047975 1.068265 -2.424697
v 0.047083 1.067767 -2.424810
v 0.045299 1.064031 -2.418635
v 0.045203 1.065424 -2.420545
v 0.045101 1.066558 -2.422618
v 0.047373 1.069209 -2.434608
v 0.047519 1.068669 -2.434493
v 0.046640 1.068160 -2.434340
v 0.044885 1.067966 -2.427118
v 0.044775 1.068217 -2.429467
v 0.044666 1.068161 -2.431830
v 0.044277 1.064938 -2.440609
v 0.044364 1.066168 -2.438591
v 0.044459 1.067128 -2.436430
v 0.040646 1.055494 -2.447190
v 0.036243 1.055497 -2.447073
v 0.031148 1.055537 -2.447054
v 0.040834 1.063351 -2.442215
v 0.036431 1.063393 -2.442073
v 0.031339 1.063533 -2.441991
v 0.025735 1.057862 -2.446209
v 0.025777 1.059995 -2.445044
v 0.025833 1.061960 -2.443614
v 0.040679 1.046201 -2.447575
v 0.036276 1.046157 -2.447459
v 0.031181 1.046080 -2.447446
v 0.025693 1.053234 -2.447655
v 0.025695 1.050817 -2.447912
v 0.025710 1.048387 -2.447856
v 0.040923 1.037961 -2.443267
v 0.036521 1.037876 -2.443129
v 0.031430 1.037695 -2.443061
v 0.025785 1.043655 -2.446797
v 0.025843 1.041433 -2.445812
v 0.025913 1.039357 -2.444550
v 0.041313 1.032983 -2.435420
v 0.036913 1.032873 -2.435243
v 0.031827 1.032629 -2.435075
v 0.026084 1.035790 -2.441269
v 0.026182 1.034359 -2.439307
v 0.026287 1.033193 -2.437176
v 0.041745 1.032600 -2.426136
v 0.037347 1.032488 -2.425913
v 0.032266 1.032239 -2.425628
v 0.026509 1.031747 -2.432553
v 0.026622 1.031489 -2.430139
v 0.026734 1.031547 -2.427711
v 0.042102 1.036915 -2.417904
v 0.037706 1.036825 -2.417640
v 0.032630 1.036630 -2.417251
v 0.026947 1.032608 -2.422984
v 0.027044 1.033594 -2.420764
v 0.027133 1.034859 -2.418690
v 0.042290 1.044772 -2.412929
v 0.037895 1.044721 -2.412640
v 0.032820 1.044626 -2.412188
v 0.027280 1.038144 -2.415126
v 0.027336 1.040108 -2.413696
v 0.027378 1.042242 -2.412531
v 0.042257 1.054065 -2.412544
v 0.037862 1.054061 -2.412253
v 0.032787 1.054083 -2.411796
v 0.027420 1.046870 -2.411085
v 0.027419 1.049287 -2.410827
v 0.027403 1.051717 -2.410884
v 0.042013 1.062305 -2.416853
v 0.037616 1.062342 -2.416583
v 0.032539 1.062468 -2.416181
v 0.027328 1.056449 -2.411943
v 0.027271 1.058671 -2.412927
v 0.027201 1.060747 -2.414190
v 0.041623 1.067283 -2.424700
v 0.037224 1.067345 -2.424469
v 0.032142 1.067534 -2.424166
v 0.027030 1.064314 -2.417470
v 0.026931 1.065745 -2.419433
v 0.026826 1.066910 -2.421564
v 0.041191 1.067666 -2.433983
v 0.036791 1.067730 -2.433799
v 0.031702 1.067924 -2.433614
v 0.026604 1.068357 -2.426187
v 0.026491 1.068614 -2.428601
v 0.026379 1.068557 -2.431029
v 0.025980 1.065245 -2.440049
v 0.026069 1.066510 -2.437975
v 0.026166 1.067496 -2.435755
v 0.049246 1.055296 -2.446806
v 0.057619 1.055342 -2.447193
v 0.065297 1.055384 -2.447548
v 0.040642 1.061122 -2.443198
v 0.040591 1.059309 -2.444518
v 0.040552 1.057340 -2.445593
v 0.049425 1.062795 -2.442058
v 0.057798 1.062841 -2.442445
v 0.065476 1.062882 -2.442800
v 0.072051 1.061293 -2.444651
v 0.072000 1.059480 -2.445971
v 0.071961 1.057511 -2.447046
v 0.049277 1.046427 -2.447173
v 0.057650 1.046472 -2.447561
v 0.065329 1.046514 -2.447916
v 0.040514 1.053069 -2.446928
v 0.040515 1.050838 -2.447166
v 0.040529 1.048595 -2.447113
v 0.071923 1.053240 -2.448381
v 0.071924 1.051009 -2.448619
v 0.071938 1.048766 -2.448566
v 0.049510 1.038563 -2.443061
v 0.057883 1.038608 -2.443448
v 0.065562 1.038650 -2.443804
v 0.040598 1.044228 -2.446136
v 0.040652 1.042178 -2.445228
v 0.040716 1.040262 -2.444062
v 0.072007 1.044399 -2.447589
v 0.072060 1.042349 -2.446681
v 0.072125 1.040433 -2.445515
v 0.049883 1.033811 -2.435571
v 0.058255 1.033857 -2.435959
v 0.065934 1.033899 -2.436314
v 0.040874 1.036970 -2.441035
v 0.040965 1.035649 -2.439224
v 0.041062 1.034573 -2.437257
v 0.072283 1.037141 -2.442488
v 0.072374 1.035820 -2.440677
v 0.072471 1.034744 -2.438710
v 0.050315 1.033444 -2.426530
v 0.058828 1.033476 -2.425646
v 0.066917 1.033481 -2.422385
v 0.041266 1.033238 -2.432991
v 0.041371 1.033001 -2.430762
v 0.041474 1.033054 -2.428521
v 0.072700 1.033405 -2.434264
v 0.072976 1.033144 -2.430778
v 0.073568 1.033136 -2.424957
v 0.050621 1.037562 -2.418560
v 0.058894 1.037595 -2.416887
v 0.066299 1.037603 -2.411648
v 0.041671 1.034033 -2.424159
v 0.041761 1.034943 -2.422110
v 0.041843 1.036110 -2.420196
v 0.073235 1.034183 -2.408035
v 0.072597 1.035108 -2.404809
v 0.072400 1.036237 -2.402642
v 0.050799 1.045055 -2.413822
v 0.059062 1.045042 -2.412218
v 0.066442 1.044927 -2.407168
v 0.041978 1.039142 -2.416907
v 0.042030 1.040955 -2.415587
v 0.042069 1.042924 -2.414512
v 0.072440 1.039110 -2.399728
v 0.072467 1.040824 -2.398585
v 0.072487 1.042684 -2.397654
v 0.050768 1.053916 -2.413455
v 0.059031 1.053849 -2.411853
v 0.066412 1.053584 -2.406810
v 0.042107 1.047195 -2.413177
v 0.042106 1.049426 -2.412940
v 0.042091 1.051669 -2.412992
v 0.072503 1.046716 -2.396490
v 0.072500 1.048820 -2.396278
v 0.072489 1.050934 -2.396316
v 0.050536 1.061773 -2.417557
v 0.058809 1.061655 -2.415890
v 0.066216 1.061253 -2.410669
v 0.042022 1.056036 -2.413969
v 0.041969 1.058087 -2.414877
v 0.041905 1.060002 -2.416043
v 0.072443 1.055048 -2.397142
v 0.072410 1.056979 -2.397917
v 0.072370 1.058781 -2.398913
v 0.050198 1.066535 -2.425159
v 0.058711 1.066487 -2.424278
v 0.066802 1.066262 -2.421028
v 0.041747 1.063294 -2.419070
v 0.041656 1.064615 -2.420882
v 0.041559 1.065691 -2.422848
v 0.072310 1.061885 -2.401580
v 0.072498 1.063193 -2.403646
v 0.073129 1.064391 -2.406784
v 0.049766 1.066913 -2.434201
v 0.058139 1.066959 -2.434588
v 0.065817 1.067001 -2.434943
v 0.041354 1.067026 -2.427115
v 0.041250 1.067263 -2.429343
v 0.041147 1.067211 -2.431584
v 0.073449 1.066866 -2.423560
v 0.072856 1.067342 -2.429362
v 0.072580 1.067370 -2.432858
v 0.072187 1.064325 -2.441362
v 0.072269 1.065492 -2.439448
v 0.072359 1.066402 -2.437399
v 0.040778 1.064154 -2.439909
v 0.040860 1.065321 -2.437995
v 0.040950 1.066231 -2.435946
v 0.077268 1.055438 -2.448069
v 0.081368 1.055388 -2.448025
v 0.084390 1.055206 -2.447530
v 0.077447 1.062922 -2.443330
v 0.081544 1.062764 -2.443354
v 0.084559 1.062291 -2.443043
v 0.086586 1.059972 -2.443688
v 0.086539 1.058453 -2.444897
v 0.086509 1.056710 -2.445753
v 0.077299 1.046587 -2.448435
v 0.081399 1.046663 -2.448386
v 0.084420 1.046824 -2.447877
v 0.086474 1.052923 -2.446937
v 0.086472 1.051002 -2.447226
v 0.086488 1.049065 -2.447097
v 0.077532 1.038739 -2.444332
v 0.081628 1.038927 -2.444341
v 0.084640 1.039393 -2.443991
v 0.086549 1.045193 -2.446230
v 0.086592 1.043386 -2.445521
v 0.086651 1.041772 -2.444442
v 0.077903 1.033997 -2.436857
v 0.081994 1.034253 -2.436974
v 0.084992 1.034903 -2.436914
v 0.086791 1.038854 -2.441757
v 0.086867 1.037643 -2.440240
v 0.086953 1.036787 -2.438499
v 0.079987 1.033215 -2.411187
v 0.083541 1.033311 -2.410604
v 0.086315 1.033809 -2.411504
v 0.087149 1.035591 -2.434533
v 0.087341 1.035215 -2.431331
v 0.087716 1.035117 -2.425740
v 0.077787 1.067032 -2.435489
v 0.081880 1.066815 -2.435625
v 0.084882 1.066183 -2.435619
v 0.079873 1.065676 -2.409843
v 0.083427 1.065562 -2.409268
v 0.086205 1.065168 -2.410205
v 0.087610 1.065063 -2.424500
v 0.087235 1.065426 -2.430080
v 0.087044 1.065317 -2.433302
v 0.086707 1.062660 -2.440772
v 0.086775 1.063741 -2.439160
v 0.086855 1.064451 -2.437354
v 0.088625 1.063055 -2.390555
v 0.088367 1.061311 -2.366723
v 0.086671 1.059435 -2.343720
v 0.079106 1.063538 -2.390217
v 0.080988 1.061405 -2.366833
v 0.080647 1.059395 -2.344165
v 0.081554 1.058135 -2.324774
v 0.080204 1.058228 -2.325038
v 0.078821 1.058107 -2.325164
v 0.090413 1.058556 -2.384151
v 0.089944 1.057387 -2.362663
v 0.087908 1.055927 -2.341065
v 0.090098 1.060369 -2.403551
v 0.089916 1.061624 -2.405301
v 0.089466 1.062761 -2.408150
v 0.083271 1.057302 -2.323961
v 0.083535 1.056576 -2.323483
v 0.083556 1.055667 -2.323002
v 0.090463 1.052008 -2.381411
v 0.089897 1.051041 -2.360423
v 0.087743 1.049976 -2.339434
v 0.090252 1.054443 -2.399745
v 0.090229 1.056131 -2.400320
v 0.090195 1.057631 -2.401231
v 0.083362 1.053368 -2.322171
v 0.083279 1.052019 -2.321861
v 0.083214 1.050570 -2.321629
v 0.090489 1.044590 -2.381718
v 0.089923 1.043833 -2.360722
v 0.087767 1.043194 -2.339715
v 0.090302 1.047221 -2.399179
v 0.090303 1.049015 -2.398916
v 0.090290 1.050825 -2.399029
v 0.083143 1.047468 -2.321417
v 0.083138 1.045866 -2.321441
v 0.083154 1.044269 -2.321549
v 0.090484 1.038291 -2.384991
v 0.090014 1.037694 -2.363478
v 0.087974 1.037399 -2.341833
v 0.090255 1.040620 -2.401935
v 0.090279 1.042040 -2.400904
v 0.090290 1.043674 -2.400191
v 0.083247 1.041195 -2.322017
v 0.083322 1.039771 -2.322368
v 0.083414 1.038453 -2.322789
v 0.088726 1.034309 -2.391746
v 0.088463 1.034085 -2.367850
v 0.086760 1.034085 -2.344769
v 0.089560 1.036072 -2.409255
v 0.090003 1.036974 -2.406322
v 0.090176 1.038082 -2.404474
v 0.083624 1.036231 -2.323807
v 0.083610 1.035361 -2.324361
v 0.083351 1.034667 -2.324899
v 0.079211 1.033678 -2.391454
v 0.081085 1.033860 -2.367974
v 0.080736 1.034005 -2.345217
v 0.081639 1.033845 -2.325779
v 0.080291 1.033731 -2.326052
v 0.078906 1.033818 -2.326169
v 0.076717 1.059096 -2.383307
v 0.079023 1.057482 -2.362729
v 0.078891 1.055861 -2.341721
v 0.076829 1.057237 -2.324881
v 0.076351 1.056504 -2.324508
v 0.076098 1.055592 -2.324066
v 0.076779 1.052115 -2.380340
v 0.078980 1.051007 -2.360422
v 0.078726 1.049894 -2.340082
v 0.075865 1.053292 -2.323241
v 0.075782 1.051943 -2.322931
v 0.075717 1.050494 -2.322699
v 0.076807 1.044209 -2.380667
v 0.079006 1.043654 -2.360727
v 0.078750 1.043094 -2.340364
v 0.075647 1.047392 -2.322487
v 0.075642 1.045791 -2.322510
v 0.075658 1.044193 -2.322619
v 0.076793 1.037497 -2.384201
v 0.079094 1.037393 -2.363560
v 0.078956 1.037284 -2.342491
v 0.075750 1.041119 -2.323087
v 0.075825 1.039695 -2.323438
v 0.075918 1.038377 -2.323858
v 0.076167 1.036156 -2.324871
v 0.076426 1.035289 -2.325386
v 0.076909 1.034602 -2.325818
v 0.075829 1.056771 -2.310964
v 0.067710 1.056176 -2.302792
v 0.060147 1.055860 -2.298559
v 0.071844 1.056738 -2.311904
v 0.064698 1.056164 -2.303871
v 0.057967 1.055864 -2.299642
v 0.053154 1.055808 -2.296684
v 0.051875 1.055867 -2.296758
v 0.052225 1.055816 -2.297276
v 0.076165 1.053705 -2.309573
v 0.067191 1.053229 -2.301549
v 0.058115 1.053032 -2.297159
v 0.053287 1.055357 -2.296246
v 0.051688 1.054764 -2.295626
v 0.050863 1.053962 -2.295267
v 0.075744 1.048427 -2.308877
v 0.066652 1.048089 -2.301070
v 0.057475 1.047944 -2.296783
v 0.050272 1.051867 -2.294941
v 0.050071 1.050634 -2.294839
v 0.049911 1.049306 -2.294772
v 0.075766 1.042378 -2.309128
v 0.066673 1.042190 -2.301314
v 0.057496 1.042100 -2.297025
v 0.049729 1.046457 -2.294748
v 0.049710 1.044984 -2.294791
v 0.049740 1.043514 -2.294870
v 0.076223 1.037178 -2.310258
v 0.067247 1.037112 -2.302217
v 0.058171 1.037066 -2.297820
v 0.049941 1.040678 -2.295130
v 0.050110 1.039361 -2.295306
v 0.050321 1.038142 -2.295510
v 0.075909 1.034205 -2.311898
v 0.067787 1.034247 -2.303700
v 0.060223 1.034326 -2.299451
v 0.050926 1.036083 -2.296007
v 0.051757 1.035306 -2.296432
v 0.053359 1.034742 -2.297100
v 0.071924 1.034173 -2.312838
v 0.064776 1.034235 -2.304780
v 0.058043 1.034330 -2.300533
v 0.053230 1.034314 -2.297574
v 0.051951 1.034261 -2.297653
v 0.052301 1.034322 -2.298166
v 0.070198 1.053657 -2.310986
v 0.062755 1.053213 -2.303187
v 0.055112 1.053046 -2.298816
v 0.051581 1.055375 -2.297415
v 0.049933 1.054788 -2.296945
v 0.049091 1.053989 -2.296646
v 0.069777 1.048378 -2.310289
v 0.062217 1.048074 -2.302707
v 0.054472 1.047958 -2.298440
v 0.048498 1.051895 -2.296329
v 0.048296 1.050661 -2.296227
v 0.048136 1.049333 -2.296160
v 0.069798 1.042329 -2.310540
v 0.062238 1.042175 -2.302951
v 0.054493 1.042114 -2.298682
v 0.047954 1.046485 -2.296136
v 0.047936 1.045012 -2.296179
v 0.047965 1.043541 -2.296258
v 0.070256 1.037129 -2.311670
v 0.062812 1.037096 -2.303854
v 0.055168 1.037080 -2.299477
v 0.048167 1.040706 -2.296518
v 0.048336 1.039389 -2.296694
v 0.048546 1.038169 -2.296897
v 0.051653 1.034761 -2.298269
v 0.050001 1.035331 -2.297750
v 0.049154 1.036111 -2.297386
v 0.045742 1.037034 -2.294843
v 0.043889 1.037041 -2.294839
v 0.044932 1.037054 -2.295631
v 0.044943 1.042064 -2.294110
v 0.043073 1.042071 -2.294112
v 0.044132 1.042084 -2.294897
v 0.044922 1.047900 -2.293868
v 0.043053 1.047907 -2.293870
v 0.044112 1.047920 -2.294656
v 0.045686 1.052978 -2.294183
v 0.043832 1.052985 -2.294179
v 0.044875 1.052999 -2.294971
v 0.087827 1.054217 -2.444465
v 0.088594 1.053382 -2.441814
v 0.088993 1.052313 -2.438408
v 0.087961 1.059827 -2.440912
v 0.088699 1.057763 -2.439040
v 0.089061 1.055128 -2.436626
v 0.087851 1.047580 -2.444740
v 0.088613 1.048199 -2.442029
v 0.089005 1.048985 -2.438546
v 0.088025 1.041696 -2.441663
v 0.088749 1.043604 -2.439626
v 0.089093 1.046033 -2.437003
v 0.088304 1.038141 -2.436059
v 0.088966 1.040828 -2.435250
v 0.089232 1.044250 -2.434192
v 0.089119 1.037581 -2.424254
v 0.089360 1.040529 -2.428589
v 0.089406 1.044102 -2.430681
v 0.089934 1.040914 -2.415563
v 0.089722 1.043010 -2.423116
v 0.089554 1.045657 -2.427622
v 0.090031 1.046351 -2.412279
v 0.089816 1.047340 -2.420421
v 0.089620 1.048465 -2.425850
v 0.090009 1.052774 -2.412013
v 0.089798 1.052459 -2.420209
v 0.089609 1.051786 -2.425713
v 0.089872 1.058462 -2.414836
v 0.089673 1.056996 -2.422537
v 0.089522 1.054730 -2.427247
v 0.089031 1.062496 -2.423222
v 0.089291 1.059919 -2.427786
v 0.089362 1.056532 -2.430166
v 0.088217 1.062909 -2.435034
v 0.088898 1.060169 -2.434449
v 0.089189 1.056673 -2.433678
v 0.019158 1.065250 -2.453093
v 0.019082 1.060626 -2.445787
v 0.019165 1.066187 -2.449692
v 0.019752 1.070546 -2.453969
v 0.019654 1.067578 -2.456789
v 0.019590 1.063760 -2.458266
v 0.019060 1.061777 -2.452485
v 0.019031 1.051190 -2.457487
v 0.018993 1.050832 -2.448848
v 0.018987 1.053700 -2.455009
v 0.019514 1.055352 -2.460893
v 0.019508 1.051372 -2.461854
v 0.019542 1.047326 -2.461226
v 0.019005 1.048483 -2.455225
v 0.019258 1.036816 -2.454270
v 0.019151 1.040819 -2.446607
v 0.019136 1.040226 -2.453377
v 0.019678 1.038731 -2.459302
v 0.019770 1.034804 -2.458146
v 0.019889 1.031615 -2.455581
v 0.019273 1.035600 -2.450959
v 0.019778 1.025979 -2.444304
v 0.019514 1.033271 -2.439666
v 0.019572 1.029375 -2.445234
v 0.020200 1.025135 -2.449622
v 0.020369 1.022314 -2.446659
v 0.020537 1.020835 -2.442845
v 0.019791 1.026581 -2.440829
v 0.020452 1.021584 -2.430260
v 0.019983 1.030209 -2.429883
v 0.020178 1.024056 -2.432761
v 0.020940 1.018207 -2.434447
v 0.021146 1.017247 -2.430471
v 0.021312 1.017876 -2.426429
v 0.020420 1.023841 -2.427550
v 0.021099 1.024807 -2.415900
v 0.020433 1.032455 -2.419880
v 0.020792 1.025693 -2.419301
v 0.021699 1.019804 -2.417842
v 0.021891 1.020963 -2.413920
v 0.022008 1.023531 -2.410732
v 0.020992 1.028115 -2.414680
v 0.021546 1.034786 -2.405073
v 0.020745 1.039406 -2.412338
v 0.021249 1.033847 -2.408460
v 0.022275 1.029498 -2.404258
v 0.022406 1.032465 -2.401439
v 0.022437 1.036283 -2.399961
v 0.021354 1.038258 -2.405667
v 0.021672 1.048847 -2.400679
v 0.020833 1.049200 -2.409277
v 0.021427 1.046335 -2.403143
v 0.022513 1.044691 -2.397334
v 0.022552 1.048671 -2.396375
v 0.022484 1.052717 -2.397001
v 0.021408 1.051551 -2.402927
v 0.021445 1.063221 -2.403895
v 0.020675 1.059212 -2.411518
v 0.021278 1.059809 -2.404775
v 0.022349 1.061313 -2.398925
v 0.022291 1.065240 -2.400082
v 0.022138 1.068429 -2.402646
v 0.021141 1.064434 -2.407193
v 0.020925 1.074057 -2.413861
v 0.020313 1.066761 -2.418459
v 0.020842 1.070660 -2.412918
v 0.021827 1.074909 -2.408605
v 0.021691 1.077730 -2.411569
v 0.021490 1.079208 -2.415382
v 0.020623 1.073454 -2.417323
v 0.020252 1.078453 -2.427905
v 0.019843 1.069822 -2.428242
v 0.020236 1.075979 -2.425391
v 0.021087 1.081836 -2.423780
v 0.020915 1.082796 -2.427757
v 0.020714 1.082167 -2.431798
v 0.019994 1.076194 -2.430602
v 0.019605 1.075229 -2.442265
v 0.020328 1.080240 -2.440385
v 0.020169 1.079080 -2.444309
v 0.020019 1.076513 -2.447494
v 0.019422 1.071920 -2.443472
v 0.019393 1.067577 -2.438245
v 0.019622 1.074342 -2.438851
v 0.023610 1.075528 -2.459831
v 0.026635 1.076157 -2.460674
v 0.029724 1.075722 -2.460264
v 0.023489 1.071390 -2.462952
v 0.026513 1.071871 -2.463825
v 0.029604 1.071493 -2.463346
v 0.023402 1.066798 -2.465358
v 0.026421 1.067188 -2.466352
v 0.029513 1.066898 -2.465851
v 0.023312 1.056831 -2.468473
v 0.026330 1.057027 -2.469528
v 0.029423 1.056929 -2.468967
v 0.023311 1.051686 -2.469110
v 0.026331 1.051739 -2.470117
v 0.029426 1.051725 -2.469524
v 0.023349 1.046506 -2.468901
v 0.026367 1.046419 -2.469967
v 0.029460 1.046492 -2.469399
v 0.023510 1.036317 -2.466621
v 0.026531 1.036031 -2.467643
v 0.029621 1.036300 -2.467118
v 0.023629 1.031543 -2.464602
v 0.026656 1.031157 -2.465512
v 0.029745 1.031515 -2.465002
v 0.023781 1.027162 -2.461834
v 0.026810 1.026626 -2.462725
v 0.029895 1.027047 -2.462280
v 0.024149 1.019480 -2.454770
v 0.027186 1.018795 -2.455523
v 0.030264 1.019363 -2.455214
v 0.024358 1.016357 -2.450636
v 0.027401 1.015641 -2.451242
v 0.030476 1.016279 -2.450990
v 0.024583 1.013949 -2.446051
v 0.027631 1.013112 -2.446565
v 0.030702 1.013772 -2.446401
v 0.025060 1.010833 -2.436095
v 0.028118 1.009936 -2.436416
v 0.031180 1.010656 -2.436443
v 0.025302 1.010198 -2.430955
v 0.028365 1.009347 -2.431133
v 0.031423 1.010099 -2.431244
v 0.025540 1.010408 -2.425781
v 0.028610 1.009499 -2.425819
v 0.031665 1.010226 -2.426017
v 0.025999 1.012693 -2.415601
v 0.029078 1.011828 -2.415442
v 0.032123 1.012512 -2.415835
v 0.026208 1.014715 -2.410832
v 0.029292 1.013963 -2.410572
v 0.032333 1.014632 -2.411054
v 0.026396 1.017487 -2.406455
v 0.029486 1.016754 -2.406045
v 0.032525 1.017358 -2.406590
v 0.026712 1.024561 -2.398780
v 0.029809 1.023965 -2.398220
v 0.032841 1.024433 -2.398913
v 0.026834 1.028699 -2.395659
v 0.029931 1.028251 -2.395068
v 0.032961 1.028662 -2.395831
v 0.026920 1.033290 -2.393252
v 0.030023 1.032934 -2.392541
v 0.033052 1.033257 -2.393326
v 0.027010 1.043257 -2.390137
v 0.030114 1.043095 -2.389366
v 0.033142 1.043226 -2.390210
v 0.027012 1.048403 -2.389501
v 0.030113 1.048383 -2.388777
v 0.033139 1.048430 -2.389653
v 0.026974 1.053583 -2.389709
v 0.030077 1.053703 -2.388927
v 0.033105 1.053663 -2.389778
v 0.026813 1.063772 -2.391990
v 0.029913 1.064090 -2.391251
v 0.032944 1.063855 -2.392059
v 0.026694 1.068546 -2.394009
v 0.029788 1.068965 -2.393382
v 0.032820 1.068640 -2.394175
v 0.026542 1.072927 -2.396777
v 0.029634 1.073496 -2.396169
v 0.032670 1.073108 -2.396897
v 0.026173 1.080609 -2.403841
v 0.029258 1.081327 -2.403371
v 0.032301 1.080792 -2.403963
v 0.025965 1.083732 -2.407974
v 0.029043 1.084481 -2.407652
v 0.032089 1.083876 -2.408187
v 0.025740 1.086140 -2.412560
v 0.028813 1.087010 -2.412328
v 0.031863 1.086383 -2.412776
v 0.025262 1.089255 -2.422515
v 0.028326 1.090186 -2.422478
v 0.031385 1.089499 -2.422734
v 0.025021 1.089891 -2.427655
v 0.028078 1.090775 -2.427761
v 0.031142 1.090056 -2.427933
v 0.024783 1.089681 -2.432830
v 0.027833 1.090623 -2.433075
v 0.030901 1.089929 -2.433160
v 0.030041 1.082798 -2.452587
v 0.026958 1.083368 -2.452849
v 0.023927 1.082601 -2.452156
v 0.030232 1.085523 -2.448123
v 0.027152 1.086159 -2.448322
v 0.024114 1.085374 -2.447778
v 0.030442 1.087644 -2.443341
v 0.027366 1.088294 -2.443452
v 0.024324 1.087396 -2.443009
v 0.033908 1.064659 -2.461170
v 0.033987 1.068636 -2.458999
v 0.034090 1.072299 -2.456333
v 0.034926 1.063058 -2.457748
v 0.034997 1.066596 -2.455816
v 0.035089 1.069855 -2.453444
v 0.035450 1.061475 -2.454346
v 0.035511 1.064580 -2.452651
v 0.035592 1.067440 -2.450569
v 0.033862 1.046996 -2.464240
v 0.033832 1.051526 -2.464346
v 0.033830 1.056032 -2.463866
v 0.034885 1.047343 -2.460479
v 0.034859 1.051373 -2.460573
v 0.034857 1.055382 -2.460147
v 0.035414 1.047683 -2.456744
v 0.035391 1.051220 -2.456826
v 0.035389 1.054738 -2.456452
v 0.034239 1.030164 -2.458077
v 0.034109 1.034034 -2.460432
v 0.034001 1.038176 -2.462266
v 0.035221 1.032367 -2.454996
v 0.035105 1.035810 -2.457091
v 0.035009 1.039495 -2.458723
v 0.035708 1.034540 -2.451932
v 0.035606 1.037562 -2.453770
v 0.035522 1.040796 -2.455203
v 0.034937 1.018674 -2.444332
v 0.034742 1.020847 -2.448304
v 0.034558 1.023515 -2.451962
v 0.035842 1.022145 -2.442767
v 0.035668 1.024077 -2.446301
v 0.035505 1.026451 -2.449556
v 0.036253 1.025568 -2.441199
v 0.036100 1.027265 -2.444300
v 0.035957 1.029348 -2.447157
v 0.035770 1.015605 -2.426688
v 0.035561 1.015498 -2.431214
v 0.035350 1.015977 -2.435715
v 0.036583 1.019414 -2.427069
v 0.036397 1.019319 -2.431095
v 0.036210 1.019745 -2.435100
v 0.036904 1.023172 -2.427422
v 0.036741 1.023088 -2.430955
v 0.036576 1.023462 -2.434470
v 0.036515 1.021779 -2.409873
v 0.036348 1.019421 -2.413739
v 0.036167 1.017583 -2.417877
v 0.037245 1.024907 -2.412107
v 0.037098 1.022809 -2.415547
v 0.036936 1.021174 -2.419229
v 0.037485 1.027992 -2.414292
v 0.037355 1.026151 -2.417311
v 0.037214 1.024716 -2.420542
v 0.036971 1.035541 -2.398392
v 0.036892 1.031564 -2.400563
v 0.036789 1.027902 -2.403229
v 0.037651 1.037151 -2.401892
v 0.037581 1.033613 -2.403824
v 0.037489 1.030354 -2.406196
v 0.037841 1.038738 -2.405327
v 0.037780 1.035633 -2.407022
v 0.037699 1.032773 -2.409104
v 0.037017 1.053205 -2.395321
v 0.037046 1.048674 -2.395216
v 0.037049 1.044169 -2.395695
v 0.037692 1.052867 -2.399161
v 0.037719 1.048836 -2.399067
v 0.037721 1.044827 -2.399494
v 0.037877 1.052531 -2.402929
v 0.037900 1.048993 -2.402847
v 0.037902 1.045475 -2.403221
v 0.036640 1.070036 -2.401484
v 0.036770 1.066167 -2.399130
v 0.036878 1.062025 -2.397295
v 0.037357 1.067842 -2.404644
v 0.037473 1.064399 -2.402550
v 0.037568 1.060714 -2.400917
v 0.037583 1.065674 -2.407742
v 0.037684 1.062652 -2.405903
v 0.037768 1.059418 -2.404470
v 0.035942 1.081526 -2.415229
v 0.036137 1.079354 -2.411257
v 0.036321 1.076686 -2.407599
v 0.036736 1.078065 -2.416873
v 0.036910 1.076132 -2.413339
v 0.037073 1.073758 -2.410084
v 0.037038 1.074645 -2.418474
v 0.037190 1.072949 -2.415373
v 0.037334 1.070866 -2.412516
v 0.035109 1.084595 -2.432873
v 0.035317 1.084702 -2.428348
v 0.035528 1.084223 -2.423847
v 0.035995 1.080796 -2.432571
v 0.036180 1.080891 -2.428545
v 0.036368 1.080465 -2.424541
v 0.036387 1.077042 -2.432251
v 0.036550 1.077125 -2.428718
v 0.036715 1.076751 -2.425203
v 0.034364 1.078422 -2.449689
v 0.034530 1.080779 -2.445822
v 0.034712 1.082617 -2.441684
v 0.035332 1.075303 -2.447533
v 0.035480 1.077401 -2.444093
v 0.035642 1.079036 -2.440411
v 0.035806 1.072221 -2.445381
v 0.035936 1.074062 -2.442363
v 0.036077 1.075497 -2.439131
v 0.036112 1.064183 -2.446687
v 0.036534 1.063534 -2.445925
v 0.037270 1.063298 -2.445672
v 0.036047 1.061861 -2.448377
v 0.036472 1.061319 -2.447538
v 0.037209 1.061123 -2.447255
v 0.035997 1.059340 -2.449754
v 0.036424 1.058915 -2.448851
v 0.037162 1.058761 -2.448545
v 0.040211 1.063275 -2.445760
v 0.042244 1.063249 -2.445810
v 0.044249 1.063159 -2.445783
v 0.040150 1.061106 -2.447339
v 0.042183 1.061086 -2.447384
v 0.044189 1.061013 -2.447345
v 0.040103 1.058751 -2.448625
v 0.042136 1.058738 -2.448667
v 0.044143 1.058683 -2.448617
v 0.035947 1.053869 -2.451463
v 0.036377 1.053698 -2.450481
v 0.037116 1.053637 -2.450146
v 0.035949 1.051013 -2.451767
v 0.036378 1.050973 -2.450771
v 0.037117 1.050961 -2.450431
v 0.035968 1.048140 -2.451701
v 0.036396 1.048233 -2.450707
v 0.037135 1.048271 -2.450368
v 0.040057 1.053643 -2.450221
v 0.042090 1.053644 -2.450258
v 0.044097 1.053628 -2.450197
v 0.040058 1.050975 -2.450505
v 0.042092 1.050983 -2.450542
v 0.044098 1.050988 -2.450478
v 0.040076 1.048292 -2.450443
v 0.042109 1.048308 -2.450480
v 0.044116 1.048333 -2.450416
v 0.036056 1.042548 -2.450449
v 0.036480 1.042900 -2.449514
v 0.037218 1.043033 -2.449196
v 0.036124 1.039922 -2.449286
v 0.036545 1.040395 -2.448404
v 0.037281 1.040573 -2.448106
v 0.036206 1.037468 -2.447793
v 0.036624 1.038055 -2.446981
v 0.037359 1.038274 -2.446708
v 0.040158 1.043070 -2.449274
v 0.042192 1.043101 -2.449314
v 0.044197 1.043165 -2.449260
v 0.040222 1.040617 -2.448188
v 0.042255 1.040655 -2.448231
v 0.044260 1.040739 -2.448184
v 0.040299 1.038326 -2.446794
v 0.042332 1.038370 -2.446841
v 0.044336 1.038471 -2.446805
v 0.036409 1.033252 -2.443916
v 0.036817 1.034034 -2.443283
v 0.037548 1.034325 -2.443076
v 0.036525 1.031560 -2.441596
v 0.036928 1.032421 -2.441071
v 0.037657 1.032741 -2.440904
v 0.036649 1.030183 -2.439078
v 0.037046 1.031107 -2.438669
v 0.037773 1.031450 -2.438545
v 0.040488 1.034389 -2.443173
v 0.042520 1.034444 -2.443230
v 0.044523 1.034575 -2.443222
v 0.040597 1.032809 -2.441007
v 0.042629 1.032869 -2.441070
v 0.044631 1.033012 -2.441079
v 0.040712 1.031522 -2.438655
v 0.042744 1.031586 -2.438725
v 0.044746 1.031739 -2.438751
v 0.036911 1.028473 -2.433614
v 0.037296 1.029476 -2.433458
v 0.038019 1.029849 -2.433427
v 0.037045 1.028169 -2.430760
v 0.037424 1.029186 -2.430736
v 0.038144 1.029564 -2.430753
v 0.037177 1.028237 -2.427891
v 0.037550 1.029251 -2.427999
v 0.038268 1.029628 -2.428066
v 0.040957 1.029925 -2.433552
v 0.042988 1.029993 -2.433636
v 0.044988 1.030159 -2.433702
v 0.041082 1.029642 -2.430887
v 0.043113 1.029710 -2.430979
v 0.045111 1.029878 -2.431065
v 0.041206 1.029705 -2.428207
v 0.043236 1.029774 -2.428307
v 0.045234 1.029940 -2.428413
v 0.037429 1.029491 -2.422304
v 0.037790 1.030447 -2.422671
v 0.038504 1.030802 -2.422833
v 0.037544 1.030656 -2.419680
v 0.037900 1.031559 -2.420169
v 0.038612 1.031894 -2.420375
v 0.037649 1.032151 -2.417229
v 0.038000 1.032984 -2.417830
v 0.038710 1.033294 -2.418079
v 0.041441 1.030876 -2.422990
v 0.043470 1.030941 -2.423104
v 0.045466 1.031100 -2.423250
v 0.041548 1.031965 -2.420540
v 0.043577 1.032027 -2.420660
v 0.045573 1.032176 -2.420825
v 0.041646 1.033361 -2.418251
v 0.043675 1.033419 -2.418378
v 0.045670 1.033558 -2.418560
v 0.037823 1.036034 -2.413016
v 0.038166 1.036687 -2.413813
v 0.038873 1.036931 -2.414133
v 0.037889 1.038356 -2.411326
v 0.038228 1.038902 -2.412201
v 0.038934 1.039106 -2.412550
v 0.037939 1.040877 -2.409949
v 0.038276 1.041306 -2.410888
v 0.038981 1.041468 -2.411260
v 0.041809 1.036986 -2.414316
v 0.043837 1.037034 -2.414455
v 0.045831 1.037146 -2.414667
v 0.041870 1.039155 -2.412738
v 0.043898 1.039197 -2.412880
v 0.045891 1.039292 -2.413105
v 0.041917 1.041510 -2.411452
v 0.043945 1.041545 -2.411598
v 0.045937 1.041622 -2.411833
v 0.037988 1.046347 -2.408240
v 0.038323 1.046524 -2.409257
v 0.039027 1.046592 -2.409659
v 0.037987 1.049205 -2.407935
v 0.038322 1.049248 -2.408967
v 0.039026 1.049268 -2.409374
v 0.037968 1.052077 -2.408002
v 0.038304 1.051988 -2.409031
v 0.039009 1.051958 -2.409437
v 0.041963 1.046618 -2.409856
v 0.043991 1.046639 -2.410006
v 0.045983 1.046677 -2.410253
v 0.041961 1.049286 -2.409572
v 0.043989 1.049300 -2.409723
v 0.045982 1.049317 -2.409972
v 0.041944 1.051969 -2.409634
v 0.043972 1.051975 -2.409786
v 0.045964 1.051971 -2.410034
v 0.037880 1.057669 -2.409254
v 0.038220 1.057322 -2.410224
v 0.038926 1.057196 -2.410609
v 0.037811 1.060295 -2.410417
v 0.038155 1.059826 -2.411334
v 0.038862 1.059656 -2.411699
v 0.037729 1.062749 -2.411910
v 0.038076 1.062166 -2.412758
v 0.038785 1.061955 -2.413097
v 0.041861 1.057191 -2.410803
v 0.043890 1.057182 -2.410951
v 0.045883 1.057139 -2.411190
v 0.041798 1.059644 -2.411889
v 0.043826 1.059628 -2.412035
v 0.045820 1.059566 -2.412266
v 0.041721 1.061935 -2.413283
v 0.043750 1.061913 -2.413424
v 0.045744 1.061834 -2.413645
v 0.037527 1.066965 -2.415787
v 0.037883 1.066187 -2.416456
v 0.038595 1.065904 -2.416729
v 0.037410 1.068657 -2.418107
v 0.037772 1.067801 -2.418668
v 0.038486 1.067488 -2.418901
v 0.037286 1.070034 -2.420625
v 0.037654 1.069114 -2.421070
v 0.038370 1.068779 -2.421260
v 0.041532 1.065872 -2.416904
v 0.043561 1.065839 -2.417035
v 0.045557 1.065730 -2.417228
v 0.041423 1.067452 -2.419070
v 0.043453 1.067415 -2.419195
v 0.045449 1.067293 -2.419371
v 0.041307 1.068739 -2.421422
v 0.043337 1.068697 -2.421540
v 0.045334 1.068566 -2.421699
v 0.037024 1.071744 -2.426089
v 0.037404 1.070745 -2.426281
v 0.038124 1.070380 -2.426378
v 0.036890 1.072048 -2.428943
v 0.037276 1.071035 -2.429003
v 0.037999 1.070665 -2.429052
v 0.036758 1.071980 -2.431812
v 0.037150 1.070970 -2.431739
v 0.037875 1.070601 -2.431739
v 0.041062 1.070336 -2.426525
v 0.043093 1.070290 -2.426629
v 0.045092 1.070146 -2.426748
v 0.040938 1.070619 -2.429190
v 0.042969 1.070573 -2.429286
v 0.044969 1.070427 -2.429385
v 0.040814 1.070556 -2.431870
v 0.042845 1.070510 -2.431958
v 0.044846 1.070364 -2.432037
v 0.036506 1.070726 -2.437399
v 0.036910 1.069774 -2.437068
v 0.037640 1.069427 -2.436972
v 0.036391 1.069561 -2.440023
v 0.036800 1.068663 -2.439570
v 0.037532 1.068335 -2.439430
v 0.036286 1.068066 -2.442474
v 0.036700 1.067237 -2.441908
v 0.037433 1.066935 -2.441726
v 0.040579 1.069385 -2.437087
v 0.042611 1.069342 -2.437161
v 0.044614 1.069205 -2.437200
v 0.040472 1.068296 -2.439537
v 0.042504 1.068256 -2.439605
v 0.044507 1.068128 -2.439624
v 0.040373 1.066900 -2.441827
v 0.042406 1.066864 -2.441887
v 0.044410 1.066747 -2.441890
v 0.046811 1.058369 -2.448032
v 0.046855 1.060610 -2.446808
v 0.046914 1.062673 -2.445306
v 0.046973 1.058137 -2.447535
v 0.047016 1.060314 -2.446347
v 0.047073 1.062319 -2.444887
v 0.046109 1.057915 -2.447026
v 0.046151 1.060032 -2.445870
v 0.046206 1.061983 -2.444450
v 0.046785 1.048418 -2.449762
v 0.046768 1.050970 -2.449821
v 0.046767 1.053509 -2.449551
v 0.046948 1.048468 -2.449216
v 0.046932 1.050948 -2.449274
v 0.046931 1.053414 -2.449011
v 0.046084 1.048510 -2.448661
v 0.046069 1.050922 -2.448717
v 0.046067 1.053321 -2.448462
v 0.046997 1.038935 -2.446289
v 0.046924 1.041115 -2.447616
v 0.046864 1.043448 -2.448649
v 0.047154 1.039255 -2.445842
v 0.047083 1.041373 -2.447131
v 0.047024 1.043640 -2.448135
v 0.046285 1.039547 -2.445379
v 0.046216 1.041608 -2.446633
v 0.046158 1.043813 -2.447610
v 0.047391 1.032461 -2.438545
v 0.047281 1.033685 -2.440783
v 0.047177 1.035188 -2.442844
v 0.047537 1.032965 -2.438318
v 0.047430 1.034155 -2.440493
v 0.047329 1.035615 -2.442495
v 0.046657 1.033429 -2.438061
v 0.046553 1.034586 -2.440176
v 0.046455 1.036007 -2.442123
v 0.047860 1.030732 -2.428605
v 0.047743 1.030672 -2.431154
v 0.047624 1.030942 -2.433690
v 0.047993 1.031285 -2.428660
v 0.047878 1.031227 -2.431138
v 0.047763 1.031489 -2.433601
v 0.047100 1.031795 -2.428665
v 0.046989 1.031738 -2.431075
v 0.046877 1.031993 -2.433472
v 0.048280 1.034210 -2.419131
v 0.048186 1.032882 -2.421309
v 0.048084 1.031846 -2.423640
v 0.048400 1.034665 -2.419456
v 0.048309 1.033374 -2.421572
v 0.048210 1.032368 -2.423837
v 0.047497 1.035082 -2.419712
v 0.047408 1.033827 -2.421770
v 0.047312 1.032848 -2.423974
v 0.048537 1.041964 -2.412662
v 0.048492 1.039724 -2.413885
v 0.048434 1.037660 -2.415387
v 0.048650 1.042198 -2.413171
v 0.048607 1.040021 -2.414360
v 0.048550 1.038016 -2.415819
v 0.047740 1.042410 -2.413598
v 0.047698 1.040293 -2.414754
v 0.047643 1.038343 -2.416174
v 0.048563 1.051916 -2.410932
v 0.048579 1.049363 -2.410872
v 0.048581 1.046825 -2.411143
v 0.048675 1.051867 -2.411490
v 0.048691 1.049387 -2.411433
v 0.048692 1.046921 -2.411695
v 0.047764 1.051816 -2.411963
v 0.047780 1.049404 -2.411907
v 0.047781 1.047004 -2.412163
v 0.048350 1.061399 -2.414404
v 0.048424 1.059219 -2.413078
v 0.048484 1.056885 -2.412044
v 0.048469 1.061080 -2.414864
v 0.048540 1.058962 -2.413575
v 0.048599 1.056695 -2.412571
v 0.047564 1.060778 -2.415245
v 0.047633 1.058718 -2.413991
v 0.047690 1.056512 -2.413014
v 0.047957 1.067872 -2.422148
v 0.048067 1.066648 -2.419910
v 0.048171 1.065145 -2.417850
v 0.048087 1.067370 -2.422388
v 0.048194 1.066180 -2.420214
v 0.048294 1.064720 -2.418211
v 0.047192 1.066896 -2.422564
v 0.047296 1.065739 -2.420449
v 0.047394 1.064319 -2.418501
v 0.047488 1.069602 -2.432089
v 0.047605 1.069662 -2.429539
v 0.047724 1.069392 -2.427004
v 0.047631 1.069050 -2.432046
v 0.047745 1.069108 -2.429569
v 0.047860 1.068846 -2.427105
v 0.046748 1.068530 -2.431959
v 0.046859 1.068587 -2.429549
v 0.046972 1.068332 -2.427152
v 0.047068 1.066123 -2.441563
v 0.047162 1.067451 -2.439385
v 0.047264 1.068487 -2.437053
v 0.047223 1.065670 -2.441251
v 0.047314 1.066961 -2.439134
v 0.047413 1.067967 -2.436869
v 0.046352 1.065243 -2.440912
v 0.046440 1.066499 -2.438854
v 0.046537 1.067477 -2.436651
v 0.040673 1.057685 -2.446342
v 0.040714 1.059748 -2.445216
v 0.040768 1.061648 -2.443833
v 0.036270 1.057699 -2.446220
v 0.036312 1.059772 -2.445088
v 0.036365 1.061682 -2.443699
v 0.031176 1.057767 -2.446191
v 0.031217 1.059866 -2.445045
v 0.031272 1.061800 -2.443638
v 0.040650 1.048523 -2.447935
v 0.040634 1.050873 -2.447990
v 0.040633 1.053210 -2.447741
v 0.036246 1.048491 -2.447821
v 0.036231 1.050852 -2.447876
v 0.036230 1.053201 -2.447626
v 0.031151 1.048443 -2.447812
v 0.031136 1.050834 -2.447868
v 0.031135 1.053213 -2.447615
v 0.040845 1.039791 -2.444738
v 0.040778 1.041799 -2.445959
v 0.040722 1.043947 -2.446911
v 0.036443 1.039716 -2.444608
v 0.036375 1.041733 -2.445836
v 0.036319 1.043892 -2.446792
v 0.031350 1.039557 -2.444559
v 0.031282 1.041600 -2.445801
v 0.031225 1.043786 -2.446770
v 0.041207 1.033831 -2.437608
v 0.041106 1.034958 -2.439668
v 0.041011 1.036342 -2.441566
v 0.036807 1.033726 -2.437443
v 0.036705 1.034858 -2.439513
v 0.036609 1.036249 -2.441420
v 0.031719 1.033492 -2.437303
v 0.031616 1.034639 -2.439399
v 0.031519 1.036047 -2.441331
v 0.041639 1.032239 -2.428456
v 0.041531 1.032184 -2.430803
v 0.041422 1.032432 -2.433138
v 0.037241 1.032125 -2.428244
v 0.037132 1.032070 -2.430603
v 0.037022 1.032320 -2.432950
v 0.032159 1.031871 -2.427989
v 0.032049 1.031815 -2.430377
v 0.031937 1.032068 -2.432754
v 0.042026 1.035442 -2.419733
v 0.041939 1.034219 -2.421738
v 0.041845 1.033265 -2.423885
v 0.037629 1.035344 -2.419477
v 0.037543 1.034115 -2.421493
v 0.037448 1.033157 -2.423650
v 0.032552 1.035130 -2.419111
v 0.032464 1.033886 -2.421153
v 0.032368 1.032916 -2.423337
v 0.042262 1.042581 -2.413777
v 0.042221 1.040518 -2.414903
v 0.042168 1.038618 -2.416286
v 0.037867 1.042519 -2.413492
v 0.037826 1.040446 -2.414624
v 0.037772 1.038536 -2.416014
v 0.032793 1.042396 -2.413051
v 0.032751 1.040296 -2.414197
v 0.032696 1.038363 -2.415604
v 0.042286 1.051743 -2.412184
v 0.042301 1.049393 -2.412130
v 0.042303 1.047056 -2.412378
v 0.037891 1.051728 -2.411891
v 0.037907 1.049366 -2.411836
v 0.037908 1.047017 -2.412086
v 0.032817 1.051720 -2.411430
v 0.032832 1.049329 -2.411374
v 0.032834 1.046950 -2.411627
v 0.042091 1.060475 -2.415381
v 0.042158 1.058467 -2.414160
v 0.042214 1.056319 -2.413208
v 0.037695 1.060502 -2.415104
v 0.037763 1.058485 -2.413877
v 0.037819 1.056326 -2.412920
v 0.032618 1.060606 -2.414683
v 0.032687 1.058563 -2.413440
v 0.032743 1.056376 -2.412472
v 0.041728 1.066435 -2.422511
v 0.041830 1.065308 -2.420451
v 0.041925 1.063924 -2.418553
v 0.037331 1.066492 -2.422270
v 0.037433 1.065360 -2.420199
v 0.037528 1.063969 -2.418292
v 0.032249 1.066671 -2.421939
v 0.032353 1.065524 -2.419842
v 0.032450 1.064116 -2.417911
v 0.041296 1.068027 -2.431664
v 0.041405 1.068082 -2.429316
v 0.041514 1.067834 -2.426981
v 0.036896 1.068093 -2.431468
v 0.037005 1.068148 -2.429109
v 0.037115 1.067899 -2.426763
v 0.031810 1.068291 -2.431253
v 0.031920 1.068348 -2.428864
v 0.032031 1.068095 -2.426488
v 0.040910 1.064824 -2.440387
v 0.040996 1.066047 -2.438381
v 0.041090 1.067001 -2.436234
v 0.036508 1.064874 -2.440235
v 0.036595 1.066103 -2.438219
v 0.036689 1.067061 -2.436062
v 0.031417 1.065032 -2.440130
v 0.031504 1.066277 -2.438089
v 0.031600 1.067247 -2.435905
v 0.049272 1.057388 -2.445997
v 0.049311 1.059357 -2.444922
v 0.049362 1.061170 -2.443602
v 0.057645 1.057433 -2.446384
v 0.057684 1.059402 -2.445309
v 0.057735 1.061215 -2.443989
v 0.065323 1.057475 -2.446739
v 0.065363 1.059444 -2.445664
v 0.065414 1.061257 -2.444344
v 0.049249 1.048643 -2.447517
v 0.049235 1.050885 -2.447569
v 0.049234 1.053116 -2.447331
v 0.057622 1.048688 -2.447904
v 0.057607 1.050931 -2.447956
v 0.057606 1.053162 -2.447719
v 0.065301 1.048730 -2.448259
v 0.065286 1.050973 -2.448312
v 0.065285 1.053204 -2.448074
v 0.049436 1.040309 -2.444466
v 0.049371 1.042225 -2.445631
v 0.049318 1.044276 -2.446540
v 0.057809 1.040355 -2.444853
v 0.057744 1.042271 -2.446018
v 0.057691 1.044321 -2.446927
v 0.065487 1.040397 -2.445208
v 0.065423 1.042313 -2.446374
v 0.065370 1.044363 -2.447282
v 0.049782 1.034621 -2.437660
v 0.049685 1.035696 -2.439627
v 0.049594 1.037017 -2.441438
v 0.058154 1.034666 -2.438048
v 0.058057 1.035742 -2.440014
v 0.057967 1.037063 -2.441825
v 0.065833 1.034708 -2.438403
v 0.065736 1.035784 -2.440370
v 0.065645 1.037105 -2.442181
v 0.050210 1.033100 -2.428824
v 0.050096 1.033048 -2.431133
v 0.049987 1.033285 -2.433390
v 0.058693 1.033135 -2.428507
v 0.058508 1.033090 -2.431290
v 0.058365 1.033331 -2.433748
v 0.066641 1.033150 -2.427084
v 0.066272 1.033122 -2.431105
v 0.066054 1.033371 -2.434036
v 0.050550 1.036157 -2.420304
v 0.050475 1.034990 -2.422231
v 0.050400 1.034079 -2.424317
v 0.058832 1.036197 -2.418621
v 0.058807 1.035032 -2.420635
v 0.058838 1.034116 -2.422988
v 0.066262 1.036226 -2.413347
v 0.066352 1.035068 -2.415531
v 0.066652 1.034140 -2.418475
v 0.050773 1.042965 -2.414629
v 0.050734 1.040998 -2.415702
v 0.050683 1.039186 -2.417019
v 0.059037 1.042966 -2.413014
v 0.059001 1.041010 -2.414071
v 0.058953 1.039209 -2.415369
v 0.066422 1.042885 -2.407933
v 0.066391 1.040963 -2.408947
v 0.066350 1.039191 -2.410192
v 0.050795 1.051702 -2.413112
v 0.050810 1.049462 -2.413060
v 0.050811 1.047233 -2.413297
v 0.059058 1.051649 -2.411516
v 0.059072 1.049422 -2.411466
v 0.059073 1.047207 -2.411700
v 0.066436 1.051422 -2.406490
v 0.066449 1.049233 -2.406444
v 0.066451 1.047056 -2.406670
v 0.050610 1.060028 -2.416156
v 0.050674 1.058114 -2.414993
v 0.050727 1.056065 -2.414087
v 0.058880 1.059921 -2.414511
v 0.058941 1.058020 -2.413367
v 0.058992 1.055984 -2.412475
v 0.066278 1.059550 -2.409349
v 0.066332 1.057682 -2.408255
v 0.066377 1.055682 -2.407403
v 0.050288 1.065719 -2.423007
v 0.050370 1.064639 -2.421003
v 0.050454 1.063317 -2.419179
v 0.058727 1.065628 -2.421683
v 0.058704 1.064519 -2.419415
v 0.058737 1.063191 -2.417503
v 0.066542 1.065275 -2.417186
v 0.066250 1.064101 -2.414329
v 0.066169 1.062765 -2.412248
v 0.049867 1.067258 -2.431983
v 0.049975 1.067309 -2.429714
v 0.050090 1.067067 -2.427418
v 0.058245 1.067301 -2.432342
v 0.058387 1.067339 -2.429872
v 0.058573 1.067063 -2.427102
v 0.065934 1.067339 -2.432630
v 0.066152 1.067344 -2.429688
v 0.066522 1.066983 -2.425683
v 0.065549 1.064289 -2.441055
v 0.057871 1.064247 -2.440700
v 0.049498 1.064201 -2.440312
v 0.065632 1.065456 -2.439141
v 0.057953 1.065414 -2.438786
v 0.049580 1.065369 -2.438398
v 0.065721 1.066366 -2.437092
v 0.058043 1.066324 -2.436737
v 0.049670 1.066279 -2.436349
v 0.077294 1.057526 -2.447262
v 0.077333 1.059492 -2.446191
v 0.077384 1.061300 -2.444873
v 0.081393 1.057452 -2.447237
v 0.081431 1.059393 -2.446189
v 0.081482 1.061170 -2.444883
v 0.084413 1.057207 -2.446793
v 0.084449 1.059081 -2.445810
v 0.084498 1.060770 -2.444537
v 0.077271 1.048798 -2.448780
v 0.077257 1.051036 -2.448833
v 0.077256 1.053263 -2.448595
v 0.081371 1.048845 -2.448735
v 0.081356 1.051049 -2.448797
v 0.081355 1.053242 -2.448553
v 0.084392 1.048926 -2.448239
v 0.084376 1.051041 -2.448323
v 0.084377 1.053141 -2.448064
v 0.077457 1.040481 -2.445735
v 0.077393 1.042393 -2.446899
v 0.077340 1.044439 -2.447804
v 0.081554 1.040642 -2.445733
v 0.081491 1.042520 -2.446888
v 0.081439 1.044540 -2.447772
v 0.084568 1.041032 -2.445354
v 0.084506 1.042820 -2.446484
v 0.084457 1.044769 -2.447308
v 0.077803 1.034804 -2.438943
v 0.077706 1.035876 -2.440906
v 0.077615 1.037195 -2.442713
v 0.081895 1.035041 -2.439036
v 0.081799 1.036089 -2.440974
v 0.081710 1.037396 -2.442749
v 0.084895 1.035640 -2.438913
v 0.084803 1.036623 -2.440785
v 0.084718 1.037898 -2.442472
v 0.078855 1.033122 -2.423624
v 0.078296 1.033185 -2.430559
v 0.078030 1.033465 -2.434447
v 0.082784 1.033298 -2.423290
v 0.082343 1.033408 -2.430560
v 0.082114 1.033715 -2.434570
v 0.085714 1.033873 -2.423967
v 0.085318 1.034013 -2.430832
v 0.085106 1.034357 -2.434611
v 0.077910 1.067363 -2.433043
v 0.078175 1.067320 -2.429146
v 0.078737 1.066806 -2.422229
v 0.081997 1.067153 -2.433185
v 0.082224 1.067127 -2.429164
v 0.082666 1.066632 -2.421910
v 0.084993 1.066538 -2.433278
v 0.085204 1.066568 -2.429484
v 0.085601 1.066139 -2.422631
v 0.077691 1.066399 -2.437635
v 0.081785 1.066200 -2.437746
v 0.084790 1.065613 -2.437672
v 0.077602 1.065493 -2.439680
v 0.081696 1.065315 -2.439764
v 0.084704 1.064788 -2.439619
v 0.077520 1.064327 -2.441589
v 0.081616 1.064158 -2.441641
v 0.084628 1.063657 -2.441405
v 0.086819 1.063628 -2.390408
v 0.084424 1.063885 -2.390003
v 0.081665 1.063876 -2.390245
v 0.086811 1.061723 -2.367041
v 0.084843 1.061875 -2.367067
v 0.082762 1.061777 -2.367104
v 0.085349 1.059775 -2.344111
v 0.083718 1.059879 -2.344317
v 0.082053 1.059753 -2.344355
v 0.090374 1.059885 -2.385274
v 0.090186 1.061093 -2.386789
v 0.089683 1.062162 -2.388843
v 0.089941 1.058640 -2.363567
v 0.089787 1.059730 -2.364628
v 0.089323 1.060634 -2.365811
v 0.087951 1.057086 -2.341725
v 0.087857 1.058071 -2.342432
v 0.087480 1.058861 -2.343131
v 0.090453 1.053825 -2.381797
v 0.090443 1.055544 -2.382366
v 0.090428 1.057116 -2.383173
v 0.089903 1.052788 -2.360750
v 0.089913 1.054448 -2.361231
v 0.089927 1.055986 -2.361877
v 0.087768 1.051611 -2.339671
v 0.087804 1.053166 -2.340026
v 0.087851 1.054612 -2.340494
v 0.090487 1.046421 -2.381309
v 0.090483 1.048279 -2.381099
v 0.090474 1.050149 -2.381155
v 0.089910 1.045610 -2.360392
v 0.089902 1.047422 -2.360224
v 0.089897 1.049242 -2.360241
v 0.087743 1.044867 -2.339460
v 0.087731 1.046574 -2.339327
v 0.087731 1.048287 -2.339319
v 0.090490 1.039645 -2.383897
v 0.090493 1.041145 -2.382962
v 0.090492 1.042811 -2.382253
v 0.089986 1.039025 -2.362580
v 0.089962 1.040504 -2.361809
v 0.089940 1.042118 -2.361192
v 0.087907 1.038661 -2.341154
v 0.087850 1.040064 -2.340569
v 0.087803 1.041584 -2.340086
v 0.089778 1.035073 -2.389965
v 0.090275 1.035977 -2.387829
v 0.090454 1.037058 -2.386220
v 0.089414 1.034704 -2.366884
v 0.089872 1.035518 -2.365631
v 0.090019 1.036519 -2.364483
v 0.087565 1.034630 -2.344135
v 0.087937 1.035371 -2.343372
v 0.088024 1.036298 -2.342586
v 0.081773 1.033373 -2.391508
v 0.084531 1.033378 -2.391266
v 0.086924 1.033700 -2.391647
v 0.082861 1.033544 -2.368273
v 0.084943 1.033482 -2.368243
v 0.086910 1.033670 -2.368202
v 0.082145 1.033700 -2.345434
v 0.083811 1.033614 -2.345404
v 0.085441 1.033744 -2.345189
v 0.077622 1.062743 -2.388365
v 0.076956 1.061684 -2.386185
v 0.076732 1.060470 -2.384535
v 0.079865 1.060743 -2.365943
v 0.079294 1.059840 -2.364753
v 0.079072 1.058748 -2.363663
v 0.079722 1.058808 -2.343704
v 0.079212 1.058010 -2.343069
v 0.078980 1.057023 -2.342381
v 0.076735 1.057549 -2.382287
v 0.076751 1.055849 -2.381444
v 0.076766 1.054028 -2.380790
v 0.079006 1.056049 -2.361931
v 0.078993 1.054473 -2.361274
v 0.078984 1.052783 -2.360768
v 0.078833 1.054543 -2.341148
v 0.078786 1.053091 -2.340679
v 0.078750 1.051533 -2.340321
v 0.076790 1.050143 -2.380102
v 0.076798 1.048145 -2.380078
v 0.076804 1.046155 -2.380267
v 0.078980 1.049175 -2.360245
v 0.078984 1.047317 -2.360238
v 0.078993 1.045466 -2.360399
v 0.078713 1.048201 -2.339967
v 0.078713 1.046483 -2.339976
v 0.078725 1.044771 -2.340109
v 0.076808 1.042341 -2.381274
v 0.076805 1.040579 -2.382076
v 0.076800 1.038955 -2.383057
v 0.079023 1.041914 -2.361218
v 0.079043 1.040271 -2.361862
v 0.079067 1.038755 -2.362647
v 0.078786 1.041480 -2.340738
v 0.078833 1.039957 -2.341223
v 0.078890 1.038550 -2.341810
v 0.076817 1.036230 -2.385539
v 0.077049 1.035161 -2.387284
v 0.077722 1.034297 -2.389543
v 0.079151 1.036209 -2.364596
v 0.079381 1.035216 -2.365773
v 0.079958 1.034425 -2.367033
v 0.079053 1.036182 -2.343244
v 0.079292 1.035259 -2.344011
v 0.079807 1.034529 -2.344710
v 0.074984 1.057066 -2.311315
v 0.073903 1.057157 -2.311615
v 0.072804 1.057048 -2.311829
v 0.066996 1.056456 -2.303104
v 0.066075 1.056547 -2.303398
v 0.065341 1.056449 -2.303693
v 0.059294 1.056104 -2.298747
v 0.058312 1.056187 -2.298955
v 0.058076 1.056106 -2.299341
v 0.076312 1.054726 -2.309878
v 0.076382 1.055588 -2.310222
v 0.076267 1.056275 -2.310591
v 0.067400 1.054221 -2.301776
v 0.067639 1.055053 -2.302067
v 0.067847 1.055707 -2.302426
v 0.058398 1.054012 -2.297355
v 0.058926 1.054822 -2.297667
v 0.059749 1.055439 -2.298129
v 0.075811 1.049880 -2.308966
v 0.075904 1.051260 -2.309114
v 0.076023 1.052542 -2.309317
v 0.066738 1.049505 -2.301124
v 0.066858 1.050848 -2.301223
v 0.067009 1.052097 -2.301366
v 0.057577 1.049346 -2.296820
v 0.057720 1.050676 -2.296897
v 0.057900 1.051912 -2.297010
v 0.075717 1.043873 -2.308976
v 0.075698 1.045397 -2.308883
v 0.075707 1.046924 -2.308850
v 0.066613 1.043649 -2.301186
v 0.066590 1.045136 -2.301101
v 0.066603 1.046624 -2.301063
v 0.057426 1.043546 -2.296908
v 0.057399 1.045019 -2.296827
v 0.057416 1.046494 -2.296786
v 0.076073 1.038315 -2.309906
v 0.075945 1.039575 -2.309597
v 0.075842 1.040937 -2.309336
v 0.067058 1.038223 -2.301940
v 0.066898 1.039454 -2.301695
v 0.066769 1.040784 -2.301485
v 0.057948 1.038168 -2.297579
v 0.057760 1.039389 -2.297364
v 0.057608 1.040707 -2.297178
v 0.076343 1.034689 -2.311485
v 0.076453 1.035353 -2.311059
v 0.076378 1.036186 -2.310646
v 0.067921 1.034701 -2.303296
v 0.067709 1.035334 -2.302883
v 0.067464 1.036142 -2.302525
v 0.059822 1.034728 -2.298987
v 0.058994 1.035319 -2.298475
v 0.058461 1.036107 -2.298097
v 0.072886 1.033891 -2.312788
v 0.073985 1.033804 -2.312582
v 0.075066 1.033909 -2.312274
v 0.065421 1.033965 -2.304624
v 0.066155 1.033876 -2.304337
v 0.067075 1.033971 -2.304036
v 0.058154 1.034091 -2.300253
v 0.058390 1.034009 -2.299873
v 0.059372 1.034089 -2.299659
v 0.071134 1.056233 -2.311804
v 0.070662 1.055542 -2.311575
v 0.070376 1.054678 -2.311283
v 0.063997 1.055693 -2.303825
v 0.063375 1.055038 -2.303632
v 0.062986 1.054206 -2.303405
v 0.057051 1.055447 -2.299531
v 0.056008 1.054834 -2.299247
v 0.055405 1.054025 -2.299003
v 0.070055 1.052494 -2.310730
v 0.069937 1.051211 -2.310526
v 0.069843 1.049831 -2.310378
v 0.062574 1.052082 -2.303003
v 0.062423 1.050833 -2.302860
v 0.062303 1.049490 -2.302761
v 0.054897 1.051926 -2.298667
v 0.054717 1.050690 -2.298554
v 0.054574 1.049360 -2.298478
v 0.069739 1.046875 -2.310262
v 0.069730 1.045349 -2.310295
v 0.069750 1.043824 -2.310388
v 0.062168 1.046609 -2.302700
v 0.062155 1.045120 -2.302738
v 0.062178 1.043634 -2.302823
v 0.054413 1.046507 -2.298443
v 0.054396 1.045033 -2.298485
v 0.054423 1.043560 -2.298565
v 0.069875 1.040889 -2.310749
v 0.069978 1.039527 -2.311010
v 0.070106 1.038266 -2.311319
v 0.062333 1.040769 -2.303122
v 0.062463 1.039439 -2.303332
v 0.062623 1.038208 -2.303577
v 0.054605 1.040721 -2.298836
v 0.054756 1.039403 -2.299021
v 0.054945 1.038182 -2.299237
v 0.070441 1.036138 -2.312051
v 0.070733 1.035306 -2.312413
v 0.071210 1.034647 -2.312697
v 0.063050 1.036127 -2.304153
v 0.063445 1.035319 -2.304449
v 0.064071 1.034687 -2.304694
v 0.055468 1.036120 -2.299744
v 0.056077 1.035331 -2.300055
v 0.057124 1.034736 -2.300389
v 0.046140 1.036075 -2.295111
v 0.044300 1.036081 -2.295104
v 0.045329 1.036095 -2.295893
v 0.047154 1.035290 -2.295562
v 0.045369 1.035288 -2.295552
v 0.046339 1.035309 -2.296309
v 0.049337 1.034705 -2.296347
v 0.047715 1.034682 -2.296346
v 0.048505 1.034719 -2.297012
v 0.045075 1.040672 -2.294253
v 0.043208 1.040679 -2.294254
v 0.044264 1.040692 -2.295041
v 0.045255 1.039355 -2.294425
v 0.043391 1.039362 -2.294425
v 0.044444 1.039375 -2.295213
v 0.045478 1.038135 -2.294623
v 0.043619 1.038142 -2.294621
v 0.044668 1.038155 -2.295411
v 0.044851 1.046451 -2.293876
v 0.042980 1.046458 -2.293880
v 0.044040 1.046471 -2.294664
v 0.044830 1.044978 -2.293920
v 0.042959 1.044985 -2.293924
v 0.044020 1.044999 -2.294708
v 0.044861 1.043508 -2.293998
v 0.042990 1.043514 -2.294002
v 0.044050 1.043528 -2.294786
v 0.045430 1.051861 -2.294054
v 0.043571 1.051868 -2.294053
v 0.044619 1.051881 -2.294842
v 0.045215 1.050627 -2.293958
v 0.043352 1.050634 -2.293958
v 0.044404 1.050647 -2.294746
v 0.045045 1.049299 -2.293895
v 0.043178 1.049306 -2.293897
v 0.044234 1.049320 -2.294683
v 0.049264 1.055381 -2.295491
v 0.047642 1.055412 -2.295487
v 0.048432 1.055395 -2.296156
v 0.047085 1.054765 -2.294756
v 0.045300 1.054779 -2.294744
v 0.046271 1.054783 -2.295503
v 0.046077 1.053956 -2.294370
v 0.044237 1.053964 -2.294363
v 0.045266 1.053976 -2.295153
v 0.088437 1.056534 -2.441938
v 0.087835 1.055938 -2.444008
v 0.087841 1.057480 -2.443410
v 0.087900 1.058679 -2.442272
v 0.088610 1.056910 -2.440571
v 0.088921 1.054666 -2.439007
v 0.088567 1.055132 -2.441697
v 0.088386 1.050864 -2.443710
v 0.087816 1.049299 -2.445203
v 0.087782 1.050934 -2.445456
v 0.087804 1.052542 -2.445069
v 0.088538 1.051876 -2.442715
v 0.088885 1.050722 -2.440239
v 0.088545 1.049773 -2.442802
v 0.088477 1.045067 -2.442413
v 0.087956 1.042953 -2.442923
v 0.087888 1.044241 -2.443958
v 0.087871 1.045828 -2.444427
v 0.088598 1.046445 -2.442057
v 0.088949 1.046689 -2.439337
v 0.088653 1.044580 -2.441082
v 0.088687 1.040697 -2.438394
v 0.088217 1.038598 -2.437778
v 0.088130 1.039196 -2.439318
v 0.088081 1.040335 -2.440516
v 0.088773 1.042071 -2.438774
v 0.089094 1.043649 -2.436541
v 0.088862 1.040944 -2.436998
v 0.088996 1.038892 -2.432325
v 0.088769 1.037210 -2.428494
v 0.088518 1.037084 -2.431942
v 0.088390 1.037529 -2.434280
v 0.089024 1.039921 -2.433682
v 0.089293 1.042408 -2.432494
v 0.089194 1.039776 -2.430805
v 0.089660 1.040197 -2.423515
v 0.089885 1.039675 -2.416732
v 0.089766 1.038600 -2.418163
v 0.089499 1.038006 -2.420725
v 0.089524 1.040526 -2.426131
v 0.089532 1.043312 -2.428037
v 0.089687 1.041556 -2.423886
v 0.089864 1.044198 -2.419095
v 0.090026 1.044678 -2.412653
v 0.090017 1.043180 -2.413077
v 0.089979 1.042025 -2.414254
v 0.089788 1.043849 -2.421411
v 0.089666 1.046111 -2.424966
v 0.089826 1.045601 -2.420324
v 0.089907 1.049779 -2.417387
v 0.090036 1.051107 -2.411536
v 0.090057 1.049522 -2.411177
v 0.090047 1.047972 -2.411665
v 0.089852 1.048821 -2.419332
v 0.089701 1.050041 -2.423743
v 0.089844 1.050894 -2.419246
v 0.089824 1.055482 -2.418628
v 0.089925 1.057248 -2.413624
v 0.089972 1.055999 -2.412546
v 0.089992 1.054471 -2.412248
v 0.089795 1.054184 -2.419968
v 0.089638 1.054059 -2.424636
v 0.089745 1.056021 -2.420907
v 0.089591 1.059832 -2.422702
v 0.089415 1.061784 -2.419740
v 0.089687 1.060982 -2.417236
v 0.089814 1.059794 -2.415899
v 0.089627 1.058509 -2.423184
v 0.089484 1.057101 -2.427466
v 0.089457 1.059720 -2.425336
v 0.088915 1.061857 -2.431374
v 0.088299 1.063373 -2.433210
v 0.088424 1.063623 -2.430842
v 0.088678 1.063214 -2.427418
v 0.089120 1.060852 -2.429932
v 0.089237 1.058369 -2.431834
v 0.088949 1.060944 -2.432812
v 0.088617 1.060558 -2.437571
v 0.088008 1.061089 -2.439657
v 0.088049 1.062126 -2.438369
v 0.088133 1.062595 -2.436785
v 0.088794 1.060198 -2.436201
v 0.089046 1.057466 -2.435969
v 0.088713 1.059221 -2.438064
vn -0.9997 0.0102 0.0216
vn -0.9982 0.0590 -0.0093
vn -0.9971 0.0560 -0.0509
vn -0.9992 0.0172 -0.0358
vn -0.9798 0.1629 -0.1162
vn -0.9784 0.1268 -0.1634
vn -0.9820 0.0688 -0.1758
vn -0.9989 -0.0054 0.0462
vn -0.9993 0.0057 0.0360
vn -0.9995 -0.0009 0.0318
vn -0.9987 0.0499 -0.0048
vn -0.9995 0.0170 -0.0256
vn -0.8817 0.3646 -0.2996
vn -0.8763 0.3412 -0.3402
vn -0.9824 0.1557 -0.1030
vn -0.8720 0.2766 -0.4039
vn -0.8869 0.1451 -0.4386
vn -0.9847 0.0600 -0.1636
vn -0.8799 0.1915 -0.4349
vn -0.9998 -0.0042 0.0171
vn -0.9992 0.0227 -0.0341
vn -0.9976 -0.0007 -0.0686
vn -0.9990 -0.0268 -0.0361
vn -0.9821 0.0596 -0.1786
vn -0.9795 0.0049 -0.2015
vn -0.9817 -0.0516 -0.1832
vn -0.9995 -0.0087 0.0315
vn -0.9994 -0.0219 -0.0272
vn -0.8806 0.1047 -0.4621
vn -0.8743 0.0170 -0.4850
vn -0.8860 -0.1146 -0.4494
vn -0.9843 -0.0532 -0.1683
vn -0.8800 -0.0723 -0.4694
vn -0.9996 -0.0189 0.0204
vn -0.9991 -0.0212 -0.0374
vn -0.9967 -0.0586 -0.0557
vn -0.9978 -0.0650 -0.0144
vn -0.9816 -0.0610 -0.1811
vn -0.9775 -0.1197 -0.1736
vn -0.9786 -0.1596 -0.1296
vn -0.9993 -0.0157 0.0351
vn -0.9984 -0.0563 -0.0092
vn -0.8786 -0.1611 -0.4495
vn -0.8701 -0.2484 -0.4257
vn -0.8792 -0.3447 -0.3290
vn -0.9813 -0.1536 -0.1158
vn -0.8740 -0.3181 -0.3675
vn -0.9991 -0.0300 0.0306
vn -0.9980 -0.0608 -0.0183
vn -0.9946 -0.1024 -0.0155
vn -0.9959 -0.0873 0.0234
vn -0.9783 -0.1667 -0.1231
vn -0.9730 -0.2137 -0.0872
vn -0.9736 -0.2262 -0.0291
vn -0.9989 -0.0199 0.0417
vn -0.9967 -0.0772 0.0237
vn -0.8708 -0.3850 -0.3059
vn -0.8605 -0.4484 -0.2417
vn -0.8683 -0.4838 -0.1098
vn -0.9766 -0.2142 -0.0202
vn -0.8633 -0.4798 -0.1564
vn -0.9984 -0.0345 0.0450
vn -0.9962 -0.0856 0.0180
vn -0.9919 -0.1201 0.0412
vn -0.9939 -0.0877 0.0674
vn -0.9732 -0.2291 -0.0200
vn -0.9672 -0.2518 0.0346
vn -0.9680 -0.2337 0.0911
vn -0.9986 -0.0202 0.0495
vn -0.9949 -0.0788 0.0625
vn -0.8592 -0.5069 -0.0697
vn -0.8481 -0.5296 0.0176
vn -0.8562 -0.4945 0.1496
vn -0.9713 -0.2189 0.0929
vn -0.8509 -0.5142 0.1071
vn -0.9977 -0.0312 0.0597
vn -0.9941 -0.0889 0.0618
vn -0.9893 -0.1071 0.0991
vn -0.9922 -0.0659 0.1056
vn -0.9676 -0.2316 0.1005
vn -0.9616 -0.2238 0.1591
vn -0.9633 -0.1799 0.1990
vn -0.9983 -0.0166 0.0564
vn -0.9934 -0.0607 0.0969
vn -0.8469 -0.4943 0.1958
vn -0.8362 -0.4700 0.2827
vn -0.8462 -0.3740 0.3796
vn -0.9670 -0.1663 0.1932
vn -0.8401 -0.4121 0.3526
vn -0.9973 -0.0210 0.0708
vn -0.9924 -0.0698 0.1014
vn -0.9875 -0.0668 0.1427
vn -0.9914 -0.0280 0.1279
vn -0.9630 -0.1734 0.2061
vn -0.9577 -0.1373 0.2529
vn -0.9608 -0.0794 0.2656
vn -0.9981 -0.0099 0.0606
vn -0.9927 -0.0278 0.1177
vn -0.8374 -0.3505 0.4195
vn -0.8279 -0.2858 0.4826
vn -0.8410 -0.1545 0.5186
vn -0.9647 -0.0706 0.2538
vn -0.8338 -0.2008 0.5142
vn -0.9971 -0.0066 0.0753
vn -0.9914 -0.0335 0.1262
vn -0.9870 -0.0101 0.1605
vn -0.9916 0.0160 0.1282
vn -0.9607 -0.0702 0.2685
vn -0.9566 -0.0154 0.2910
vn -0.9611 0.0410 0.2731
vn -0.9981 -0.0021 0.0610
vn -0.9928 0.0110 0.1193
vn -0.8330 -0.1140 0.5414
vn -0.8256 -0.0263 0.5637
vn -0.8419 0.1052 0.5293
vn -0.9651 0.0426 0.2585
vn -0.8336 0.0630 0.5487
vn -0.9974 0.0081 0.0720
vn -0.9915 0.0104 0.1295
vn -0.9879 0.0479 0.1475
vn -0.9928 0.0542 0.1065
vn -0.9613 0.0504 0.2710
vn -0.9586 0.1092 0.2632
vn -0.9642 0.1490 0.2195
vn -0.9983 0.0048 0.0573
vn -0.9938 0.0455 0.1013
vn -0.8351 0.1518 0.5288
vn -0.8298 0.2391 0.5043
vn -0.8487 0.3353 0.4089
vn -0.9680 0.1430 0.2060
vn -0.8397 0.3087 0.4468
vn -0.9979 0.0192 0.0618
vn -0.9926 0.0500 0.1104
vn -0.9900 0.0916 0.1073
vn -0.9947 0.0765 0.0687
vn -0.9645 0.1561 0.2129
vn -0.9631 0.2031 0.1768
vn -0.9692 0.2157 0.1190
vn -0.9987 0.0090 0.0507
vn -0.9954 0.0663 0.0685
vn -0.8429 0.3756 0.3852
vn -0.8394 0.4392 0.3203
vn -0.8596 0.4744 0.1897
vn -0.9728 0.2036 0.1104
vn -0.8503 0.4705 0.2357
vn -0.9986 0.0237 0.0474
vn -0.9944 0.0748 0.0741
vn -0.9927 0.1093 0.0507
vn -0.9967 0.0768 0.0247
vn -0.9696 0.2185 0.1099
vn -0.9689 0.2413 0.0550
vn -0.9748 0.2231 -0.0012
vn -0.9990 0.0093 0.0429
vn -0.9972 0.0679 0.0297
vn -0.8545 0.4976 0.1490
vn -0.8518 0.5203 0.0611
vn -0.8717 0.4851 -0.0696
vn -0.9781 0.2083 -0.0027
vn -0.8627 0.5049 -0.0278
vn -0.9752 0.2210 -0.0106
vn -0.9745 0.2133 -0.0695
vn -0.9953 0.0963 -0.0073
vn -0.9965 0.0781 0.0303
vn -0.9795 0.1694 -0.1091
vn -0.9984 0.0551 -0.0135
vn -0.9993 0.0204 0.0327
vn -0.8667 0.4850 -0.1165
vn -0.8637 0.4608 -0.2040
vn -0.8735 0.4028 -0.2733
vn -0.5624 0.5515 -0.6161
vn -0.0716 0.6449 -0.7609
vn -0.0683 0.5349 -0.8422
vn -0.5562 0.4540 -0.6961
vn 0.4075 0.5777 -0.7072
vn 0.4067 0.4818 -0.7762
vn -0.0771 0.4146 -0.9067
vn -0.5675 0.3403 -0.7498
vn 0.4027 0.3785 -0.8334
vn -0.5690 0.6162 -0.5445
vn -0.0747 0.7348 -0.6741
vn 0.4089 0.6626 -0.6275
vn 0.7578 0.4639 -0.4588
vn 0.7557 0.4043 -0.5152
vn 0.7540 0.3385 -0.5630
vn 0.7524 0.2672 -0.6020
vn 0.7513 0.1907 -0.6318
vn 0.3995 0.2702 -0.8760
vn -0.0851 0.2979 -0.9508
vn -0.5778 0.2482 -0.7775
vn -0.5691 0.1565 -0.8072
vn -0.0793 0.1768 -0.9810
vn -0.0727 0.0410 -0.9965
vn -0.5600 0.0323 -0.8279
vn 0.4007 0.1568 -0.9027
vn 0.4027 0.0393 -0.9145
vn -0.0783 -0.0956 -0.9923
vn -0.5683 -0.0932 -0.8176
vn 0.4016 -0.0788 -0.9124
vn 0.7510 0.1109 -0.6509
vn 0.7512 0.0300 -0.6594
vn 0.7516 -0.0514 -0.6576
vn 0.7525 -0.1325 -0.6452
vn 0.4012 -0.1940 -0.8952
vn -0.0833 -0.2189 -0.9722
vn -0.5763 -0.1871 -0.7955
vn -0.5653 -0.2812 -0.7755
vn -0.0745 -0.3387 -0.9379
vn -0.0647 -0.4639 -0.8835
vn -0.5532 -0.3988 -0.7314
vn 0.4052 -0.3054 -0.8617
vn 0.4098 -0.4131 -0.8133
vn -0.0673 -0.5803 -0.8116
vn -0.5587 -0.5026 -0.6597
vn 0.4113 -0.5144 -0.7525
vn 0.7541 -0.2112 -0.6219
vn 0.7562 -0.2855 -0.5888
vn 0.7584 -0.3550 -0.5466
vn 0.7609 -0.4190 -0.4954
vn 0.4133 -0.6056 -0.6800
vn -0.0697 -0.6771 -0.7326
vn -0.5649 -0.5731 -0.5937
vn -0.5519 -0.6443 -0.5294
vn -0.0585 -0.7635 -0.6431
vn -0.0465 -0.8445 -0.5335
vn -0.5376 -0.7239 -0.4325
vn 0.4195 -0.6852 -0.5954
vn 0.4262 -0.7542 -0.4996
vn -0.0471 -0.9095 -0.4130
vn -0.5414 -0.7781 -0.3185
vn 0.4294 -0.8115 -0.3964
vn 0.7642 -0.4755 -0.4359
vn 0.7676 -0.5233 -0.3701
vn 0.7710 -0.5624 -0.2989
vn 0.7745 -0.5921 -0.2225
vn 0.4328 -0.8542 -0.2881
vn -0.0480 -0.9539 -0.2962
vn -0.5466 -0.8063 -0.2261
vn -0.5326 -0.8355 -0.1349
vn -0.0357 -0.9838 -0.1755
vn -0.0228 -0.9989 -0.0401
vn -0.5174 -0.8557 -0.0112
vn 0.4401 -0.8808 -0.1750
vn 0.4474 -0.8925 -0.0576
vn -0.0230 -0.9951 0.0966
vn -0.5210 -0.8458 0.1146
vn 0.4510 -0.8905 0.0605
vn 0.7785 -0.6112 -0.1427
vn 0.7824 -0.6197 -0.0619
vn 0.7860 -0.6179 0.0193
vn 0.7895 -0.6055 0.1004
vn 0.4544 -0.8733 0.1756
vn -0.0240 -0.9752 0.2200
vn -0.5264 -0.8242 0.2087
vn -0.5126 -0.8037 0.3023
vn -0.0121 -0.9405 0.3395
vn -0.0001 -0.8857 0.4643
vn -0.4980 -0.7590 0.4195
vn 0.4612 -0.8397 0.2868
vn 0.4677 -0.7910 0.3943
vn -0.0016 -0.8140 0.5808
vn -0.5030 -0.6877 0.5235
vn 0.4703 -0.7302 0.4956
vn 0.7932 -0.5821 0.1789
vn 0.7966 -0.5490 0.2532
vn 0.7994 -0.5068 0.3227
vn 0.8020 -0.4554 0.3866
vn 0.4722 -0.6578 0.5868
vn -0.0041 -0.7352 0.6778
vn -0.5096 -0.6221 0.5944
vn -0.4971 -0.5572 0.6651
vn 0.0059 -0.6453 0.7639
vn 0.0156 -0.5352 0.8446
vn -0.4846 -0.4597 0.7442
vn 0.4773 -0.5729 0.6663
vn 0.4818 -0.4770 0.7351
vn 0.0114 -0.4149 0.9098
vn -0.4921 -0.3461 0.7988
vn 0.4821 -0.3737 0.7925
vn 0.8044 -0.3958 0.4430
vn 0.8064 -0.3300 0.4908
vn 0.8077 -0.2587 0.5299
vn 0.8085 -0.1822 0.5596
vn 0.4816 -0.2654 0.8352
vn 0.0063 -0.2983 0.9544
vn -0.5008 -0.2541 0.8274
vn -0.4904 -0.1623 0.8562
vn 0.0136 -0.1772 0.9841
vn 0.0201 -0.0413 0.9989
vn -0.4808 -0.0380 0.8760
vn 0.4841 -0.1520 0.8617
vn 0.4858 -0.0345 0.8734
vn 0.0126 0.0953 0.9954
vn -0.4913 0.0875 0.8666
vn 0.4832 0.0837 0.8715
vn 0.8091 -0.1024 0.5787
vn 0.8092 -0.0215 0.5872
vn 0.8085 0.0599 0.5854
vn 0.8073 0.1410 0.5730
vn 0.4800 0.1988 0.8545
vn 0.0045 0.2184 0.9758
vn -0.5024 0.1813 0.8454
vn -0.4943 0.2754 0.8245
vn 0.0088 0.3384 0.9410
vn 0.0121 0.4636 0.8860
vn -0.4876 0.3932 0.7796
vn 0.4797 0.3103 0.8208
vn 0.4787 0.4179 0.7722
vn 0.0016 0.5799 0.8147
vn -0.5008 0.4968 0.7087
vn 0.4735 0.5192 0.7115
vn 0.8060 0.2197 0.5497
vn 0.8042 0.2940 0.5166
vn 0.8017 0.3635 0.4745
vn 0.7988 0.4275 0.4232
vn 0.4678 0.6103 0.6393
vn -0.0091 0.6766 0.7363
vn -0.5138 0.5672 0.6436
vn -0.5076 0.6385 0.5784
vn -0.0072 0.7632 0.6461
vn -0.0062 0.8443 0.5359
vn -0.5032 0.7182 0.4806
vn 0.4653 0.6900 0.5544
vn 0.4623 0.7590 0.4585
vn -0.0186 0.9091 0.4161
vn -0.5181 0.7723 0.3676
vn 0.4554 0.8163 0.3554
vn 0.7959 0.4840 0.3637
vn 0.7928 0.5317 0.2979
vn 0.7891 0.5709 0.2267
vn 0.7853 0.6006 0.1503
vn 0.4483 0.8590 0.2473
vn -0.0308 0.9535 0.2999
vn -0.5321 0.8004 0.2760
vn -0.5269 0.8298 0.1839
vn -0.0300 0.9835 0.1786
vn -0.0298 0.9986 0.0426
vn -0.5234 0.8500 0.0594
vn 0.4447 0.8856 0.1340
vn 0.4411 0.8973 0.0165
vn -0.0427 0.9947 -0.0936
vn -0.5385 0.8401 -0.0655
vn 0.4338 0.8953 -0.1014
vn 0.7816 0.6197 0.0706
vn 0.7780 0.6282 -0.0103
vn 0.7741 0.6264 -0.0915
vn 0.7703 0.6139 -0.1725
vn 0.4267 0.8781 -0.2164
vn -0.0548 0.9748 -0.2164
vn -0.5523 0.8184 -0.1588
vn 0.4145 0.7350 -0.5365
vn -0.0641 0.8137 -0.5778
vn -0.0526 0.8854 -0.4618
vn 0.4207 0.7959 -0.4354
vn -0.5566 0.6819 -0.4745
vn -0.5428 0.7533 -0.3713
vn -0.0536 0.9402 -0.3364
vn 0.4236 0.8445 -0.3278
vn -0.5470 0.7979 -0.2533
vn 0.7607 0.5152 -0.3948
vn 0.7669 0.5906 -0.2511
vn 0.7638 0.5574 -0.3254
vn 0.9248 0.1478 -0.3505
vn 0.9256 0.1865 -0.3294
vn 0.9796 0.0902 -0.1794
vn 0.9793 0.0722 -0.1893
vn 0.9266 0.2221 -0.3035
vn 0.9801 0.1069 -0.1673
vn 0.9934 0.0434 -0.1059
vn 0.9933 0.0353 -0.1103
vn 0.9936 0.0508 -0.1005
vn 0.9243 0.1063 -0.3667
vn 0.9278 0.2545 -0.2728
vn 0.9807 0.1220 -0.1529
vn 0.9939 0.0576 -0.0941
vn 0.9943 0.0550 -0.0917
vn 0.9940 0.0486 -0.0978
vn 0.9938 0.0415 -0.1030
vn 0.9937 0.0338 -0.1072
vn 0.9932 0.0266 -0.1137
vn 0.9936 0.0255 -0.1104
vn 0.9790 0.0527 -0.1969
vn 0.9243 -0.0250 -0.3807
vn 0.9241 0.0191 -0.3818
vn 0.9789 0.0119 -0.2039
vn 0.9790 -0.0087 -0.2034
vn 0.9240 0.0629 -0.3771
vn 0.9789 0.0324 -0.2017
vn 0.9931 0.0083 -0.1168
vn 0.9932 -0.0009 -0.1166
vn 0.9931 0.0175 -0.1159
vn 0.9249 -0.0691 -0.3739
vn 0.9935 0.0169 -0.1125
vn 0.9935 0.0082 -0.1134
vn 0.9936 -0.0006 -0.1132
vn 0.9933 -0.0101 -0.1152
vn 0.9937 -0.0093 -0.1118
vn 0.9793 -0.0293 -0.2002
vn 0.9280 -0.1898 -0.3206
vn 0.9268 -0.1521 -0.3435
vn 0.9802 -0.0682 -0.1860
vn 0.9808 -0.0858 -0.1753
vn 0.9257 -0.1118 -0.3613
vn 0.9797 -0.0494 -0.1943
vn 0.9937 -0.0275 -0.1088
vn 0.9939 -0.0353 -0.1040
vn 0.9935 -0.0190 -0.1126
vn 0.9295 -0.2245 -0.2926
vn 0.9938 -0.0178 -0.1093
vn 0.9941 -0.0259 -0.1058
vn 0.9943 -0.0333 -0.1012
vn 0.9943 -0.0426 -0.0982
vn 0.9946 -0.0402 -0.0957
vn 0.9815 -0.1021 -0.1622
vn 0.9349 -0.3023 -0.1861
vn 0.9330 -0.2812 -0.2248
vn 0.9831 -0.1286 -0.1305
vn 0.9840 -0.1385 -0.1124
vn 0.9312 -0.2552 -0.2603
vn 0.9822 -0.1165 -0.1471
vn 0.9950 -0.0545 -0.0840
vn 0.9954 -0.0589 -0.0759
vn 0.9946 -0.0490 -0.0915
vn 0.9369 -0.3184 -0.1446
vn 0.9949 -0.0464 -0.0893
vn 0.9953 -0.0515 -0.0822
vn 0.9957 -0.0557 -0.0745
vn 0.9958 -0.0622 -0.0672
vn 0.9961 -0.0589 -0.0662
vn 0.9849 -0.1460 -0.0929
vn 0.9430 -0.3325 -0.0135
vn 0.9410 -0.3335 -0.0575
vn 0.9868 -0.1531 -0.0522
vn 0.9878 -0.1526 -0.0316
vn 0.9389 -0.3289 -0.1013
vn 0.9859 -0.1509 -0.0727
vn 0.9967 -0.0654 -0.0490
vn 0.9971 -0.0652 -0.0398
vn 0.9962 -0.0644 -0.0582
vn 0.9450 -0.3257 0.0305
vn 0.9965 -0.0610 -0.0576
vn 0.9969 -0.0620 -0.0489
vn 0.9973 -0.0617 -0.0401
vn 0.9975 -0.0638 -0.0306
vn 0.9977 -0.0604 -0.0314
vn 0.9887 -0.1494 -0.0110
vn 0.9503 -0.2722 0.1511
vn 0.9487 -0.2951 0.1135
vn 0.9904 -0.1351 0.0278
vn 0.9912 -0.1244 0.0454
vn 0.9469 -0.3130 0.0733
vn 0.9896 -0.1435 0.0090
vn 0.9983 -0.0574 -0.0133
vn 0.9986 -0.0526 -0.0054
vn 0.9979 -0.0611 -0.0217
vn 0.9517 -0.2442 0.1858
vn 0.9981 -0.0579 -0.0229
vn 0.9984 -0.0543 -0.0149
vn 0.9987 -0.0497 -0.0074
vn 0.9989 -0.0467 0.0019
vn 0.9990 -0.0442 -0.0005
vn 0.9919 -0.1113 0.0617
vn 0.9548 -0.1376 0.2636
vn 0.9540 -0.1763 0.2425
vn 0.9929 -0.0795 0.0882
vn 0.9933 -0.0614 0.0981
vn 0.9530 -0.2119 0.2165
vn 0.9925 -0.0962 0.0760
vn 0.9994 -0.0325 0.0137
vn 0.9995 -0.0244 0.0181
vn 0.9992 -0.0400 0.0083
vn 0.9553 -0.0960 0.2797
vn 0.9993 -0.0378 0.0056
vn 0.9995 -0.0307 0.0108
vn 0.9996 -0.0230 0.0150
vn 0.9996 -0.0157 0.0215
vn 0.9997 -0.0147 0.0182
vn 0.9935 -0.0420 0.1056
vn 0.9552 0.0352 0.2938
vn 0.9555 -0.0088 0.2948
vn 0.9936 -0.0012 0.1127
vn 0.9935 0.0194 0.1122
vn 0.9555 -0.0527 0.2901
vn 0.9936 -0.0217 0.1105
vn 0.9997 0.0025 0.0246
vn 0.9996 0.0117 0.0244
vn 0.9997 -0.0067 0.0237
vn 0.9547 0.0793 0.2870
vn 0.9998 -0.0061 0.0203
vn 0.9998 0.0026 0.0212
vn 0.9997 0.0114 0.0210
vn 0.9995 0.0209 0.0230
vn 0.9996 0.0202 0.0196
vn 0.9932 0.0401 0.1090
vn 0.9515 0.2000 0.2336
vn 0.9528 0.1624 0.2565
vn 0.9924 0.0789 0.0947
vn 0.9918 0.0965 0.0840
vn 0.9539 0.1221 0.2743
vn 0.9929 0.0601 0.1031
vn 0.9991 0.0383 0.0166
vn 0.9989 0.0462 0.0118
vn 0.9993 0.0299 0.0204
vn 0.9501 0.2347 0.2057
vn 0.9994 0.0287 0.0171
vn 0.9992 0.0367 0.0136
vn 0.9990 0.0442 0.0090
vn 0.9986 0.0534 0.0060
vn 0.9987 0.0511 0.0034
vn 0.9911 0.1128 0.0710
vn 0.9447 0.3125 0.0992
vn 0.9466 0.2914 0.1378
vn 0.9895 0.1393 0.0392
vn 0.9886 0.1492 0.0211
vn 0.9484 0.2655 0.1734
vn 0.9903 0.1272 0.0558
vn 0.9978 0.0653 -0.0082
vn 0.9974 0.0697 -0.0163
vn 0.9982 0.0599 -0.0007
vn 0.9427 0.3287 0.0576
vn 0.9984 0.0572 -0.0030
vn 0.9980 0.0624 -0.0100
vn 0.9976 0.0666 -0.0177
vn 0.9970 0.0731 -0.0250
vn 0.9972 0.0698 -0.0260
vn 0.9876 0.1568 0.0017
vn 0.9366 0.3427 -0.0735
vn 0.9386 0.3438 -0.0295
vn 0.9857 0.1638 -0.0391
vn 0.9848 0.1633 -0.0597
vn 0.9406 0.3391 0.0143
vn 0.9867 0.1616 -0.0186
vn 0.9962 0.0762 -0.0432
vn 0.9957 0.0760 -0.0524
vn 0.9966 0.0753 -0.0340
vn 0.9345 0.3359 -0.1175
vn 0.9968 0.0719 -0.0346
vn 0.9964 0.0728 -0.0433
vn 0.9960 0.0726 -0.0521
vn 0.9953 0.0746 -0.0616
vn 0.9956 0.0712 -0.0608
vn 0.9838 0.1601 -0.0803
vn 0.9293 0.2824 -0.2381
vn 0.9309 0.3054 -0.2005
vn 0.9821 0.1459 -0.1191
vn 0.9814 0.1351 -0.1367
vn 0.9327 0.3232 -0.1602
vn 0.9829 0.1542 -0.1003
vn 0.9945 0.0682 -0.0789
vn 0.9942 0.0634 -0.0868
vn 0.9949 0.0720 -0.0705
vn 0.9952 0.0687 -0.0693
vn 0.9949 0.0652 -0.0774
vn 0.9946 0.0606 -0.0848
vn 0.9663 0.1452 -0.2127
vn 0.7286 0.4240 -0.5380
vn 0.7265 0.3551 -0.5882
vn 0.9656 0.1223 -0.2295
vn 0.2226 0.6196 -0.7527
vn 0.2197 0.5182 -0.8266
vn 0.7252 0.2802 -0.6290
vn 0.9651 0.0973 -0.2431
vn 0.2176 0.4080 -0.8867
vn 0.9671 0.1660 -0.1929
vn 0.7311 0.4864 -0.4784
vn 0.2262 0.7116 -0.6652
vn -0.0107 0.7355 -0.6774
vn -0.0144 0.6402 -0.7680
vn -0.0173 0.5352 -0.8446
vn -0.0196 0.4211 -0.9068
vn -0.0211 0.2984 -0.9542
vn 0.2162 0.2895 -0.9325
vn 0.7243 0.1997 -0.6599
vn 0.9648 0.0705 -0.2533
vn -0.0224 0.6403 -0.7678
vn 0.0142 0.6397 -0.7685
vn 0.0112 0.5348 -0.8449
vn -0.0254 0.5352 -0.8443
vn 0.0913 0.6356 -0.7666
vn 0.0883 0.5314 -0.8425
vn 0.0090 0.4208 -0.9071
vn -0.0277 0.4211 -0.9066
vn 0.0861 0.4182 -0.9043
vn -0.0188 0.7356 -0.6772
vn 0.0179 0.7349 -0.6780
vn 0.0950 0.7301 -0.6768
vn 0.2745 0.7014 -0.6578
vn 0.2710 0.6108 -0.7440
vn 0.2682 0.5108 -0.8168
vn 0.2660 0.4022 -0.8760
vn 0.2646 0.2855 -0.9211
vn 0.0846 0.2965 -0.9513
vn 0.0075 0.2982 -0.9545
vn -0.0292 0.2984 -0.9540
vn 0.9646 0.0426 -0.2602
vn 0.7237 0.1159 -0.6803
vn 0.7236 0.0311 -0.6895
vn 0.9646 0.0143 -0.2633
vn 0.2154 0.1660 -0.9623
vn 0.2154 0.0412 -0.9757
vn 0.7243 -0.0541 -0.6874
vn 0.9648 -0.0141 -0.2625
vn 0.2163 -0.0843 -0.9727
vn -0.0218 0.1705 -0.9851
vn -0.0218 0.0413 -0.9989
vn -0.0209 -0.0887 -0.9958
vn -0.0193 -0.2186 -0.9756
vn 0.2179 -0.2099 -0.9531
vn 0.7255 -0.1394 -0.6740
vn 0.9652 -0.0425 -0.2580
vn -0.0299 0.1705 -0.9849
vn 0.0067 0.1705 -0.9853
vn 0.0068 0.0414 -0.9991
vn -0.0299 0.0413 -0.9987
vn 0.0839 0.1697 -0.9819
vn 0.0839 0.0415 -0.9956
vn 0.0076 -0.0884 -0.9961
vn -0.0290 -0.0887 -0.9956
vn 0.0848 -0.0874 -0.9926
vn 0.2639 0.1638 -0.9505
vn 0.2639 0.0408 -0.9637
vn 0.2648 -0.0828 -0.9608
vn 0.2663 -0.2065 -0.9415
vn 0.0864 -0.2163 -0.9725
vn 0.0093 -0.2182 -0.9759
vn -0.0274 -0.2187 -0.9754
vn 0.9657 -0.0701 -0.2500
vn 0.7269 -0.2222 -0.6498
vn 0.7288 -0.3002 -0.6154
vn 0.9664 -0.0961 -0.2386
vn 0.2202 -0.3317 -0.9173
vn 0.2231 -0.4465 -0.8665
vn 0.7314 -0.3729 -0.5710
vn 0.9672 -0.1203 -0.2237
vn 0.2268 -0.5537 -0.8013
vn -0.0169 -0.3448 -0.9385
vn -0.0138 -0.4636 -0.8859
vn -0.0101 -0.5746 -0.8184
vn -0.0057 -0.6770 -0.7359
vn 0.2310 -0.6526 -0.7216
vn 0.7344 -0.4400 -0.5168
vn 0.9682 -0.1427 -0.2057
vn -0.0250 -0.3449 -0.9383
vn 0.0117 -0.3443 -0.9388
vn 0.0147 -0.4630 -0.8863
vn -0.0219 -0.4638 -0.8857
vn 0.0888 -0.3414 -0.9357
vn 0.0918 -0.4593 -0.8835
vn 0.0185 -0.5738 -0.8188
vn -0.0182 -0.5748 -0.8181
vn 0.0955 -0.5693 -0.8165
vn 0.2686 -0.3266 -0.9062
vn 0.2715 -0.4396 -0.8562
vn 0.2751 -0.5452 -0.7919
vn 0.2793 -0.6427 -0.7134
vn 0.0999 -0.6709 -0.7348
vn 0.0229 -0.6761 -0.7364
vn -0.0138 -0.6772 -0.7357
vn 0.9692 -0.1626 -0.1849
vn 0.7375 -0.4996 -0.4545
vn 0.7408 -0.5499 -0.3857
vn 0.9704 -0.1794 -0.1620
vn 0.2357 -0.7402 -0.6298
vn 0.2408 -0.8141 -0.5284
vn 0.7446 -0.5907 -0.3109
vn 0.9716 -0.1929 -0.1371
vn 0.2462 -0.8743 -0.4184
vn -0.0008 -0.7677 -0.6408
vn 0.0045 -0.8443 -0.5358
vn 0.0101 -0.9066 -0.4219
vn 0.0160 -0.9540 -0.2993
vn 0.2520 -0.9200 -0.3000
vn 0.7486 -0.6216 -0.2305
vn 0.9729 -0.2032 -0.1103
vn -0.0089 -0.7679 -0.6405
vn 0.0277 -0.7667 -0.6414
vn 0.0330 -0.8432 -0.5366
vn -0.0036 -0.8445 -0.5356
vn 0.1047 -0.7609 -0.6404
vn 0.1100 -0.8368 -0.5363
vn 0.0386 -0.9054 -0.4227
vn 0.0020 -0.9068 -0.4216
vn 0.1155 -0.8986 -0.4233
vn 0.2839 -0.7290 -0.6229
vn 0.2889 -0.8018 -0.5230
vn 0.2943 -0.8611 -0.4146
vn 0.2999 -0.9062 -0.2980
vn 0.1214 -0.9456 -0.3018
vn 0.0445 -0.9528 -0.3003
vn 0.0079 -0.9542 -0.2990
vn 0.9742 -0.2100 -0.0824
vn 0.7525 -0.6421 -0.1467
vn 0.7564 -0.6512 -0.0620
vn 0.9755 -0.2131 -0.0541
vn 0.2578 -0.9499 -0.1767
vn 0.2636 -0.9632 -0.0520
vn 0.7604 -0.6491 0.0231
vn 0.9768 -0.2124 -0.0258
vn 0.2694 -0.9602 0.0734
vn 0.0221 -0.9849 -0.1716
vn 0.0281 -0.9987 -0.0425
vn 0.0341 -0.9956 0.0873
vn 0.0400 -0.9753 0.2172
vn 0.2752 -0.9406 0.1988
vn 0.7644 -0.6356 0.1083
vn 0.9782 -0.2078 0.0026
vn 0.0140 -0.9851 -0.1713
vn 0.0506 -0.9837 -0.1727
vn 0.0566 -0.9974 -0.0438
vn 0.0201 -0.9989 -0.0421
vn 0.1274 -0.9763 -0.1751
vn 0.1334 -0.9899 -0.0470
vn 0.0626 -0.9943 0.0859
vn 0.0260 -0.9958 0.0877
vn 0.1394 -0.9869 0.0817
vn 0.3057 -0.9356 -0.1765
vn 0.3114 -0.9488 -0.0536
vn 0.3171 -0.9458 0.0699
vn 0.3228 -0.9265 0.1935
vn 0.1452 -0.9667 0.2105
vn 0.0685 -0.9741 0.2156
vn 0.0319 -0.9755 0.2176
vn 0.9794 -0.1998 0.0302
vn 0.7679 -0.6114 0.1910
vn 0.7713 -0.5769 0.2689
vn 0.9805 -0.1884 0.0562
vn 0.2806 -0.9047 0.3205
vn 0.2856 -0.8539 0.4352
vn 0.7745 -0.5324 0.3416
vn 0.9815 -0.1735 0.0804
vn 0.2902 -0.7885 0.5422
vn 0.0456 -0.9381 0.3432
vn 0.0508 -0.8855 0.4619
vn 0.0556 -0.8178 0.5728
vn 0.0599 -0.7352 0.6751
vn 0.2944 -0.7088 0.6411
vn 0.7774 -0.4782 0.4086
vn 0.9825 -0.1554 0.1027
vn 0.0376 -0.9383 0.3436
vn 0.0741 -0.9370 0.3415
vn 0.0793 -0.8843 0.4601
vn 0.0428 -0.8857 0.4624
vn 0.1508 -0.9299 0.3355
vn 0.1560 -0.8776 0.4533
vn 0.0841 -0.8167 0.5709
vn 0.0475 -0.8180 0.5733
vn 0.1607 -0.8105 0.5632
vn 0.3281 -0.8911 0.3134
vn 0.3330 -0.8410 0.4264
vn 0.3376 -0.7766 0.5319
vn 0.3417 -0.6981 0.6293
vn 0.1650 -0.7286 0.6647
vn 0.0884 -0.7343 0.6731
vn 0.0518 -0.7354 0.6756
vn 0.9833 -0.1346 0.1226
vn 0.7797 -0.4158 0.4682
vn 0.7816 -0.3469 0.5185
vn 0.9839 -0.1117 0.1393
vn 0.2979 -0.6168 0.7286
vn 0.3007 -0.5153 0.8025
vn 0.7831 -0.2720 0.5592
vn 0.9844 -0.0867 0.1529
vn 0.3029 -0.4051 0.8626
vn 0.0636 -0.6400 0.7658
vn 0.0665 -0.5349 0.8423
vn 0.0688 -0.4208 0.9045
vn 0.0703 -0.2981 0.9519
vn 0.3045 -0.2866 0.9084
vn 0.7843 -0.1915 0.5901
vn 0.9848 -0.0599 0.1632
vn 0.0555 -0.6401 0.7663
vn 0.0920 -0.6391 0.7636
vn 0.0950 -0.5342 0.8400
vn 0.0585 -0.5351 0.8428
vn 0.1686 -0.6342 0.7546
vn 0.1715 -0.5300 0.8305
vn 0.0973 -0.4202 0.9022
vn 0.0607 -0.4209 0.9050
vn 0.1738 -0.4168 0.8922
vn 0.3452 -0.6074 0.7155
vn 0.3480 -0.5075 0.7883
vn 0.3501 -0.3989 0.8475
vn 0.3516 -0.2821 0.8926
vn 0.1753 -0.2951 0.9392
vn 0.0988 -0.2976 0.9495
vn 0.0623 -0.2982 0.9525
vn 0.9849 -0.0320 0.1700
vn 0.7846 -0.1077 0.6106
vn 0.7845 -0.0229 0.6197
vn 0.9849 -0.0037 0.1731
vn 0.3051 -0.1631 0.9382
vn 0.3050 -0.0383 0.9516
vn 0.7840 0.0623 0.6176
vn 0.9847 0.0247 0.1724
vn 0.3042 0.0872 0.9486
vn 0.0711 -0.1703 0.9828
vn 0.0710 -0.0410 0.9966
vn 0.0701 0.0889 0.9936
vn 0.0685 0.2189 0.9733
vn 0.3027 0.2127 0.9290
vn 0.7831 0.1476 0.6042
vn 0.9844 0.0531 0.1678
vn 0.0630 -0.1703 0.9834
vn 0.0995 -0.1699 0.9804
vn 0.0995 -0.0408 0.9942
vn 0.0629 -0.0411 0.9972
vn 0.1760 -0.1683 0.9699
vn 0.1759 -0.0401 0.9836
vn 0.0986 0.0890 0.9911
vn 0.0621 0.0889 0.9941
vn 0.1751 0.0888 0.9805
vn 0.3523 -0.1605 0.9220
vn 0.3522 -0.0375 0.9352
vn 0.3514 0.0862 0.9322
vn 0.3499 0.2098 0.9130
vn 0.1735 0.2177 0.9605
vn 0.0970 0.2188 0.9709
vn 0.0604 0.2189 0.9739
vn 0.9838 0.0807 0.1598
vn 0.7814 0.2304 0.5800
vn 0.7793 0.3084 0.5456
vn 0.9832 0.1067 0.1484
vn 0.3003 0.3346 0.8932
vn 0.2973 0.4493 0.8424
vn 0.7769 0.3811 0.5012
vn 0.9824 0.1310 0.1335
vn 0.2938 0.5565 0.7772
vn 0.0661 0.3451 0.9362
vn 0.0630 0.4639 0.8836
vn 0.0593 0.5749 0.8161
vn 0.0549 0.6773 0.7336
vn 0.2896 0.6554 0.6976
vn 0.7742 0.4482 0.4470
vn 0.9814 0.1533 0.1155
vn 0.0580 0.3451 0.9368
vn 0.0946 0.3449 0.9339
vn 0.0915 0.4635 0.8813
vn 0.0550 0.4639 0.8842
vn 0.1711 0.3428 0.9237
vn 0.1680 0.4607 0.8715
vn 0.0878 0.5744 0.8138
vn 0.0512 0.5749 0.8166
vn 0.1643 0.5708 0.8045
vn 0.3476 0.3299 0.8777
vn 0.3446 0.4430 0.8276
vn 0.3411 0.5486 0.7634
vn 0.3369 0.6460 0.6849
vn 0.1600 0.6723 0.7227
vn 0.0834 0.6767 0.7315
vn 0.0469 0.6774 0.7341
vn 0.9803 0.1732 0.0947
vn 0.7708 0.5078 0.3847
vn 0.7673 0.5581 0.3159
vn 0.9792 0.1900 0.0718
vn 0.2848 0.7430 0.6057
vn 0.2797 0.8169 0.5044
vn 0.7637 0.5989 0.2411
vn 0.9779 0.2035 0.0469
vn 0.2743 0.8771 0.3943
vn 0.0500 0.7680 0.6385
vn 0.0448 0.8446 0.5336
vn 0.0391 0.9069 0.4196
vn 0.0332 0.9543 0.2971
vn 0.2686 0.9229 0.2759
vn 0.7599 0.6298 0.1607
vn 0.9767 0.2138 0.0201
vn 0.0420 0.7681 0.6390
vn 0.0785 0.7673 0.6365
vn 0.0732 0.8438 0.5317
vn 0.0367 0.8447 0.5340
vn 0.1551 0.7623 0.6284
vn 0.1499 0.8382 0.5243
vn 0.0676 0.9060 0.4178
vn 0.0311 0.9070 0.4201
vn 0.1444 0.9000 0.4113
vn 0.3323 0.7323 0.5944
vn 0.3272 0.8052 0.4945
vn 0.3219 0.8645 0.3861
vn 0.3163 0.9096 0.2695
vn 0.1385 0.9470 0.2897
vn 0.0617 0.9534 0.2954
vn 0.0251 0.9544 0.2975
vn 0.9753 0.2206 -0.0078
vn 0.7558 0.6503 0.0769
vn 0.7517 0.6594 -0.0077
vn 0.9740 0.2237 -0.0361
vn 0.2627 0.9527 0.1526
vn 0.2568 0.9661 0.0279
vn 0.7479 0.6573 -0.0929
vn 0.9727 0.2230 -0.0644
vn 0.2511 0.9630 -0.0975
vn 0.0271 0.9852 0.1693
vn 0.0211 0.9990 0.0402
vn 0.0151 0.9959 -0.0896
vn 0.0092 0.9756 -0.2194
vn 0.2454 0.9434 -0.2229
vn 0.7442 0.6438 -0.1781
vn 0.9714 0.2184 -0.0928
vn 0.0191 0.9853 0.1697
vn 0.0556 0.9842 0.1678
vn 0.0496 0.9980 0.0389
vn 0.0130 0.9991 0.0406
vn 0.1325 0.9777 0.1631
vn 0.1264 0.9914 0.0350
vn 0.0436 0.9949 -0.0908
vn 0.0070 0.9960 -0.0892
vn 0.1205 0.9883 -0.0937
vn 0.3105 0.9390 0.1480
vn 0.3047 0.9521 0.0251
vn 0.2990 0.9492 -0.0984
vn 0.2934 0.9299 -0.2220
vn 0.1147 0.9682 -0.2225
vn 0.0377 0.9747 -0.2205
vn 0.0011 0.9757 -0.2191
vn 0.9702 0.2104 -0.1204
vn 0.7403 0.6196 -0.2608
vn 0.7368 0.5851 -0.3387
vn 0.9690 0.1990 -0.1464
vn 0.2399 0.9076 -0.3446
vn 0.2349 0.8567 -0.4593
vn 0.7338 0.5406 -0.4114
vn 0.9680 0.1841 -0.1706
vn 0.2303 0.7913 -0.5663
vn 0.0036 0.9384 -0.3455
vn -0.0016 0.8857 -0.4642
vn -0.0064 0.8181 -0.5751
vn -0.0045 0.9385 -0.3452
vn 0.0321 0.9375 -0.3464
vn 0.0269 0.8849 -0.4650
vn -0.0097 0.8858 -0.4639
vn 0.1091 0.9313 -0.3475
vn 0.1039 0.8790 -0.4653
vn 0.0222 0.8173 -0.5758
vn -0.0145 0.8182 -0.5748
vn 0.0992 0.8119 -0.5753
vn 0.2881 0.8945 -0.3419
vn 0.2831 0.8444 -0.4549
vn 0.2786 0.7800 -0.5604
vn 0.7375 0.2745 -0.6171
vn 0.7390 0.3478 -0.5770
vn 0.9441 -0.1921 0.2678
vn 0.9450 -0.1500 0.2905
vn 0.7408 0.4153 -0.5280
vn 0.9431 -0.2307 0.2394
vn 0.3829 -0.5007 0.7763
vn 0.3851 -0.3935 0.8348
vn 0.3802 -0.5994 0.7044
vn 0.7364 0.1958 -0.6476
vn 0.7431 0.4765 -0.4698
vn 0.9419 -0.2655 0.2058
vn 0.3768 -0.6888 0.6193
vn 0.1376 -0.7312 0.6682
vn 0.1413 -0.6364 0.7583
vn 0.1442 -0.5318 0.8345
vn 0.1465 -0.4183 0.8964
vn 0.3866 -0.2783 0.8793
vn 0.1480 -0.2962 0.9436
vn 0.9457 -0.1047 0.3077
vn 0.7366 -0.0529 -0.6743
vn 0.7361 0.0306 -0.6762
vn 0.9458 -0.0101 0.3247
vn 0.9455 0.0378 0.3233
vn 0.7360 0.1136 -0.6674
vn 0.9459 -0.0577 0.3194
vn 0.3871 -0.0368 0.9213
vn 0.3864 0.0853 0.9184
vn 0.3872 -0.1582 0.9083
vn 0.7375 -0.1364 -0.6614
vn 0.1487 -0.1690 0.9743
vn 0.1487 -0.0404 0.9881
vn 0.1478 0.0889 0.9850
vn 0.3849 0.2073 0.8994
vn 0.1462 0.2182 0.9649
vn 0.9450 0.0855 0.3155
vn 0.7436 -0.3650 -0.5603
vn 0.7412 -0.2937 -0.6036
vn 0.9428 0.1759 0.2830
vn 0.9415 0.2167 0.2580
vn 0.7392 -0.2174 -0.6375
vn 0.9440 0.1321 0.3022
vn 0.3796 0.4375 0.8152
vn 0.3762 0.5417 0.7517
vn 0.3826 0.3259 0.8645
vn 0.7463 -0.4308 -0.5074
vn 0.1438 0.3438 0.9280
vn 0.1407 0.4620 0.8756
vn 0.1370 0.5725 0.8084
vn 0.3721 0.6379 0.6742
vn 0.1327 0.6744 0.7264
vn 0.9401 0.2542 0.2274
vn 0.7565 -0.5782 -0.3057
vn 0.7530 -0.5381 -0.3788
vn 0.9361 0.3162 0.1540
vn 0.9341 0.3390 0.1120
vn 0.7495 -0.4890 -0.4462
vn 0.9381 0.2878 0.1926
vn 0.3625 0.7950 0.4863
vn 0.3573 0.8535 0.3793
vn 0.3675 0.7231 0.5849
vn 0.7602 -0.6087 -0.2270
vn 0.1278 0.7646 0.6317
vn 0.1226 0.8408 0.5273
vn 0.1170 0.9028 0.4139
vn 0.3518 0.8980 0.2642
vn 0.1111 0.9500 0.2920
vn 0.9321 0.3561 0.0667
vn 0.7719 -0.6353 0.0214
vn 0.7682 -0.6372 -0.0620
vn 0.9274 0.3731 -0.0277
vn 0.9253 0.3717 -0.0756
vn 0.7642 -0.6285 -0.1449
vn 0.9297 0.3678 0.0198
vn 0.3403 0.9401 0.0230
vn 0.3347 0.9371 -0.0990
vn 0.3460 0.9271 0.1442
vn 0.7756 -0.6224 0.1048
vn 0.1050 0.9807 0.1649
vn 0.0990 0.9944 0.0364
vn 0.0931 0.9913 -0.0927
vn 0.3292 0.9180 -0.2209
vn 0.0872 0.9712 -0.2219
vn 0.9232 0.3639 -0.1233
vn 0.7858 -0.5211 0.3332
vn 0.7828 -0.5645 0.2619
vn 0.9190 0.3314 -0.2136
vn 0.9173 0.3062 -0.2543
vn 0.7793 -0.5984 0.1857
vn 0.9210 0.3506 -0.1698
vn 0.3189 0.8337 -0.4508
vn 0.3145 0.7701 -0.5550
vn 0.3239 0.8832 -0.3393
vn 0.7884 -0.4682 0.3990
vn 0.0816 0.9342 -0.3474
vn 0.0764 0.8817 -0.4655
vn 0.0717 0.8144 -0.5758
vn 0.3105 0.6926 -0.6511
vn 0.0674 0.7323 -0.6777
vn 0.9159 0.2756 -0.2918
vn 0.7942 -0.2662 0.5462
vn 0.7928 -0.3394 0.5062
vn 0.9132 0.2022 -0.3537
vn 0.9125 0.1601 -0.3765
vn 0.7909 -0.4069 0.4571
vn 0.9144 0.2408 -0.3254
vn 0.3042 0.5044 -0.8081
vn 0.3021 0.3973 -0.8665
vn 0.3070 0.6031 -0.7362
vn 0.7951 -0.1874 0.5768
vn 0.0637 0.6375 -0.7678
vn 0.0608 0.5330 -0.8440
vn 0.0585 0.4194 -0.9059
vn 0.3007 0.2820 -0.9111
vn 0.0570 0.2973 -0.9531
vn 0.9121 0.1148 -0.3936
vn 0.7951 0.0612 0.6034
vn 0.7957 -0.0223 0.6053
vn 0.9116 0.0202 -0.4106
vn 0.9120 -0.0277 -0.4093
vn 0.7957 -0.1053 0.5965
vn 0.9117 0.0678 -0.4053
vn 0.3000 0.0405 -0.9531
vn 0.3008 -0.0815 -0.9502
vn 0.3000 0.1619 -0.9401
vn 0.7939 0.1447 0.5905
vn 0.0563 0.1701 -0.9838
vn 0.0564 0.0415 -0.9975
vn 0.0572 -0.0878 -0.9945
vn 0.3024 -0.2036 -0.9312
vn 0.0589 -0.2171 -0.9744
vn 0.9127 -0.0754 -0.4015
vn 0.7881 0.3733 0.4894
vn 0.7906 0.3020 0.5327
vn 0.9145 -0.1658 -0.3690
vn 0.9160 -0.2066 -0.3439
vn 0.7925 0.2257 0.5666
vn 0.9135 -0.1220 -0.3882
vn 0.3075 -0.4337 -0.8469
vn 0.3110 -0.5380 -0.7835
vn 0.3046 -0.3221 -0.8963
vn 0.7852 0.4392 0.4366
vn 0.0612 -0.3427 -0.9375
vn 0.0643 -0.4609 -0.8851
vn 0.0680 -0.5713 -0.8179
vn 0.3152 -0.6342 -0.7060
vn 0.0724 -0.6733 -0.7359
vn 0.9177 -0.2441 -0.3133
vn 0.7752 0.5865 0.2348
vn 0.7788 0.5464 0.3079
vn 0.9213 -0.3061 -0.2400
vn 0.9234 -0.3289 -0.1979
vn 0.7822 0.4973 0.3754
vn 0.9194 -0.2777 -0.2785
vn 0.3246 -0.7913 -0.5181
vn 0.3300 -0.8498 -0.4111
vn 0.3197 -0.7194 -0.6167
vn 0.7713 0.6171 0.1561
vn 0.0772 -0.7635 -0.6412
vn 0.0825 -0.8397 -0.5368
vn 0.0881 -0.9017 -0.4234
vn 0.3356 -0.8943 -0.2960
vn 0.0940 -0.9488 -0.3015
vn 0.9257 -0.3460 -0.1527
vn 0.7597 0.6437 -0.0922
vn 0.7636 0.6456 -0.0089
vn 0.9300 -0.3630 -0.0582
vn 0.9323 -0.3616 -0.0104
vn 0.7675 0.6368 0.0740
vn 0.9278 -0.3577 -0.1058
vn 0.3469 -0.9363 -0.0547
vn 0.3525 -0.9334 0.0672
vn 0.3412 -0.9234 -0.1760
vn 0.7558 0.6308 -0.1756
vn 0.1000 -0.9796 -0.1744
vn 0.1060 -0.9933 -0.0459
vn 0.1120 -0.9902 0.0833
vn 0.3581 -0.9143 0.1891
vn 0.1179 -0.9700 0.2125
vn 0.9346 -0.3538 0.0373
vn 0.7459 0.5295 -0.4040
vn 0.7490 0.5729 -0.3328
vn 0.9384 -0.3213 0.1277
vn 0.9402 -0.2961 0.1684
vn 0.7523 0.6068 -0.2566
vn 0.9365 -0.3405 0.0838
vn 0.3682 -0.8300 0.4191
vn 0.3727 -0.7664 0.5232
vn 0.3634 -0.8794 0.3075
vn 0.1234 -0.9331 0.3379
vn 0.1286 -0.8806 0.4560
vn 0.1334 -0.8133 0.5663
vn 0.0512 -0.4210 0.9056
vn 0.0489 -0.5352 0.8433
vn 0.0094 -0.5351 0.8447
vn 0.0117 -0.4211 0.9070
vn 0.0459 -0.6402 0.7668
vn 0.0064 -0.6401 0.7682
vn -0.0076 -0.5348 0.8449
vn -0.0053 -0.4208 0.9071
vn -0.0106 -0.6398 0.7685
vn 0.0527 -0.2983 0.9530
vn 0.0423 -0.7356 0.6761
vn 0.0028 -0.7354 0.6776
vn -0.0142 -0.7350 0.6779
vn -0.0191 -0.7348 0.6780
vn -0.0155 -0.6396 0.7685
vn -0.0125 -0.5347 0.8449
vn -0.0102 -0.4208 0.9071
vn -0.0038 -0.2983 0.9545
vn -0.0087 -0.2982 0.9545
vn 0.0132 -0.2984 0.9544
vn 0.0525 0.0889 0.9947
vn 0.0534 -0.0411 0.9977
vn 0.0139 -0.0413 0.9990
vn 0.0130 0.0886 0.9960
vn 0.0534 -0.1704 0.9839
vn 0.0139 -0.1705 0.9853
vn -0.0031 -0.0414 0.9991
vn -0.0040 0.0884 0.9961
vn -0.0031 -0.1705 0.9853
vn 0.0509 0.2189 0.9744
vn -0.0080 -0.1705 0.9853
vn -0.0080 -0.0414 0.9991
vn -0.0089 0.0884 0.9960
vn -0.0056 0.2183 0.9759
vn -0.0105 0.2182 0.9758
vn 0.0114 0.2185 0.9758
vn 0.0417 0.5750 0.8171
vn 0.0454 0.4639 0.8847
vn 0.0059 0.4635 0.8861
vn 0.0021 0.5745 0.8185
vn 0.0485 0.3451 0.9373
vn 0.0090 0.3447 0.9387
vn -0.0111 0.4631 0.8862
vn -0.0148 0.5740 0.8187
vn -0.0080 0.3444 0.9388
vn 0.0373 0.6774 0.7347
vn -0.0129 0.3442 0.9388
vn -0.0160 0.4629 0.8862
vn -0.0197 0.5738 0.8188
vn -0.0192 0.6763 0.7364
vn -0.0241 0.6761 0.7364
vn -0.0022 0.6769 0.7361
vn 0.0215 0.9070 0.4205
vn 0.0271 0.8447 0.5345
vn -0.0124 0.8441 0.5361
vn -0.0180 0.9063 0.4222
vn 0.0324 0.7681 0.6395
vn -0.0071 0.7675 0.6410
vn -0.0294 0.8434 0.5365
vn -0.0350 0.9056 0.4227
vn -0.0241 0.7669 0.6413
vn 0.0156 0.9545 0.2980
vn -0.0290 0.7667 0.6414
vn -0.0342 0.8431 0.5366
vn -0.0399 0.9054 0.4228
vn -0.0409 0.9530 0.3002
vn -0.0458 0.9527 0.3004
vn -0.0239 0.9538 0.2996
vn -0.0025 0.9960 -0.0888
vn 0.0035 0.9992 0.0411
vn -0.0360 0.9984 0.0429
vn -0.0420 0.9953 -0.0869
vn 0.0095 0.9854 0.1702
vn -0.0300 0.9847 0.1719
vn -0.0530 0.9976 0.0436
vn -0.0590 0.9945 -0.0861
vn -0.0470 0.9839 0.1726
vn -0.0084 0.9758 -0.2187
vn -0.0518 0.9836 0.1728
vn -0.0579 0.9974 0.0438
vn -0.0639 0.9943 -0.0858
vn -0.0649 0.9743 -0.2158
vn -0.0698 0.9740 -0.2155
vn -0.0479 0.9751 -0.2167
vn -0.0240 0.8182 -0.5744
vn -0.0193 0.8859 -0.4635
vn -0.0588 0.8852 -0.4615
vn -0.0635 0.8176 -0.5723
vn -0.0141 0.9386 -0.3448
vn -0.0536 0.9379 -0.3428
vn -0.0757 0.8845 -0.4603
vn -0.0805 0.8169 -0.5711
vn -0.0705 0.9371 -0.3417
vn -0.0283 0.7356 -0.6768
vn -0.0754 0.9369 -0.3414
vn -0.0806 0.8843 -0.4600
vn -0.0853 0.8167 -0.5708
vn -0.0848 0.7344 -0.6734
vn -0.0896 0.7342 -0.6730
vn -0.0678 0.7350 -0.6746
vn -0.0372 0.4211 -0.9062
vn -0.0350 0.5352 -0.8440
vn -0.0744 0.5348 -0.8417
vn -0.0767 0.4207 -0.9040
vn -0.0320 0.6403 -0.7674
vn -0.0715 0.6398 -0.7652
vn -0.0914 0.5343 -0.8403
vn -0.0936 0.4203 -0.9025
vn -0.0884 0.6392 -0.7639
vn -0.0388 0.2984 -0.9537
vn -0.0933 0.6391 -0.7635
vn -0.0962 0.5341 -0.8399
vn -0.0985 0.4202 -0.9021
vn -0.0952 0.2977 -0.9499
vn -0.1000 0.2976 -0.9494
vn -0.0782 0.2980 -0.9513
vn -0.0386 -0.0888 -0.9953
vn -0.0394 0.0412 -0.9984
vn -0.0789 0.0410 -0.9960
vn -0.0781 -0.0889 -0.9930
vn -0.0395 0.1705 -0.9846
vn -0.0790 0.1702 -0.9822
vn -0.0958 0.0408 -0.9946
vn -0.0950 -0.0890 -0.9915
vn -0.0959 0.1700 -0.9808
vn -0.0369 -0.2188 -0.9751
vn -0.1008 0.1699 -0.9803
vn -0.1007 0.0408 -0.9941
vn -0.0999 -0.0890 -0.9910
vn -0.0934 -0.2188 -0.9713
vn -0.0982 -0.2188 -0.9708
vn -0.0764 -0.2189 -0.9728
vn -0.0277 -0.5749 -0.8178
vn -0.0314 -0.4639 -0.8853
vn -0.0709 -0.4638 -0.8831
vn -0.0672 -0.5748 -0.8155
vn -0.0345 -0.3450 -0.9380
vn -0.0740 -0.3450 -0.9357
vn -0.0879 -0.4636 -0.8817
vn -0.0841 -0.5745 -0.8142
vn -0.0909 -0.3449 -0.9342
vn -0.0233 -0.6773 -0.7353
vn -0.0958 -0.3448 -0.9338
vn -0.0927 -0.4635 -0.8812
vn -0.0890 -0.5744 -0.8137
vn -0.0798 -0.6768 -0.7318
vn -0.0847 -0.6767 -0.7314
vn -0.0628 -0.6772 -0.7331
vn -0.0076 -0.9069 -0.4212
vn -0.0132 -0.8446 -0.5352
vn -0.0527 -0.8444 -0.5331
vn -0.0471 -0.9067 -0.4192
vn -0.0184 -0.7681 -0.6401
vn -0.0579 -0.7679 -0.6380
vn -0.0696 -0.8439 -0.5319
vn -0.0640 -0.9062 -0.4181
vn -0.0749 -0.7674 -0.6367
vn -0.0016 -0.9544 -0.2986
vn -0.0798 -0.7673 -0.6364
vn -0.0745 -0.8437 -0.5316
vn -0.0689 -0.9060 -0.4177
vn -0.0581 -0.9535 -0.2956
vn -0.0630 -0.9533 -0.2953
vn -0.0411 -0.9541 -0.2966
vn 0.0165 -0.9960 0.0881
vn 0.0105 -0.9991 -0.0417
vn -0.0290 -0.9988 -0.0398
vn -0.0230 -0.9957 0.0899
vn 0.0044 -0.9853 -0.1708
vn -0.0351 -0.9850 -0.1689
vn -0.0460 -0.9982 -0.0390
vn -0.0400 -0.9951 0.0907
vn -0.0520 -0.9844 -0.1680
vn 0.0224 -0.9757 0.2180
vn -0.0569 -0.9842 -0.1678
vn -0.0509 -0.9980 -0.0388
vn -0.0449 -0.9949 0.0909
vn -0.0341 -0.9748 0.2204
vn -0.0390 -0.9746 0.2205
vn -0.0171 -0.9754 0.2197
vn 0.0380 -0.8181 0.5738
vn 0.0332 -0.8858 0.4629
vn -0.0063 -0.8856 0.4645
vn -0.0015 -0.8179 0.5753
vn 0.0280 -0.9385 0.3441
vn -0.0115 -0.9382 0.3458
vn -0.0233 -0.8850 0.4649
vn -0.0185 -0.8174 0.5757
vn -0.0285 -0.9377 0.3463
vn -0.0334 -0.9375 0.3465
vn -0.0282 -0.8848 0.4650
vn -0.0234 -0.8173 0.5758
vn -0.0442 0.4211 -0.9059
vn -0.0419 0.5352 -0.8437
vn -0.0390 0.6403 -0.7671
vn -0.0457 0.2984 -0.9534
vn -0.0353 0.7356 -0.6765
vn -0.0321 0.7356 -0.6766
vn -0.0358 0.6404 -0.7672
vn -0.0389 0.5352 -0.8438
vn -0.0411 0.4210 -0.9061
vn -0.0425 0.2984 -0.9535
vn -0.0456 -0.0888 -0.9950
vn -0.0464 0.0412 -0.9981
vn -0.0465 0.1705 -0.9843
vn -0.0439 -0.2188 -0.9748
vn -0.0433 0.1706 -0.9844
vn -0.0433 0.0412 -0.9982
vn -0.0424 -0.0889 -0.9951
vn -0.0407 -0.2188 -0.9749
vn -0.0347 -0.5749 -0.8175
vn -0.0384 -0.4639 -0.8850
vn -0.0415 -0.3451 -0.9377
vn -0.0303 -0.6774 -0.7350
vn -0.0384 -0.3449 -0.9379
vn -0.0353 -0.4639 -0.8852
vn -0.0315 -0.5750 -0.8175
vn -0.0271 -0.6774 -0.7351
vn -0.0145 -0.9070 -0.4209
vn -0.0202 -0.8447 -0.5349
vn -0.0254 -0.7681 -0.6398
vn -0.0086 -0.9545 -0.2982
vn -0.0085 -0.9546 -0.2978
vn -0.0223 -0.7680 -0.6401
vn -0.0171 -0.8447 -0.5350
vn -0.0114 -0.9070 -0.4209
vn -0.0079 -0.9558 -0.2938
vn -0.0045 -0.9567 -0.2911
vn -0.0082 -0.9550 -0.2964
vn 0.0039 -0.9968 0.0799
vn 0.0033 -0.9991 -0.0417
vn 0.0032 -0.9991 -0.0412
vn -0.0052 -0.9981 0.0615
vn -0.0020 -0.9857 -0.1688
vn -0.0008 -0.9865 -0.1637
vn 0.0028 -0.9992 -0.0395
vn -0.0135 -0.9992 0.0369
vn 0.0002 -0.9878 -0.1557
vn 0.0104 -0.9767 0.2145
vn 0.0079 -0.9962 0.0864
vn -0.0030 -0.9794 0.2019
vn 0.0035 -0.9991 -0.0415
vn -0.0024 -0.9854 -0.1702
vn 0.0033 -0.9889 -0.1487
vn 0.0045 -0.9992 -0.0390
vn -0.0158 -0.9997 0.0160
vn -0.0653 -0.9923 0.1049
vn -0.0965 -0.9937 0.0577
vn -0.0343 -0.9861 0.1624
vn -0.0485 -0.8207 0.5693
vn -0.0329 -0.8922 0.4505
vn -0.1578 -0.8988 0.4089
vn -0.2318 -0.8078 0.5420
vn -0.0164 -0.9450 0.3266
vn -0.0872 -0.9565 0.2784
vn -0.3447 -0.8786 0.3307
vn -0.5160 -0.7233 0.4589
vn -0.1776 -0.9629 0.2030
vn 0.0124 -0.7361 0.6767
vn 0.0117 -0.8192 0.5734
vn -0.0604 -0.7346 0.6759
vn 0.0114 -0.8875 0.4607
vn 0.0112 -0.9402 0.3406
vn -0.3068 -0.9420 0.1361
vn -0.5735 -0.7846 0.2356
vn -0.7907 -0.5257 0.3137
vn -0.6213 -0.5640 0.5440
vn -0.8743 -0.3390 0.3473
vn -0.2874 -0.7013 0.6524
vn -0.0811 -0.4190 0.9044
vn -0.0757 -0.5329 0.8428
vn -0.3457 -0.4947 0.7973
vn -0.3641 -0.3858 0.8477
vn -0.0690 -0.6381 0.7669
vn -0.3214 -0.5987 0.7336
vn -0.6925 -0.3667 0.6212
vn -0.7111 -0.2802 0.6448
vn -0.6659 -0.4567 0.5898
vn 0.0144 -0.2986 0.9543
vn 0.0142 -0.4214 0.9068
vn -0.0851 -0.2969 0.9511
vn 0.0138 -0.5355 0.8444
vn 0.0132 -0.6407 0.7677
vn -0.8969 -0.2570 0.3599
vn -0.9081 -0.2011 0.3673
vn -0.9155 -0.1513 0.3728
vn -0.7236 -0.1953 0.6620
vn -0.9202 -0.1050 0.3770
vn -0.3771 -0.2721 0.8853
vn -0.0885 0.0875 0.9922
vn -0.0888 -0.0415 0.9952
vn -0.3876 -0.0395 0.9210
vn -0.3855 0.0774 0.9194
vn -0.0877 -0.1698 0.9816
vn -0.3848 -0.1558 0.9097
vn -0.7331 -0.0307 0.6795
vn -0.7311 0.0510 0.6803
vn -0.7307 -0.1122 0.6734
vn 0.0126 0.2188 0.9757
vn 0.0134 0.0887 0.9960
vn -0.0868 0.2166 0.9724
vn 0.0140 -0.0413 0.9990
vn 0.0143 -0.1706 0.9852
vn -0.9229 -0.0612 0.3802
vn -0.9238 -0.0191 0.3824
vn -0.9231 0.0231 0.3838
vn -0.7246 0.1349 0.6759
vn -0.9208 0.0670 0.3843
vn -0.3785 0.1953 0.9047
vn -0.0730 0.5720 0.8170
vn -0.0791 0.4609 0.8839
vn -0.3485 0.4247 0.8356
vn -0.3248 0.5339 0.7807
vn -0.0836 0.3422 0.9359
vn -0.3662 0.3119 0.8767
vn -0.6944 0.3094 0.6496
vn -0.6683 0.4021 0.6259
vn -0.7125 0.2211 0.6659
vn 0.0075 0.6777 0.7353
vn 0.0089 0.5751 0.8181
vn -0.0651 0.6757 0.7343
vn 0.0103 0.4640 0.8858
vn 0.0115 0.3450 0.9385
vn -0.9163 0.1136 0.3841
vn -0.9092 0.1639 0.3828
vn -0.8983 0.2204 0.3801
vn -0.6242 0.5132 0.5891
vn -0.8762 0.3035 0.3745
vn -0.2914 0.6431 0.7082
vn -0.0227 0.9146 0.4037
vn -0.0388 0.8516 0.5228
vn -0.1632 0.8608 0.4821
vn -0.0933 0.9294 0.3570
vn -0.0539 0.7705 0.6352
vn -0.2365 0.7587 0.6071
vn -0.3495 0.8458 0.4030
vn -0.1836 0.9414 0.2831
vn -0.5196 0.6797 0.5176
vn 0.0037 0.9556 0.2946
vn 0.0048 0.9088 0.4172
vn -0.0096 0.9593 0.2823
vn 0.0053 0.8464 0.5325
vn 0.0061 0.7691 0.6391
vn -0.7935 0.4930 0.3568
vn -0.5780 0.7586 0.3008
vn -0.3134 0.9249 0.2151
vn -0.0718 0.9796 0.1878
vn -0.1039 0.9845 0.1413
vn -0.0408 0.9689 0.2440
vn -0.0089 0.9962 -0.0867
vn -0.0037 0.9991 0.0411
vn -0.0037 0.9991 0.0419
vn -0.0078 0.9966 -0.0815
vn -0.0030 0.9868 0.1622
vn -0.0120 0.9895 0.1444
vn -0.0041 0.9990 0.0439
vn -0.0068 0.9973 -0.0732
vn -0.0202 0.9925 0.1204
vn -0.0154 0.9758 -0.2183
vn -0.0094 0.9961 -0.0881
vn -0.0153 0.9759 -0.2179
vn -0.0036 0.9991 0.0412
vn 0.0010 0.9857 0.1685
vn -0.0228 0.9947 0.0998
vn -0.0025 0.9990 0.0446
vn -0.0037 0.9978 -0.0660
vn -0.0147 0.9768 -0.2137
vn -0.0113 0.9774 -0.2109
vn -0.0150 0.9762 -0.2164
vn -0.0310 0.8182 -0.5741
vn -0.0262 0.8859 -0.4632
vn -0.0210 0.9386 -0.3445
vn -0.0279 0.8181 -0.5744
vn -0.0179 0.9386 -0.3445
vn -0.0232 0.8859 -0.4633
vn -0.0124 0.4197 -0.9076
vn -0.0108 0.5351 -0.8447
vn 0.0887 0.5314 -0.8425
vn 0.0889 0.4122 -0.9068
vn -0.0071 0.6413 -0.7673
vn 0.0944 0.6403 -0.7623
vn 0.3215 0.5011 -0.8034
vn 0.3255 0.3776 -0.8669
vn 0.3310 0.6110 -0.7191
vn -0.0133 0.2984 -0.9544
vn -0.0028 0.7354 -0.6776
vn 0.1005 0.7296 -0.6765
vn 0.3404 0.6844 -0.6448
vn 0.6808 0.5244 -0.5114
vn 0.6685 0.4881 -0.5612
vn 0.6556 0.3927 -0.6449
vn 0.6634 0.2759 -0.6955
vn 0.3307 0.2788 -0.9016
vn 0.6735 0.2150 -0.7073
vn 0.0901 0.2963 -0.9508
vn -0.0137 -0.0901 -0.9958
vn -0.0152 0.0413 -0.9990
vn 0.0842 0.0415 -0.9956
vn 0.0878 -0.0938 -0.9917
vn -0.0146 0.1720 -0.9850
vn 0.0868 0.1761 -0.9805
vn 0.3174 0.0404 -0.9474
vn 0.3246 -0.0981 -0.9407
vn 0.3237 0.1779 -0.9293
vn -0.0114 -0.2185 -0.9758
vn 0.6623 0.1583 -0.7323
vn 0.6524 0.0337 -0.7571
vn 0.6632 -0.0926 -0.7427
vn 0.3324 -0.2010 -0.9215
vn 0.6748 -0.1510 -0.7224
vn 0.0919 -0.2161 -0.9720
vn -0.0028 -0.5757 -0.8177
vn -0.0073 -0.4635 -0.8861
vn 0.0921 -0.4592 -0.8835
vn 0.0987 -0.5744 -0.8126
vn -0.0097 -0.3433 -0.9392
vn 0.0916 -0.3352 -0.9377
vn 0.3248 -0.4307 -0.8420
vn 0.3351 -0.5471 -0.7671
vn 0.3279 -0.3024 -0.8950
vn 0.0021 -0.6769 -0.7361
vn 0.6651 -0.2128 -0.7158
vn 0.6582 -0.3334 -0.6750
vn 0.6717 -0.4353 -0.5994
vn 0.3450 -0.6263 -0.6991
vn 0.6844 -0.4755 -0.5528
vn 0.1054 -0.6704 -0.7345
vn 0.0173 -0.9070 -0.4208
vn 0.0110 -0.8441 -0.5360
vn 0.1103 -0.8368 -0.5363
vn 0.1187 -0.9009 -0.4174
vn 0.0063 -0.7666 -0.6421
vn 0.1074 -0.7564 -0.6453
vn 0.3419 -0.7858 -0.5155
vn 0.3541 -0.8489 -0.3924
vn 0.3425 -0.7010 -0.6255
vn 0.0246 -0.9566 -0.2904
vn 0.6761 -0.5259 -0.5161
vn 0.6715 -0.6102 -0.4205
vn 0.6866 -0.6603 -0.3042
vn 0.3644 -0.8864 -0.2855
vn 0.6986 -0.6746 -0.2386
vn 0.1271 -0.9479 -0.2920
vn 0.0135 -0.9999 0.0008
vn 0.0300 -0.9986 -0.0428
vn 0.1244 -0.9908 -0.0529
vn 0.1146 -0.9933 -0.0129
vn 0.0307 -0.9886 -0.1474
vn 0.1289 -0.9794 -0.1554
vn 0.3514 -0.9336 -0.0708
vn 0.3456 -0.9379 -0.0292
vn 0.3592 -0.9175 -0.1705
vn -0.0165 -0.9998 0.0115
vn 0.6882 -0.7046 -0.1730
vn 0.6873 -0.7210 -0.0888
vn 0.7110 -0.7014 -0.0499
vn 0.3050 -0.9522 -0.0194
vn 0.7032 -0.7091 -0.0518
vn 0.0957 -0.9954 -0.0030
vn 0.0237 0.9976 -0.0647
vn 0.0229 0.9989 0.0408
vn 0.1172 0.9927 0.0300
vn 0.1220 0.9898 -0.0735
vn 0.0060 0.9964 0.0847
vn 0.1067 0.9918 0.0703
vn 0.3444 0.9388 0.0072
vn 0.3526 0.9311 -0.0937
vn 0.3379 0.9399 0.0492
vn 0.0177 0.9775 -0.2102
vn -0.0253 0.9951 0.0957
vn 0.0859 0.9930 0.0805
vn 0.2952 0.9535 0.0602
vn 0.6971 0.7169 0.0076
vn 0.7056 0.7085 0.0088
vn 0.6820 0.7308 -0.0284
vn 0.6831 0.7214 -0.1139
vn 0.3581 0.9095 -0.2111
vn 0.6937 0.6969 -0.1818
vn 0.1203 0.9697 -0.2126
vn 0.0108 0.9388 -0.3444
vn 0.1123 0.9332 -0.3414
vn 0.1042 0.8790 -0.4653
vn 0.0049 0.8856 -0.4644
vn 0.3480 0.8809 -0.3208
vn 0.3362 0.8281 -0.4486
vn 0.1019 0.8079 -0.5805
vn 0.0007 0.8171 -0.5765
vn 0.3374 0.7528 -0.5653
vn 0.6818 0.6880 -0.2484
vn 0.6670 0.6476 -0.3684
vn 0.6722 0.5715 -0.4706
vn 0.2339 0.9697 0.0711
vn 0.0549 0.9949 0.0845
vn 0.0207 0.9960 0.0870
vn 0.1716 0.9814 0.0858
vn -0.0643 0.9933 0.0956
vn -0.1106 0.9898 0.0897
vn -0.0042 0.9963 0.0856
vn 0.1458 0.9841 0.1015
vn -0.1485 0.9863 0.0716
vn 0.5165 0.8550 0.0469
vn -0.2065 0.9710 0.1207
vn -0.3002 0.9489 0.0973
vn -0.3696 0.9278 0.0516
vn -0.4132 0.9097 -0.0424
vn -0.1725 0.9846 0.0299
vn -0.0135 0.9968 0.0793
vn 0.1458 0.9806 0.1309
vn 0.3785 0.9171 0.1250
vn 0.3845 0.9000 0.2053
vn 0.4060 0.9101 0.0834
vn 0.9950 0.0991 0.0085
vn 0.9472 0.3200 0.0186
vn 0.9288 0.3633 0.0732
vn 0.9910 0.1179 0.0640
vn 0.7754 0.6306 0.0327
vn 0.7149 0.6946 0.0802
vn 0.9137 0.3694 0.1693
vn 0.9774 0.1271 0.1689
vn 0.6944 0.7031 0.1532
vn 0.9997 0.0189 -0.0184
vn 0.9970 0.0756 -0.0176
vn 0.9998 0.0214 0.0054
vn 0.9690 0.2467 -0.0134
vn 0.8597 0.5107 -0.0055
vn 0.6834 0.6688 0.2929
vn 0.8701 0.3478 0.3491
vn 0.9213 0.1329 0.3654
vn 0.9849 0.0386 0.1686
vn 0.9272 0.0524 0.3709
vn 0.9977 0.0293 0.0608
vn 0.9999 0.0066 0.0083
vn 0.9999 0.0089 0.0078
vn 0.9979 0.0123 0.0639
vn 0.9978 0.0088 0.0650
vn 0.9999 0.0113 0.0064
vn 0.9979 0.0161 0.0622
vn 0.9847 0.0165 0.1735
vn 0.9844 0.0110 0.1755
vn 0.9850 0.0225 0.1711
vn 0.9999 0.0068 -0.0155
vn 0.9999 0.0063 -0.0158
vn 0.9999 0.0062 0.0088
vn 0.9998 0.0087 -0.0162
vn 0.9998 0.0117 -0.0173
vn 0.9265 0.0325 0.3750
vn 0.9253 0.0223 0.3785
vn 0.9243 0.0130 0.3813
vn 0.9842 0.0062 0.1769
vn 0.9236 0.0042 0.3834
vn 0.9978 0.0066 0.0658
vn 1.0000 0.0006 0.0092
vn 0.9999 0.0031 0.0097
vn 0.9978 0.0007 0.0667
vn 0.9978 -0.0028 0.0662
vn 0.9999 0.0057 0.0094
vn 0.9978 0.0044 0.0665
vn 0.9841 -0.0039 0.1778
vn 0.9841 -0.0091 0.1773
vn 0.9841 0.0014 0.1777
vn 0.9999 0.0015 -0.0157
vn 0.9999 0.0013 -0.0152
vn 1.0000 0.0001 0.0085
vn 0.9999 0.0041 -0.0147
vn 0.9999 0.0070 -0.0149
vn 0.9231 -0.0043 0.3845
vn 0.9230 -0.0127 0.3846
vn 0.9232 -0.0210 0.3838
vn 0.9843 -0.0139 0.1761
vn 0.9236 -0.0294 0.3821
vn 0.9979 -0.0050 0.0653
vn 1.0000 -0.0047 0.0058
vn 1.0000 -0.0024 0.0073
vn 0.9980 -0.0105 0.0630
vn 0.9980 -0.0142 0.0610
vn 1.0000 -0.0002 0.0081
vn 0.9979 -0.0071 0.0644
vn 0.9848 -0.0239 0.1719
vn 0.9852 -0.0297 0.1690
vn 0.9845 -0.0186 0.1743
vn 0.9998 -0.0102 -0.0196
vn 0.9998 -0.0032 -0.0179
vn 0.9999 -0.0147 0.0039
vn 0.9999 -0.0003 -0.0166
vn 0.9999 0.0021 -0.0160
vn 0.9244 -0.0380 0.3794
vn 0.9255 -0.0471 0.3759
vn 0.9266 -0.0570 0.3716
vn 0.9852 -0.0456 0.1653
vn 0.9274 -0.0766 0.3660
vn 0.9979 -0.0273 0.0585
vn 0.7820 -0.6230 -0.0190
vn 0.9498 -0.3129 -0.0074
vn 0.9319 -0.3602 0.0439
vn 0.7236 -0.6898 0.0239
vn 0.9957 -0.0924 0.0006
vn 0.9918 -0.1158 0.0545
vn 0.9168 -0.3741 0.1400
vn 0.7042 -0.7032 0.0981
vn 0.9782 -0.1338 0.1586
vn 0.8641 -0.5010 -0.0475
vn 0.5269 -0.8496 -0.0238
vn 0.9708 -0.2374 -0.0335
vn 0.9975 -0.0668 -0.0235
vn 0.9219 -0.1565 0.3544
vn 0.8722 -0.3680 0.3221
vn 0.6918 -0.6799 0.2435
vn 0.3974 -0.9161 0.0536
vn 0.4036 -0.9039 0.1417
vn 0.4212 -0.9069 0.0093
vn -0.0522 -0.9986 0.0118
vn 0.0682 -0.9977 0.0012
vn 0.0395 -0.9992 0.0053
vn -0.0929 -0.9956 0.0077
vn 0.2472 -0.9689 -0.0095
vn 0.1901 -0.9817 0.0057
vn 0.0205 -0.9998 0.0081
vn -0.1243 -0.9922 -0.0056
vn 0.1694 -0.9852 0.0252
vn -0.1961 -0.9798 0.0381
vn 0.1717 -0.9831 0.0636
vn 0.0150 -0.9998 0.0117
vn -0.1438 -0.9889 -0.0367
vn -0.3483 -0.9372 -0.0216
vn -0.3886 -0.9155 -0.1044
vn -0.2845 -0.9585 0.0181
vn -0.4682 0.8688 0.1614
vn -0.7733 0.6043 0.1919
vn -0.8824 0.4627 0.0859
vn -0.6045 0.7900 0.1023
vn -0.9346 0.2987 0.1932
vn -0.9816 0.1794 0.0649
vn -0.9275 0.3716 -0.0416
vn -0.6923 0.7215 0.0115
vn -0.9907 0.1153 -0.0726
vn -0.9712 0.1460 0.1882
vn -0.9963 0.0653 0.0553
vn -0.9962 0.0241 -0.0838
vn -0.9559 -0.0034 -0.2936
vn -0.9566 0.0712 -0.2824
vn -0.9197 0.3060 -0.2460
vn -0.7297 0.6665 -0.1527
vn -0.9776 0.0984 0.1861
vn -0.9802 0.0714 0.1847
vn -0.9984 0.0276 0.0503
vn -0.9979 0.0390 0.0522
vn -0.9819 0.0482 0.1834
vn -0.9987 0.0180 0.0487
vn -0.9959 0.0065 -0.0903
vn -0.9961 0.0095 -0.0877
vn -0.9957 0.0044 -0.0924
vn -0.9829 0.0272 0.1823
vn -0.9988 0.0096 0.0475
vn -0.9956 0.0028 -0.0940
vn -0.9516 0.0019 -0.3075
vn -0.9523 -0.0019 -0.3052
vn -0.9532 -0.0055 -0.3022
vn -0.9544 -0.0091 -0.2985
vn -0.9834 0.0077 0.1814
vn -0.9835 -0.0109 0.1806
vn -0.9989 0.0018 0.0467
vn -0.9833 -0.0296 0.1798
vn -0.9989 -0.0127 0.0461
vn -0.9955 0.0004 -0.0952
vn -0.9955 0.0015 -0.0949
vn -0.9955 -0.0007 -0.0950
vn -0.9826 -0.0491 0.1791
vn -0.9987 -0.0205 0.0462
vn -0.9956 -0.0020 -0.0942
vn -0.9516 0.0169 -0.3069
vn -0.9511 0.0132 -0.3085
vn -0.9510 0.0095 -0.3091
vn -0.9511 0.0057 -0.3087
vn -0.9815 -0.0701 0.1784
vn -0.9797 -0.0932 0.1777
vn -0.9981 -0.0386 0.0475
vn -0.9985 -0.0290 0.0467
vn -0.9769 -0.1201 0.1769
vn -0.9976 -0.0502 0.0484
vn -0.9959 -0.0060 -0.0908
vn -0.9957 -0.0037 -0.0927
vn -0.9960 -0.0092 -0.0884
vn -0.9702 -0.1677 0.1749
vn -0.9958 -0.0767 0.0494
vn -0.9960 -0.0241 -0.0857
vn -0.9560 0.0210 -0.2927
vn -0.9544 0.0271 -0.2971
vn -0.9533 0.0238 -0.3011
vn -0.9523 0.0204 -0.3044
vn -0.9325 -0.3201 0.1671
vn -0.7686 -0.6243 0.1400
vn -0.8778 -0.4767 0.0470
vn -0.9803 -0.1914 0.0495
vn -0.4597 -0.8838 0.0873
vn -0.5934 -0.8041 0.0361
vn -0.9234 -0.3771 -0.0713
vn -0.9898 -0.1165 -0.0819
vn -0.6794 -0.7323 -0.0457
vn -0.7171 -0.6679 -0.1990
vn -0.9169 -0.2957 -0.2679
vn -0.9563 -0.0550 -0.2872
vn 0.1480 0.9715 0.1852
vn -0.0160 0.9974 0.0704
vn -0.0217 0.9980 0.0595
vn 0.1305 0.9581 0.2550
vn -0.1900 0.9806 -0.0484
vn -0.2027 0.9639 -0.1729
vn -0.0316 0.9979 0.0561
vn 0.0923 0.9415 0.3240
vn -0.1932 0.9256 -0.3254
vn 0.3814 0.8582 0.3437
vn -0.4344 0.8760 -0.2097
vn -0.4112 0.8054 -0.4269
vn -0.3440 0.7317 -0.5884
vn -0.2850 0.6620 -0.6932
vn -0.2107 0.8648 -0.4558
vn -0.0700 0.9934 0.0909
vn 0.0830 0.8728 0.4809
vn 0.2735 0.7390 0.6157
vn 0.1863 0.7104 0.6786
vn 0.3425 0.7946 0.5012
vn 0.7740 0.1241 0.6209
vn 0.7504 0.2854 0.5962
vn 0.5526 0.1937 0.8106
vn 0.5529 0.1069 0.8263
vn 0.6307 0.5867 0.5079
vn 0.5169 0.4562 0.7243
vn 0.3439 0.2101 0.9152
vn 0.3434 0.1254 0.9308
vn 0.3503 0.3668 0.8618
vn 0.7742 0.0627 0.6298
vn 0.1997 0.5188 0.8313
vn 0.2126 0.3178 0.9240
vn 0.2165 0.1665 0.9620
vn 0.3467 0.0794 0.9346
vn 0.2203 0.0928 0.9710
vn 0.5511 0.0679 0.8317
vn 0.7672 0.0121 0.6413
vn 0.7693 0.0254 0.6384
vn 0.5455 0.0260 0.8377
vn 0.5430 0.0099 0.8396
vn 0.7717 0.0403 0.6347
vn 0.5483 0.0443 0.8351
vn 0.3436 0.0301 0.9386
vn 0.3419 0.0113 0.9397
vn 0.3456 0.0517 0.9370
vn 0.7656 -0.0005 0.6434
vn 0.2199 0.0593 0.9737
vn 0.2186 0.0353 0.9752
vn 0.2174 0.0144 0.9760
vn 0.3406 -0.0059 0.9402
vn 0.2165 -0.0046 0.9763
vn 0.5412 -0.0051 0.8409
vn 0.7646 -0.0355 0.6436
vn 0.7643 -0.0240 0.6445
vn 0.5397 -0.0329 0.8412
vn 0.5400 -0.0466 0.8404
vn 0.7646 -0.0124 0.6444
vn 0.5401 -0.0193 0.8414
vn 0.3394 -0.0377 0.9399
vn 0.3396 -0.0533 0.9391
vn 0.3397 -0.0222 0.9403
vn 0.7655 -0.0474 0.6417
vn 0.2159 -0.0225 0.9762
vn 0.2156 -0.0396 0.9757
vn 0.2157 -0.0568 0.9748
vn 0.3402 -0.0695 0.9378
vn 0.2161 -0.0746 0.9735
vn 0.5410 -0.0607 0.8388
vn 0.7717 -0.0875 0.6300
vn 0.7692 -0.0729 0.6348
vn 0.5450 -0.0916 0.8334
vn 0.5477 -0.1097 0.8294
vn 0.7671 -0.0598 0.6387
vn 0.5427 -0.0756 0.8365
vn 0.3429 -0.1054 0.9334
vn 0.3446 -0.1269 0.9301
vn 0.3414 -0.0867 0.9359
vn 0.7741 -0.1095 0.6235
vn 0.2168 -0.0937 0.9717
vn 0.2177 -0.1145 0.9693
vn 0.2188 -0.1385 0.9659
vn 0.3454 -0.1546 0.9256
vn 0.2187 -0.1720 0.9605
vn 0.5503 -0.1330 0.8243
vn 0.6350 -0.6155 0.4669
vn 0.7507 -0.3272 0.5739
vn 0.5515 -0.2554 0.7941
vn 0.5164 -0.5040 0.6923
vn 0.7739 -0.1699 0.6101
vn 0.5520 -0.1714 0.8160
vn 0.3415 -0.2824 0.8965
vn 0.3469 -0.4293 0.8339
vn 0.3418 -0.2003 0.9182
vn 0.3956 -0.8713 0.2904
vn 0.2142 -0.2449 0.9456
vn 0.2086 -0.3910 0.8965
vn 0.1941 -0.5780 0.7926
vn 0.2724 -0.7730 0.5729
vn 0.1811 -0.7511 0.6348
vn 0.3486 -0.8191 0.4555
vn -0.1616 -0.9821 -0.0971
vn 0.0107 -0.9998 0.0185
vn -0.0028 -0.9997 0.0238
vn -0.1809 -0.9628 -0.2005
vn 0.1703 -0.9767 0.1308
vn 0.1433 -0.9671 0.2104
vn -0.0244 -0.9992 0.0307
vn -0.1845 -0.9210 -0.3430
vn 0.0949 -0.9545 0.2828
vn -0.4127 -0.8745 -0.2547
vn 0.0793 -0.8957 0.4374
vn -0.0720 -0.9958 0.0557
vn -0.2136 -0.8496 -0.4822
vn -0.3425 -0.7109 -0.6143
vn -0.2892 -0.6325 -0.7186
vn -0.3999 -0.7942 -0.4574
vn -0.6926 0.6009 -0.3991
vn -0.8152 0.2558 -0.5196
vn -0.6151 0.2231 -0.7562
vn -0.5584 0.5391 -0.6306
vn -0.8302 0.0392 -0.5561
vn -0.6167 0.0162 -0.7871
vn -0.4234 0.1418 -0.8948
vn -0.4047 0.4566 -0.7923
vn -0.4193 -0.0177 -0.9077
vn -0.8250 -0.0237 -0.5646
vn -0.6122 -0.0377 -0.7898
vn -0.4191 -0.0502 -0.9065
vn -0.3533 -0.0433 -0.9345
vn -0.3576 -0.0092 -0.9338
vn -0.3572 0.1453 -0.9227
vn -0.3288 0.4401 -0.8356
vn -0.8217 -0.0217 -0.5695
vn -0.8190 -0.0121 -0.5737
vn -0.6052 -0.0155 -0.7959
vn -0.6086 -0.0296 -0.7930
vn -0.8167 -0.0034 -0.5770
vn -0.6024 -0.0029 -0.7982
vn -0.4144 -0.0189 -0.9099
vn -0.4170 -0.0362 -0.9082
vn -0.4122 -0.0037 -0.9111
vn -0.8150 0.0051 -0.5794
vn -0.6002 0.0089 -0.7998
vn -0.4105 0.0103 -0.9118
vn -0.3453 0.0133 -0.9384
vn -0.3466 0.0002 -0.9380
vn -0.3484 -0.0141 -0.9372
vn -0.3506 -0.0304 -0.9360
vn -0.8140 0.0133 -0.5807
vn -0.8137 0.0212 -0.5810
vn -0.5984 0.0311 -0.8006
vn -0.5989 0.0202 -0.8006
vn -0.8140 0.0291 -0.5802
vn -0.5988 0.0419 -0.7998
vn -0.4090 0.0363 -0.9118
vn -0.4094 0.0236 -0.9120
vn -0.4092 0.0491 -0.9111
vn -0.8150 0.0372 -0.5783
vn -0.6000 0.0531 -0.7983
vn -0.4100 0.0623 -0.9100
vn -0.3448 0.0619 -0.9366
vn -0.3441 0.0495 -0.9376
vn -0.3440 0.0376 -0.9382
vn -0.3444 0.0257 -0.9385
vn -0.8167 0.0454 -0.5753
vn -0.8189 0.0539 -0.5714
vn -0.6046 0.0772 -0.7927
vn -0.6020 0.0648 -0.7959
vn -0.8216 0.0632 -0.5666
vn -0.6078 0.0912 -0.7888
vn -0.4134 0.0915 -0.9060
vn -0.4114 0.0763 -0.9082
vn -0.4157 0.1087 -0.9030
vn -0.8249 0.0648 -0.5616
vn -0.6114 0.0992 -0.7851
vn -0.4176 0.1228 -0.9003
vn -0.3517 0.1186 -0.9286
vn -0.3492 0.1057 -0.9311
vn -0.3473 0.0894 -0.9335
vn -0.3458 0.0751 -0.9353
vn -0.8302 0.0006 -0.5574
vn -0.8148 -0.2225 -0.5354
vn -0.6170 -0.1684 -0.7688
vn -0.6165 0.0445 -0.7861
vn -0.6855 -0.5847 -0.4339
vn -0.5588 -0.5034 -0.6591
vn -0.4254 -0.0729 -0.9021
vn -0.4183 0.0904 -0.9038
vn -0.4096 -0.4053 -0.8173
vn -0.3350 -0.3870 -0.8591
vn -0.3593 -0.0742 -0.9303
vn -0.3566 0.0843 -0.9305
vn 0.0785 -0.3417 0.9365
vn -0.7908 -0.5788 0.1992
vn -0.4979 -0.8613 0.1011
vn 0.0851 -0.5742 0.8143
vn -0.5033 -0.1066 -0.8575
vn -0.4338 -0.4225 -0.7958
vn -0.2051 -0.9759 0.0740
vn 0.0878 -0.7741 0.6269
vn -0.3151 -0.6781 -0.6640
vn 0.0864 -0.2078 0.9743
vn -0.8999 -0.3429 0.2694
vn -0.4939 0.0422 -0.8685
vn 0.0869 -0.1064 0.9905
vn -0.9413 -0.1436 0.3054
vn -0.9347 -0.1916 0.2995
vn 0.0876 -0.1317 0.9874
vn -0.4821 0.0467 -0.8749
vn -0.4841 0.0509 -0.8735
vn -0.9247 -0.2455 0.2910
vn 0.0883 -0.1609 0.9830
vn -0.4869 0.0553 -0.8717
vn 0.0865 -0.0833 0.9928
vn -0.9457 -0.0990 0.3097
vn -0.4806 0.0426 -0.8759
vn 0.0864 -0.0202 0.9961
vn -0.9484 0.0243 0.3162
vn -0.9490 -0.0163 0.3148
vn 0.0862 -0.0409 0.9954
vn -0.4797 0.0306 -0.8769
vn -0.4794 0.0346 -0.8769
vn -0.9482 -0.0568 0.3127
vn 0.0862 -0.0616 0.9944
vn -0.4797 0.0386 -0.8766
vn 0.0868 0.0015 0.9962
vn -0.9461 0.0666 0.3168
vn -0.4807 0.0265 -0.8765
vn 0.0894 0.0793 0.9928
vn -0.9260 0.2144 0.3106
vn -0.9357 0.1599 0.3145
vn 0.0884 0.0500 0.9948
vn -0.4872 0.0135 -0.8732
vn -0.4844 0.0180 -0.8747
vn -0.9421 0.1115 0.3163
vn 0.0875 0.0246 0.9959
vn -0.4823 0.0223 -0.8757
vn 0.0879 0.1265 0.9881
vn -0.9015 0.3146 0.2971
vn -0.4940 0.0259 -0.8691
vn 0.0932 0.7333 0.6735
vn -0.2002 0.9717 0.1256
vn -0.4942 0.8542 0.1614
vn 0.0893 0.5118 0.8544
vn -0.3078 0.7120 -0.6311
vn -0.4275 0.4725 -0.7707
vn -0.7909 0.5609 0.2445
vn 0.0808 0.2640 0.9611
vn -0.5007 0.1698 -0.8488
vn 0.8972 0.1313 -0.4218
vn 0.8889 0.2297 -0.3963
vn 0.9672 0.1190 -0.2243
vn 0.9791 0.0476 -0.1979
vn 0.9010 0.2945 -0.3184
vn 0.9809 0.1251 -0.1488
vn 0.9951 0.0350 -0.0928
vn 0.9070 0.1182 -0.4043
vn 0.9826 0.0473 -0.1797
vn 0.9109 0.2840 -0.2993
vn 0.9841 0.1087 -0.1408
vn 0.9988 0.0056 -0.0492
vn 0.9972 0.0140 -0.0736
vn 0.9975 0.0266 -0.0656
vn 0.8977 -0.0755 -0.4341
vn 0.8871 0.0222 -0.4611
vn 0.9663 0.0141 -0.2571
vn 0.9795 -0.0342 -0.1986
vn 0.8970 0.1175 -0.4261
vn 0.9792 0.0574 -0.1948
vn 0.9948 0.0077 -0.1013
vn 0.9077 -0.0780 -0.4124
vn 0.9828 -0.0254 -0.1827
vn 0.9972 -0.0009 -0.0742
vn 0.9030 -0.2608 -0.3414
vn 0.8904 -0.1899 -0.4136
vn 0.9680 -0.0932 -0.2331
vn 0.9817 -0.1055 -0.1584
vn 0.8979 -0.0897 -0.4309
vn 0.9793 -0.0242 -0.2008
vn 0.9953 -0.0202 -0.0951
vn 0.9128 -0.2518 -0.3215
vn 0.9848 -0.0898 -0.1490
vn 0.9976 -0.0140 -0.0673
vn 0.9116 -0.3749 -0.1686
vn 0.8981 -0.3498 -0.2666
vn 0.9719 -0.1741 -0.1587
vn 0.9852 -0.1470 -0.0879
vn 0.9035 -0.2715 -0.3316
vn 0.9814 -0.0979 -0.1653
vn 0.9963 -0.0413 -0.0757
vn 0.9207 -0.3586 -0.1542
vn 0.9877 -0.1292 -0.0876
vn 0.9982 -0.0220 -0.0560
vn 0.9318 -0.3593 -0.0519
vn 0.9119 -0.4005 -0.0896
vn 0.9781 -0.1918 -0.0807
vn 0.9901 -0.1320 -0.0478
vn 0.9110 -0.3846 -0.1490
vn 0.9840 -0.1466 -0.1017
vn 0.9971 -0.0460 -0.0600
vn 0.9414 -0.3313 -0.0632
vn 0.9928 -0.1067 -0.0544
vn 0.9987 -0.0166 -0.0490
vn 0.9986 -0.0431 -0.0315
vn 0.9866 -0.1563 -0.0461
vn 0.9937 -0.0978 -0.0551
vn 0.9988 -0.0238 -0.0423
vn 0.9479 -0.3105 -0.0709
vn 0.9918 -0.1088 -0.0663
vn 0.9983 -0.0235 -0.0526
vn 0.9996 -0.0109 -0.0277
vn 0.9993 -0.0065 -0.0355
vn 0.9990 0.0006 -0.0443
vn 0.9997 0.0024 -0.0233
vn 0.9997 -0.0021 -0.0238
vn 0.9996 -0.0033 -0.0280
vn 0.9995 0.0023 -0.0307
vn 0.9996 -0.0079 -0.0260
vn 0.9994 -0.0057 -0.0329
vn 0.9993 0.0007 -0.0384
vn 0.9997 0.0008 -0.0236
vn 0.9995 0.0016 -0.0315
vn 0.9991 0.0043 -0.0415
vn 0.9997 0.0095 -0.0226
vn 0.9997 0.0044 -0.0220
vn 0.9997 0.0046 -0.0260
vn 0.9995 0.0087 -0.0299
vn 0.9997 -0.0006 -0.0230
vn 0.9995 0.0008 -0.0302
vn 0.9993 0.0050 -0.0369
vn 0.9997 0.0082 -0.0233
vn 0.9995 0.0080 -0.0312
vn 0.9991 0.0062 -0.0414
vn 0.9995 0.0171 -0.0250
vn 0.9997 0.0111 -0.0233
vn 0.9995 0.0127 -0.0273
vn 0.9994 0.0154 -0.0320
vn 0.9997 0.0066 -0.0232
vn 0.9995 0.0073 -0.0305
vn 0.9992 0.0095 -0.0380
vn 0.9994 0.0202 -0.0264
vn 0.9993 0.0165 -0.0346
vn 0.9990 0.0101 -0.0439
vn 0.9456 0.3223 -0.0447
vn 0.9855 0.1667 -0.0327
vn 0.9929 0.1090 -0.0466
vn 0.9910 0.1210 -0.0568
vn 0.9982 0.0526 -0.0276
vn 0.9986 0.0343 -0.0398
vn 0.9981 0.0347 -0.0502
vn 0.9390 0.3422 -0.0352
vn 0.9920 0.1178 -0.0451
vn 0.9985 0.0276 -0.0471
vn 0.9082 0.4020 -0.1164
vn 0.9090 0.4130 -0.0558
vn 0.9767 0.2047 -0.0643
vn 0.9829 0.1614 -0.0890
vn 0.9292 0.3690 -0.0216
vn 0.9891 0.1425 -0.0364
vn 0.9968 0.0578 -0.0557
vn 0.9181 0.3766 -0.1237
vn 0.9868 0.1429 -0.0764
vn 0.9980 0.0336 -0.0537
vn 0.9015 0.3043 -0.3078
vn 0.8955 0.3770 -0.2365
vn 0.9706 0.1934 -0.1435
vn 0.9806 0.1182 -0.1563
vn 0.9089 0.3939 -0.1368
vn 0.9841 0.1607 -0.0752
vn 0.9959 0.0544 -0.0718
s 1
usemtl Handle_material
f 3310//2213 3311//2214 3309//2215 3315//2216
f 3312//2217 3313//2218 3309//2215 3311//2214
f 3314//2219 3315//2216 3309//2215 3313//2218
f 2323//2220 2450//2221 3310//2213 2447//2222
f 2450//2221 2449//2223 3311//2214 3310//2213
f 2447//2222 3310//2213 3315//2216 2446//2224
f 2299//2225 2451//2226 3312//2217 2448//2227
f 2451//2226 2452//2228 3313//2218 3312//2217
f 2448//2227 3312//2217 3311//2214 2449//2223
f 2300//2229 2445//2230 3314//2219 2453//2231
f 2445//2230 2446//2224 3315//2216 3314//2219
f 2453//2231 3314//2219 3313//2218 2452//2228
f 3317//2232 3318//2233 3316//2234 3322//2235
f 3319//2236 3320//2237 3316//2234 3318//2233
f 3321//2238 3322//2235 3316//2234 3320//2237
f 2323//2220 2447//2222 3317//2232 2456//2239
f 2447//2222 2446//2224 3318//2233 3317//2232
f 2456//2239 3317//2232 3322//2235 2455//2240
f 2300//2229 2457//2241 3319//2236 2445//2230
f 2457//2241 2458//2242 3320//2237 3319//2236
f 2445//2230 3319//2236 3318//2233 2446//2224
f 2301//2243 2454//2244 3321//2238 2459//2245
f 2454//2244 2455//2240 3322//2235 3321//2238
f 2459//2245 3321//2238 3320//2237 2458//2242
f 3324//2246 3325//2247 3323//2248 3329//2249
f 3326//2250 3327//2251 3323//2248 3325//2247
f 3328//2252 3329//2249 3323//2248 3327//2251
f 2323//2220 2456//2239 3324//2246 2462//2253
f 2456//2239 2455//2240 3325//2247 3324//2246
f 2462//2253 3324//2246 3329//2249 2461//2254
f 2301//2243 2463//2255 3326//2250 2454//2244
f 2463//2255 2464//2256 3327//2251 3326//2250
f 2454//2244 3326//2250 3325//2247 2455//2240
f 2302//2257 2460//2258 3328//2252 2465//2259
f 2460//2258 2461//2254 3329//2249 3328//2252
f 2465//2259 3328//2252 3327//2251 2464//2256
f 3331//2260 3332//2261 3330//2262 3336//2263
f 3333//2264 3334//2265 3330//2262 3332//2261
f 3335//2266 3336//2263 3330//2262 3334//2265
f 2323//2220 2462//2253 3331//2260 2468//2267
f 2462//2253 2461//2254 3332//2261 3331//2260
f 2468//2267 3331//2260 3336//2263 2467//2268
f 2302//2257 2469//2269 3333//2264 2460//2258
f 2469//2269 2470//2270 3334//2265 3333//2264
f 2460//2258 3333//2264 3332//2261 2461//2254
f 2303//2271 2466//2272 3335//2266 2471//2273
f 2466//2272 2467//2268 3336//2263 3335//2266
f 2471//2273 3335//2266 3334//2265 2470//2270
f 3338//2274 3339//2275 3337//2276 3343//2277
f 3340//2278 3341//2279 3337//2276 3339//2275
f 3342//2280 3343//2277 3337//2276 3341//2279
f 2323//2220 2468//2267 3338//2274 2474//2281
f 2468//2267 2467//2268 3339//2275 3338//2274
f 2474//2281 3338//2274 3343//2277 2473//2282
f 2303//2271 2475//2283 3340//2278 2466//2272
f 2475//2283 2476//2284 3341//2279 3340//2278
f 2466//2272 3340//2278 3339//2275 2467//2268
f 2304//2285 2472//2286 3342//2280 2477//2287
f 2472//2286 2473//2282 3343//2277 3342//2280
f 2477//2287 3342//2280 3341//2279 2476//2284
f 3345//2288 3346//2289 3344//2290 3350//2291
f 3347//2292 3348//2293 3344//2290 3346//2289
f 3349//2294 3350//2291 3344//2290 3348//2293
f 2323//2220 2474//2281 3345//2288 2480//2295
f 2474//2281 2473//2282 3346//2289 3345//2288
f 2480//2295 3345//2288 3350//2291 2479//2296
f 2304//2285 2481//2297 3347//2292 2472//2286
f 2481//2297 2482//2298 3348//2293 3347//2292
f 2472//2286 3347//2292 3346//2289 2473//2282
f 2305//2299 2478//2300 3349//2294 2483//2301
f 2478//2300 2479//2296 3350//2291 3349//2294
f 2483//2301 3349//2294 3348//2293 2482//2298
f 3352//2302 3353//2303 3351//2304 3357//2305
f 3354//2306 3355//2307 3351//2304 3353//2303
f 3356//2308 3357//2305 3351//2304 3355//2307
f 2323//2220 2480//2295 3352//2302 2486//2309
f 2480//2295 2479//2296 3353//2303 3352//2302
f 2486//2309 3352//2302 3357//2305 2485//2310
f 2305//2299 2487//2311 3354//2306 2478//2300
f 2487//2311 2488//2312 3355//2307 3354//2306
f 2478//2300 3354//2306 3353//2303 2479//2296
f 2306//2313 2484//2314 3356//2308 2489//2315
f 2484//2314 2485//2310 3357//2305 3356//2308
f 2489//2315 3356//2308 3355//2307 2488//2312
f 3359//2316 3360//2317 3358//2318 3364//2319
f 3361//2320 3362//2321 3358//2318 3360//2317
f 3363//2322 3364//2319 3358//2318 3362//2321
f 2323//2220 2486//2309 3359//2316 2492//2323
f 2486//2309 2485//2310 3360//2317 3359//2316
f 2492//2323 3359//2316 3364//2319 2491//2324
f 2306//2313 2493//2325 3361//2320 2484//2314
f 2493//2325 2494//2326 3362//2321 3361//2320
f 2484//2314 3361//2320 3360//2317 2485//2310
f 2307//2327 2490//2328 3363//2322 2495//2329
f 2490//2328 2491//2324 3364//2319 3363//2322
f 2495//2329 3363//2322 3362//2321 2494//2326
f 3366//2330 3367//2331 3365//2332 3371//2333
f 3368//2334 3369//2335 3365//2332 3367//2331
f 3370//2336 3371//2333 3365//2332 3369//2335
f 2323//2220 2492//2323 3366//2330 2498//2337
f 2492//2323 2491//2324 3367//2331 3366//2330
f 2498//2337 3366//2330 3371//2333 2497//2338
f 2307//2327 2499//2339 3368//2334 2490//2328
f 2499//2339 2500//2340 3369//2335 3368//2334
f 2490//2328 3368//2334 3367//2331 2491//2324
f 2308//2341 2496//2342 3370//2336 2501//2343
f 2496//2342 2497//2338 3371//2333 3370//2336
f 2501//2343 3370//2336 3369//2335 2500//2340
f 3373//2344 3374//2345 3372//2346 3378//2347
f 3375//2348 3376//2349 3372//2346 3374//2345
f 3377//2350 3378//2347 3372//2346 3376//2349
f 2323//2220 2498//2337 3373//2344 2504//2351
f 2498//2337 2497//2338 3374//2345 3373//2344
f 2504//2351 3373//2344 3378//2347 2503//2352
f 2308//2341 2505//2353 3375//2348 2496//2342
f 2505//2353 2506//2354 3376//2349 3375//2348
f 2496//2342 3375//2348 3374//2345 2497//2338
f 2309//2355 2502//2356 3377//2350 2507//2357
f 2502//2356 2503//2352 3378//2347 3377//2350
f 2507//2357 3377//2350 3376//2349 2506//2354
f 3380//2358 3381//2359 3379//2360 3385//2361
f 3382//2362 3383//2363 3379//2360 3381//2359
f 3384//2364 3385//2361 3379//2360 3383//2363
f 2323//2220 2504//2351 3380//2358 2510//2365
f 2504//2351 2503//2352 3381//2359 3380//2358
f 2510//2365 3380//2358 3385//2361 2509//2366
f 2309//2355 2511//2367 3382//2362 2502//2356
f 2511//2367 2512//2368 3383//2363 3382//2362
f 2502//2356 3382//2362 3381//2359 2503//2352
f 2310//2369 2508//2370 3384//2364 2513//2371
f 2508//2370 2509//2366 3385//2361 3384//2364
f 2513//2371 3384//2364 3383//2363 2512//2368
f 3387//2372 3388//2373 3386//2374 3392//2375
f 3389//2376 3390//2377 3386//2374 3388//2373
f 3391//2378 3392//2375 3386//2374 3390//2377
f 2310//2369 2516//2379 3387//2372 2508//2370
f 2516//2379 2515//2380 3388//2373 3387//2372
f 2508//2370 3387//2372 3392//2375 2509//2366
f 2299//2225 2448//2227 3389//2376 2514//2381
f 2448//2227 2449//2223 3390//2377 3389//2376
f 2514//2381 3389//2376 3388//2373 2515//2380
f 2323//2220 2510//2365 3391//2378 2450//2221
f 2510//2365 2509//2366 3392//2375 3391//2378
f 2450//2221 3391//2378 3390//2377 2449//2223
f 3393//2382 3394//2383 3397//2384 3396//2385
f 3394//2383 3395//2386 3398//2387 3397//2384
f 3396//2385 3397//2384 3400//2388 3399//2389
f 3397//2384 3398//2387 3401//2390 3400//2388
f 2299//2225 2517//2391 3393//2382 2451//2226
f 2517//2391 2518//2392 3394//2383 3393//2382
f 2518//2392 2519//2393 3395//2386 3394//2383
f 2519//2393 2311//2394 2520//2395 3395//2386
f 3395//2386 2520//2395 2521//2396 3398//2387
f 3398//2387 2521//2396 2522//2397 3401//2390
f 3401//2390 2522//2397 2312//2398 2525//2399
f 3400//2388 3401//2390 2525//2399 2524//2400
f 3399//2389 3400//2388 2524//2400 2523//2401
f 2453//2231 3399//2389 2523//2401 2300//2229
f 2452//2228 3396//2385 3399//2389 2453//2231
f 2451//2226 3393//2382 3396//2385 2452//2228
f 3402//2402 3403//2403 3406//2404 3405//2405
f 3403//2403 3404//2406 3407//2407 3406//2404
f 3405//2405 3406//2404 3409//2408 3408//2409
f 3406//2404 3407//2407 3410//2410 3409//2408
f 2300//2229 2523//2401 3402//2402 2457//2241
f 2523//2401 2524//2400 3403//2403 3402//2402
f 2524//2400 2525//2399 3404//2406 3403//2403
f 2525//2399 2312//2398 2526//2411 3404//2406
f 3404//2406 2526//2411 2527//2412 3407//2407
f 3407//2407 2527//2412 2528//2413 3410//2410
f 3410//2410 2528//2413 2313//2414 2531//2415
f 3409//2408 3410//2410 2531//2415 2530//2416
f 3408//2409 3409//2408 2530//2416 2529//2417
f 2459//2245 3408//2409 2529//2417 2301//2243
f 2458//2242 3405//2405 3408//2409 2459//2245
f 2457//2241 3402//2402 3405//2405 2458//2242
f 3411//2418 3412//2419 3415//2420 3414//2421
f 3412//2419 3413//2422 3416//2423 3415//2420
f 3414//2421 3415//2420 3418//2424 3417//2425
f 3415//2420 3416//2423 3419//2426 3418//2424
f 2301//2243 2529//2417 3411//2418 2463//2255
f 2529//2417 2530//2416 3412//2419 3411//2418
f 2530//2416 2531//2415 3413//2422 3412//2419
f 2531//2415 2313//2414 2532//2427 3413//2422
f 3413//2422 2532//2427 2533//2428 3416//2423
f 3416//2423 2533//2428 2534//2429 3419//2426
f 3419//2426 2534//2429 2314//2430 2537//2431
f 3418//2424 3419//2426 2537//2431 2536//2432
f 3417//2425 3418//2424 2536//2432 2535//2433
f 2465//2259 3417//2425 2535//2433 2302//2257
f 2464//2256 3414//2421 3417//2425 2465//2259
f 2463//2255 3411//2418 3414//2421 2464//2256
f 3420//2434 3421//2435 3424//2436 3423//2437
f 3421//2435 3422//2438 3425//2439 3424//2436
f 3423//2437 3424//2436 3427//2440 3426//2441
f 3424//2436 3425//2439 3428//2442 3427//2440
f 2302//2257 2535//2433 3420//2434 2469//2269
f 2535//2433 2536//2432 3421//2435 3420//2434
f 2536//2432 2537//2431 3422//2438 3421//2435
f 2537//2431 2314//2430 2538//2443 3422//2438
f 3422//2438 2538//2443 2539//2444 3425//2439
f 3425//2439 2539//2444 2540//2445 3428//2442
f 3428//2442 2540//2445 2315//2446 2543//2447
f 3427//2440 3428//2442 2543//2447 2542//2448
f 3426//2441 3427//2440 2542//2448 2541//2449
f 2471//2273 3426//2441 2541//2449 2303//2271
f 2470//2270 3423//2437 3426//2441 2471//2273
f 2469//2269 3420//2434 3423//2437 2470//2270
f 3429//2450 3430//2451 3433//2452 3432//2453
f 3430//2451 3431//2454 3434//2455 3433//2452
f 3432//2453 3433//2452 3436//2456 3435//2457
f 3433//2452 3434//2455 3437//2458 3436//2456
f 2303//2271 2541//2449 3429//2450 2475//2283
f 2541//2449 2542//2448 3430//2451 3429//2450
f 2542//2448 2543//2447 3431//2454 3430//2451
f 2543//2447 2315//2446 2544//2459 3431//2454
f 3431//2454 2544//2459 2545//2460 3434//2455
f 3434//2455 2545//2460 2546//2461 3437//2458
f 3437//2458 2546//2461 2316//2462 2549//2463
f 3436//2456 3437//2458 2549//2463 2548//2464
f 3435//2457 3436//2456 2548//2464 2547//2465
f 2477//2287 3435//2457 2547//2465 2304//2285
f 2476//2284 3432//2453 3435//2457 2477//2287
f 2475//2283 3429//2450 3432//2453 2476//2284
f 3438//2466 3439//2467 3442//2468 3441//2469
f 3439//2467 3440//2470 3443//2471 3442//2468
f 3441//2469 3442//2468 3445//2472 3444//2473
f 3442//2468 3443//2471 3446//2474 3445//2472
f 2304//2285 2547//2465 3438//2466 2481//2297
f 2547//2465 2548//2464 3439//2467 3438//2466
f 2548//2464 2549//2463 3440//2470 3439//2467
f 2549//2463 2316//2462 2550//2475 3440//2470
f 3440//2470 2550//2475 2551//2476 3443//2471
f 3443//2471 2551//2476 2552//2477 3446//2474
f 3446//2474 2552//2477 2317//2478 2555//2479
f 3445//2472 3446//2474 2555//2479 2554//2480
f 3444//2473 3445//2472 2554//2480 2553//2481
f 2483//2301 3444//2473 2553//2481 2305//2299
f 2482//2298 3441//2469 3444//2473 2483//2301
f 2481//2297 3438//2466 3441//2469 2482//2298
f 3447//2482 3448//2483 3451//2484 3450//2485
f 3448//2483 3449//2486 3452//2487 3451//2484
f 3450//2485 3451//2484 3454//2488 3453//2489
f 3451//2484 3452//2487 3455//2490 3454//2488
f 2305//2299 2553//2481 3447//2482 2487//2311
f 2553//2481 2554//2480 3448//2483 3447//2482
f 2554//2480 2555//2479 3449//2486 3448//2483
f 2555//2479 2317//2478 2556//2491 3449//2486
f 3449//2486 2556//2491 2557//2492 3452//2487
f 3452//2487 2557//2492 2558//2493 3455//2490
f 3455//2490 2558//2493 2318//2494 2561//2495
f 3454//2488 3455//2490 2561//2495 2560//2496
f 3453//2489 3454//2488 2560//2496 2559//2497
f 2489//2315 3453//2489 2559//2497 2306//2313
f 2488//2312 3450//2485 3453//2489 2489//2315
f 2487//2311 3447//2482 3450//2485 2488//2312
f 3456//2498 3457//2499 3460//2500 3459//2501
f 3457//2499 3458//2502 3461//2503 3460//2500
f 3459//2501 3460//2500 3463//2504 3462//2505
f 3460//2500 3461//2503 3464//2506 3463//2504
f 2306//2313 2559//2497 3456//2498 2493//2325
f 2559//2497 2560//2496 3457//2499 3456//2498
f 2560//2496 2561//2495 3458//2502 3457//2499
f 2561//2495 2318//2494 2562//2507 3458//2502
f 3458//2502 2562//2507 2563//2508 3461//2503
f 3461//2503 2563//2508 2564//2509 3464//2506
f 3464//2506 2564//2509 2319//2510 2567//2511
f 3463//2504 3464//2506 2567//2511 2566//2512
f 3462//2505 3463//2504 2566//2512 2565//2513
f 2495//2329 3462//2505 2565//2513 2307//2327
f 2494//2326 3459//2501 3462//2505 2495//2329
f 2493//2325 3456//2498 3459//2501 2494//2326
f 3465//2514 3466//2515 3469//2516 3468//2517
f 3466//2515 3467//2518 3470//2519 3469//2516
f 3468//2517 3469//2516 3472//2520 3471//2521
f 3469//2516 3470//2519 3473//2522 3472//2520
f 2307//2327 2565//2513 3465//2514 2499//2339
f 2565//2513 2566//2512 3466//2515 3465//2514
f 2566//2512 2567//2511 3467//2518 3466//2515
f 2567//2511 2319//2510 2568//2523 3467//2518
f 3467//2518 2568//2523 2569//2524 3470//2519
f 3470//2519 2569//2524 2570//2525 3473//2522
f 3473//2522 2570//2525 2320//2526 2573//2527
f 3472//2520 3473//2522 2573//2527 2572//2528
f 3471//2521 3472//2520 2572//2528 2571//2529
f 2501//2343 3471//2521 2571//2529 2308//2341
f 2500//2340 3468//2517 3471//2521 2501//2343
f 2499//2339 3465//2514 3468//2517 2500//2340
f 3474//2530 3475//2531 3478//2532 3477//2533
f 3475//2531 3476//2534 3479//2535 3478//2532
f 3477//2533 3478//2532 3481//2536 3480//2537
f 3478//2532 3479//2535 3482//2538 3481//2536
f 2308//2341 2571//2529 3474//2530 2505//2353
f 2571//2529 2572//2528 3475//2531 3474//2530
f 2572//2528 2573//2527 3476//2534 3475//2531
f 2573//2527 2320//2526 2574//2539 3476//2534
f 3476//2534 2574//2539 2575//2540 3479//2535
f 3479//2535 2575//2540 2576//2541 3482//2538
f 3482//2538 2576//2541 2321//2542 2579//2543
f 3481//2536 3482//2538 2579//2543 2578//2544
f 3480//2537 3481//2536 2578//2544 2577//2545
f 2507//2357 3480//2537 2577//2545 2309//2355
f 2506//2354 3477//2533 3480//2537 2507//2357
f 2505//2353 3474//2530 3477//2533 2506//2354
f 3483//2546 3484//2547 3487//2548 3486//2549
f 3484//2547 3485//2550 3488//2551 3487//2548
f 3486//2549 3487//2548 3490//2552 3489//2553
f 3487//2548 3488//2551 3491//2554 3490//2552
f 2309//2355 2577//2545 3483//2546 2511//2367
f 2577//2545 2578//2544 3484//2547 3483//2546
f 2578//2544 2579//2543 3485//2550 3484//2547
f 2579//2543 2321//2542 2580//2555 3485//2550
f 3485//2550 2580//2555 2581//2556 3488//2551
f 3488//2551 2581//2556 2582//2557 3491//2554
f 3491//2554 2582//2557 2322//2558 2585//2559
f 3490//2552 3491//2554 2585//2559 2584//2560
f 3489//2553 3490//2552 2584//2560 2583//2561
f 2513//2371 3489//2553 2583//2561 2310//2369
f 2512//2368 3486//2549 3489//2553 2513//2371
f 2511//2367 3483//2546 3486//2549 2512//2368
f 3492//2562 3493//2563 3496//2564 3495//2565
f 3493//2563 3494//2566 3497//2567 3496//2564
f 3495//2565 3496//2564 3499//2568 3498//2569
f 3496//2564 3497//2567 3500//2570 3499//2568
f 2311//2394 2519//2393 3492//2562 2586//2571
f 2519//2393 2518//2392 3493//2563 3492//2562
f 2518//2392 2517//2391 3494//2566 3493//2563
f 2517//2391 2299//2225 2514//2381 3494//2566
f 3494//2566 2514//2381 2515//2380 3497//2567
f 3497//2567 2515//2380 2516//2379 3500//2570
f 3500//2570 2516//2379 2310//2369 2583//2561
f 3499//2568 3500//2570 2583//2561 2584//2560
f 3498//2569 3499//2568 2584//2560 2585//2559
f 2588//2572 3498//2569 2585//2559 2322//2558
f 2587//2573 3495//2565 3498//2569 2588//2572
f 2586//2571 3492//2562 3495//2565 2587//2573
f 3501//2574 3502//2575 3505//2576 3504//2577
f 3502//2575 3503//2578 3506//2579 3505//2576
f 3504//2577 3505//2576 3508//2580 3507//2581
f 3505//2576 3506//2579 3509//2582 3508//2580
f 2312//2398 2522//2397 3501//2574 2589//2583
f 2522//2397 2521//2396 3502//2575 3501//2574
f 2521//2396 2520//2395 3503//2578 3502//2575
f 2520//2395 2311//2394 2592//2584 3503//2578
f 3503//2578 2592//2584 2593//2585 3506//2579
f 3506//2579 2593//2585 2594//2586 3509//2582
f 3509//2582 2594//2586 2324//2587 2595//2588
f 3508//2580 3509//2582 2595//2588 2596//2589
f 3507//2581 3508//2580 2596//2589 2597//2590
f 2591//2591 3507//2581 2597//2590 2325//2592
f 2590//2593 3504//2577 3507//2581 2591//2591
f 2589//2583 3501//2574 3504//2577 2590//2593
f 3510//2594 3511//2595 3514//2596 3513//2597
f 3511//2595 3512//2598 3515//2599 3514//2596
f 3513//2597 3514//2596 3517//2600 3516//2601
f 3514//2596 3515//2599 3518//2602 3517//2600
f 2313//2414 2528//2413 3510//2594 2598//2603
f 2528//2413 2527//2412 3511//2595 3510//2594
f 2527//2412 2526//2411 3512//2598 3511//2595
f 2526//2411 2312//2398 2589//2583 3512//2598
f 3512//2598 2589//2583 2590//2593 3515//2599
f 3515//2599 2590//2593 2591//2591 3518//2602
f 3518//2602 2591//2591 2325//2592 2601//2604
f 3517//2600 3518//2602 2601//2604 2602//2605
f 3516//2601 3517//2600 2602//2605 2603//2606
f 2600//2607 3516//2601 2603//2606 2326//2608
f 2599//2609 3513//2597 3516//2601 2600//2607
f 2598//2603 3510//2594 3513//2597 2599//2609
f 3519//2610 3520//2611 3523//2612 3522//2613
f 3520//2611 3521//2614 3524//2615 3523//2612
f 3522//2613 3523//2612 3526//2616 3525//2617
f 3523//2612 3524//2615 3527//2618 3526//2616
f 2314//2430 2534//2429 3519//2610 2604//2619
f 2534//2429 2533//2428 3520//2611 3519//2610
f 2533//2428 2532//2427 3521//2614 3520//2611
f 2532//2427 2313//2414 2598//2603 3521//2614
f 3521//2614 2598//2603 2599//2609 3524//2615
f 3524//2615 2599//2609 2600//2607 3527//2618
f 3527//2618 2600//2607 2326//2608 2607//2620
f 3526//2616 3527//2618 2607//2620 2608//2621
f 3525//2617 3526//2616 2608//2621 2609//2622
f 2606//2623 3525//2617 2609//2622 2327//2624
f 2605//2625 3522//2613 3525//2617 2606//2623
f 2604//2619 3519//2610 3522//2613 2605//2625
f 3528//2626 3529//2627 3532//2628 3531//2629
f 3529//2627 3530//2630 3533//2631 3532//2628
f 3531//2629 3532//2628 3535//2632 3534//2633
f 3532//2628 3533//2631 3536//2634 3535//2632
f 2315//2446 2540//2445 3528//2626 2610//2635
f 2540//2445 2539//2444 3529//2627 3528//2626
f 2539//2444 2538//2443 3530//2630 3529//2627
f 2538//2443 2314//2430 2604//2619 3530//2630
f 3530//2630 2604//2619 2605//2625 3533//2631
f 3533//2631 2605//2625 2606//2623 3536//2634
f 3536//2634 2606//2623 2327//2624 2613//2636
f 3535//2632 3536//2634 2613//2636 2614//2637
f 3534//2633 3535//2632 2614//2637 2615//2638
f 2612//2639 3534//2633 2615//2638 2328//2640
f 2611//2641 3531//2629 3534//2633 2612//2639
f 2610//2635 3528//2626 3531//2629 2611//2641
f 3537//2642 3538//2643 3541//2644 3540//2645
f 3538//2643 3539//2646 3542//2647 3541//2644
f 3540//2645 3541//2644 3544//2648 3543//2649
f 3541//2644 3542//2647 3545//2650 3544//2648
f 2316//2462 2546//2461 3537//2642 2616//2651
f 2546//2461 2545//2460 3538//2643 3537//2642
f 2545//2460 2544//2459 3539//2646 3538//2643
f 2544//2459 2315//2446 2610//2635 3539//2646
f 3539//2646 2610//2635 2611//2641 3542//2647
f 3542//2647 2611//2641 2612//2639 3545//2650
f 3545//2650 2612//2639 2328//2640 2619//2652
f 3544//2648 3545//2650 2619//2652 2620//2653
f 3543//2649 3544//2648 2620//2653 2621//2654
f 2618//2655 3543//2649 2621//2654 2329//2656
f 2617//2657 3540//2645 3543//2649 2618//2655
f 2616//2651 3537//2642 3540//2645 2617//2657
f 3546//2658 3547//2659 3550//2660 3549//2661
f 3547//2659 3548//2662 3551//2663 3550//2660
f 3549//2661 3550//2660 3553//2664 3552//2665
f 3550//2660 3551//2663 3554//2666 3553//2664
f 2317//2478 2552//2477 3546//2658 2622//2667
f 2552//2477 2551//2476 3547//2659 3546//2658
f 2551//2476 2550//2475 3548//2662 3547//2659
f 2550//2475 2316//2462 2616//2651 3548//2662
f 3548//2662 2616//2651 2617//2657 3551//2663
f 3551//2663 2617//2657 2618//2655 3554//2666
f 3554//2666 2618//2655 2329//2656 2625//2668
f 3553//2664 3554//2666 2625//2668 2626//2669
f 3552//2665 3553//2664 2626//2669 2627//2670
f 2624//2671 3552//2665 2627//2670 2330//2672
f 2623//2673 3549//2661 3552//2665 2624//2671
f 2622//2667 3546//2658 3549//2661 2623//2673
f 3555//2674 3556//2675 3559//2676 3558//2677
f 3556//2675 3557//2678 3560//2679 3559//2676
f 3558//2677 3559//2676 3562//2680 3561//2681
f 3559//2676 3560//2679 3563//2682 3562//2680
f 2318//2494 2558//2493 3555//2674 2628//2683
f 2558//2493 2557//2492 3556//2675 3555//2674
f 2557//2492 2556//2491 3557//2678 3556//2675
f 2556//2491 2317//2478 2622//2667 3557//2678
f 3557//2678 2622//2667 2623//2673 3560//2679
f 3560//2679 2623//2673 2624//2671 3563//2682
f 3563//2682 2624//2671 2330//2672 2631//2684
f 3562//2680 3563//2682 2631//2684 2632//2685
f 3561//2681 3562//2680 2632//2685 2633//2686
f 2630//2687 3561//2681 2633//2686 2331//2688
f 2629//2689 3558//2677 3561//2681 2630//2687
f 2628//2683 3555//2674 3558//2677 2629//2689
f 3564//2690 3565//2691 3568//2692 3567//2693
f 3565//2691 3566//2694 3569//2695 3568//2692
f 3567//2693 3568//2692 3571//2696 3570//2697
f 3568//2692 3569//2695 3572//2698 3571//2696
f 2319//2510 2564//2509 3564//2690 2634//2699
f 2564//2509 2563//2508 3565//2691 3564//2690
f 2563//2508 2562//2507 3566//2694 3565//2691
f 2562//2507 2318//2494 2628//2683 3566//2694
f 3566//2694 2628//2683 2629//2689 3569//2695
f 3569//2695 2629//2689 2630//2687 3572//2698
f 3572//2698 2630//2687 2331//2688 2637//2700
f 3571//2696 3572//2698 2637//2700 2638//2701
f 3570//2697 3571//2696 2638//2701 2639//2702
f 2636//2703 3570//2697 2639//2702 2332//2704
f 2635//2705 3567//2693 3570//2697 2636//2703
f 2634//2699 3564//2690 3567//2693 2635//2705
f 3573//2706 3574//2707 3577//2708 3576//2709
f 3574//2707 3575//2710 3578//2711 3577//2708
f 3576//2709 3577//2708 3580//2712 3579//2713
f 3577//2708 3578//2711 3581//2714 3580//2712
f 2320//2526 2570//2525 3573//2706 2640//2715
f 2570//2525 2569//2524 3574//2707 3573//2706
f 2569//2524 2568//2523 3575//2710 3574//2707
f 2568//2523 2319//2510 2634//2699 3575//2710
f 3575//2710 2634//2699 2635//2705 3578//2711
f 3578//2711 2635//2705 2636//2703 3581//2714
f 3581//2714 2636//2703 2332//2704 2643//2716
f 3580//2712 3581//2714 2643//2716 2644//2717
f 3579//2713 3580//2712 2644//2717 2645//2718
f 2642//2719 3579//2713 2645//2718 2333//2720
f 2641//2721 3576//2709 3579//2713 2642//2719
f 2640//2715 3573//2706 3576//2709 2641//2721
f 3582//2722 3583//2723 3586//2724 3585//2725
f 3583//2723 3584//2726 3587//2727 3586//2724
f 3585//2725 3586//2724 3589//2728 3588//2729
f 3586//2724 3587//2727 3590//2730 3589//2728
f 2321//2542 2576//2541 3582//2722 2646//2731
f 2576//2541 2575//2540 3583//2723 3582//2722
f 2575//2540 2574//2539 3584//2726 3583//2723
f 2574//2539 2320//2526 2640//2715 3584//2726
f 3584//2726 2640//2715 2641//2721 3587//2727
f 3587//2727 2641//2721 2642//2719 3590//2730
f 3590//2730 2642//2719 2333//2720 2649//2732
f 3589//2728 3590//2730 2649//2732 2650//2733
f 3588//2729 3589//2728 2650//2733 2651//2734
f 2648//2735 3588//2729 2651//2734 2334//2736
f 2647//2737 3585//2725 3588//2729 2648//2735
f 2646//2731 3582//2722 3585//2725 2647//2737
f 3591//2738 3592//2739 3595//2740 3594//2741
f 3592//2739 3593//2742 3596//2743 3595//2740
f 3594//2741 3595//2740 3598//2744 3597//2745
f 3595//2740 3596//2743 3599//2746 3598//2744
f 2322//2558 2582//2557 3591//2738 2652//2747
f 2582//2557 2581//2556 3592//2739 3591//2738
f 2581//2556 2580//2555 3593//2742 3592//2739
f 2580//2555 2321//2542 2646//2731 3593//2742
f 3593//2742 2646//2731 2647//2737 3596//2743
f 3596//2743 2647//2737 2648//2735 3599//2746
f 3599//2746 2648//2735 2334//2736 2655//2748
f 3598//2744 3599//2746 2655//2748 2656//2749
f 3597//2745 3598//2744 2656//2749 2657//2750
f 2654//2751 3597//2745 2657//2750 2335//2752
f 2653//2753 3594//2741 3597//2745 2654//2751
f 2652//2747 3591//2738 3594//2741 2653//2753
f 3600//2754 3601//2755 3604//2756 3603//2757
f 3601//2755 3602//2758 3605//2759 3604//2756
f 3603//2757 3604//2756 3607//2760 3606//2761
f 3604//2756 3605//2759 3608//2762 3607//2760
f 2311//2394 2586//2571 3600//2754 2592//2584
f 2586//2571 2587//2573 3601//2755 3600//2754
f 2587//2573 2588//2572 3602//2758 3601//2755
f 2588//2572 2322//2558 2652//2747 3602//2758
f 3602//2758 2652//2747 2653//2753 3605//2759
f 3605//2759 2653//2753 2654//2751 3608//2762
f 3608//2762 2654//2751 2335//2752 2660//2763
f 3607//2760 3608//2762 2660//2763 2659//2764
f 3606//2761 3607//2760 2659//2764 2658//2765
f 2594//2586 3606//2761 2658//2765 2324//2587
f 2593//2585 3603//2757 3606//2761 2594//2586
f 2592//2584 3600//2754 3603//2757 2593//2585
f 3609//2766 3610//2767 3613//2768 3612//2769
f 3610//2767 3611//2770 3614//2771 3613//2768
f 3612//2769 3613//2768 3616//2772 3615//2773
f 3613//2768 3614//2771 3617//2774 3616//2772
f 2324//2587 2661//2775 3609//2766 2595//2588
f 2661//2775 2662//2776 3610//2767 3609//2766
f 2662//2776 2663//2777 3611//2770 3610//2767
f 2663//2777 2348//2778 2664//2779 3611//2770
f 3611//2770 2664//2779 2665//2780 3614//2771
f 3614//2771 2665//2780 2666//2781 3617//2774
f 3617//2774 2666//2781 2349//2782 2669//2783
f 3616//2772 3617//2774 2669//2783 2668//2784
f 3615//2773 3616//2772 2668//2784 2667//2785
f 2597//2590 3615//2773 2667//2785 2325//2592
f 2596//2589 3612//2769 3615//2773 2597//2590
f 2595//2588 3609//2766 3612//2769 2596//2589
f 3618//2786 3619//2787 3622//2788 3621//2789
f 3619//2787 3620//2790 3623//2791 3622//2788
f 3621//2789 3622//2788 3625//2792 3624//2793
f 3622//2788 3623//2791 3626//2794 3625//2792
f 2348//2778 2672//2795 3618//2786 2664//2779
f 2672//2795 2671//2796 3619//2787 3618//2786
f 2671//2796 2670//2797 3620//2790 3619//2787
f 2670//2797 2336//2798 2673//2799 3620//2790
f 3620//2790 2673//2799 2674//2800 3623//2791
f 3623//2791 2674//2800 2675//2801 3626//2794
f 3626//2794 2675//2801 2337//2802 2676//2803
f 3625//2792 3626//2794 2676//2803 2677//2804
f 3624//2793 3625//2792 2677//2804 2678//2805
f 2666//2781 3624//2793 2678//2805 2349//2782
f 2665//2780 3621//2789 3624//2793 2666//2781
f 2664//2779 3618//2786 3621//2789 2665//2780
f 3627//2806 3628//2807 3631//2808 3630//2809
f 3628//2807 3629//2810 3632//2811 3631//2808
f 3630//2809 3631//2808 3634//2812 3633//2813
f 3631//2808 3632//2811 3635//2814 3634//2812
f 2325//2592 2667//2785 3627//2806 2601//2604
f 2667//2785 2668//2784 3628//2807 3627//2806
f 2668//2784 2669//2783 3629//2810 3628//2807
f 2669//2783 2349//2782 2679//2815 3629//2810
f 3629//2810 2679//2815 2680//2816 3632//2811
f 3632//2811 2680//2816 2681//2817 3635//2814
f 3635//2814 2681//2817 2350//2818 2684//2819
f 3634//2812 3635//2814 2684//2819 2683//2820
f 3633//2813 3634//2812 2683//2820 2682//2821
f 2603//2606 3633//2813 2682//2821 2326//2608
f 2602//2605 3630//2809 3633//2813 2603//2606
f 2601//2604 3627//2806 3630//2809 2602//2605
f 3636//2822 3637//2823 3640//2824 3639//2825
f 3637//2823 3638//2826 3641//2827 3640//2824
f 3639//2825 3640//2824 3643//2828 3642//2829
f 3640//2824 3641//2827 3644//2830 3643//2828
f 2349//2782 2678//2805 3636//2822 2679//2815
f 2678//2805 2677//2804 3637//2823 3636//2822
f 2677//2804 2676//2803 3638//2826 3637//2823
f 2676//2803 2337//2802 2685//2831 3638//2826
f 3638//2826 2685//2831 2686//2832 3641//2827
f 3641//2827 2686//2832 2687//2833 3644//2830
f 3644//2830 2687//2833 2338//2834 2688//2835
f 3643//2828 3644//2830 2688//2835 2689//2836
f 3642//2829 3643//2828 2689//2836 2690//2837
f 2681//2817 3642//2829 2690//2837 2350//2818
f 2680//2816 3639//2825 3642//2829 2681//2817
f 2679//2815 3636//2822 3639//2825 2680//2816
f 3645//2838 3646//2839 3649//2840 3648//2841
f 3646//2839 3647//2842 3650//2843 3649//2840
f 3648//2841 3649//2840 3652//2844 3651//2845
f 3649//2840 3650//2843 3653//2846 3652//2844
f 2326//2608 2682//2821 3645//2838 2607//2620
f 2682//2821 2683//2820 3646//2839 3645//2838
f 2683//2820 2684//2819 3647//2842 3646//2839
f 2684//2819 2350//2818 2691//2847 3647//2842
f 3647//2842 2691//2847 2692//2848 3650//2843
f 3650//2843 2692//2848 2693//2849 3653//2846
f 3653//2846 2693//2849 2351//2850 2696//2851
f 3652//2844 3653//2846 2696//2851 2695//2852
f 3651//2845 3652//2844 2695//2852 2694//2853
f 2609//2622 3651//2845 2694//2853 2327//2624
f 2608//2621 3648//2841 3651//2845 2609//2622
f 2607//2620 3645//2838 3648//2841 2608//2621
f 3654//2854 3655//2855 3658//2856 3657//2857
f 3655//2855 3656//2858 3659//2859 3658//2856
f 3657//2857 3658//2856 3661//2860 3660//2861
f 3658//2856 3659//2859 3662//2862 3661//2860
f 2350//2818 2690//2837 3654//2854 2691//2847
f 2690//2837 2689//2836 3655//2855 3654//2854
f 2689//2836 2688//2835 3656//2858 3655//2855
f 2688//2835 2338//2834 2697//2863 3656//2858
f 3656//2858 2697//2863 2698//2864 3659//2859
f 3659//2859 2698//2864 2699//2865 3662//2862
f 3662//2862 2699//2865 2339//2866 2700//2867
f 3661//2860 3662//2862 2700//2867 2701//2868
f 3660//2861 3661//2860 2701//2868 2702//2869
f 2693//2849 3660//2861 2702//2869 2351//2850
f 2692//2848 3657//2857 3660//2861 2693//2849
f 2691//2847 3654//2854 3657//2857 2692//2848
f 3663//2870 3664//2871 3667//2872 3666//2873
f 3664//2871 3665//2874 3668//2875 3667//2872
f 3666//2873 3667//2872 3670//2876 3669//2877
f 3667//2872 3668//2875 3671//2878 3670//2876
f 2327//2624 2694//2853 3663//2870 2613//2636
f 2694//2853 2695//2852 3664//2871 3663//2870
f 2695//2852 2696//2851 3665//2874 3664//2871
f 2696//2851 2351//2850 2703//2879 3665//2874
f 3665//2874 2703//2879 2704//2880 3668//2875
f 3668//2875 2704//2880 2705//2881 3671//2878
f 3671//2878 2705//2881 2352//2882 2708//2883
f 3670//2876 3671//2878 2708//2883 2707//2884
f 3669//2877 3670//2876 2707//2884 2706//2885
f 2615//2638 3669//2877 2706//2885 2328//2640
f 2614//2637 3666//2873 3669//2877 2615//2638
f 2613//2636 3663//2870 3666//2873 2614//2637
f 3672//2886 3673//2887 3676//2888 3675//2889
f 3673//2887 3674//2890 3677//2891 3676//2888
f 3675//2889 3676//2888 3679//2892 3678//2893
f 3676//2888 3677//2891 3680//2894 3679//2892
f 2351//2850 2702//2869 3672//2886 2703//2879
f 2702//2869 2701//2868 3673//2887 3672//2886
f 2701//2868 2700//2867 3674//2890 3673//2887
f 2700//2867 2339//2866 2709//2895 3674//2890
f 3674//2890 2709//2895 2710//2896 3677//2891
f 3677//2891 2710//2896 2711//2897 3680//2894
f 3680//2894 2711//2897 2340//2898 2712//2899
f 3679//2892 3680//2894 2712//2899 2713//2900
f 3678//2893 3679//2892 2713//2900 2714//2901
f 2705//2881 3678//2893 2714//2901 2352//2882
f 2704//2880 3675//2889 3678//2893 2705//2881
f 2703//2879 3672//2886 3675//2889 2704//2880
f 3681//2902 3682//2903 3685//2904 3684//2905
f 3682//2903 3683//2906 3686//2907 3685//2904
f 3684//2905 3685//2904 3688//2908 3687//2909
f 3685//2904 3686//2907 3689//2910 3688//2908
f 2328//2640 2706//2885 3681//2902 2619//2652
f 2706//2885 2707//2884 3682//2903 3681//2902
f 2707//2884 2708//2883 3683//2906 3682//2903
f 2708//2883 2352//2882 2715//2911 3683//2906
f 3683//2906 2715//2911 2716//2912 3686//2907
f 3686//2907 2716//2912 2717//2913 3689//2910
f 3689//2910 2717//2913 2353//2914 2720//2915
f 3688//2908 3689//2910 2720//2915 2719//2916
f 3687//2909 3688//2908 2719//2916 2718//2917
f 2621//2654 3687//2909 2718//2917 2329//2656
f 2620//2653 3684//2905 3687//2909 2621//2654
f 2619//2652 3681//2902 3684//2905 2620//2653
f 3690//2918 3691//2919 3694//2920 3693//2921
f 3691//2919 3692//2922 3695//2923 3694//2920
f 3693//2921 3694//2920 3697//2924 3696//2925
f 3694//2920 3695//2923 3698//2926 3697//2924
f 2352//2882 2714//2901 3690//2918 2715//2911
f 2714//2901 2713//2900 3691//2919 3690//2918
f 2713//2900 2712//2899 3692//2922 3691//2919
f 2712//2899 2340//2898 2721//2927 3692//2922
f 3692//2922 2721//2927 2722//2928 3695//2923
f 3695//2923 2722//2928 2723//2929 3698//2926
f 3698//2926 2723//2929 2341//2930 2724//2931
f 3697//2924 3698//2926 2724//2931 2725//2932
f 3696//2925 3697//2924 2725//2932 2726//2933
f 2717//2913 3696//2925 2726//2933 2353//2914
f 2716//2912 3693//2921 3696//2925 2717//2913
f 2715//2911 3690//2918 3693//2921 2716//2912
f 3699//2934 3700//2935 3703//2936 3702//2937
f 3700//2935 3701//2938 3704//2939 3703//2936
f 3702//2937 3703//2936 3706//2940 3705//2941
f 3703//2936 3704//2939 3707//2942 3706//2940
f 2329//2656 2718//2917 3699//2934 2625//2668
f 2718//2917 2719//2916 3700//2935 3699//2934
f 2719//2916 2720//2915 3701//2938 3700//2935
f 2720//2915 2353//2914 2727//2943 3701//2938
f 3701//2938 2727//2943 2728//2944 3704//2939
f 3704//2939 2728//2944 2729//2945 3707//2942
f 3707//2942 2729//2945 2354//2946 2732//2947
f 3706//2940 3707//2942 2732//2947 2731//2948
f 3705//2941 3706//2940 2731//2948 2730//2949
f 2627//2670 3705//2941 2730//2949 2330//2672
f 2626//2669 3702//2937 3705//2941 2627//2670
f 2625//2668 3699//2934 3702//2937 2626//2669
f 3708//2950 3709//2951 3712//2952 3711//2953
f 3709//2951 3710//2954 3713//2955 3712//2952
f 3711//2953 3712//2952 3715//2956 3714//2957
f 3712//2952 3713//2955 3716//2958 3715//2956
f 2353//2914 2726//2933 3708//2950 2727//2943
f 2726//2933 2725//2932 3709//2951 3708//2950
f 2725//2932 2724//2931 3710//2954 3709//2951
f 2724//2931 2341//2930 2733//2959 3710//2954
f 3710//2954 2733//2959 2734//2960 3713//2955
f 3713//2955 2734//2960 2735//2961 3716//2958
f 3716//2958 2735//2961 2342//2962 2736//2963
f 3715//2956 3716//2958 2736//2963 2737//2964
f 3714//2957 3715//2956 2737//2964 2738//2965
f 2729//2945 3714//2957 2738//2965 2354//2946
f 2728//2944 3711//2953 3714//2957 2729//2945
f 2727//2943 3708//2950 3711//2953 2728//2944
f 3717//2966 3718//2967 3721//2968 3720//2969
f 3718//2967 3719//2970 3722//2971 3721//2968
f 3720//2969 3721//2968 3724//2972 3723//2973
f 3721//2968 3722//2971 3725//2974 3724//2972
f 2330//2672 2730//2949 3717//2966 2631//2684
f 2730//2949 2731//2948 3718//2967 3717//2966
f 2731//2948 2732//2947 3719//2970 3718//2967
f 2732//2947 2354//2946 2739//2975 3719//2970
f 3719//2970 2739//2975 2740//2976 3722//2971
f 3722//2971 2740//2976 2741//2977 3725//2974
f 3725//2974 2741//2977 2355//2978 2744//2979
f 3724//2972 3725//2974 2744//2979 2743//2980
f 3723//2973 3724//2972 2743//2980 2742//2981
f 2633//2686 3723//2973 2742//2981 2331//2688
f 2632//2685 3720//2969 3723//2973 2633//2686
f 2631//2684 3717//2966 3720//2969 2632//2685
f 3726//2982 3727//2983 3730//2984 3729//2985
f 3727//2983 3728//2986 3731//2987 3730//2984
f 3729//2985 3730//2984 3733//2988 3732//2989
f 3730//2984 3731//2987 3734//2990 3733//2988
f 2354//2946 2738//2965 3726//2982 2739//2975
f 2738//2965 2737//2964 3727//2983 3726//2982
f 2737//2964 2736//2963 3728//2986 3727//2983
f 2736//2963 2342//2962 2745//2991 3728//2986
f 3728//2986 2745//2991 2746//2992 3731//2987
f 3731//2987 2746//2992 2747//2993 3734//2990
f 3734//2990 2747//2993 2343//2994 2748//2995
f 3733//2988 3734//2990 2748//2995 2749//2996
f 3732//2989 3733//2988 2749//2996 2750//2997
f 2741//2977 3732//2989 2750//2997 2355//2978
f 2740//2976 3729//2985 3732//2989 2741//2977
f 2739//2975 3726//2982 3729//2985 2740//2976
f 3735//2998 3736//2999 3739//3000 3738//3001
f 3736//2999 3737//3002 3740//3003 3739//3000
f 3738//3001 3739//3000 3742//3004 3741//3005
f 3739//3000 3740//3003 3743//3006 3742//3004
f 2331//2688 2742//2981 3735//2998 2637//2700
f 2742//2981 2743//2980 3736//2999 3735//2998
f 2743//2980 2744//2979 3737//3002 3736//2999
f 2744//2979 2355//2978 2751//3007 3737//3002
f 3737//3002 2751//3007 2752//3008 3740//3003
f 3740//3003 2752//3008 2753//3009 3743//3006
f 3743//3006 2753//3009 2356//3010 2756//3011
f 3742//3004 3743//3006 2756//3011 2755//3012
f 3741//3005 3742//3004 2755//3012 2754//3013
f 2639//2702 3741//3005 2754//3013 2332//2704
f 2638//2701 3738//3001 3741//3005 2639//2702
f 2637//2700 3735//2998 3738//3001 2638//2701
f 3744//3014 3745//3015 3748//3016 3747//3017
f 3745//3015 3746//3018 3749//3019 3748//3016
f 3747//3017 3748//3016 3751//3020 3750//3021
f 3748//3016 3749//3019 3752//3022 3751//3020
f 2355//2978 2750//2997 3744//3014 2751//3007
f 2750//2997 2749//2996 3745//3015 3744//3014
f 2749//2996 2748//2995 3746//3018 3745//3015
f 2748//2995 2343//2994 2757//3023 3746//3018
f 3746//3018 2757//3023 2758//3024 3749//3019
f 3749//3019 2758//3024 2759//3025 3752//3022
f 3752//3022 2759//3025 2344//3026 2760//3027
f 3751//3020 3752//3022 2760//3027 2761//3028
f 3750//3021 3751//3020 2761//3028 2762//3029
f 2753//3009 3750//3021 2762//3029 2356//3010
f 2752//3008 3747//3017 3750//3021 2753//3009
f 2751//3007 3744//3014 3747//3017 2752//3008
f 3753//3030 3754//3031 3757//3032 3756//3033
f 3754//3031 3755//3034 3758//3035 3757//3032
f 3756//3033 3757//3032 3760//3036 3759//3037
f 3757//3032 3758//3035 3761//3038 3760//3036
f 2332//2704 2754//3013 3753//3030 2643//2716
f 2754//3013 2755//3012 3754//3031 3753//3030
f 2755//3012 2756//3011 3755//3034 3754//3031
f 2756//3011 2356//3010 2763//3039 3755//3034
f 3755//3034 2763//3039 2764//3040 3758//3035
f 3758//3035 2764//3040 2765//3041 3761//3038
f 3761//3038 2765//3041 2357//3042 2768//3043
f 3760//3036 3761//3038 2768//3043 2767//3044
f 3759//3037 3760//3036 2767//3044 2766//3045
f 2645//2718 3759//3037 2766//3045 2333//2720
f 2644//2717 3756//3033 3759//3037 2645//2718
f 2643//2716 3753//3030 3756//3033 2644//2717
f 3762//3046 3763//3047 3766//3048 3765//3049
f 3763//3047 3764//3050 3767//3051 3766//3048
f 3765//3049 3766//3048 3769//3052 3768//3053
f 3766//3048 3767//3051 3770//3054 3769//3052
f 2356//3010 2762//3029 3762//3046 2763//3039
f 2762//3029 2761//3028 3763//3047 3762//3046
f 2761//3028 2760//3027 3764//3050 3763//3047
f 2760//3027 2344//3026 2769//3055 3764//3050
f 3764//3050 2769//3055 2770//3056 3767//3051
f 3767//3051 2770//3056 2771//3057 3770//3054
f 3770//3054 2771//3057 2345//3058 2772//3059
f 3769//3052 3770//3054 2772//3059 2773//3060
f 3768//3053 3769//3052 2773//3060 2774//3061
f 2765//3041 3768//3053 2774//3061 2357//3042
f 2764//3040 3765//3049 3768//3053 2765//3041
f 2763//3039 3762//3046 3765//3049 2764//3040
f 3771//3062 3772//3063 3775//3064 3774//3065
f 3772//3063 3773//3066 3776//3067 3775//3064
f 3774//3065 3775//3064 3778//3068 3777//3069
f 3775//3064 3776//3067 3779//3070 3778//3068
f 2333//2720 2766//3045 3771//3062 2649//2732
f 2766//3045 2767//3044 3772//3063 3771//3062
f 2767//3044 2768//3043 3773//3066 3772//3063
f 2768//3043 2357//3042 2775//3071 3773//3066
f 3773//3066 2775//3071 2776//3072 3776//3067
f 3776//3067 2776//3072 2777//3073 3779//3070
f 3779//3070 2777//3073 2358//3074 2780//3075
f 3778//3068 3779//3070 2780//3075 2779//3076
f 3777//3069 3778//3068 2779//3076 2778//3077
f 2651//2734 3777//3069 2778//3077 2334//2736
f 2650//2733 3774//3065 3777//3069 2651//2734
f 2649//2732 3771//3062 3774//3065 2650//2733
f 3780//3078 3781//3079 3784//3080 3783//3081
f 3781//3079 3782//3082 3785//3083 3784//3080
f 3783//3081 3784//3080 3787//3084 3786//3085
f 3784//3080 3785//3083 3788//3086 3787//3084
f 2357//3042 2774//3061 3780//3078 2775//3071
f 2774//3061 2773//3060 3781//3079 3780//3078
f 2773//3060 2772//3059 3782//3082 3781//3079
f 2772//3059 2345//3058 2781//3087 3782//3082
f 3782//3082 2781//3087 2782//3088 3785//3083
f 3785//3083 2782//3088 2783//3089 3788//3086
f 3788//3086 2783//3089 2346//3090 2784//3091
f 3787//3084 3788//3086 2784//3091 2785//3092
f 3786//3085 3787//3084 2785//3092 2786//3093
f 2777//3073 3786//3085 2786//3093 2358//3074
f 2776//3072 3783//3081 3786//3085 2777//3073
f 2775//3071 3780//3078 3783//3081 2776//3072
f 3789//3094 3790//3095 3793//3096 3792//3097
f 3790//3095 3791//3098 3794//3099 3793//3096
f 3792//3097 3793//3096 3796//3100 3795//3101
f 3793//3096 3794//3099 3797//3102 3796//3100
f 2334//2736 2778//3077 3789//3094 2655//2748
f 2778//3077 2779//3076 3790//3095 3789//3094
f 2779//3076 2780//3075 3791//3098 3790//3095
f 2780//3075 2358//3074 2787//3103 3791//3098
f 3791//3098 2787//3103 2788//3104 3794//3099
f 3794//3099 2788//3104 2789//3105 3797//3102
f 3797//3102 2789//3105 2359//3106 2792//3107
f 3796//3100 3797//3102 2792//3107 2791//3108
f 3795//3101 3796//3100 2791//3108 2790//3109
f 2657//2750 3795//3101 2790//3109 2335//2752
f 2656//2749 3792//3097 3795//3101 2657//2750
f 2655//2748 3789//3094 3792//3097 2656//2749
f 3798//3110 3799//3111 3802//3112 3801//3113
f 3799//3111 3800//3114 3803//3115 3802//3112
f 3801//3113 3802//3112 3805//3116 3804//3117
f 3802//3112 3803//3115 3806//3118 3805//3116
f 2358//3074 2786//3093 3798//3110 2787//3103
f 2786//3093 2785//3092 3799//3111 3798//3110
f 2785//3092 2784//3091 3800//3114 3799//3111
f 2784//3091 2346//3090 2793//3119 3800//3114
f 3800//3114 2793//3119 2794//3120 3803//3115
f 3803//3115 2794//3120 2795//3121 3806//3118
f 3806//3118 2795//3121 2347//3122 2796//3123
f 3805//3116 3806//3118 2796//3123 2797//3124
f 3804//3117 3805//3116 2797//3124 2798//3125
f 2789//3105 3804//3117 2798//3125 2359//3106
f 2788//3104 3801//3113 3804//3117 2789//3105
f 2787//3103 3798//3110 3801//3113 2788//3104
f 3807//3126 3808//3127 3811//3128 3810//3129
f 3808//3127 3809//3130 3812//3131 3811//3128
f 3810//3129 3811//3128 3814//3132 3813//3133
f 3811//3128 3812//3131 3815//3134 3814//3132
f 2335//2752 2790//3109 3807//3126 2660//2763
f 2790//3109 2791//3108 3808//3127 3807//3126
f 2791//3108 2792//3107 3809//3130 3808//3127
f 2792//3107 2359//3106 2801//3135 3809//3130
f 3809//3130 2801//3135 2800//3136 3812//3131
f 3812//3131 2800//3136 2799//3137 3815//3134
f 3815//3134 2799//3137 2348//2778 2663//2777
f 3814//3132 3815//3134 2663//2777 2662//2776
f 3813//3133 3814//3132 2662//2776 2661//2775
f 2658//2765 3813//3133 2661//2775 2324//2587
f 2659//2764 3810//3129 3813//3133 2658//2765
f 2660//2763 3807//3126 3810//3129 2659//2764
f 3816//3138 3817//3139 3820//3140 3819//3141
f 3817//3139 3818//3142 3821//3143 3820//3140
f 3819//3141 3820//3140 3823//3144 3822//3145
f 3820//3140 3821//3143 3824//3146 3823//3144
f 2359//3106 2798//3125 3816//3138 2801//3135
f 2798//3125 2797//3124 3817//3139 3816//3138
f 2797//3124 2796//3123 3818//3142 3817//3139
f 2796//3123 2347//3122 2804//3147 3818//3142
f 3818//3142 2804//3147 2803//3148 3821//3143
f 3821//3143 2803//3148 2802//3149 3824//3146
f 3824//3146 2802//3149 2336//2798 2670//2797
f 3823//3144 3824//3146 2670//2797 2671//2796
f 3822//3145 3823//3144 2671//2796 2672//2795
f 2799//3137 3822//3145 2672//2795 2348//2778
f 2800//3136 3819//3141 3822//3145 2799//3137
f 2801//3135 3816//3138 3819//3141 2800//3136
f 3825//3150 3826//3151 3829//3152 3828//3153
f 3826//3151 3827//3154 3830//3155 3829//3152
f 3828//3153 3829//3152 3832//3156 3831//3157
f 3829//3152 3830//3155 3833//3158 3832//3156
f 2337//2802 2675//2801 3825//3150 2805//3159
f 2675//2801 2674//2800 3826//3151 3825//3150
f 2674//2800 2673//2799 3827//3154 3826//3151
f 2673//2799 2336//2798 2808//3160 3827//3154
f 3827//3154 2808//3160 2809//3161 3830//3155
f 3830//3155 2809//3161 2810//3162 3833//3158
f 3833//3158 2810//3162 2360//3163 2811//3164
f 3832//3156 3833//3158 2811//3164 2812//3165
f 3831//3157 3832//3156 2812//3165 2813//3166
f 2807//3167 3831//3157 2813//3166 2361//3168
f 2806//3169 3828//3153 3831//3157 2807//3167
f 2805//3159 3825//3150 3828//3153 2806//3169
f 3834//3170 3835//3171 3838//3172 3837//3173
f 3835//3171 3836//3174 3839//3175 3838//3172
f 3837//3173 3838//3172 3841//3176 3840//3177
f 3838//3172 3839//3175 3842//3178 3841//3176
f 2338//2834 2687//2833 3834//3170 2814//3179
f 2687//2833 2686//2832 3835//3171 3834//3170
f 2686//2832 2685//2831 3836//3174 3835//3171
f 2685//2831 2337//2802 2805//3159 3836//3174
f 3836//3174 2805//3159 2806//3169 3839//3175
f 3839//3175 2806//3169 2807//3167 3842//3178
f 3842//3178 2807//3167 2361//3168 2817//3180
f 3841//3176 3842//3178 2817//3180 2818//3181
f 3840//3177 3841//3176 2818//3181 2819//3182
f 2816//3183 3840//3177 2819//3182 2362//3184
f 2815//3185 3837//3173 3840//3177 2816//3183
f 2814//3179 3834//3170 3837//3173 2815//3185
f 3843//3186 3844//3187 3847//3188 3846//3189
f 3844//3187 3845//3190 3848//3191 3847//3188
f 3846//3189 3847//3188 3850//3192 3849//3193
f 3847//3188 3848//3191 3851//3194 3850//3192
f 2339//2866 2699//2865 3843//3186 2820//3195
f 2699//2865 2698//2864 3844//3187 3843//3186
f 2698//2864 2697//2863 3845//3190 3844//3187
f 2697//2863 2338//2834 2814//3179 3845//3190
f 3845//3190 2814//3179 2815//3185 3848//3191
f 3848//3191 2815//3185 2816//3183 3851//3194
f 3851//3194 2816//3183 2362//3184 2823//3196
f 3850//3192 3851//3194 2823//3196 2824//3197
f 3849//3193 3850//3192 2824//3197 2825//3198
f 2822//3199 3849//3193 2825//3198 2363//3200
f 2821//3201 3846//3189 3849//3193 2822//3199
f 2820//3195 3843//3186 3846//3189 2821//3201
f 3852//3202 3853//3203 3856//3204 3855//3205
f 3853//3203 3854//3206 3857//3207 3856//3204
f 3855//3205 3856//3204 3859//3208 3858//3209
f 3856//3204 3857//3207 3860//3210 3859//3208
f 2340//2898 2711//2897 3852//3202 2826//3211
f 2711//2897 2710//2896 3853//3203 3852//3202
f 2710//2896 2709//2895 3854//3206 3853//3203
f 2709//2895 2339//2866 2820//3195 3854//3206
f 3854//3206 2820//3195 2821//3201 3857//3207
f 3857//3207 2821//3201 2822//3199 3860//3210
f 3860//3210 2822//3199 2363//3200 2829//3212
f 3859//3208 3860//3210 2829//3212 2830//3213
f 3858//3209 3859//3208 2830//3213 2831//3214
f 2828//3215 3858//3209 2831//3214 2364//3216
f 2827//3217 3855//3205 3858//3209 2828//3215
f 2826//3211 3852//3202 3855//3205 2827//3217
f 3861//3218 3862//3219 3865//3220 3864//3221
f 3862//3219 3863//3222 3866//3223 3865//3220
f 3864//3221 3865//3220 3868//3224 3867//3225
f 3865//3220 3866//3223 3869//3226 3868//3224
f 2341//2930 2723//2929 3861//3218 2832//3227
f 2723//2929 2722//2928 3862//3219 3861//3218
f 2722//2928 2721//2927 3863//3222 3862//3219
f 2721//2927 2340//2898 2826//3211 3863//3222
f 3863//3222 2826//3211 2827//3217 3866//3223
f 3866//3223 2827//3217 2828//3215 3869//3226
f 3869//3226 2828//3215 2364//3216 2835//3228
f 3868//3224 3869//3226 2835//3228 2836//3229
f 3867//3225 3868//3224 2836//3229 2837//3230
f 2834//3231 3867//3225 2837//3230 2365//3232
f 2833//3233 3864//3221 3867//3225 2834//3231
f 2832//3227 3861//3218 3864//3221 2833//3233
f 3870//3234 3871//3235 3874//3236 3873//3237
f 3871//3235 3872//3238 3875//3239 3874//3236
f 3873//3237 3874//3236 3877//3240 3876//3241
f 3874//3236 3875//3239 3878//3242 3877//3240
f 2342//2962 2735//2961 3870//3234 2838//3243
f 2735//2961 2734//2960 3871//3235 3870//3234
f 2734//2960 2733//2959 3872//3238 3871//3235
f 2733//2959 2341//2930 2832//3227 3872//3238
f 3872//3238 2832//3227 2833//3233 3875//3239
f 3875//3239 2833//3233 2834//3231 3878//3242
f 3878//3242 2834//3231 2365//3232 2841//3244
f 3877//3240 3878//3242 2841//3244 2842//3245
f 3876//3241 3877//3240 2842//3245 2843//3246
f 2840//3247 3876//3241 2843//3246 2366//3248
f 2839//3249 3873//3237 3876//3241 2840//3247
f 2838//3243 3870//3234 3873//3237 2839//3249
f 3879//3250 3880//3251 3883//3252 3882//3253
f 3880//3251 3881//3254 3884//3255 3883//3252
f 3882//3253 3883//3252 3886//3256 3885//3257
f 3883//3252 3884//3255 3887//3258 3886//3256
f 2343//2994 2747//2993 3879//3250 2844//3259
f 2747//2993 2746//2992 3880//3251 3879//3250
f 2746//2992 2745//2991 3881//3254 3880//3251
f 2745//2991 2342//2962 2838//3243 3881//3254
f 3881//3254 2838//3243 2839//3249 3884//3255
f 3884//3255 2839//3249 2840//3247 3887//3258
f 3887//3258 2840//3247 2366//3248 2847//3260
f 3886//3256 3887//3258 2847//3260 2848//3261
f 3885//3257 3886//3256 2848//3261 2849//3262
f 2846//3263 3885//3257 2849//3262 2367//3264
f 2845//3265 3882//3253 3885//3257 2846//3263
f 2844//3259 3879//3250 3882//3253 2845//3265
f 3888//3266 3889//3267 3892//3268 3891//3269
f 3889//3267 3890//3270 3893//3271 3892//3268
f 3891//3269 3892//3268 3895//3272 3894//3273
f 3892//3268 3893//3271 3896//3274 3895//3272
f 2344//3026 2759//3025 3888//3266 2850//3275
f 2759//3025 2758//3024 3889//3267 3888//3266
f 2758//3024 2757//3023 3890//3270 3889//3267
f 2757//3023 2343//2994 2844//3259 3890//3270
f 3890//3270 2844//3259 2845//3265 3893//3271
f 3893//3271 2845//3265 2846//3263 3896//3274
f 3896//3274 2846//3263 2367//3264 2853//3276
f 3895//3272 3896//3274 2853//3276 2854//3277
f 3894//3273 3895//3272 2854//3277 2855//3278
f 2852//3279 3894//3273 2855//3278 2368//3280
f 2851//3281 3891//3269 3894//3273 2852//3279
f 2850//3275 3888//3266 3891//3269 2851//3281
f 3897//3282 3898//3283 3901//3284 3900//3285
f 3898//3283 3899//3286 3902//3287 3901//3284
f 3900//3285 3901//3284 3904//3288 3903//3289
f 3901//3284 3902//3287 3905//3290 3904//3288
f 2345//3058 2771//3057 3897//3282 2856//3291
f 2771//3057 2770//3056 3898//3283 3897//3282
f 2770//3056 2769//3055 3899//3286 3898//3283
f 2769//3055 2344//3026 2850//3275 3899//3286
f 3899//3286 2850//3275 2851//3281 3902//3287
f 3902//3287 2851//3281 2852//3279 3905//3290
f 3905//3290 2852//3279 2368//3280 2859//3292
f 3904//3288 3905//3290 2859//3292 2860//3293
f 3903//3289 3904//3288 2860//3293 2861//3294
f 2858//3295 3903//3289 2861//3294 2369//3296
f 2857//3297 3900//3285 3903//3289 2858//3295
f 2856//3291 3897//3282 3900//3285 2857//3297
f 3906//3298 3907//3299 3910//3300 3909//3301
f 3907//3299 3908//3302 3911//3303 3910//3300
f 3909//3301 3910//3300 3913//3304 3912//3305
f 3910//3300 3911//3303 3914//3306 3913//3304
f 2346//3090 2783//3089 3906//3298 2862//3307
f 2783//3089 2782//3088 3907//3299 3906//3298
f 2782//3088 2781//3087 3908//3302 3907//3299
f 2781//3087 2345//3058 2856//3291 3908//3302
f 3908//3302 2856//3291 2857//3297 3911//3303
f 3911//3303 2857//3297 2858//3295 3914//3306
f 3914//3306 2858//3295 2369//3296 2865//3308
f 3913//3304 3914//3306 2865//3308 2866//3309
f 3912//3305 3913//3304 2866//3309 2867//3310
f 2864//3311 3912//3305 2867//3310 2370//3312
f 2863//3313 3909//3301 3912//3305 2864//3311
f 2862//3307 3906//3298 3909//3301 2863//3313
f 3915//3314 3916//3315 3919//3316 3918//3317
f 3916//3315 3917//3318 3920//3319 3919//3316
f 3918//3317 3919//3316 3922//3320 3921//3321
f 3919//3316 3920//3319 3923//3322 3922//3320
f 2347//3122 2795//3121 3915//3314 2868//3323
f 2795//3121 2794//3120 3916//3315 3915//3314
f 2794//3120 2793//3119 3917//3318 3916//3315
f 2793//3119 2346//3090 2862//3307 3917//3318
f 3917//3318 2862//3307 2863//3313 3920//3319
f 3920//3319 2863//3313 2864//3311 3923//3322
f 3923//3322 2864//3311 2370//3312 2871//3324
f 3922//3320 3923//3322 2871//3324 2872//3325
f 3921//3321 3922//3320 2872//3325 2873//3326
f 2870//3327 3921//3321 2873//3326 2371//3328
f 2869//3329 3918//3317 3921//3321 2870//3327
f 2868//3323 3915//3314 3918//3317 2869//3329
f 3924//3330 3925//3331 3928//3332 3927//3333
f 3925//3331 3926//3334 3929//3335 3928//3332
f 3927//3333 3928//3332 3931//3336 3930//3337
f 3928//3332 3929//3335 3932//3338 3931//3336
f 2336//2798 2802//3149 3924//3330 2808//3160
f 2802//3149 2803//3148 3925//3331 3924//3330
f 2803//3148 2804//3147 3926//3334 3925//3331
f 2804//3147 2347//3122 2868//3323 3926//3334
f 3926//3334 2868//3323 2869//3329 3929//3335
f 3929//3335 2869//3329 2870//3327 3932//3338
f 3932//3338 2870//3327 2371//3328 2876//3339
f 3931//3336 3932//3338 2876//3339 2875//3340
f 3930//3337 3931//3336 2875//3340 2874//3341
f 2810//3162 3930//3337 2874//3341 2360//3163
f 2809//3161 3927//3333 3930//3337 2810//3162
f 2808//3160 3924//3330 3927//3333 2809//3161
f 3933//3342 3934//3343 3937//3344 3936//3345
f 3934//3343 3935//3346 3938//3347 3937//3344
f 3936//3345 3937//3344 3940//3348 3939//3349
f 3937//3344 3938//3347 3941//3350 3940//3348
f 2361//3168 2813//3166 3933//3342 2877//3351
f 2813//3166 2812//3165 3934//3343 3933//3342
f 2812//3165 2811//3164 3935//3346 3934//3343
f 2811//3164 2360//3163 2880//3352 3935//3346
f 3935//3346 2880//3352 2881//3353 3938//3347
f 3938//3347 2881//3353 2882//3354 3941//3350
f 3941//3350 2882//3354 2373//3355 2885//3356
f 3940//3348 3941//3350 2885//3356 2884//3357
f 3939//3349 3940//3348 2884//3357 2883//3358
f 2879//3359 3939//3349 2883//3358 2372//3360
f 2878//3361 3936//3345 3939//3349 2879//3359
f 2877//3351 3933//3342 3936//3345 2878//3361
f 3942//3362 3943//3363 3946//3364 3945//3365
f 3943//3363 3944//3366 3947//3367 3946//3364
f 3945//3365 3946//3364 3949//3368 3948//3369
f 3946//3364 3947//3367 3950//3370 3949//3368
f 2362//3184 2819//3182 3942//3362 2886//3371
f 2819//3182 2818//3181 3943//3363 3942//3362
f 2818//3181 2817//3180 3944//3366 3943//3363
f 2817//3180 2361//3168 2877//3351 3944//3366
f 3944//3366 2877//3351 2878//3361 3947//3367
f 3947//3367 2878//3361 2879//3359 3950//3370
f 3950//3370 2879//3359 2372//3360 2889//3372
f 3949//3368 3950//3370 2889//3372 2890//3373
f 3948//3369 3949//3368 2890//3373 2891//3374
f 2888//3375 3948//3369 2891//3374 2374//3376
f 2887//3377 3945//3365 3948//3369 2888//3375
f 2886//3371 3942//3362 3945//3365 2887//3377
f 3951//3378 3952//3379 3955//3380 3954//3381
f 3952//3379 3953//3382 3956//3383 3955//3380
f 3954//3381 3955//3380 3958//3384 3957//3385
f 3955//3380 3956//3383 3959//3386 3958//3384
f 2363//3200 2825//3198 3951//3378 2892//3387
f 2825//3198 2824//3197 3952//3379 3951//3378
f 2824//3197 2823//3196 3953//3382 3952//3379
f 2823//3196 2362//3184 2886//3371 3953//3382
f 3953//3382 2886//3371 2887//3377 3956//3383
f 3956//3383 2887//3377 2888//3375 3959//3386
f 3959//3386 2888//3375 2374//3376 2895//3388
f 3958//3384 3959//3386 2895//3388 2896//3389
f 3957//3385 3958//3384 2896//3389 2897//3390
f 2894//3391 3957//3385 2897//3390 2375//3392
f 2893//3393 3954//3381 3957//3385 2894//3391
f 2892//3387 3951//3378 3954//3381 2893//3393
f 3960//3394 3961//3395 3964//3396 3963//3397
f 3961//3395 3962//3398 3965//3399 3964//3396
f 3963//3397 3964//3396 3967//3400 3966//3401
f 3964//3396 3965//3399 3968//3402 3967//3400
f 2364//3216 2831//3214 3960//3394 2898//3403
f 2831//3214 2830//3213 3961//3395 3960//3394
f 2830//3213 2829//3212 3962//3398 3961//3395
f 2829//3212 2363//3200 2892//3387 3962//3398
f 3962//3398 2892//3387 2893//3393 3965//3399
f 3965//3399 2893//3393 2894//3391 3968//3402
f 3968//3402 2894//3391 2375//3392 2901//3404
f 3967//3400 3968//3402 2901//3404 2902//3405
f 3966//3401 3967//3400 2902//3405 2903//3406
f 2900//3407 3966//3401 2903//3406 2376//3408
f 2899//3409 3963//3397 3966//3401 2900//3407
f 2898//3403 3960//3394 3963//3397 2899//3409
f 3969//3410 3970//3411 3973//3412 3972//3413
f 3970//3411 3971//3414 3974//3415 3973//3412
f 3972//3413 3973//3412 3976//3416 3975//3417
f 3973//3412 3974//3415 3977//3418 3976//3416
f 2365//3232 2837//3230 3969//3410 2904//3419
f 2837//3230 2836//3229 3970//3411 3969//3410
f 2836//3229 2835//3228 3971//3414 3970//3411
f 2835//3228 2364//3216 2898//3403 3971//3414
f 3971//3414 2898//3403 2899//3409 3974//3415
f 3974//3415 2899//3409 2900//3407 3977//3418
f 3977//3418 2900//3407 2376//3408 2907//3420
f 3976//3416 3977//3418 2907//3420 2908//3421
f 3975//3417 3976//3416 2908//3421 2909//3422
f 2906//3423 3975//3417 2909//3422 2377//3424
f 2905//3425 3972//3413 3975//3417 2906//3423
f 2904//3419 3969//3410 3972//3413 2905//3425
f 3978//3426 3979//3427 3982//3428 3981//3429
f 3979//3427 3980//3430 3983//3431 3982//3428
f 3981//3429 3982//3428 3985//3432 3984//3433
f 3982//3428 3983//3431 3986//3434 3985//3432
f 2366//3248 2843//3246 3978//3426 2910//3435
f 2843//3246 2842//3245 3979//3427 3978//3426
f 2842//3245 2841//3244 3980//3430 3979//3427
f 2841//3244 2365//3232 2904//3419 3980//3430
f 3980//3430 2904//3419 2905//3425 3983//3431
f 3983//3431 2905//3425 2906//3423 3986//3434
f 3986//3434 2906//3423 2377//3424 2913//3436
f 3985//3432 3986//3434 2913//3436 2914//3437
f 3984//3433 3985//3432 2914//3437 2915//3438
f 2912//3439 3984//3433 2915//3438 2378//3440
f 2911//3441 3981//3429 3984//3433 2912//3439
f 2910//3435 3978//3426 3981//3429 2911//3441
f 3987//3442 3988//3443 3991//3444 3990//3445
f 3988//3443 3989//3446 3992//3447 3991//3444
f 3990//3445 3991//3444 3994//3448 3993//3449
f 3991//3444 3992//3447 3995//3450 3994//3448
f 2367//3264 2849//3262 3987//3442 2916//3451
f 2849//3262 2848//3261 3988//3443 3987//3442
f 2848//3261 2847//3260 3989//3446 3988//3443
f 2847//3260 2366//3248 2910//3435 3989//3446
f 3989//3446 2910//3435 2911//3441 3992//3447
f 3992//3447 2911//3441 2912//3439 3995//3450
f 3995//3450 2912//3439 2378//3440 2919//3452
f 3994//3448 3995//3450 2919//3452 2920//3453
f 3993//3449 3994//3448 2920//3453 2921//3454
f 2918//3455 3993//3449 2921//3454 2379//3456
f 2917//3457 3990//3445 3993//3449 2918//3455
f 2916//3451 3987//3442 3990//3445 2917//3457
f 3996//3458 3997//3459 4000//3460 3999//3461
f 3997//3459 3998//3462 4001//3463 4000//3460
f 3999//3461 4000//3460 4003//3464 4002//3465
f 4000//3460 4001//3463 4004//3466 4003//3464
f 2368//3280 2855//3278 3996//3458 2922//3467
f 2855//3278 2854//3277 3997//3459 3996//3458
f 2854//3277 2853//3276 3998//3462 3997//3459
f 2853//3276 2367//3264 2916//3451 3998//3462
f 3998//3462 2916//3451 2917//3457 4001//3463
f 4001//3463 2917//3457 2918//3455 4004//3466
f 4004//3466 2918//3455 2379//3456 2925//3468
f 4003//3464 4004//3466 2925//3468 2926//3469
f 4002//3465 4003//3464 2926//3469 2927//3470
f 2924//3471 4002//3465 2927//3470 2380//3472
f 2923//3473 3999//3461 4002//3465 2924//3471
f 2922//3467 3996//3458 3999//3461 2923//3473
f 4005//3474 4006//3475 4009//3476 4008//3477
f 4006//3475 4007//3478 4010//3479 4009//3476
f 4008//3477 4009//3476 4012//3480 4011//3481
f 4009//3476 4010//3479 4013//3482 4012//3480
f 2369//3296 2861//3294 4005//3474 2928//3483
f 2861//3294 2860//3293 4006//3475 4005//3474
f 2860//3293 2859//3292 4007//3478 4006//3475
f 2859//3292 2368//3280 2922//3467 4007//3478
f 4007//3478 2922//3467 2923//3473 4010//3479
f 4010//3479 2923//3473 2924//3471 4013//3482
f 4013//3482 2924//3471 2380//3472 2931//3484
f 4012//3480 4013//3482 2931//3484 2932//3485
f 4011//3481 4012//3480 2932//3485 2933//3486
f 2930//3487 4011//3481 2933//3486 2381//3488
f 2929//3489 4008//3477 4011//3481 2930//3487
f 2928//3483 4005//3474 4008//3477 2929//3489
f 4014//3490 4015//3491 4018//3492 4017//3493
f 4015//3491 4016//3494 4019//3495 4018//3492
f 4017//3493 4018//3492 4021//3496 4020//3497
f 4018//3492 4019//3495 4022//3498 4021//3496
f 2370//3312 2867//3310 4014//3490 2934//3499
f 2867//3310 2866//3309 4015//3491 4014//3490
f 2866//3309 2865//3308 4016//3494 4015//3491
f 2865//3308 2369//3296 2928//3483 4016//3494
f 4016//3494 2928//3483 2929//3489 4019//3495
f 4019//3495 2929//3489 2930//3487 4022//3498
f 4022//3498 2930//3487 2381//3488 2937//3500
f 4021//3496 4022//3498 2937//3500 2938//3501
f 4020//3497 4021//3496 2938//3501 2939//3502
f 2936//3503 4020//3497 2939//3502 2382//3504
f 2935//3505 4017//3493 4020//3497 2936//3503
f 2934//3499 4014//3490 4017//3493 2935//3505
f 4023//3506 4024//3507 4027//3508 4026//3509
f 4024//3507 4025//3510 4028//3511 4027//3508
f 4026//3509 4027//3508 4030//3512 4029//3513
f 4027//3508 4028//3511 4031//3514 4030//3512
f 2371//3328 2873//3326 4023//3506 2940//3515
f 2873//3326 2872//3325 4024//3507 4023//3506
f 2872//3325 2871//3324 4025//3510 4024//3507
f 2871//3324 2370//3312 2934//3499 4025//3510
f 4025//3510 2934//3499 2935//3505 4028//3511
f 4028//3511 2935//3505 2936//3503 4031//3514
f 4031//3514 2936//3503 2382//3504 2943//3516
f 4030//3512 4031//3514 2943//3516 2944//3517
f 4029//3513 4030//3512 2944//3517 2945//3518
f 2942//3519 4029//3513 2945//3518 2383//3520
f 2941//3521 4026//3509 4029//3513 2942//3519
f 2940//3515 4023//3506 4026//3509 2941//3521
f 4032//3522 4033//3523 4036//3524 4035//3525
f 4033//3523 4034//3526 4037//3527 4036//3524
f 4035//3525 4036//3524 4039//3528 4038//3529
f 4036//3524 4037//3527 4040//3530 4039//3528
f 2360//3163 2874//3341 4032//3522 2880//3352
f 2874//3341 2875//3340 4033//3523 4032//3522
f 2875//3340 2876//3339 4034//3526 4033//3523
f 2876//3339 2371//3328 2940//3515 4034//3526
f 4034//3526 2940//3515 2941//3521 4037//3527
f 4037//3527 2941//3521 2942//3519 4040//3530
f 4040//3530 2942//3519 2383//3520 2948//3531
f 4039//3528 4040//3530 2948//3531 2947//3532
f 4038//3529 4039//3528 2947//3532 2946//3533
f 2882//3354 4038//3529 2946//3533 2373//3355
f 2881//3353 4035//3525 4038//3529 2882//3354
f 2880//3352 4032//3522 4035//3525 2881//3353
f 4041//3534 4042//3535 4045//3535 4044//3534
f 4042//3535 4043//3536 4046//3536 4045//3535
f 4044//3534 4045//3535 4048//3535 4047//3534
f 4045//3535 4046//3536 4049//3536 4048//3535
f 2385//3537 2954//3534 4041//3534 2949//3537
f 2954//3534 2953//3535 4042//3535 4041//3534
f 2953//3535 2952//3536 4043//3536 4042//3535
f 2952//3536 2384//3538 2955//3538 4043//3536
f 4043//3536 2955//3538 2956//3538 4046//3536
f 4046//3536 2956//3538 2957//3538 4049//3536
f 4049//3536 2957//3538 2396//3539 2958//3540
f 4048//3535 4049//3536 2958//3540 2959//3541
f 4047//3534 4048//3535 2959//3541 2960//3542
f 2951//3537 4047//3534 2960//3542 2397//3543
f 2950//3537 4044//3534 4047//3534 2951//3537
f 2949//3537 4041//3534 4044//3534 2950//3537
f 4050//3544 4051//3545 4054//3545 4053//3544
f 4051//3545 4052//3546 4055//3546 4054//3545
f 4053//3544 4054//3545 4057//3545 4056//3544
f 4054//3545 4055//3546 4058//3546 4057//3545
f 2386//3547 2966//3544 4050//3544 2961//3547
f 2966//3544 2965//3545 4051//3545 4050//3544
f 2965//3545 2964//3546 4052//3546 4051//3545
f 2964//3546 2385//3537 2949//3537 4052//3546
f 4052//3546 2949//3537 2950//3537 4055//3546
f 4055//3546 2950//3537 2951//3537 4058//3546
f 4058//3546 2951//3537 2397//3543 2967//3548
f 4057//3545 4058//3546 2967//3548 2968//3549
f 4056//3544 4057//3545 2968//3549 2969//3550
f 2963//3547 4056//3544 2969//3550 2398//3551
f 2962//3547 4053//3544 4056//3544 2963//3547
f 2961//3547 4050//3544 4053//3544 2962//3547
f 4059//3552 4060//3553 4063//3553 4062//3552
f 4060//3553 4061//3554 4064//3554 4063//3553
f 4062//3552 4063//3553 4066//3553 4065//3552
f 4063//3553 4064//3554 4067//3554 4066//3553
f 2387//3555 2975//3552 4059//3552 2970//3555
f 2975//3552 2974//3553 4060//3553 4059//3552
f 2974//3553 2973//3554 4061//3554 4060//3553
f 2973//3554 2386//3547 2961//3547 4061//3554
f 4061//3554 2961//3547 2962//3547 4064//3554
f 4064//3554 2962//3547 2963//3547 4067//3554
f 4067//3554 2963//3547 2398//3551 2976//3556
f 4066//3553 4067//3554 2976//3556 2977//3557
f 4065//3552 4066//3553 2977//3557 2978//3558
f 2972//3555 4065//3552 2978//3558 2399//3559
f 2971//3555 4062//3552 4065//3552 2972//3555
f 2970//3555 4059//3552 4062//3552 2971//3555
f 4068//3560 4069//3561 4072//3561 4071//3560
f 4069//3561 4070//3562 4073//3562 4072//3561
f 4071//3560 4072//3561 4075//3561 4074//3560
f 4072//3561 4073//3562 4076//3562 4075//3561
f 2388//3563 2984//3560 4068//3560 2979//3564
f 2984//3560 2983//3561 4069//3561 4068//3560
f 2983//3561 2982//3562 4070//3562 4069//3561
f 2982//3562 2387//3555 2970//3555 4070//3562
f 4070//3562 2970//3555 2971//3555 4073//3562
f 4073//3562 2971//3555 2972//3555 4076//3562
f 4076//3562 2972//3555 2399//3559 2985//3565
f 4075//3561 4076//3562 2985//3565 2986//3566
f 4074//3560 4075//3561 2986//3566 2987//3567
f 2981//3568 4074//3560 2987//3567 2400//3569
f 2980//3570 4071//3560 4074//3560 2981//3568
f 2979//3564 4068//3560 4071//3560 2980//3570
f 4077//3571 4078//3572 4081//3573 4080//3574
f 4078//3572 4079//3575 4082//3576 4081//3573
f 4080//3574 4081//3573 4084//3577 4083//3578
f 4081//3573 4082//3576 4085//3579 4084//3577
f 2389//3580 2993//3581 4077//3571 2988//3582
f 2993//3581 2992//3583 4078//3572 4077//3571
f 2992//3583 2991//3584 4079//3575 4078//3572
f 2991//3584 2388//3563 2979//3564 4079//3575
f 4079//3575 2979//3564 2980//3570 4082//3576
f 4082//3576 2980//3570 2981//3568 4085//3579
f 4085//3579 2981//3568 2400//3569 2994//3585
f 4084//3577 4085//3579 2994//3585 2995//3586
f 4083//3578 4084//3577 2995//3586 2996//3587
f 2990//3588 4083//3578 2996//3587 2401//3589
f 2989//3590 4080//3574 4083//3578 2990//3588
f 2988//3582 4077//3571 4080//3574 2989//3590
f 4086//3591 4087//3592 4090//3593 4089//3594
f 4087//3592 4088//3595 4091//3596 4090//3593
f 4089//3594 4090//3593 4093//3597 4092//3598
f 4090//3593 4091//3596 4094//3599 4093//3597
f 2390//3600 3002//3601 4086//3591 2997//3602
f 3002//3601 3001//3603 4087//3592 4086//3591
f 3001//3603 3000//3604 4088//3595 4087//3592
f 3000//3604 2389//3580 2988//3582 4088//3595
f 4088//3595 2988//3582 2989//3590 4091//3596
f 4091//3596 2989//3590 2990//3588 4094//3599
f 4094//3599 2990//3588 2401//3589 3003//3605
f 4093//3597 4094//3599 3003//3605 3004//3606
f 4092//3598 4093//3597 3004//3606 3005//3607
f 2999//3608 4092//3598 3005//3607 2402//3609
f 2998//3610 4089//3594 4092//3598 2999//3608
f 2997//3602 4086//3591 4089//3594 2998//3610
f 4095//3611 4096//3612 4099//3613 4098//3614
f 4096//3612 4097//3615 4100//3616 4099//3613
f 4098//3614 4099//3613 4102//3617 4101//3618
f 4099//3613 4100//3616 4103//3619 4102//3617
f 2391//3620 3011//3621 4095//3611 3006//3622
f 3011//3621 3010//3623 4096//3612 4095//3611
f 3010//3623 3009//3624 4097//3615 4096//3612
f 3009//3624 2390//3600 2997//3602 4097//3615
f 4097//3615 2997//3602 2998//3610 4100//3616
f 4100//3616 2998//3610 2999//3608 4103//3619
f 4103//3619 2999//3608 2402//3609 3012//3625
f 4102//3617 4103//3619 3012//3625 3013//3626
f 4101//3618 4102//3617 3013//3626 3014//3627
f 3008//3628 4101//3618 3014//3627 2403//3629
f 3007//3630 4098//3614 4101//3618 3008//3628
f 3006//3622 4095//3611 4098//3614 3007//3630
f 4104//3631 4105//3632 4108//3633 4107//3634
f 4105//3632 4106//3635 4109//3636 4108//3633
f 4107//3634 4108//3633 4111//3637 4110//3638
f 4108//3633 4109//3636 4112//3639 4111//3637
f 2392//3640 3020//3641 4104//3631 3015//3642
f 3020//3641 3019//3643 4105//3632 4104//3631
f 3019//3643 3018//3644 4106//3635 4105//3632
f 3018//3644 2391//3620 3006//3622 4106//3635
f 4106//3635 3006//3622 3007//3630 4109//3636
f 4109//3636 3007//3630 3008//3628 4112//3639
f 4112//3639 3008//3628 2403//3629 3021//3645
f 4111//3637 4112//3639 3021//3645 3022//3646
f 4110//3638 4111//3637 3022//3646 3023//3647
f 3017//3648 4110//3638 3023//3647 2404//3649
f 3016//3650 4107//3634 4110//3638 3017//3648
f 3015//3642 4104//3631 4107//3634 3016//3650
f 4113//3651 4114//3652 4117//3653 4116//3654
f 4114//3652 4115//3655 4118//3656 4117//3653
f 4116//3654 4117//3653 4120//3657 4119//3658
f 4117//3653 4118//3656 4121//3659 4120//3657
f 2393//3660 3029//3661 4113//3651 3024//3662
f 3029//3661 3028//3663 4114//3652 4113//3651
f 3028//3663 3027//3664 4115//3655 4114//3652
f 3027//3664 2392//3640 3015//3642 4115//3655
f 4115//3655 3015//3642 3016//3650 4118//3656
f 4118//3656 3016//3650 3017//3648 4121//3659
f 4121//3659 3017//3648 2404//3649 3030//3665
f 4120//3657 4121//3659 3030//3665 3031//3666
f 4119//3658 4120//3657 3031//3666 3032//3667
f 3026//3668 4119//3658 3032//3667 2405//3669
f 3025//3670 4116//3654 4119//3658 3026//3668
f 3024//3662 4113//3651 4116//3654 3025//3670
f 4122//3671 4123//3672 4126//3673 4125//3674
f 4123//3672 4124//3675 4127//3676 4126//3673
f 4125//3674 4126//3673 4129//3677 4128//3678
f 4126//3673 4127//3676 4130//3679 4129//3677
f 2394//3680 3038//3681 4122//3671 3033//3682
f 3038//3681 3037//3683 4123//3672 4122//3671
f 3037//3683 3036//3684 4124//3675 4123//3672
f 3036//3684 2393//3660 3024//3662 4124//3675
f 4124//3675 3024//3662 3025//3670 4127//3676
f 4127//3676 3025//3670 3026//3668 4130//3679
f 4130//3679 3026//3668 2405//3669 3039//3685
f 4129//3677 4130//3679 3039//3685 3040//3686
f 4128//3678 4129//3677 3040//3686 3041//3687
f 3035//3688 4128//3678 3041//3687 2406//3689
f 3034//3690 4125//3674 4128//3678 3035//3688
f 3033//3682 4122//3671 4125//3674 3034//3690
f 4131//3691 4132//3692 4135//3693 4134//3694
f 4132//3692 4133//3695 4136//3696 4135//3693
f 4134//3694 4135//3693 4138//3697 4137//3698
f 4135//3693 4136//3696 4139//3699 4138//3697
f 2395//3700 3047//3701 4131//3691 3042//3702
f 3047//3701 3046//3703 4132//3692 4131//3691
f 3046//3703 3045//3704 4133//3695 4132//3692
f 3045//3704 2394//3680 3033//3682 4133//3695
f 4133//3695 3033//3682 3034//3690 4136//3696
f 4136//3696 3034//3690 3035//3688 4139//3699
f 4139//3699 3035//3688 2406//3689 3048//3705
f 4138//3697 4139//3699 3048//3705 3049//3706
f 4137//3698 4138//3697 3049//3706 3050//3707
f 3044//3708 4137//3698 3050//3707 2407//3709
f 3043//3710 4134//3694 4137//3698 3044//3708
f 3042//3702 4131//3691 4134//3694 3043//3710
f 4140//3711 4141//3711 4144//3712 4143//3712
f 4141//3711 4142//3711 4145//3712 4144//3712
f 4143//3712 4144//3712 4147//3713 4146//3713
f 4144//3712 4145//3712 4148//3713 4147//3713
f 2396//3539 2957//3538 4140//3711 3051//3714
f 2957//3538 2956//3538 4141//3711 4140//3711
f 2956//3538 2955//3538 4142//3711 4141//3711
f 2955//3538 2384//3538 3054//3711 4142//3711
f 4142//3711 3054//3711 3055//3712 4145//3712
f 4145//3712 3055//3712 3056//3713 4148//3713
f 4148//3713 3056//3713 2395//3700 3042//3702
f 4147//3713 4148//3713 3042//3702 3043//3710
f 4146//3713 4147//3713 3043//3710 3044//3708
f 3053//3715 4146//3713 3044//3708 2407//3709
f 3052//3716 4143//3712 4146//3713 3053//3715
f 3051//3714 4140//3711 4143//3712 3052//3716
f 4149//3717 4150//3718 4153//3719 4152//3720
f 4150//3718 4151//3721 4154//3722 4153//3719
f 4152//3720 4153//3719 4156//3723 4155//3724
f 4153//3719 4154//3722 4157//3725 4156//3723
f 2397//3543 2960//3542 4149//3717 3057//3726
f 2960//3542 2959//3541 4150//3718 4149//3717
f 2959//3541 2958//3540 4151//3721 4150//3718
f 2958//3540 2396//3539 3060//3727 4151//3721
f 4151//3721 3060//3727 3061//3728 4154//3722
f 4154//3722 3061//3728 3062//3729 4157//3725
f 4157//3725 3062//3729 2408//3730 3063//3731
f 4156//3723 4157//3725 3063//3731 3064//3732
f 4155//3724 4156//3723 3064//3732 3065//3733
f 3059//3734 4155//3724 3065//3733 2409//3735
f 3058//3736 4152//3720 4155//3724 3059//3734
f 3057//3726 4149//3717 4152//3720 3058//3736
f 4158//3737 4159//3738 4162//3739 4161//3740
f 4159//3738 4160//3741 4163//3742 4162//3739
f 4161//3740 4162//3739 4165//3743 4164//3744
f 4162//3739 4163//3742 4166//3745 4165//3743
f 2398//3551 2969//3550 4158//3737 3066//3746
f 2969//3550 2968//3549 4159//3738 4158//3737
f 2968//3549 2967//3548 4160//3741 4159//3738
f 2967//3548 2397//3543 3057//3726 4160//3741
f 4160//3741 3057//3726 3058//3736 4163//3742
f 4163//3742 3058//3736 3059//3734 4166//3745
f 4166//3745 3059//3734 2409//3735 3069//3747
f 4165//3743 4166//3745 3069//3747 3070//3748
f 4164//3744 4165//3743 3070//3748 3071//3749
f 3068//3750 4164//3744 3071//3749 2410//3751
f 3067//3752 4161//3740 4164//3744 3068//3750
f 3066//3746 4158//3737 4161//3740 3067//3752
f 4167//3753 4168//3754 4171//3755 4170//3756
f 4168//3754 4169//3757 4172//3758 4171//3755
f 4170//3756 4171//3755 4174//3759 4173//3760
f 4171//3755 4172//3758 4175//3761 4174//3759
f 2399//3559 2978//3558 4167//3753 3072//3762
f 2978//3558 2977//3557 4168//3754 4167//3753
f 2977//3557 2976//3556 4169//3757 4168//3754
f 2976//3556 2398//3551 3066//3746 4169//3757
f 4169//3757 3066//3746 3067//3752 4172//3758
f 4172//3758 3067//3752 3068//3750 4175//3761
f 4175//3761 3068//3750 2410//3751 3075//3763
f 4174//3759 4175//3761 3075//3763 3076//3764
f 4173//3760 4174//3759 3076//3764 3077//3765
f 3074//3766 4173//3760 3077//3765 2411//3767
f 3073//3768 4170//3756 4173//3760 3074//3766
f 3072//3762 4167//3753 4170//3756 3073//3768
f 4176//3769 4177//3770 4180//3771 4179//3772
f 4177//3770 4178//3773 4181//3774 4180//3771
f 4179//3772 4180//3771 4183//3775 4182//3776
f 4180//3771 4181//3774 4184//3777 4183//3775
f 2400//3569 2987//3567 4176//3769 3078//3778
f 2987//3567 2986//3566 4177//3770 4176//3769
f 2986//3566 2985//3565 4178//3773 4177//3770
f 2985//3565 2399//3559 3072//3762 4178//3773
f 4178//3773 3072//3762 3073//3768 4181//3774
f 4181//3774 3073//3768 3074//3766 4184//3777
f 4184//3777 3074//3766 2411//3767 3081//3779
f 4183//3775 4184//3777 3081//3779 3082//3780
f 4182//3776 4183//3775 3082//3780 3083//3781
f 3080//3782 4182//3776 3083//3781 2412//3783
f 3079//3784 4179//3772 4182//3776 3080//3782
f 3078//3778 4176//3769 4179//3772 3079//3784
f 4185//3785 4186//3786 4189//3787 4188//3788
f 4186//3786 4187//3789 4190//3790 4189//3787
f 4188//3788 4189//3787 4192//3791 4191//3792
f 4189//3787 4190//3790 4193//3793 4192//3791
f 2401//3589 2996//3587 4185//3785 3084//3794
f 2996//3587 2995//3586 4186//3786 4185//3785
f 2995//3586 2994//3585 4187//3789 4186//3786
f 2994//3585 2400//3569 3078//3778 4187//3789
f 4187//3789 3078//3778 3079//3784 4190//3790
f 4190//3790 3079//3784 3080//3782 4193//3793
f 4193//3793 3080//3782 2412//3783 3087//3795
f 4192//3791 4193//3793 3087//3795 3088//3796
f 4191//3792 4192//3791 3088//3796 3089//3797
f 3086//3798 4191//3792 3089//3797 2413//3799
f 3085//3800 4188//3788 4191//3792 3086//3798
f 3084//3794 4185//3785 4188//3788 3085//3800
f 4194//3801 4195//3802 4198//3803 4197//3804
f 4195//3802 4196//3805 4199//3806 4198//3803
f 4197//3804 4198//3803 4201//3807 4200//3808
f 4198//3803 4199//3806 4202//3809 4201//3807
f 2407//3709 3050//3707 4194//3801 3090//3810
f 3050//3707 3049//3706 4195//3802 4194//3801
f 3049//3706 3048//3705 4196//3805 4195//3802
f 3048//3705 2406//3689 3093//3811 4196//3805
f 4196//3805 3093//3811 3094//3812 4199//3806
f 4199//3806 3094//3812 3095//3813 4202//3809
f 4202//3809 3095//3813 2418//3814 3096//3815
f 4201//3807 4202//3809 3096//3815 3097//3816
f 4200//3808 4201//3807 3097//3816 3098//3817
f 3092//3818 4200//3808 3098//3817 2419//3819
f 3091//3820 4197//3804 4200//3808 3092//3818
f 3090//3810 4194//3801 4197//3804 3091//3820
f 4203//3821 4204//3822 4207//3823 4206//3824
f 4204//3822 4205//3825 4208//3826 4207//3823
f 4206//3824 4207//3823 4210//3827 4209//3828
f 4207//3823 4208//3826 4211//3829 4210//3827
f 2407//3709 3090//3810 4203//3821 3053//3715
f 3090//3810 3091//3820 4204//3822 4203//3821
f 3091//3820 3092//3818 4205//3825 4204//3822
f 3092//3818 2419//3819 3101//3830 4205//3825
f 4205//3825 3101//3830 3100//3831 4208//3826
f 4208//3826 3100//3831 3099//3832 4211//3829
f 4211//3829 3099//3832 2408//3730 3062//3729
f 4210//3827 4211//3829 3062//3729 3061//3728
f 4209//3828 4210//3827 3061//3728 3060//3727
f 3051//3714 4209//3828 3060//3727 2396//3539
f 3052//3716 4206//3824 4209//3828 3051//3714
f 3053//3715 4203//3821 4206//3824 3052//3716
f 4212//3833 4213//3834 4216//3835 4215//3836
f 4213//3834 4214//3837 4217//3838 4216//3835
f 4215//3836 4216//3835 4219//3839 4218//3840
f 4216//3835 4217//3838 4220//3841 4219//3839
f 2418//3814 3095//3813 4212//3833 3102//3842
f 3095//3813 3094//3812 4213//3834 4212//3833
f 3094//3812 3093//3811 4214//3837 4213//3834
f 3093//3811 2406//3689 3105//3843 4214//3837
f 4214//3837 3105//3843 3106//3844 4217//3838
f 4217//3838 3106//3844 3107//3845 4220//3841
f 4220//3841 3107//3845 2426//3846 3110//3847
f 4219//3839 4220//3841 3110//3847 3109//3848
f 4218//3840 4219//3839 3109//3848 3108//3849
f 3104//3850 4218//3840 3108//3849 2420//3851
f 3103//3852 4215//3836 4218//3840 3104//3850
f 3102//3842 4212//3833 4215//3836 3103//3852
f 4221//3853 4222//3854 4225//3855 4224//3856
f 4222//3854 4223//3857 4226//3858 4225//3855
f 4224//3856 4225//3855 4228//3859 4227//3860
f 4225//3855 4226//3858 4229//3861 4228//3859
f 2417//3862 3114//3863 4221//3853 3111//3864
f 3114//3863 3115//3865 4222//3854 4221//3853
f 3115//3865 3116//3866 4223//3857 4222//3854
f 3116//3866 2418//3814 3102//3842 4223//3857
f 4223//3857 3102//3842 3103//3852 4226//3858
f 4226//3858 3103//3852 3104//3850 4229//3861
f 4229//3861 3104//3850 2420//3851 3117//3867
f 4228//3859 4229//3861 3117//3867 3118//3868
f 4227//3860 4228//3859 3118//3868 3119//3869
f 3113//3870 4227//3860 3119//3869 2421//3871
f 3112//3872 4224//3856 4227//3860 3113//3870
f 3111//3864 4221//3853 4224//3856 3112//3872
f 4230//3873 4231//3874 4234//3875 4233//3876
f 4231//3874 4232//3877 4235//3878 4234//3875
f 4233//3876 4234//3875 4237//3879 4236//3880
f 4234//3875 4235//3878 4238//3881 4237//3879
f 2416//3882 3123//3883 4230//3873 3120//3884
f 3123//3883 3124//3885 4231//3874 4230//3873
f 3124//3885 3125//3886 4232//3877 4231//3874
f 3125//3886 2417//3862 3111//3864 4232//3877
f 4232//3877 3111//3864 3112//3872 4235//3878
f 4235//3878 3112//3872 3113//3870 4238//3881
f 4238//3881 3113//3870 2421//3871 3126//3887
f 4237//3879 4238//3881 3126//3887 3127//3888
f 4236//3880 4237//3879 3127//3888 3128//3889
f 3122//3890 4236//3880 3128//3889 2422//3891
f 3121//3892 4233//3876 4236//3880 3122//3890
f 3120//3884 4230//3873 4233//3876 3121//3892
f 4239//3893 4240//3894 4243//3895 4242//3896
f 4240//3894 4241//3897 4244//3898 4243//3895
f 4242//3896 4243//3895 4246//3899 4245//3900
f 4243//3895 4244//3898 4247//3901 4246//3899
f 2415//3902 3132//3903 4239//3893 3129//3904
f 3132//3903 3133//3905 4240//3894 4239//3893
f 3133//3905 3134//3906 4241//3897 4240//3894
f 3134//3906 2416//3882 3120//3884 4241//3897
f 4241//3897 3120//3884 3121//3892 4244//3898
f 4244//3898 3121//3892 3122//3890 4247//3901
f 4247//3901 3122//3890 2422//3891 3135//3907
f 4246//3899 4247//3901 3135//3907 3136//3908
f 4245//3900 4246//3899 3136//3908 3137//3909
f 3131//3910 4245//3900 3137//3909 2423//3911
f 3130//3912 4242//3896 4245//3900 3131//3910
f 3129//3904 4239//3893 4242//3896 3130//3912
f 4248//3913 4249//3914 4252//3915 4251//3916
f 4249//3914 4250//3917 4253//3918 4252//3915
f 4251//3916 4252//3915 4255//3919 4254//3920
f 4252//3915 4253//3918 4256//3921 4255//3919
f 2414//3922 3141//3923 4248//3913 3138//3924
f 3141//3923 3142//3925 4249//3914 4248//3913
f 3142//3925 3143//3926 4250//3917 4249//3914
f 3143//3926 2415//3902 3129//3904 4250//3917
f 4250//3917 3129//3904 3130//3912 4253//3918
f 4253//3918 3130//3912 3131//3910 4256//3921
f 4256//3921 3131//3910 2423//3911 3144//3927
f 4255//3919 4256//3921 3144//3927 3145//3928
f 4254//3920 4255//3919 3145//3928 3146//3929
f 3140//3930 4254//3920 3146//3929 2424//3931
f 3139//3932 4251//3916 4254//3920 3140//3930
f 3138//3924 4248//3913 4251//3916 3139//3932
f 4257//3933 4258//3934 4261//3935 4260//3936
f 4258//3934 4259//3937 4262//3938 4261//3935
f 4260//3936 4261//3935 4264//3939 4263//3940
f 4261//3935 4262//3938 4265//3941 4264//3939
f 2413//3799 3150//3942 4257//3933 3147//3943
f 3150//3942 3151//3944 4258//3934 4257//3933
f 3151//3944 3152//3945 4259//3937 4258//3934
f 3152//3945 2414//3922 3138//3924 4259//3937
f 4259//3937 3138//3924 3139//3932 4262//3938
f 4262//3938 3139//3932 3140//3930 4265//3941
f 4265//3941 3140//3930 2424//3931 3153//3946
f 4264//3939 4265//3941 3153//3946 3154//3947
f 4263//3940 4264//3939 3154//3947 3155//3948
f 3149//3949 4263//3940 3155//3948 2425//3950
f 3148//3951 4260//3936 4263//3940 3149//3949
f 3147//3943 4257//3933 4260//3936 3148//3951
f 4266//3952 4267//3953 4270//3954 4269//3955
f 4267//3953 4268//3956 4271//3957 4270//3954
f 4269//3955 4270//3954 4273//3958 4272//3959
f 4270//3954 4271//3957 4274//3960 4273//3958
f 2401//3589 3084//3794 4266//3952 3156//3961
f 3084//3794 3085//3800 4267//3953 4266//3952
f 3085//3800 3086//3798 4268//3956 4267//3953
f 3086//3798 2413//3799 3147//3943 4268//3956
f 4268//3956 3147//3943 3148//3951 4271//3957
f 4271//3957 3148//3951 3149//3949 4274//3960
f 4274//3960 3149//3949 2425//3950 3159//3962
f 4273//3958 4274//3960 3159//3962 3160//3963
f 4272//3959 4273//3958 3160//3963 3161//3964
f 3158//3965 4272//3959 3161//3964 2431//3966
f 3157//3967 4269//3955 4272//3959 3158//3965
f 3156//3961 4266//3952 4269//3955 3157//3967
f 4275//3968 4276//3969 4279//3970 4278//3971
f 4276//3969 4277//3972 4280//3973 4279//3970
f 4278//3971 4279//3970 4282//3974 4281//3975
f 4279//3970 4280//3973 4283//3976 4282//3974
f 2406//3689 3041//3687 4275//3968 3105//3843
f 3041//3687 3040//3686 4276//3969 4275//3968
f 3040//3686 3039//3685 4277//3972 4276//3969
f 3039//3685 2405//3669 3162//3977 4277//3972
f 4277//3972 3162//3977 3163//3978 4280//3973
f 4280//3973 3163//3978 3164//3979 4283//3976
f 4283//3976 3164//3979 2427//3980 3167//3981
f 4282//3974 4283//3976 3167//3981 3166//3982
f 4281//3975 4282//3974 3166//3982 3165//3983
f 3107//3845 4281//3975 3165//3983 2426//3846
f 3106//3844 4278//3971 4281//3975 3107//3845
f 3105//3843 4275//3968 4278//3971 3106//3844
f 4284//3984 4285//3985 4288//3986 4287//3987
f 4285//3985 4286//3988 4289//3989 4288//3986
f 4287//3987 4288//3986 4291//3990 4290//3991
f 4288//3986 4289//3989 4292//3992 4291//3990
f 2405//3669 3032//3667 4284//3984 3162//3977
f 3032//3667 3031//3666 4285//3985 4284//3984
f 3031//3666 3030//3665 4286//3988 4285//3985
f 3030//3665 2404//3649 3168//3993 4286//3988
f 4286//3988 3168//3993 3169//3994 4289//3989
f 4289//3989 3169//3994 3170//3995 4292//3992
f 4292//3992 3170//3995 2428//3996 3173//3997
f 4291//3990 4292//3992 3173//3997 3172//3998
f 4290//3991 4291//3990 3172//3998 3171//3999
f 3164//3979 4290//3991 3171//3999 2427//3980
f 3163//3978 4287//3987 4290//3991 3164//3979
f 3162//3977 4284//3984 4287//3987 3163//3978
f 4293//4000 4294//4001 4297//2220 4296//4002
f 4294//4001 4295//4003 4298//4004 4297//2220
f 4296//4002 4297//2220 4300//4005 4299//4006
f 4297//2220 4298//4004 4301//4007 4300//4005
f 2404//3649 3023//3647 4293//4000 3168//3993
f 3023//3647 3022//3646 4294//4001 4293//4000
f 3022//3646 3021//3645 4295//4003 4294//4001
f 3021//3645 2403//3629 3174//4008 4295//4003
f 4295//4003 3174//4008 3175//4009 4298//4004
f 4298//4004 3175//4009 3176//4010 4301//4007
f 4301//4007 3176//4010 2429//4011 3179//4012
f 4300//4005 4301//4007 3179//4012 3178//4013
f 4299//4006 4300//4005 3178//4013 3177//4014
f 3170//3995 4299//4006 3177//4014 2428//3996
f 3169//3994 4296//4002 4299//4006 3170//3995
f 3168//3993 4293//4000 4296//4002 3169//3994
f 4302//4015 4303//4016 4306//4017 4305//4018
f 4303//4016 4304//4019 4307//4020 4306//4017
f 4305//4018 4306//4017 4309//4021 4308//4022
f 4306//4017 4307//4020 4310//4023 4309//4021
f 2403//3629 3014//3627 4302//4015 3174//4008
f 3014//3627 3013//3626 4303//4016 4302//4015
f 3013//3626 3012//3625 4304//4019 4303//4016
f 3012//3625 2402//3609 3180//4024 4304//4019
f 4304//4019 3180//4024 3181//4025 4307//4020
f 4307//4020 3181//4025 3182//4026 4310//4023
f 4310//4023 3182//4026 2430//4027 3185//4028
f 4309//4021 4310//4023 3185//4028 3184//4029
f 4308//4022 4309//4021 3184//4029 3183//4030
f 3176//4010 4308//4022 3183//4030 2429//4011
f 3175//4009 4305//4018 4308//4022 3176//4010
f 3174//4008 4302//4015 4305//4018 3175//4009
f 4311//4031 4312//4032 4315//4033 4314//4034
f 4312//4032 4313//4035 4316//4036 4315//4033
f 4314//4034 4315//4033 4318//4037 4317//4038
f 4315//4033 4316//4036 4319//4039 4318//4037
f 2402//3609 3005//3607 4311//4031 3180//4024
f 3005//3607 3004//3606 4312//4032 4311//4031
f 3004//3606 3003//3605 4313//4035 4312//4032
f 3003//3605 2401//3589 3156//3961 4313//4035
f 4313//4035 3156//3961 3157//3967 4316//4036
f 4316//4036 3157//3967 3158//3965 4319//4039
f 4319//4039 3158//3965 2431//3966 3188//4040
f 4318//4037 4319//4039 3188//4040 3187//4041
f 4317//4038 4318//4037 3187//4041 3186//4042
f 3182//4026 4317//4038 3186//4042 2430//4027
f 3181//4025 4314//4034 4317//4038 3182//4026
f 3180//4024 4311//4031 4314//4034 3181//4025
f 4320//4043 4321//4044 4324//4045 4323//4046
f 4321//4044 4322//4047 4325//4048 4324//4045
f 4323//4046 4324//4045 4327//4049 4326//4050
f 4324//4045 4325//4048 4328//4051 4327//4049
f 2420//3851 3108//3849 4320//4043 3189//4052
f 3108//3849 3109//3848 4321//4044 4320//4043
f 3109//3848 3110//3847 4322//4047 4321//4044
f 3110//3847 2426//3846 3192//4053 4322//4047
f 4322//4047 3192//4053 3193//4054 4325//4048
f 4325//4048 3193//4054 3194//4055 4328//4051
f 4328//4051 3194//4055 2433//4056 3197//4057
f 4327//4049 4328//4051 3197//4057 3196//4058
f 4326//4050 4327//4049 3196//4058 3195//4059
f 3191//4060 4326//4050 3195//4059 2432//4061
f 3190//4062 4323//4046 4326//4050 3191//4060
f 3189//4052 4320//4043 4323//4046 3190//4062
f 4329//4063 4330//4064 4333//4065 4332//4066
f 4330//4064 4331//4067 4334//4068 4333//4065
f 4332//4066 4333//4065 4336//4069 4335//4070
f 4333//4065 4334//4068 4337//4071 4336//4069
f 2421//3871 3119//3869 4329//4063 3198//4072
f 3119//3869 3118//3868 4330//4064 4329//4063
f 3118//3868 3117//3867 4331//4067 4330//4064
f 3117//3867 2420//3851 3189//4052 4331//4067
f 4331//4067 3189//4052 3190//4062 4334//4068
f 4334//4068 3190//4062 3191//4060 4337//4071
f 4337//4071 3191//4060 2432//4061 3201//4073
f 4336//4069 4337//4071 3201//4073 3202//4074
f 4335//4070 4336//4069 3202//4074 3203//4075
f 3200//4076 4335//4070 3203//4075 2434//4077
f 3199//4078 4332//4066 4335//4070 3200//4076
f 3198//4072 4329//4063 4332//4066 3199//4078
f 4338//4079 4339//4080 4342//4081 4341//4082
f 4339//4080 4340//4083 4343//4084 4342//4081
f 4341//4082 4342//4081 4345//4085 4344//4086
f 4342//4081 4343//4084 4346//4087 4345//4085
f 2422//3891 3128//3889 4338//4079 3204//4088
f 3128//3889 3127//3888 4339//4080 4338//4079
f 3127//3888 3126//3887 4340//4083 4339//4080
f 3126//3887 2421//3871 3198//4072 4340//4083
f 4340//4083 3198//4072 3199//4078 4343//4084
f 4343//4084 3199//4078 3200//4076 4346//4087
f 4346//4087 3200//4076 2434//4077 3207//4089
f 4345//4085 4346//4087 3207//4089 3208//4090
f 4344//4086 4345//4085 3208//4090 3209//4091
f 3206//4092 4344//4086 3209//4091 2435//4093
f 3205//4094 4341//4082 4344//4086 3206//4092
f 3204//4088 4338//4079 4341//4082 3205//4094
f 4347//4095 4348//4096 4351//4097 4350//4098
f 4348//4096 4349//4099 4352//4100 4351//4097
f 4350//4098 4351//4097 4354//4101 4353//4102
f 4351//4097 4352//4100 4355//4103 4354//4101
f 2423//3911 3137//3909 4347//4095 3210//4104
f 3137//3909 3136//3908 4348//4096 4347//4095
f 3136//3908 3135//3907 4349//4099 4348//4096
f 3135//3907 2422//3891 3204//4088 4349//4099
f 4349//4099 3204//4088 3205//4094 4352//4100
f 4352//4100 3205//4094 3206//4092 4355//4103
f 4355//4103 3206//4092 2435//4093 3213//4105
f 4354//4101 4355//4103 3213//4105 3214//4106
f 4353//4102 4354//4101 3214//4106 3215//4107
f 3212//4108 4353//4102 3215//4107 2436//4109
f 3211//4110 4350//4098 4353//4102 3212//4108
f 3210//4104 4347//4095 4350//4098 3211//4110
f 4356//4111 4357//4112 4360//4113 4359//4114
f 4357//4112 4358//4115 4361//4116 4360//4113
f 4359//4114 4360//4113 4363//4117 4362//4118
f 4360//4113 4361//4116 4364//4119 4363//4117
f 2424//3931 3146//3929 4356//4111 3216//4120
f 3146//3929 3145//3928 4357//4112 4356//4111
f 3145//3928 3144//3927 4358//4115 4357//4112
f 3144//3927 2423//3911 3210//4104 4358//4115
f 4358//4115 3210//4104 3211//4110 4361//4116
f 4361//4116 3211//4110 3212//4108 4364//4119
f 4364//4119 3212//4108 2436//4109 3219//4121
f 4363//4117 4364//4119 3219//4121 3220//4122
f 4362//4118 4363//4117 3220//4122 3221//4123
f 3218//4124 4362//4118 3221//4123 2437//4125
f 3217//4126 4359//4114 4362//4118 3218//4124
f 3216//4120 4356//4111 4359//4114 3217//4126
f 4365//4127 4366//4128 4369//4129 4368//4130
f 4366//4128 4367//4131 4370//4132 4369//4129
f 4368//4130 4369//4129 4372//4133 4371//4134
f 4369//4129 4370//4132 4373//4135 4372//4133
f 2425//3950 3155//3948 4365//4127 3222//4136
f 3155//3948 3154//3947 4366//4128 4365//4127
f 3154//3947 3153//3946 4367//4131 4366//4128
f 3153//3946 2424//3931 3216//4120 4367//4131
f 4367//4131 3216//4120 3217//4126 4370//4132
f 4370//4132 3217//4126 3218//4124 4373//4135
f 4373//4135 3218//4124 2437//4125 3225//4137
f 4372//4133 4373//4135 3225//4137 3226//4138
f 4371//4134 4372//4133 3226//4138 3227//4139
f 3224//4140 4371//4134 3227//4139 2438//4141
f 3223//4142 4368//4130 4371//4134 3224//4140
f 3222//4136 4365//4127 4368//4130 3223//4142
f 4374//4143 4375//4144 4378//4145 4377//4146
f 4375//4144 4376//4147 4379//4148 4378//4145
f 4377//4146 4378//4145 4381//4149 4380//4150
f 4378//4145 4379//4148 4382//4151 4381//4149
f 2431//3966 3161//3964 4374//4143 3228//4152
f 3161//3964 3160//3963 4375//4144 4374//4143
f 3160//3963 3159//3962 4376//4147 4375//4144
f 3159//3962 2425//3950 3222//4136 4376//4147
f 4376//4147 3222//4136 3223//4142 4379//4148
f 4379//4148 3223//4142 3224//4140 4382//4151
f 4382//4151 3224//4140 2438//4141 3231//4153
f 4381//4149 4382//4151 3231//4153 3232//4154
f 4380//4150 4381//4149 3232//4154 3233//4155
f 3230//4156 4380//4150 3233//4155 2439//4157
f 3229//4158 4377//4146 4380//4150 3230//4156
f 3228//4152 4374//4143 4377//4146 3229//4158
f 4383//4159 4384//4160 4387//4161 4386//4162
f 4384//4160 4385//4163 4388//4164 4387//4161
f 4386//4162 4387//4161 4390//4165 4389//4166
f 4387//4161 4388//4164 4391//4167 4390//4165
f 2426//3846 3165//3983 4383//4159 3192//4053
f 3165//3983 3166//3982 4384//4160 4383//4159
f 3166//3982 3167//3981 4385//4163 4384//4160
f 3167//3981 2427//3980 3234//4168 4385//4163
f 4385//4163 3234//4168 3235//4169 4388//4164
f 4388//4164 3235//4169 3236//4170 4391//4167
f 4391//4167 3236//4170 2440//4171 3239//4172
f 4390//4165 4391//4167 3239//4172 3238//4173
f 4389//4166 4390//4165 3238//4173 3237//4174
f 3194//4055 4389//4166 3237//4174 2433//4056
f 3193//4054 4386//4162 4389//4166 3194//4055
f 3192//4053 4383//4159 4386//4162 3193//4054
f 4392//4175 4393//4176 4396//4177 4395//4178
f 4393//4176 4394//4179 4397//4180 4396//4177
f 4395//4178 4396//4177 4399//4181 4398//4182
f 4396//4177 4397//4180 4400//4183 4399//4181
f 2427//3980 3171//3999 4392//4175 3234//4168
f 3171//3999 3172//3998 4393//4176 4392//4175
f 3172//3998 3173//3997 4394//4179 4393//4176
f 3173//3997 2428//3996 3240//4184 4394//4179
f 4394//4179 3240//4184 3241//4185 4397//4180
f 4397//4180 3241//4185 3242//4186 4400//4183
f 4400//4183 3242//4186 2441//4187 3245//4188
f 4399//4181 4400//4183 3245//4188 3244//4189
f 4398//4182 4399//4181 3244//4189 3243//4190
f 3236//4170 4398//4182 3243//4190 2440//4171
f 3235//4169 4395//4178 4398//4182 3236//4170
f 3234//4168 4392//4175 4395//4178 3235//4169
f 4401//4191 4402//4192 4405//4193 4404//4194
f 4402//4192 4403//4195 4406//4196 4405//4193
f 4404//4194 4405//4193 4408//4197 4407//4198
f 4405//4193 4406//4196 4409//4199 4408//4197
f 2428//3996 3177//4014 4401//4191 3240//4184
f 3177//4014 3178//4013 4402//4192 4401//4191
f 3178//4013 3179//4012 4403//4195 4402//4192
f 3179//4012 2429//4011 3246//4200 4403//4195
f 4403//4195 3246//4200 3247//4201 4406//4196
f 4406//4196 3247//4201 3248//4202 4409//4199
f 4409//4199 3248//4202 2442//4203 3251//4204
f 4408//4197 4409//4199 3251//4204 3250//4205
f 4407//4198 4408//4197 3250//4205 3249//4206
f 3242//4186 4407//4198 3249//4206 2441//4187
f 3241//4185 4404//4194 4407//4198 3242//4186
f 3240//4184 4401//4191 4404//4194 3241//4185
f 4410//4207 4411//4208 4414//4209 4413//4210
f 4411//4208 4412//4211 4415//4212 4414//4209
f 4413//4210 4414//4209 4417//4213 4416//4214
f 4414//4209 4415//4212 4418//4215 4417//4213
f 2429//4011 3183//4030 4410//4207 3246//4200
f 3183//4030 3184//4029 4411//4208 4410//4207
f 3184//4029 3185//4028 4412//4211 4411//4208
f 3185//4028 2430//4027 3252//4216 4412//4211
f 4412//4211 3252//4216 3253//4217 4415//4212
f 4415//4212 3253//4217 3254//4218 4418//4215
f 4418//4215 3254//4218 2443//4219 3257//4220
f 4417//4213 4418//4215 3257//4220 3256//4221
f 4416//4214 4417//4213 3256//4221 3255//4222
f 3248//4202 4416//4214 3255//4222 2442//4203
f 3247//4201 4413//4210 4416//4214 3248//4202
f 3246//4200 4410//4207 4413//4210 3247//4201
f 4419//4223 4420//4224 4423//4225 4422//4226
f 4420//4224 4421//4227 4424//4228 4423//4225
f 4422//4226 4423//4225 4426//4229 4425//4230
f 4423//4225 4424//4228 4427//4231 4426//4229
f 2430//4027 3186//4042 4419//4223 3252//4216
f 3186//4042 3187//4041 4420//4224 4419//4223
f 3187//4041 3188//4040 4421//4227 4420//4224
f 3188//4040 2431//3966 3228//4152 4421//4227
f 4421//4227 3228//4152 3229//4158 4424//4228
f 4424//4228 3229//4158 3230//4156 4427//4231
f 4427//4231 3230//4156 2439//4157 3258//4232
f 4426//4229 4427//4231 3258//4232 3259//4233
f 4425//4230 4426//4229 3259//4233 3260//4234
f 3254//4218 4425//4230 3260//4234 2443//4219
f 3253//4217 4422//4226 4425//4230 3254//4218
f 3252//4216 4419//4223 4422//4226 3253//4217
f 4428//4235 4429//4236 4432//4237 4431//4238
f 4429//4236 4430//4239 4433//4240 4432//4237
f 4431//4238 4432//4237 4435//4241 4434//4242
f 4432//4237 4433//4240 4436//4243 4435//4241
f 2437//4125 3261//4244 4428//4235 3225//4137
f 3261//4244 3262//4245 4429//4236 4428//4235
f 3262//4245 3263//4246 4430//4239 4429//4236
f 3263//4246 2443//4219 3260//4234 4430//4239
f 4430//4239 3260//4234 3259//4233 4433//4240
f 4433//4240 3259//4233 3258//4232 4436//4243
f 4436//4243 3258//4232 2439//4157 3233//4155
f 4435//4241 4436//4243 3233//4155 3232//4154
f 4434//4242 4435//4241 3232//4154 3231//4153
f 3227//4139 4434//4242 3231//4153 2438//4141
f 3226//4138 4431//4238 4434//4242 3227//4139
f 3225//4137 4428//4235 4431//4238 3226//4138
f 4437//4247 4438//4248 4441//4249 4440//4250
f 4438//4248 4439//4251 4442//4252 4441//4249
f 4440//4250 4441//4249 4444//4253 4443//4254
f 4441//4249 4442//4252 4445//4255 4444//4253
f 2436//4109 3264//4256 4437//4247 3219//4121
f 3264//4256 3265//4257 4438//4248 4437//4247
f 3265//4257 3266//4258 4439//4251 4438//4248
f 3266//4258 2442//4203 3255//4222 4439//4251
f 4439//4251 3255//4222 3256//4221 4442//4252
f 4442//4252 3256//4221 3257//4220 4445//4255
f 4445//4255 3257//4220 2443//4219 3263//4246
f 4444//4253 4445//4255 3263//4246 3262//4245
f 4443//4254 4444//4253 3262//4245 3261//4244
f 3221//4123 4443//4254 3261//4244 2437//4125
f 3220//4122 4440//4250 4443//4254 3221//4123
f 3219//4121 4437//4247 4440//4250 3220//4122
f 4446//4259 4447//4260 4450//4261 4449//4262
f 4447//4260 4448//4263 4451//4264 4450//4261
f 4449//4262 4450//4261 4453//4265 4452//4266
f 4450//4261 4451//4264 4454//4267 4453//4265
f 2435//4093 3267//4268 4446//4259 3213//4105
f 3267//4268 3268//4269 4447//4260 4446//4259
f 3268//4269 3269//4270 4448//4263 4447//4260
f 3269//4270 2441//4187 3249//4206 4448//4263
f 4448//4263 3249//4206 3250//4205 4451//4264
f 4451//4264 3250//4205 3251//4204 4454//4267
f 4454//4267 3251//4204 2442//4203 3266//4258
f 4453//4265 4454//4267 3266//4258 3265//4257
f 4452//4266 4453//4265 3265//4257 3264//4256
f 3215//4107 4452//4266 3264//4256 2436//4109
f 3214//4106 4449//4262 4452//4266 3215//4107
f 3213//4105 4446//4259 4449//4262 3214//4106
f 4455//4271 4456//4272 4459//4273 4458//4274
f 4456//4272 4457//4275 4460//4276 4459//4273
f 4458//4274 4459//4273 4462//4277 4461//4278
f 4459//4273 4460//4276 4463//4279 4462//4277
f 2434//4077 3270//4280 4455//4271 3207//4089
f 3270//4280 3271//4281 4456//4272 4455//4271
f 3271//4281 3272//4282 4457//4275 4456//4272
f 3272//4282 2440//4171 3243//4190 4457//4275
f 4457//4275 3243//4190 3244//4189 4460//4276
f 4460//4276 3244//4189 3245//4188 4463//4279
f 4463//4279 3245//4188 2441//4187 3269//4270
f 4462//4277 4463//4279 3269//4270 3268//4269
f 4461//4278 4462//4277 3268//4269 3267//4268
f 3209//4091 4461//4278 3267//4268 2435//4093
f 3208//4090 4458//4274 4461//4278 3209//4091
f 3207//4089 4455//4271 4458//4274 3208//4090
f 4464//4283 4465//4284 4468//4285 4467//4286
f 4465//4284 4466//4287 4469//4288 4468//4285
f 4467//4286 4468//4285 4471//4289 4470//4290
f 4468//4285 4469//4288 4472//4291 4471//4289
f 2432//4061 3195//4059 4464//4283 3201//4073
f 3195//4059 3196//4058 4465//4284 4464//4283
f 3196//4058 3197//4057 4466//4287 4465//4284
f 3197//4057 2433//4056 3237//4174 4466//4287
f 4466//4287 3237//4174 3238//4173 4469//4288
f 4469//4288 3238//4173 3239//4172 4472//4291
f 4472//4291 3239//4172 2440//4171 3272//4282
f 4471//4289 4472//4291 3272//4282 3271//4281
f 4470//4290 4471//4289 3271//4281 3270//4280
f 3203//4075 4470//4290 3270//4280 2434//4077
f 3202//4074 4467//4286 4470//4290 3203//4075
f 3201//4073 4464//4283 4467//4286 3202//4074
f 4474//4292 4475//4293 4473//4294 4479//4295
f 4476//4296 4477//4297 4473//4294 4475//4293
f 4478//4298 4479//4295 4473//4294 4477//4297
f 2409//3735 3065//3733 4474//4292 3273//4299
f 3065//3733 3064//3732 4475//4293 4474//4292
f 3273//4299 4474//4292 4479//4295 3274//4300
f 2408//3730 3276//4301 4476//4296 3063//3731
f 3276//4301 3277//4302 4477//4297 4476//4296
f 3063//3731 4476//4296 4475//4293 3064//3732
f 2444//4303 3275//4304 4478//4298 3278//4305
f 3275//4304 3274//4300 4479//4295 4478//4298
f 3278//4305 4478//4298 4477//4297 3277//4302
f 4481//4306 4482//4307 4480//4308 4486//4309
f 4483//4310 4484//4311 4480//4308 4482//4307
f 4485//4312 4486//4309 4480//4308 4484//4311
f 2410//3751 3071//3749 4481//4306 3279//4313
f 3071//3749 3070//3748 4482//4307 4481//4306
f 3279//4313 4481//4306 4486//4309 3280//4314
f 2409//3735 3273//4299 4483//4310 3069//3747
f 3273//4299 3274//4300 4484//4311 4483//4310
f 3069//3747 4483//4310 4482//4307 3070//3748
f 2444//4303 3281//4315 4485//4312 3275//4304
f 3281//4315 3280//4314 4486//4309 4485//4312
f 3275//4304 4485//4312 4484//4311 3274//4300
f 4488//4316 4489//4317 4487//4318 4493//4319
f 4490//4320 4491//4321 4487//4318 4489//4317
f 4492//4322 4493//4319 4487//4318 4491//4321
f 2411//3767 3077//3765 4488//4316 3282//4323
f 3077//3765 3076//3764 4489//4317 4488//4316
f 3282//4323 4488//4316 4493//4319 3283//4324
f 2410//3751 3279//4313 4490//4320 3075//3763
f 3279//4313 3280//4314 4491//4321 4490//4320
f 3075//3763 4490//4320 4489//4317 3076//3764
f 2444//4303 3284//4325 4492//4322 3281//4315
f 3284//4325 3283//4324 4493//4319 4492//4322
f 3281//4315 4492//4322 4491//4321 3280//4314
f 4495//4326 4496//4327 4494//4328 4500//4329
f 4497//4330 4498//4331 4494//4328 4496//4327
f 4499//4332 4500//4329 4494//4328 4498//4331
f 2412//3783 3083//3781 4495//4326 3285//4333
f 3083//3781 3082//3780 4496//4327 4495//4326
f 3285//4333 4495//4326 4500//4329 3286//4334
f 2411//3767 3282//4323 4497//4330 3081//3779
f 3282//4323 3283//4324 4498//4331 4497//4330
f 3081//3779 4497//4330 4496//4327 3082//3780
f 2444//4303 3287//4335 4499//4332 3284//4325
f 3287//4335 3286//4334 4500//4329 4499//4332
f 3284//4325 4499//4332 4498//4331 3283//4324
f 4502//4336 4503//4337 4501//4338 4507//4339
f 4504//4340 4505//4341 4501//4338 4503//4337
f 4506//4342 4507//4339 4501//4338 4505//4341
f 2413//3799 3089//3797 4502//4336 3288//4343
f 3089//3797 3088//3796 4503//4337 4502//4336
f 3288//4343 4502//4336 4507//4339 3289//4344
f 2412//3783 3285//4333 4504//4340 3087//3795
f 3285//4333 3286//4334 4505//4341 4504//4340
f 3087//3795 4504//4340 4503//4337 3088//3796
f 2444//4303 3290//4345 4506//4342 3287//4335
f 3290//4345 3289//4344 4507//4339 4506//4342
f 3287//4335 4506//4342 4505//4341 3286//4334
f 4509//4346 4510//4347 4508//4348 4514//4349
f 4511//4350 4512//4351 4508//4348 4510//4347
f 4513//4352 4514//4349 4508//4348 4512//4351
f 2414//3922 3152//3945 4509//4346 3291//4353
f 3152//3945 3151//3944 4510//4347 4509//4346
f 3291//4353 4509//4346 4514//4349 3292//4354
f 2413//3799 3288//4343 4511//4350 3150//3942
f 3288//4343 3289//4344 4512//4351 4511//4350
f 3150//3942 4511//4350 4510//4347 3151//3944
f 2444//4303 3293//4355 4513//4352 3290//4345
f 3293//4355 3292//4354 4514//4349 4513//4352
f 3290//4345 4513//4352 4512//4351 3289//4344
f 4516//4356 4517//4357 4515//4358 4521//4359
f 4518//4360 4519//4361 4515//4358 4517//4357
f 4520//4362 4521//4359 4515//4358 4519//4361
f 2415//3902 3143//3926 4516//4356 3294//4363
f 3143//3926 3142//3925 4517//4357 4516//4356
f 3294//4363 4516//4356 4521//4359 3295//4364
f 2414//3922 3291//4353 4518//4360 3141//3923
f 3291//4353 3292//4354 4519//4361 4518//4360
f 3141//3923 4518//4360 4517//4357 3142//3925
f 2444//4303 3296//4365 4520//4362 3293//4355
f 3296//4365 3295//4364 4521//4359 4520//4362
f 3293//4355 4520//4362 4519//4361 3292//4354
f 4523//4366 4524//4367 4522//4368 4528//4369
f 4525//4370 4526//4371 4522//4368 4524//4367
f 4527//4372 4528//4369 4522//4368 4526//4371
f 2416//3882 3134//3906 4523//4366 3297//4373
f 3134//3906 3133//3905 4524//4367 4523//4366
f 3297//4373 4523//4366 4528//4369 3298//4374
f 2415//3902 3294//4363 4525//4370 3132//3903
f 3294//4363 3295//4364 4526//4371 4525//4370
f 3132//3903 4525//4370 4524//4367 3133//3905
f 2444//4303 3299//4375 4527//4372 3296//4365
f 3299//4375 3298//4374 4528//4369 4527//4372
f 3296//4365 4527//4372 4526//4371 3295//4364
f 4530//4376 4531//4377 4529//4378 4535//4379
f 4532//4380 4533//4381 4529//4378 4531//4377
f 4534//4382 4535//4379 4529//4378 4533//4381
f 2417//3862 3125//3886 4530//4376 3300//4383
f 3125//3886 3124//3885 4531//4377 4530//4376
f 3300//4383 4530//4376 4535//4379 3301//4384
f 2416//3882 3297//4373 4532//4380 3123//3883
f 3297//4373 3298//4374 4533//4381 4532//4380
f 3123//3883 4532//4380 4531//4377 3124//3885
f 2444//4303 3302//4385 4534//4382 3299//4375
f 3302//4385 3301//4384 4535//4379 4534//4382
f 3299//4375 4534//4382 4533//4381 3298//4374
f 4537//4386 4538//4387 4536//4388 4542//4389
f 4539//4390 4540//4391 4536//4388 4538//4387
f 4541//4392 4542//4389 4536//4388 4540//4391
f 2418//3814 3116//3866 4537//4386 3303//4393
f 3116//3866 3115//3865 4538//4387 4537//4386
f 3303//4393 4537//4386 4542//4389 3304//4394
f 2417//3862 3300//4383 4539//4390 3114//3863
f 3300//4383 3301//4384 4540//4391 4539//4390
f 3114//3863 4539//4390 4538//4387 3115//3865
f 2444//4303 3305//4395 4541//4392 3302//4385
f 3305//4395 3304//4394 4542//4389 4541//4392
f 3302//4385 4541//4392 4540//4391 3301//4384
f 4544//4396 4545//4397 4543//4398 4549//4399
f 4546//4400 4547//4401 4543//4398 4545//4397
f 4548//4402 4549//4399 4543//4398 4547//4401
f 2419//3819 3098//3817 4544//4396 3306//4403
f 3098//3817 3097//3816 4545//4397 4544//4396
f 3306//4403 4544//4396 4549//4399 3307//4404
f 2418//3814 3303//4393 4546//4400 3096//3815
f 3303//4393 3304//4394 4547//4401 4546//4400
f 3096//3815 4546//4400 4545//4397 3097//3816
f 2444//4303 3308//4405 4548//4402 3305//4395
f 3308//4405 3307//4404 4549//4399 4548//4402
f 3305//4395 4548//4402 4547//4401 3304//4394
f 4551//4406 4552//4407 4550//4408 4556//4409
f 4553//4410 4554//4411 4550//4408 4552//4407
f 4555//4412 4556//4409 4550//4408 4554//4411
f 2408//3730 3099//3832 4551//4406 3276//4301
f 3099//3832 3100//3831 4552//4407 4551//4406
f 3276//4301 4551//4406 4556//4409 3277//4302
f 2419//3819 3306//4403 4553//4410 3101//3830
f 3306//4403 3307//4404 4554//4411 4553//4410
f 3101//3830 4553//4410 4552//4407 3100//3831
f 2444//4303 3278//4305 4555//4412 3308//4405
f 3278//4305 3277//4302 4556//4409 4555//4412
f 3308//4405 4555//4412 4554//4411 3307//4404
o Baseboard
v 0.000000 0.120000 -0.000000
v 0.000000 0.000000 0.000000
v 4.000000 0.120000 -0.000000
v 4.000000 0.000000 0.000000
v 4.000000 0.119999 -4.000000
v 4.000000 -0.000001 -4.000000
v 0.000000 0.119999 -4.000000
v 0.000000 -0.000001 -4.000000
v -0.000000 0.120000 -0.000000
v -0.000000 0.000000 0.000000
v 0.000000 0.120000 -0.015000
v 0.000000 -0.000000 -0.015000
v 3.985000 0.120000 -0.015000
v 3.985000 -0.000000 -0.015000
v 3.985000 0.119999 -3.985000
v 3.985000 -0.000001 -3.985000
v 0.015000 0.119999 -3.985000
v 0.015000 -0.000001 -3.985000
v 0.015000 0.120000 -0.000000
v 0.015000 0.000000 0.000000
vn -0.0000 -0.0000 1.0000
vn 1.0000 -0.0000 -0.0000
vn -0.0000 -0.0000 -1.0000
vn -1.0000 -0.0000 -0.0000
vn -0.0000 1.0000 -0.0000
vn -0.0000 -1.0000 -0.0000
vt 0.150375 0.000139
vt 0.156932 0.000139
vt 0.156932 0.218697
vt 0.150375 0.218697
vt 0.156932 0.437255
vt 0.150375 0.437255
vt 0.156932 0.655813
vt 0.150375 0.655813
vt 0.156932 0.874371
vt 0.150375 0.874371
s 1
usemtl Baseboard_material
f 4557/1/4413 4558/2/4413 4560/3/4413 4559/4/4413
f 4559/4/4414 4560/3/4414 4562/5/4414 4561/6/4414
f 4561/6/4415 4562/5/4415 4564/7/4415 4563/8/4415
f 4563/8/4416 4564/7/4416 4566/9/4416 4565/10/4416
f 4567/1/4415 4569/4/4415 4570/3/4415 4568/2/4415
f 4569/4/4416 4571/6/4416 4572/5/4416 4570/3/4416
f 4571/6/4413 4573/8/4413 4574/7/4413 4572/5/4413
f 4573/8/4414 4575/10/4414 4576/9/4414 4574/7/4414
f 4558/2/4416 4557/1/4416 4567/1/4416 4568/2/4416
f 4557/1/4417 4559/4/4417 4569/4/4417 4567/1/4417
f 4560/3/4418 4558/2/4418 4568/2/4418 4570/3/4418
f 4559/4/4417 4561/6/4417 4571/6/4417 4569/4/4417
f 4562/5/4418 4560/3/4418 4570/3/4418 4572/5/4418
f 4561/6/4417 4563/8/4417 4573/8/4417 4571/6/4417
f 4564/7/4418 4562/5/4418 4572/5/4418 4574/7/4418
f 4563/8/4417 4565/10/4417 4575/10/4417 4573/8/4417
f 4565/10/4413 4566/9/4413 4576/9/4413 4575/10/4413
f 4566/9/4418 4564/7/4418 4574/7/4418 4576/9/4418
o Room
v 0.000000 2.400000 -0.000000
v 4.000000 2.400000 -0.000000
v 4.000000 0.000000 0.000000
v 4.000000 2.399999 -4.000000
v 4.000000 -0.000001 -4.000000
v 0.000000 2.399999 -4.000000
v 0.000000 -0.000001 -4.000000
v -0.000000 0.000000 0.000000
v 0.210000 2.400000 -0.210000
v 3.790000 2.400000 -0.210000
v 3.790000 -0.000000 -0.210000
v 3.790000 2.399999 -3.790000
v 3.790000 -0.000001 -3.790000
v 0.210000 2.399999 -3.790000
v 0.210000 -0.000001 -3.790000
v 0.210000 -0.000000 -0.210000
v 0.825155 1.045079 -0.000000
v 2.023155 1.045079 -0.000000
v 0.825155 2.043078 -0.000000
v 2.023155 2.043078 -0.000000
v 0.825155 2.043078 -0.210000
v 2.023155 2.043078 -0.210000
v 0.825155 1.045079 -0.210000
v 2.023155 1.045079 -0.210000
v -0.000000 -0.000000 -1.581355
v -0.000000 -0.000000 -2.582088
v -0.000000 2.097999 -2.582088
v -0.000000 2.098000 -1.581356
v 0.210000 2.097999 -2.590127
v 0.210000 2.098000 -1.589394
v 0.210000 -0.000000 -2.590127
v 0.210000 -0.000000 -1.589394
vn -0.0000 -0.0000 1.0000
vn 1.0000 -0.0000 -0.0000
vn -0.0000 -0.0000 -1.0000
vn -1.0000 -0.0000 -0.0000
vn -0.0000 1.0000 -0.0000
vn -0.0000 -1.0000 -0.0000
vn 0.0383 -0.0000 0.9993
vn -0.0383 -0.0000 -0.9993
vt 0.065438 0.873449
vt 0.065438 0.948303
vt 0.000139 0.999861
vt 0.000139 0.749930
vt 0.150097 0.749931
vt 0.150097 0.999861
vt 0.127796 0.948303
vt 0.127796 0.873449
vt 0.000139 0.500000
vt 0.150097 0.500000
vt 0.000139 0.250069
vt 0.150097 0.250069
vt 0.000139 0.000139
vt 0.150097 0.000139
vt 0.000139 0.161475
vt 0.131228 0.161475
vt 0.131228 0.098946
vt 0.000139 0.098946
vt 0.127796 0.873279
vt 0.127796 0.956915
vt 0.065438 0.956915
vt 0.065438 0.873279
vt 0.000139 0.096439
vt 0.131228 0.096439
vt 0.131228 0.166303
vt 0.000139 0.166303
vt 0.000139 0.166303
vt 0.000139 0.098946
vt 0.000139 0.096439
vt 0.000000 0.000000
s 1
usemtl Wall_material
f 4594/11/4419 4593/12/4419 4584/13/4419 4579/14/4419 4578/15/4419 4577/16/4419 4595/17/4419 4596/18/4419
f 4577/16/4419 4584/13/4419 4593/12/4419 4595/17/4419
f 4578/15/4420 4579/14/4420 4581/19/4420 4580/20/4420
f 4580/20/4421 4581/19/4421 4583/21/4421 4582/22/4421
f 4584/23/4422 4577/24/4422 4582/22/4422 4583/21/4422 4602/25/4422 4603/26/4422 4604/27/4422 4601/28/4422
f 4598/29/4421 4597/30/4421 4585/16/4421 4586/15/4421 4587/14/4421 4592/13/4421 4599/31/4421 4600/32/4421
f 4585/16/4421 4597/30/4421 4599/31/4421 4592/13/4421
f 4586/15/4422 4588/20/4422 4589/19/4422 4587/14/4422
f 4588/20/4419 4590/22/4419 4591/21/4419 4589/19/4419
f 4591/21/4420 4590/22/4420 4585/24/4420 4592/23/4420 4608/33/4420 4606/34/4420 4605/35/4420 4607/36/4420
f 4577/16/4423 4578/15/4423 4586/15/4423 4585/16/4423
f 4578/15/4423 4580/20/4423 4588/20/4423 4586/15/4423
f 4581/19/4424 4579/14/4424 4587/14/4424 4589/19/4424
f 4580/20/4423 4582/22/4423 4590/22/4423 4588/20/4423
f 4583/21/4424 4581/19/4424 4589/19/4424 4591/21/4424
f 4591/21/4424 4607/37/4424 4602/25/4424 4583/21/4424
f 4592/23/4424 4584/23/4424 4601/38/4424 4608/39/4424
f 4579/14/4424 4584/13/4424 4592/13/4424 4587/14/4424
f 4582/22/4423 4577/24/4423 4585/24/4423 4590/22/4423
f 4599/40/4423 4593/40/4423 4594/40/4423 4600/40/4423
f 4597/40/4420 4595/40/4420 4593/40/4420 4599/40/4420
f 4600/40/4422 4594/40/4422 4596/40/4422 4598/40/4422
f 4596/40/4424 4595/40/4424 4597/40/4424 4598/40/4424
f 4605/40/4425 4603/40/4425 4602/40/4425 4607/40/4425
f 4604/40/4426 4606/40/4426 4608/40/4426 4601/40/4426
f 4603/40/4424 4605/40/4424 4606/40/4424 4604/40/4424
o Ceiling
v 0.000000 2.400000 -0.000000
v 4.000000 2.400000 -0.000000
v 4.000000 2.399999 -4.000000
v 0.000000 2.399999 -4.000000
vn -0.0000 1.0000 -0.0000
vt 0.157210 0.000139
vt 0.620842 0.000139
vt 0.620842 0.463770
vt 0.157210 0.463770
s 1
usemtl Ceiling_material
f 4609/41/4427 4610/42/4427 4611/43/4427 4612/44/4427
o Floor
v 4.000000 0.000000 0.000000
v 4.000000 -0.000001 -4.000000
v 0.000000 -0.000001 -4.000000
v -0.000000 0.000000 0.000000
vn -0.0000 1.0000 -0.0000
vt 0.620841 0.464048
vt 0.620842 0.927680
vt 0.157210 0.927680
vt 0.157210 0.464048
s 1
usemtl Floor_material
f 4613/45/4428 4614/46/4428 4615/47/4428 4616/48/4428
o Handle
v 0.861184 1.469744 -0.063789
v 0.861184 1.469744 -0.066648
v 0.877126 1.469744 -0.066648
v 0.877126 1.469744 -0.063789
v 0.861184 1.595333 -0.063789
v 0.861184 1.595333 -0.066648
v 0.877126 1.595333 -0.066648
v 0.877126 1.595333 -0.063789
v 0.861184 1.473600 -0.063789
v 0.861184 1.591477 -0.063789
v 0.861184 1.473600 -0.066648
v 0.877126 1.591477 -0.063789
v 0.877126 1.473600 -0.063789
v 0.861184 1.591477 -0.066648
v 0.877126 1.591477 -0.066648
v 0.877126 1.473600 -0.066648
v 0.875111 1.595333 -0.066648
v 0.863199 1.469744 -0.066648
v 0.875111 1.595333 -0.063789
v 0.863199 1.595333 -0.063789
v 0.863199 1.469744 -0.063789
v 0.875111 1.469744 -0.063789
v 0.875111 1.591477 -0.066648
v 0.863199 1.591477 -0.066648
v 0.875111 1.473600 -0.066648
v 0.863199 1.473600 -0.066648
v 0.863199 1.591477 -0.063789
v 0.875111 1.591477 -0.063789
v 0.863199 1.473600 -0.063789
v 0.875111 1.473600 -0.063789
v 0.875111 1.469744 -0.066648
v 0.863199 1.595333 -0.066648
v 0.868299 1.590565 -0.063944
v 0.866891 1.589982 -0.063944
v 0.866308 1.588574 -0.063944
v 0.866891 1.587167 -0.063944
v 0.868299 1.586584 -0.063944
v 0.869706 1.587167 -0.063944
v 0.870289 1.588574 -0.063944
v 0.869706 1.589982 -0.063944
v 0.868299 1.590565 -0.063668
v 0.866891 1.589982 -0.063668
v 0.866308 1.588574 -0.063668
v 0.866891 1.587167 -0.063668
v 0.868299 1.586584 -0.063668
v 0.869706 1.587167 -0.063668
v 0.870289 1.588574 -0.063668
v 0.869706 1.589982 -0.063668
v 0.868299 1.589918 -0.063779
v 0.867348 1.589525 -0.063779
v 0.866955 1.588574 -0.063779
v 0.867348 1.587624 -0.063779
v 0.868299 1.587230 -0.063779
v 0.869249 1.587624 -0.063779
v 0.869643 1.588574 -0.063779
v 0.869249 1.589525 -0.063779
v 0.868299 1.589273 -0.063779
v 0.867805 1.589069 -0.063779
v 0.867600 1.588574 -0.063779
v 0.867805 1.588080 -0.063779
v 0.868299 1.587875 -0.063779
v 0.868793 1.588080 -0.063779
v 0.868998 1.588574 -0.063779
v 0.868793 1.589069 -0.063779
v 0.868299 1.589013 -0.063779
v 0.867988 1.588885 -0.063779
v 0.867860 1.588574 -0.063779
v 0.867988 1.588264 -0.063779
v 0.868299 1.588135 -0.063779
v 0.868609 1.588264 -0.063779
v 0.868738 1.588574 -0.063779
v 0.868609 1.588885 -0.063779
v 0.868299 1.589918 -0.063650
v 0.867348 1.589525 -0.063650
v 0.866955 1.588574 -0.063650
v 0.867348 1.587624 -0.063650
v 0.868299 1.587230 -0.063650
v 0.869249 1.587624 -0.063650
v 0.869643 1.588574 -0.063650
v 0.869249 1.589525 -0.063650
v 0.868299 1.589273 -0.063650
v 0.867805 1.589069 -0.063650
v 0.867600 1.588574 -0.063650
v 0.867805 1.588080 -0.063650
v 0.868299 1.587875 -0.063650
v 0.868793 1.588080 -0.063650
v 0.868998 1.588574 -0.063650
v 0.868793 1.589069 -0.063650
v 0.868299 1.589013 -0.063650
v 0.867988 1.588885 -0.063650
v 0.867860 1.588574 -0.063650
v 0.867988 1.588264 -0.063650
v 0.868299 1.588135 -0.063650
v 0.868609 1.588264 -0.063650
v 0.868738 1.588574 -0.063650
v 0.868609 1.588885 -0.063650
v 0.868609 1.477510 -0.063650
v 0.868738 1.477199 -0.063650
v 0.868609 1.476889 -0.063650
v 0.868299 1.476760 -0.063650
v 0.867988 1.476889 -0.063650
v 0.867860 1.477199 -0.063650
v 0.867988 1.477510 -0.063650
v 0.868299 1.477638 -0.063650
v 0.868793 1.477693 -0.063650
v 0.868998 1.477199 -0.063650
v 0.868793 1.476705 -0.063650
v 0.868299 1.476500 -0.063650
v 0.867805 1.476705 -0.063650
v 0.867600 1.477199 -0.063650
v 0.867805 1.477693 -0.063650
v 0.868299 1.477898 -0.063650
v 0.869249 1.478149 -0.063650
v 0.869643 1.477199 -0.063650
v 0.869249 1.476249 -0.063650
v 0.868299 1.475855 -0.063650
v 0.867348 1.476249 -0.063650
v 0.866955 1.477199 -0.063650
v 0.867348 1.478149 -0.063650
v 0.868299 1.478543 -0.063650
v 0.868609 1.477510 -0.063779
v 0.868738 1.477199 -0.063779
v 0.868609 1.476889 -0.063779
v 0.868299 1.476760 -0.063779
v 0.867988 1.476889 -0.063779
v 0.867860 1.477199 -0.063779
v 0.867988 1.477510 -0.063779
v 0.868299 1.477638 -0.063779
v 0.868793 1.477693 -0.063779
v 0.868998 1.477199 -0.063779
v 0.868793 1.476705 -0.063779
v 0.868299 1.476500 -0.063779
v 0.867805 1.476705 -0.063779
v 0.867600 1.477199 -0.063779
v 0.867805 1.477693 -0.063779
v 0.868299 1.477898 -0.063779
v 0.869249 1.478149 -0.063779
v 0.869643 1.477199 -0.063779
v 0.869249 1.476249 -0.063779
v 0.868299 1.475855 -0.063779
v 0.867348 1.476249 -0.063779
v 0.866955 1.477199 -0.063779
v 0.867348 1.478149 -0.063779
v 0.868299 1.478543 -0.063779
v 0.869706 1.478607 -0.063668
v 0.870289 1.477199 -0.063668
v 0.869706 1.475792 -0.063668
v 0.868299 1.475209 -0.063668
v 0.866891 1.475792 -0.063668
v 0.866308 1.477199 -0.063668
v 0.866891 1.478607 -0.063668
v 0.868299 1.479190 -0.063668
v 0.869706 1.478607 -0.063944
v 0.870289 1.477199 -0.063944
v 0.869706 1.475792 -0.063944
v 0.868299 1.475209 -0.063944
v 0.866891 1.475792 -0.063944
v 0.866308 1.477199 -0.063944
v 0.866891 1.478607 -0.063944
v 0.868299 1.479190 -0.063944
v 0.875111 1.580293 -0.066648
v 0.875111 1.484784 -0.066648
v 0.861184 1.484784 -0.063789
v 0.861184 1.580293 -0.063789
v 0.861184 1.484784 -0.066648
v 0.877126 1.580293 -0.066648
v 0.877126 1.580293 -0.063789
v 0.877126 1.484784 -0.063789
v 0.875111 1.580293 -0.063789
v 0.875111 1.484784 -0.063789
v 0.863199 1.580293 -0.066648
v 0.863199 1.484784 -0.066648
v 0.863199 1.580293 -0.063789
v 0.863199 1.484784 -0.063789
v 0.877126 1.484784 -0.066648
v 0.861184 1.580293 -0.066648
v 0.875111 1.580293 -0.064879
v 0.875111 1.484784 -0.064879
v 0.863199 1.580293 -0.064879
v 0.863199 1.484784 -0.064879
v 0.875111 1.574883 -0.066648
v 0.861184 1.574883 -0.063789
v 0.861184 1.574883 -0.066648
v 0.877126 1.574883 -0.066648
v 0.877126 1.574883 -0.063789
v 0.875111 1.574883 -0.063789
v 0.863199 1.574883 -0.066648
v 0.863199 1.574883 -0.063789
v 0.875111 1.574883 -0.064879
v 0.863199 1.574883 -0.064879
v 0.861184 1.546624 -0.063789
v 0.875111 1.546624 -0.066648
v 0.861184 1.546624 -0.066648
v 0.877126 1.546624 -0.063789
v 0.875111 1.546624 -0.063789
v 0.863199 1.546624 -0.066648
v 0.863199 1.546624 -0.063789
v 0.877126 1.546624 -0.066648
v 0.875111 1.546624 -0.064879
v 0.863199 1.546624 -0.064879
v 0.874414 1.574883 -0.063776
v 0.863895 1.574883 -0.063776
v 0.874414 1.546624 -0.063776
v 0.863895 1.546624 -0.063776
v 0.861184 1.569295 -0.063789
v 0.875111 1.569295 -0.066648
v 0.861184 1.569295 -0.066648
v 0.877126 1.569295 -0.066648
v 0.877126 1.569295 -0.063789
v 0.875111 1.569295 -0.063789
v 0.863199 1.569295 -0.066648
v 0.863199 1.569295 -0.063789
v 0.875111 1.569295 -0.064879
v 0.863199 1.569295 -0.064879
v 0.874414 1.569295 -0.063776
v 0.863895 1.569295 -0.063776
v 0.861184 1.564750 -0.063789
v 0.875111 1.564750 -0.066648
v 0.877126 1.564750 -0.063789
v 0.875111 1.564750 -0.063789
v 0.863199 1.564750 -0.066648
v 0.863199 1.564750 -0.063789
v 0.877126 1.564750 -0.066648
v 0.861184 1.564750 -0.066648
v 0.875111 1.564750 -0.064879
v 0.863199 1.564750 -0.064879
v 0.874414 1.564750 -0.063776
v 0.863895 1.564750 -0.063776
v 0.872602 1.568512 -0.062842
v 0.865707 1.568512 -0.062842
v 0.872602 1.565533 -0.062842
v 0.865707 1.565533 -0.062842
vn -0.0000 -0.0000 1.0000
vn 1.0000 -0.0000 -0.0000
vn -0.0000 -0.0000 -1.0000
vn 0.3827 0.9239 -0.0000
vn 0.9239 0.3827 -0.0000
vn 0.9239 -0.3827 -0.0000
vn 0.3827 -0.9239 -0.0000
vn -0.3827 -0.9239 -0.0000
vn -0.9239 -0.3827 -0.0000
vn -0.9239 0.3827 -0.0000
vn -0.3827 0.9239 -0.0000
vn -1.0000 -0.0000 -0.0000
vn -0.0000 -1.0000 -0.0000
vn -0.0000 1.0000 -0.0000
vn 0.7071 0.7071 -0.0000
vn -0.7071 0.7071 -0.0000
vn -0.7071 -0.7071 -0.0000
vn 0.7071 -0.7071 -0.0000
vn 0.7072 -0.7070 -0.0000
vn 0.7072 -0.7071 -0.0000
vn -0.8454 -0.0000 0.5341
vn 0.8454 -0.0000 0.5341
vn -0.0000 -0.7665 0.6423
vn -0.4583 -0.0000 0.8888
vn 0.4583 -0.0000 0.8888
vn -0.0000 0.7665 0.6423
vn 0.0114 0.0276 0.9996
vn 0.0276 0.0114 0.9996
vn 0.0276 -0.0114 0.9996
vn 0.0114 -0.0276 0.9996
vn -0.0114 -0.0276 0.9996
vn -0.0276 -0.0114 0.9996
vn -0.0276 0.0114 0.9996
vn -0.0114 0.0276 0.9996
s 1
usemtl Plastic_Handle_material
f 4645//4429 4625//4429 4617//4429 4637//4429
f 4791//4430 4784//4430 4629//4430 4632//4430
f 4636//4429 4621//4429 4626//4429 4643//4429
f 4790//4429 4779//4429 4625//4429 4645//4429
f 4627//4431 4642//4431 4634//4431 4618//4431
f 4629//4429 4646//4429 4638//4429 4620//4429
f 4646//4429 4645//4429 4637//4429 4638//4429
f 4781//4431 4788//4431 4642//4431 4627//4431
f 4788//4431 4778//4431 4641//4431 4642//4431
f 4624//4429 4635//4429 4644//4429 4628//4429
f 4635//4429 4636//4429 4643//4429 4644//4429
f 4784//4429 4786//4429 4646//4429 4629//4429
f 4786//4429 4790//4429 4645//4429 4646//4429
f 4649//4432 4657//4432 4664//4432 4656//4432
f 4656//4433 4664//4433 4663//4433 4655//4433
f 4655//4434 4663//4434 4662//4434 4654//4434
f 4654//4435 4662//4435 4661//4435 4653//4435
f 4653//4436 4661//4436 4660//4436 4652//4436
f 4652//4437 4660//4437 4659//4437 4651//4437
f 4651//4438 4659//4438 4658//4438 4650//4438
f 4650//4439 4658//4439 4657//4439 4649//4439
f 4685//4430 4709//4430 4701//4430 4677//4430
f 4672//4429 4680//4429 4679//4429 4671//4429
f 4684//4432 4708//4432 4709//4432 4685//4432
f 4670//4429 4678//4429 4677//4429 4669//4429
f 4673//4440 4697//4440 4689//4440 4665//4440
f 4668//4429 4676//4429 4675//4429 4667//4429
f 4683//4441 4707//4441 4699//4441 4675//4441
f 4666//4429 4674//4429 4673//4429 4665//4429
f 4686//4438 4710//4438 4711//4438 4687//4438
f 4680//4429 4688//4429 4687//4429 4679//4429
f 4679//4442 4703//4442 4695//4442 4671//4442
f 4678//4429 4686//4429 4685//4429 4677//4429
f 4688//4436 4712//4436 4705//4436 4681//4436
f 4676//4429 4684//4429 4683//4429 4675//4429
f 4677//4430 4701//4430 4693//4430 4669//4430
f 4674//4429 4682//4429 4681//4429 4673//4429
f 4682//4429 4683//4429 4684//4429 4685//4429 4686//4429 4687//4429 4688//4429 4681//4429
f 4689//4429 4697//4429 4704//4429 4696//4429
f 4695//4429 4703//4429 4702//4429 4694//4429
f 4693//4429 4701//4429 4700//4429 4692//4429
f 4691//4429 4699//4429 4698//4429 4690//4429
f 4697//4429 4705//4429 4712//4429 4704//4429
f 4703//4429 4711//4429 4710//4429 4702//4429
f 4701//4429 4709//4429 4708//4429 4700//4429
f 4699//4429 4707//4429 4706//4429 4698//4429
f 4682//4434 4706//4434 4707//4434 4683//4434
f 4687//4442 4711//4442 4703//4442 4679//4442
f 4666//4443 4690//4443 4698//4443 4674//4443
f 4681//4440 4705//4440 4697//4440 4673//4440
f 4665//4436 4672//4436 4696//4436 4689//4436
f 4668//4444 4692//4444 4700//4444 4676//4444
f 4671//4438 4670//4438 4694//4438 4695//4438
f 4670//4445 4694//4445 4702//4445 4678//4445
f 4674//4443 4698//4443 4706//4443 4682//4443
f 4669//4432 4668//4432 4692//4432 4693//4432
f 4672//4446 4696//4446 4704//4446 4680//4446
f 4676//4444 4700//4444 4708//4444 4684//4444
f 4667//4434 4666//4434 4690//4434 4691//4434
f 4678//4445 4702//4445 4710//4445 4686//4445
f 4680//4446 4704//4446 4712//4447 4688//4447
f 4675//4441 4699//4441 4691//4441 4667//4441
f 4750//4441 4726//4441 4734//4441 4758//4441
f 4745//4446 4721//4446 4713//4448 4737//4448
f 4747//4445 4723//4445 4715//4445 4739//4445
f 4758//4434 4759//4434 4735//4434 4734//4434
f 4749//4444 4725//4444 4717//4444 4741//4444
f 4753//4446 4729//4446 4721//4446 4745//4446
f 4756//4432 4757//4432 4733//4432 4732//4432
f 4751//4443 4727//4443 4719//4443 4743//4443
f 4755//4445 4731//4445 4723//4445 4747//4445
f 4754//4438 4755//4438 4731//4438 4730//4438
f 4757//4444 4733//4444 4725//4444 4749//4444
f 4760//4436 4753//4436 4729//4436 4736//4436
f 4744//4440 4720//4440 4728//4440 4752//4440
f 4759//4443 4735//4443 4727//4443 4751//4443
f 4738//4442 4714//4442 4722//4442 4746//4442
f 4743//4434 4719//4434 4718//4434 4742//4434
f 4726//4429 4718//4429 4719//4429 4727//4429
f 4724//4429 4716//4429 4717//4429 4725//4429
f 4722//4429 4714//4429 4715//4429 4723//4429
f 4728//4429 4720//4429 4713//4429 4721//4429
f 4734//4429 4726//4429 4727//4429 4735//4429
f 4732//4429 4724//4429 4725//4429 4733//4429
f 4730//4429 4722//4429 4723//4429 4731//4429
f 4736//4429 4728//4429 4721//4429 4729//4429
f 4743//4429 4742//4429 4741//4429 4740//4429 4739//4429 4738//4429 4737//4429 4744//4429
f 4751//4429 4743//4429 4744//4429 4752//4429
f 4748//4430 4724//4430 4732//4430 4756//4430
f 4749//4429 4741//4429 4742//4429 4750//4429
f 4737//4436 4713//4436 4720//4436 4744//4436
f 4747//4429 4739//4429 4740//4429 4748//4429
f 4746//4442 4722//4442 4730//4442 4754//4442
f 4745//4429 4737//4429 4738//4429 4746//4429
f 4739//4438 4715//4438 4714//4438 4738//4438
f 4759//4429 4751//4429 4752//4429 4760//4429
f 4742//4441 4718//4441 4726//4441 4750//4441
f 4757//4429 4749//4429 4750//4429 4758//4429
f 4752//4440 4728//4440 4736//4440 4760//4440
f 4755//4429 4747//4429 4748//4429 4756//4429
f 4741//4432 4717//4432 4716//4432 4740//4432
f 4753//4429 4745//4429 4746//4429 4754//4429
f 4740//4430 4716//4430 4724//4430 4748//4430
f 4775//4439 4767//4439 4768//4439 4776//4439
f 4774//4438 4766//4438 4767//4438 4775//4438
f 4773//4437 4765//4437 4766//4437 4774//4437
f 4772//4436 4764//4436 4765//4436 4773//4436
f 4771//4435 4763//4435 4764//4435 4772//4435
f 4770//4434 4762//4434 4763//4434 4771//4434
f 4769//4433 4761//4433 4762//4433 4770//4433
f 4776//4432 4768//4432 4761//4432 4769//4432
f 4814//4430 4810//4430 4784//4430 4791//4430
f 4643//4429 4626//4429 4780//4429 4789//4429
f 4813//4429 4807//4429 4779//4429 4790//4429
f 4626//4440 4630//4440 4792//4440 4780//4440
f 4809//4431 4812//4431 4788//4431 4781//4431
f 4640//4431 4639//4431 4777//4431 4787//4431
f 4812//4431 4808//4431 4778//4431 4788//4431
f 4628//4429 4644//4429 4785//4429 4783//4429
f 4810//4429 4811//4429 4786//4429 4784//4429
f 4644//4429 4643//4429 4789//4429 4785//4429
f 4790//4442 4786//4442 4794//4442 4796//4442
f 4815//4429 4816//4429 4796//4429 4794//4429
f 4785//4441 4789//4441 4795//4441 4793//4441
f 4813//4430 4790//4430 4796//4430 4816//4430
f 4802//4440 4785//4440 4793//4440 4805//4440
f 4777//4431 4782//4431 4800//4431 4797//4431
f 4789//4429 4780//4429 4798//4429 4804//4429
f 4787//4431 4777//4431 4797//4431 4803//4431
f 4783//4429 4785//4429 4802//4429 4801//4429
f 4793//4429 4795//4429 4806//4429 4805//4429
f 4789//4430 4804//4430 4806//4430 4795//4430
f 4826//4440 4802//4440 4805//4440 4829//4440
f 4839//4430 4835//4430 4810//4430 4814//4430
f 4838//4429 4833//4429 4807//4429 4813//4429
f 4837//4431 4834//4431 4808//4431 4812//4431
f 4835//4429 4836//4429 4811//4429 4810//4429
f 4816//4441 4815//4441 4819//4441 4820//4441
f 4838//4430 4813//4430 4816//4430 4842//4430
f 4786//4440 4811//4440 4815//4440 4794//4440
f 4843//4429 4844//4429 4820//4429 4819//4429
f 4842//4449 4816//4449 4820//4449 4844//4449
f 4829//4450 4805//4450 4817//4450 4831//4450
f 4805//4442 4806//4442 4818//4442 4817//4442
f 4836//4440 4826//4440 4829//4440 4841//4440
f 4797//4431 4800//4431 4824//4431 4822//4431
f 4804//4429 4798//4429 4821//4429 4828//4429
f 4799//4431 4803//4431 4827//4431 4823//4431
f 4803//4431 4797//4431 4822//4431 4827//4431
f 4801//4429 4802//4429 4826//4429 4825//4429
f 4804//4430 4828//4430 4830//4430 4806//4430
f 4817//4429 4818//4429 4832//4429 4831//4429
f 4806//4449 4830//4449 4832//4449 4818//4449
f 4841//4450 4829//4450 4831//4450 4843//4450
f 4828//4429 4821//4429 4833//4429 4838//4429
f 4827//4431 4822//4431 4834//4431 4837//4431
f 4825//4429 4826//4429 4836//4429 4835//4429
f 4828//4430 4838//4430 4842//4430 4830//4430
f 4844//4451 4843//4451 4847//4451 4848//4451
f 4830//4449 4842//4449 4844//4449 4832//4449
f 4811//4440 4836//4440 4841//4440 4815//4440
f 4815//4450 4841//4450 4843//4450 4819//4450
f 4845//4429 4846//4429 4848//4429 4847//4429
f 4832//4452 4844//4452 4848//4452 4846//4452
f 4843//4453 4831//4453 4845//4453 4847//4453
f 4831//4454 4832//4454 4846//4454 4845//4454
f 4641//4431 4632//4431 4619//4431 4647//4431
f 4632//4430 4629//4430 4620//4430 4619//4430
f 4633//4431 4623//4431 4631//4431 4639//4431
f 4778//4431 4791//4431 4632//4431 4641//4431
f 4623//4430 4624//4430 4628//4430 4631//4430
f 4625//4440 4627//4440 4618//4440 4617//4440
f 4638//4441 4647//4441 4619//4441 4620//4441
f 4636//4442 4648//4442 4622//4442 4621//4442
f 4621//4440 4622//4440 4630//4440 4626//4440
f 4779//4440 4781//4440 4627//4440 4625//4440
f 4642//4431 4641//4431 4647//4431 4634//4431
f 4622//4431 4648//4431 4640//4431 4630//4431
f 4648//4431 4633//4431 4639//4431 4640//4431
f 4617//4441 4618//4441 4634//4441 4637//4441
f 4637//4441 4634//4441 4647//4441 4638//4441
f 4624//4442 4623//4442 4633//4442 4635//4442
f 4635//4442 4633//4442 4648//4442 4636//4442
f 4657//4455 4689//4455 4696//4455 4664//4455
f 4664//4456 4696//4456 4695//4456 4663//4456
f 4663//4457 4695//4457 4694//4457 4662//4457
f 4662//4458 4694//4458 4693//4458 4661//4458
f 4661//4459 4693//4459 4692//4459 4660//4459
f 4660//4460 4692//4460 4691//4460 4659//4460
f 4659//4461 4691//4461 4690//4461 4658//4461
f 4658//4462 4690//4462 4689//4462 4657//4462
f 4696//4437 4672//4437 4671//4437 4695//4437
f 4694//4439 4670//4439 4669//4439 4693//4439
f 4692//4433 4668//4433 4667//4433 4691//4433
f 4690//4435 4666//4435 4665//4435 4689//4435
f 4735//4435 4759//4435 4760//4435 4736//4435
f 4733//4433 4757//4433 4758//4433 4734//4433
f 4731//4439 4755//4439 4756//4439 4732//4439
f 4729//4437 4753//4437 4754//4437 4730//4437
f 4767//4462 4735//4462 4736//4462 4768//4462
f 4766//4461 4734//4461 4735//4461 4767//4461
f 4765//4460 4733//4460 4734//4460 4766//4460
f 4764//4459 4732//4459 4733//4459 4765//4459
f 4763//4458 4731//4458 4732//4458 4764//4458
f 4762//4457 4730//4457 4731//4457 4763//4457
f 4761//4456 4729//4456 4730//4456 4762//4456
f 4768//4455 4736//4455 4729//4455 4761//4455
f 4639//4431 4631//4431 4782//4431 4777//4431
f 4808//4431 4814//4431 4791//4431 4778//4431
f 4631//4430 4628//4430 4783//4430 4782//4430
f 4807//4440 4809//4440 4781//4440 4779//4440
f 4630//4431 4640//4431 4787//4431 4792//4431
f 4782//4430 4783//4430 4801//4430 4800//4430
f 4780//4440 4792//4440 4799//4440 4798//4440
f 4792//4431 4787//4431 4803//4431 4799//4431
f 4834//4431 4839//4431 4814//4431 4808//4431
f 4833//4440 4840//4440 4809//4440 4807//4440
f 4840//4431 4837//4431 4812//4431 4809//4431
f 4800//4430 4801//4430 4825//4430 4824//4430
f 4798//4440 4799//4440 4823//4440 4821//4440
f 4822//4431 4824//4431 4839//4431 4834//4431
f 4824//4430 4825//4430 4835//4430 4839//4430
f 4821//4440 4823//4440 4840//4440 4833//4440
f 4823//4431 4827//4431 4837//4431 4840//4431
o Window.L
v 0.834155 1.070078 -0.102147
v 0.834155 2.020078 -0.102148
v 1.444155 2.020078 -0.102148
v 1.444155 1.070078 -0.102147
v 0.884155 1.120078 -0.102147
v 0.884155 1.970078 -0.102148
v 1.394155 1.970078 -0.102148
v 1.394155 1.120078 -0.102147
v 0.884155 1.120078 -0.084897
v 0.884155 1.970078 -0.084898
v 1.394155 1.970078 -0.084898
v 1.394155 1.120078 -0.084897
v 0.884155 1.120078 -0.067648
v 0.884155 1.970078 -0.067648
v 1.394155 1.970078 -0.067648
v 1.394155 1.120078 -0.067648
v 0.834155 1.070078 -0.067647
v 0.834155 2.020078 -0.067648
v 1.444155 2.020078 -0.067648
v 1.444155 1.070078 -0.067647
v 0.834155 1.070078 -0.091897
v 1.444155 1.070078 -0.091897
v 0.834155 1.090078 -0.091897
v 1.444155 1.090078 -0.091897
v 0.834155 1.090078 -0.081897
v 1.444155 1.090078 -0.081897
v 0.834155 1.070078 -0.081897
v 1.444155 1.070078 -0.081897
v 0.834155 2.020078 -0.091898
v 1.444155 2.020078 -0.091898
v 0.834155 2.000078 -0.091898
v 1.444155 2.000078 -0.091898
v 0.834155 2.000078 -0.081898
v 1.444155 2.000078 -0.081898
v 0.834155 2.020078 -0.081898
v 1.444155 2.020078 -0.081898
v 0.833955 1.070078 -0.091897
v 0.830155 1.070078 -0.091897
v 0.833955 1.090078 -0.091897
v 0.830155 1.090078 -0.091897
v 0.833955 1.090078 -0.081897
v 0.830155 1.090078 -0.081897
v 0.833955 1.070078 -0.081897
v 0.830155 1.070078 -0.081897
v 0.833955 1.070078 -0.096897
v 0.833955 1.070078 -0.076897
v 0.833955 1.100078 -0.096897
v 0.833955 1.100078 -0.076897
v 0.830155 1.070078 -0.096897
v 0.830155 1.070078 -0.076897
v 0.830155 1.100078 -0.096897
v 0.830155 1.100078 -0.076897
v 1.444355 1.070078 -0.091897
v 1.448155 1.070078 -0.091897
v 1.444355 1.090078 -0.091897
v 1.448155 1.090078 -0.091897
v 1.444355 1.090078 -0.081897
v 1.448155 1.090078 -0.081897
v 1.444355 1.070078 -0.081897
v 1.448155 1.070078 -0.081897
v 1.444355 1.070078 -0.096897
v 1.444355 1.070078 -0.076897
v 1.444355 1.100078 -0.096897
v 1.444355 1.100078 -0.076897
v 1.448155 1.070078 -0.096897
v 1.448155 1.070078 -0.076897
v 1.448155 1.100078 -0.096897
v 1.448155 1.100078 -0.076897
v 0.833955 2.020078 -0.091898
v 0.830155 2.020078 -0.091898
v 0.833955 2.000078 -0.091898
v 0.830155 2.000078 -0.091898
v 0.833955 2.000078 -0.081898
v 0.830155 2.000078 -0.081898
v 0.833955 2.020078 -0.081898
v 0.830155 2.020078 -0.081898
v 0.833955 2.020078 -0.096898
v 0.833955 2.020078 -0.076898
v 0.833955 1.990078 -0.096898
v 0.833955 1.990078 -0.076898
v 0.830155 2.020078 -0.096898
v 0.830155 2.020078 -0.076898
v 0.830155 1.990078 -0.096898
v 0.830155 1.990078 -0.076898
v 1.444355 2.020078 -0.091898
v 1.448155 2.020078 -0.091898
v 1.444355 2.000078 -0.091898
v 1.448155 2.000078 -0.091898
v 1.444355 2.000078 -0.081898
v 1.448155 2.000078 -0.081898
v 1.444355 2.020078 -0.081898
v 1.448155 2.020078 -0.081898
v 1.444355 2.020078 -0.096898
v 1.444355 2.020078 -0.076898
v 1.444355 1.990078 -0.096898
v 1.444355 1.990078 -0.076898
v 1.448155 2.020078 -0.096898
v 1.448155 2.020078 -0.076898
v 1.448155 1.990078 -0.096898
v 1.448155 1.990078 -0.076898
vn -1.0000 -0.0000 -0.0000
vn 1.0000 -0.0000 -0.0000
vn -0.0000 -1.0000 -0.0000
vn -0.0000 1.0000 -0.0000
vn -0.0000 -0.0000 -1.0000
vn -0.0000 -0.0000 1.0000
s 1
usemtl Window_material
f 4859//4463 4855//4463 4856//4463 4860//4463
f 4858//4464 4857//4464 4853//4464 4854//4464
f 4862//4464 4861//4464 4857//4464 4858//4464
f 4863//4463 4859//4463 4860//4463 4864//4463
f 4855//4465 4859//4465 4858//4465 4854//4465
f 4858//4465 4859//4465 4863//4465 4862//4465
f 4860//4466 4856//4466 4853//4466 4857//4466
f 4861//4466 4864//4466 4860//4466 4857//4466
f 4852//4467 4856//4467 4855//4467 4851//4467
f 4854//4467 4853//4467 4849//4467 4850//4467
f 4853//4467 4856//4467 4852//4467 4849//4467
f 4854//4467 4850//4467 4851//4467 4855//4467
f 4866//4468 4865//4468 4861//4468 4862//4468
f 4864//4468 4868//4468 4867//4468 4863//4468
f 4864//4468 4861//4468 4865//4468 4868//4468
f 4863//4468 4867//4468 4866//4468 4862//4468
f 4878//4466 4851//4466 4850//4466 4877//4466
f 4884//4466 4883//4466 4866//4466 4867//4466
f 4884//4467 4882//4467 4881//4467 4883//4467
f 4880//4468 4878//4468 4877//4468 4879//4468
f 4882//4466 4880//4466 4879//4466 4881//4466
f 4874//4465 4873//4465 4871//4465 4872//4465
f 4868//4465 4865//4465 4875//4465 4876//4465
f 4852//4465 4870//4465 4869//4465 4849//4465
f 4874//4467 4876//4467 4875//4467 4873//4467
f 4872//4468 4871//4468 4869//4468 4870//4468
f 4852//4464 4851//4464 4878//4464 4870//4464
f 4868//4464 4876//4464 4884//4464 4867//4464
f 4880//4464 4882//4464 4874//4464 4872//4464
f 4881//4463 4879//4463 4871//4463 4873//4463
f 4865//4463 4866//4463 4883//4463 4875//4463
f 4849//4463 4869//4463 4877//4463 4850//4463
f 4897//4467 4899//4467 4895//4467 4893//4467
f 4891//4467 4892//4467 4890//4467 4889//4467
f 4886//4468 4885//4468 4887//4468 4888//4468
f 4890//4465 4888//4465 4887//4465 4889//4465
f 4893//4465 4885//4465 4886//4465 4897//4465
f 4892//4465 4891//4465 4894//4465 4898//4465
f 4898//4468 4894//4468 4896//4468 4900//4468
f 4899//4466 4900//4466 4896//4466 4895//4466
f 4895//4464 4896//4464 4894//4464 4891//4464 4889//4464 4887//4464 4885//4464 4893//4464
f 4897//4463 4886//4463 4888//4463 4890//4463 4892//4463 4898//4463 4900//4463 4899//4463
f 4913//4467 4909//4467 4911//4467 4915//4467
f 4907//4467 4905//4467 4906//4467 4908//4467
f 4902//4468 4904//4468 4903//4468 4901//4468
f 4906//4465 4905//4465 4903//4465 4904//4465
f 4909//4465 4913//4465 4902//4465 4901//4465
f 4908//4465 4914//4465 4910//4465 4907//4465
f 4914//4468 4916//4468 4912//4468 4910//4468
f 4915//4466 4911//4466 4912//4466 4916//4466
f 4911//4463 4909//4463 4901//4463 4903//4463 4905//4463 4907//4463 4910//4463 4912//4463
f 4913//4464 4915//4464 4916//4464 4914//4464 4908//4464 4906//4464 4904//4464 4902//4464
f 4929//4467 4925//4467 4927//4467 4931//4467
f 4923//4467 4921//4467 4922//4467 4924//4467
f 4918//4468 4920//4468 4919//4468 4917//4468
f 4922//4466 4921//4466 4919//4466 4920//4466
f 4925//4466 4929//4466 4918//4466 4917//4466
f 4924//4466 4930//4466 4926//4466 4923//4466
f 4930//4468 4932//4468 4928//4468 4926//4468
f 4931//4465 4927//4465 4928//4465 4932//4465
f 4927//4464 4925//4464 4917//4464 4919//4464 4921//4464 4923//4464 4926//4464 4928//4464
f 4929//4463 4931//4463 4932//4463 4930//4463 4924//4463 4922//4463 4920//4463 4918//4463
f 4945//4467 4947//4467 4943//4467 4941//4467
f 4939//4467 4940//4467 4938//4467 4937//4467
f 4934//4468 4933//4468 4935//4468 4936//4468
f 4938//4466 4936//4466 4935//4466 4937//4466
f 4941//4466 4933//4466 4934//4466 4945//4466
f 4940//4466 4939//4466 4942//4466 4946//4466
f 4946//4468 4942//4468 4944//4468 4948//4468
f 4947//4465 4948//4465 4944//4465 4943//4465
f 4943//4463 4944//4463 4942//4463 4939//4463 4937//4463 4935//4463 4933//4463 4941//4463
f 4945//4464 4934//4464 4936//4464 4938//4464 4940//4464 4946//4464 4948//4464 4947//4464
usemtl Glass_material
f 4859//4468 4858//4468 4857//4468 4860//4468
o WindowFrame
v 0.824155 1.045079 -0.125147
v 0.824155 1.065078 -0.125147
v 0.824155 1.065078 -0.090397
v 0.824155 1.085078 -0.090397
v 0.824155 1.085078 -0.083398
v 0.824155 1.065078 -0.083397
v 0.824155 1.065078 -0.050897
v 0.824155 1.085078 -0.050898
v 0.824155 1.085078 -0.043897
v 0.824155 1.065078 -0.043897
v 0.824155 1.065078 -0.027147
v 2.024155 1.045079 -0.125147
v 2.024155 1.065078 -0.125147
v 2.024155 1.065078 -0.090397
v 2.024155 1.085078 -0.090397
v 2.024155 1.085078 -0.083398
v 2.024155 1.065078 -0.083397
v 2.024155 1.065078 -0.050897
v 2.024155 1.085078 -0.050898
v 2.024155 1.085078 -0.043897
v 2.024155 1.065078 -0.043897
v 2.024155 1.065078 -0.027147
v 0.824155 2.045079 -0.125148
v 0.824155 2.025079 -0.125148
v 0.824155 2.025079 -0.090398
v 0.824155 2.005079 -0.090398
v 0.824155 2.005079 -0.083398
v 0.824155 2.025079 -0.083398
v 0.824155 2.025079 -0.050898
v 0.824155 2.005079 -0.050898
v 0.824155 2.005079 -0.043898
v 0.824155 2.025079 -0.043898
v 0.824155 2.025079 -0.027148
v 2.024155 2.025079 -0.125148
v 2.024155 2.025079 -0.090398
v 2.024155 2.005079 -0.090398
v 2.024155 2.005079 -0.083398
v 2.024155 2.025079 -0.083398
v 2.024155 2.025079 -0.050898
v 2.024155 2.005079 -0.050898
v 2.024155 2.005079 -0.043898
v 2.024155 2.025079 -0.043898
v 2.024155 2.025079 -0.027148
v 0.826155 1.045079 -0.125147
v 0.826155 1.045079 -0.105147
v 0.846155 1.045079 -0.105147
v 0.846155 1.045079 -0.103147
v 0.826155 1.045079 -0.103147
v 0.826155 1.045079 -0.065647
v 0.846155 1.045079 -0.065647
v 0.846155 1.045079 -0.063647
v 0.826155 1.045079 -0.063647
v 0.826155 1.045079 -0.027147
v 0.856155 1.045079 -0.027147
v 0.856155 1.045079 -0.025147
v 0.824155 1.045079 -0.025147
v 0.826155 2.045079 -0.125148
v 0.826155 2.045079 -0.105148
v 0.846155 2.045079 -0.105148
v 0.846155 2.045079 -0.103148
v 0.826155 2.045079 -0.103148
v 0.826155 2.045079 -0.065648
v 0.846155 2.045079 -0.065648
v 0.846155 2.045079 -0.063648
v 0.826155 2.045079 -0.063648
v 0.826155 2.045079 -0.027148
v 0.856155 2.045079 -0.027148
v 0.856155 2.045079 -0.025148
v 0.824155 2.045079 -0.025148
v 2.022155 1.045079 -0.125147
v 2.022155 1.045079 -0.105147
v 2.002155 1.045079 -0.105147
v 2.002155 1.045079 -0.103147
v 2.022155 1.045079 -0.103147
v 2.022155 1.045079 -0.065647
v 2.002155 1.045079 -0.065647
v 2.002155 1.045079 -0.063647
v 2.022155 1.045079 -0.063647
v 2.022155 1.045079 -0.027147
v 1.992155 1.045079 -0.027147
v 1.992155 1.045079 -0.025147
v 2.024155 1.045079 -0.025147
v 2.024155 2.045079 -0.125148
v 2.022155 2.045079 -0.125148
v 2.022155 2.045079 -0.105148
v 2.002155 2.045079 -0.105148
v 2.002155 2.045079 -0.103148
v 2.022155 2.045079 -0.103148
v 2.022155 2.045079 -0.065648
v 2.002155 2.045079 -0.065648
v 2.002155 2.045079 -0.063648
v 2.022155 2.045079 -0.063648
v 2.022155 2.045079 -0.027148
v 1.992155 2.045079 -0.027148
v 1.992155 2.045079 -0.025148
v 2.024155 2.045079 -0.025148
v 0.856655 1.045079 -0.025147
v 0.856655 1.045079 -0.027147
v 1.991655 1.045079 -0.027147
v 1.991655 1.045079 -0.025147
v 0.856655 1.075078 -0.025147
v 0.856655 1.075078 -0.027147
v 1.991655 1.075078 -0.027147
v 1.991655 1.075078 -0.025147
v 0.856655 2.015079 -0.025148
v 0.856655 2.015079 -0.027148
v 1.991655 2.015079 -0.027148
v 1.991655 2.015079 -0.025148
v 0.856655 2.045079 -0.025148
v 0.856655 2.045079 -0.027148
v 1.991655 2.045079 -0.027148
v 1.991655 2.045079 -0.025148
v 0.814155 2.055079 -0.025148
v 2.034155 2.055079 -0.025148
v 0.814155 1.035079 -0.025147
v 2.034155 1.035079 -0.025147
v 0.825155 2.044079 -0.025148
v 2.023155 2.044079 -0.025148
v 0.825155 1.046079 -0.025147
v 2.023155 1.046079 -0.025147
v 0.814155 2.055079 -0.023148
v 2.034155 2.055079 -0.023148
v 0.814155 1.035079 -0.023147
v 2.034155 1.035079 -0.023147
v 0.825155 2.044079 -0.023148
v 2.023155 2.044079 -0.023148
v 0.825155 1.046079 -0.023147
v 2.023155 1.046079 -0.023147
vn -0.0000 -0.0000 -1.0000
vn -0.0000 1.0000 -0.0000
vn -0.0000 -0.0000 1.0000
vn -0.0000 -1.0000 -0.0000
vn -1.0000 -0.0000 -0.0000
vn 1.0000 -0.0000 -0.0000
s 1
usemtl Window_material
f 4961//4469 4960//4469 4949//4469 4950//4469
f 4962//4470 4961//4470 4950//4470 4951//4470
f 4963//4469 4962//4469 4951//4469 4952//4469
f 4964//4470 4963//4470 4952//4470 4953//4470
f 4965//4471 4964//4471 4953//4471 4954//4471
f 4966//4470 4965//4470 4954//4470 4955//4470
f 4967//4469 4966//4469 4955//4469 4956//4469
f 4968//4470 4967//4470 4956//4470 4957//4470
f 4969//4471 4968//4471 4957//4471 4958//4471
f 4969//4470 4958//4470 4959//4470 4970//4470
f 4982//4469 4972//4469 4971//4469 5031//4469
f 4983//4472 4973//4472 4972//4472 4982//4472
f 4984//4469 4974//4469 4973//4469 4983//4469
f 4985//4472 4975//4472 4974//4472 4984//4472
f 4986//4471 4976//4471 4975//4471 4985//4471
f 4987//4472 4977//4472 4976//4472 4986//4472
f 4988//4469 4978//4469 4977//4469 4987//4469
f 4989//4472 4979//4472 4978//4472 4988//4472
f 4990//4471 4980//4471 4979//4471 4989//4471
f 4990//4472 4991//4472 4981//4472 4980//4472
f 5004//4473 5017//4473 4971//4473 4949//4473
f 5004//4471 5003//4471 5016//4471 5017//4471
f 5002//4469 5001//4469 5014//4469 5015//4469
f 4997//4474 4996//4474 5009//4474 5010//4474
f 5001//4474 5000//4474 5013//4474 5014//4474
f 5015//4470 5014//4470 5017//4470 5016//4470
f 5014//4474 5013//4474 5005//4474 5006//4474
f 5012//4470 5011//4470 5010//4470 5013//4470
f 5007//4470 5006//4470 5009//4470 5008//4470
f 5000//4471 4999//4471 5012//4471 5013//4471
f 4998//4469 4997//4469 5010//4469 5011//4469
f 4994//4469 4993//4469 5006//4469 5007//4469
f 4996//4471 4995//4471 5008//4471 5009//4471
f 4995//4474 4994//4474 5007//4474 5008//4474
f 4998//4472 4999//4472 5000//4472 4997//4472
f 4994//4472 4995//4472 4996//4472 4993//4472
f 5002//4472 5003//4472 5004//4472 5001//4472
f 4997//4470 4996//4470 5000//4470 5001//4470
f 4992//4469 4949//4469 4971//4469 5005//4469
f 5009//4470 5006//4470 5005//4470 4971//4470 5017//4470 5014//4470 5013//4470 5010//4470
f 4999//4474 4998//4474 5011//4474 5012//4474
f 5003//4474 5002//4474 5015//4474 5016//4474
f 4993//4474 4992//4474 5005//4474 5006//4474
f 4996//4472 4997//4472 5000//4472 5001//4472 5004//4472 4949//4472 4992//4472 4993//4472
f 5030//4474 4960//4474 5031//4474 5044//4474
f 5030//4471 5044//4471 5043//4471 5029//4471
f 5028//4469 5042//4469 5041//4469 5027//4469
f 5023//4473 5037//4473 5036//4473 5022//4473
f 5027//4473 5041//4473 5040//4473 5026//4473
f 5042//4470 5043//4470 5044//4470 5041//4470
f 5041//4474 5040//4474 5032//4474 5033//4474
f 5039//4470 5040//4470 5037//4470 5038//4470
f 5034//4470 5035//4470 5036//4470 5033//4470
f 5026//4471 5040//4471 5039//4471 5025//4471
f 5024//4469 5038//4469 5037//4469 5023//4469
f 5020//4469 5034//4469 5033//4469 5019//4469
f 5022//4471 5036//4471 5035//4471 5021//4471
f 5021//4473 5035//4473 5034//4473 5020//4473
f 5024//4472 5023//4472 5026//4472 5025//4472
f 5020//4472 5019//4472 5022//4472 5021//4472
f 5028//4472 5027//4472 5030//4472 5029//4472
f 5023//4470 5022//4470 5026//4470 5027//4470
f 5018//4469 5032//4469 5031//4469 4960//4469
f 5036//4470 5037//4470 5040//4470 5041//4470 5044//4470 5031//4470 5032//4470 5033//4470
f 5025//4473 5039//4473 5038//4473 5024//4473
f 5029//4473 5043//4473 5042//4473 5028//4473
f 5019//4473 5033//4473 5032//4473 5018//4473
f 5022//4472 5019//4472 5018//4472 4960//4472 5030//4472 5027//4472 5026//4472 5023//4472
f 5045//4472 5046//4472 5047//4472 5048//4472
f 5045//4473 5049//4473 5050//4473 5046//4473
f 5046//4469 5050//4469 5051//4469 5047//4469
f 5047//4474 5051//4474 5052//4474 5048//4474
f 5050//4470 5049//4470 5052//4470 5051//4470
f 5045//4471 5048//4471 5052//4471 5049//4471
f 5053//4472 5054//4472 5055//4472 5056//4472
f 5053//4473 5057//4473 5058//4473 5054//4473
f 5054//4469 5058//4469 5059//4469 5055//4469
f 5055//4474 5059//4474 5060//4474 5056//4474
f 5058//4470 5057//4470 5060//4470 5059//4470
f 5053//4471 5056//4471 5060//4471 5057//4471
f 5064//4474 5062//4474 5070//4474 5072//4474
f 5070//4470 5062//4470 5061//4470 5069//4470
f 5062//4469 5066//4469 5065//4469 5061//4469
f 5064//4469 5068//4469 5066//4469 5062//4469
f 5068//4469 5064//4469 5063//4469 5067//4469
f 5061//4469 5065//4469 5067//4469 5063//4469
f 5070//4471 5069//4471 5073//4471 5074//4471
f 5072//4471 5070//4471 5074//4471 5076//4471
f 5076//4471 5075//4471 5071//4471 5072//4471
f 5069//4471 5071//4471 5075//4471 5073//4471
f 5072//4472 5071//4472 5063//4472 5064//4472
f 5063//4473 5071//4473 5069//4473 5061//4473
f 5075//4474 5067//4474 5065//4474 5073//4474
f 5068//4470 5067//4470 5075//4470 5076//4470
f 5066//4472 5074//4472 5073//4472 5065//4472
f 5076//4473 5074//4473 5066//4473 5068//4473
o Handle.001
v 1.913428 1.469744 -0.024289
v 1.913428 1.469744 -0.027148
v 1.929370 1.469744 -0.027148
v 1.929370 1.469744 -0.024289
v 1.913428 1.595333 -0.024289
v 1.913428 1.595333 -0.027148
v 1.929370 1.595333 -0.027148
v 1.929370 1.595333 -0.024289
v 1.913428 1.473600 -0.024289
v 1.913428 1.591477 -0.024289
v 1.913428 1.473600 -0.027148
v 1.929370 1.591477 -0.024289
v 1.929370 1.473600 -0.024289
v 1.913428 1.591477 -0.027148
v 1.929370 1.591477 -0.027148
v 1.929370 1.473600 -0.027148
v 1.927355 1.595333 -0.027148
v 1.915443 1.469744 -0.027148
v 1.927355 1.595333 -0.024289
v 1.915443 1.595333 -0.024289
v 1.915443 1.469744 -0.024289
v 1.927355 1.469744 -0.024289
v 1.927355 1.591477 -0.027148
v 1.915443 1.591477 -0.027148
v 1.927355 1.473600 -0.027148
v 1.915443 1.473600 -0.027148
v 1.915443 1.591477 -0.024289
v 1.927355 1.591477 -0.024289
v 1.915443 1.473600 -0.024289
v 1.927355 1.473600 -0.024289
v 1.927355 1.469744 -0.027148
v 1.915443 1.595333 -0.027148
v 1.920543 1.590565 -0.024444
v 1.919136 1.589982 -0.024444
v 1.918553 1.588574 -0.024444
v 1.919136 1.587167 -0.024444
v 1.920543 1.586584 -0.024444
v 1.921951 1.587167 -0.024444
v 1.922534 1.588574 -0.024444
v 1.921951 1.589982 -0.024444
v 1.920543 1.590565 -0.024168
v 1.919136 1.589982 -0.024168
v 1.918553 1.588574 -0.024168
v 1.919136 1.587167 -0.024168
v 1.920543 1.586584 -0.024168
v 1.921951 1.587167 -0.024168
v 1.922534 1.588574 -0.024168
v 1.921951 1.589982 -0.024168
v 1.920543 1.589918 -0.024279
v 1.919593 1.589525 -0.024279
v 1.919199 1.588574 -0.024279
v 1.919593 1.587624 -0.024279
v 1.920543 1.587230 -0.024279
v 1.921494 1.587624 -0.024279
v 1.921887 1.588574 -0.024279
v 1.921494 1.589525 -0.024279
v 1.920543 1.589273 -0.024279
v 1.920049 1.589069 -0.024279
v 1.919844 1.588574 -0.024279
v 1.920049 1.588080 -0.024279
v 1.920543 1.587875 -0.024279
v 1.921038 1.588080 -0.024279
v 1.921242 1.588574 -0.024279
v 1.921038 1.589069 -0.024279
v 1.920543 1.589013 -0.024279
v 1.920233 1.588885 -0.024279
v 1.920104 1.588574 -0.024279
v 1.920233 1.588264 -0.024279
v 1.920543 1.588135 -0.024279
v 1.920854 1.588264 -0.024279
v 1.920982 1.588574 -0.024279
v 1.920854 1.588885 -0.024279
v 1.920543 1.589918 -0.024150
v 1.919593 1.589525 -0.024150
v 1.919199 1.588574 -0.024150
v 1.919593 1.587624 -0.024150
v 1.920543 1.587230 -0.024150
v 1.921494 1.587624 -0.024150
v 1.921887 1.588574 -0.024150
v 1.921494 1.589525 -0.024150
v 1.920543 1.589273 -0.024150
v 1.920049 1.589069 -0.024150
v 1.919844 1.588574 -0.024150
v 1.920049 1.588080 -0.024150
v 1.920543 1.587875 -0.024150
v 1.921038 1.588080 -0.024150
v 1.921242 1.588574 -0.024150
v 1.921038 1.589069 -0.024150
v 1.920543 1.589013 -0.024150
v 1.920233 1.588885 -0.024150
v 1.920104 1.588574 -0.024150
v 1.920233 1.588264 -0.024150
v 1.920543 1.588135 -0.024150
v 1.920854 1.588264 -0.024150
v 1.920982 1.588574 -0.024150
v 1.920854 1.588885 -0.024150
v 1.920854 1.477510 -0.024150
v 1.920982 1.477199 -0.024150
v 1.920854 1.476889 -0.024150
v 1.920543 1.476760 -0.024150
v 1.920233 1.476889 -0.024150
v 1.920104 1.477199 -0.024150
v 1.920233 1.477510 -0.024150
v 1.920543 1.477638 -0.024150
v 1.921038 1.477693 -0.024150
v 1.921242 1.477199 -0.024150
v 1.921038 1.476705 -0.024150
v 1.920543 1.476500 -0.024150
v 1.920049 1.476705 -0.024150
v 1.919844 1.477199 -0.024150
v 1.920049 1.477693 -0.024150
v 1.920543 1.477898 -0.024150
v 1.921494 1.478149 -0.024150
v 1.921887 1.477199 -0.024150
v 1.921494 1.476249 -0.024150
v 1.920543 1.475855 -0.024150
v 1.919593 1.476249 -0.024150
v 1.919199 1.477199 -0.024150
v 1.919593 1.478149 -0.024150
v 1.920543 1.478543 -0.024150
v 1.920854 1.477510 -0.024279
v 1.920982 1.477199 -0.024279
v 1.920854 1.476889 -0.024279
v 1.920543 1.476760 -0.024279
v 1.920233 1.476889 -0.024279
v 1.920104 1.477199 -0.024279
v 1.920233 1.477510 -0.024279
v 1.920543 1.477638 -0.024279
v 1.921038 1.477693 -0.024279
v 1.921242 1.477199 -0.024279
v 1.921038 1.476705 -0.024279
v 1.920543 1.476500 -0.024279
v 1.920049 1.476705 -0.024279
v 1.919844 1.477199 -0.024279
v 1.920049 1.477693 -0.024279
v 1.920543 1.477898 -0.024279
v 1.921494 1.478149 -0.024279
v 1.921887 1.477199 -0.024279
v 1.921494 1.476249 -0.024279
v 1.920543 1.475855 -0.024279
v 1.919593 1.476249 -0.024279
v 1.919199 1.477199 -0.024279
v 1.919593 1.478149 -0.024279
v 1.920543 1.478543 -0.024279
v 1.921951 1.478607 -0.024168
v 1.922534 1.477199 -0.024168
v 1.921951 1.475792 -0.024168
v 1.920543 1.475209 -0.024168
v 1.919136 1.475792 -0.024168
v 1.918553 1.477199 -0.024168
v 1.919136 1.478607 -0.024168
v 1.920543 1.479190 -0.024168
v 1.921951 1.478607 -0.024444
v 1.922534 1.477199 -0.024444
v 1.921951 1.475792 -0.024444
v 1.920543 1.475209 -0.024444
v 1.919136 1.475792 -0.024444
v 1.918553 1.477199 -0.024444
v 1.919136 1.478607 -0.024444
v 1.920543 1.479190 -0.024444
v 1.927355 1.580293 -0.027148
v 1.927355 1.484784 -0.027148
v 1.913428 1.484784 -0.024289
v 1.913428 1.580293 -0.024289
v 1.913428 1.484784 -0.027148
v 1.929370 1.580293 -0.027148
v 1.929370 1.580293 -0.024289
v 1.929370 1.484784 -0.024289
v 1.927355 1.580293 -0.024289
v 1.927355 1.484784 -0.024289
v 1.915443 1.580293 -0.027148
v 1.915443 1.484784 -0.027148
v 1.915443 1.580293 -0.024289
v 1.915443 1.484784 -0.024289
v 1.929370 1.484784 -0.027148
v 1.913428 1.580293 -0.027148
v 1.927355 1.580293 -0.025379
v 1.927355 1.484784 -0.025379
v 1.915443 1.580293 -0.025379
v 1.915443 1.484784 -0.025379
v 1.927355 1.574883 -0.027148
v 1.913428 1.574883 -0.024289
v 1.913428 1.574883 -0.027148
v 1.929370 1.574883 -0.027148
v 1.929370 1.574883 -0.024289
v 1.927355 1.574883 -0.024289
v 1.915443 1.574883 -0.027148
v 1.915443 1.574883 -0.024289
v 1.927355 1.574883 -0.025379
v 1.915443 1.574883 -0.025379
v 1.913428 1.546624 -0.024289
v 1.927355 1.546624 -0.027148
v 1.913428 1.546624 -0.027148
v 1.929370 1.546624 -0.024289
v 1.927355 1.546624 -0.024289
v 1.915443 1.546624 -0.027148
v 1.915443 1.546624 -0.024289
v 1.929370 1.546624 -0.027148
v 1.927355 1.546624 -0.025379
v 1.915443 1.546624 -0.025379
v 1.926659 1.574883 -0.024276
v 1.916140 1.574883 -0.024276
v 1.926659 1.546624 -0.024276
v 1.916140 1.546624 -0.024276
v 1.913428 1.569295 -0.024289
v 1.927355 1.569295 -0.027148
v 1.913428 1.569295 -0.027148
v 1.929370 1.569295 -0.027148
v 1.929370 1.569295 -0.024289
v 1.927355 1.569295 -0.024289
v 1.915443 1.569295 -0.027148
v 1.915443 1.569295 -0.024289
v 1.927355 1.569295 -0.025379
v 1.915443 1.569295 -0.025379
v 1.926659 1.569295 -0.024276
v 1.916140 1.569295 -0.024276
v 1.913428 1.564750 -0.024289
v 1.927355 1.564750 -0.027148
v 1.929370 1.564750 -0.024289
v 1.927355 1.564750 -0.024289
v 1.915443 1.564750 -0.027148
v 1.915443 1.564750 -0.024289
v 1.929370 1.564750 -0.027148
v 1.913428 1.564750 -0.027148
v 1.927355 1.564750 -0.025379
v 1.915443 1.564750 -0.025379
v 1.926659 1.564750 -0.024276
v 1.916140 1.564750 -0.024276
v 1.924847 1.568512 -0.023342
v 1.917952 1.568512 -0.023342
v 1.924847 1.565533 -0.023342
v 1.917952 1.565533 -0.023342
vn -0.0000 -0.0000 1.0000
vn 1.0000 -0.0000 -0.0000
vn -0.0000 -0.0000 -1.0000
vn 0.3827 0.9239 -0.0000
vn 0.9239 0.3827 -0.0000
vn 0.9239 -0.3827 -0.0000
vn 0.3827 -0.9239 -0.0000
vn -0.3827 -0.9239 -0.0000
vn -0.9239 -0.3827 -0.0000
vn -0.9239 0.3827 -0.0000
vn -0.3827 0.9239 -0.0000
vn -1.0000 -0.0000 -0.0000
vn -0.0000 -1.0000 -0.0000
vn -0.0000 1.0000 -0.0000
vn 0.7071 0.7071 -0.0000
vn -0.7071 0.7071 -0.0000
vn -0.7071 -0.7071 -0.0000
vn 0.7071 -0.7071 -0.0000
vn 0.7072 -0.7070 -0.0000
vn 0.7072 -0.7071 -0.0000
vn -0.8454 -0.0000 0.5341
vn 0.8454 -0.0000 0.5341
vn -0.0000 -0.7665 0.6423
vn -0.4583 -0.0000 0.8888
vn 0.4583 -0.0000 0.8888
vn -0.0000 0.7665 0.6423
vn 0.0114 0.0276 0.9996
vn 0.0276 0.0114 0.9996
vn 0.0276 -0.0114 0.9996
vn 0.0114 -0.0276 0.9996
vn -0.0114 -0.0276 0.9996
vn -0.0276 -0.0114 0.9996
vn -0.0276 0.0114 0.9996
vn -0.0114 0.0276 0.9996
s 1
usemtl Plastic_Handle_material
f 5105//4475 5085//4475 5077//4475 5097//4475
f 5251//4476 5244//4476 5089//4476 5092//4476
f 5096//4475 5081//4475 5086//4475 5103//4475
f 5250//4475 5239//4475 5085//4475 5105//4475
f 5087//4477 5102//4477 5094//4477 5078//4477
f 5089//4475 5106//4475 5098//4475 5080//4475
f 5106//4475 5105//4475 5097//4475 5098//4475
f 5241//4477 5248//4477 5102//4477 5087//4477
f 5248//4477 5238//4477 5101//4477 5102//4477
f 5084//4475 5095//4475 5104//4475 5088//4475
f 5095//4475 5096//4475 5103//4475 5104//4475
f 5244//4475 5246//4475 5106//4475 5089//4475
f 5246//4475 5250//4475 5105//4475 5106//4475
f 5109//4478 5117//4478 5124//4478 5116//4478
f 5116//4479 5124//4479 5123//4479 5115//4479
f 5115//4480 5123//4480 5122//4480 5114//4480
f 5114//4481 5122//4481 5121//4481 5113//4481
f 5113//4482 5121//4482 5120//4482 5112//4482
f 5112//4483 5120//4483 5119//4483 5111//4483
f 5111//4484 5119//4484 5118//4484 5110//4484
f 5110//4485 5118//4485 5117//4485 5109//4485
f 5145//4476 5169//4476 5161//4476 5137//4476
f 5132//4475 5140//4475 5139//4475 5131//4475
f 5144//4478 5168//4478 5169//4478 5145//4478
f 5130//4475 5138//4475 5137//4475 5129//4475
f 5133//4486 5157//4486 5149//4486 5125//4486
f 5128//4475 5136//4475 5135//4475 5127//4475
f 5143//4487 5167//4487 5159//4487 5135//4487
f 5126//4475 5134//4475 5133//4475 5125//4475
f 5146//4484 5170//4484 5171//4484 5147//4484
f 5140//4475 5148//4475 5147//4475 5139//4475
f 5139//4488 5163//4488 5155//4488 5131//4488
f 5138//4475 5146//4475 5145//4475 5137//4475
f 5148//4482 5172//4482 5165//4482 5141//4482
f 5136//4475 5144//4475 5143//4475 5135//4475
f 5137//4476 5161//4476 5153//4476 5129//4476
f 5134//4475 5142//4475 5141//4475 5133//4475
f 5142//4475 5143//4475 5144//4475 5145//4475 5146//4475 5147//4475 5148//4475 5141//4475
f 5149//4475 5157//4475 5164//4475 5156//4475
f 5155//4475 5163//4475 5162//4475 5154//4475
f 5153//4475 5161//4475 5160//4475 5152//4475
f 5151//4475 5159//4475 5158//4475 5150//4475
f 5157//4475 5165//4475 5172//4475 5164//4475
f 5163//4475 5171//4475 5170//4475 5162//4475
f 5161//4475 5169//4475 5168//4475 5160//4475
f 5159//4475 5167//4475 5166//4475 5158//4475
f 5142//4480 5166//4480 5167//4480 5143//4480
f 5147//4488 5171//4488 5163//4488 5139//4488
f 5126//4489 5150//4489 5158//4489 5134//4489
f 5141//4486 5165//4486 5157//4486 5133//4486
f 5125//4482 5132//4482 5156//4482 5149//4482
f 5128//4490 5152//4490 5160//4490 5136//4490
f 5131//4484 5130//4484 5154//4484 5155//4484
f 5130//4491 5154//4491 5162//4491 5138//4491
f 5134//4489 5158//4489 5166//4489 5142//4489
f 5129//4478 5128//4478 5152//4478 5153//4478
f 5132//4492 5156//4492 5164//4492 5140//4492
f 5136//4490 5160//4490 5168//4490 5144//4490
f 5127//4480 5126//4480 5150//4480 5151//4480
f 5138//4491 5162//4491 5170//4491 5146//4491
f 5140//4492 5164//4492 5172//4493 5148//4493
f 5135//4487 5159//4487 5151//4487 5127//4487
f 5210//4487 5186//4487 5194//4487 5218//4487
f 5205//4492 5181//4492 5173//4494 5197//4494
f 5207//4491 5183//4491 5175//4491 5199//4491
f 5218//4480 5219//4480 5195//4480 5194//4480
f 5209//4490 5185//4490 5177//4490 5201//4490
f 5213//4492 5189//4492 5181//4492 5205//4492
f 5216//4478 5217//4478 5193//4478 5192//4478
f 5211//4489 5187//4489 5179//4489 5203//4489
f 5215//4491 5191//4491 5183//4491 5207//4491
f 5214//4484 5215//4484 5191//4484 5190//4484
f 5217//4490 5193//4490 5185//4490 5209//4490
f 5220//4482 5213//4482 5189//4482 5196//4482
f 5204//4486 5180//4486 5188//4486 5212//4486
f 5219//4489 5195//4489 5187//4489 5211//4489
f 5198//4488 5174//4488 5182//4488 5206//4488
f 5203//4480 5179//4480 5178//4480 5202//4480
f 5186//4475 5178//4475 5179//4475 5187//4475
f 5184//4475 5176//4475 5177//4475 5185//4475
f 5182//4475 5174//4475 5175//4475 5183//4475
f 5188//4475 5180//4475 5173//4475 5181//4475
f 5194//4475 5186//4475 5187//4475 5195//4475
f 5192//4475 5184//4475 5185//4475 5193//4475
f 5190//4475 5182//4475 5183//4475 5191//4475
f 5196//4475 5188//4475 5181//4475 5189//4475
f 5203//4475 5202//4475 5201//4475 5200//4475 5199//4475 5198//4475 5197//4475 5204//4475
f 5211//4475 5203//4475 5204//4475 5212//4475
f 5208//4476 5184//4476 5192//4476 5216//4476
f 5209//4475 5201//4475 5202//4475 5210//4475
f 5197//4482 5173//4482 5180//4482 5204//4482
f 5207//4475 5199//4475 5200//4475 5208//4475
f 5206//4488 5182//4488 5190//4488 5214//4488
f 5205//4475 5197//4475 5198//4475 5206//4475
f 5199//4484 5175//4484 5174//4484 5198//4484
f 5219//4475 5211//4475 5212//4475 5220//4475
f 5202//4487 5178//4487 5186//4487 5210//4487
f 5217//4475 5209//4475 5210//4475 5218//4475
f 5212//4486 5188//4486 5196//4486 5220//4486
f 5215//4475 5207//4475 5208//4475 5216//4475
f 5201//4478 5177//4478 5176//4478 5200//4478
f 5213//4475 5205//4475 5206//4475 5214//4475
f 5200//4476 5176//4476 5184//4476 5208//4476
f 5235//4485 5227//4485 5228//4485 5236//4485
f 5234//4484 5226//4484 5227//4484 5235//4484
f 5233//4483 5225//4483 5226//4483 5234//4483
f 5232//4482 5224//4482 5225//4482 5233//4482
f 5231//4481 5223//4481 5224//4481 5232//4481
f 5230//4480 5222//4480 5223//4480 5231//4480
f 5229//4479 5221//4479 5222//4479 5230//4479
f 5236//4478 5228//4478 5221//4478 5229//4478
f 5274//4476 5270//4476 5244//4476 5251//4476
f 5103//4475 5086//4475 5240//4475 5249//4475
f 5273//4475 5267//4475 5239//4475 5250//4475
f 5086//4486 5090//4486 5252//4486 5240//4486
f 5269//4477 5272//4477 5248//4477 5241//4477
f 5100//4477 5099//4477 5237//4477 5247//4477
f 5272//4477 5268//4477 5238//4477 5248//4477
f 5088//4475 5104//4475 5245//4475 5243//4475
f 5270//4475 5271//4475 5246//4475 5244//4475
f 5104//4475 5103//4475 5249//4475 5245//4475
f 5250//4488 5246//4488 5254//4488 5256//4488
f 5275//4475 5276//4475 5256//4475 5254//4475
f 5245//4487 5249//4487 5255//4487 5253//4487
f 5273//4476 5250//4476 5256//4476 5276//4476
f 5262//4486 5245//4486 5253//4486 5265//4486
f 5237//4477 5242//4477 5260//4477 5257//4477
f 5249//4475 5240//4475 5258//4475 5264//4475
f 5247//4477 5237//4477 5257//4477 5263//4477
f 5243//4475 5245//4475 5262//4475 5261//4475
f 5253//4475 5255//4475 5266//4475 5265//4475
f 5249//4476 5264//4476 5266//4476 5255//4476
f 5286//4486 5262//4486 5265//4486 5289//4486
f 5299//4476 5295//4476 5270//4476 5274//4476
f 5298//4475 5293//4475 5267//4475 5273//4475
f 5297//4477 5294//4477 5268//4477 5272//4477
f 5295//4475 5296//4475 5271//4475 5270//4475
f 5276//4487 5275//4487 5279//4487 5280//4487
f 5298//4476 5273//4476 5276//4476 5302//4476
f 5246//4486 5271//4486 5275//4486 5254//4486
f 5303//4475 5304//4475 5280//4475 5279//4475
f 5302//4495 5276//4495 5280//4495 5304//4495
f 5289//4496 5265//4496 5277//4496 5291//4496
f 5265//4488 5266//4488 5278//4488 5277//4488
f 5296//4486 5286//4486 5289//4486 5301//4486
f 5257//4477 5260//4477 5284//4477 5282//4477
f 5264//4475 5258//4475 5281//4475 5288//4475
f 5259//4477 5263//4477 5287//4477 5283//4477
f 5263//4477 5257//4477 5282//4477 5287//4477
f 5261//4475 5262//4475 5286//4475 5285//4475
f 5264//4476 5288//4476 5290//4476 5266//4476
f 5277//4475 5278//4475 5292//4475 5291//4475
f 5266//4495 5290//4495 5292//4495 5278//4495
f 5301//4496 5289//4496 5291//4496 5303//4496
f 5288//4475 5281//4475 5293//4475 5298//4475
f 5287//4477 5282//4477 5294//4477 5297//4477
f 5285//4475 5286//4475 5296//4475 5295//4475
f 5288//4476 5298//4476 5302//4476 5290//4476
f 5304//4497 5303//4497 5307//4497 5308//4497
f 5290//4495 5302//4495 5304//4495 5292//4495
f 5271//4486 5296//4486 5301//4486 5275//4486
f 5275//4496 5301//4496 5303//4496 5279//4496
f 5305//4475 5306//4475 5308//4475 5307//4475
f 5292//4498 5304//4498 5308//4498 5306//4498
f 5303//4499 5291//4499 5305//4499 5307//4499
f 5291//4500 5292//4500 5306//4500 5305//4500
f 5101//4477 5092//4477 5079//4477 5107//4477
f 5092//4476 5089//4476 5080//4476 5079//4476
f 5093//4477 5083//4477 5091//4477 5099//4477
f 5238//4477 5251//4477 5092//4477 5101//4477
f 5083//4476 5084//4476 5088//4476 5091//4476
f 5085//4486 5087//4486 5078//4486 5077//4486
f 5098//4487 5107//4487 5079//4487 5080//4487
f 5096//4488 5108//4488 5082//4488 5081//4488
f 5081//4486 5082//4486 5090//4486 5086//4486
f 5239//4486 5241//4486 5087//4486 5085//4486
f 5102//4477 5101//4477 5107//4477 5094//4477
f 5082//4477 5108//4477 5100//4477 5090//4477
f 5108//4477 5093//4477 5099//4477 5100//4477
f 5077//4487 5078//4487 5094//4487 5097//4487
f 5097//4487 5094//4487 5107//4487 5098//4487
f 5084//4488 5083//4488 5093//4488 5095//4488
f 5095//4488 5093//4488 5108//4488 5096//4488
f 5117//4501 5149//4501 5156//4501 5124//4501
f 5124//4502 5156//4502 5155//4502 5123//4502
f 5123//4503 5155//4503 5154//4503 5122//4503
f 5122//4504 5154//4504 5153//4504 5121//4504
f 5121//4505 5153//4505 5152//4505 5120//4505
f 5120//4506 5152//4506 5151//4506 5119//4506
f 5119//4507 5151//4507 5150//4507 5118//4507
f 5118//4508 5150//4508 5149//4508 5117//4508
f 5156//4483 5132//4483 5131//4483 5155//4483
f 5154//4485 5130//4485 5129//4485 5153//4485
f 5152//4479 5128//4479 5127//4479 5151//4479
f 5150//4481 5126//4481 5125//4481 5149//4481
f 5195//4481 5219//4481 5220//4481 5196//4481
f 5193//4479 5217//4479 5218//4479 5194//4479
f 5191//4485 5215//4485 5216//4485 5192//4485
f 5189//4483 5213//4483 5214//4483 5190//4483
f 5227//4508 5195//4508 5196//4508 5228//4508
f 5226//4507 5194//4507 5195//4507 5227//4507
f 5225//4506 5193//4506 5194//4506 5226//4506
f 5224//4505 5192//4505 5193//4505 5225//4505
f 5223//4504 5191//4504 5192//4504 5224//4504
f 5222//4503 5190//4503 5191//4503 5223//4503
f 5221//4502 5189//4502 5190//4502 5222//4502
f 5228//4501 5196//4501 5189//4501 5221//4501
f 5099//4477 5091//4477 5242//4477 5237//4477
f 5268//4477 5274//4477 5251//4477 5238//4477
f 5091//4476 5088//4476 5243//4476 5242//4476
f 5267//4486 5269//4486 5241//4486 5239//4486
f 5090//4477 5100//4477 5247//4477 5252//4477
f 5242//4476 5243//4476 5261//4476 5260//4476
f 5240//4486 5252//4486 5259//4486 5258//4486
f 5252//4477 5247//4477 5263//4477 5259//4477
f 5294//4477 5299//4477 5274//4477 5268//4477
f 5293//4486 5300//4486 5269//4486 5267//4486
f 5300//4477 5297//4477 5272//4477 5269//4477
f 5260//4476 5261//4476 5285//4476 5284//4476
f 5258//4486 5259//4486 5283//4486 5281//4486
f 5282//4477 5284//4477 5299//4477 5294//4477
f 5284//4476 5285//4476 5295//4476 5299//4476
f 5281//4486 5283//4486 5300//4486 5293//4486
f 5283//4477 5287//4477 5297//4477 5300//4477
o Window.R
v 1.956399 1.070078 -0.062647
v 1.956399 2.020078 -0.062648
v 1.346399 2.020078 -0.062648
v 1.346399 1.070078 -0.062647
v 1.906399 1.120078 -0.062647
v 1.906399 1.970078 -0.062648
v 1.396399 1.970078 -0.062648
v 1.396399 1.120078 -0.062647
v 1.906399 1.120078 -0.045397
v 1.906399 1.970078 -0.045398
v 1.396399 1.970078 -0.045398
v 1.396399 1.120078 -0.045397
v 1.906399 1.120078 -0.028148
v 1.906399 1.970078 -0.028148
v 1.396399 1.970078 -0.028148
v 1.396399 1.120078 -0.028148
v 1.956399 1.070078 -0.028147
v 1.956399 2.020078 -0.028148
v 1.346399 2.020078 -0.028148
v 1.346399 1.070078 -0.028147
v 1.956399 1.070078 -0.052397
v 1.346399 1.070078 -0.052397
v 1.956399 1.090078 -0.052397
v 1.346399 1.090078 -0.052397
v 1.956399 1.090078 -0.042397
v 1.346399 1.090078 -0.042397
v 1.956399 1.070078 -0.042397
v 1.346399 1.070078 -0.042397
v 1.956399 2.020078 -0.052398
v 1.346399 2.020078 -0.052398
v 1.956399 2.000078 -0.052398
v 1.346399 2.000078 -0.052398
v 1.956399 2.000078 -0.042398
v 1.346399 2.000078 -0.042398
v 1.956399 2.020078 -0.042398
v 1.346399 2.020078 -0.042398
v 1.956599 1.070078 -0.052397
v 1.960399 1.070078 -0.052397
v 1.956599 1.090078 -0.052397
v 1.960399 1.090078 -0.052397
v 1.956599 1.090078 -0.042397
v 1.960399 1.090078 -0.042397
v 1.956599 1.070078 -0.042397
v 1.960399 1.070078 -0.042397
v 1.956599 1.070078 -0.057397
v 1.956599 1.070078 -0.037397
v 1.956599 1.100078 -0.057397
v 1.956599 1.100078 -0.037397
v 1.960399 1.070078 -0.057397
v 1.960399 1.070078 -0.037397
v 1.960399 1.100078 -0.057397
v 1.960399 1.100078 -0.037397
v 1.346199 1.070078 -0.052397
v 1.342399 1.070078 -0.052397
v 1.346199 1.090078 -0.052397
v 1.342399 1.090078 -0.052397
v 1.346199 1.090078 -0.042397
v 1.342399 1.090078 -0.042397
v 1.346199 1.070078 -0.042397
v 1.342399 1.070078 -0.042397
v 1.346199 1.070078 -0.057397
v 1.346199 1.070078 -0.037397
v 1.346199 1.100078 -0.057397
v 1.346199 1.100078 -0.037397
v 1.342399 1.070078 -0.057397
v 1.342399 1.070078 -0.037397
v 1.342399 1.100078 -0.057397
v 1.342399 1.100078 -0.037397
v 1.956599 2.020078 -0.052398
v 1.960399 2.020078 -0.052398
v 1.956599 2.000078 -0.052398
v 1.960399 2.000078 -0.052398
v 1.956599 2.000078 -0.042398
v 1.960399 2.000078 -0.042398
v 1.956599 2.020078 -0.042398
v 1.960399 2.020078 -0.042398
v 1.956599 2.020078 -0.057398
v 1.956599 2.020078 -0.037398
v 1.956599 1.990078 -0.057398
v 1.956599 1.990078 -0.037398
v 1.960399 2.020078 -0.057398
v 1.960399 2.020078 -0.037398
v 1.960399 1.990078 -0.057398
v 1.960399 1.990078 -0.037398
v 1.346199 2.020078 -0.052398
v 1.342399 2.020078 -0.052398
v 1.346199 2.000078 -0.052398
v 1.342399 2.000078 -0.052398
v 1.346199 2.000078 -0.042398
v 1.342399 2.000078 -0.042398
v 1.346199 2.020078 -0.042398
v 1.342399 2.020078 -0.042398
v 1.346199 2.020078 -0.057398
v 1.346199 2.020078 -0.037398
v 1.346199 1.990078 -0.057398
v 1.346199 1.990078 -0.037398
v 1.342399 2.020078 -0.057398
v 1.342399 2.020078 -0.037398
v 1.342399 1.990078 -0.057398
v 1.342399 1.990078 -0.037398
vn 1.0000 -0.0000 -0.0000
vn -1.0000 -0.0000 -0.0000
vn -0.0000 -1.0000 -0.0000
vn -0.0000 1.0000 -0.0000
vn -0.0000 -0.0000 -1.0000
vn -0.0000 -0.0000 1.0000
s 1
usemtl Window_material
f 5319//4509 5320//4509 5316//4509 5315//4509
f 5318//4510 5314//4510 5313//4510 5317//4510
f 5322//4510 5318//4510 5317//4510 5321//4510
f 5323//4509 5324//4509 5320//4509 5319//4509
f 5315//4511 5314//4511 5318//4511 5319//4511
f 5318//4511 5322//4511 5323//4511 5319//4511
f 5320//4512 5317//4512 5313//4512 5316//4512
f 5321//4512 5317//4512 5320//4512 5324//4512
f 5312//4513 5311//4513 5315//4513 5316//4513
f 5314//4513 5310//4513 5309//4513 5313//4513
f 5313//4513 5309//4513 5312//4513 5316//4513
f 5314//4513 5315//4513 5311//4513 5310//4513
f 5326//4514 5322//4514 5321//4514 5325//4514
f 5324//4514 5323//4514 5327//4514 5328//4514
f 5324//4514 5328//4514 5325//4514 5321//4514
f 5323//4514 5322//4514 5326//4514 5327//4514
f 5338//4512 5337//4512 5310//4512 5311//4512
f 5344//4512 5327//4512 5326//4512 5343//4512
f 5344//4513 5343//4513 5341//4513 5342//4513
f 5340//4514 5339//4514 5337//4514 5338//4514
f 5342//4512 5341//4512 5339//4512 5340//4512
f 5334//4511 5332//4511 5331//4511 5333//4511
f 5328//4511 5336//4511 5335//4511 5325//4511
f 5312//4511 5309//4511 5329//4511 5330//4511
f 5334//4513 5333//4513 5335//4513 5336//4513
f 5332//4514 5330//4514 5329//4514 5331//4514
f 5312//4510 5330//4510 5338//4510 5311//4510
f 5328//4510 5327//4510 5344//4510 5336//4510
f 5340//4510 5332//4510 5334//4510 5342//4510
f 5341//4509 5333//4509 5331//4509 5339//4509
f 5325//4509 5335//4509 5343//4509 5326//4509
f 5309//4509 5310//4509 5337//4509 5329//4509
f 5357//4513 5353//4513 5355//4513 5359//4513
f 5351//4513 5349//4513 5350//4513 5352//4513
f 5346//4514 5348//4514 5347//4514 5345//4514
f 5350//4511 5349//4511 5347//4511 5348//4511
f 5353//4511 5357//4511 5346//4511 5345//4511
f 5352//4511 5358//4511 5354//4511 5351//4511
f 5358//4514 5360//4514 5356//4514 5354//4514
f 5359//4512 5355//4512 5356//4512 5360//4512
f 5355//4510 5353//4510 5345//4510 5347//4510 5349//4510 5351//4510 5354//4510 5356//4510
f 5357//4509 5359//4509 5360//4509 5358//4509 5352//4509 5350//4509 5348//4509 5346//4509
f 5373//4513 5375//4513 5371//4513 5369//4513
f 5367//4513 5368//4513 5366//4513 5365//4513
f 5362//4514 5361//4514 5363//4514 5364//4514
f 5366//4511 5364//4511 5363//4511 5365//4511
f 5369//4511 5361//4511 5362//4511 5373//4511
f 5368//4511 5367//4511 5370//4511 5374//4511
f 5374//4514 5370//4514 5372//4514 5376//4514
f 5375//4512 5376//4512 5372//4512 5371//4512
f 5371//4509 5372//4509 5370//4509 5367//4509 5365//4509 5363//4509 5361//4509 5369//4509
f 5373//4510 5362//4510 5364//4510 5366//4510 5368//4510 5374//4510 5376//4510 5375//4510
f 5389//4513 5391//4513 5387//4513 5385//4513
f 5383//4513 5384//4513 5382//4513 5381//4513
f 5378//4514 5377//4514 5379//4514 5380//4514
f 5382//4512 5380//4512 5379//4512 5381//4512
f 5385//4512 5377//4512 5378//4512 5389//4512
f 5384//4512 5383//4512 5386//4512 5390//4512
f 5390//4514 5386//4514 5388//4514 5392//4514
f 5391//4511 5392//4511 5388//4511 5387//4511
f 5387//4510 5388//4510 5386//4510 5383//4510 5381//4510 5379//4510 5377//4510 5385//4510
f 5389//4509 5378//4509 5380//4509 5382//4509 5384//4509 5390//4509 5392//4509 5391//4509
f 5405//4513 5401//4513 5403//4513 5407//4513
f 5399//4513 5397//4513 5398//4513 5400//4513
f 5394//4514 5396//4514 5395//4514 5393//4514
f 5398//4512 5397//4512 5395//4512 5396//4512
f 5401//4512 5405//4512 5394//4512 5393//4512
f 5400//4512 5406//4512 5402//4512 5399//4512
f 5406//4514 5408//4514 5404//4514 5402//4514
f 5407//4511 5403//4511 5404//4511 5408//4511
f 5403//4509 5401//4509 5393//4509 5395//4509 5397//4509 5399//4509 5402//4509 5404//4509
f 5405//4510 5407//4510 5408//4510 5406//4510 5400//4510 5398//4510 5396//4510 5394//4510
usemtl Glass_material
f 5319//4513 5318//4513 5317//4513 5320//4513
o Windows_Sill
v 0.824155 1.045079 -0.025147
v 0.824155 1.045079 -0.245147
v 2.024155 1.045079 -0.245147
v 2.024155 1.045079 -0.025147
v 0.824155 1.035079 -0.025147
v 0.824155 1.035079 -0.245147
v 2.024155 1.035079 -0.245147
v 2.024155 1.035079 -0.025147
vn -0.0000 -1.0000 -0.0000
vn -1.0000 -0.0000 -0.0000
vn -0.0000 -0.0000 -1.0000
vn -0.0000 -0.0000 1.0000
s 1
usemtl Sill_material
f 5409//4515 5410//4515 5411//4515 5412//4515
f 5409//4516 5410//4516 5414//4516 5413//4516
f 5410//4517 5411//4517 5415//4517 5414//4517
f 5411//4516 5415//4516 5416//4516 5412//4516
f 5414//4515 5415//4515 5416//4515 5413//4515
f 5409//4518 5413//4518 5416//4518 5412//4518
