# Blender 3.4.1
# www.blender.org
mtllib clothes handler.mtl
o clothes_handler
v -0.000006 -0.705386 0.099225
v -0.000006 -0.702877 0.097484
v -0.000006 -0.701959 0.095106
v -0.000006 -0.702877 0.092729
v -0.000006 -0.705386 0.090988
v -0.000006 -0.708814 0.090351
v -0.000006 -0.712242 0.090988
v -0.000006 -0.714751 0.092729
v -0.000006 -0.715669 0.095106
v -0.000006 -0.714751 0.097484
v -0.000006 -0.712242 0.099225
v -0.000006 -0.708814 0.099862
v -0.013460 -0.705386 0.098319
v -0.013226 -0.702877 0.096594
v -0.012908 -0.701959 0.094238
v -0.012589 -0.702877 0.091882
v -0.012356 -0.705386 0.090157
v -0.012270 -0.708814 0.089525
v -0.012356 -0.712242 0.090157
v -0.012589 -0.714751 0.091882
v -0.012908 -0.715669 0.094238
v -0.013226 -0.714751 0.096594
v -0.013460 -0.712242 0.098319
v -0.013545 -0.708814 0.098950
v -0.026374 -0.705386 0.095679
v -0.025913 -0.702877 0.094001
v -0.025283 -0.701959 0.091708
v -0.024654 -0.702877 0.089415
v -0.024193 -0.705386 0.087737
v -0.024024 -0.708814 0.087122
v -0.024193 -0.712242 0.087737
v -0.024654 -0.714751 0.089415
v -0.025283 -0.715669 0.091708
v -0.025913 -0.714751 0.094001
v -0.026374 -0.712242 0.095679
v -0.026543 -0.708814 0.096294
v -0.038622 -0.705386 0.091424
v -0.037944 -0.702877 0.089820
v -0.037019 -0.701959 0.087630
v -0.036093 -0.702877 0.085440
v -0.035416 -0.705386 0.083837
v -0.035168 -0.708814 0.083250
v -0.035416 -0.712242 0.083837
v -0.036093 -0.714751 0.085440
v -0.037019 -0.715669 0.087630
v -0.037944 -0.714751 0.089820
v -0.038622 -0.712242 0.091424
v -0.038870 -0.708814 0.092011
v -0.050081 -0.705386 0.085672
v -0.049202 -0.702877 0.084170
v -0.048001 -0.701959 0.082118
v -0.046800 -0.702877 0.080066
v -0.045920 -0.705386 0.078564
v -0.045598 -0.708814 0.078014
v -0.045920 -0.712242 0.078564
v -0.046800 -0.714751 0.080066
v -0.048001 -0.715669 0.082118
v -0.049202 -0.714751 0.084170
v -0.050081 -0.712242 0.085672
v -0.050403 -0.708814 0.086222
v -0.060634 -0.705386 0.078544
v -0.059570 -0.702877 0.077166
v -0.058116 -0.701959 0.075285
v -0.056662 -0.702877 0.073404
v -0.055597 -0.705386 0.072027
v -0.055208 -0.708814 0.071522
v -0.055597 -0.712242 0.072027
v -0.056662 -0.714751 0.073404
v -0.058116 -0.715669 0.075285
v -0.059570 -0.714751 0.077166
v -0.060634 -0.712242 0.078544
v -0.061024 -0.708814 0.079048
v -0.070162 -0.705386 0.070157
v -0.068931 -0.702877 0.068926
v -0.067250 -0.701959 0.067245
v -0.065569 -0.702877 0.065563
v -0.064338 -0.705386 0.064333
v -0.063888 -0.708814 0.063882
v -0.064338 -0.712242 0.064333
v -0.065569 -0.714751 0.065563
v -0.067250 -0.715669 0.067245
v -0.068931 -0.714751 0.068926
v -0.070162 -0.712242 0.070157
v -0.070613 -0.708814 0.070607
v -0.078549 -0.705386 0.060628
v -0.077172 -0.702877 0.059564
v -0.075291 -0.701959 0.058110
v -0.073409 -0.702877 0.056656
v -0.072032 -0.705386 0.055592
v -0.071528 -0.708814 0.055202
v -0.072032 -0.712242 0.055592
v -0.073409 -0.714751 0.056656
v -0.075291 -0.715669 0.058110
v -0.077172 -0.714751 0.059564
v -0.078549 -0.712242 0.060628
v -0.079053 -0.708814 0.061018
v -0.085678 -0.705386 0.050076
v -0.084176 -0.702877 0.049197
v -0.082124 -0.701959 0.047995
v -0.080072 -0.702877 0.046794
v -0.078570 -0.705386 0.045915
v -0.078020 -0.708814 0.045593
v -0.078570 -0.712242 0.045915
v -0.080072 -0.714751 0.046794
v -0.082124 -0.715669 0.047995
v -0.084176 -0.714751 0.049197
v -0.085678 -0.712242 0.050076
v -0.086227 -0.708814 0.050398
v -0.091429 -0.705386 0.038616
v -0.089826 -0.702877 0.037939
v -0.087636 -0.701959 0.037013
v -0.085446 -0.702877 0.036088
v -0.083842 -0.705386 0.035410
v -0.083256 -0.708814 0.035162
v -0.083842 -0.712242 0.035410
v -0.085446 -0.714751 0.036088
v -0.087636 -0.715669 0.037013
v -0.089826 -0.714751 0.037939
v -0.091429 -0.712242 0.038616
v -0.092016 -0.708814 0.038864
v -0.095685 -0.705386 0.026368
v -0.094006 -0.702877 0.025907
v -0.091714 -0.701959 0.025278
v -0.089421 -0.702877 0.024648
v -0.087742 -0.705386 0.024187
v -0.087128 -0.708814 0.024018
v -0.087742 -0.712242 0.024187
v -0.089421 -0.714751 0.024648
v -0.091714 -0.715669 0.025278
v -0.094006 -0.714751 0.025907
v -0.095685 -0.712242 0.026368
v -0.096299 -0.708814 0.026537
v -0.098324 -0.705386 0.013454
v -0.096600 -0.702877 0.013221
v -0.094243 -0.701959 0.012902
v -0.091887 -0.702877 0.012584
v -0.090162 -0.705386 0.012350
v -0.089531 -0.708814 0.012265
v -0.090162 -0.712242 0.012350
v -0.091887 -0.714751 0.012584
v -0.094243 -0.715669 0.012902
v -0.096600 -0.714751 0.013221
v -0.098324 -0.712242 0.013454
v -0.098956 -0.708814 0.013540
v -0.099230 -0.705386 0.000000
v -0.097490 -0.702877 0.000000
v -0.095112 -0.701959 0.000000
v -0.092734 -0.702877 0.000000
v -0.090994 -0.705386 0.000000
v -0.090357 -0.708814 0.000000
v -0.090994 -0.712242 0.000000
v -0.092734 -0.714751 0.000000
v -0.095112 -0.715669 0.000000
v -0.097490 -0.714751 0.000000
v -0.099230 -0.712242 0.000000
v -0.099867 -0.708814 0.000000
v -0.098324 -0.705386 -0.013454
v -0.096600 -0.702877 -0.013221
v -0.094243 -0.701959 -0.012902
v -0.091887 -0.702877 -0.012583
v -0.090162 -0.705386 -0.012350
v -0.089531 -0.708814 -0.012265
v -0.090162 -0.712242 -0.012350
v -0.091887 -0.714751 -0.012583
v -0.094243 -0.715669 -0.012902
v -0.096600 -0.714751 -0.013221
v -0.098324 -0.712242 -0.013454
v -0.098956 -0.708814 -0.013539
v -0.095685 -0.705386 -0.026368
v -0.094006 -0.702877 -0.025907
v -0.091714 -0.701959 -0.025278
v -0.089421 -0.702877 -0.024648
v -0.087742 -0.705386 -0.024187
v -0.087128 -0.708814 -0.024018
v -0.087742 -0.712242 -0.024187
v -0.089421 -0.714751 -0.024648
v -0.091714 -0.715669 -0.025278
v -0.094006 -0.714751 -0.025907
v -0.095685 -0.712242 -0.026368
v -0.096299 -0.708814 -0.026537
v -0.091429 -0.705386 -0.038616
v -0.089826 -0.702877 -0.037939
v -0.087636 -0.701959 -0.037013
v -0.085446 -0.702877 -0.036088
v -0.083842 -0.705386 -0.035410
v -0.083256 -0.708814 -0.035162
v -0.083842 -0.712242 -0.035410
v -0.085446 -0.714751 -0.036088
v -0.087636 -0.715669 -0.037013
v -0.089826 -0.714751 -0.037939
v -0.091429 -0.712242 -0.038616
v -0.092016 -0.708814 -0.038864
v -0.085678 -0.705386 -0.050076
v -0.084176 -0.702877 -0.049197
v -0.082124 -0.701959 -0.047995
v -0.080072 -0.702877 -0.046794
v -0.078570 -0.705386 -0.045915
v -0.078020 -0.708814 -0.045593
v -0.078570 -0.712242 -0.045915
v -0.080072 -0.714751 -0.046794
v -0.082124 -0.715669 -0.047995
v -0.084176 -0.714751 -0.049196
v -0.085678 -0.712242 -0.050076
v -0.086227 -0.708814 -0.050398
v -0.078549 -0.705386 -0.060628
v -0.077172 -0.702877 -0.059564
v -0.075291 -0.701959 -0.058110
v -0.073409 -0.702877 -0.056656
v -0.072032 -0.705386 -0.055592
v -0.071528 -0.708814 -0.055202
v -0.072032 -0.712242 -0.055592
v -0.073409 -0.714751 -0.056656
v -0.075291 -0.715669 -0.058110
v -0.077172 -0.714751 -0.059564
v -0.078549 -0.712242 -0.060628
v -0.079053 -0.708814 -0.061018
v -0.070162 -0.705386 -0.070157
v -0.068931 -0.702877 -0.068926
v -0.067250 -0.701959 -0.067245
v -0.065569 -0.702877 -0.065563
v -0.064338 -0.705386 -0.064333
v -0.063888 -0.708814 -0.063882
v -0.064338 -0.712242 -0.064333
v -0.065569 -0.714751 -0.065563
v -0.067250 -0.715669 -0.067245
v -0.068931 -0.714751 -0.068926
v -0.070162 -0.712242 -0.070157
v -0.070613 -0.708814 -0.070607
v -0.060634 -0.705386 -0.078544
v -0.059570 -0.702877 -0.077166
v -0.058116 -0.701959 -0.075285
v -0.056662 -0.702877 -0.073404
v -0.055597 -0.705386 -0.072027
v -0.055208 -0.708814 -0.071522
v -0.055597 -0.712242 -0.072027
v -0.056662 -0.714751 -0.073404
v -0.058116 -0.715669 -0.075285
v -0.059570 -0.714751 -0.077166
v -0.060634 -0.712242 -0.078544
v -0.061024 -0.708814 -0.079048
v -0.050081 -0.705386 -0.085672
v -0.049202 -0.702877 -0.084170
v -0.048001 -0.701959 -0.082118
v -0.046800 -0.702877 -0.080066
v -0.045920 -0.705386 -0.078564
v -0.045598 -0.708814 -0.078014
v -0.045920 -0.712242 -0.078564
v -0.046800 -0.714751 -0.080066
v -0.048001 -0.715669 -0.082118
v -0.049202 -0.714751 -0.084170
v -0.050081 -0.712242 -0.085672
v -0.050403 -0.708814 -0.086222
v -0.038622 -0.705386 -0.091424
v -0.037944 -0.702877 -0.089820
v -0.037019 -0.701959 -0.087630
v -0.036093 -0.702877 -0.085440
v -0.035416 -0.705386 -0.083837
v -0.035168 -0.708814 -0.083250
v -0.035416 -0.712242 -0.083837
v -0.036093 -0.714751 -0.085440
v -0.037019 -0.715669 -0.087630
v -0.037944 -0.714751 -0.089820
v -0.038622 -0.712242 -0.091424
v -0.038870 -0.708814 -0.092011
v -0.026374 -0.705386 -0.095679
v -0.025913 -0.702877 -0.094001
v -0.025283 -0.701959 -0.091708
v -0.024654 -0.702877 -0.089415
v -0.024193 -0.705386 -0.087737
v -0.024024 -0.708814 -0.087122
v -0.024193 -0.712242 -0.087737
v -0.024654 -0.714751 -0.089415
v -0.025283 -0.715669 -0.091708
v -0.025913 -0.714751 -0.094001
v -0.026374 -0.712242 -0.095679
v -0.026543 -0.708814 -0.096293
v -0.013460 -0.705386 -0.098319
v -0.013226 -0.702877 -0.096594
v -0.012908 -0.701959 -0.094238
v -0.012589 -0.702877 -0.091882
v -0.012356 -0.705386 -0.090157
v -0.012270 -0.708814 -0.089525
v -0.012356 -0.712242 -0.090157
v -0.012589 -0.714751 -0.091882
v -0.012908 -0.715669 -0.094238
v -0.013226 -0.714751 -0.096594
v -0.013460 -0.712242 -0.098319
v -0.013545 -0.708814 -0.098950
v -0.000006 -0.705386 -0.099224
v -0.000006 -0.702877 -0.097484
v -0.000006 -0.701959 -0.095106
v -0.000006 -0.702877 -0.092729
v -0.000006 -0.705386 -0.090988
v -0.000006 -0.708814 -0.090351
v -0.000006 -0.712242 -0.090988
v -0.000006 -0.714751 -0.092729
v -0.000006 -0.715669 -0.095106
v -0.000006 -0.714751 -0.097484
v -0.000006 -0.712242 -0.099224
v -0.000006 -0.708814 -0.099862
v 0.013449 -0.705386 -0.098319
v 0.013215 -0.702877 -0.096594
v 0.012897 -0.701959 -0.094238
v 0.012578 -0.702877 -0.091882
v 0.012345 -0.705386 -0.090157
v 0.012259 -0.708814 -0.089525
v 0.012345 -0.712242 -0.090157
v 0.012578 -0.714751 -0.091882
v 0.012897 -0.715669 -0.094238
v 0.013215 -0.714751 -0.096594
v 0.013449 -0.712242 -0.098319
v 0.013534 -0.708814 -0.098950
v 0.026363 -0.705386 -0.095679
v 0.025902 -0.702877 -0.094001
v 0.025272 -0.701959 -0.091708
v 0.024643 -0.702877 -0.089415
v 0.024182 -0.705386 -0.087737
v 0.024013 -0.708814 -0.087122
v 0.024182 -0.712242 -0.087737
v 0.024643 -0.714751 -0.089415
v 0.025272 -0.715669 -0.091708
v 0.025902 -0.714751 -0.094001
v 0.026363 -0.712242 -0.095679
v 0.026532 -0.708814 -0.096293
v 0.038611 -0.705386 -0.091424
v 0.037933 -0.702877 -0.089820
v 0.037008 -0.701959 -0.087630
v 0.036082 -0.702877 -0.085440
v 0.035405 -0.705386 -0.083837
v 0.035157 -0.708814 -0.083250
v 0.035405 -0.712242 -0.083837
v 0.036082 -0.714751 -0.085440
v 0.037008 -0.715669 -0.087630
v 0.037933 -0.714751 -0.089820
v 0.038611 -0.712242 -0.091424
v 0.038859 -0.708814 -0.092011
v 0.050070 -0.705386 -0.085672
v 0.049191 -0.702877 -0.084170
v 0.047990 -0.701959 -0.082118
v 0.046788 -0.702877 -0.080066
v 0.045909 -0.705386 -0.078564
v 0.045587 -0.708814 -0.078014
v 0.045909 -0.712242 -0.078564
v 0.046788 -0.714751 -0.080066
v 0.047990 -0.715669 -0.082118
v 0.049191 -0.714751 -0.084170
v 0.050070 -0.712242 -0.085672
v 0.050392 -0.708814 -0.086222
v 0.060623 -0.705386 -0.078544
v 0.059559 -0.702877 -0.077166
v 0.058105 -0.701959 -0.075285
v 0.056651 -0.702877 -0.073404
v 0.055586 -0.705386 -0.072027
v 0.055197 -0.708814 -0.071522
v 0.055586 -0.712242 -0.072027
v 0.056651 -0.714751 -0.073404
v 0.058105 -0.715669 -0.075285
v 0.059559 -0.714751 -0.077166
v 0.060623 -0.712242 -0.078544
v 0.061013 -0.708814 -0.079048
v 0.070151 -0.705386 -0.070157
v 0.068920 -0.702877 -0.068926
v 0.067239 -0.701959 -0.067245
v 0.065558 -0.702877 -0.065563
v 0.064327 -0.705386 -0.064333
v 0.063877 -0.708814 -0.063882
v 0.064327 -0.712242 -0.064333
v 0.065558 -0.714751 -0.065563
v 0.067239 -0.715669 -0.067245
v 0.068920 -0.714751 -0.068926
v 0.070151 -0.712242 -0.070157
v 0.070602 -0.708814 -0.070607
v 0.078538 -0.705386 -0.060628
v 0.077161 -0.702877 -0.059564
v 0.075280 -0.701959 -0.058110
v 0.073398 -0.702877 -0.056656
v 0.072021 -0.705386 -0.055592
v 0.071517 -0.708814 -0.055202
v 0.072021 -0.712242 -0.055592
v 0.073398 -0.714751 -0.056656
v 0.075280 -0.715669 -0.058110
v 0.077161 -0.714751 -0.059564
v 0.078538 -0.712242 -0.060628
v 0.079042 -0.708814 -0.061018
v 0.085667 -0.705386 -0.050076
v 0.084164 -0.702877 -0.049196
v 0.082113 -0.701959 -0.047995
v 0.080061 -0.702877 -0.046794
v 0.078559 -0.705386 -0.045915
v 0.078009 -0.708814 -0.045593
v 0.078559 -0.712242 -0.045915
v 0.080061 -0.714751 -0.046794
v 0.082113 -0.715669 -0.047995
v 0.084164 -0.714751 -0.049196
v 0.085667 -0.712242 -0.050076
v 0.086216 -0.708814 -0.050398
v 0.091418 -0.705386 -0.038616
v 0.089815 -0.702877 -0.037939
v 0.087625 -0.701959 -0.037013
v 0.085435 -0.702877 -0.036088
v 0.083831 -0.705386 -0.035410
v 0.083244 -0.708814 -0.035162
v 0.083831 -0.712242 -0.035410
v 0.085435 -0.714751 -0.036088
v 0.087625 -0.715669 -0.037013
v 0.089815 -0.714751 -0.037939
v 0.091418 -0.712242 -0.038616
v 0.092005 -0.708814 -0.038864
v 0.095674 -0.705386 -0.026368
v 0.093995 -0.702877 -0.025907
v 0.091702 -0.701959 -0.025278
v 0.089410 -0.702877 -0.024648
v 0.087731 -0.705386 -0.024187
v 0.087117 -0.708814 -0.024018
v 0.087731 -0.712242 -0.024187
v 0.089410 -0.714751 -0.024648
v 0.091702 -0.715669 -0.025278
v 0.093995 -0.714751 -0.025907
v 0.095674 -0.712242 -0.026368
v 0.096288 -0.708814 -0.026537
v 0.098313 -0.705386 -0.013454
v 0.096588 -0.702877 -0.013221
v 0.094232 -0.701959 -0.012902
v 0.091876 -0.702877 -0.012583
v 0.090151 -0.705386 -0.012350
v 0.089520 -0.708814 -0.012265
v 0.090151 -0.712242 -0.012350
v 0.091876 -0.714751 -0.012583
v 0.094232 -0.715669 -0.012902
v 0.096588 -0.714751 -0.013221
v 0.098313 -0.712242 -0.013454
v 0.098945 -0.708814 -0.013539
v 0.099219 -0.705386 0.000000
v 0.097478 -0.702877 0.000000
v 0.095101 -0.701959 0.000000
v 0.092723 -0.702877 0.000000
v 0.090982 -0.705386 0.000000
v 0.090345 -0.708814 0.000000
v 0.090982 -0.712242 0.000000
v 0.092723 -0.714751 0.000000
v 0.095101 -0.715669 0.000000
v 0.097478 -0.714751 0.000000
v 0.099219 -0.712242 0.000000
v 0.099856 -0.708814 0.000000
v 0.098313 -0.705386 0.013454
v 0.096588 -0.702877 0.013221
v 0.094232 -0.701959 0.012902
v 0.091876 -0.702877 0.012584
v 0.090151 -0.705386 0.012350
v 0.089520 -0.708814 0.012265
v 0.090151 -0.712242 0.012350
v 0.091876 -0.714751 0.012584
v 0.094232 -0.715669 0.012902
v 0.096588 -0.714751 0.013221
v 0.098313 -0.712242 0.013454
v 0.098945 -0.708814 0.013540
v 0.095674 -0.705386 0.026368
v 0.093995 -0.702877 0.025907
v 0.091702 -0.701959 0.025278
v 0.089410 -0.702877 0.024648
v 0.087731 -0.705386 0.024187
v 0.087117 -0.708814 0.024018
v 0.087731 -0.712242 0.024187
v 0.089410 -0.714751 0.024648
v 0.091702 -0.715669 0.025278
v 0.093995 -0.714751 0.025907
v 0.095674 -0.712242 0.026368
v 0.096288 -0.708814 0.026537
v 0.091418 -0.705386 0.038616
v 0.089815 -0.702877 0.037939
v 0.087625 -0.701959 0.037013
v 0.085434 -0.702877 0.036088
v 0.083831 -0.705386 0.035410
v 0.083244 -0.708814 0.035162
v 0.083831 -0.712242 0.035410
v 0.085434 -0.714751 0.036088
v 0.087625 -0.715669 0.037013
v 0.089815 -0.714751 0.037939
v 0.091418 -0.712242 0.038616
v 0.092005 -0.708814 0.038864
v 0.085667 -0.705386 0.050076
v 0.084164 -0.702877 0.049197
v 0.082113 -0.701959 0.047995
v 0.080061 -0.702877 0.046794
v 0.078559 -0.705386 0.045915
v 0.078009 -0.708814 0.045593
v 0.078559 -0.712242 0.045915
v 0.080061 -0.714751 0.046794
v 0.082113 -0.715669 0.047995
v 0.084164 -0.714751 0.049197
v 0.085667 -0.712242 0.050076
v 0.086216 -0.708814 0.050398
v 0.078538 -0.705386 0.060628
v 0.077161 -0.702877 0.059564
v 0.075280 -0.701959 0.058110
v 0.073398 -0.702877 0.056656
v 0.072021 -0.705386 0.055592
v 0.071517 -0.708814 0.055202
v 0.072021 -0.712242 0.055592
v 0.073398 -0.714751 0.056656
v 0.075280 -0.715669 0.058110
v 0.077161 -0.714751 0.059564
v 0.078538 -0.712242 0.060628
v 0.079042 -0.708814 0.061018
v 0.070151 -0.705386 0.070157
v 0.068920 -0.702877 0.068926
v 0.067239 -0.701959 0.067245
v 0.065558 -0.702877 0.065563
v 0.064327 -0.705386 0.064333
v 0.063877 -0.708814 0.063882
v 0.064327 -0.712242 0.064333
v 0.065558 -0.714751 0.065563
v 0.067239 -0.715669 0.067245
v 0.068920 -0.714751 0.068926
v 0.070151 -0.712242 0.070157
v 0.070602 -0.708814 0.070607
v 0.060623 -0.705386 0.078544
v 0.059559 -0.702877 0.077166
v 0.058105 -0.701959 0.075285
v 0.056651 -0.702877 0.073404
v 0.055586 -0.705386 0.072027
v 0.055197 -0.708814 0.071522
v 0.055586 -0.712242 0.072027
v 0.056651 -0.714751 0.073404
v 0.058105 -0.715669 0.075285
v 0.059559 -0.714751 0.077166
v 0.060623 -0.712242 0.078544
v 0.061013 -0.708814 0.079048
v 0.050070 -0.705386 0.085672
v 0.049191 -0.702877 0.084170
v 0.047990 -0.701959 0.082118
v 0.046788 -0.702877 0.080066
v 0.045909 -0.705386 0.078564
v 0.045587 -0.708814 0.078014
v 0.045909 -0.712242 0.078564
v 0.046788 -0.714751 0.080066
v 0.047990 -0.715669 0.082118
v 0.049191 -0.714751 0.084170
v 0.050070 -0.712242 0.085672
v 0.050392 -0.708814 0.086222
v 0.038611 -0.705386 0.091424
v 0.037933 -0.702877 0.089820
v 0.037008 -0.701959 0.087630
v 0.036082 -0.702877 0.085440
v 0.035405 -0.705386 0.083837
v 0.035157 -0.708814 0.083250
v 0.035405 -0.712242 0.083837
v 0.036082 -0.714751 0.085440
v 0.037008 -0.715669 0.087630
v 0.037933 -0.714751 0.089820
v 0.038611 -0.712242 0.091424
v 0.038859 -0.708814 0.092011
v 0.026363 -0.705386 0.095679
v 0.025902 -0.702877 0.094001
v 0.025272 -0.701959 0.091708
v 0.024643 -0.702877 0.089415
v 0.024182 -0.705386 0.087737
v 0.024013 -0.708814 0.087122
v 0.024182 -0.712242 0.087737
v 0.024643 -0.714751 0.089415
v 0.025272 -0.715669 0.091708
v 0.025902 -0.714751 0.094001
v 0.026363 -0.712242 0.095679
v 0.026532 -0.708814 0.096294
v 0.013449 -0.705386 0.098319
v 0.013215 -0.702877 0.096594
v 0.012897 -0.701959 0.094238
v 0.012578 -0.702877 0.091882
v 0.012345 -0.705386 0.090157
v 0.012259 -0.708814 0.089525
v 0.012345 -0.712242 0.090157
v 0.012578 -0.714751 0.091882
v 0.012897 -0.715669 0.094238
v 0.013215 -0.714751 0.096594
v 0.013449 -0.712242 0.098319
v 0.013534 -0.708814 0.098950
v -0.008307 0.707029 -0.020041
v -0.000006 0.707029 -0.021692
v -0.015344 0.707029 -0.015339
v -0.020047 0.707029 -0.008301
v -0.021698 0.707029 0.000000
v -0.020047 0.707029 0.008301
v -0.015344 0.707029 0.015339
v -0.008307 0.707029 0.020041
v -0.000006 0.707029 0.021692
v 0.008296 0.707029 0.020041
v 0.015333 0.707029 0.015339
v 0.020035 0.707029 0.008301
v 0.021687 0.707029 0.000000
v 0.020035 0.707029 -0.008301
v 0.015333 0.707029 -0.015339
v 0.008296 0.707029 -0.020041
v -0.008261 0.722441 -0.019931
v -0.000006 0.722441 -0.021573
v -0.015260 0.722441 -0.015255
v -0.019937 0.722441 -0.008256
v -0.021579 0.722441 0.000000
v -0.019937 0.722441 0.008256
v -0.015260 0.722441 0.015255
v -0.008261 0.722441 0.019931
v -0.000006 0.722441 0.021574
v 0.008250 0.722441 0.019931
v 0.015249 0.722441 0.015255
v 0.019926 0.722441 0.008256
v 0.021568 0.722441 0.000000
v 0.019926 0.722441 -0.008256
v 0.015249 0.722441 -0.015255
v 0.008250 0.722441 -0.019931
v -0.012000 0.770110 0.000000
v -0.011087 0.770110 0.004590
v -0.008487 0.770110 0.008481
v -0.004596 0.770110 0.011081
v -0.000006 0.770110 0.011994
v 0.004584 0.770110 0.011081
v 0.008476 0.770110 0.008481
v 0.011076 0.770110 0.004590
v 0.011989 0.770110 0.000000
v 0.011076 0.770110 -0.004590
v 0.008476 0.770110 -0.008481
v 0.004584 0.770110 -0.011081
v -0.008487 0.770110 -0.008481
v -0.011087 0.770110 -0.004590
v -0.000006 0.770110 -0.011994
v -0.004596 0.770110 -0.011081
v 0.008099 0.728806 -0.019567
v 0.014970 0.728806 -0.014976
v 0.019561 0.728806 -0.008105
v 0.021174 0.728806 0.000000
v 0.019561 0.728806 0.008105
v 0.014970 0.728806 0.014976
v 0.008099 0.728806 0.019567
v -0.000006 0.728806 0.021179
v -0.008110 0.728806 0.019567
v -0.014982 0.728806 0.014976
v -0.019573 0.728806 0.008105
v -0.021185 0.728806 0.000000
v -0.019573 0.728806 -0.008105
v -0.014982 0.728806 -0.014976
v -0.000006 0.728806 -0.021179
v -0.008110 0.728806 -0.019567
v -0.009220 0.707029 -0.022246
v -0.011348 0.712482 -0.027382
v -0.010725 0.708626 -0.025878
v -0.000006 0.712482 -0.029639
v -0.000006 0.707029 -0.024079
v -0.000006 0.708626 -0.028010
v -0.017032 0.707029 -0.017026
v -0.020963 0.712482 -0.020958
v -0.019812 0.708626 -0.019806
v -0.022252 0.707029 -0.009215
v -0.027388 0.712482 -0.011342
v -0.025884 0.708626 -0.010719
v -0.024085 0.707029 0.000000
v -0.029644 0.712482 0.000000
v -0.028016 0.708626 0.000000
v -0.022252 0.707029 0.009215
v -0.027388 0.712482 0.011342
v -0.025884 0.708626 0.010719
v -0.017032 0.707029 0.017026
v -0.020963 0.712482 0.020958
v -0.019812 0.708626 0.019806
v -0.009220 0.707029 0.022246
v -0.011348 0.712482 0.027383
v -0.010725 0.708626 0.025878
v -0.000006 0.707029 0.024079
v -0.000006 0.712482 0.029639
v -0.000006 0.708626 0.028010
v 0.009209 0.707029 0.022246
v 0.011337 0.712482 0.027383
v 0.010713 0.708626 0.025878
v 0.017021 0.707029 0.017026
v 0.020952 0.712482 0.020958
v 0.019801 0.708626 0.019806
v 0.022241 0.707029 0.009215
v 0.027377 0.712482 0.011342
v 0.025873 0.708626 0.010719
v 0.024073 0.707029 0.000000
v 0.029633 0.712482 0.000000
v 0.028005 0.708626 0.000000
v 0.022241 0.707029 -0.009215
v 0.027377 0.712482 -0.011342
v 0.025873 0.708626 -0.010719
v 0.017021 0.707029 -0.017026
v 0.020952 0.712482 -0.020958
v 0.019801 0.708626 -0.019806
v 0.009209 0.707029 -0.022246
v 0.011337 0.712482 -0.027382
v 0.010713 0.708626 -0.025878
v -0.011348 0.716839 -0.027382
v -0.009179 0.722413 -0.022148
v -0.010718 0.720713 -0.025862
v -0.000006 0.722413 -0.023972
v -0.000006 0.716839 -0.029639
v -0.000006 0.720713 -0.027993
v -0.020963 0.716839 -0.020958
v -0.016957 0.722413 -0.016951
v -0.019800 0.720713 -0.019794
v -0.027388 0.716839 -0.011342
v -0.022153 0.722413 -0.009174
v -0.025868 0.720713 -0.010712
v -0.029644 0.716839 0.000000
v -0.023978 0.722413 0.000000
v -0.027999 0.720713 0.000000
v -0.027388 0.716839 0.011342
v -0.022153 0.722413 0.009174
v -0.025868 0.720713 0.010713
v -0.020963 0.716839 0.020958
v -0.016957 0.722413 0.016951
v -0.019800 0.720713 0.019794
v -0.011348 0.716839 0.027383
v -0.009179 0.722413 0.022148
v -0.010718 0.720713 0.025862
v -0.000006 0.716839 0.029639
v -0.000006 0.722413 0.023972
v -0.000006 0.720713 0.027993
v 0.011337 0.716839 0.027383
v 0.009168 0.722413 0.022148
v 0.010707 0.720713 0.025862
v 0.020952 0.716839 0.020958
v 0.016945 0.722413 0.016951
v 0.019788 0.720713 0.019794
v 0.027377 0.716839 0.011342
v 0.022142 0.722413 0.009174
v 0.025857 0.720713 0.010713
v 0.029633 0.716839 0.000000
v 0.023967 0.722413 0.000000
v 0.027987 0.720713 0.000000
v 0.027377 0.716839 -0.011342
v 0.022142 0.722413 -0.009174
v 0.025857 0.720713 -0.010712
v 0.020952 0.716839 -0.020958
v 0.016945 0.722413 -0.016951
v 0.019788 0.720713 -0.019794
v 0.011337 0.716839 -0.027382
v 0.009168 0.722413 -0.022148
v 0.010707 0.720713 -0.025862
v -0.008556 0.727240 -0.020642
v -0.022349 0.727240 0.000000
v -0.020648 0.727240 -0.008550
v 0.020637 0.727240 0.008550
v 0.020637 0.727240 -0.008550
v 0.015793 0.727240 -0.015799
v 0.008545 0.727240 -0.020642
v 0.008545 0.727240 0.020642
v -0.015804 0.727240 -0.015799
v -0.000006 0.727240 -0.022343
v 0.015793 0.727240 0.015799
v -0.000006 0.727240 0.022343
v -0.008556 0.727240 0.020642
v -0.015804 0.727240 0.015799
v -0.020648 0.727240 0.008550
v 0.022337 0.727240 0.000000
v -0.012602 0.759310 0.005218
v -0.014245 0.749458 0.005898
v -0.016650 0.739606 0.006894
v 0.018010 0.739606 0.000000
v 0.015407 0.749458 0.000000
v 0.013628 0.759310 0.000000
v 0.005212 0.759310 -0.012596
v 0.005893 0.749458 -0.014240
v 0.006889 0.739606 -0.016644
v -0.009646 0.759310 0.009641
v -0.010904 0.749458 0.010899
v -0.012744 0.739606 0.012739
v 0.005212 0.759310 0.012596
v 0.005893 0.749458 0.014240
v 0.006889 0.739606 0.016644
v -0.005223 0.759310 0.012596
v -0.005904 0.749458 0.014240
v -0.006900 0.739606 0.016644
v 0.016639 0.739606 -0.006894
v 0.014234 0.749458 -0.005898
v 0.012591 0.759310 -0.005217
v 0.012591 0.759310 0.005218
v 0.014234 0.749458 0.005898
v 0.016639 0.739606 0.006894
v 0.009635 0.759310 0.009641
v 0.010893 0.749458 0.010899
v 0.012733 0.739606 0.012739
v -0.000006 0.759310 0.013634
v -0.000006 0.749458 0.015413
v -0.000006 0.739606 0.018016
v -0.000006 0.739606 -0.018016
v -0.000006 0.749458 -0.015413
v -0.000006 0.759310 -0.013634
v 0.012733 0.739606 -0.012739
v 0.010893 0.749458 -0.010899
v 0.009635 0.759310 -0.009641
v -0.009646 0.759310 -0.009641
v -0.010904 0.749458 -0.010899
v -0.012744 0.739606 -0.012739
v -0.005223 0.759310 -0.012596
v -0.005904 0.749458 -0.014240
v -0.006900 0.739606 -0.016644
v -0.016650 0.739606 -0.006894
v -0.014245 0.749458 -0.005898
v -0.012602 0.759310 -0.005217
v -0.013640 0.759310 0.000000
v -0.015419 0.749458 0.000000
v -0.018021 0.739606 0.000000
v -0.011087 0.777505 -0.004590
v -0.008487 0.777505 -0.008481
v 0.011076 0.777505 -0.004590
v 0.011989 0.777505 0.000000
v -0.004596 0.777505 0.011081
v -0.008487 0.777505 0.008481
v -0.000006 0.777505 -0.011994
v 0.004584 0.777505 -0.011081
v 0.008476 0.777505 0.008481
v 0.004584 0.777505 0.011081
v -0.004596 0.777505 -0.011081
v -0.011087 0.777505 0.004590
v -0.000006 0.777505 0.011994
v 0.011076 0.777505 0.004590
v -0.012000 0.777505 0.000000
v 0.008476 0.777505 -0.008481
v -0.012363 0.775269 -0.005118
v -0.012362 0.772346 -0.005118
v -0.009463 0.772346 -0.009458
v -0.009463 0.775269 -0.009458
v -0.009463 0.775269 0.009458
v -0.009463 0.772346 0.009458
v -0.012362 0.772346 0.005118
v -0.012363 0.775269 0.005118
v -0.000006 0.775269 0.013375
v -0.000006 0.772346 0.013375
v -0.005124 0.772346 0.012357
v -0.005124 0.775269 0.012357
v 0.012351 0.775269 -0.005118
v 0.012351 0.772346 -0.005118
v 0.013370 0.772346 0.000000
v 0.013370 0.775269 0.000000
v 0.012351 0.772346 0.005118
v 0.012351 0.775269 0.005118
v -0.013381 0.772346 0.000000
v -0.013381 0.775269 0.000000
v 0.005113 0.775269 0.012357
v 0.005113 0.772346 0.012357
v 0.009452 0.772346 0.009458
v 0.009452 0.775269 0.009458
v -0.000006 0.775269 -0.013375
v -0.000006 0.772346 -0.013375
v 0.005113 0.772346 -0.012357
v 0.005113 0.775269 -0.012357
v 0.009452 0.775269 -0.009458
v 0.009452 0.772346 -0.009458
v -0.005124 0.775269 -0.012357
v -0.005124 0.772346 -0.012357
v 0.005203 0.797122 -0.005209
v 0.004641 0.798311 -0.004646
v -0.007372 0.797122 0.000000
v -0.006576 0.798311 0.000000
v 0.006800 0.797122 0.002819
v 0.006065 0.798311 0.002515
v -0.000006 0.797122 0.007367
v -0.000006 0.798311 0.006571
v -0.006811 0.797122 0.002819
v -0.006076 0.798311 0.002515
v -0.002825 0.797122 -0.006806
v -0.002520 0.798311 -0.006070
v 0.002814 0.797122 0.006806
v 0.002509 0.798311 0.006070
v 0.005203 0.797122 0.005209
v 0.004641 0.798311 0.004646
v 0.002814 0.797122 -0.006806
v 0.002509 0.798311 -0.006070
v -0.000006 0.797122 -0.007367
v -0.000006 0.798311 -0.006570
v -0.005215 0.797122 0.005209
v -0.004652 0.798311 0.004646
v -0.002825 0.797122 0.006806
v -0.002520 0.798311 0.006070
v 0.007361 0.797122 0.000000
v 0.006565 0.798311 0.000000
v 0.006800 0.797122 -0.002819
v 0.006065 0.798311 -0.002514
v -0.005215 0.797122 -0.005209
v -0.004652 0.798311 -0.004646
v -0.006811 0.797122 -0.002819
v -0.006076 0.798311 -0.002514
v 0.008295 -0.225330 -0.020041
v 0.015333 -0.225330 -0.015339
v -0.000006 -0.225330 0.021692
v -0.008307 -0.225330 0.020041
v -0.008307 -0.225330 -0.020041
v -0.000006 -0.225330 -0.021692
v 0.008295 -0.225330 0.020041
v -0.015345 -0.225330 -0.015339
v 0.015333 -0.225330 0.015339
v -0.020047 -0.225330 -0.008301
v 0.020035 -0.225330 0.008301
v -0.021698 -0.225330 0.000000
v 0.021686 -0.225330 0.000000
v -0.020047 -0.225330 0.008301
v 0.020035 -0.225330 -0.008301
v -0.015345 -0.225330 0.015339
v 0.008295 -0.216153 -0.020041
v -0.000006 -0.216153 0.021692
v -0.008307 -0.216153 -0.020041
v 0.008295 -0.216153 0.020041
v -0.015345 -0.216153 -0.015339
v 0.015333 -0.216153 0.015339
v -0.020047 -0.216153 -0.008301
v 0.020035 -0.216153 0.008301
v -0.021698 -0.216153 0.000000
v 0.021686 -0.216153 0.000000
v -0.020047 -0.216153 0.008301
v 0.020035 -0.216153 -0.008301
v -0.015345 -0.216153 0.015339
v 0.015333 -0.216153 -0.015339
v -0.008307 -0.216153 0.020041
v -0.000006 -0.216153 -0.021692
v -0.000006 0.241885 -0.021692
v -0.000006 0.248991 -0.021692
v -0.008307 0.241885 0.020041
v -0.008307 0.248991 0.020041
v 0.015333 0.241885 -0.015339
v 0.015333 0.248991 -0.015339
v -0.015344 0.248991 0.015339
v -0.015345 0.241885 0.015339
v 0.020035 0.248991 -0.008301
v 0.020035 0.241885 -0.008301
v -0.020047 0.248991 0.008301
v -0.020047 0.241885 0.008301
v 0.021687 0.248991 0.000000
v 0.021686 0.241885 0.000000
v -0.021698 0.248991 0.000000
v -0.021698 0.241885 0.000000
v 0.020035 0.248991 0.008301
v 0.020035 0.241885 0.008301
v -0.020047 0.248991 -0.008301
v -0.020047 0.241885 -0.008301
v 0.015333 0.248991 0.015339
v 0.015333 0.241885 0.015339
v -0.015344 0.248991 -0.015339
v -0.015345 0.241885 -0.015339
v 0.008296 0.248991 0.020041
v 0.008295 0.241885 0.020041
v -0.008307 0.248991 -0.020041
v -0.008307 0.241885 -0.020041
v -0.000006 0.248991 0.021692
v -0.000006 0.241885 0.021692
v 0.008296 0.248991 -0.020041
v 0.008295 0.241885 -0.020041
v 0.019924 -0.218816 -0.019930
v 0.018005 -0.216153 -0.018011
v 0.018005 -0.225330 -0.018011
v 0.019924 -0.222668 -0.019930
v -0.010792 -0.218816 0.026040
v -0.009753 -0.216153 0.023532
v -0.009753 -0.225330 0.023532
v -0.010792 -0.222668 0.026040
v -0.000006 -0.218816 -0.028186
v -0.000006 -0.216153 -0.025471
v -0.000006 -0.225330 -0.025471
v -0.000006 -0.222668 -0.028186
v -0.019936 -0.222668 0.019930
v -0.018017 -0.225330 0.018011
v 0.026034 -0.222668 -0.010786
v 0.023526 -0.225330 -0.009747
v -0.026046 -0.222668 0.010786
v -0.023538 -0.225330 0.009747
v 0.028180 -0.222668 0.000000
v 0.025465 -0.225330 0.000000
v -0.028192 -0.222668 0.000000
v -0.025477 -0.225330 0.000000
v 0.026034 -0.222668 0.010786
v 0.023526 -0.225330 0.009747
v -0.026046 -0.222668 -0.010786
v -0.023538 -0.225330 -0.009747
v 0.019924 -0.222668 0.019930
v 0.018005 -0.225330 0.018011
v -0.019936 -0.222668 -0.019930
v -0.018017 -0.225330 -0.018011
v 0.010780 -0.222668 0.026040
v 0.009741 -0.225330 0.023532
v -0.010792 -0.222668 -0.026040
v -0.009753 -0.225330 -0.023532
v -0.000006 -0.222668 0.028186
v -0.000006 -0.225330 0.025471
v 0.010780 -0.222668 -0.026040
v 0.009741 -0.225330 -0.023532
v 0.009741 -0.216153 -0.023532
v 0.010780 -0.218816 -0.026040
v -0.000006 -0.216153 0.025471
v -0.000006 -0.218816 0.028186
v -0.009753 -0.216153 -0.023532
v -0.010792 -0.218816 -0.026040
v 0.009741 -0.216153 0.023532
v 0.010780 -0.218816 0.026040
v -0.018017 -0.216153 -0.018011
v -0.019936 -0.218816 -0.019930
v 0.018005 -0.216153 0.018011
v 0.019924 -0.218816 0.019930
v -0.023538 -0.216153 -0.009747
v -0.026046 -0.218816 -0.010786
v 0.023526 -0.216153 0.009747
v 0.026034 -0.218816 0.010786
v -0.025477 -0.216153 0.000000
v -0.028192 -0.218816 0.000000
v 0.025465 -0.216153 0.000000
v 0.028180 -0.218816 0.000000
v -0.023538 -0.216153 0.009747
v -0.026046 -0.218816 0.010786
v 0.023526 -0.216153 -0.009747
v 0.026034 -0.218816 -0.010786
v -0.018017 -0.216153 0.018011
v -0.019936 -0.218816 0.019930
v -0.017870 0.246553 0.017865
v -0.016113 0.248991 0.016107
v -0.021051 0.248991 0.008717
v -0.023347 0.246553 0.009668
v 0.008711 0.241885 -0.021045
v 0.009663 0.244323 -0.023341
v 0.008711 0.248991 -0.021045
v 0.009663 0.246553 -0.023341
v -0.021051 0.241885 0.008717
v -0.023347 0.244323 0.009668
v -0.025270 0.244323 0.000000
v -0.022785 0.241885 0.000000
v 0.025259 0.246553 0.000000
v 0.022773 0.248991 0.000000
v 0.021039 0.248991 0.008717
v 0.023336 0.246553 0.009668
v 0.022773 0.241885 0.000000
v 0.025259 0.244323 0.000000
v 0.021039 0.241885 0.008717
v 0.023336 0.244323 0.009668
v 0.017859 0.244323 0.017865
v 0.016101 0.241885 0.016107
v -0.017870 0.244323 -0.017865
v -0.016113 0.241885 -0.016107
v -0.008723 0.241885 -0.021045
v -0.009674 0.244323 -0.023341
v -0.021051 0.248991 -0.008717
v -0.023347 0.246553 -0.009668
v -0.016113 0.248991 -0.016107
v -0.017870 0.246553 -0.017865
v 0.009663 0.246553 0.023341
v 0.008711 0.248991 0.021045
v -0.000006 0.248991 0.022779
v -0.000006 0.246553 0.025265
v -0.025270 0.246553 0.000000
v -0.022784 0.248991 0.000000
v -0.000006 0.244323 -0.025264
v -0.000006 0.241885 -0.022779
v 0.008711 0.241885 0.021045
v 0.009663 0.244323 0.023341
v -0.000006 0.244323 0.025265
v -0.000006 0.241885 0.022779
v 0.017859 0.246553 0.017865
v 0.016101 0.248991 0.016107
v -0.021051 0.241885 -0.008717
v -0.023347 0.244323 -0.009668
v 0.023336 0.246553 -0.009668
v 0.021039 0.248991 -0.008717
v -0.016113 0.241885 0.016107
v -0.017870 0.244323 0.017865
v 0.016101 0.241885 -0.016107
v 0.017859 0.244323 -0.017865
v 0.023336 0.244323 -0.009668
v 0.021039 0.241885 -0.008717
v -0.000006 0.246553 -0.025264
v -0.000006 0.248991 -0.022779
v -0.008723 0.248991 0.021045
v -0.009674 0.246553 0.023341
v -0.009674 0.244323 0.023341
v -0.008723 0.241885 0.021045
v 0.017859 0.246553 -0.017865
v 0.016101 0.248991 -0.016107
v -0.008723 0.248991 -0.021045
v -0.009674 0.246553 -0.023341
v -0.000006 -0.564475 -0.021692
v -0.000006 -0.569324 -0.019644
v -0.008307 -0.564475 -0.020041
v -0.007524 -0.569324 -0.018149
v -0.015345 -0.564475 -0.015339
v -0.013897 -0.569324 -0.013890
v -0.020047 -0.564475 -0.008301
v -0.018155 -0.569324 -0.007517
v -0.021698 -0.564475 0.000000
v -0.019650 -0.569324 0.000000
v -0.020047 -0.564475 0.008301
v -0.018155 -0.569324 0.007518
v -0.015345 -0.564475 0.015339
v -0.013897 -0.569324 0.013891
v -0.008307 -0.564475 0.020041
v -0.007524 -0.569324 0.018149
v -0.000006 -0.564475 0.021692
v -0.000006 -0.569324 0.019644
v 0.008295 -0.564475 0.020041
v 0.007511 -0.569324 0.018149
v 0.015333 -0.564475 0.015339
v 0.013884 -0.569324 0.013891
v 0.020035 -0.564475 0.008301
v 0.018143 -0.569324 0.007518
v 0.021686 -0.564475 0.000000
v 0.019638 -0.569324 0.000000
v 0.020035 -0.564475 -0.008301
v 0.018143 -0.569324 -0.007517
v 0.015333 -0.564475 -0.015339
v 0.013884 -0.569324 -0.013890
v 0.008295 -0.564475 -0.020041
v 0.007511 -0.569324 -0.018149
v -0.000006 0.593561 0.099865
v -0.000006 0.596087 0.098113
v -0.000006 0.597011 0.095720
v -0.000006 0.596087 0.093327
v -0.000006 0.593561 0.091575
v -0.000006 0.590111 0.090934
v -0.000006 0.586661 0.091575
v -0.000006 0.584136 0.093327
v -0.000006 0.583212 0.095720
v -0.000006 0.584136 0.098113
v -0.000006 0.586661 0.099865
v -0.000006 0.590111 0.100506
v -0.026538 0.593561 0.096298
v -0.026077 0.596087 0.094608
v -0.025446 0.597011 0.092300
v -0.024816 0.596087 0.089991
v -0.024355 0.593561 0.088301
v -0.024186 0.590111 0.087683
v -0.024355 0.586661 0.088301
v -0.024816 0.584136 0.089991
v -0.025446 0.583212 0.092300
v -0.026077 0.584136 0.094608
v -0.026538 0.586661 0.096298
v -0.026707 0.590111 0.096917
v -0.050401 0.593561 0.086227
v -0.049517 0.596087 0.084714
v -0.048311 0.597011 0.082648
v -0.047104 0.596087 0.080582
v -0.046220 0.593561 0.079069
v -0.045897 0.590111 0.078515
v -0.046220 0.586661 0.079069
v -0.047104 0.584136 0.080582
v -0.048311 0.583212 0.082648
v -0.049517 0.584136 0.084714
v -0.050401 0.586661 0.086227
v -0.050724 0.590111 0.086781
v -0.070615 0.593561 0.070609
v -0.069376 0.596087 0.069371
v -0.067684 0.597011 0.067679
v -0.065992 0.596087 0.065986
v -0.064753 0.593561 0.064748
v -0.064300 0.590111 0.064294
v -0.064753 0.586661 0.064748
v -0.065992 0.584136 0.065986
v -0.067684 0.583212 0.067679
v -0.069376 0.584136 0.069371
v -0.070615 0.586661 0.070609
v -0.071068 0.590111 0.071063
v -0.086233 0.593561 0.050396
v -0.084720 0.596087 0.049512
v -0.082654 0.597011 0.048305
v -0.080587 0.596087 0.047098
v -0.079075 0.593561 0.046214
v -0.078521 0.590111 0.045891
v -0.079075 0.586661 0.046214
v -0.080587 0.584136 0.047098
v -0.082654 0.583212 0.048305
v -0.084720 0.584136 0.049512
v -0.086233 0.586661 0.050396
v -0.086786 0.590111 0.050719
v -0.096304 0.593561 0.026533
v -0.094614 0.596087 0.026071
v -0.092305 0.597011 0.025441
v -0.089997 0.596087 0.024811
v -0.088307 0.593561 0.024349
v -0.087688 0.590111 0.024180
v -0.088307 0.586661 0.024349
v -0.089997 0.584136 0.024811
v -0.092305 0.583212 0.025441
v -0.094614 0.584136 0.026071
v -0.096304 0.586661 0.026533
v -0.096922 0.590111 0.026702
v -0.099870 0.593561 0.000000
v -0.098119 0.596087 0.000000
v -0.095726 0.597011 0.000000
v -0.093333 0.596087 0.000000
v -0.091581 0.593561 0.000000
v -0.090940 0.590111 0.000000
v -0.091581 0.586661 0.000000
v -0.093333 0.584136 0.000000
v -0.095726 0.583212 0.000000
v -0.098119 0.584136 0.000000
v -0.099870 0.586661 0.000000
v -0.100512 0.590111 0.000000
v -0.096304 0.593561 -0.026533
v -0.094614 0.596087 -0.026071
v -0.092305 0.597011 -0.025441
v -0.089997 0.596087 -0.024810
v -0.088307 0.593561 -0.024349
v -0.087688 0.590111 -0.024180
v -0.088307 0.586661 -0.024349
v -0.089997 0.584136 -0.024810
v -0.092305 0.583212 -0.025441
v -0.094614 0.584136 -0.026071
v -0.096304 0.586661 -0.026533
v -0.096922 0.590111 -0.026701
v -0.086233 0.593561 -0.050395
v -0.084720 0.596087 -0.049512
v -0.082654 0.597011 -0.048305
v -0.080587 0.596087 -0.047098
v -0.079075 0.593561 -0.046214
v -0.078521 0.590111 -0.045891
v -0.079075 0.586661 -0.046214
v -0.080587 0.584136 -0.047098
v -0.082654 0.583212 -0.048305
v -0.084720 0.584136 -0.049512
v -0.086233 0.586661 -0.050395
v -0.086786 0.590111 -0.050719
v -0.070615 0.593561 -0.070609
v -0.069376 0.596087 -0.069371
v -0.067684 0.597011 -0.067678
v -0.065992 0.596087 -0.065986
v -0.064753 0.593561 -0.064748
v -0.064300 0.590111 -0.064294
v -0.064753 0.586661 -0.064748
v -0.065992 0.584136 -0.065986
v -0.067684 0.583212 -0.067678
v -0.069376 0.584136 -0.069371
v -0.070615 0.586661 -0.070609
v -0.071068 0.590111 -0.071063
v -0.050401 0.593561 -0.086227
v -0.049517 0.596087 -0.084714
v -0.048311 0.597011 -0.082648
v -0.047104 0.596087 -0.080582
v -0.046220 0.593561 -0.079069
v -0.045897 0.590111 -0.078515
v -0.046220 0.586661 -0.079069
v -0.047104 0.584136 -0.080582
v -0.048311 0.583212 -0.082648
v -0.049517 0.584136 -0.084714
v -0.050401 0.586661 -0.086227
v -0.050724 0.590111 -0.086781
v -0.026538 0.593561 -0.096298
v -0.026077 0.596087 -0.094608
v -0.025446 0.597011 -0.092300
v -0.024816 0.596087 -0.089991
v -0.024355 0.593561 -0.088301
v -0.024186 0.590111 -0.087683
v -0.024355 0.586661 -0.088301
v -0.024816 0.584136 -0.089991
v -0.025446 0.583212 -0.092300
v -0.026077 0.584136 -0.094608
v -0.026538 0.586661 -0.096298
v -0.026707 0.590111 -0.096917
v -0.000006 0.593561 -0.099865
v -0.000006 0.596087 -0.098113
v -0.000006 0.597011 -0.095720
v -0.000006 0.596087 -0.093327
v -0.000006 0.593561 -0.091575
v -0.000006 0.590111 -0.090934
v -0.000006 0.586661 -0.091575
v -0.000006 0.584136 -0.093327
v -0.000006 0.583212 -0.095720
v -0.000006 0.584136 -0.098113
v -0.000006 0.586661 -0.099865
v -0.000006 0.590111 -0.100506
v 0.026527 0.593561 -0.096298
v 0.026066 0.596087 -0.094608
v 0.025435 0.597011 -0.092300
v 0.024805 0.596087 -0.089991
v 0.024344 0.593561 -0.088301
v 0.024175 0.590111 -0.087683
v 0.024344 0.586661 -0.088301
v 0.024805 0.584136 -0.089991
v 0.025435 0.583212 -0.092300
v 0.026066 0.584136 -0.094608
v 0.026527 0.586661 -0.096298
v 0.026696 0.590111 -0.096917
v 0.050390 0.593561 -0.086227
v 0.049506 0.596087 -0.084714
v 0.048299 0.597011 -0.082648
v 0.047092 0.596087 -0.080582
v 0.046209 0.593561 -0.079069
v 0.045885 0.590111 -0.078515
v 0.046209 0.586661 -0.079069
v 0.047092 0.584136 -0.080582
v 0.048299 0.583212 -0.082648
v 0.049506 0.584136 -0.084714
v 0.050390 0.586661 -0.086227
v 0.050713 0.590111 -0.086781
v 0.070604 0.593561 -0.070609
v 0.069365 0.596087 -0.069371
v 0.067673 0.597011 -0.067678
v 0.065981 0.596087 -0.065986
v 0.064742 0.593561 -0.064748
v 0.064289 0.590111 -0.064294
v 0.064742 0.586661 -0.064748
v 0.065981 0.584136 -0.065986
v 0.067673 0.583212 -0.067678
v 0.069365 0.584136 -0.069371
v 0.070604 0.586661 -0.070609
v 0.071057 0.590111 -0.071063
v 0.086221 0.593561 -0.050395
v 0.084709 0.596087 -0.049512
v 0.082642 0.597011 -0.048305
v 0.080576 0.596087 -0.047098
v 0.079063 0.593561 -0.046214
v 0.078510 0.590111 -0.045891
v 0.079063 0.586661 -0.046214
v 0.080576 0.584136 -0.047098
v 0.082642 0.583212 -0.048305
v 0.084709 0.584136 -0.049512
v 0.086221 0.586661 -0.050395
v 0.086775 0.590111 -0.050719
v 0.096293 0.593561 -0.026533
v 0.094603 0.596087 -0.026071
v 0.092294 0.597011 -0.025441
v 0.089986 0.596087 -0.024811
v 0.088296 0.593561 -0.024349
v 0.087677 0.590111 -0.024180
v 0.088296 0.586661 -0.024349
v 0.089986 0.584136 -0.024811
v 0.092294 0.583212 -0.025441
v 0.094603 0.584136 -0.026071
v 0.096293 0.586661 -0.026533
v 0.096911 0.590111 -0.026701
v 0.099859 0.593561 0.000000
v 0.098107 0.596087 0.000000
v 0.095714 0.597011 0.000000
v 0.093321 0.596087 0.000000
v 0.091570 0.593561 0.000000
v 0.090928 0.590111 0.000000
v 0.091570 0.586661 0.000000
v 0.093321 0.584136 0.000000
v 0.095714 0.583212 0.000000
v 0.098107 0.584136 0.000000
v 0.099859 0.586661 0.000000
v 0.100500 0.590111 0.000000
v 0.096293 0.593561 0.026533
v 0.094603 0.596087 0.026071
v 0.092294 0.597011 0.025441
v 0.089986 0.596087 0.024811
v 0.088296 0.593561 0.024349
v 0.087677 0.590111 0.024180
v 0.088296 0.586661 0.024349
v 0.089986 0.584136 0.024811
v 0.092294 0.583212 0.025441
v 0.094603 0.584136 0.026071
v 0.096293 0.586661 0.026533
v 0.096911 0.590111 0.026702
v 0.086221 0.593561 0.050396
v 0.084709 0.596087 0.049512
v 0.082642 0.597011 0.048305
v 0.080576 0.596087 0.047098
v 0.079063 0.593561 0.046214
v 0.078510 0.590111 0.045891
v 0.079063 0.586661 0.046214
v 0.080576 0.584136 0.047098
v 0.082642 0.583212 0.048305
v 0.084709 0.584136 0.049512
v 0.086221 0.586661 0.050396
v 0.086775 0.590111 0.050719
v 0.070604 0.593561 0.070609
v 0.069365 0.596087 0.069371
v 0.067673 0.597011 0.067679
v 0.065981 0.596087 0.065986
v 0.064742 0.593561 0.064748
v 0.064289 0.590111 0.064294
v 0.064742 0.586661 0.064748
v 0.065981 0.584136 0.065986
v 0.067673 0.583212 0.067679
v 0.069365 0.584136 0.069371
v 0.070604 0.586661 0.070609
v 0.071057 0.590111 0.071063
v 0.050390 0.593561 0.086227
v 0.049506 0.596087 0.084714
v 0.048299 0.597011 0.082648
v 0.047092 0.596087 0.080582
v 0.046209 0.593561 0.079069
v 0.045886 0.590111 0.078515
v 0.046209 0.586661 0.079069
v 0.047092 0.584136 0.080582
v 0.048299 0.583212 0.082648
v 0.049506 0.584136 0.084714
v 0.050390 0.586661 0.086227
v 0.050713 0.590111 0.086781
v 0.026527 0.593561 0.096298
v 0.026066 0.596087 0.094608
v 0.025435 0.597011 0.092300
v 0.024805 0.596087 0.089991
v 0.024344 0.593561 0.088301
v 0.024175 0.590111 0.087683
v 0.024344 0.586661 0.088301
v 0.024805 0.584136 0.089991
v 0.025435 0.583212 0.092300
v 0.026066 0.584136 0.094608
v 0.026527 0.586661 0.096298
v 0.026696 0.590111 0.096917
v 0.120843 0.658282 -0.006942
v 0.122520 0.660690 -0.004008
v 0.123134 0.661571 0.000000
v 0.122520 0.660690 0.004008
v 0.120843 0.658282 0.006942
v 0.118552 0.654994 0.008016
v 0.116261 0.651706 0.006942
v 0.114583 0.649298 0.004008
v 0.113969 0.648417 0.000000
v 0.114583 0.649298 -0.004008
v 0.116261 0.651706 -0.006942
v 0.118552 0.654994 -0.008016
v 0.131093 0.650050 -0.006942
v 0.133105 0.652185 -0.004008
v 0.133842 0.652966 0.000000
v 0.133105 0.652185 0.004008
v 0.131093 0.650050 0.006942
v 0.128343 0.647134 0.008016
v 0.125594 0.644219 0.006942
v 0.123581 0.642084 0.004008
v 0.122844 0.641303 0.000000
v 0.123581 0.642084 -0.004008
v 0.125594 0.644219 -0.006942
v 0.128343 0.647134 -0.008016
v 0.138109 0.642288 -0.006942
v 0.140447 0.644060 -0.004008
v 0.141303 0.644708 0.000000
v 0.140447 0.644060 0.004008
v 0.138109 0.642288 0.006942
v 0.134915 0.639867 0.008016
v 0.131720 0.637446 0.006942
v 0.129382 0.635674 0.004008
v 0.128526 0.635025 0.000000
v 0.129382 0.635674 -0.004008
v 0.131720 0.637446 -0.006942
v 0.134915 0.639867 -0.008016
v 0.142684 0.635022 -0.006942
v 0.145292 0.636365 -0.004008
v 0.146247 0.636856 0.000000
v 0.145292 0.636365 0.004008
v 0.142684 0.635022 0.006942
v 0.139120 0.633188 0.008016
v 0.135557 0.631354 0.006942
v 0.132948 0.630012 0.004008
v 0.131993 0.629520 0.000000
v 0.132948 0.630012 -0.004008
v 0.135557 0.631354 -0.006942
v 0.139120 0.633188 -0.008016
v 0.145442 0.628288 -0.006942
v 0.148240 0.629171 -0.004008
v 0.149264 0.629494 0.000000
v 0.148240 0.629171 0.004008
v 0.145442 0.628288 0.006942
v 0.141620 0.627082 0.008016
v 0.137798 0.625875 0.006942
v 0.135001 0.624992 0.004008
v 0.133977 0.624669 0.000000
v 0.135001 0.624992 -0.004008
v 0.137798 0.625875 -0.006942
v 0.141620 0.627082 -0.008016
v 0.146850 0.622078 -0.006942
v 0.149755 0.622489 -0.004008
v 0.150819 0.622639 0.000000
v 0.149755 0.622489 0.004008
v 0.146850 0.622078 0.006942
v 0.142882 0.621516 0.008016
v 0.138914 0.620954 0.006942
v 0.136009 0.620543 0.004008
v 0.134945 0.620393 0.000000
v 0.136009 0.620543 -0.004008
v 0.138914 0.620954 -0.006942
v 0.142882 0.621516 -0.008016
v 0.147183 0.616312 -0.006942
v 0.150116 0.616214 -0.004008
v 0.151189 0.616179 0.000000
v 0.150116 0.616214 0.004008
v 0.147183 0.616312 0.006942
v 0.143178 0.616446 0.008016
v 0.139172 0.616580 0.006942
v 0.136240 0.616678 0.004008
v 0.135166 0.616714 0.000000
v 0.136240 0.616678 -0.004008
v 0.139172 0.616580 -0.006942
v 0.143178 0.616446 -0.008016
v 0.146499 0.610908 -0.006942
v 0.149357 0.610244 -0.004008
v 0.150403 0.610002 0.000000
v 0.149357 0.610244 0.004008
v 0.146499 0.610908 0.006942
v 0.142595 0.611814 0.008016
v 0.138691 0.612720 0.006942
v 0.135833 0.613383 0.004008
v 0.134787 0.613626 0.000000
v 0.135833 0.613383 -0.004008
v 0.138691 0.612720 -0.006942
v 0.142595 0.611814 -0.008016
v 0.144768 0.605867 -0.006942
v 0.147431 0.604636 -0.004008
v 0.148406 0.604186 0.000000
v 0.147431 0.604636 0.004008
v 0.144768 0.605867 0.006942
v 0.141129 0.607548 0.008016
v 0.137491 0.609229 0.006942
v 0.134828 0.610459 0.004008
v 0.133853 0.610910 0.000000
v 0.134828 0.610459 -0.004008
v 0.137491 0.609229 -0.006942
v 0.141129 0.607548 -0.008016
v 0.142031 0.601235 -0.006942
v 0.144416 0.599525 -0.004008
v 0.145289 0.598900 0.000000
v 0.144416 0.599525 0.004008
v 0.142031 0.601235 0.006942
v 0.138774 0.603570 0.008016
v 0.135516 0.605905 0.006942
v 0.133132 0.607614 0.004008
v 0.132259 0.608239 0.000000
v 0.133132 0.607614 -0.004008
v 0.135516 0.605905 -0.006942
v 0.138774 0.603570 -0.008016
v 0.138392 0.596984 -0.006942
v 0.140486 0.594930 -0.004008
v 0.141253 0.594177 0.000000
v 0.140486 0.594930 0.004008
v 0.138392 0.596984 0.006942
v 0.135531 0.599791 0.008016
v 0.132670 0.602598 0.006942
v 0.130576 0.604652 0.004008
v 0.129809 0.605405 0.000000
v 0.130576 0.604652 -0.004008
v 0.132670 0.602598 -0.006942
v 0.135531 0.599791 -0.008016
v 0.133937 0.593005 -0.006942
v 0.135787 0.590727 -0.004008
v 0.136464 0.589894 0.000000
v 0.135787 0.590727 0.004008
v 0.133937 0.593005 0.006942
v 0.131410 0.596115 0.008016
v 0.128883 0.599226 0.006942
v 0.127033 0.601504 0.004008
v 0.126356 0.602337 0.000000
v 0.127033 0.601504 -0.004008
v 0.128883 0.599226 -0.006942
v 0.131410 0.596115 -0.008016
v 0.128716 0.589146 -0.006942
v 0.130389 0.586736 -0.004008
v 0.131002 0.585854 0.000000
v 0.130389 0.586736 0.004008
v 0.128716 0.589146 0.006942
v 0.126429 0.592438 0.008016
v 0.124143 0.595730 0.006942
v 0.122469 0.598139 0.004008
v 0.121857 0.599021 0.000000
v 0.122469 0.598139 -0.004008
v 0.124143 0.595730 -0.006942
v 0.126429 0.592438 -0.008016
v 0.122752 0.585254 -0.006942
v 0.124317 0.582772 -0.004008
v 0.124890 0.581864 0.000000
v 0.124317 0.582772 0.004008
v 0.122752 0.585254 0.006942
v 0.120614 0.588644 0.008016
v 0.118476 0.592034 0.006942
v 0.116911 0.594515 0.004008
v 0.116338 0.595424 0.000000
v 0.116911 0.594515 -0.004008
v 0.118476 0.592034 -0.006942
v 0.120614 0.588644 -0.008016
v 0.116066 0.581179 -0.006942
v 0.117579 0.578665 -0.004008
v 0.118133 0.577745 0.000000
v 0.117579 0.578665 0.004008
v 0.116066 0.581179 0.006942
v 0.113998 0.584612 0.008016
v 0.111931 0.588046 0.006942
v 0.110418 0.590559 0.004008
v 0.109864 0.591479 0.000000
v 0.110418 0.590559 -0.004008
v 0.111931 0.588046 -0.006942
v 0.113998 0.584612 -0.008016
v 0.108700 0.576797 -0.006942
v 0.110205 0.574278 -0.004008
v 0.110755 0.573356 0.000000
v 0.110205 0.574278 0.004008
v 0.108700 0.576797 0.006942
v 0.106645 0.580238 0.008016
v 0.104590 0.583679 0.006942
v 0.103086 0.586198 0.004008
v 0.102535 0.587120 0.000000
v 0.103086 0.586198 -0.004008
v 0.104590 0.583679 -0.006942
v 0.106645 0.580238 -0.008016
v 0.100744 0.572027 -0.006942
v 0.102270 0.569521 -0.004008
v 0.102829 0.568603 0.000000
v 0.102270 0.569521 0.004008
v 0.100744 0.572027 0.006942
v 0.098660 0.575450 0.008016
v 0.096576 0.578873 0.006942
v 0.095050 0.581379 0.004008
v 0.094491 0.582296 0.000000
v 0.095050 0.581379 -0.004008
v 0.096576 0.578873 -0.006942
v 0.098660 0.575450 -0.008016
v 0.092340 0.566830 -0.006942
v 0.093909 0.564351 -0.004008
v 0.094484 0.563444 0.000000
v 0.093910 0.564351 0.004008
v 0.092340 0.566830 0.006942
v 0.090195 0.570216 0.008016
v 0.088051 0.573602 0.006942
v 0.086481 0.576080 0.004008
v 0.085906 0.576988 0.000000
v 0.086481 0.576080 -0.004008
v 0.088051 0.573602 -0.006942
v 0.090195 0.570216 -0.008016
v 0.083678 0.561212 -0.006942
v 0.085310 0.558774 -0.004008
v 0.085908 0.557882 0.000000
v 0.085310 0.558774 0.004008
v 0.083678 0.561212 0.006942
v 0.081448 0.564542 0.008016
v 0.079218 0.567872 0.006942
v 0.077586 0.570310 0.004008
v 0.076988 0.571202 0.000000
v 0.077586 0.570310 -0.004008
v 0.079218 0.567872 -0.006942
v 0.081448 0.564542 -0.008016
v 0.075003 0.555218 -0.006942
v 0.076716 0.552836 -0.004008
v 0.077343 0.551964 0.000000
v 0.076716 0.552836 0.004008
v 0.075003 0.555218 0.006942
v 0.072663 0.558472 0.008016
v 0.070323 0.561726 0.006942
v 0.068610 0.564107 0.004008
v 0.067983 0.564979 0.000000
v 0.068610 0.564107 -0.004008
v 0.070323 0.561726 -0.006942
v 0.072663 0.558472 -0.008016
v 0.066608 0.548938 -0.006942
v 0.068423 0.546632 -0.004008
v 0.069087 0.545789 0.000000
v 0.068423 0.546632 0.004008
v 0.066608 0.548938 0.006942
v 0.064129 0.552087 0.008016
v 0.061650 0.555236 0.006942
v 0.059836 0.557542 0.004008
v 0.059171 0.558385 0.000000
v 0.059836 0.557542 -0.004008
v 0.061650 0.555236 -0.006942
v 0.064129 0.552087 -0.008016
v 0.058830 0.542501 -0.006942
v 0.060772 0.540302 -0.004008
v 0.061483 0.539497 0.000000
v 0.060772 0.540302 0.004008
v 0.058830 0.542501 0.006942
v 0.056177 0.545505 0.008016
v 0.053523 0.548508 0.006942
v 0.051581 0.550707 0.004008
v 0.050870 0.551512 0.000000
v 0.051581 0.550707 -0.004008
v 0.053523 0.548508 -0.006942
v 0.056177 0.545505 -0.008016
v 0.051975 0.536045 -0.006942
v 0.054073 0.533994 -0.004008
v 0.054841 0.533243 0.000000
v 0.054073 0.533994 0.004008
v 0.051975 0.536045 0.006942
v 0.049109 0.538846 0.008016
v 0.046242 0.541647 0.006942
v 0.044144 0.543698 0.004008
v 0.043376 0.544449 0.000000
v 0.044144 0.543698 -0.004008
v 0.046242 0.541647 -0.006942
v 0.049109 0.538846 -0.008016
v 0.046251 0.529686 -0.006942
v 0.048531 0.527839 -0.004008
v 0.049366 0.527163 0.000000
v 0.048531 0.527839 0.004008
v 0.046251 0.529686 0.006942
v 0.043136 0.532208 0.008016
v 0.040022 0.534730 0.006942
v 0.037742 0.536577 0.004008
v 0.036907 0.537252 0.000000
v 0.037742 0.536577 -0.004008
v 0.040022 0.534730 -0.006942
v 0.043136 0.532208 -0.008016
v 0.041756 0.523508 -0.006942
v 0.044232 0.521934 -0.004008
v 0.045138 0.521358 0.000000
v 0.044232 0.521934 0.004008
v 0.041756 0.523508 0.006942
v 0.038373 0.525658 0.008016
v 0.034991 0.527808 0.006942
v 0.032515 0.529382 0.004008
v 0.031609 0.529958 0.000000
v 0.032515 0.529382 -0.004008
v 0.034991 0.527808 -0.006942
v 0.038373 0.525658 -0.008016
v 0.038471 0.517551 -0.006942
v 0.041133 0.516317 -0.004008
v 0.042107 0.515865 0.000000
v 0.041133 0.516317 0.004008
v 0.038471 0.517551 0.006942
v 0.034835 0.519237 0.008016
v 0.031199 0.520922 0.006942
v 0.028537 0.522156 0.004008
v 0.027563 0.522608 0.000000
v 0.028537 0.522156 -0.004008
v 0.031199 0.520922 -0.006942
v 0.034835 0.519237 -0.008016
v 0.036270 0.511782 -0.006942
v 0.039076 0.510924 -0.004008
v 0.040103 0.510610 0.000000
v 0.039076 0.510924 0.004008
v 0.036270 0.511782 0.006942
v 0.032438 0.512955 0.008016
v 0.028605 0.514127 0.006942
v 0.025800 0.514985 0.004008
v 0.024773 0.515299 0.000000
v 0.025800 0.514985 -0.004008
v 0.028605 0.514127 -0.006942
v 0.032438 0.512955 -0.008016
v 0.034947 0.506095 -0.006942
v 0.037836 0.505582 -0.004008
v 0.038893 0.505394 0.000000
v 0.037836 0.505582 0.004008
v 0.034947 0.506095 0.006942
v 0.031001 0.506796 0.008016
v 0.027055 0.507496 0.006942
v 0.024166 0.508009 0.004008
v 0.023109 0.508197 0.000000
v 0.024166 0.508009 -0.004008
v 0.027055 0.507496 -0.006942
v 0.031001 0.506796 -0.008016
v 0.034246 0.500361 -0.006942
v 0.037168 0.500100 -0.004008
v 0.038238 0.500004 0.000000
v 0.037168 0.500100 0.004008
v 0.034246 0.500361 0.006942
v 0.030254 0.500717 0.008016
v 0.026262 0.501073 0.006942
v 0.023339 0.501334 0.004008
v 0.022270 0.501429 0.000000
v 0.023339 0.501334 -0.004008
v 0.026262 0.501073 -0.006942
v 0.030254 0.500717 -0.008016
v 0.033922 0.494519 -0.006942
v 0.036853 0.494406 -0.004008
v 0.037927 0.494365 0.000000
v 0.036853 0.494406 0.004008
v 0.033922 0.494519 0.006942
v 0.029917 0.494673 0.008016
v 0.025912 0.494827 0.006942
v 0.022980 0.494939 0.004008
v 0.021907 0.494981 0.000000
v 0.022980 0.494939 -0.004008
v 0.025912 0.494827 -0.006942
v 0.029917 0.494673 -0.008016
v 0.033796 0.488583 -0.006942
v 0.036730 0.488543 -0.004008
v 0.037804 0.488529 0.000000
v 0.036730 0.488543 0.004008
v 0.033797 0.488583 0.006942
v 0.029789 0.488638 0.008016
v 0.025782 0.488692 0.006942
v 0.022848 0.488732 0.004008
v 0.021774 0.488746 0.000000
v 0.022848 0.488732 -0.004008
v 0.025782 0.488692 -0.006942
v 0.029789 0.488638 -0.008016
v 0.033761 0.482604 -0.006942
v 0.036695 0.482601 -0.004008
v 0.037769 0.482600 0.000000
v 0.036695 0.482601 0.004008
v 0.033761 0.482604 0.006942
v 0.029753 0.482609 0.008016
v 0.025745 0.482613 0.006942
v 0.022811 0.482617 0.004008
v 0.021737 0.482618 0.000000
v 0.022811 0.482617 -0.004008
v 0.025745 0.482613 -0.006942
v 0.029753 0.482609 -0.008016
v 0.033783 0.476658 -0.006942
v 0.036717 0.476696 -0.004008
v 0.037791 0.476710 0.000000
v 0.036717 0.476696 0.004008
v 0.033783 0.476658 0.006942
v 0.029776 0.476605 0.008016
v 0.025768 0.476553 0.006942
v 0.022834 0.476515 0.004008
v 0.021761 0.476501 0.000000
v 0.022834 0.476515 -0.004008
v 0.025768 0.476553 -0.006942
v 0.029776 0.476605 -0.008016
v 0.033912 0.470845 -0.006942
v 0.036843 0.470973 -0.004008
v 0.037916 0.471020 0.000000
v 0.036843 0.470973 0.004008
v 0.033912 0.470845 0.006942
v 0.029908 0.470669 0.008016
v 0.025904 0.470494 0.006942
v 0.022973 0.470366 0.004008
v 0.021900 0.470319 0.000000
v 0.022973 0.470366 -0.004008
v 0.025904 0.470494 -0.006942
v 0.029908 0.470669 -0.008016
v 0.034271 0.465293 -0.006942
v 0.037189 0.465606 -0.004008
v 0.038256 0.465721 0.000000
v 0.037189 0.465606 0.004008
v 0.034272 0.465293 0.006942
v 0.030287 0.464865 0.008016
v 0.026302 0.464438 0.006942
v 0.023384 0.464125 0.004008
v 0.022317 0.464010 0.000000
v 0.023384 0.464125 -0.004008
v 0.026302 0.464438 -0.006942
v 0.030287 0.464865 -0.008016
v 0.035040 0.460129 -0.006942
v 0.037907 0.460752 -0.004008
v 0.038957 0.460979 0.000000
v 0.037907 0.460752 0.004008
v 0.035040 0.460129 0.006942
v 0.031124 0.459278 0.008016
v 0.027207 0.458427 0.006942
v 0.024340 0.457805 0.004008
v 0.023291 0.457577 0.000000
v 0.024340 0.457805 -0.004008
v 0.027207 0.458427 -0.006942
v 0.031124 0.459278 -0.008016
v 0.036385 0.455417 -0.006942
v 0.039129 0.456456 -0.004008
v 0.040133 0.456836 0.000000
v 0.039129 0.456456 0.004008
v 0.036385 0.455417 0.006942
v 0.032637 0.453997 0.008016
v 0.028889 0.452578 0.006942
v 0.026145 0.451539 0.004008
v 0.025141 0.451158 0.000000
v 0.026145 0.451539 -0.004008
v 0.028889 0.452578 -0.006942
v 0.032637 0.453997 -0.008016
v 0.038418 0.451147 -0.006942
v 0.040940 0.452646 -0.004008
v 0.041863 0.453194 0.000000
v 0.040940 0.452646 0.004008
v 0.038418 0.451147 0.006942
v 0.034973 0.449099 0.008016
v 0.031527 0.447051 0.006942
v 0.029005 0.445553 0.004008
v 0.028082 0.445004 0.000000
v 0.029005 0.445553 -0.004008
v 0.031527 0.447051 -0.006942
v 0.034973 0.449099 -0.008016
v 0.041225 0.447278 -0.006942
v 0.043438 0.449204 -0.004008
v 0.044248 0.449909 0.000000
v 0.043438 0.449204 0.004008
v 0.041225 0.447278 0.006942
v 0.038201 0.444647 0.008016
v 0.035178 0.442016 0.006942
v 0.032965 0.440090 0.004008
v 0.032155 0.439385 0.000000
v 0.032965 0.440090 -0.004008
v 0.035178 0.442016 -0.006942
v 0.038201 0.444647 -0.008016
v 0.044859 0.443787 -0.006942
v 0.046721 0.446055 -0.004008
v 0.047402 0.446885 0.000000
v 0.046721 0.446055 0.004008
v 0.044859 0.443787 0.006942
v 0.042316 0.440690 0.008016
v 0.039773 0.437592 0.006942
v 0.037912 0.435324 0.004008
v 0.037230 0.434494 0.000000
v 0.037912 0.435324 -0.004008
v 0.039773 0.437592 -0.006942
v 0.042316 0.440690 -0.008016
v 0.049305 0.440692 -0.006942
v 0.050822 0.443204 -0.004008
v 0.051377 0.444123 0.000000
v 0.050822 0.443204 0.004008
v 0.049305 0.440692 0.006942
v 0.047234 0.437261 0.008016
v 0.045162 0.433831 0.006942
v 0.043645 0.431319 0.004008
v 0.043090 0.430400 0.000000
v 0.043645 0.431319 -0.004008
v 0.045162 0.433831 -0.006942
v 0.047234 0.437261 -0.008016
v 0.054441 0.438037 -0.006942
v 0.055647 0.440711 -0.004008
v 0.056089 0.441690 0.000000
v 0.055647 0.440711 0.004008
v 0.054441 0.438037 0.006942
v 0.052793 0.434383 0.008016
v 0.051146 0.430730 0.006942
v 0.049939 0.428055 0.004008
v 0.049498 0.427076 0.000000
v 0.049939 0.428055 -0.004008
v 0.051146 0.430730 -0.006942
v 0.052793 0.434383 -0.008016
v 0.060013 0.435878 -0.006942
v 0.060926 0.438667 -0.004008
v 0.061260 0.439687 0.000000
v 0.060926 0.438667 0.004008
v 0.060013 0.435878 0.006942
v 0.058767 0.432069 0.008016
v 0.057520 0.428260 0.006942
v 0.056608 0.425471 0.004008
v 0.056274 0.424451 0.000000
v 0.056608 0.425471 -0.004008
v 0.057520 0.428260 -0.006942
v 0.058767 0.432069 -0.008016
v 0.065726 0.434337 -0.006942
v 0.066289 0.437216 -0.004008
v 0.066494 0.438270 0.000000
v 0.066289 0.437216 0.004008
v 0.065726 0.434337 0.006942
v 0.064958 0.430403 0.008016
v 0.064190 0.426470 0.006942
v 0.063628 0.423590 0.004008
v 0.063422 0.422536 0.000000
v 0.063628 0.423590 -0.004008
v 0.064190 0.426470 -0.006942
v 0.064958 0.430403 -0.008016
v 0.071400 0.433626 -0.006942
v 0.071472 0.436559 -0.004008
v 0.071498 0.437633 0.000000
v 0.071472 0.436559 0.004008
v 0.071400 0.433626 0.006942
v 0.071303 0.429619 0.008016
v 0.071205 0.425613 0.006942
v 0.071134 0.422680 0.004008
v 0.071108 0.421606 0.000000
v 0.071134 0.422680 -0.004008
v 0.071205 0.425613 -0.006942
v 0.071303 0.429619 -0.008016
v 0.077097 0.434040 -0.006942
v 0.076526 0.436917 -0.004008
v 0.076317 0.437971 0.000000
v 0.076526 0.436917 0.004008
v 0.077097 0.434040 0.006942
v 0.077877 0.430108 0.008016
v 0.078657 0.426177 0.006942
v 0.079228 0.423299 0.004008
v 0.079437 0.422246 0.000000
v 0.079228 0.423299 -0.004008
v 0.078657 0.426177 -0.006942
v 0.077877 0.430108 -0.008016
v 0.083208 0.436050 -0.006942
v 0.081971 0.438711 -0.004008
v 0.081518 0.439684 0.000000
v 0.081971 0.438711 0.004008
v 0.083208 0.436050 0.006942
v 0.084898 0.432416 0.008016
v 0.086588 0.428782 0.006942
v 0.087825 0.426121 0.004008
v 0.088277 0.425147 0.000000
v 0.087825 0.426121 -0.004008
v 0.086588 0.428782 -0.006942
v 0.084898 0.432416 -0.008016
v 0.090321 0.440453 -0.006942
v 0.088562 0.442801 -0.004008
v 0.087919 0.443661 0.000000
v 0.088562 0.442801 0.004008
v 0.090321 0.440453 0.006942
v 0.092723 0.437245 0.008016
v 0.095125 0.434036 0.006942
v 0.096883 0.431687 0.004008
v 0.097527 0.430828 0.000000
v 0.096883 0.431687 -0.004008
v 0.095125 0.434036 -0.006942
v 0.092723 0.437245 -0.008016
v -0.006947 0.658282 -0.120848
v -0.004013 0.660690 -0.122526
v -0.000006 0.661571 -0.123140
v 0.004002 0.660690 -0.122526
v 0.006936 0.658282 -0.120848
v 0.008010 0.654994 -0.118557
v 0.006936 0.651706 -0.116266
v 0.004002 0.649298 -0.114589
v -0.000006 0.648417 -0.113975
v -0.004013 0.649298 -0.114589
v -0.006947 0.651706 -0.116266
v -0.008021 0.654994 -0.118557
v -0.006947 0.650050 -0.131098
v -0.004013 0.652185 -0.133111
v -0.000006 0.652966 -0.133848
v 0.004002 0.652185 -0.133111
v 0.006936 0.650050 -0.131098
v 0.008010 0.647134 -0.128349
v 0.006936 0.644219 -0.125599
v 0.004002 0.642084 -0.123586
v -0.000006 0.641303 -0.122850
v -0.004013 0.642084 -0.123586
v -0.006947 0.644219 -0.125599
v -0.008021 0.647134 -0.128349
v -0.006947 0.642288 -0.138114
v -0.004013 0.644060 -0.140452
v -0.000006 0.644708 -0.141308
v 0.004002 0.644060 -0.140452
v 0.006936 0.642288 -0.138114
v 0.008010 0.639867 -0.134920
v 0.006936 0.637446 -0.131726
v 0.004002 0.635674 -0.129388
v -0.000006 0.635025 -0.128532
v -0.004013 0.635674 -0.129388
v -0.006947 0.637446 -0.131726
v -0.008021 0.639867 -0.134920
v -0.006947 0.635022 -0.142689
v -0.004013 0.636365 -0.145298
v -0.000006 0.636856 -0.146253
v 0.004002 0.636365 -0.145298
v 0.006936 0.635022 -0.142689
v 0.008010 0.633188 -0.139126
v 0.006936 0.631354 -0.135562
v 0.004002 0.630012 -0.132953
v -0.000006 0.629520 -0.131998
v -0.004013 0.630012 -0.132953
v -0.006947 0.631354 -0.135562
v -0.008021 0.633188 -0.139126
v -0.006947 0.628288 -0.145448
v -0.004013 0.629171 -0.148246
v -0.000006 0.629494 -0.149270
v 0.004002 0.629171 -0.148246
v 0.006936 0.628288 -0.145448
v 0.008010 0.627082 -0.141626
v 0.006936 0.625875 -0.137804
v 0.004002 0.624992 -0.135006
v -0.000006 0.624669 -0.133982
v -0.004013 0.624992 -0.135006
v -0.006947 0.625875 -0.137804
v -0.008021 0.627082 -0.141626
v -0.006947 0.622078 -0.146856
v -0.004013 0.622489 -0.149761
v -0.000006 0.622639 -0.150824
v 0.004002 0.622489 -0.149761
v 0.006936 0.622078 -0.146856
v 0.008010 0.621516 -0.142887
v 0.006936 0.620954 -0.138919
v 0.004002 0.620543 -0.136014
v -0.000006 0.620393 -0.134951
v -0.004013 0.620543 -0.136014
v -0.006947 0.620954 -0.138919
v -0.008021 0.621516 -0.142887
v -0.006947 0.616312 -0.147189
v -0.004013 0.616214 -0.150121
v -0.000006 0.616179 -0.151194
v 0.004002 0.616214 -0.150121
v 0.006936 0.616312 -0.147189
v 0.008010 0.616446 -0.143183
v 0.006936 0.616580 -0.139178
v 0.004002 0.616678 -0.136245
v -0.000006 0.616714 -0.135172
v -0.004013 0.616678 -0.136245
v -0.006947 0.616580 -0.139178
v -0.008021 0.616446 -0.143183
v -0.006947 0.610908 -0.146505
v -0.004013 0.610244 -0.149363
v -0.000006 0.610002 -0.150409
v 0.004002 0.610244 -0.149363
v 0.006936 0.610908 -0.146505
v 0.008010 0.611814 -0.142601
v 0.006936 0.612720 -0.138697
v 0.004002 0.613383 -0.135839
v -0.000006 0.613626 -0.134793
v -0.004013 0.613383 -0.135839
v -0.006947 0.612720 -0.138697
v -0.008021 0.611814 -0.142601
v -0.006947 0.605867 -0.144773
v -0.004013 0.604636 -0.147437
v -0.000006 0.604186 -0.148411
v 0.004002 0.604636 -0.147437
v 0.006936 0.605867 -0.144773
v 0.008010 0.607548 -0.141135
v 0.006936 0.609229 -0.137497
v 0.004002 0.610459 -0.134833
v -0.000006 0.610910 -0.133858
v -0.004013 0.610459 -0.134833
v -0.006947 0.609229 -0.137497
v -0.008021 0.607548 -0.141135
v -0.006947 0.601235 -0.142037
v -0.004013 0.599525 -0.144421
v -0.000006 0.598900 -0.145294
v 0.004002 0.599525 -0.144421
v 0.006936 0.601235 -0.142037
v 0.008010 0.603570 -0.138779
v 0.006936 0.605905 -0.135522
v 0.004002 0.607614 -0.133137
v -0.000006 0.608239 -0.132265
v -0.004013 0.607614 -0.133137
v -0.006947 0.605905 -0.135522
v -0.008021 0.603570 -0.138779
v -0.006947 0.596984 -0.138397
v -0.004013 0.594930 -0.140492
v -0.000006 0.594177 -0.141258
v 0.004002 0.594930 -0.140492
v 0.006936 0.596984 -0.138397
v 0.008010 0.599791 -0.135536
v 0.006936 0.602598 -0.132676
v 0.004002 0.604652 -0.130581
v -0.000006 0.605405 -0.129815
v -0.004013 0.604652 -0.130581
v -0.006947 0.602598 -0.132676
v -0.008021 0.599791 -0.135536
v -0.006947 0.593005 -0.133943
v -0.004013 0.590727 -0.135792
v -0.000006 0.589894 -0.136469
v 0.004002 0.590727 -0.135792
v 0.006936 0.593005 -0.133943
v 0.008010 0.596115 -0.131416
v 0.006936 0.599226 -0.128889
v 0.004002 0.601504 -0.127039
v -0.000006 0.602337 -0.126362
v -0.004013 0.601504 -0.127039
v -0.006947 0.599226 -0.128889
v -0.008021 0.596115 -0.131416
v -0.006947 0.589146 -0.128721
v -0.004013 0.586736 -0.130395
v -0.000006 0.585854 -0.131007
v 0.004002 0.586736 -0.130395
v 0.006936 0.589146 -0.128721
v 0.008010 0.592438 -0.126435
v 0.006936 0.595730 -0.124149
v 0.004002 0.598139 -0.122475
v -0.000006 0.599021 -0.121862
v -0.004013 0.598139 -0.122475
v -0.006947 0.595730 -0.124149
v -0.008021 0.592438 -0.126435
v -0.006947 0.585254 -0.122757
v -0.004013 0.582772 -0.124322
v -0.000006 0.581864 -0.124895
v 0.004002 0.582772 -0.124322
v 0.006936 0.585254 -0.122757
v 0.008010 0.588644 -0.120619
v 0.006936 0.592034 -0.118481
v 0.004002 0.594515 -0.116916
v -0.000006 0.595424 -0.116343
v -0.004013 0.594515 -0.116916
v -0.006947 0.592034 -0.118481
v -0.008021 0.588644 -0.120619
v -0.006947 0.581179 -0.116071
v -0.004013 0.578665 -0.117585
v -0.000006 0.577745 -0.118139
v 0.004002 0.578665 -0.117585
v 0.006936 0.581179 -0.116071
v 0.008010 0.584612 -0.114004
v 0.006936 0.588046 -0.111937
v 0.004002 0.590559 -0.110423
v -0.000006 0.591479 -0.109869
v -0.004013 0.590559 -0.110423
v -0.006947 0.588046 -0.111937
v -0.008021 0.584612 -0.114004
v -0.006947 0.576797 -0.108706
v -0.004013 0.574278 -0.110210
v -0.000006 0.573356 -0.110761
v 0.004002 0.574278 -0.110210
v 0.006936 0.576797 -0.108706
v 0.008010 0.580238 -0.106651
v 0.006936 0.583679 -0.104596
v 0.004002 0.586198 -0.103091
v -0.000006 0.587120 -0.102540
v -0.004013 0.586198 -0.103091
v -0.006947 0.583679 -0.104596
v -0.008021 0.580238 -0.106651
v -0.006947 0.572027 -0.100750
v -0.004013 0.569521 -0.102276
v -0.000006 0.568603 -0.102834
v 0.004002 0.569521 -0.102276
v 0.006936 0.572027 -0.100750
v 0.008010 0.575450 -0.098666
v 0.006936 0.578873 -0.096581
v 0.004002 0.581379 -0.095055
v -0.000006 0.582296 -0.094497
v -0.004013 0.581379 -0.095055
v -0.006947 0.578873 -0.096581
v -0.008021 0.575450 -0.098666
v -0.006947 0.566830 -0.092345
v -0.004013 0.564351 -0.093915
v -0.000006 0.563444 -0.094490
v 0.004002 0.564351 -0.093915
v 0.006936 0.566830 -0.092345
v 0.008010 0.570216 -0.090201
v 0.006936 0.573602 -0.088056
v 0.004002 0.576080 -0.086486
v -0.000006 0.576988 -0.085912
v -0.004013 0.576080 -0.086486
v -0.006947 0.573602 -0.088056
v -0.008021 0.570216 -0.090201
v -0.006947 0.561212 -0.083684
v -0.004013 0.558774 -0.085316
v -0.000006 0.557882 -0.085913
v 0.004002 0.558774 -0.085316
v 0.006936 0.561212 -0.083684
v 0.008010 0.564542 -0.081454
v 0.006936 0.567872 -0.079224
v 0.004002 0.570310 -0.077591
v -0.000006 0.571202 -0.076994
v -0.004013 0.570310 -0.077591
v -0.006947 0.567872 -0.079224
v -0.008021 0.564542 -0.081454
v -0.006947 0.555218 -0.075008
v -0.004013 0.552836 -0.076722
v -0.000006 0.551964 -0.077349
v 0.004002 0.552836 -0.076722
v 0.006936 0.555218 -0.075008
v 0.008010 0.558472 -0.072668
v 0.006936 0.561726 -0.070328
v 0.004002 0.564107 -0.068615
v -0.000006 0.564979 -0.067988
v -0.004013 0.564107 -0.068615
v -0.006947 0.561726 -0.070328
v -0.008021 0.558472 -0.072668
v -0.006947 0.548938 -0.066614
v -0.004013 0.546632 -0.068428
v -0.000006 0.545789 -0.069093
v 0.004002 0.546632 -0.068429
v 0.006936 0.548938 -0.066614
v 0.008010 0.552087 -0.064135
v 0.006936 0.555236 -0.061656
v 0.004002 0.557542 -0.059841
v -0.000006 0.558385 -0.059177
v -0.004013 0.557542 -0.059841
v -0.006947 0.555236 -0.061656
v -0.008021 0.552087 -0.064135
v -0.006947 0.542501 -0.058835
v -0.004013 0.540302 -0.060778
v -0.000006 0.539497 -0.061489
v 0.004002 0.540302 -0.060778
v 0.006936 0.542501 -0.058835
v 0.008010 0.545505 -0.056182
v 0.006936 0.548508 -0.053529
v 0.004002 0.550707 -0.051587
v -0.000006 0.551512 -0.050876
v -0.004013 0.550707 -0.051587
v -0.006947 0.548508 -0.053529
v -0.008021 0.545505 -0.056182
v -0.006947 0.536045 -0.051980
v -0.004013 0.533994 -0.054079
v -0.000006 0.533243 -0.054847
v 0.004002 0.533994 -0.054079
v 0.006936 0.536045 -0.051980
v 0.008010 0.538846 -0.049114
v 0.006936 0.541647 -0.046248
v 0.004002 0.543698 -0.044150
v -0.000006 0.544449 -0.043382
v -0.004013 0.543698 -0.044150
v -0.006947 0.541647 -0.046248
v -0.008021 0.538846 -0.049114
v -0.006947 0.529686 -0.046257
v -0.004013 0.527839 -0.048537
v -0.000006 0.527163 -0.049371
v 0.004002 0.527839 -0.048537
v 0.006936 0.529686 -0.046257
v 0.008010 0.532208 -0.043142
v 0.006936 0.534730 -0.040027
v 0.004002 0.536577 -0.037747
v -0.000006 0.537252 -0.036913
v -0.004013 0.536577 -0.037747
v -0.006947 0.534730 -0.040027
v -0.008021 0.532208 -0.043142
v -0.006947 0.523508 -0.041761
v -0.004013 0.521934 -0.044237
v -0.000006 0.521358 -0.045144
v 0.004002 0.521934 -0.044237
v 0.006936 0.523508 -0.041761
v 0.008010 0.525658 -0.038379
v 0.006936 0.527808 -0.034996
v 0.004002 0.529382 -0.032520
v -0.000006 0.529958 -0.031614
v -0.004013 0.529382 -0.032520
v -0.006947 0.527808 -0.034996
v -0.008021 0.525658 -0.038379
v -0.006947 0.517551 -0.038476
v -0.004013 0.516317 -0.041138
v -0.000006 0.515865 -0.042113
v 0.004002 0.516317 -0.041138
v 0.006936 0.517551 -0.038476
v 0.008010 0.519237 -0.034840
v 0.006936 0.520922 -0.031204
v 0.004002 0.522156 -0.028542
v -0.000006 0.522608 -0.027568
v -0.004013 0.522156 -0.028542
v -0.006947 0.520922 -0.031204
v -0.008021 0.519237 -0.034840
v -0.006947 0.511782 -0.036276
v -0.004013 0.510924 -0.039081
v -0.000006 0.510610 -0.040108
v 0.004002 0.510924 -0.039081
v 0.006936 0.511782 -0.036276
v 0.008010 0.512955 -0.032443
v 0.006936 0.514127 -0.028611
v 0.004002 0.514985 -0.025805
v -0.000006 0.515299 -0.024778
v -0.004013 0.514985 -0.025805
v -0.006947 0.514127 -0.028611
v -0.008021 0.512955 -0.032443
v -0.006947 0.506095 -0.034953
v -0.004013 0.505582 -0.037842
v -0.000006 0.505394 -0.038899
v 0.004002 0.505582 -0.037842
v 0.006936 0.506095 -0.034953
v 0.008010 0.506796 -0.031007
v 0.006936 0.507496 -0.027061
v 0.004002 0.508009 -0.024172
v -0.000006 0.508197 -0.023114
v -0.004013 0.508009 -0.024172
v -0.006947 0.507496 -0.027061
v -0.008021 0.506796 -0.031007
v -0.006947 0.500361 -0.034251
v -0.004013 0.500100 -0.037173
v -0.000006 0.500004 -0.038243
v 0.004002 0.500100 -0.037173
v 0.006936 0.500361 -0.034251
v 0.008010 0.500717 -0.030259
v 0.006936 0.501073 -0.026267
v 0.004002 0.501334 -0.023345
v -0.000006 0.501429 -0.022275
v -0.004013 0.501334 -0.023345
v -0.006947 0.501073 -0.026267
v -0.008021 0.500717 -0.030259
v -0.006947 0.494519 -0.033927
v -0.004013 0.494406 -0.036859
v -0.000006 0.494365 -0.037932
v 0.004002 0.494406 -0.036859
v 0.006936 0.494519 -0.033927
v 0.008010 0.494673 -0.029922
v 0.006936 0.494827 -0.025917
v 0.004002 0.494939 -0.022986
v -0.000006 0.494981 -0.021913
v -0.004013 0.494939 -0.022986
v -0.006947 0.494827 -0.025917
v -0.008021 0.494673 -0.029922
v -0.006947 0.488583 -0.033802
v -0.004013 0.488543 -0.036736
v -0.000006 0.488529 -0.037809
v 0.004002 0.488543 -0.036736
v 0.006936 0.488583 -0.033802
v 0.008010 0.488638 -0.029795
v 0.006936 0.488692 -0.025787
v 0.004002 0.488732 -0.022853
v -0.000006 0.488746 -0.021780
v -0.004013 0.488732 -0.022853
v -0.006947 0.488692 -0.025787
v -0.008021 0.488638 -0.029795
v -0.006947 0.482604 -0.033766
v -0.004013 0.482601 -0.036700
v -0.000006 0.482600 -0.037774
v 0.004002 0.482601 -0.036700
v 0.006936 0.482604 -0.033766
v 0.008010 0.482609 -0.029758
v 0.006936 0.482613 -0.025751
v 0.004002 0.482617 -0.022817
v -0.000006 0.482618 -0.021743
v -0.004013 0.482617 -0.022817
v -0.006947 0.482613 -0.025751
v -0.008021 0.482609 -0.029758
v -0.006947 0.476658 -0.033789
v -0.004013 0.476696 -0.036722
v -0.000006 0.476710 -0.037796
v 0.004002 0.476696 -0.036722
v 0.006936 0.476658 -0.033789
v 0.008010 0.476605 -0.029781
v 0.006936 0.476553 -0.025774
v 0.004002 0.476515 -0.022840
v -0.000006 0.476501 -0.021766
v -0.004013 0.476515 -0.022840
v -0.006947 0.476553 -0.025774
v -0.008021 0.476605 -0.029781
v -0.006947 0.470845 -0.033918
v -0.004013 0.470973 -0.036849
v -0.000006 0.471020 -0.037922
v 0.004002 0.470973 -0.036849
v 0.006936 0.470845 -0.033918
v 0.008010 0.470669 -0.029914
v 0.006936 0.470494 -0.025910
v 0.004002 0.470366 -0.022979
v -0.000006 0.470319 -0.021906
v -0.004013 0.470366 -0.022979
v -0.006947 0.470494 -0.025910
v -0.008021 0.470669 -0.029914
v -0.006947 0.465293 -0.034277
v -0.004013 0.465606 -0.037194
v -0.000006 0.465721 -0.038262
v 0.004002 0.465606 -0.037194
v 0.006936 0.465293 -0.034277
v 0.008010 0.464865 -0.030292
v 0.006936 0.464438 -0.026307
v 0.004002 0.464125 -0.023390
v -0.000006 0.464010 -0.022322
v -0.004013 0.464125 -0.023390
v -0.006947 0.464438 -0.026307
v -0.008021 0.464865 -0.030292
v -0.006947 0.460129 -0.035046
v -0.004013 0.460752 -0.037913
v -0.000006 0.460979 -0.038962
v 0.004002 0.460752 -0.037913
v 0.006936 0.460129 -0.035046
v 0.008010 0.459278 -0.031129
v 0.006936 0.458427 -0.027213
v 0.004002 0.457805 -0.024346
v -0.000006 0.457577 -0.023296
v -0.004013 0.457805 -0.024346
v -0.006947 0.458427 -0.027213
v -0.008021 0.459278 -0.031129
v -0.006947 0.455417 -0.036390
v -0.004013 0.456456 -0.039134
v -0.000006 0.456836 -0.040138
v 0.004002 0.456456 -0.039134
v 0.006936 0.455417 -0.036390
v 0.008010 0.453997 -0.032642
v 0.006936 0.452578 -0.028894
v 0.004002 0.451539 -0.026151
v -0.000006 0.451158 -0.025146
v -0.004013 0.451539 -0.026151
v -0.006947 0.452578 -0.028894
v -0.008021 0.453997 -0.032642
v -0.006947 0.451147 -0.038424
v -0.004013 0.452646 -0.040946
v -0.000006 0.453194 -0.041869
v 0.004002 0.452646 -0.040946
v 0.006936 0.451147 -0.038424
v 0.008010 0.449099 -0.034978
v 0.006936 0.447051 -0.031533
v 0.004002 0.445553 -0.029011
v -0.000006 0.445004 -0.028088
v -0.004013 0.445553 -0.029011
v -0.006947 0.447051 -0.031533
v -0.008021 0.449099 -0.034978
v -0.006947 0.447278 -0.041230
v -0.004013 0.449204 -0.043443
v -0.000006 0.449909 -0.044253
v 0.004002 0.449204 -0.043443
v 0.006936 0.447278 -0.041230
v 0.008010 0.444647 -0.038207
v 0.006936 0.442016 -0.035184
v 0.004002 0.440090 -0.032971
v -0.000006 0.439385 -0.032161
v -0.004013 0.440090 -0.032971
v -0.006947 0.442016 -0.035184
v -0.008021 0.444647 -0.038207
v -0.006947 0.443787 -0.044865
v -0.004013 0.446055 -0.046726
v -0.000006 0.446885 -0.047408
v 0.004002 0.446055 -0.046726
v 0.006936 0.443787 -0.044865
v 0.008010 0.440690 -0.042322
v 0.006936 0.437592 -0.039779
v 0.004002 0.435324 -0.037917
v -0.000006 0.434494 -0.037236
v -0.004013 0.435324 -0.037917
v -0.006947 0.437592 -0.039779
v -0.008021 0.440690 -0.042322
v -0.006947 0.440692 -0.049311
v -0.004013 0.443204 -0.050828
v -0.000006 0.444123 -0.051383
v 0.004002 0.443204 -0.050828
v 0.006936 0.440692 -0.049311
v 0.008010 0.437261 -0.047239
v 0.006936 0.433831 -0.045167
v 0.004002 0.431319 -0.043651
v -0.000006 0.430400 -0.043096
v -0.004013 0.431319 -0.043651
v -0.006947 0.433831 -0.045167
v -0.008021 0.437261 -0.047239
v -0.006947 0.438037 -0.054446
v -0.004013 0.440711 -0.055652
v -0.000006 0.441690 -0.056094
v 0.004002 0.440711 -0.055652
v 0.006936 0.438037 -0.054446
v 0.008010 0.434383 -0.052799
v 0.006936 0.430730 -0.051151
v 0.004002 0.428055 -0.049945
v -0.000006 0.427076 -0.049503
v -0.004013 0.428055 -0.049945
v -0.006947 0.430730 -0.051151
v -0.008021 0.434383 -0.052799
v -0.006947 0.435878 -0.060019
v -0.004013 0.438667 -0.060931
v -0.000006 0.439687 -0.061265
v 0.004002 0.438667 -0.060931
v 0.006936 0.435878 -0.060019
v 0.008010 0.432069 -0.058772
v 0.006936 0.428260 -0.057526
v 0.004002 0.425471 -0.056613
v -0.000006 0.424451 -0.056279
v -0.004013 0.425471 -0.056613
v -0.006947 0.428260 -0.057526
v -0.008021 0.432069 -0.058772
v -0.006947 0.434337 -0.065732
v -0.004013 0.437216 -0.066294
v -0.000006 0.438270 -0.066500
v 0.004002 0.437216 -0.066294
v 0.006936 0.434337 -0.065732
v 0.008010 0.430403 -0.064964
v 0.006936 0.426470 -0.064195
v 0.004002 0.423590 -0.063633
v -0.000006 0.422536 -0.063427
v -0.004013 0.423590 -0.063633
v -0.006947 0.426470 -0.064195
v -0.008021 0.430403 -0.064964
v -0.006947 0.433626 -0.071406
v -0.004013 0.436559 -0.071477
v -0.000006 0.437633 -0.071503
v 0.004002 0.436559 -0.071477
v 0.006936 0.433626 -0.071406
v 0.008010 0.429619 -0.071308
v 0.006936 0.425613 -0.071211
v 0.004002 0.422680 -0.071139
v -0.000006 0.421606 -0.071113
v -0.004013 0.422680 -0.071139
v -0.006947 0.425613 -0.071211
v -0.008021 0.429619 -0.071308
v -0.006947 0.434040 -0.077103
v -0.004013 0.436917 -0.076532
v -0.000006 0.437971 -0.076322
v 0.004002 0.436917 -0.076532
v 0.006936 0.434040 -0.077103
v 0.008010 0.430108 -0.077883
v 0.006936 0.426177 -0.078663
v 0.004002 0.423299 -0.079234
v -0.000006 0.422246 -0.079443
v -0.004013 0.423299 -0.079234
v -0.006947 0.426177 -0.078663
v -0.008021 0.430108 -0.077883
v -0.006947 0.436050 -0.083214
v -0.004013 0.438711 -0.081977
v -0.000006 0.439684 -0.081524
v 0.004002 0.438711 -0.081977
v 0.006936 0.436050 -0.083214
v 0.008010 0.432416 -0.084903
v 0.006936 0.428782 -0.086593
v 0.004002 0.426121 -0.087830
v -0.000006 0.425147 -0.088283
v -0.004013 0.426121 -0.087830
v -0.006947 0.428782 -0.086593
v -0.008021 0.432416 -0.084903
v -0.006947 0.440453 -0.090326
v -0.004013 0.442801 -0.088568
v -0.000006 0.443661 -0.087924
v 0.004002 0.442801 -0.088568
v 0.006936 0.440453 -0.090326
v 0.008010 0.437245 -0.092728
v 0.006936 0.434036 -0.095130
v 0.004002 0.431687 -0.096889
v -0.000006 0.430828 -0.097532
v -0.004013 0.431687 -0.096889
v -0.006947 0.434036 -0.095130
v -0.008021 0.437245 -0.092728
v -0.120854 0.658282 0.006942
v -0.122531 0.660690 0.004008
v -0.123145 0.661571 0.000000
v -0.122531 0.660690 -0.004008
v -0.120854 0.658282 -0.006942
v -0.118563 0.654994 -0.008016
v -0.116272 0.651706 -0.006942
v -0.114594 0.649298 -0.004008
v -0.113981 0.648417 0.000000
v -0.114594 0.649298 0.004008
v -0.116272 0.651706 0.006942
v -0.118563 0.654994 0.008016
v -0.131104 0.650050 0.006942
v -0.133117 0.652185 0.004008
v -0.133853 0.652966 0.000000
v -0.133117 0.652185 -0.004008
v -0.131104 0.650050 -0.006942
v -0.128354 0.647134 -0.008016
v -0.125605 0.644219 -0.006942
v -0.123592 0.642084 -0.004008
v -0.122855 0.641303 0.000000
v -0.123592 0.642084 0.004008
v -0.125605 0.644219 0.006942
v -0.128354 0.647134 0.008016
v -0.138120 0.642288 0.006942
v -0.140458 0.644060 0.004008
v -0.141314 0.644708 0.000000
v -0.140458 0.644060 -0.004008
v -0.138120 0.642288 -0.006942
v -0.134926 0.639867 -0.008016
v -0.131732 0.637446 -0.006942
v -0.129393 0.635674 -0.004008
v -0.128538 0.635025 0.000000
v -0.129393 0.635674 0.004008
v -0.131732 0.637446 0.006942
v -0.134926 0.639867 0.008016
v -0.142695 0.635022 0.006942
v -0.145304 0.636365 0.004008
v -0.146258 0.636856 0.000000
v -0.145304 0.636365 -0.004008
v -0.142695 0.635022 -0.006942
v -0.139131 0.633188 -0.008016
v -0.135568 0.631354 -0.006942
v -0.132959 0.630012 -0.004008
v -0.132004 0.629520 0.000000
v -0.132959 0.630012 0.004008
v -0.135568 0.631354 0.006942
v -0.139131 0.633188 0.008016
v -0.145454 0.628288 0.006942
v -0.148251 0.629171 0.004008
v -0.149275 0.629494 0.000000
v -0.148251 0.629171 -0.004008
v -0.145454 0.628288 -0.006942
v -0.141632 0.627082 -0.008016
v -0.137810 0.625875 -0.006942
v -0.135012 0.624992 -0.004008
v -0.133988 0.624669 0.000000
v -0.135012 0.624992 0.004008
v -0.137810 0.625875 0.006942
v -0.141632 0.627082 0.008016
v -0.146861 0.622078 0.006942
v -0.149766 0.622489 0.004008
v -0.150830 0.622639 0.000000
v -0.149766 0.622489 -0.004008
v -0.146861 0.622078 -0.006942
v -0.142893 0.621516 -0.008016
v -0.138925 0.620954 -0.006942
v -0.136020 0.620543 -0.004008
v -0.134956 0.620393 0.000000
v -0.136020 0.620543 0.004008
v -0.138925 0.620954 0.006942
v -0.142893 0.621516 0.008016
v -0.147194 0.616312 0.006942
v -0.150127 0.616214 0.004008
v -0.151200 0.616179 0.000000
v -0.150127 0.616214 -0.004008
v -0.147194 0.616312 -0.006942
v -0.143189 0.616446 -0.008016
v -0.139183 0.616580 -0.006942
v -0.136251 0.616678 -0.004008
v -0.135178 0.616714 0.000000
v -0.136251 0.616678 0.004008
v -0.139183 0.616580 0.006942
v -0.143189 0.616446 0.008016
v -0.146511 0.610908 0.006942
v -0.149369 0.610244 0.004008
v -0.150415 0.610002 0.000000
v -0.149369 0.610244 -0.004008
v -0.146511 0.610908 -0.006942
v -0.142606 0.611814 -0.008016
v -0.138702 0.612720 -0.006942
v -0.135844 0.613383 -0.004008
v -0.134798 0.613626 0.000000
v -0.135844 0.613383 0.004008
v -0.138702 0.612720 0.006942
v -0.142606 0.611814 0.008016
v -0.144779 0.605867 0.006942
v -0.147442 0.604636 0.004008
v -0.148417 0.604186 0.000000
v -0.147442 0.604636 -0.004008
v -0.144779 0.605867 -0.006942
v -0.141141 0.607548 -0.008016
v -0.137502 0.609229 -0.006942
v -0.134839 0.610459 -0.004008
v -0.133864 0.610910 0.000000
v -0.134839 0.610459 0.004008
v -0.137502 0.609229 0.006942
v -0.141140 0.607548 0.008016
v -0.142042 0.601235 0.006942
v -0.144427 0.599525 0.004008
v -0.145300 0.598900 0.000000
v -0.144427 0.599525 -0.004008
v -0.142042 0.601235 -0.006942
v -0.138785 0.603570 -0.008016
v -0.135528 0.605905 -0.006942
v -0.133143 0.607614 -0.004008
v -0.132270 0.608239 0.000000
v -0.133143 0.607614 0.004008
v -0.135528 0.605905 0.006942
v -0.138785 0.603570 0.008016
v -0.138403 0.596984 0.006942
v -0.140497 0.594930 0.004008
v -0.141264 0.594177 0.000000
v -0.140497 0.594930 -0.004008
v -0.138403 0.596984 -0.006942
v -0.135542 0.599791 -0.008016
v -0.132681 0.602598 -0.006942
v -0.130587 0.604652 -0.004008
v -0.129820 0.605405 0.000000
v -0.130587 0.604652 0.004008
v -0.132681 0.602598 0.006942
v -0.135542 0.599791 0.008016
v -0.133948 0.593005 0.006942
v -0.135798 0.590727 0.004008
v -0.136475 0.589894 0.000000
v -0.135798 0.590727 -0.004008
v -0.133948 0.593005 -0.006942
v -0.131421 0.596115 -0.008016
v -0.128894 0.599226 -0.006942
v -0.127045 0.601504 -0.004008
v -0.126368 0.602337 0.000000
v -0.127045 0.601504 0.004008
v -0.128894 0.599226 0.006942
v -0.131421 0.596115 0.008016
v -0.128727 0.589146 0.006942
v -0.130400 0.586736 0.004008
v -0.131013 0.585854 0.000000
v -0.130400 0.586736 -0.004008
v -0.128727 0.589146 -0.006942
v -0.126440 0.592438 -0.008016
v -0.124154 0.595730 -0.006942
v -0.122481 0.598139 -0.004008
v -0.121868 0.599021 0.000000
v -0.122481 0.598139 0.004008
v -0.124154 0.595730 0.006942
v -0.126440 0.592438 0.008016
v -0.122763 0.585254 0.006942
v -0.124328 0.582772 0.004008
v -0.124901 0.581864 0.000000
v -0.124328 0.582772 -0.004008
v -0.122763 0.585254 -0.006942
v -0.120625 0.588644 -0.008016
v -0.118487 0.592034 -0.006942
v -0.116922 0.594515 -0.004008
v -0.116349 0.595424 0.000000
v -0.116922 0.594515 0.004008
v -0.118487 0.592034 0.006942
v -0.120625 0.588644 0.008016
v -0.116077 0.581179 0.006942
v -0.117590 0.578665 0.004008
v -0.118144 0.577745 0.000000
v -0.117590 0.578665 -0.004008
v -0.116077 0.581179 -0.006942
v -0.114010 0.584612 -0.008016
v -0.111942 0.588046 -0.006942
v -0.110429 0.590559 -0.004008
v -0.109875 0.591479 0.000000
v -0.110429 0.590559 0.004008
v -0.111942 0.588046 0.006942
v -0.114010 0.584612 0.008016
v -0.108711 0.576797 0.006942
v -0.110216 0.574278 0.004008
v -0.110767 0.573356 0.000000
v -0.110216 0.574278 -0.004008
v -0.108711 0.576797 -0.006942
v -0.106656 0.580238 -0.008016
v -0.104601 0.583679 -0.006942
v -0.103097 0.586198 -0.004008
v -0.102546 0.587120 0.000000
v -0.103097 0.586198 0.004008
v -0.104601 0.583679 0.006942
v -0.106656 0.580238 0.008016
v -0.100756 0.572027 0.006942
v -0.102282 0.569521 0.004008
v -0.102840 0.568603 0.000000
v -0.102282 0.569521 -0.004008
v -0.100756 0.572027 -0.006942
v -0.098671 0.575450 -0.008016
v -0.096587 0.578873 -0.006942
v -0.095061 0.581379 -0.004008
v -0.094502 0.582296 0.000000
v -0.095061 0.581379 0.004008
v -0.096587 0.578873 0.006942
v -0.098671 0.575450 0.008016
v -0.092351 0.566830 0.006942
v -0.093921 0.564351 0.004008
v -0.094495 0.563444 0.000000
v -0.093921 0.564351 -0.004008
v -0.092351 0.566830 -0.006942
v -0.090206 0.570216 -0.008016
v -0.088062 0.573602 -0.006942
v -0.086492 0.576080 -0.004008
v -0.085917 0.576988 0.000000
v -0.086492 0.576080 0.004008
v -0.088062 0.573602 0.006942
v -0.090206 0.570216 0.008016
v -0.083689 0.561212 0.006942
v -0.085322 0.558774 0.004008
v -0.085919 0.557882 0.000000
v -0.085322 0.558774 -0.004008
v -0.083689 0.561212 -0.006942
v -0.081459 0.564542 -0.008016
v -0.079229 0.567872 -0.006942
v -0.077597 0.570310 -0.004008
v -0.076999 0.571202 0.000000
v -0.077597 0.570310 0.004008
v -0.079229 0.567872 0.006942
v -0.081459 0.564542 0.008016
v -0.075014 0.555218 0.006942
v -0.076727 0.552836 0.004008
v -0.077354 0.551964 0.000000
v -0.076727 0.552836 -0.004008
v -0.075014 0.555218 -0.006942
v -0.072674 0.558472 -0.008016
v -0.070334 0.561726 -0.006942
v -0.068621 0.564107 -0.004008
v -0.067994 0.564979 0.000000
v -0.068621 0.564107 0.004008
v -0.070334 0.561726 0.006942
v -0.072674 0.558472 0.008016
v -0.066619 0.548938 0.006942
v -0.068434 0.546632 0.004008
v -0.069098 0.545789 0.000000
v -0.068434 0.546632 -0.004008
v -0.066619 0.548938 -0.006942
v -0.064140 0.552087 -0.008016
v -0.061661 0.555236 -0.006942
v -0.059847 0.557542 -0.004008
v -0.059182 0.558385 0.000000
v -0.059847 0.557542 0.004008
v -0.061661 0.555236 0.006942
v -0.064140 0.552087 0.008016
v -0.058841 0.542501 0.006942
v -0.060783 0.540302 0.004008
v -0.061494 0.539497 0.000000
v -0.060783 0.540302 -0.004008
v -0.058841 0.542501 -0.006942
v -0.056188 0.545505 -0.008016
v -0.053535 0.548508 -0.006942
v -0.051592 0.550707 -0.004008
v -0.050881 0.551512 0.000000
v -0.051592 0.550707 0.004008
v -0.053535 0.548508 0.006942
v -0.056188 0.545505 0.008016
v -0.051986 0.536045 0.006942
v -0.054084 0.533994 0.004008
v -0.054852 0.533243 0.000000
v -0.054084 0.533994 -0.004008
v -0.051986 0.536045 -0.006942
v -0.049120 0.538846 -0.008016
v -0.046253 0.541647 -0.006942
v -0.044155 0.543698 -0.004008
v -0.043387 0.544449 0.000000
v -0.044155 0.543698 0.004008
v -0.046253 0.541647 0.006942
v -0.049120 0.538846 0.008016
v -0.046262 0.529686 0.006942
v -0.048542 0.527839 0.004008
v -0.049377 0.527163 0.000000
v -0.048542 0.527839 -0.004008
v -0.046262 0.529686 -0.006942
v -0.043148 0.532208 -0.008016
v -0.040033 0.534730 -0.006942
v -0.037753 0.536577 -0.004008
v -0.036918 0.537252 0.000000
v -0.037753 0.536577 0.004008
v -0.040033 0.534730 0.006942
v -0.043148 0.532208 0.008016
v -0.041767 0.523508 0.006942
v -0.044243 0.521934 0.004008
v -0.045149 0.521358 0.000000
v -0.044243 0.521934 -0.004008
v -0.041767 0.523508 -0.006942
v -0.038385 0.525658 -0.008016
v -0.035002 0.527808 -0.006942
v -0.032526 0.529382 -0.004008
v -0.031620 0.529958 0.000000
v -0.032526 0.529382 0.004008
v -0.035002 0.527808 0.006942
v -0.038384 0.525658 0.008016
v -0.038482 0.517551 0.006942
v -0.041144 0.516317 0.004008
v -0.042118 0.515865 0.000000
v -0.041144 0.516317 -0.004008
v -0.038482 0.517551 -0.006942
v -0.034846 0.519237 -0.008016
v -0.031210 0.520922 -0.006942
v -0.028548 0.522156 -0.004008
v -0.027574 0.522608 0.000000
v -0.028548 0.522156 0.004008
v -0.031210 0.520922 0.006942
v -0.034846 0.519237 0.008016
v -0.036281 0.511782 0.006942
v -0.039087 0.510924 0.004008
v -0.040114 0.510610 0.000000
v -0.039087 0.510924 -0.004008
v -0.036281 0.511782 -0.006942
v -0.032449 0.512955 -0.008016
v -0.028616 0.514127 -0.006942
v -0.025811 0.514985 -0.004008
v -0.024784 0.515299 0.000000
v -0.025811 0.514985 0.004008
v -0.028616 0.514127 0.006942
v -0.032449 0.512955 0.008016
v -0.034958 0.506095 0.006942
v -0.037847 0.505582 0.004008
v -0.038904 0.505394 0.000000
v -0.037847 0.505582 -0.004008
v -0.034958 0.506095 -0.006942
v -0.031012 0.506796 -0.008016
v -0.027066 0.507496 -0.006942
v -0.024177 0.508009 -0.004008
v -0.023120 0.508197 0.000000
v -0.024177 0.508009 0.004008
v -0.027066 0.507496 0.006942
v -0.031012 0.506796 0.008016
v -0.034257 0.500361 0.006942
v -0.037179 0.500100 0.004008
v -0.038249 0.500004 0.000000
v -0.037179 0.500100 -0.004008
v -0.034257 0.500361 -0.006942
v -0.030265 0.500717 -0.008016
v -0.026273 0.501073 -0.006942
v -0.023351 0.501334 -0.004008
v -0.022281 0.501429 0.000000
v -0.023350 0.501334 0.004008
v -0.026273 0.501073 0.006942
v -0.030265 0.500717 0.008016
v -0.033933 0.494519 0.006942
v -0.036865 0.494406 0.004008
v -0.037938 0.494365 0.000000
v -0.036865 0.494406 -0.004008
v -0.033933 0.494519 -0.006942
v -0.029928 0.494673 -0.008016
v -0.025923 0.494827 -0.006942
v -0.022991 0.494939 -0.004008
v -0.021918 0.494981 0.000000
v -0.022991 0.494939 0.004008
v -0.025923 0.494827 0.006942
v -0.029928 0.494673 0.008016
v -0.033808 0.488583 0.006942
v -0.036741 0.488543 0.004008
v -0.037815 0.488529 0.000000
v -0.036741 0.488543 -0.004008
v -0.033808 0.488583 -0.006942
v -0.029800 0.488638 -0.008016
v -0.025793 0.488692 -0.006942
v -0.022859 0.488732 -0.004008
v -0.021785 0.488746 0.000000
v -0.022859 0.488732 0.004008
v -0.025793 0.488692 0.006942
v -0.029800 0.488638 0.008016
v -0.033772 0.482604 0.006942
v -0.036706 0.482601 0.004008
v -0.037780 0.482600 0.000000
v -0.036706 0.482601 -0.004008
v -0.033772 0.482604 -0.006942
v -0.029764 0.482609 -0.008016
v -0.025756 0.482613 -0.006942
v -0.022822 0.482617 -0.004008
v -0.021748 0.482618 0.000000
v -0.022822 0.482617 0.004008
v -0.025756 0.482613 0.006942
v -0.029764 0.482609 0.008016
v -0.033794 0.476658 0.006942
v -0.036728 0.476696 0.004008
v -0.037802 0.476710 0.000000
v -0.036728 0.476696 -0.004008
v -0.033794 0.476658 -0.006942
v -0.029787 0.476605 -0.008016
v -0.025779 0.476553 -0.006942
v -0.022846 0.476515 -0.004008
v -0.021772 0.476501 0.000000
v -0.022846 0.476515 0.004008
v -0.025779 0.476553 0.006942
v -0.029787 0.476605 0.008016
v -0.033923 0.470845 0.006942
v -0.036855 0.470973 0.004008
v -0.037927 0.471020 0.000000
v -0.036855 0.470973 -0.004008
v -0.033923 0.470845 -0.006942
v -0.029919 0.470669 -0.008016
v -0.025915 0.470494 -0.006942
v -0.022984 0.470366 -0.004008
v -0.021911 0.470319 0.000000
v -0.022984 0.470366 0.004008
v -0.025915 0.470494 0.006942
v -0.029919 0.470669 0.008016
v -0.034283 0.465293 0.006942
v -0.037200 0.465606 0.004008
v -0.038268 0.465721 0.000000
v -0.037200 0.465606 -0.004008
v -0.034283 0.465293 -0.006942
v -0.030298 0.464865 -0.008016
v -0.026313 0.464438 -0.006942
v -0.023396 0.464125 -0.004008
v -0.022328 0.464010 0.000000
v -0.023396 0.464125 0.004008
v -0.026313 0.464438 0.006942
v -0.030298 0.464865 0.008016
v -0.035051 0.460129 0.006942
v -0.037918 0.460752 0.004008
v -0.038968 0.460979 0.000000
v -0.037918 0.460752 -0.004008
v -0.035051 0.460129 -0.006942
v -0.031135 0.459278 -0.008016
v -0.027218 0.458427 -0.006942
v -0.024351 0.457805 -0.004008
v -0.023302 0.457577 0.000000
v -0.024351 0.457805 0.004008
v -0.027218 0.458427 0.006942
v -0.031135 0.459278 0.008016
v -0.036396 0.455417 0.006942
v -0.039140 0.456456 0.004008
v -0.040144 0.456836 0.000000
v -0.039140 0.456456 -0.004008
v -0.036396 0.455417 -0.006942
v -0.032648 0.453997 -0.008016
v -0.028900 0.452578 -0.006942
v -0.026156 0.451539 -0.004008
v -0.025152 0.451158 0.000000
v -0.026156 0.451539 0.004008
v -0.028900 0.452578 0.006942
v -0.032648 0.453997 0.008016
v -0.038429 0.451147 0.006942
v -0.040951 0.452646 0.004008
v -0.041874 0.453194 0.000000
v -0.040951 0.452646 -0.004008
v -0.038429 0.451147 -0.006942
v -0.034984 0.449099 -0.008016
v -0.031539 0.447051 -0.006942
v -0.029016 0.445553 -0.004008
v -0.028093 0.445004 0.000000
v -0.029016 0.445553 0.004008
v -0.031539 0.447051 0.006942
v -0.034984 0.449099 0.008016
v -0.041236 0.447278 0.006942
v -0.043449 0.449204 0.004008
v -0.044259 0.449909 0.000000
v -0.043449 0.449204 -0.004008
v -0.041236 0.447278 -0.006942
v -0.038213 0.444647 -0.008016
v -0.035189 0.442016 -0.006942
v -0.032976 0.440090 -0.004008
v -0.032166 0.439385 0.000000
v -0.032976 0.440090 0.004008
v -0.035189 0.442016 0.006942
v -0.038213 0.444647 0.008016
v -0.044870 0.443787 0.006942
v -0.046732 0.446055 0.004008
v -0.047413 0.446885 0.000000
v -0.046732 0.446055 -0.004008
v -0.044870 0.443787 -0.006942
v -0.042327 0.440690 -0.008016
v -0.039784 0.437592 -0.006942
v -0.037923 0.435324 -0.004008
v -0.037242 0.434494 0.000000
v -0.037923 0.435324 0.004008
v -0.039784 0.437592 0.006942
v -0.042327 0.440690 0.008016
v -0.049317 0.440692 0.006942
v -0.050833 0.443204 0.004008
v -0.051388 0.444123 0.000000
v -0.050833 0.443204 -0.004008
v -0.049317 0.440692 -0.006942
v -0.047245 0.437261 -0.008016
v -0.045173 0.433831 -0.006942
v -0.043656 0.431319 -0.004008
v -0.043101 0.430400 0.000000
v -0.043656 0.431319 0.004008
v -0.045173 0.433831 0.006942
v -0.047245 0.437261 0.008016
v -0.054452 0.438037 0.006942
v -0.055658 0.440711 0.004008
v -0.056100 0.441690 0.000000
v -0.055658 0.440711 -0.004008
v -0.054452 0.438037 -0.006942
v -0.052804 0.434383 -0.008016
v -0.051157 0.430730 -0.006942
v -0.049951 0.428055 -0.004008
v -0.049509 0.427076 0.000000
v -0.049951 0.428055 0.004008
v -0.051157 0.430730 0.006942
v -0.052804 0.434383 0.008016
v -0.060024 0.435878 0.006942
v -0.060937 0.438667 0.004008
v -0.061271 0.439687 0.000000
v -0.060937 0.438667 -0.004008
v -0.060024 0.435878 -0.006942
v -0.058778 0.432069 -0.008016
v -0.057531 0.428260 -0.006942
v -0.056619 0.425471 -0.004008
v -0.056285 0.424451 0.000000
v -0.056619 0.425471 0.004008
v -0.057531 0.428260 0.006942
v -0.058778 0.432069 0.008016
v -0.065737 0.434337 0.006942
v -0.066300 0.437216 0.004008
v -0.066506 0.438270 0.000000
v -0.066300 0.437216 -0.004008
v -0.065737 0.434337 -0.006942
v -0.064969 0.430403 -0.008016
v -0.064201 0.426470 -0.006942
v -0.063639 0.423590 -0.004008
v -0.063433 0.422536 0.000000
v -0.063639 0.423590 0.004008
v -0.064201 0.426470 0.006942
v -0.064969 0.430403 0.008016
v -0.071411 0.433626 0.006942
v -0.071483 0.436559 0.004008
v -0.071509 0.437633 0.000000
v -0.071483 0.436559 -0.004008
v -0.071411 0.433626 -0.006942
v -0.071314 0.429619 -0.008016
v -0.071217 0.425613 -0.006942
v -0.071145 0.422680 -0.004008
v -0.071119 0.421606 0.000000
v -0.071145 0.422680 0.004008
v -0.071217 0.425613 0.006942
v -0.071314 0.429619 0.008016
v -0.077108 0.434040 0.006942
v -0.076537 0.436917 0.004008
v -0.076328 0.437971 0.000000
v -0.076537 0.436917 -0.004008
v -0.077108 0.434040 -0.006942
v -0.077888 0.430108 -0.008016
v -0.078668 0.426177 -0.006942
v -0.079239 0.423299 -0.004008
v -0.079448 0.422246 0.000000
v -0.079239 0.423299 0.004008
v -0.078668 0.426177 0.006942
v -0.077888 0.430108 0.008016
v -0.083219 0.436050 0.006942
v -0.081982 0.438711 0.004008
v -0.081529 0.439684 0.000000
v -0.081982 0.438711 -0.004008
v -0.083219 0.436050 -0.006942
v -0.084909 0.432416 -0.008016
v -0.086599 0.428782 -0.006942
v -0.087836 0.426121 -0.004008
v -0.088288 0.425147 0.000000
v -0.087836 0.426121 0.004008
v -0.086599 0.428782 0.006942
v -0.084909 0.432416 0.008016
v -0.090332 0.440453 0.006942
v -0.088573 0.442801 0.004008
v -0.087930 0.443661 0.000000
v -0.088573 0.442801 -0.004008
v -0.090332 0.440453 -0.006942
v -0.092734 0.437245 -0.008016
v -0.095136 0.434036 -0.006942
v -0.096894 0.431687 -0.004008
v -0.097538 0.430828 0.000000
v -0.096894 0.431687 0.004008
v -0.095136 0.434036 0.006942
v -0.092734 0.437245 0.008016
v 0.006936 0.658282 0.120848
v 0.004002 0.660690 0.122526
v -0.000006 0.661571 0.123140
v -0.004013 0.660690 0.122526
v -0.006947 0.658282 0.120848
v -0.008021 0.654994 0.118557
v -0.006947 0.651706 0.116266
v -0.004013 0.649298 0.114589
v -0.000006 0.648417 0.113975
v 0.004002 0.649298 0.114589
v 0.006936 0.651706 0.116266
v 0.008010 0.654994 0.118557
v 0.006936 0.650050 0.131098
v 0.004002 0.652185 0.133111
v -0.000006 0.652966 0.133848
v -0.004013 0.652185 0.133111
v -0.006947 0.650050 0.131098
v -0.008021 0.647134 0.128349
v -0.006947 0.644219 0.125599
v -0.004013 0.642084 0.123586
v -0.000006 0.641303 0.122850
v 0.004002 0.642084 0.123586
v 0.006936 0.644219 0.125599
v 0.008010 0.647134 0.128349
v 0.006936 0.642288 0.138114
v 0.004002 0.644060 0.140452
v -0.000006 0.644708 0.141308
v -0.004013 0.644060 0.140452
v -0.006947 0.642288 0.138114
v -0.008021 0.639867 0.134920
v -0.006947 0.637446 0.131726
v -0.004013 0.635674 0.129388
v -0.000006 0.635025 0.128532
v 0.004002 0.635674 0.129388
v 0.006936 0.637446 0.131726
v 0.008010 0.639867 0.134920
v 0.006936 0.635022 0.142689
v 0.004002 0.636365 0.145298
v -0.000006 0.636856 0.146253
v -0.004013 0.636365 0.145298
v -0.006947 0.635022 0.142689
v -0.008021 0.633188 0.139126
v -0.006947 0.631354 0.135562
v -0.004013 0.630012 0.132953
v -0.000006 0.629520 0.131999
v 0.004002 0.630012 0.132953
v 0.006936 0.631354 0.135562
v 0.008010 0.633188 0.139126
v 0.006936 0.628288 0.145448
v 0.004002 0.629171 0.148246
v -0.000006 0.629494 0.149270
v -0.004013 0.629171 0.148246
v -0.006947 0.628288 0.145448
v -0.008021 0.627082 0.141626
v -0.006947 0.625875 0.137804
v -0.004013 0.624992 0.135006
v -0.000006 0.624669 0.133982
v 0.004002 0.624992 0.135006
v 0.006936 0.625875 0.137804
v 0.008010 0.627082 0.141626
v 0.006936 0.622078 0.146856
v 0.004002 0.622489 0.149761
v -0.000006 0.622639 0.150824
v -0.004013 0.622489 0.149761
v -0.006947 0.622078 0.146856
v -0.008021 0.621516 0.142888
v -0.006947 0.620954 0.138919
v -0.004013 0.620543 0.136014
v -0.000006 0.620393 0.134951
v 0.004002 0.620543 0.136014
v 0.006936 0.620954 0.138919
v 0.008010 0.621516 0.142888
v 0.006936 0.616312 0.147189
v 0.004002 0.616214 0.150121
v -0.000006 0.616179 0.151195
v -0.004013 0.616214 0.150121
v -0.006947 0.616312 0.147189
v -0.008021 0.616446 0.143183
v -0.006947 0.616580 0.139178
v -0.004013 0.616678 0.136245
v -0.000006 0.616714 0.135172
v 0.004002 0.616678 0.136245
v 0.006936 0.616580 0.139178
v 0.008010 0.616446 0.143183
v 0.006936 0.610908 0.146505
v 0.004002 0.610244 0.149363
v -0.000006 0.610002 0.150409
v -0.004013 0.610244 0.149363
v -0.006947 0.610908 0.146505
v -0.008021 0.611814 0.142601
v -0.006947 0.612720 0.138697
v -0.004013 0.613383 0.135839
v -0.000006 0.613626 0.134793
v 0.004002 0.613383 0.135839
v 0.006936 0.612720 0.138697
v 0.008010 0.611814 0.142601
v 0.006936 0.605867 0.144773
v 0.004002 0.604636 0.147437
v -0.000006 0.604186 0.148412
v -0.004013 0.604636 0.147437
v -0.006947 0.605867 0.144773
v -0.008021 0.607548 0.141135
v -0.006947 0.609229 0.137497
v -0.004013 0.610459 0.134833
v -0.000006 0.610910 0.133858
v 0.004002 0.610459 0.134833
v 0.006936 0.609229 0.137497
v 0.008010 0.607548 0.141135
v 0.006936 0.601235 0.142037
v 0.004002 0.599525 0.144422
v -0.000006 0.598900 0.145294
v -0.004013 0.599525 0.144422
v -0.006947 0.601235 0.142037
v -0.008021 0.603570 0.138780
v -0.006947 0.605905 0.135522
v -0.004013 0.607614 0.133138
v -0.000006 0.608239 0.132265
v 0.004002 0.607614 0.133138
v 0.006936 0.605905 0.135522
v 0.008010 0.603570 0.138780
v 0.006936 0.596984 0.138397
v 0.004002 0.594930 0.140492
v -0.000006 0.594177 0.141258
v -0.004013 0.594930 0.140492
v -0.006947 0.596984 0.138397
v -0.008021 0.599791 0.135537
v -0.006947 0.602598 0.132676
v -0.004013 0.604652 0.130581
v -0.000006 0.605405 0.129815
v 0.004002 0.604652 0.130581
v 0.006936 0.602598 0.132676
v 0.008010 0.599791 0.135537
v 0.006936 0.593005 0.133943
v 0.004002 0.590727 0.135793
v -0.000006 0.589894 0.136470
v -0.004013 0.590727 0.135793
v -0.006947 0.593005 0.133943
v -0.008021 0.596115 0.131416
v -0.006947 0.599226 0.128889
v -0.004013 0.601504 0.127039
v -0.000006 0.602337 0.126362
v 0.004002 0.601504 0.127039
v 0.006936 0.599226 0.128889
v 0.008010 0.596115 0.131416
v 0.006936 0.589146 0.128721
v 0.004002 0.586736 0.130395
v -0.000006 0.585854 0.131007
v -0.004013 0.586736 0.130395
v -0.006947 0.589146 0.128721
v -0.008021 0.592438 0.126435
v -0.006947 0.595730 0.124149
v -0.004013 0.598139 0.122475
v -0.000006 0.599021 0.121862
v 0.004002 0.598139 0.122475
v 0.006936 0.595730 0.124149
v 0.008010 0.592438 0.126435
v 0.006936 0.585254 0.122757
v 0.004002 0.582772 0.124322
v -0.000006 0.581864 0.124895
v -0.004013 0.582772 0.124322
v -0.006947 0.585254 0.122757
v -0.008021 0.588644 0.120619
v -0.006947 0.592034 0.118481
v -0.004013 0.594515 0.116916
v -0.000006 0.595424 0.116343
v 0.004002 0.594515 0.116916
v 0.006936 0.592034 0.118481
v 0.008010 0.588644 0.120619
v 0.006936 0.581179 0.116071
v 0.004002 0.578665 0.117585
v -0.000006 0.577745 0.118139
v -0.004013 0.578665 0.117585
v -0.006947 0.581179 0.116071
v -0.008021 0.584612 0.114004
v -0.006947 0.588046 0.111937
v -0.004013 0.590559 0.110423
v -0.000006 0.591479 0.109869
v 0.004002 0.590559 0.110423
v 0.006936 0.588046 0.111937
v 0.008010 0.584612 0.114004
v 0.006936 0.576797 0.108706
v 0.004002 0.574278 0.110210
v -0.000006 0.573356 0.110761
v -0.004013 0.574278 0.110210
v -0.006947 0.576797 0.108706
v -0.008021 0.580238 0.106651
v -0.006947 0.583679 0.104596
v -0.004013 0.586198 0.103091
v -0.000006 0.587120 0.102541
v 0.004002 0.586198 0.103091
v 0.006936 0.583679 0.104596
v 0.008010 0.580238 0.106651
v 0.006936 0.572027 0.100750
v 0.004002 0.569521 0.102276
v -0.000006 0.568603 0.102835
v -0.004013 0.569521 0.102276
v -0.006947 0.572027 0.100750
v -0.008021 0.575450 0.098666
v -0.006947 0.578873 0.096581
v -0.004013 0.581379 0.095055
v -0.000006 0.582296 0.094497
v 0.004002 0.581379 0.095055
v 0.006936 0.578873 0.096581
v 0.008010 0.575450 0.098666
v 0.006936 0.566830 0.092345
v 0.004002 0.564351 0.093915
v -0.000006 0.563444 0.094490
v -0.004013 0.564351 0.093915
v -0.006947 0.566830 0.092345
v -0.008021 0.570216 0.090201
v -0.006947 0.573602 0.088056
v -0.004013 0.576080 0.086486
v -0.000006 0.576988 0.085912
v 0.004002 0.576080 0.086486
v 0.006936 0.573602 0.088056
v 0.008010 0.570216 0.090201
v 0.006936 0.561212 0.083684
v 0.004002 0.558774 0.085316
v -0.000006 0.557882 0.085914
v -0.004013 0.558774 0.085316
v -0.006947 0.561212 0.083684
v -0.008021 0.564542 0.081454
v -0.006947 0.567872 0.079224
v -0.004013 0.570310 0.077591
v -0.000006 0.571202 0.076994
v 0.004002 0.570310 0.077591
v 0.006936 0.567872 0.079224
v 0.008010 0.564542 0.081454
v 0.006936 0.555218 0.075009
v 0.004002 0.552836 0.076722
v -0.000006 0.551964 0.077349
v -0.004013 0.552836 0.076722
v -0.006947 0.555218 0.075009
v -0.008021 0.558472 0.072669
v -0.006947 0.561726 0.070329
v -0.004013 0.564107 0.068616
v -0.000006 0.564979 0.067988
v 0.004002 0.564107 0.068616
v 0.006936 0.561726 0.070329
v 0.008010 0.558472 0.072669
v 0.006936 0.548938 0.066614
v 0.004002 0.546632 0.068429
v -0.000006 0.545789 0.069093
v -0.004013 0.546632 0.068429
v -0.006947 0.548938 0.066614
v -0.008021 0.552087 0.064135
v -0.006947 0.555236 0.061656
v -0.004013 0.557542 0.059841
v -0.000006 0.558385 0.059177
v 0.004002 0.557542 0.059841
v 0.006936 0.555236 0.061656
v 0.008010 0.552087 0.064135
v 0.006936 0.542501 0.058835
v 0.004002 0.540302 0.060778
v -0.000006 0.539497 0.061489
v -0.004013 0.540302 0.060778
v -0.006947 0.542501 0.058835
v -0.008021 0.545505 0.056182
v -0.006947 0.548508 0.053529
v -0.004013 0.550707 0.051587
v -0.000006 0.551512 0.050876
v 0.004002 0.550707 0.051587
v 0.006936 0.548508 0.053529
v 0.008010 0.545505 0.056182
v 0.006936 0.536045 0.051980
v 0.004002 0.533994 0.054079
v -0.000006 0.533243 0.054847
v -0.004013 0.533994 0.054079
v -0.006947 0.536045 0.051980
v -0.008021 0.538846 0.049114
v -0.006947 0.541647 0.046248
v -0.004013 0.543698 0.044150
v -0.000006 0.544449 0.043382
v 0.004002 0.543698 0.044150
v 0.006936 0.541647 0.046248
v 0.008010 0.538846 0.049114
v 0.006936 0.529686 0.046257
v 0.004002 0.527839 0.048537
v -0.000006 0.527163 0.049371
v -0.004013 0.527839 0.048537
v -0.006947 0.529686 0.046257
v -0.008021 0.532208 0.043142
v -0.006947 0.534730 0.040027
v -0.004013 0.536577 0.037747
v -0.000006 0.537252 0.036913
v 0.004002 0.536577 0.037747
v 0.006936 0.534730 0.040027
v 0.008010 0.532208 0.043142
v 0.006936 0.523508 0.041761
v 0.004002 0.521934 0.044238
v -0.000006 0.521358 0.045144
v -0.004013 0.521934 0.044238
v -0.006947 0.523508 0.041761
v -0.008021 0.525658 0.038379
v -0.006947 0.527808 0.034997
v -0.004013 0.529382 0.032521
v -0.000006 0.529958 0.031614
v 0.004002 0.529382 0.032520
v 0.006936 0.527808 0.034997
v 0.008010 0.525658 0.038379
v 0.006936 0.517551 0.038477
v 0.004002 0.516317 0.041138
v -0.000006 0.515865 0.042113
v -0.004013 0.516317 0.041138
v -0.006947 0.517551 0.038477
v -0.008021 0.519237 0.034840
v -0.006947 0.520922 0.031204
v -0.004013 0.522156 0.028542
v -0.000006 0.522608 0.027568
v 0.004002 0.522156 0.028542
v 0.006936 0.520922 0.031204
v 0.008010 0.519237 0.034840
v 0.006936 0.511782 0.036276
v 0.004002 0.510924 0.039082
v -0.000006 0.510610 0.040108
v -0.004013 0.510924 0.039082
v -0.006947 0.511782 0.036276
v -0.008021 0.512955 0.032443
v -0.006947 0.514127 0.028611
v -0.004013 0.514985 0.025805
v -0.000006 0.515299 0.024778
v 0.004002 0.514985 0.025805
v 0.006936 0.514127 0.028611
v 0.008010 0.512955 0.032443
v 0.006936 0.506095 0.034953
v 0.004002 0.505582 0.037842
v -0.000006 0.505394 0.038899
v -0.004013 0.505582 0.037842
v -0.006947 0.506095 0.034953
v -0.008021 0.506796 0.031007
v -0.006947 0.507496 0.027061
v -0.004013 0.508009 0.024172
v -0.000006 0.508197 0.023115
v 0.004002 0.508009 0.024172
v 0.006936 0.507496 0.027061
v 0.008010 0.506796 0.031007
v 0.006936 0.500361 0.034251
v 0.004002 0.500100 0.037174
v -0.000006 0.500004 0.038243
v -0.004013 0.500100 0.037174
v -0.006947 0.500361 0.034251
v -0.008021 0.500717 0.030259
v -0.006947 0.501073 0.026267
v -0.004013 0.501334 0.023345
v -0.000006 0.501429 0.022275
v 0.004002 0.501334 0.023345
v 0.006936 0.501073 0.026267
v 0.008010 0.500717 0.030259
v 0.006936 0.494519 0.033927
v 0.004002 0.494406 0.036859
v -0.000006 0.494365 0.037932
v -0.004013 0.494406 0.036859
v -0.006947 0.494519 0.033927
v -0.008021 0.494673 0.029922
v -0.006947 0.494827 0.025918
v -0.004013 0.494939 0.022986
v -0.000006 0.494981 0.021913
v 0.004002 0.494939 0.022986
v 0.006936 0.494827 0.025918
v 0.008010 0.494673 0.029922
v 0.006936 0.488583 0.033802
v 0.004002 0.488543 0.036736
v -0.000006 0.488529 0.037810
v -0.004013 0.488543 0.036736
v -0.006947 0.488583 0.033802
v -0.008021 0.488638 0.029795
v -0.006947 0.488692 0.025787
v -0.004013 0.488732 0.022854
v -0.000006 0.488746 0.021780
v 0.004002 0.488732 0.022854
v 0.006936 0.488692 0.025787
v 0.008010 0.488638 0.029795
v 0.006936 0.482604 0.033766
v 0.004002 0.482601 0.036700
v -0.000006 0.482600 0.037774
v -0.004013 0.482601 0.036700
v -0.006947 0.482604 0.033766
v -0.008021 0.482609 0.029759
v -0.006947 0.482613 0.025751
v -0.004013 0.482617 0.022817
v -0.000006 0.482618 0.021743
v 0.004002 0.482617 0.022817
v 0.006936 0.482613 0.025751
v 0.008010 0.482609 0.029759
v 0.006936 0.476658 0.033789
v 0.004002 0.476696 0.036722
v -0.000006 0.476710 0.037796
v -0.004013 0.476696 0.036722
v -0.006947 0.476658 0.033789
v -0.008021 0.476605 0.029781
v -0.006947 0.476553 0.025774
v -0.004013 0.476515 0.022840
v -0.000006 0.476501 0.021766
v 0.004002 0.476515 0.022840
v 0.006936 0.476553 0.025774
v 0.008010 0.476605 0.029781
v 0.006936 0.470845 0.033918
v 0.004002 0.470973 0.036849
v -0.000006 0.471020 0.037922
v -0.004013 0.470973 0.036849
v -0.006947 0.470845 0.033918
v -0.008021 0.470669 0.029914
v -0.006947 0.470494 0.025910
v -0.004013 0.470366 0.022979
v -0.000006 0.470319 0.021906
v 0.004002 0.470366 0.022979
v 0.006936 0.470494 0.025910
v 0.008010 0.470669 0.029914
v 0.006936 0.465293 0.034277
v 0.004002 0.465606 0.037194
v -0.000006 0.465721 0.038262
v -0.004013 0.465606 0.037194
v -0.006947 0.465293 0.034277
v -0.008021 0.464865 0.030292
v -0.006947 0.464438 0.026307
v -0.004013 0.464125 0.023390
v -0.000006 0.464010 0.022322
v 0.004002 0.464125 0.023390
v 0.006936 0.464438 0.026307
v 0.008010 0.464865 0.030292
v 0.006936 0.460129 0.035046
v 0.004002 0.460752 0.037913
v -0.000006 0.460979 0.038962
v -0.004013 0.460752 0.037913
v -0.006947 0.460129 0.035046
v -0.008021 0.459278 0.031129
v -0.006947 0.458427 0.027213
v -0.004013 0.457805 0.024346
v -0.000006 0.457577 0.023296
v 0.004002 0.457805 0.024346
v 0.006936 0.458427 0.027213
v 0.008010 0.459278 0.031129
v 0.006936 0.455417 0.036391
v 0.004002 0.456456 0.039134
v -0.000006 0.456836 0.040139
v -0.004013 0.456456 0.039134
v -0.006947 0.455417 0.036391
v -0.008021 0.453997 0.032643
v -0.006947 0.452578 0.028894
v -0.004013 0.451539 0.026151
v -0.000006 0.451158 0.025146
v 0.004002 0.451539 0.026151
v 0.006936 0.452578 0.028894
v 0.008010 0.453997 0.032642
v 0.006936 0.451147 0.038424
v 0.004002 0.452646 0.040946
v -0.000006 0.453194 0.041869
v -0.004013 0.452646 0.040946
v -0.006947 0.451147 0.038424
v -0.008021 0.449099 0.034978
v -0.006947 0.447051 0.031533
v -0.004013 0.445553 0.029011
v -0.000006 0.445004 0.028088
v 0.004002 0.445553 0.029011
v 0.006936 0.447051 0.031533
v 0.008010 0.449099 0.034978
v 0.006936 0.447278 0.041230
v 0.004002 0.449204 0.043443
v -0.000006 0.449909 0.044253
v -0.004013 0.449204 0.043443
v -0.006947 0.447278 0.041230
v -0.008021 0.444647 0.038207
v -0.006947 0.442016 0.035184
v -0.004013 0.440090 0.032971
v -0.000006 0.439385 0.032161
v 0.004002 0.440090 0.032971
v 0.006936 0.442016 0.035184
v 0.008010 0.444647 0.038207
v 0.006936 0.443787 0.044865
v 0.004002 0.446055 0.046726
v -0.000006 0.446885 0.047408
v -0.004013 0.446055 0.046726
v -0.006947 0.443787 0.044865
v -0.008021 0.440690 0.042322
v -0.006947 0.437592 0.039779
v -0.004013 0.435324 0.037917
v -0.000006 0.434494 0.037236
v 0.004002 0.435324 0.037917
v 0.006936 0.437592 0.039779
v 0.008010 0.440690 0.042322
v 0.006936 0.440692 0.049311
v 0.004002 0.443204 0.050828
v -0.000006 0.444123 0.051383
v -0.004013 0.443204 0.050828
v -0.006947 0.440692 0.049311
v -0.008021 0.437261 0.047239
v -0.006947 0.433831 0.045168
v -0.004013 0.431319 0.043651
v -0.000006 0.430400 0.043096
v 0.004002 0.431319 0.043651
v 0.006936 0.433831 0.045168
v 0.008010 0.437261 0.047239
v 0.006936 0.438037 0.054446
v 0.004002 0.440711 0.055653
v -0.000006 0.441690 0.056094
v -0.004013 0.440711 0.055653
v -0.006947 0.438037 0.054446
v -0.008021 0.434383 0.052799
v -0.006947 0.430730 0.051151
v -0.004013 0.428055 0.049945
v -0.000006 0.427076 0.049504
v 0.004002 0.428055 0.049945
v 0.006936 0.430730 0.051151
v 0.008010 0.434383 0.052799
v 0.006936 0.435878 0.060019
v 0.004002 0.438667 0.060931
v -0.000006 0.439687 0.061265
v -0.004013 0.438667 0.060931
v -0.006947 0.435878 0.060019
v -0.008021 0.432069 0.058772
v -0.006947 0.428260 0.057526
v -0.004013 0.425471 0.056614
v -0.000006 0.424451 0.056280
v 0.004002 0.425471 0.056614
v 0.006936 0.428260 0.057526
v 0.008010 0.432069 0.058772
v 0.006936 0.434337 0.065732
v 0.004002 0.437216 0.066294
v -0.000006 0.438270 0.066500
v -0.004013 0.437216 0.066294
v -0.006947 0.434337 0.065732
v -0.008021 0.430403 0.064964
v -0.006947 0.426470 0.064196
v -0.004013 0.423590 0.063633
v -0.000006 0.422536 0.063427
v 0.004002 0.423590 0.063633
v 0.006936 0.426470 0.064196
v 0.008010 0.430403 0.064964
v 0.006936 0.433626 0.071406
v 0.004002 0.436559 0.071477
v -0.000006 0.437633 0.071503
v -0.004013 0.436559 0.071477
v -0.006947 0.433626 0.071406
v -0.008021 0.429619 0.071309
v -0.006947 0.425613 0.071211
v -0.004013 0.422680 0.071140
v -0.000006 0.421606 0.071114
v 0.004002 0.422680 0.071140
v 0.006936 0.425613 0.071211
v 0.008010 0.429619 0.071309
v 0.006936 0.434040 0.077103
v 0.004002 0.436917 0.076532
v -0.000006 0.437971 0.076323
v -0.004013 0.436917 0.076532
v -0.006947 0.434040 0.077103
v -0.008021 0.430108 0.077883
v -0.006947 0.426177 0.078663
v -0.004013 0.423299 0.079234
v -0.000006 0.422246 0.079443
v 0.004002 0.423299 0.079234
v 0.006936 0.426177 0.078663
v 0.008010 0.430108 0.077883
v 0.006936 0.436050 0.083214
v 0.004002 0.438711 0.081977
v -0.000006 0.439684 0.081524
v -0.004013 0.438711 0.081977
v -0.006947 0.436050 0.083214
v -0.008021 0.432416 0.084903
v -0.006947 0.428782 0.086593
v -0.004013 0.426121 0.087830
v -0.000006 0.425147 0.088283
v 0.004002 0.426121 0.087830
v 0.006936 0.428782 0.086593
v 0.008010 0.432416 0.084903
v 0.006936 0.440453 0.090326
v 0.004002 0.442801 0.088568
v -0.000006 0.443661 0.087924
v -0.004013 0.442801 0.088568
v -0.006947 0.440453 0.090326
v -0.008021 0.437245 0.092728
v -0.006947 0.434036 0.095130
v -0.004013 0.431687 0.096889
v -0.000006 0.430828 0.097532
v 0.004002 0.431687 0.096889
v 0.006936 0.434036 0.095130
v 0.008010 0.437245 0.092728
v 0.108567 0.665655 -0.006942
v 0.109932 0.668252 -0.004008
v 0.110431 0.669203 0.000000
v 0.109932 0.668252 0.004008
v 0.108567 0.665655 0.006942
v 0.104492 0.663435 0.000000
v 0.106702 0.662108 0.008016
v 0.104836 0.658562 0.006942
v 0.103471 0.655965 0.004008
v 0.102971 0.655015 0.000000
v 0.103471 0.655965 -0.004008
v 0.104836 0.658562 -0.006942
v 0.106702 0.662108 -0.008016
v -0.006947 0.665655 -0.108572
v -0.004013 0.668252 -0.109937
v -0.000006 0.669203 -0.110437
v 0.004002 0.668252 -0.109937
v 0.006936 0.665655 -0.108572
v -0.000006 0.663435 -0.104498
v 0.008010 0.662108 -0.106707
v 0.006936 0.658562 -0.104842
v 0.004002 0.655965 -0.103477
v -0.000006 0.655015 -0.102977
v -0.004013 0.655965 -0.103477
v -0.006947 0.658562 -0.104842
v -0.008021 0.662108 -0.106707
v -0.108578 0.665655 0.006942
v -0.109943 0.668252 0.004008
v -0.110443 0.669203 0.000000
v -0.109943 0.668252 -0.004008
v -0.108578 0.665655 -0.006942
v -0.104504 0.663435 0.000000
v -0.106713 0.662108 -0.008016
v -0.104848 0.658562 -0.006942
v -0.103482 0.655965 -0.004008
v -0.102982 0.655015 0.000000
v -0.103482 0.655965 0.004008
v -0.104848 0.658562 0.006942
v -0.106713 0.662108 0.008016
v 0.006936 0.665655 0.108572
v 0.004002 0.668252 0.109937
v -0.000006 0.669203 0.110437
v -0.004013 0.668252 0.109937
v -0.006947 0.665655 0.108572
v -0.000006 0.663435 0.104498
v -0.008021 0.662108 0.106707
v -0.006947 0.658562 0.104842
v -0.004013 0.655965 0.103477
v -0.000006 0.655015 0.102977
v 0.004002 0.655965 0.103477
v 0.006936 0.658562 0.104842
v 0.008010 0.662108 0.106707
v 0.101850 0.445453 0.000000
v -0.000006 0.445453 -0.101856
v -0.101861 0.445453 0.000000
v -0.000006 0.445453 0.101856
v 0.104492 0.663435 -0.005350
v 0.105737 0.665802 -0.004633
v 0.106649 0.667536 -0.002675
v 0.106982 0.668170 0.000000
v 0.106649 0.667536 0.002675
v 0.105737 0.665802 0.004634
v 0.104492 0.663435 0.005350
v 0.103247 0.661067 0.004634
v 0.102336 0.659334 0.002675
v 0.102002 0.658699 0.000000
v 0.102336 0.659334 -0.002675
v 0.103247 0.661067 -0.004633
v -0.005356 0.663435 -0.104498
v -0.004639 0.665802 -0.105743
v -0.002681 0.667536 -0.106654
v -0.000006 0.668170 -0.106988
v 0.002670 0.667536 -0.106654
v 0.004628 0.665802 -0.105743
v 0.005345 0.663435 -0.104498
v 0.004628 0.661067 -0.103253
v 0.002670 0.659334 -0.102341
v -0.000006 0.658699 -0.102008
v -0.002681 0.659334 -0.102341
v -0.004639 0.661067 -0.103253
v -0.104504 0.663435 0.005350
v -0.105749 0.665802 0.004634
v -0.106660 0.667536 0.002675
v -0.106994 0.668170 0.000000
v -0.106660 0.667536 -0.002675
v -0.105749 0.665802 -0.004633
v -0.104504 0.663435 -0.005350
v -0.103258 0.661067 -0.004633
v -0.102347 0.659334 -0.002675
v -0.102013 0.658699 0.000000
v -0.102347 0.659334 0.002675
v -0.103258 0.661067 0.004634
v 0.005345 0.663435 0.104498
v 0.004628 0.665802 0.105743
v 0.002670 0.667536 0.106654
v -0.000006 0.668170 0.106988
v -0.002681 0.667536 0.106654
v -0.004639 0.665802 0.105743
v -0.005356 0.663435 0.104498
v -0.004639 0.661067 0.103253
v -0.002681 0.659334 0.102342
v -0.000006 0.658699 0.102008
v 0.002670 0.659334 0.102342
v 0.004628 0.661067 0.103253
v 0.096433 0.445957 -0.006942
v 0.098480 0.446714 -0.005542
v 0.094335 0.448005 -0.004008
v 0.096803 0.448351 -0.003200
v 0.093567 0.448755 0.000000
v 0.096189 0.448950 0.000000
v 0.094335 0.448005 0.004008
v 0.096803 0.448351 0.003201
v 0.096433 0.445957 0.006942
v 0.098480 0.446714 0.005542
v 0.099299 0.443159 0.008016
v 0.100769 0.444480 0.006397
v 0.102166 0.440361 0.006942
v 0.103056 0.442248 0.005537
v 0.104265 0.438312 0.004008
v 0.104730 0.440615 0.003196
v 0.105033 0.437563 0.000000
v 0.105342 0.440018 0.000000
v 0.104265 0.438312 -0.004008
v 0.104730 0.440615 -0.003196
v 0.102166 0.440361 -0.006942
v 0.103056 0.442248 -0.005537
v 0.100769 0.444480 -0.006397
v 0.099299 0.443159 -0.008016
v -0.006947 0.445957 -0.096439
v -0.005547 0.446714 -0.098485
v -0.004013 0.448005 -0.094341
v -0.003206 0.448351 -0.096808
v -0.000006 0.448755 -0.093573
v -0.000006 0.448950 -0.096194
v 0.004002 0.448005 -0.094341
v 0.003195 0.448351 -0.096808
v 0.006936 0.445957 -0.096439
v 0.005536 0.446714 -0.098485
v 0.008010 0.443159 -0.099305
v 0.006391 0.444480 -0.100774
v 0.006936 0.440361 -0.102171
v 0.005532 0.442248 -0.103062
v 0.004002 0.438312 -0.104270
v 0.003190 0.440615 -0.104735
v -0.000006 0.437563 -0.105038
v -0.000006 0.440018 -0.105348
v -0.004013 0.438312 -0.104270
v -0.003202 0.440615 -0.104735
v -0.006947 0.440361 -0.102171
v -0.005543 0.442248 -0.103062
v -0.006402 0.444480 -0.100774
v -0.008021 0.443159 -0.099305
v -0.096444 0.445957 0.006942
v -0.098491 0.446714 0.005542
v -0.094346 0.448005 0.004008
v -0.096814 0.448351 0.003201
v -0.093578 0.448755 0.000000
v -0.096200 0.448950 0.000000
v -0.094346 0.448005 -0.004008
v -0.096814 0.448351 -0.003200
v -0.096444 0.445957 -0.006942
v -0.098491 0.446714 -0.005542
v -0.099310 0.443159 -0.008016
v -0.100780 0.444480 -0.006397
v -0.102177 0.440361 -0.006942
v -0.103067 0.442248 -0.005537
v -0.104276 0.438312 -0.004008
v -0.104741 0.440615 -0.003196
v -0.105044 0.437563 0.000000
v -0.105353 0.440018 0.000000
v -0.104276 0.438312 0.004008
v -0.104741 0.440615 0.003196
v -0.102177 0.440361 0.006942
v -0.103067 0.442248 0.005537
v -0.100780 0.444480 0.006397
v -0.099310 0.443159 0.008016
v 0.006936 0.445957 0.096439
v 0.005536 0.446714 0.098485
v 0.004002 0.448005 0.094341
v 0.003195 0.448351 0.096808
v -0.000006 0.448755 0.093573
v -0.000006 0.448950 0.096194
v -0.004013 0.448005 0.094341
v -0.003206 0.448351 0.096808
v -0.006947 0.445957 0.096439
v -0.005547 0.446714 0.098485
v -0.008021 0.443159 0.099305
v -0.006402 0.444480 0.100774
v -0.006947 0.440361 0.102172
v -0.005543 0.442248 0.103062
v -0.004013 0.438312 0.104270
v -0.003202 0.440615 0.104735
v -0.000006 0.437563 0.105038
v -0.000006 0.440018 0.105348
v 0.004002 0.438312 0.104270
v 0.003190 0.440615 0.104735
v 0.006936 0.440361 0.102172
v 0.005532 0.442248 0.103062
v 0.006391 0.444480 0.100774
v 0.008010 0.443159 0.099305
v 0.062828 -0.325851 0.005081
v 0.061002 -0.324722 0.002934
v 0.060333 -0.324308 0.000000
v 0.061002 -0.324722 -0.002933
v 0.062828 -0.325851 -0.005081
v 0.065324 -0.327393 -0.005867
v 0.067819 -0.328936 -0.005081
v 0.069646 -0.330065 -0.002933
v 0.070314 -0.330478 0.000000
v 0.069646 -0.330065 0.002934
v 0.067819 -0.328936 0.005081
v 0.065324 -0.327393 0.005867
v 0.044555 -0.361688 0.005081
v 0.042572 -0.360862 0.002934
v 0.041847 -0.360559 0.000000
v 0.042572 -0.360862 -0.002933
v 0.044555 -0.361688 -0.005081
v 0.047262 -0.362817 -0.005867
v 0.049970 -0.363945 -0.005081
v 0.051953 -0.364771 -0.002933
v 0.052678 -0.365074 0.000000
v 0.051953 -0.364771 0.002934
v 0.049970 -0.363945 0.005081
v 0.047262 -0.362817 0.005867
v 0.033291 -0.395871 0.005081
v 0.031211 -0.395336 0.002934
v 0.030450 -0.395140 0.000000
v 0.031211 -0.395336 -0.002933
v 0.033291 -0.395871 -0.005081
v 0.036132 -0.396603 -0.005867
v 0.038973 -0.397334 -0.005081
v 0.041053 -0.397869 -0.002933
v 0.041814 -0.398065 0.000000
v 0.041053 -0.397869 0.002934
v 0.038973 -0.397334 0.005081
v 0.036132 -0.396603 0.005867
v 0.027247 -0.428049 0.005081
v 0.025118 -0.427767 0.002934
v 0.024339 -0.427663 0.000000
v 0.025118 -0.427767 -0.002933
v 0.027247 -0.428049 -0.005081
v 0.030155 -0.428435 -0.005867
v 0.033063 -0.428820 -0.005081
v 0.035192 -0.429103 -0.002933
v 0.035971 -0.429206 0.000000
v 0.035192 -0.429103 0.002934
v 0.033063 -0.428820 0.005081
v 0.030155 -0.428435 0.005867
v 0.024902 -0.457981 0.005081
v 0.022756 -0.457902 0.002934
v 0.021971 -0.457873 0.000000
v 0.022756 -0.457902 -0.002933
v 0.024902 -0.457981 -0.005081
v 0.027834 -0.458089 -0.005867
v 0.030766 -0.458197 -0.005081
v 0.032912 -0.458276 -0.002933
v 0.033697 -0.458305 0.000000
v 0.032912 -0.458276 0.002934
v 0.030766 -0.458197 0.005081
v 0.027834 -0.458089 0.005867
v 0.025022 -0.485536 0.005081
v 0.022876 -0.485610 0.002934
v 0.022090 -0.485638 0.000000
v 0.022876 -0.485610 -0.002933
v 0.025022 -0.485536 -0.005081
v 0.027954 -0.485434 -0.005867
v 0.030886 -0.485333 -0.005081
v 0.033032 -0.485258 -0.002934
v 0.033817 -0.485231 0.000000
v 0.033032 -0.485258 0.002934
v 0.030886 -0.485333 0.005081
v 0.027954 -0.485434 0.005867
v 0.026657 -0.510685 0.005081
v 0.024518 -0.510871 0.002934
v 0.023734 -0.510939 0.000000
v 0.024518 -0.510871 -0.002933
v 0.026657 -0.510685 -0.005081
v 0.029580 -0.510431 -0.005867
v 0.032502 -0.510176 -0.005081
v 0.034641 -0.509990 -0.002934
v 0.035425 -0.509922 0.000000
v 0.034641 -0.509990 0.002934
v 0.032502 -0.510176 0.005081
v 0.029580 -0.510431 0.005867
v 0.029147 -0.533500 0.005081
v 0.027017 -0.533769 0.002934
v 0.026237 -0.533868 0.000000
v 0.027017 -0.533769 -0.002933
v 0.029147 -0.533500 -0.005081
v 0.032058 -0.533132 -0.005867
v 0.034968 -0.532764 -0.005081
v 0.037099 -0.532494 -0.002934
v 0.037878 -0.532395 0.000000
v 0.037099 -0.532494 0.002934
v 0.034968 -0.532764 0.005081
v 0.032058 -0.533132 0.005867
v 0.032118 -0.554148 0.005081
v 0.029998 -0.554488 0.002934
v 0.029222 -0.554612 0.000000
v 0.029998 -0.554488 -0.002933
v 0.032118 -0.554148 -0.005081
v 0.035015 -0.553684 -0.005867
v 0.037912 -0.553219 -0.005081
v 0.040032 -0.552879 -0.002934
v 0.040808 -0.552755 0.000000
v 0.040032 -0.552879 0.002934
v 0.037912 -0.553219 0.005081
v 0.035015 -0.553684 0.005867
v 0.035426 -0.572861 0.005081
v 0.033317 -0.573268 0.002934
v 0.032545 -0.573417 0.000000
v 0.033317 -0.573268 -0.002933
v 0.035426 -0.572861 -0.005081
v 0.038306 -0.572304 -0.005867
v 0.041186 -0.571748 -0.005081
v 0.043295 -0.571341 -0.002934
v 0.044067 -0.571192 0.000000
v 0.043295 -0.571341 0.002934
v 0.041187 -0.571748 0.005081
v 0.038306 -0.572304 0.005867
v 0.038991 -0.589869 0.005081
v 0.036896 -0.590342 0.002934
v 0.036129 -0.590515 0.000000
v 0.036896 -0.590342 -0.002933
v 0.038991 -0.589869 -0.005081
v 0.041852 -0.589222 -0.005867
v 0.044714 -0.588576 -0.005081
v 0.046809 -0.588103 -0.002934
v 0.047575 -0.587930 0.000000
v 0.046809 -0.588103 0.002934
v 0.044714 -0.588576 0.005081
v 0.041852 -0.589222 0.005867
v 0.042750 -0.605392 0.005081
v 0.040670 -0.605929 0.002934
v 0.039909 -0.606125 0.000000
v 0.040670 -0.605929 -0.002933
v 0.042750 -0.605392 -0.005081
v 0.045590 -0.604660 -0.005867
v 0.048431 -0.603927 -0.005081
v 0.050510 -0.603391 -0.002934
v 0.051271 -0.603195 0.000000
v 0.050510 -0.603391 0.002934
v 0.048431 -0.603927 0.005081
v 0.045590 -0.604660 0.005867
v 0.046651 -0.619641 0.005081
v 0.044588 -0.620237 0.002934
v 0.043833 -0.620456 0.000000
v 0.044588 -0.620237 -0.002933
v 0.046651 -0.619641 -0.005081
v 0.049469 -0.618827 -0.005867
v 0.052288 -0.618013 -0.005081
v 0.054351 -0.617417 -0.002934
v 0.055106 -0.617199 0.000000
v 0.054351 -0.617417 0.002934
v 0.052288 -0.618013 0.005081
v 0.049469 -0.618827 0.005867
v 0.050658 -0.632817 0.005081
v 0.048612 -0.633469 0.002934
v 0.047863 -0.633707 0.000000
v 0.048612 -0.633469 -0.002934
v 0.050658 -0.632817 -0.005081
v 0.053454 -0.631927 -0.005867
v 0.056249 -0.631038 -0.005081
v 0.058295 -0.630386 -0.002934
v 0.059044 -0.630148 0.000000
v 0.058295 -0.630386 0.002934
v 0.056249 -0.631038 0.005081
v 0.053454 -0.631927 0.005867
v 0.054748 -0.645114 0.005081
v 0.052718 -0.645815 0.002934
v 0.051975 -0.646072 0.000000
v 0.052718 -0.645815 -0.002934
v 0.054748 -0.645114 -0.005081
v 0.057521 -0.644155 -0.005867
v 0.060293 -0.643197 -0.005081
v 0.062323 -0.642495 -0.002934
v 0.063066 -0.642238 0.000000
v 0.062323 -0.642495 0.002934
v 0.060293 -0.643197 0.005081
v 0.057521 -0.644155 0.005867
v 0.058911 -0.656715 0.005081
v 0.056898 -0.657462 0.002934
v 0.056160 -0.657735 0.000000
v 0.056898 -0.657462 -0.002934
v 0.058911 -0.656715 -0.005081
v 0.061662 -0.655695 -0.005867
v 0.064412 -0.654676 -0.005081
v 0.066426 -0.653929 -0.002934
v 0.067163 -0.653656 0.000000
v 0.066426 -0.653929 0.002934
v 0.064412 -0.654676 0.005081
v 0.061662 -0.655695 0.005867
v 0.063152 -0.667798 0.005081
v 0.061154 -0.668584 0.002934
v 0.060422 -0.668871 0.000000
v 0.061154 -0.668584 -0.002934
v 0.063152 -0.667798 -0.005081
v 0.065882 -0.666724 -0.005867
v 0.068612 -0.665650 -0.005081
v 0.070610 -0.664864 -0.002934
v 0.071342 -0.664576 0.000000
v 0.070610 -0.664864 0.002934
v 0.068612 -0.665650 0.005081
v 0.065882 -0.666724 0.005867
v 0.067489 -0.678528 0.005081
v 0.065505 -0.679349 0.002934
v 0.064778 -0.679650 0.000000
v 0.065505 -0.679349 -0.002934
v 0.067489 -0.678528 -0.005081
v 0.070200 -0.677407 -0.005867
v 0.072910 -0.676285 -0.005081
v 0.074895 -0.675464 -0.002934
v 0.075621 -0.675164 0.000000
v 0.074895 -0.675464 0.002934
v 0.072910 -0.676285 0.005081
v 0.070200 -0.677407 0.005867
v 0.071948 -0.689060 0.005081
v 0.069977 -0.689911 0.002934
v 0.069255 -0.690223 0.000000
v 0.069977 -0.689911 -0.002934
v 0.071948 -0.689060 -0.005081
v 0.074641 -0.687896 -0.005867
v 0.077334 -0.686733 -0.005081
v 0.079306 -0.685881 -0.002934
v 0.080027 -0.685569 0.000000
v 0.079306 -0.685881 0.002934
v 0.077334 -0.686733 0.005081
v 0.074641 -0.687896 0.005867
v 0.076558 -0.699521 0.005081
v 0.074599 -0.700400 0.002934
v 0.073882 -0.700721 0.000000
v 0.074599 -0.700400 -0.002934
v 0.076558 -0.699521 -0.005081
v 0.079235 -0.698320 -0.005867
v 0.081912 -0.697120 -0.005081
v 0.083871 -0.696241 -0.002934
v 0.084588 -0.695919 0.000000
v 0.083871 -0.696241 0.002934
v 0.081912 -0.697120 0.005081
v 0.079235 -0.698320 0.005867
v 0.081350 -0.710021 0.005081
v 0.079402 -0.710925 0.002934
v 0.078689 -0.711255 0.000000
v 0.079402 -0.710925 -0.002934
v 0.081350 -0.710021 -0.005081
v 0.084011 -0.708787 -0.005867
v 0.086673 -0.707553 -0.005081
v 0.088621 -0.706649 -0.002934
v 0.089334 -0.706319 0.000000
v 0.088621 -0.706649 0.002934
v 0.086673 -0.707553 0.005081
v 0.084011 -0.708787 0.005867
v 0.086357 -0.720647 0.005081
v 0.084420 -0.721574 0.002934
v 0.083711 -0.721913 0.000000
v 0.084420 -0.721574 -0.002934
v 0.086357 -0.720647 -0.005081
v 0.089003 -0.719381 -0.005867
v 0.091649 -0.718114 -0.005081
v 0.093586 -0.717187 -0.002934
v 0.094295 -0.716848 0.000000
v 0.093586 -0.717187 0.002934
v 0.091649 -0.718114 0.005081
v 0.089003 -0.719381 0.005867
v 0.091613 -0.731463 0.005081
v 0.089688 -0.732414 0.002934
v 0.088983 -0.732762 0.000000
v 0.089688 -0.732414 -0.002934
v 0.091613 -0.731463 -0.005081
v 0.094243 -0.730164 -0.005867
v 0.096874 -0.728865 -0.005081
v 0.098799 -0.727914 -0.002934
v 0.099504 -0.727566 0.000000
v 0.098799 -0.727914 0.002934
v 0.096874 -0.728865 0.005081
v 0.094243 -0.730164 0.005867
v 0.097156 -0.742510 0.005081
v 0.095243 -0.743487 0.002934
v 0.094543 -0.743844 0.000000
v 0.095243 -0.743487 -0.002934
v 0.097156 -0.742510 -0.005081
v 0.099769 -0.741176 -0.005867
v 0.102382 -0.739842 -0.005081
v 0.104294 -0.738866 -0.002934
v 0.104994 -0.738508 0.000000
v 0.104294 -0.738866 0.002934
v 0.102382 -0.739842 0.005081
v 0.099769 -0.741176 0.005867
v 0.103025 -0.753809 0.005081
v 0.101127 -0.754814 0.002934
v 0.100432 -0.755182 0.000000
v 0.101127 -0.754814 -0.002934
v 0.103025 -0.753809 -0.005081
v 0.105617 -0.752436 -0.005867
v 0.108209 -0.751063 -0.005081
v 0.110107 -0.750058 -0.002934
v 0.110802 -0.749690 0.000000
v 0.110107 -0.750058 0.002934
v 0.108209 -0.751063 0.005081
v 0.105617 -0.752436 0.005867
v 0.109260 -0.765358 0.005081
v 0.107381 -0.766397 0.002934
v 0.106693 -0.766777 0.000000
v 0.107381 -0.766397 -0.002934
v 0.109260 -0.765358 -0.005081
v 0.111828 -0.763939 -0.005867
v 0.114396 -0.762520 -0.005081
v 0.116275 -0.761482 -0.002934
v 0.116963 -0.761102 0.000000
v 0.116275 -0.761482 0.002934
v 0.114396 -0.762520 0.005081
v 0.111828 -0.763939 0.005867
v 0.115933 -0.777161 0.005081
v 0.114077 -0.778242 0.002934
v 0.113398 -0.778637 0.000000
v 0.114077 -0.778242 -0.002934
v 0.115933 -0.777161 -0.005081
v 0.118468 -0.775684 -0.005867
v 0.121003 -0.774208 -0.005081
v 0.122859 -0.773127 -0.002934
v 0.123538 -0.772732 0.000000
v 0.122859 -0.773127 0.002934
v 0.121003 -0.774208 0.005081
v 0.118468 -0.775684 0.005867
v 0.123215 -0.789302 0.005081
v 0.121392 -0.790437 0.002934
v 0.120725 -0.790853 0.000000
v 0.121392 -0.790437 -0.002934
v 0.123215 -0.789302 -0.005081
v 0.125705 -0.787751 -0.005867
v 0.128195 -0.786200 -0.005081
v 0.130018 -0.785065 -0.002934
v 0.130685 -0.784649 0.000000
v 0.130018 -0.785065 0.002934
v 0.128195 -0.786200 0.005081
v 0.125705 -0.787751 0.005867
v 0.131401 -0.801965 0.005081
v 0.129621 -0.803167 0.002934
v 0.128970 -0.803608 0.000000
v 0.129621 -0.803167 -0.002934
v 0.131401 -0.801965 -0.005081
v 0.133831 -0.800323 -0.005867
v 0.136262 -0.798680 -0.005081
v 0.138041 -0.797478 -0.002934
v 0.138693 -0.797038 0.000000
v 0.138041 -0.797478 0.002934
v 0.136262 -0.798680 0.005081
v 0.133831 -0.800323 0.005867
v 0.140907 -0.815433 0.005081
v 0.139181 -0.816711 0.002934
v 0.138549 -0.817178 0.000000
v 0.139181 -0.816711 -0.002934
v 0.140907 -0.815433 -0.005081
v 0.143265 -0.813688 -0.005867
v 0.145623 -0.811943 -0.005081
v 0.147350 -0.810665 -0.002934
v 0.147981 -0.810198 0.000000
v 0.147350 -0.810665 0.002934
v 0.145623 -0.811943 0.005081
v 0.143265 -0.813688 0.005867
v 0.152274 -0.830091 0.005081
v 0.150607 -0.831445 0.002934
v 0.149996 -0.831941 0.000000
v 0.150607 -0.831445 -0.002934
v 0.152274 -0.830091 -0.005081
v 0.154551 -0.828242 -0.005867
v 0.156828 -0.826393 -0.005081
v 0.158495 -0.825039 -0.002934
v 0.159105 -0.824543 0.000000
v 0.158495 -0.825039 0.002934
v 0.156828 -0.826393 0.005081
v 0.154551 -0.828242 0.005867
v 0.166162 -0.846429 0.005081
v 0.164555 -0.847853 0.002934
v 0.163967 -0.848375 0.000000
v 0.164555 -0.847853 -0.002934
v 0.166162 -0.846429 -0.005081
v 0.168358 -0.844483 -0.005867
v 0.170553 -0.842537 -0.005081
v 0.172160 -0.841113 -0.002934
v 0.172748 -0.840591 0.000000
v 0.172160 -0.841113 0.002934
v 0.170553 -0.842537 0.005081
v 0.168358 -0.844483 0.005867
v 0.183361 -0.865045 0.005081
v 0.181810 -0.866530 0.002934
v 0.181242 -0.867074 0.000000
v 0.181810 -0.866530 -0.002934
v 0.183361 -0.865045 -0.005081
v 0.185480 -0.863016 -0.005867
v 0.187600 -0.860988 -0.005081
v 0.189151 -0.859503 -0.002934
v 0.189719 -0.858959 0.000000
v 0.189151 -0.859503 0.002934
v 0.187600 -0.860988 0.005081
v 0.185480 -0.863016 0.005867
v 0.005076 -0.325851 -0.062834
v 0.002928 -0.324722 -0.061007
v -0.000006 -0.324308 -0.060339
v -0.002939 -0.324722 -0.061007
v -0.005087 -0.325851 -0.062834
v -0.005873 -0.327393 -0.065329
v -0.005087 -0.328936 -0.067825
v -0.002939 -0.330065 -0.069651
v -0.000006 -0.330478 -0.070320
v 0.002928 -0.330065 -0.069651
v 0.005076 -0.328936 -0.067825
v 0.005862 -0.327393 -0.065329
v 0.005076 -0.361688 -0.044560
v 0.002928 -0.360862 -0.042578
v -0.000006 -0.360559 -0.041852
v -0.002939 -0.360862 -0.042578
v -0.005087 -0.361688 -0.044560
v -0.005873 -0.362817 -0.047268
v -0.005087 -0.363945 -0.049976
v -0.002939 -0.364771 -0.051958
v -0.000006 -0.365074 -0.052684
v 0.002928 -0.364771 -0.051958
v 0.005076 -0.363945 -0.049976
v 0.005862 -0.362817 -0.047268
v 0.005076 -0.395871 -0.033297
v 0.002928 -0.395336 -0.031217
v -0.000006 -0.395140 -0.030456
v -0.002939 -0.395336 -0.031217
v -0.005087 -0.395871 -0.033297
v -0.005873 -0.396603 -0.036138
v -0.005087 -0.397334 -0.038979
v -0.002939 -0.397869 -0.041058
v -0.000006 -0.398065 -0.041820
v 0.002928 -0.397869 -0.041058
v 0.005076 -0.397334 -0.038979
v 0.005862 -0.396603 -0.036138
v 0.005076 -0.428049 -0.027252
v 0.002928 -0.427767 -0.025123
v -0.000006 -0.427663 -0.024344
v -0.002939 -0.427767 -0.025123
v -0.005087 -0.428049 -0.027252
v -0.005873 -0.428435 -0.030160
v -0.005087 -0.428820 -0.033069
v -0.002939 -0.429103 -0.035197
v -0.000006 -0.429206 -0.035977
v 0.002928 -0.429103 -0.035197
v 0.005076 -0.428820 -0.033069
v 0.005862 -0.428435 -0.030160
v 0.005076 -0.457981 -0.024908
v 0.002928 -0.457902 -0.022762
v -0.000006 -0.457873 -0.021976
v -0.002939 -0.457902 -0.022762
v -0.005087 -0.457981 -0.024908
v -0.005873 -0.458089 -0.027840
v -0.005087 -0.458197 -0.030771
v -0.002939 -0.458276 -0.032917
v -0.000006 -0.458305 -0.033703
v 0.002928 -0.458276 -0.032917
v 0.005076 -0.458197 -0.030771
v 0.005862 -0.458089 -0.027840
v 0.005076 -0.485536 -0.025027
v 0.002928 -0.485610 -0.022881
v -0.000006 -0.485638 -0.022096
v -0.002939 -0.485610 -0.022881
v -0.005087 -0.485536 -0.025027
v -0.005873 -0.485434 -0.027959
v -0.005087 -0.485333 -0.030891
v -0.002939 -0.485258 -0.033037
v -0.000006 -0.485231 -0.033823
v 0.002928 -0.485258 -0.033037
v 0.005076 -0.485333 -0.030891
v 0.005862 -0.485434 -0.027959
v 0.005076 -0.510685 -0.026663
v 0.002928 -0.510871 -0.024523
v -0.000006 -0.510939 -0.023740
v -0.002939 -0.510871 -0.024523
v -0.005087 -0.510685 -0.026663
v -0.005873 -0.510431 -0.029585
v -0.005087 -0.510176 -0.032508
v -0.002939 -0.509990 -0.034647
v -0.000006 -0.509922 -0.035430
v 0.002928 -0.509990 -0.034647
v 0.005076 -0.510176 -0.032508
v 0.005862 -0.510431 -0.029585
v 0.005076 -0.533500 -0.029153
v 0.002928 -0.533769 -0.027022
v -0.000006 -0.533868 -0.026242
v -0.002939 -0.533769 -0.027022
v -0.005087 -0.533500 -0.029153
v -0.005873 -0.533132 -0.032063
v -0.005087 -0.532764 -0.034974
v -0.002939 -0.532494 -0.037104
v -0.000006 -0.532395 -0.037884
v 0.002928 -0.532494 -0.037104
v 0.005076 -0.532764 -0.034974
v 0.005862 -0.533132 -0.032063
v 0.005076 -0.554148 -0.032124
v 0.002928 -0.554488 -0.030004
v -0.000006 -0.554612 -0.029227
v -0.002939 -0.554488 -0.030004
v -0.005087 -0.554148 -0.032124
v -0.005873 -0.553684 -0.035021
v -0.005087 -0.553219 -0.037917
v -0.002939 -0.552879 -0.040038
v -0.000006 -0.552755 -0.040814
v 0.002928 -0.552879 -0.040038
v 0.005076 -0.553219 -0.037917
v 0.005862 -0.553684 -0.035021
v 0.005076 -0.572861 -0.035431
v 0.002928 -0.573268 -0.033323
v -0.000006 -0.573417 -0.032551
v -0.002939 -0.573268 -0.033323
v -0.005087 -0.572861 -0.035431
v -0.005873 -0.572304 -0.038312
v -0.005087 -0.571748 -0.041192
v -0.002939 -0.571341 -0.043301
v -0.000006 -0.571192 -0.044072
v 0.002928 -0.571341 -0.043301
v 0.005076 -0.571748 -0.041192
v 0.005862 -0.572304 -0.038312
v 0.005076 -0.589869 -0.038996
v 0.002928 -0.590342 -0.036902
v -0.000006 -0.590515 -0.036135
v -0.002939 -0.590342 -0.036902
v -0.005087 -0.589869 -0.038996
v -0.005873 -0.589222 -0.041858
v -0.005087 -0.588576 -0.044719
v -0.002939 -0.588103 -0.046814
v -0.000006 -0.587930 -0.047581
v 0.002928 -0.588103 -0.046814
v 0.005076 -0.588576 -0.044719
v 0.005862 -0.589222 -0.041858
v 0.005076 -0.605392 -0.042755
v 0.002928 -0.605929 -0.040676
v -0.000006 -0.606125 -0.039914
v -0.002939 -0.605929 -0.040676
v -0.005087 -0.605392 -0.042755
v -0.005873 -0.604660 -0.045596
v -0.005087 -0.603927 -0.048436
v -0.002939 -0.603391 -0.050516
v -0.000006 -0.603195 -0.051277
v 0.002928 -0.603391 -0.050516
v 0.005076 -0.603927 -0.048436
v 0.005862 -0.604660 -0.045596
v 0.005076 -0.619641 -0.046657
v 0.002928 -0.620237 -0.044593
v -0.000006 -0.620456 -0.043838
v -0.002939 -0.620237 -0.044593
v -0.005087 -0.619641 -0.046657
v -0.005873 -0.618827 -0.049475
v -0.005087 -0.618013 -0.052293
v -0.002939 -0.617417 -0.054356
v -0.000006 -0.617199 -0.055111
v 0.002928 -0.617417 -0.054356
v 0.005076 -0.618013 -0.052293
v 0.005862 -0.618827 -0.049475
v 0.005076 -0.632817 -0.050664
v 0.002928 -0.633469 -0.048617
v -0.000006 -0.633707 -0.047868
v -0.002939 -0.633469 -0.048617
v -0.005087 -0.632817 -0.050664
v -0.005873 -0.631927 -0.053459
v -0.005087 -0.631038 -0.056255
v -0.002939 -0.630386 -0.058301
v -0.000006 -0.630148 -0.059050
v 0.002928 -0.630386 -0.058301
v 0.005076 -0.631038 -0.056255
v 0.005862 -0.631927 -0.053459
v 0.005076 -0.645114 -0.054754
v 0.002928 -0.645815 -0.052724
v -0.000006 -0.646072 -0.051981
v -0.002939 -0.645815 -0.052724
v -0.005087 -0.645114 -0.054754
v -0.005873 -0.644155 -0.057526
v -0.005087 -0.643197 -0.060299
v -0.002939 -0.642495 -0.062328
v -0.000006 -0.642238 -0.063071
v 0.002928 -0.642495 -0.062328
v 0.005076 -0.643197 -0.060299
v 0.005862 -0.644155 -0.057526
v 0.005076 -0.656715 -0.058917
v 0.002928 -0.657462 -0.056903
v -0.000006 -0.657735 -0.056166
v -0.002939 -0.657462 -0.056903
v -0.005087 -0.656715 -0.058917
v -0.005873 -0.655695 -0.061667
v -0.005087 -0.654676 -0.064418
v -0.002939 -0.653929 -0.066432
v -0.000006 -0.653656 -0.067169
v 0.002928 -0.653929 -0.066432
v 0.005076 -0.654676 -0.064418
v 0.005862 -0.655695 -0.061667
v 0.005076 -0.667798 -0.063157
v 0.002928 -0.668584 -0.061159
v -0.000006 -0.668871 -0.060428
v -0.002939 -0.668584 -0.061159
v -0.005087 -0.667798 -0.063157
v -0.005873 -0.666724 -0.065887
v -0.005087 -0.665650 -0.068617
v -0.002939 -0.664864 -0.070616
v -0.000006 -0.664576 -0.071347
v 0.002928 -0.664864 -0.070616
v 0.005076 -0.665650 -0.068617
v 0.005862 -0.666724 -0.065887
v 0.005076 -0.678528 -0.067494
v 0.002928 -0.679349 -0.065510
v -0.000006 -0.679650 -0.064784
v -0.002939 -0.679349 -0.065510
v -0.005087 -0.678528 -0.067494
v -0.005873 -0.677407 -0.070205
v -0.005087 -0.676285 -0.072916
v -0.002939 -0.675464 -0.074900
v -0.000006 -0.675164 -0.075627
v 0.002928 -0.675464 -0.074900
v 0.005076 -0.676285 -0.072916
v 0.005862 -0.677407 -0.070205
v 0.005076 -0.689060 -0.071954
v 0.002928 -0.689911 -0.069982
v -0.000006 -0.690223 -0.069261
v -0.002939 -0.689911 -0.069982
v -0.005087 -0.689060 -0.071954
v -0.005873 -0.687896 -0.074647
v -0.005087 -0.686733 -0.077340
v -0.002939 -0.685881 -0.079311
v -0.000006 -0.685569 -0.080033
v 0.002928 -0.685881 -0.079311
v 0.005076 -0.686733 -0.077340
v 0.005862 -0.687896 -0.074647
v 0.005076 -0.699521 -0.076564
v 0.002928 -0.700400 -0.074604
v -0.000006 -0.700721 -0.073887
v -0.002939 -0.700400 -0.074604
v -0.005087 -0.699521 -0.076564
v -0.005873 -0.698320 -0.079240
v -0.005087 -0.697120 -0.081917
v -0.002939 -0.696241 -0.083877
v -0.000006 -0.695919 -0.084594
v 0.002928 -0.696241 -0.083877
v 0.005076 -0.697120 -0.081917
v 0.005862 -0.698320 -0.079240
v 0.005076 -0.710021 -0.081356
v 0.002928 -0.710925 -0.079407
v -0.000006 -0.711255 -0.078694
v -0.002939 -0.710925 -0.079407
v -0.005087 -0.710021 -0.081356
v -0.005873 -0.708787 -0.084017
v -0.005087 -0.707553 -0.086678
v -0.002939 -0.706649 -0.088626
v -0.000006 -0.706319 -0.089340
v 0.002928 -0.706649 -0.088626
v 0.005076 -0.707553 -0.086678
v 0.005862 -0.708787 -0.084017
v 0.005076 -0.720647 -0.086362
v 0.002928 -0.721574 -0.084425
v -0.000006 -0.721913 -0.083716
v -0.002939 -0.721574 -0.084425
v -0.005087 -0.720647 -0.086362
v -0.005873 -0.719381 -0.089008
v -0.005087 -0.718114 -0.091655
v -0.002939 -0.717187 -0.093592
v -0.000006 -0.716848 -0.094301
v 0.002928 -0.717187 -0.093592
v 0.005076 -0.718114 -0.091655
v 0.005862 -0.719381 -0.089008
v 0.005076 -0.731463 -0.091619
v 0.002928 -0.732414 -0.089693
v -0.000006 -0.732762 -0.088988
v -0.002939 -0.732414 -0.089693
v -0.005087 -0.731463 -0.091619
v -0.005873 -0.730164 -0.094249
v -0.005087 -0.728865 -0.096879
v -0.002939 -0.727914 -0.098805
v -0.000006 -0.727566 -0.099510
v 0.002928 -0.727914 -0.098805
v 0.005076 -0.728865 -0.096879
v 0.005862 -0.730164 -0.094249
v 0.005076 -0.742510 -0.097162
v 0.002928 -0.743487 -0.095249
v -0.000006 -0.743844 -0.094549
v -0.002939 -0.743487 -0.095249
v -0.005087 -0.742510 -0.097162
v -0.005873 -0.741176 -0.099774
v -0.005087 -0.739842 -0.102387
v -0.002939 -0.738866 -0.104300
v -0.000006 -0.738508 -0.105000
v 0.002928 -0.738866 -0.104300
v 0.005076 -0.739842 -0.102387
v 0.005862 -0.741176 -0.099774
v 0.005076 -0.753809 -0.103030
v 0.002928 -0.754814 -0.101132
v -0.000006 -0.755182 -0.100438
v -0.002939 -0.754814 -0.101132
v -0.005087 -0.753809 -0.103030
v -0.005873 -0.752436 -0.105623
v -0.005087 -0.751063 -0.108215
v -0.002939 -0.750058 -0.110113
v -0.000006 -0.749690 -0.110807
v 0.002928 -0.750058 -0.110113
v 0.005076 -0.751063 -0.108215
v 0.005862 -0.752436 -0.105623
v 0.005076 -0.765358 -0.109266
v 0.002928 -0.766397 -0.107386
v -0.000006 -0.766777 -0.106698
v -0.002939 -0.766397 -0.107386
v -0.005087 -0.765358 -0.109266
v -0.005873 -0.763939 -0.111833
v -0.005087 -0.762520 -0.114401
v -0.002939 -0.761482 -0.116281
v -0.000006 -0.761102 -0.116969
v 0.002928 -0.761482 -0.116281
v 0.005076 -0.762520 -0.114401
v 0.005862 -0.763939 -0.111833
v 0.005076 -0.777161 -0.115939
v 0.002928 -0.778242 -0.114083
v -0.000006 -0.778637 -0.113404
v -0.002939 -0.778242 -0.114083
v -0.005087 -0.777161 -0.115939
v -0.005873 -0.775684 -0.118474
v -0.005087 -0.774208 -0.121009
v -0.002939 -0.773127 -0.122864
v -0.000006 -0.772732 -0.123544
v 0.002928 -0.773127 -0.122864
v 0.005076 -0.774208 -0.121009
v 0.005862 -0.775684 -0.118474
v 0.005076 -0.789302 -0.123220
v 0.002928 -0.790437 -0.121398
v -0.000006 -0.790853 -0.120730
v -0.002939 -0.790437 -0.121398
v -0.005087 -0.789302 -0.123220
v -0.005873 -0.787751 -0.125711
v -0.005087 -0.786200 -0.128201
v -0.002939 -0.785065 -0.130024
v -0.000006 -0.784649 -0.130691
v 0.002928 -0.785065 -0.130024
v 0.005076 -0.786200 -0.128201
v 0.005862 -0.787751 -0.125711
v 0.005076 -0.801965 -0.131406
v 0.002928 -0.803167 -0.129627
v -0.000006 -0.803608 -0.128975
v -0.002939 -0.803167 -0.129627
v -0.005087 -0.801965 -0.131406
v -0.005873 -0.800323 -0.133837
v -0.005087 -0.798680 -0.136268
v -0.002939 -0.797478 -0.138047
v -0.000006 -0.797038 -0.138698
v 0.002928 -0.797478 -0.138047
v 0.005076 -0.798680 -0.136268
v 0.005862 -0.800323 -0.133837
v 0.005076 -0.815433 -0.140913
v 0.002928 -0.816711 -0.139187
v -0.000006 -0.817178 -0.138555
v -0.002939 -0.816711 -0.139187
v -0.005087 -0.815433 -0.140913
v -0.005873 -0.813688 -0.143271
v -0.005087 -0.811943 -0.145629
v -0.002939 -0.810665 -0.147355
v -0.000006 -0.810198 -0.147987
v 0.002928 -0.810665 -0.147355
v 0.005076 -0.811943 -0.145629
v 0.005862 -0.813688 -0.143271
v 0.005076 -0.830091 -0.152279
v 0.002928 -0.831445 -0.150612
v -0.000006 -0.831941 -0.150002
v -0.002939 -0.831445 -0.150612
v -0.005087 -0.830091 -0.152279
v -0.005873 -0.828242 -0.154556
v -0.005087 -0.826393 -0.156834
v -0.002939 -0.825039 -0.158501
v -0.000006 -0.824543 -0.159111
v 0.002928 -0.825039 -0.158501
v 0.005076 -0.826393 -0.156834
v 0.005862 -0.828242 -0.154556
v 0.005076 -0.846429 -0.166168
v 0.002928 -0.847853 -0.164561
v -0.000006 -0.848375 -0.163972
v -0.002939 -0.847853 -0.164561
v -0.005087 -0.846429 -0.166168
v -0.005873 -0.844483 -0.168363
v -0.005087 -0.842537 -0.170558
v -0.002939 -0.841113 -0.172166
v -0.000006 -0.840591 -0.172754
v 0.002928 -0.841113 -0.172166
v 0.005076 -0.842537 -0.170558
v 0.005862 -0.844483 -0.168363
v 0.005076 -0.865045 -0.183367
v 0.002928 -0.866530 -0.181816
v -0.000006 -0.867074 -0.181248
v -0.002939 -0.866530 -0.181816
v -0.005087 -0.865045 -0.183367
v -0.005873 -0.863016 -0.185486
v -0.005087 -0.860988 -0.187605
v -0.002939 -0.859503 -0.189156
v -0.000006 -0.858959 -0.189724
v 0.002928 -0.859503 -0.189156
v 0.005076 -0.860988 -0.187605
v 0.005862 -0.863016 -0.185486
v -0.062840 -0.325851 -0.005081
v -0.061013 -0.324722 -0.002934
v -0.060344 -0.324308 0.000000
v -0.061013 -0.324722 0.002934
v -0.062840 -0.325851 0.005081
v -0.065335 -0.327393 0.005867
v -0.067830 -0.328936 0.005081
v -0.069657 -0.330065 0.002934
v -0.070325 -0.330478 0.000000
v -0.069657 -0.330065 -0.002934
v -0.067830 -0.328936 -0.005081
v -0.065335 -0.327393 -0.005867
v -0.044566 -0.361688 -0.005081
v -0.042584 -0.360862 -0.002934
v -0.041858 -0.360559 0.000000
v -0.042584 -0.360862 0.002934
v -0.044566 -0.361688 0.005081
v -0.047274 -0.362817 0.005867
v -0.049981 -0.363945 0.005081
v -0.051964 -0.364771 0.002934
v -0.052689 -0.365074 0.000000
v -0.051964 -0.364771 -0.002934
v -0.049981 -0.363945 -0.005081
v -0.047274 -0.362817 -0.005867
v -0.033302 -0.395871 -0.005081
v -0.031223 -0.395336 -0.002934
v -0.030461 -0.395140 0.000000
v -0.031223 -0.395336 0.002934
v -0.033302 -0.395871 0.005081
v -0.036143 -0.396603 0.005867
v -0.038984 -0.397334 0.005081
v -0.041064 -0.397869 0.002934
v -0.041825 -0.398065 0.000000
v -0.041064 -0.397869 -0.002934
v -0.038984 -0.397334 -0.005081
v -0.036143 -0.396603 -0.005867
v -0.027258 -0.428049 -0.005081
v -0.025129 -0.427767 -0.002934
v -0.024350 -0.427663 0.000000
v -0.025129 -0.427767 0.002934
v -0.027258 -0.428049 0.005081
v -0.030166 -0.428435 0.005867
v -0.033074 -0.428820 0.005081
v -0.035203 -0.429103 0.002934
v -0.035982 -0.429206 0.000000
v -0.035203 -0.429103 -0.002934
v -0.033074 -0.428820 -0.005081
v -0.030166 -0.428435 -0.005867
v -0.024914 -0.457981 -0.005081
v -0.022768 -0.457902 -0.002934
v -0.021982 -0.457873 0.000000
v -0.022768 -0.457902 0.002934
v -0.024914 -0.457981 0.005081
v -0.027845 -0.458089 0.005867
v -0.030777 -0.458197 0.005081
v -0.032923 -0.458276 0.002934
v -0.033708 -0.458305 0.000000
v -0.032923 -0.458276 -0.002934
v -0.030777 -0.458197 -0.005081
v -0.027845 -0.458089 -0.005867
v -0.025033 -0.485536 -0.005081
v -0.022887 -0.485610 -0.002934
v -0.022101 -0.485638 0.000000
v -0.022887 -0.485610 0.002934
v -0.025033 -0.485536 0.005081
v -0.027965 -0.485434 0.005867
v -0.030897 -0.485333 0.005081
v -0.033043 -0.485258 0.002934
v -0.033829 -0.485231 0.000000
v -0.033043 -0.485258 -0.002934
v -0.030897 -0.485333 -0.005081
v -0.027965 -0.485434 -0.005867
v -0.026668 -0.510685 -0.005081
v -0.024529 -0.510871 -0.002934
v -0.023746 -0.510939 0.000000
v -0.024529 -0.510871 0.002934
v -0.026668 -0.510685 0.005081
v -0.029591 -0.510431 0.005867
v -0.032513 -0.510176 0.005081
v -0.034653 -0.509990 0.002934
v -0.035436 -0.509922 0.000000
v -0.034653 -0.509990 -0.002934
v -0.032513 -0.510176 -0.005081
v -0.029591 -0.510431 -0.005867
v -0.029158 -0.533500 -0.005081
v -0.027028 -0.533769 -0.002934
v -0.026248 -0.533868 0.000000
v -0.027028 -0.533769 0.002934
v -0.029158 -0.533500 0.005081
v -0.032069 -0.533132 0.005867
v -0.034979 -0.532764 0.005081
v -0.037110 -0.532494 0.002934
v -0.037890 -0.532395 0.000000
v -0.037110 -0.532494 -0.002934
v -0.034979 -0.532764 -0.005081
v -0.032069 -0.533132 -0.005867
v -0.032130 -0.554148 -0.005081
v -0.030009 -0.554488 -0.002934
v -0.029233 -0.554612 0.000000
v -0.030009 -0.554488 0.002934
v -0.032130 -0.554148 0.005081
v -0.035026 -0.553684 0.005867
v -0.037923 -0.553219 0.005081
v -0.040043 -0.552879 0.002934
v -0.040819 -0.552755 0.000000
v -0.040043 -0.552879 -0.002934
v -0.037923 -0.553219 -0.005081
v -0.035026 -0.553684 -0.005867
v -0.035437 -0.572861 -0.005081
v -0.033328 -0.573268 -0.002934
v -0.032557 -0.573417 0.000000
v -0.033328 -0.573268 0.002934
v -0.035437 -0.572861 0.005081
v -0.038317 -0.572304 0.005867
v -0.041198 -0.571748 0.005081
v -0.043306 -0.571341 0.002934
v -0.044078 -0.571192 0.000000
v -0.043306 -0.571341 -0.002934
v -0.041198 -0.571748 -0.005081
v -0.038317 -0.572304 -0.005867
v -0.039002 -0.589869 -0.005081
v -0.036907 -0.590342 -0.002934
v -0.036141 -0.590515 0.000000
v -0.036907 -0.590342 0.002934
v -0.039002 -0.589869 0.005081
v -0.041864 -0.589222 0.005867
v -0.044725 -0.588576 0.005081
v -0.046820 -0.588103 0.002934
v -0.047587 -0.587930 0.000000
v -0.046820 -0.588103 -0.002934
v -0.044725 -0.588576 -0.005081
v -0.041864 -0.589222 -0.005867
v -0.042761 -0.605392 -0.005081
v -0.040681 -0.605929 -0.002934
v -0.039920 -0.606125 0.000000
v -0.040681 -0.605929 0.002934
v -0.042761 -0.605392 0.005081
v -0.045601 -0.604660 0.005867
v -0.048442 -0.603927 0.005081
v -0.050521 -0.603391 0.002934
v -0.051283 -0.603195 0.000000
v -0.050521 -0.603391 -0.002934
v -0.048442 -0.603927 -0.005081
v -0.045601 -0.604660 -0.005867
v -0.046662 -0.619641 -0.005081
v -0.044599 -0.620237 -0.002934
v -0.043844 -0.620456 0.000000
v -0.044599 -0.620237 0.002934
v -0.046662 -0.619641 0.005081
v -0.049480 -0.618827 0.005867
v -0.052299 -0.618013 0.005081
v -0.054362 -0.617417 0.002934
v -0.055117 -0.617199 0.000000
v -0.054362 -0.617417 -0.002934
v -0.052299 -0.618013 -0.005081
v -0.049480 -0.618827 -0.005867
v -0.050669 -0.632817 -0.005081
v -0.048623 -0.633469 -0.002934
v -0.047874 -0.633707 0.000000
v -0.048623 -0.633469 0.002934
v -0.050669 -0.632817 0.005081
v -0.053465 -0.631927 0.005867
v -0.056260 -0.631038 0.005081
v -0.058307 -0.630386 0.002934
v -0.059056 -0.630148 0.000000
v -0.058307 -0.630386 -0.002934
v -0.056260 -0.631038 -0.005081
v -0.053465 -0.631927 -0.005867
v -0.054759 -0.645114 -0.005081
v -0.052730 -0.645815 -0.002934
v -0.051987 -0.646072 0.000000
v -0.052730 -0.645815 0.002934
v -0.054759 -0.645114 0.005081
v -0.057532 -0.644155 0.005867
v -0.060304 -0.643197 0.005081
v -0.062334 -0.642495 0.002934
v -0.063077 -0.642238 0.000000
v -0.062334 -0.642495 -0.002933
v -0.060304 -0.643197 -0.005081
v -0.057532 -0.644155 -0.005867
v -0.058922 -0.656715 -0.005081
v -0.056909 -0.657462 -0.002934
v -0.056172 -0.657735 0.000000
v -0.056909 -0.657462 0.002934
v -0.058922 -0.656715 0.005081
v -0.061673 -0.655695 0.005867
v -0.064424 -0.654676 0.005081
v -0.066437 -0.653929 0.002934
v -0.067174 -0.653656 0.000000
v -0.066437 -0.653929 -0.002933
v -0.064424 -0.654676 -0.005081
v -0.061673 -0.655695 -0.005867
v -0.063163 -0.667798 -0.005081
v -0.061165 -0.668584 -0.002934
v -0.060433 -0.668871 0.000000
v -0.061165 -0.668584 0.002934
v -0.063163 -0.667798 0.005081
v -0.065893 -0.666724 0.005867
v -0.068623 -0.665650 0.005081
v -0.070621 -0.664864 0.002934
v -0.071353 -0.664576 0.000000
v -0.070621 -0.664864 -0.002933
v -0.068623 -0.665650 -0.005081
v -0.065893 -0.666724 -0.005867
v -0.067500 -0.678528 -0.005081
v -0.065516 -0.679349 -0.002934
v -0.064789 -0.679650 0.000000
v -0.065516 -0.679349 0.002934
v -0.067500 -0.678528 0.005081
v -0.070211 -0.677407 0.005867
v -0.072922 -0.676285 0.005081
v -0.074906 -0.675464 0.002934
v -0.075632 -0.675164 0.000000
v -0.074906 -0.675464 -0.002933
v -0.072922 -0.676285 -0.005081
v -0.070211 -0.677407 -0.005867
v -0.071959 -0.689060 -0.005081
v -0.069988 -0.689911 -0.002934
v -0.069266 -0.690223 0.000000
v -0.069988 -0.689911 0.002934
v -0.071959 -0.689060 0.005081
v -0.074652 -0.687896 0.005867
v -0.077345 -0.686733 0.005081
v -0.079317 -0.685881 0.002934
v -0.080038 -0.685569 0.000000
v -0.079317 -0.685881 -0.002933
v -0.077345 -0.686733 -0.005081
v -0.074652 -0.687896 -0.005867
v -0.076569 -0.699521 -0.005081
v -0.074610 -0.700400 -0.002934
v -0.073893 -0.700721 0.000000
v -0.074610 -0.700400 0.002934
v -0.076569 -0.699521 0.005081
v -0.079246 -0.698320 0.005867
v -0.081923 -0.697120 0.005081
v -0.083882 -0.696241 0.002934
v -0.084599 -0.695919 0.000000
v -0.083882 -0.696241 -0.002933
v -0.081923 -0.697120 -0.005081
v -0.079246 -0.698320 -0.005867
v -0.081361 -0.710021 -0.005081
v -0.079413 -0.710925 -0.002934
v -0.078700 -0.711255 0.000000
v -0.079413 -0.710925 0.002934
v -0.081361 -0.710021 0.005081
v -0.084023 -0.708787 0.005867
v -0.086684 -0.707553 0.005081
v -0.088632 -0.706649 0.002934
v -0.089345 -0.706319 0.000000
v -0.088632 -0.706649 -0.002933
v -0.086684 -0.707553 -0.005081
v -0.084023 -0.708787 -0.005867
v -0.086368 -0.720647 -0.005081
v -0.084431 -0.721574 -0.002934
v -0.083722 -0.721913 0.000000
v -0.084431 -0.721574 0.002934
v -0.086368 -0.720647 0.005081
v -0.089014 -0.719381 0.005867
v -0.091660 -0.718114 0.005081
v -0.093597 -0.717187 0.002934
v -0.094306 -0.716848 0.000000
v -0.093597 -0.717187 -0.002933
v -0.091660 -0.718114 -0.005081
v -0.089014 -0.719381 -0.005867
v -0.091624 -0.731463 -0.005081
v -0.089699 -0.732414 -0.002933
v -0.088994 -0.732762 0.000000
v -0.089699 -0.732414 0.002934
v -0.091624 -0.731463 0.005081
v -0.094254 -0.730164 0.005867
v -0.096885 -0.728865 0.005081
v -0.098810 -0.727914 0.002934
v -0.099515 -0.727566 0.000000
v -0.098810 -0.727914 -0.002933
v -0.096885 -0.728865 -0.005081
v -0.094254 -0.730164 -0.005867
v -0.097167 -0.742510 -0.005081
v -0.095255 -0.743487 -0.002933
v -0.094554 -0.743844 0.000000
v -0.095255 -0.743487 0.002934
v -0.097167 -0.742510 0.005081
v -0.099780 -0.741176 0.005867
v -0.102393 -0.739842 0.005081
v -0.104305 -0.738866 0.002934
v -0.105006 -0.738508 0.000000
v -0.104305 -0.738866 -0.002933
v -0.102393 -0.739842 -0.005081
v -0.099780 -0.741176 -0.005867
v -0.103036 -0.753809 -0.005081
v -0.101138 -0.754814 -0.002933
v -0.100443 -0.755182 0.000000
v -0.101138 -0.754814 0.002934
v -0.103036 -0.753809 0.005081
v -0.105628 -0.752436 0.005867
v -0.108221 -0.751063 0.005081
v -0.110118 -0.750058 0.002934
v -0.110813 -0.749690 0.000000
v -0.110118 -0.750058 -0.002933
v -0.108221 -0.751063 -0.005081
v -0.105628 -0.752436 -0.005867
v -0.109271 -0.765358 -0.005081
v -0.107392 -0.766397 -0.002933
v -0.106704 -0.766777 0.000000
v -0.107392 -0.766397 0.002934
v -0.109271 -0.765358 0.005081
v -0.111839 -0.763939 0.005867
v -0.114407 -0.762520 0.005081
v -0.116286 -0.761482 0.002934
v -0.116974 -0.761102 0.000000
v -0.116286 -0.761482 -0.002933
v -0.114407 -0.762520 -0.005081
v -0.111839 -0.763939 -0.005867
v -0.115944 -0.777161 -0.005081
v -0.114089 -0.778242 -0.002933
v -0.113409 -0.778637 0.000000
v -0.114089 -0.778242 0.002934
v -0.115944 -0.777161 0.005081
v -0.118479 -0.775684 0.005867
v -0.121014 -0.774208 0.005081
v -0.122870 -0.773127 0.002934
v -0.123549 -0.772732 0.000000
v -0.122870 -0.773127 -0.002933
v -0.121014 -0.774208 -0.005081
v -0.118479 -0.775684 -0.005867
v -0.123226 -0.789302 -0.005081
v -0.121403 -0.790437 -0.002933
v -0.120736 -0.790853 0.000000
v -0.121403 -0.790437 0.002934
v -0.123226 -0.789302 0.005081
v -0.125716 -0.787751 0.005867
v -0.128206 -0.786200 0.005081
v -0.130029 -0.785065 0.002934
v -0.130696 -0.784649 0.000000
v -0.130029 -0.785065 -0.002933
v -0.128206 -0.786200 -0.005081
v -0.125716 -0.787751 -0.005867
v -0.131412 -0.801965 -0.005081
v -0.129632 -0.803167 -0.002933
v -0.128981 -0.803608 0.000000
v -0.129632 -0.803167 0.002934
v -0.131412 -0.801965 0.005081
v -0.133842 -0.800323 0.005867
v -0.136273 -0.798680 0.005081
v -0.138053 -0.797478 0.002934
v -0.138704 -0.797038 0.000000
v -0.138053 -0.797478 -0.002933
v -0.136273 -0.798680 -0.005081
v -0.133842 -0.800323 -0.005867
v -0.140918 -0.815433 -0.005081
v -0.139192 -0.816711 -0.002933
v -0.138560 -0.817178 0.000000
v -0.139192 -0.816711 0.002934
v -0.140918 -0.815433 0.005081
v -0.143276 -0.813688 0.005867
v -0.145634 -0.811943 0.005081
v -0.147361 -0.810665 0.002934
v -0.147993 -0.810198 0.000000
v -0.147361 -0.810665 -0.002933
v -0.145635 -0.811943 -0.005081
v -0.143276 -0.813688 -0.005867
v -0.152285 -0.830091 -0.005081
v -0.150618 -0.831445 -0.002933
v -0.150008 -0.831941 0.000000
v -0.150618 -0.831445 0.002934
v -0.152285 -0.830091 0.005081
v -0.154562 -0.828242 0.005867
v -0.156839 -0.826393 0.005081
v -0.158506 -0.825039 0.002934
v -0.159117 -0.824543 0.000000
v -0.158506 -0.825039 -0.002933
v -0.156839 -0.826393 -0.005081
v -0.154562 -0.828242 -0.005867
v -0.166173 -0.846429 -0.005081
v -0.164566 -0.847853 -0.002933
v -0.163978 -0.848375 0.000000
v -0.164566 -0.847853 0.002934
v -0.166173 -0.846429 0.005081
v -0.168369 -0.844483 0.005867
v -0.170564 -0.842537 0.005081
v -0.172171 -0.841113 0.002934
v -0.172759 -0.840591 0.000000
v -0.172171 -0.841113 -0.002933
v -0.170564 -0.842537 -0.005081
v -0.168369 -0.844483 -0.005867
v -0.183372 -0.865045 -0.005081
v -0.181821 -0.866530 -0.002933
v -0.181253 -0.867074 0.000000
v -0.181821 -0.866530 0.002934
v -0.183372 -0.865045 0.005081
v -0.185492 -0.863016 0.005867
v -0.187611 -0.860988 0.005081
v -0.189162 -0.859503 0.002934
v -0.189730 -0.858959 0.000000
v -0.189162 -0.859503 -0.002933
v -0.187611 -0.860988 -0.005081
v -0.185492 -0.863016 -0.005867
v -0.005087 -0.325851 0.062834
v -0.002939 -0.324722 0.061007
v -0.000006 -0.324308 0.060339
v 0.002928 -0.324722 0.061007
v 0.005076 -0.325851 0.062834
v 0.005862 -0.327393 0.065329
v 0.005076 -0.328936 0.067825
v 0.002928 -0.330065 0.069651
v -0.000006 -0.330478 0.070320
v -0.002939 -0.330065 0.069651
v -0.005087 -0.328936 0.067825
v -0.005873 -0.327393 0.065329
v -0.005087 -0.361688 0.044560
v -0.002939 -0.360862 0.042578
v -0.000006 -0.360559 0.041852
v 0.002928 -0.360862 0.042578
v 0.005076 -0.361688 0.044560
v 0.005862 -0.362817 0.047268
v 0.005076 -0.363945 0.049976
v 0.002928 -0.364771 0.051958
v -0.000006 -0.365074 0.052684
v -0.002939 -0.364771 0.051958
v -0.005087 -0.363945 0.049976
v -0.005873 -0.362817 0.047268
v -0.005087 -0.395871 0.033297
v -0.002939 -0.395336 0.031217
v -0.000006 -0.395140 0.030456
v 0.002928 -0.395336 0.031217
v 0.005076 -0.395871 0.033297
v 0.005862 -0.396603 0.036138
v 0.005076 -0.397334 0.038979
v 0.002928 -0.397869 0.041058
v -0.000006 -0.398065 0.041820
v -0.002939 -0.397869 0.041058
v -0.005087 -0.397334 0.038979
v -0.005873 -0.396603 0.036138
v -0.005087 -0.428049 0.027252
v -0.002939 -0.427767 0.025124
v -0.000006 -0.427663 0.024344
v 0.002928 -0.427767 0.025124
v 0.005076 -0.428049 0.027252
v 0.005862 -0.428435 0.030161
v 0.005076 -0.428820 0.033069
v 0.002928 -0.429103 0.035198
v -0.000006 -0.429206 0.035977
v -0.002939 -0.429103 0.035198
v -0.005087 -0.428820 0.033069
v -0.005873 -0.428435 0.030161
v -0.005087 -0.457981 0.024908
v -0.002939 -0.457902 0.022762
v -0.000006 -0.457873 0.021976
v 0.002928 -0.457902 0.022762
v 0.005076 -0.457981 0.024908
v 0.005862 -0.458089 0.027840
v 0.005076 -0.458197 0.030771
v 0.002928 -0.458276 0.032917
v -0.000006 -0.458305 0.033703
v -0.002939 -0.458276 0.032917
v -0.005087 -0.458197 0.030771
v -0.005873 -0.458089 0.027840
v -0.005087 -0.485536 0.025028
v -0.002939 -0.485610 0.022881
v -0.000006 -0.485638 0.022096
v 0.002928 -0.485610 0.022881
v 0.005076 -0.485536 0.025028
v 0.005862 -0.485434 0.027959
v 0.005076 -0.485333 0.030891
v 0.002928 -0.485258 0.033037
v -0.000006 -0.485231 0.033823
v -0.002939 -0.485258 0.033037
v -0.005087 -0.485333 0.030891
v -0.005873 -0.485434 0.027959
v -0.005087 -0.510685 0.026663
v -0.002939 -0.510871 0.024523
v -0.000006 -0.510939 0.023740
v 0.002928 -0.510871 0.024523
v 0.005076 -0.510685 0.026663
v 0.005862 -0.510431 0.029585
v 0.005076 -0.510176 0.032508
v 0.002928 -0.509990 0.034647
v -0.000006 -0.509922 0.035430
v -0.002939 -0.509990 0.034647
v -0.005087 -0.510176 0.032508
v -0.005873 -0.510431 0.029585
v -0.005087 -0.533500 0.029153
v -0.002939 -0.533769 0.027022
v -0.000006 -0.533868 0.026243
v 0.002928 -0.533769 0.027022
v 0.005076 -0.533500 0.029153
v 0.005862 -0.533132 0.032063
v 0.005076 -0.532764 0.034974
v 0.002928 -0.532494 0.037104
v -0.000006 -0.532395 0.037884
v -0.002939 -0.532494 0.037104
v -0.005087 -0.532764 0.034974
v -0.005873 -0.533132 0.032063
v -0.005087 -0.554148 0.032124
v -0.002939 -0.554488 0.030004
v -0.000006 -0.554612 0.029228
v 0.002928 -0.554488 0.030004
v 0.005076 -0.554148 0.032124
v 0.005862 -0.553684 0.035021
v 0.005076 -0.553219 0.037917
v 0.002928 -0.552879 0.040038
v -0.000006 -0.552755 0.040814
v -0.002939 -0.552879 0.040038
v -0.005087 -0.553219 0.037917
v -0.005873 -0.553684 0.035021
v -0.005087 -0.572861 0.035431
v -0.002939 -0.573268 0.033323
v -0.000006 -0.573417 0.032551
v 0.002928 -0.573268 0.033323
v 0.005076 -0.572861 0.035431
v 0.005862 -0.572304 0.038312
v 0.005076 -0.571748 0.041192
v 0.002928 -0.571341 0.043301
v -0.000006 -0.571192 0.044072
v -0.002939 -0.571341 0.043301
v -0.005087 -0.571748 0.041192
v -0.005873 -0.572304 0.038312
v -0.005087 -0.589869 0.038997
v -0.002939 -0.590342 0.036902
v -0.000006 -0.590515 0.036135
v 0.002928 -0.590342 0.036902
v 0.005076 -0.589869 0.038997
v 0.005862 -0.589222 0.041858
v 0.005076 -0.588576 0.044720
v 0.002928 -0.588103 0.046814
v -0.000006 -0.587930 0.047581
v -0.002939 -0.588103 0.046814
v -0.005087 -0.588576 0.044720
v -0.005873 -0.589222 0.041858
v -0.005087 -0.605392 0.042755
v -0.002939 -0.605929 0.040676
v -0.000006 -0.606125 0.039915
v 0.002928 -0.605929 0.040676
v 0.005076 -0.605392 0.042755
v 0.005862 -0.604660 0.045596
v 0.005076 -0.603927 0.048436
v 0.002928 -0.603391 0.050516
v -0.000006 -0.603195 0.051277
v -0.002939 -0.603391 0.050516
v -0.005087 -0.603927 0.048436
v -0.005873 -0.604660 0.045596
v -0.005087 -0.619641 0.046657
v -0.002939 -0.620237 0.044594
v -0.000006 -0.620456 0.043838
v 0.002928 -0.620237 0.044594
v 0.005076 -0.619641 0.046657
v 0.005862 -0.618827 0.049475
v 0.005076 -0.618013 0.052293
v 0.002928 -0.617417 0.054356
v -0.000006 -0.617199 0.055112
v -0.002939 -0.617417 0.054356
v -0.005087 -0.618013 0.052293
v -0.005873 -0.618827 0.049475
v -0.005087 -0.632817 0.050664
v -0.002939 -0.633469 0.048618
v -0.000006 -0.633707 0.047869
v 0.002928 -0.633469 0.048618
v 0.005076 -0.632817 0.050664
v 0.005862 -0.631927 0.053459
v 0.005076 -0.631038 0.056255
v 0.002928 -0.630386 0.058301
v -0.000006 -0.630148 0.059050
v -0.002939 -0.630386 0.058301
v -0.005087 -0.631038 0.056255
v -0.005873 -0.631927 0.053459
v -0.005087 -0.645114 0.054754
v -0.002939 -0.645815 0.052724
v -0.000006 -0.646072 0.051981
v 0.002928 -0.645815 0.052724
v 0.005076 -0.645114 0.054754
v 0.005862 -0.644155 0.057526
v 0.005076 -0.643197 0.060299
v 0.002928 -0.642495 0.062329
v -0.000006 -0.642238 0.063072
v -0.002939 -0.642495 0.062329
v -0.005087 -0.643197 0.060299
v -0.005873 -0.644155 0.057526
v -0.005087 -0.656715 0.058917
v -0.002939 -0.657462 0.056903
v -0.000006 -0.657735 0.056166
v 0.002928 -0.657462 0.056903
v 0.005076 -0.656715 0.058917
v 0.005862 -0.655695 0.061667
v 0.005076 -0.654676 0.064418
v 0.002928 -0.653929 0.066432
v -0.000006 -0.653656 0.067169
v -0.002939 -0.653929 0.066432
v -0.005087 -0.654676 0.064418
v -0.005873 -0.655695 0.061667
v -0.005087 -0.667798 0.063158
v -0.002939 -0.668584 0.061159
v -0.000006 -0.668871 0.060428
v 0.002928 -0.668584 0.061159
v 0.005076 -0.667798 0.063158
v 0.005862 -0.666724 0.065888
v 0.005076 -0.665650 0.068618
v 0.002928 -0.664864 0.070616
v -0.000006 -0.664576 0.071347
v -0.002939 -0.664864 0.070616
v -0.005087 -0.665650 0.068618
v -0.005873 -0.666724 0.065888
v -0.005087 -0.678528 0.067495
v -0.002939 -0.679349 0.065510
v -0.000006 -0.679650 0.064784
v 0.002928 -0.679349 0.065510
v 0.005076 -0.678528 0.067495
v 0.005862 -0.677407 0.070205
v 0.005076 -0.676285 0.072916
v 0.002928 -0.675464 0.074900
v -0.000006 -0.675164 0.075627
v -0.002939 -0.675464 0.074900
v -0.005087 -0.676285 0.072916
v -0.005873 -0.677407 0.070205
v -0.005087 -0.689060 0.071954
v -0.002939 -0.689911 0.069982
v -0.000006 -0.690223 0.069261
v 0.002928 -0.689911 0.069982
v 0.005076 -0.689060 0.071954
v 0.005862 -0.687896 0.074647
v 0.005076 -0.686733 0.077340
v 0.002928 -0.685881 0.079311
v -0.000006 -0.685569 0.080033
v -0.002939 -0.685881 0.079311
v -0.005087 -0.686733 0.077340
v -0.005873 -0.687896 0.074647
v -0.005087 -0.699521 0.076564
v -0.002939 -0.700400 0.074604
v -0.000006 -0.700721 0.073887
v 0.002928 -0.700400 0.074604
v 0.005076 -0.699521 0.076564
v 0.005862 -0.698320 0.079241
v 0.005076 -0.697120 0.081917
v 0.002928 -0.696241 0.083877
v -0.000006 -0.695919 0.084594
v -0.002939 -0.696241 0.083877
v -0.005087 -0.697120 0.081917
v -0.005873 -0.698320 0.079241
v -0.005087 -0.710021 0.081356
v -0.002939 -0.710925 0.079408
v -0.000006 -0.711255 0.078694
v 0.002928 -0.710925 0.079408
v 0.005076 -0.710021 0.081356
v 0.005862 -0.708787 0.084017
v 0.005076 -0.707553 0.086678
v 0.002928 -0.706649 0.088627
v -0.000006 -0.706319 0.089340
v -0.002939 -0.706649 0.088627
v -0.005087 -0.707553 0.086678
v -0.005873 -0.708787 0.084017
v -0.005087 -0.720647 0.086362
v -0.002939 -0.721574 0.084425
v -0.000006 -0.721913 0.083716
v 0.002928 -0.721574 0.084425
v 0.005076 -0.720647 0.086362
v 0.005862 -0.719381 0.089009
v 0.005076 -0.718114 0.091655
v 0.002928 -0.717187 0.093592
v -0.000006 -0.716848 0.094301
v -0.002939 -0.717187 0.093592
v -0.005087 -0.718114 0.091655
v -0.005873 -0.719381 0.089009
v -0.005087 -0.731463 0.091619
v -0.002939 -0.732414 0.089693
v -0.000006 -0.732762 0.088988
v 0.002928 -0.732414 0.089693
v 0.005076 -0.731463 0.091619
v 0.005862 -0.730164 0.094249
v 0.005076 -0.728865 0.096879
v 0.002928 -0.727914 0.098805
v -0.000006 -0.727566 0.099510
v -0.002939 -0.727914 0.098805
v -0.005087 -0.728865 0.096879
v -0.005873 -0.730164 0.094249
v -0.005087 -0.742510 0.097162
v -0.002939 -0.743487 0.095249
v -0.000006 -0.743844 0.094549
v 0.002928 -0.743487 0.095249
v 0.005076 -0.742510 0.097162
v 0.005862 -0.741176 0.099774
v 0.005076 -0.739842 0.102387
v 0.002928 -0.738866 0.104300
v -0.000006 -0.738508 0.105000
v -0.002939 -0.738866 0.104300
v -0.005087 -0.739842 0.102387
v -0.005873 -0.741176 0.099774
v -0.005087 -0.753809 0.103030
v -0.002939 -0.754814 0.101132
v -0.000006 -0.755182 0.100438
v 0.002928 -0.754814 0.101132
v 0.005076 -0.753809 0.103030
v 0.005862 -0.752436 0.105623
v 0.005076 -0.751063 0.108215
v 0.002928 -0.750058 0.110113
v -0.000006 -0.749690 0.110808
v -0.002939 -0.750058 0.110113
v -0.005087 -0.751063 0.108215
v -0.005873 -0.752436 0.105623
v -0.005087 -0.765358 0.109266
v -0.002939 -0.766397 0.107386
v -0.000006 -0.766777 0.106698
v 0.002928 -0.766397 0.107386
v 0.005076 -0.765358 0.109266
v 0.005862 -0.763939 0.111834
v 0.005076 -0.762520 0.114401
v 0.002928 -0.761482 0.116281
v -0.000006 -0.761102 0.116969
v -0.002939 -0.761482 0.116281
v -0.005087 -0.762520 0.114401
v -0.005873 -0.763939 0.111834
v -0.005087 -0.777161 0.115939
v -0.002939 -0.778242 0.114083
v -0.000006 -0.778637 0.113404
v 0.002928 -0.778242 0.114083
v 0.005076 -0.777161 0.115939
v 0.005862 -0.775684 0.118474
v 0.005076 -0.774208 0.121009
v 0.002928 -0.773127 0.122864
v -0.000006 -0.772732 0.123544
v -0.002939 -0.773127 0.122865
v -0.005087 -0.774208 0.121009
v -0.005873 -0.775684 0.118474
v -0.005087 -0.789302 0.123221
v -0.002939 -0.790437 0.121398
v -0.000006 -0.790853 0.120730
v 0.002928 -0.790437 0.121398
v 0.005076 -0.789302 0.123221
v 0.005862 -0.787751 0.125711
v 0.005076 -0.786200 0.128201
v 0.002928 -0.785065 0.130024
v -0.000006 -0.784649 0.130691
v -0.002939 -0.785065 0.130024
v -0.005087 -0.786200 0.128201
v -0.005873 -0.787751 0.125711
v -0.005087 -0.801965 0.131406
v -0.002939 -0.803167 0.129627
v -0.000006 -0.803608 0.128976
v 0.002928 -0.803167 0.129627
v 0.005076 -0.801965 0.131406
v 0.005862 -0.800323 0.133837
v 0.005076 -0.798680 0.136268
v 0.002928 -0.797478 0.138047
v -0.000006 -0.797038 0.138698
v -0.002939 -0.797478 0.138047
v -0.005087 -0.798680 0.136268
v -0.005873 -0.800323 0.133837
v -0.005087 -0.815433 0.140913
v -0.002939 -0.816711 0.139187
v -0.000006 -0.817178 0.138555
v 0.002928 -0.816711 0.139187
v 0.005076 -0.815433 0.140913
v 0.005862 -0.813688 0.143271
v 0.005076 -0.811943 0.145629
v 0.002928 -0.810665 0.147355
v -0.000006 -0.810198 0.147987
v -0.002939 -0.810665 0.147355
v -0.005087 -0.811943 0.145629
v -0.005873 -0.813688 0.143271
v -0.005087 -0.830091 0.152279
v -0.002939 -0.831445 0.150612
v -0.000006 -0.831941 0.150002
v 0.002928 -0.831445 0.150612
v 0.005076 -0.830091 0.152279
v 0.005862 -0.828242 0.154556
v 0.005076 -0.826393 0.156834
v 0.002928 -0.825039 0.158501
v -0.000006 -0.824543 0.159111
v -0.002939 -0.825039 0.158501
v -0.005087 -0.826393 0.156834
v -0.005873 -0.828242 0.154556
v -0.005087 -0.846429 0.166168
v -0.002939 -0.847853 0.164561
v -0.000006 -0.848375 0.163972
v 0.002928 -0.847853 0.164561
v 0.005076 -0.846429 0.166168
v 0.005862 -0.844483 0.168363
v 0.005076 -0.842537 0.170559
v 0.002928 -0.841113 0.172166
v -0.000006 -0.840591 0.172754
v -0.002939 -0.841113 0.172166
v -0.005087 -0.842537 0.170559
v -0.005873 -0.844483 0.168363
v -0.005087 -0.865045 0.183367
v -0.002939 -0.866530 0.181816
v -0.000006 -0.867074 0.181248
v 0.002928 -0.866530 0.181816
v 0.005076 -0.865045 0.183367
v 0.005862 -0.863016 0.185486
v 0.005076 -0.860988 0.187605
v 0.002928 -0.859503 0.189156
v -0.000006 -0.858959 0.189724
v -0.002939 -0.859503 0.189156
v -0.005087 -0.860988 0.187605
v -0.005873 -0.863016 0.185486
v 0.088311 -0.291325 0.005081
v 0.089976 -0.289861 0.004264
v 0.086691 -0.289915 0.002934
v 0.088617 -0.288678 0.002462
v 0.086098 -0.289399 0.000000
v 0.088119 -0.288245 0.000000
v 0.086691 -0.289915 -0.002933
v 0.088617 -0.288678 -0.002462
v 0.088311 -0.291325 -0.005081
v 0.089976 -0.289861 -0.004264
v 0.092375 -0.290743 0.000000
v 0.090523 -0.293251 -0.005867
v 0.091833 -0.291477 -0.004923
v 0.092736 -0.295178 -0.005081
v 0.093689 -0.293094 -0.004264
v 0.094356 -0.296587 -0.002933
v 0.095048 -0.294277 -0.002462
v 0.094949 -0.297104 0.000000
v 0.095546 -0.294710 0.000000
v 0.094356 -0.296587 0.002934
v 0.095048 -0.294277 0.002462
v 0.092736 -0.295178 0.005081
v 0.093689 -0.293094 0.004264
v 0.090523 -0.293251 0.005867
v 0.091832 -0.291478 0.004923
v 0.005076 -0.291325 -0.088316
v 0.004258 -0.289861 -0.089981
v 0.002928 -0.289915 -0.086697
v 0.002456 -0.288678 -0.088622
v -0.000006 -0.289399 -0.086104
v -0.000006 -0.288245 -0.088125
v -0.002939 -0.289915 -0.086697
v -0.002467 -0.288678 -0.088622
v -0.005087 -0.291325 -0.088316
v -0.004269 -0.289861 -0.089981
v -0.000006 -0.290743 -0.092380
v -0.005873 -0.293251 -0.090529
v -0.004929 -0.291477 -0.091838
v -0.005087 -0.295178 -0.092741
v -0.004269 -0.293094 -0.093695
v -0.002939 -0.296587 -0.094361
v -0.002467 -0.294277 -0.095054
v -0.000006 -0.297104 -0.094954
v -0.000006 -0.294710 -0.095551
v 0.002928 -0.296587 -0.094361
v 0.002456 -0.294277 -0.095054
v 0.005076 -0.295178 -0.092741
v 0.004258 -0.293094 -0.093695
v 0.005862 -0.293251 -0.090529
v 0.004918 -0.291478 -0.091838
v -0.088322 -0.291325 -0.005081
v -0.089987 -0.289861 -0.004264
v -0.086702 -0.289915 -0.002934
v -0.088628 -0.288678 -0.002462
v -0.086110 -0.289399 0.000000
v -0.088130 -0.288245 0.000000
v -0.086702 -0.289915 0.002934
v -0.088628 -0.288678 0.002462
v -0.088322 -0.291325 0.005081
v -0.089987 -0.289861 0.004264
v -0.092386 -0.290743 0.000000
v -0.090534 -0.293251 0.005867
v -0.091844 -0.291477 0.004923
v -0.092747 -0.295178 0.005081
v -0.093700 -0.293094 0.004264
v -0.094367 -0.296587 0.002934
v -0.095059 -0.294277 0.002462
v -0.094960 -0.297104 0.000000
v -0.095557 -0.294710 0.000000
v -0.094367 -0.296587 -0.002934
v -0.095059 -0.294277 -0.002462
v -0.092747 -0.295178 -0.005081
v -0.093700 -0.293094 -0.004264
v -0.090534 -0.293251 -0.005867
v -0.091844 -0.291478 -0.004923
v -0.005087 -0.291325 0.088316
v -0.004269 -0.289861 0.089982
v -0.002939 -0.289915 0.086697
v -0.002467 -0.288678 0.088622
v -0.000006 -0.289399 0.086104
v -0.000006 -0.288245 0.088125
v 0.002928 -0.289915 0.086697
v 0.002456 -0.288678 0.088622
v 0.005076 -0.291325 0.088316
v 0.004258 -0.289861 0.089982
v -0.000006 -0.290743 0.092380
v 0.005862 -0.293251 0.090529
v 0.004918 -0.291477 0.091838
v 0.005076 -0.295178 0.092741
v 0.004258 -0.293094 0.093695
v 0.002928 -0.296587 0.094361
v 0.002456 -0.294277 0.095054
v -0.000006 -0.297104 0.094954
v -0.000006 -0.294710 0.095552
v -0.002939 -0.296587 0.094361
v -0.002467 -0.294277 0.095054
v -0.005087 -0.295178 0.092741
v -0.004269 -0.293094 0.093695
v -0.005873 -0.293251 0.090529
v -0.004929 -0.291478 0.091838
v 0.202568 -0.884410 0.005081
v 0.204472 -0.885651 0.004253
v 0.201066 -0.885945 0.002934
v 0.203216 -0.886936 0.002456
v 0.200517 -0.886507 0.000000
v 0.202755 -0.887407 0.000000
v 0.201066 -0.885945 -0.002934
v 0.203215 -0.886936 -0.002456
v 0.202568 -0.884410 -0.005081
v 0.204472 -0.885651 -0.004253
v 0.204620 -0.882313 -0.005867
v 0.206190 -0.883896 -0.004911
v 0.206840 -0.884552 0.000000
v 0.206671 -0.880216 -0.005081
v 0.207907 -0.882141 -0.004253
v 0.208173 -0.878681 -0.002934
v 0.209164 -0.880856 -0.002456
v 0.208722 -0.878119 0.000000
v 0.209624 -0.880385 0.000000
v 0.208173 -0.878681 0.002934
v 0.209164 -0.880856 0.002456
v 0.206671 -0.880216 0.005081
v 0.207907 -0.882141 0.004253
v 0.204620 -0.882313 0.005867
v 0.206190 -0.883896 0.004911
v 0.005076 -0.884410 -0.202574
v 0.004248 -0.885651 -0.204478
v 0.002928 -0.885945 -0.201072
v 0.002450 -0.886936 -0.203221
v -0.000006 -0.886507 -0.200522
v -0.000006 -0.887407 -0.202761
v -0.002939 -0.885945 -0.201072
v -0.002461 -0.886936 -0.203221
v -0.005087 -0.884410 -0.202574
v -0.004259 -0.885651 -0.204478
v -0.005873 -0.882313 -0.204625
v -0.004917 -0.883896 -0.206195
v -0.000006 -0.884552 -0.206846
v -0.005087 -0.880216 -0.206677
v -0.004259 -0.882141 -0.207912
v -0.002939 -0.878681 -0.208178
v -0.002461 -0.880856 -0.209169
v -0.000006 -0.878119 -0.208728
v -0.000006 -0.880385 -0.209630
v 0.002928 -0.878681 -0.208178
v 0.002450 -0.880856 -0.209169
v 0.005076 -0.880216 -0.206677
v 0.004248 -0.882141 -0.207912
v 0.005862 -0.882313 -0.204625
v 0.004906 -0.883896 -0.206195
v -0.202579 -0.884410 -0.005081
v -0.204484 -0.885651 -0.004253
v -0.201078 -0.885945 -0.002933
v -0.203227 -0.886936 -0.002455
v -0.200528 -0.886507 0.000000
v -0.202766 -0.887407 0.000000
v -0.201078 -0.885945 0.002934
v -0.203227 -0.886936 0.002456
v -0.202579 -0.884410 0.005081
v -0.204484 -0.885651 0.004253
v -0.204631 -0.882313 0.005867
v -0.206201 -0.883896 0.004911
v -0.206851 -0.884552 0.000000
v -0.206682 -0.880216 0.005081
v -0.207918 -0.882141 0.004253
v -0.208184 -0.878681 0.002934
v -0.209175 -0.880856 0.002456
v -0.208734 -0.878119 0.000000
v -0.209635 -0.880385 0.000000
v -0.208184 -0.878681 -0.002933
v -0.209175 -0.880856 -0.002455
v -0.206682 -0.880216 -0.005081
v -0.207918 -0.882141 -0.004253
v -0.204631 -0.882313 -0.005867
v -0.206201 -0.883896 -0.004911
v -0.005087 -0.884410 0.202574
v -0.004259 -0.885651 0.204478
v -0.002939 -0.885945 0.201072
v -0.002461 -0.886936 0.203221
v -0.000006 -0.886507 0.200522
v -0.000006 -0.887407 0.202761
v 0.002928 -0.885945 0.201072
v 0.002450 -0.886936 0.203221
v 0.005076 -0.884410 0.202574
v 0.004248 -0.885651 0.204478
v 0.005862 -0.882313 0.204625
v 0.004906 -0.883896 0.206195
v -0.000006 -0.884552 0.206846
v 0.005076 -0.880216 0.206677
v 0.004248 -0.882141 0.207912
v 0.002928 -0.878681 0.208178
v 0.002450 -0.880856 0.209169
v -0.000006 -0.878119 0.208728
v -0.000006 -0.880385 0.209630
v -0.002939 -0.878681 0.208178
v -0.002461 -0.880856 0.209169
v -0.005087 -0.880216 0.206677
v -0.004259 -0.882141 0.207912
v -0.005873 -0.882313 0.204625
v -0.004917 -0.883896 0.206195
v -0.000006 -0.282553 0.099865
v -0.000006 -0.280028 0.098113
v -0.000006 -0.279104 0.095720
v -0.000006 -0.280028 0.093327
v -0.000006 -0.282553 0.091575
v -0.000006 -0.286003 0.090934
v -0.000006 -0.289453 0.091575
v -0.000006 -0.291979 0.093327
v -0.000006 -0.292903 0.095720
v -0.000006 -0.291979 0.098113
v -0.000006 -0.289453 0.099865
v -0.000006 -0.286003 0.100506
v -0.013547 -0.282553 0.098953
v -0.013312 -0.280028 0.097217
v -0.012991 -0.279104 0.094846
v -0.012670 -0.280028 0.092475
v -0.012435 -0.282553 0.090739
v -0.012350 -0.286003 0.090103
v -0.012435 -0.289453 0.090739
v -0.012670 -0.291979 0.092475
v -0.012991 -0.292903 0.094846
v -0.013312 -0.291979 0.097217
v -0.013547 -0.289453 0.098953
v -0.013632 -0.286003 0.099589
v -0.026544 -0.282553 0.096297
v -0.026080 -0.280028 0.094607
v -0.025446 -0.279104 0.092300
v -0.024813 -0.280028 0.089992
v -0.024349 -0.282553 0.088303
v -0.024179 -0.286003 0.087685
v -0.024349 -0.289453 0.088303
v -0.024813 -0.291979 0.089992
v -0.025446 -0.292903 0.092300
v -0.026080 -0.291979 0.094607
v -0.026544 -0.289453 0.096297
v -0.026714 -0.286003 0.096915
v -0.038871 -0.282553 0.092014
v -0.038189 -0.280028 0.090400
v -0.037258 -0.279104 0.088196
v -0.036326 -0.280028 0.085991
v -0.035644 -0.282553 0.084378
v -0.035395 -0.286003 0.083787
v -0.035644 -0.289453 0.084378
v -0.036326 -0.291979 0.085991
v -0.037258 -0.292903 0.088196
v -0.038189 -0.291979 0.090400
v -0.038871 -0.289453 0.092014
v -0.039121 -0.286003 0.092604
v -0.050405 -0.282553 0.086225
v -0.049520 -0.280028 0.084713
v -0.048311 -0.279104 0.082648
v -0.047101 -0.280028 0.080583
v -0.046216 -0.282553 0.079071
v -0.045892 -0.286003 0.078518
v -0.046216 -0.289453 0.079071
v -0.047101 -0.291979 0.080583
v -0.048311 -0.292903 0.082648
v -0.049520 -0.291979 0.084713
v -0.050405 -0.289453 0.086225
v -0.050729 -0.286003 0.086778
v -0.061025 -0.282553 0.079051
v -0.059954 -0.280028 0.077664
v -0.058491 -0.279104 0.075771
v -0.057027 -0.280028 0.073877
v -0.055956 -0.282553 0.072491
v -0.055564 -0.286003 0.071984
v -0.055956 -0.289453 0.072491
v -0.057027 -0.291979 0.073877
v -0.058491 -0.292903 0.075771
v -0.059954 -0.291979 0.077664
v -0.061025 -0.289453 0.079051
v -0.061417 -0.286003 0.079558
v -0.070615 -0.282553 0.070609
v -0.069376 -0.280028 0.069371
v -0.067684 -0.279104 0.067679
v -0.065992 -0.280028 0.065986
v -0.064753 -0.282553 0.064748
v -0.064300 -0.286003 0.064294
v -0.064753 -0.289453 0.064748
v -0.065992 -0.291979 0.065986
v -0.067684 -0.292903 0.067679
v -0.069376 -0.291979 0.069371
v -0.070615 -0.289453 0.070609
v -0.071068 -0.286003 0.071063
v -0.079056 -0.282553 0.061020
v -0.077670 -0.280028 0.059949
v -0.075776 -0.279104 0.058485
v -0.073883 -0.280028 0.057022
v -0.072497 -0.282553 0.055951
v -0.071990 -0.286003 0.055559
v -0.072497 -0.289453 0.055951
v -0.073883 -0.291979 0.057022
v -0.075776 -0.292903 0.058485
v -0.077670 -0.291979 0.059949
v -0.079056 -0.289453 0.061020
v -0.079563 -0.286003 0.061412
v -0.086230 -0.282553 0.050399
v -0.084719 -0.280028 0.049514
v -0.082654 -0.279104 0.048305
v -0.080588 -0.280028 0.047096
v -0.079077 -0.282553 0.046211
v -0.078523 -0.286003 0.045887
v -0.079077 -0.289453 0.046211
v -0.080588 -0.291979 0.047096
v -0.082654 -0.292903 0.048305
v -0.084719 -0.291979 0.049514
v -0.086230 -0.289453 0.050399
v -0.086784 -0.286003 0.050723
v -0.092019 -0.282553 0.038865
v -0.090406 -0.280028 0.038184
v -0.088201 -0.279104 0.037252
v -0.085997 -0.280028 0.036321
v -0.084383 -0.282553 0.035639
v -0.083793 -0.286003 0.035389
v -0.084383 -0.289453 0.035639
v -0.085997 -0.291979 0.036321
v -0.088201 -0.292903 0.037252
v -0.090406 -0.291979 0.038184
v -0.092019 -0.289453 0.038865
v -0.092610 -0.286003 0.039115
v -0.096302 -0.282553 0.026539
v -0.094613 -0.280028 0.026075
v -0.092305 -0.279104 0.025441
v -0.089998 -0.280028 0.024807
v -0.088309 -0.282553 0.024343
v -0.087690 -0.286003 0.024173
v -0.088309 -0.289453 0.024343
v -0.089998 -0.291979 0.024807
v -0.092305 -0.292903 0.025441
v -0.094613 -0.291979 0.026075
v -0.096302 -0.289453 0.026539
v -0.096920 -0.286003 0.026708
v -0.098959 -0.282553 0.013541
v -0.097223 -0.280028 0.013306
v -0.094851 -0.279104 0.012985
v -0.092480 -0.280028 0.012665
v -0.090744 -0.282553 0.012430
v -0.090109 -0.286003 0.012344
v -0.090744 -0.289453 0.012430
v -0.092480 -0.291979 0.012665
v -0.094851 -0.292903 0.012985
v -0.097223 -0.291979 0.013306
v -0.098959 -0.289453 0.013541
v -0.099594 -0.286003 0.013627
v -0.099870 -0.282553 0.000000
v -0.098119 -0.280028 0.000000
v -0.095726 -0.279104 0.000000
v -0.093333 -0.280028 0.000000
v -0.091581 -0.282553 0.000000
v -0.090940 -0.286003 0.000000
v -0.091581 -0.289453 0.000000
v -0.093333 -0.291979 0.000000
v -0.095726 -0.292903 0.000000
v -0.098119 -0.291979 0.000000
v -0.099870 -0.289453 0.000000
v -0.100512 -0.286003 0.000000
v -0.098959 -0.282553 -0.013541
v -0.097223 -0.280028 -0.013306
v -0.094851 -0.279104 -0.012985
v -0.092480 -0.280028 -0.012665
v -0.090744 -0.282553 -0.012430
v -0.090109 -0.286003 -0.012344
v -0.090744 -0.289453 -0.012430
v -0.092480 -0.291979 -0.012665
v -0.094851 -0.292903 -0.012985
v -0.097223 -0.291979 -0.013306
v -0.098959 -0.289453 -0.013541
v -0.099594 -0.286003 -0.013627
v -0.096302 -0.282553 -0.026538
v -0.094613 -0.280028 -0.026075
v -0.092305 -0.279104 -0.025441
v -0.089998 -0.280028 -0.024807
v -0.088308 -0.282553 -0.024343
v -0.087690 -0.286003 -0.024173
v -0.088308 -0.289453 -0.024343
v -0.089998 -0.291979 -0.024807
v -0.092305 -0.292903 -0.025441
v -0.094613 -0.291979 -0.026075
v -0.096302 -0.289453 -0.026538
v -0.096920 -0.286003 -0.026708
v -0.092019 -0.282553 -0.038865
v -0.090406 -0.280028 -0.038183
v -0.088201 -0.279104 -0.037252
v -0.085997 -0.280028 -0.036321
v -0.084383 -0.282553 -0.035639
v -0.083793 -0.286003 -0.035389
v -0.084383 -0.289453 -0.035639
v -0.085997 -0.291979 -0.036321
v -0.088201 -0.292903 -0.037252
v -0.090406 -0.291979 -0.038183
v -0.092019 -0.289453 -0.038865
v -0.092610 -0.286003 -0.039115
v -0.086230 -0.282553 -0.050399
v -0.084719 -0.280028 -0.049514
v -0.082654 -0.279104 -0.048305
v -0.080588 -0.280028 -0.047096
v -0.079077 -0.282553 -0.046211
v -0.078523 -0.286003 -0.045887
v -0.079077 -0.289453 -0.046211
v -0.080588 -0.291979 -0.047096
v -0.082654 -0.292903 -0.048305
v -0.084719 -0.291979 -0.049514
v -0.086230 -0.289453 -0.050399
v -0.086784 -0.286003 -0.050723
v -0.079056 -0.282553 -0.061020
v -0.077670 -0.280028 -0.059948
v -0.075776 -0.279104 -0.058485
v -0.073883 -0.280028 -0.057022
v -0.072497 -0.282553 -0.055951
v -0.071990 -0.286003 -0.055558
v -0.072497 -0.289453 -0.055951
v -0.073883 -0.291979 -0.057022
v -0.075776 -0.292903 -0.058485
v -0.077670 -0.291979 -0.059948
v -0.079056 -0.289453 -0.061020
v -0.079563 -0.286003 -0.061412
v -0.070615 -0.282553 -0.070609
v -0.069376 -0.280028 -0.069371
v -0.067684 -0.279104 -0.067678
v -0.065992 -0.280028 -0.065986
v -0.064753 -0.282553 -0.064748
v -0.064300 -0.286003 -0.064294
v -0.064753 -0.289453 -0.064748
v -0.065992 -0.291979 -0.065986
v -0.067684 -0.292903 -0.067678
v -0.069376 -0.291979 -0.069371
v -0.070615 -0.289453 -0.070609
v -0.071068 -0.286003 -0.071063
v -0.061025 -0.282553 -0.079050
v -0.059954 -0.280028 -0.077664
v -0.058491 -0.279104 -0.075771
v -0.057027 -0.280028 -0.073877
v -0.055956 -0.282553 -0.072491
v -0.055564 -0.286003 -0.071984
v -0.055956 -0.289453 -0.072491
v -0.057027 -0.291979 -0.073877
v -0.058491 -0.292903 -0.075771
v -0.059954 -0.291979 -0.077664
v -0.061025 -0.289453 -0.079050
v -0.061417 -0.286003 -0.079558
v -0.050405 -0.282553 -0.086225
v -0.049519 -0.280028 -0.084713
v -0.048310 -0.279104 -0.082648
v -0.047101 -0.280028 -0.080583
v -0.046216 -0.282553 -0.079071
v -0.045892 -0.286003 -0.078518
v -0.046216 -0.289453 -0.079071
v -0.047101 -0.291979 -0.080583
v -0.048310 -0.292903 -0.082648
v -0.049519 -0.291979 -0.084713
v -0.050405 -0.289453 -0.086225
v -0.050728 -0.286003 -0.086778
v -0.038871 -0.282553 -0.092014
v -0.038189 -0.280028 -0.090400
v -0.037258 -0.279104 -0.088196
v -0.036326 -0.280028 -0.085991
v -0.035644 -0.282553 -0.084378
v -0.035395 -0.286003 -0.083787
v -0.035644 -0.289453 -0.084378
v -0.036326 -0.291979 -0.085991
v -0.037258 -0.292903 -0.088196
v -0.038189 -0.291979 -0.090400
v -0.038871 -0.289453 -0.092014
v -0.039121 -0.286003 -0.092604
v -0.026544 -0.282553 -0.096296
v -0.026080 -0.280028 -0.094607
v -0.025446 -0.279104 -0.092300
v -0.024813 -0.280028 -0.089992
v -0.024349 -0.282553 -0.088303
v -0.024179 -0.286003 -0.087685
v -0.024349 -0.289453 -0.088303
v -0.024813 -0.291979 -0.089992
v -0.025446 -0.292903 -0.092300
v -0.026080 -0.291979 -0.094607
v -0.026544 -0.289453 -0.096296
v -0.026714 -0.286003 -0.096915
v -0.013546 -0.282553 -0.098953
v -0.013312 -0.280028 -0.097217
v -0.012991 -0.279104 -0.094846
v -0.012670 -0.280028 -0.092474
v -0.012435 -0.282553 -0.090738
v -0.012350 -0.286003 -0.090103
v -0.012435 -0.289453 -0.090738
v -0.012670 -0.291979 -0.092474
v -0.012991 -0.292903 -0.094846
v -0.013312 -0.291979 -0.097217
v -0.013546 -0.289453 -0.098953
v -0.013632 -0.286003 -0.099589
v -0.000006 -0.282553 -0.099865
v -0.000006 -0.280028 -0.098113
v -0.000006 -0.279104 -0.095720
v -0.000006 -0.280028 -0.093327
v -0.000006 -0.282553 -0.091575
v -0.000006 -0.286003 -0.090934
v -0.000006 -0.289453 -0.091575
v -0.000006 -0.291979 -0.093327
v -0.000006 -0.292903 -0.095720
v -0.000006 -0.291979 -0.098113
v -0.000006 -0.289453 -0.099865
v -0.000006 -0.286003 -0.100506
v 0.013535 -0.282553 -0.098953
v 0.013301 -0.280028 -0.097217
v 0.012980 -0.279104 -0.094846
v 0.012659 -0.280028 -0.092474
v 0.012424 -0.282553 -0.090738
v 0.012338 -0.286003 -0.090103
v 0.012424 -0.289453 -0.090738
v 0.012659 -0.291979 -0.092474
v 0.012980 -0.292903 -0.094846
v 0.013301 -0.291979 -0.097217
v 0.013535 -0.289453 -0.098953
v 0.013621 -0.286003 -0.099589
v 0.026533 -0.282553 -0.096296
v 0.026069 -0.280028 -0.094607
v 0.025435 -0.279104 -0.092300
v 0.024802 -0.280028 -0.089992
v 0.024338 -0.282553 -0.088303
v 0.024168 -0.286003 -0.087685
v 0.024338 -0.289453 -0.088303
v 0.024802 -0.291979 -0.089992
v 0.025435 -0.292903 -0.092300
v 0.026069 -0.291979 -0.094607
v 0.026533 -0.289453 -0.096296
v 0.026703 -0.286003 -0.096915
v 0.038860 -0.282553 -0.092014
v 0.038178 -0.280028 -0.090400
v 0.037247 -0.279104 -0.088196
v 0.036315 -0.280028 -0.085991
v 0.035633 -0.282553 -0.084378
v 0.035384 -0.286003 -0.083787
v 0.035633 -0.289453 -0.084378
v 0.036315 -0.291979 -0.085991
v 0.037247 -0.292903 -0.088196
v 0.038178 -0.291979 -0.090400
v 0.038860 -0.289453 -0.092014
v 0.039109 -0.286003 -0.092604
v 0.050393 -0.282553 -0.086225
v 0.049508 -0.280028 -0.084713
v 0.048299 -0.279104 -0.082648
v 0.047090 -0.280028 -0.080583
v 0.046205 -0.282553 -0.079071
v 0.045881 -0.286003 -0.078518
v 0.046205 -0.289453 -0.079071
v 0.047090 -0.291979 -0.080583
v 0.048299 -0.292903 -0.082648
v 0.049508 -0.291979 -0.084713
v 0.050393 -0.289453 -0.086225
v 0.050717 -0.286003 -0.086778
v 0.061014 -0.282553 -0.079050
v 0.059943 -0.280028 -0.077664
v 0.058480 -0.279104 -0.075771
v 0.057016 -0.280028 -0.073877
v 0.055945 -0.282553 -0.072491
v 0.055553 -0.286003 -0.071984
v 0.055945 -0.289453 -0.072491
v 0.057016 -0.291979 -0.073877
v 0.058480 -0.292903 -0.075771
v 0.059943 -0.291979 -0.077664
v 0.061014 -0.289453 -0.079050
v 0.061406 -0.286003 -0.079558
v 0.070604 -0.282553 -0.070609
v 0.069365 -0.280028 -0.069371
v 0.067673 -0.279104 -0.067678
v 0.065981 -0.280028 -0.065986
v 0.064742 -0.282553 -0.064748
v 0.064289 -0.286003 -0.064294
v 0.064742 -0.289453 -0.064748
v 0.065981 -0.291979 -0.065986
v 0.067673 -0.292903 -0.067678
v 0.069365 -0.291979 -0.069371
v 0.070604 -0.289453 -0.070609
v 0.071057 -0.286003 -0.071063
v 0.079045 -0.282553 -0.061020
v 0.077659 -0.280028 -0.059948
v 0.075765 -0.279104 -0.058485
v 0.073872 -0.280028 -0.057022
v 0.072486 -0.282553 -0.055951
v 0.071978 -0.286003 -0.055558
v 0.072486 -0.289453 -0.055951
v 0.073872 -0.291979 -0.057022
v 0.075765 -0.292903 -0.058485
v 0.077659 -0.291979 -0.059948
v 0.079045 -0.289453 -0.061020
v 0.079552 -0.286003 -0.061412
v 0.086219 -0.282553 -0.050399
v 0.084708 -0.280028 -0.049514
v 0.082642 -0.279104 -0.048305
v 0.080577 -0.280028 -0.047096
v 0.079066 -0.282553 -0.046211
v 0.078512 -0.286003 -0.045887
v 0.079066 -0.289453 -0.046211
v 0.080577 -0.291979 -0.047096
v 0.082642 -0.292903 -0.048305
v 0.084708 -0.291979 -0.049514
v 0.086219 -0.289453 -0.050399
v 0.086773 -0.286003 -0.050723
v 0.092008 -0.282553 -0.038865
v 0.090394 -0.280028 -0.038183
v 0.088190 -0.279104 -0.037252
v 0.085986 -0.280028 -0.036321
v 0.084372 -0.282553 -0.035639
v 0.083782 -0.286003 -0.035389
v 0.084372 -0.289453 -0.035639
v 0.085986 -0.291979 -0.036321
v 0.088190 -0.292903 -0.037252
v 0.090394 -0.291979 -0.038183
v 0.092008 -0.289453 -0.038865
v 0.092599 -0.286003 -0.039115
v 0.096291 -0.282553 -0.026538
v 0.094602 -0.280028 -0.026075
v 0.092294 -0.279104 -0.025441
v 0.089987 -0.280028 -0.024807
v 0.088297 -0.282553 -0.024343
v 0.087679 -0.286003 -0.024173
v 0.088297 -0.289453 -0.024343
v 0.089987 -0.291979 -0.024807
v 0.092294 -0.292903 -0.025441
v 0.094602 -0.291979 -0.026075
v 0.096291 -0.289453 -0.026538
v 0.096909 -0.286003 -0.026708
v 0.098948 -0.282553 -0.013541
v 0.097212 -0.280028 -0.013306
v 0.094840 -0.279104 -0.012985
v 0.092469 -0.280028 -0.012665
v 0.090733 -0.282553 -0.012430
v 0.090097 -0.286003 -0.012344
v 0.090733 -0.289453 -0.012430
v 0.092469 -0.291979 -0.012665
v 0.094840 -0.292903 -0.012985
v 0.097212 -0.291979 -0.013306
v 0.098948 -0.289453 -0.013541
v 0.099583 -0.286003 -0.013627
v 0.099859 -0.282553 0.000000
v 0.098107 -0.280028 0.000000
v 0.095714 -0.279104 0.000000
v 0.093321 -0.280028 0.000000
v 0.091570 -0.282553 0.000000
v 0.090928 -0.286003 0.000000
v 0.091570 -0.289453 0.000000
v 0.093321 -0.291979 0.000000
v 0.095714 -0.292903 0.000000
v 0.098107 -0.291979 0.000000
v 0.099859 -0.289453 0.000000
v 0.100500 -0.286003 0.000000
v 0.098948 -0.282553 0.013541
v 0.097212 -0.280028 0.013306
v 0.094840 -0.279104 0.012985
v 0.092469 -0.280028 0.012665
v 0.090733 -0.282553 0.012430
v 0.090097 -0.286003 0.012344
v 0.090733 -0.289453 0.012430
v 0.092469 -0.291979 0.012665
v 0.094840 -0.292903 0.012985
v 0.097212 -0.291979 0.013306
v 0.098948 -0.289453 0.013541
v 0.099583 -0.286003 0.013627
v 0.096291 -0.282553 0.026539
v 0.094602 -0.280028 0.026075
v 0.092294 -0.279104 0.025441
v 0.089987 -0.280028 0.024807
v 0.088297 -0.282553 0.024343
v 0.087679 -0.286003 0.024173
v 0.088297 -0.289453 0.024343
v 0.089987 -0.291979 0.024807
v 0.092294 -0.292903 0.025441
v 0.094602 -0.291979 0.026075
v 0.096291 -0.289453 0.026539
v 0.096909 -0.286003 0.026708
v 0.092008 -0.282553 0.038865
v 0.090394 -0.280028 0.038184
v 0.088190 -0.279104 0.037252
v 0.085986 -0.280028 0.036321
v 0.084372 -0.282553 0.035639
v 0.083782 -0.286003 0.035389
v 0.084372 -0.289453 0.035639
v 0.085986 -0.291979 0.036321
v 0.088190 -0.292903 0.037252
v 0.090394 -0.291979 0.038184
v 0.092008 -0.289453 0.038865
v 0.092599 -0.286003 0.039115
v 0.086219 -0.282553 0.050399
v 0.084708 -0.280028 0.049514
v 0.082642 -0.279104 0.048305
v 0.080577 -0.280028 0.047096
v 0.079066 -0.282553 0.046211
v 0.078512 -0.286003 0.045887
v 0.079066 -0.289453 0.046211
v 0.080577 -0.291979 0.047096
v 0.082642 -0.292903 0.048305
v 0.084708 -0.291979 0.049514
v 0.086219 -0.289453 0.050399
v 0.086773 -0.286003 0.050723
v 0.079045 -0.282553 0.061020
v 0.077659 -0.280028 0.059949
v 0.075765 -0.279104 0.058485
v 0.073872 -0.280028 0.057022
v 0.072486 -0.282553 0.055951
v 0.071978 -0.286003 0.055559
v 0.072486 -0.289453 0.055951
v 0.073872 -0.291979 0.057022
v 0.075765 -0.292903 0.058485
v 0.077659 -0.291979 0.059949
v 0.079045 -0.289453 0.061020
v 0.079552 -0.286003 0.061412
v 0.070604 -0.282553 0.070609
v 0.069365 -0.280028 0.069371
v 0.067673 -0.279104 0.067679
v 0.065981 -0.280028 0.065986
v 0.064742 -0.282553 0.064748
v 0.064289 -0.286003 0.064294
v 0.064742 -0.289453 0.064748
v 0.065981 -0.291979 0.065986
v 0.067673 -0.292903 0.067679
v 0.069365 -0.291979 0.069371
v 0.070604 -0.289453 0.070609
v 0.071057 -0.286003 0.071063
v 0.061014 -0.282553 0.079051
v 0.059943 -0.280028 0.077664
v 0.058480 -0.279104 0.075771
v 0.057016 -0.280028 0.073878
v 0.055945 -0.282553 0.072491
v 0.055553 -0.286003 0.071984
v 0.055945 -0.289453 0.072491
v 0.057016 -0.291979 0.073878
v 0.058480 -0.292903 0.075771
v 0.059943 -0.291979 0.077664
v 0.061014 -0.289453 0.079051
v 0.061406 -0.286003 0.079558
v 0.050393 -0.282553 0.086225
v 0.049508 -0.280028 0.084713
v 0.048299 -0.279104 0.082648
v 0.047090 -0.280028 0.080583
v 0.046205 -0.282553 0.079071
v 0.045881 -0.286003 0.078518
v 0.046205 -0.289453 0.079071
v 0.047090 -0.291979 0.080583
v 0.048299 -0.292903 0.082648
v 0.049508 -0.291979 0.084713
v 0.050393 -0.289453 0.086225
v 0.050717 -0.286003 0.086778
v 0.038860 -0.282553 0.092014
v 0.038178 -0.280028 0.090400
v 0.037247 -0.279104 0.088196
v 0.036315 -0.280028 0.085991
v 0.035633 -0.282553 0.084378
v 0.035384 -0.286003 0.083787
v 0.035633 -0.289453 0.084378
v 0.036315 -0.291979 0.085991
v 0.037247 -0.292903 0.088196
v 0.038178 -0.291979 0.090400
v 0.038860 -0.289453 0.092014
v 0.039109 -0.286003 0.092604
v 0.026533 -0.282553 0.096297
v 0.026069 -0.280028 0.094607
v 0.025435 -0.279104 0.092300
v 0.024802 -0.280028 0.089992
v 0.024338 -0.282553 0.088303
v 0.024168 -0.286003 0.087685
v 0.024338 -0.289453 0.088303
v 0.024802 -0.291979 0.089992
v 0.025435 -0.292903 0.092300
v 0.026069 -0.291979 0.094607
v 0.026533 -0.289453 0.096297
v 0.026703 -0.286003 0.096915
v 0.013535 -0.282553 0.098953
v 0.013301 -0.280028 0.097217
v 0.012980 -0.279104 0.094846
v 0.012659 -0.280028 0.092475
v 0.012424 -0.282553 0.090739
v 0.012338 -0.286003 0.090103
v 0.012424 -0.289453 0.090739
v 0.012659 -0.291979 0.092475
v 0.012980 -0.292903 0.094846
v 0.013301 -0.291979 0.097217
v 0.013535 -0.289453 0.098953
v 0.013621 -0.286003 0.099589
vn -0.0000 0.3818 0.9243
vn -0.1239 0.3818 0.9159
vn -0.1340 -0.0000 0.9910
vn -0.0000 -0.0000 1.0000
vn -0.0000 0.7799 0.6259
vn -0.0839 0.7799 0.6202
vn -0.0000 0.9999 0.0154
vn -0.0021 0.9999 0.0153
vn -0.0000 0.7921 -0.6103
vn 0.0818 0.7921 -0.6048
vn -0.0000 0.3881 -0.9216
vn 0.1235 0.3881 -0.9133
vn -0.0000 -0.0000 -1.0000
vn 0.1340 -0.0000 -0.9910
vn -0.0000 -0.3881 -0.9216
vn 0.1235 -0.3881 -0.9133
vn -0.0000 -0.7921 -0.6103
vn 0.0818 -0.7921 -0.6048
vn -0.0000 -0.9999 0.0154
vn -0.0021 -0.9999 0.0153
vn -0.0000 -0.7799 0.6259
vn -0.0839 -0.7799 0.6202
vn -0.0000 -0.3818 0.9243
vn -0.1239 -0.3818 0.9159
vn -0.2448 0.3818 0.8912
vn -0.2648 -0.0000 0.9643
vn -0.1657 0.7800 0.6034
vn -0.0040 0.9999 0.0147
vn 0.1617 0.7921 -0.5886
vn 0.2441 0.3881 -0.8887
vn 0.2649 -0.0000 -0.9643
vn 0.2441 -0.3881 -0.8887
vn 0.1617 -0.7921 -0.5886
vn -0.0040 -0.9999 0.0147
vn -0.1657 -0.7800 0.6034
vn -0.2448 -0.3818 0.8912
vn -0.3597 0.3818 0.8513
vn -0.3892 -0.0000 0.9211
vn -0.2435 0.7801 0.5763
vn -0.0058 0.9999 0.0138
vn 0.2377 0.7920 -0.5624
vn 0.3587 0.3881 -0.8490
vn 0.3893 -0.0000 -0.9211
vn 0.3588 -0.3880 -0.8489
vn 0.2377 -0.7920 -0.5624
vn -0.0058 -0.9999 0.0138
vn -0.2435 -0.7801 0.5763
vn -0.3597 -0.3818 0.8513
vn -0.4669 0.3819 0.7976
vn -0.5052 -0.0000 0.8630
vn -0.3160 0.7802 0.5399
vn -0.0075 0.9999 0.0128
vn 0.3085 0.7919 -0.5270
vn 0.4657 0.3880 -0.7954
vn 0.5053 -0.0000 -0.8630
vn 0.4657 -0.3880 -0.7954
vn 0.3085 -0.7919 -0.5270
vn -0.0075 -0.9999 0.0128
vn -0.3160 -0.7802 0.5398
vn -0.4669 -0.3819 0.7976
vn -0.5651 0.3819 0.7313
vn -0.6115 -0.0000 0.7913
vn -0.3825 0.7802 0.4949
vn -0.0089 0.9999 0.0116
vn 0.3735 0.7918 -0.4833
vn 0.5636 0.3880 -0.7293
vn 0.6115 -0.0000 -0.7912
vn 0.5636 -0.3880 -0.7293
vn 0.3735 -0.7918 -0.4833
vn -0.0089 -0.9999 0.0116
vn -0.3825 -0.7802 0.4949
vn -0.5651 -0.3819 0.7313
vn -0.6535 0.3819 0.6535
vn -0.7071 -0.0000 0.7071
vn -0.4423 0.7803 0.4423
vn -0.0103 0.9999 0.0103
vn 0.4319 0.7918 -0.4319
vn 0.6517 0.3880 -0.6517
vn 0.7071 -0.0000 -0.7071
vn 0.6517 -0.3880 -0.6517
vn 0.4319 -0.7918 -0.4319
vn -0.0103 -0.9999 0.0103
vn -0.4423 -0.7803 0.4423
vn -0.6535 -0.3819 0.6535
vn -0.7313 0.3819 0.5651
vn -0.7913 -0.0000 0.6115
vn -0.4949 0.7802 0.3825
vn -0.0116 0.9999 0.0090
vn 0.4832 0.7918 -0.3735
vn 0.7293 0.3880 -0.5636
vn 0.7912 -0.0000 -0.6115
vn 0.7293 -0.3880 -0.5636
vn 0.4833 -0.7918 -0.3735
vn -0.0116 -0.9999 0.0090
vn -0.4949 -0.7802 0.3825
vn -0.7313 -0.3819 0.5651
vn -0.7976 0.3819 0.4669
vn -0.8630 -0.0000 0.5052
vn -0.5399 0.7802 0.3160
vn -0.0128 0.9999 0.0075
vn 0.5270 0.7919 -0.3085
vn 0.7954 0.3880 -0.4657
vn 0.8630 -0.0000 -0.5052
vn 0.7954 -0.3880 -0.4657
vn 0.5270 -0.7919 -0.3085
vn -0.0128 -0.9999 0.0075
vn -0.5399 -0.7802 0.3160
vn -0.7976 -0.3819 0.4669
vn -0.8513 0.3818 0.3597
vn -0.9211 -0.0000 0.3892
vn -0.5763 0.7801 0.2435
vn -0.0138 0.9999 0.0058
vn 0.5624 0.7920 -0.2377
vn 0.8489 0.3881 -0.3588
vn 0.9211 -0.0000 -0.3893
vn 0.8490 -0.3880 -0.3588
vn 0.5624 -0.7920 -0.2377
vn -0.0138 -0.9999 0.0058
vn -0.5763 -0.7801 0.2435
vn -0.8513 -0.3818 0.3597
vn -0.8912 0.3818 0.2448
vn -0.9643 -0.0000 0.2648
vn -0.6034 0.7800 0.1657
vn -0.0147 0.9999 0.0040
vn 0.5886 0.7921 -0.1617
vn 0.8887 0.3881 -0.2441
vn 0.9643 -0.0000 -0.2649
vn 0.8887 -0.3881 -0.2441
vn 0.5887 -0.7921 -0.1617
vn -0.0147 -0.9999 0.0040
vn -0.6034 -0.7800 0.1657
vn -0.8912 -0.3818 0.2448
vn -0.9159 0.3818 0.1239
vn -0.9910 -0.0000 0.1340
vn -0.6202 0.7799 0.0839
vn -0.0153 0.9999 0.0021
vn 0.6048 0.7921 -0.0818
vn 0.9133 0.3881 -0.1235
vn 0.9910 -0.0000 -0.1340
vn 0.9133 -0.3881 -0.1235
vn 0.6048 -0.7921 -0.0818
vn -0.0153 -0.9999 0.0021
vn -0.6202 -0.7799 0.0839
vn -0.9159 -0.3818 0.1239
vn -0.9243 0.3818 -0.0000
vn -1.0000 -0.0000 -0.0000
vn -0.6259 0.7799 -0.0000
vn -0.0154 0.9999 -0.0000
vn 0.6104 0.7921 -0.0000
vn 0.9216 0.3881 -0.0000
vn 1.0000 -0.0000 -0.0000
vn 0.9216 -0.3881 -0.0000
vn 0.6103 -0.7921 -0.0000
vn -0.0154 -0.9999 -0.0000
vn -0.6259 -0.7799 -0.0000
vn -0.9243 -0.3818 -0.0000
vn -0.9159 0.3818 -0.1239
vn -0.9910 -0.0000 -0.1340
vn -0.6202 0.7799 -0.0839
vn -0.0153 0.9999 -0.0021
vn 0.6048 0.7921 0.0818
vn 0.9133 0.3881 0.1235
vn 0.9910 -0.0000 0.1340
vn 0.9133 -0.3881 0.1235
vn 0.6048 -0.7921 0.0818
vn -0.0153 -0.9999 -0.0021
vn -0.6202 -0.7799 -0.0839
vn -0.9159 -0.3818 -0.1239
vn -0.8912 0.3818 -0.2448
vn -0.9643 -0.0000 -0.2648
vn -0.6034 0.7800 -0.1657
vn -0.0147 0.9999 -0.0040
vn 0.5886 0.7921 0.1617
vn 0.8887 0.3881 0.2441
vn 0.9643 -0.0000 0.2649
vn 0.8887 -0.3881 0.2441
vn 0.5886 -0.7921 0.1617
vn -0.0147 -0.9999 -0.0040
vn -0.6034 -0.7800 -0.1657
vn -0.8912 -0.3818 -0.2448
vn -0.8513 0.3818 -0.3597
vn -0.9211 -0.0000 -0.3892
vn -0.5763 0.7801 -0.2435
vn -0.0138 0.9999 -0.0058
vn 0.5624 0.7920 0.2377
vn 0.8489 0.3881 0.3588
vn 0.9211 -0.0000 0.3893
vn 0.8490 -0.3880 0.3588
vn 0.5624 -0.7920 0.2377
vn -0.0138 -0.9999 -0.0058
vn -0.5763 -0.7801 -0.2435
vn -0.8513 -0.3818 -0.3597
vn -0.7976 0.3819 -0.4669
vn -0.8630 -0.0000 -0.5052
vn -0.5398 0.7802 -0.3160
vn -0.0128 0.9999 -0.0075
vn 0.5270 0.7919 0.3085
vn 0.7954 0.3880 0.4657
vn 0.8630 -0.0000 0.5052
vn 0.7954 -0.3880 0.4657
vn 0.5270 -0.7919 0.3085
vn -0.0128 -0.9999 -0.0075
vn -0.5398 -0.7802 -0.3160
vn -0.7976 -0.3819 -0.4669
vn -0.7313 0.3819 -0.5651
vn -0.7912 -0.0000 -0.6115
vn -0.4949 0.7802 -0.3825
vn -0.0116 0.9999 -0.0090
vn 0.4832 0.7918 0.3735
vn 0.7293 0.3880 0.5636
vn 0.7912 -0.0000 0.6115
vn 0.7293 -0.3880 0.5636
vn 0.4833 -0.7918 0.3735
vn -0.0116 -0.9999 -0.0090
vn -0.4949 -0.7802 -0.3825
vn -0.7313 -0.3819 -0.5651
vn -0.6535 0.3819 -0.6535
vn -0.7071 -0.0000 -0.7071
vn -0.4423 0.7803 -0.4423
vn -0.0103 0.9999 -0.0103
vn 0.4319 0.7918 0.4319
vn 0.6517 0.3880 0.6517
vn 0.7071 -0.0000 0.7071
vn 0.6517 -0.3880 0.6517
vn 0.4319 -0.7918 0.4319
vn -0.0103 -0.9999 -0.0103
vn -0.4423 -0.7803 -0.4423
vn -0.6535 -0.3819 -0.6535
vn -0.5651 0.3819 -0.7313
vn -0.6115 -0.0000 -0.7913
vn -0.3825 0.7802 -0.4949
vn -0.0090 0.9999 -0.0116
vn 0.3735 0.7918 0.4833
vn 0.5636 0.3880 0.7293
vn 0.6115 -0.0000 0.7912
vn 0.5636 -0.3880 0.7293
vn 0.3735 -0.7918 0.4832
vn -0.0089 -0.9999 -0.0116
vn -0.3825 -0.7802 -0.4949
vn -0.5651 -0.3819 -0.7313
vn -0.4669 0.3819 -0.7976
vn -0.5052 -0.0000 -0.8630
vn -0.3160 0.7802 -0.5399
vn -0.0075 0.9999 -0.0128
vn 0.3085 0.7919 0.5270
vn 0.4657 0.3880 0.7954
vn 0.5053 -0.0000 0.8630
vn 0.4657 -0.3880 0.7954
vn 0.3085 -0.7919 0.5270
vn -0.0075 -0.9999 -0.0128
vn -0.3160 -0.7802 -0.5399
vn -0.4669 -0.3819 -0.7976
vn -0.3597 0.3818 -0.8513
vn -0.3892 -0.0000 -0.9211
vn -0.2435 0.7801 -0.5763
vn -0.0058 0.9999 -0.0138
vn 0.2377 0.7920 0.5624
vn 0.3588 0.3880 0.8489
vn 0.3893 -0.0000 0.9211
vn 0.3588 -0.3880 0.8489
vn 0.2377 -0.7920 0.5624
vn -0.0058 -0.9999 -0.0138
vn -0.2435 -0.7801 -0.5763
vn -0.3597 -0.3818 -0.8513
vn -0.2448 0.3818 -0.8912
vn -0.2648 -0.0000 -0.9643
vn -0.1657 0.7800 -0.6034
vn -0.0040 0.9999 -0.0147
vn 0.1617 0.7921 0.5886
vn 0.2441 0.3881 0.8887
vn 0.2649 -0.0000 0.9643
vn 0.2441 -0.3881 0.8887
vn 0.1617 -0.7921 0.5886
vn -0.0040 -0.9999 -0.0147
vn -0.1657 -0.7800 -0.6034
vn -0.2448 -0.3818 -0.8912
vn -0.1239 0.3818 -0.9159
vn -0.1340 -0.0000 -0.9910
vn -0.0839 0.7799 -0.6202
vn -0.0021 0.9999 -0.0153
vn 0.0818 0.7921 0.6048
vn 0.1235 0.3881 0.9133
vn 0.1340 -0.0000 0.9910
vn 0.1235 -0.3881 0.9133
vn 0.0818 -0.7921 0.6048
vn -0.0021 -0.9999 -0.0153
vn -0.0839 -0.7799 -0.6202
vn -0.1239 -0.3818 -0.9159
vn -0.0000 0.3818 -0.9243
vn -0.0000 0.7799 -0.6259
vn -0.0000 0.9999 -0.0154
vn -0.0000 0.7921 0.6103
vn -0.0000 0.3881 0.9216
vn -0.0000 -0.3881 0.9216
vn -0.0000 -0.7921 0.6103
vn -0.0000 -0.9999 -0.0154
vn -0.0000 -0.7799 -0.6259
vn -0.0000 -0.3818 -0.9243
vn 0.1239 0.3818 -0.9159
vn 0.0839 0.7799 -0.6202
vn 0.0021 0.9999 -0.0153
vn -0.0818 0.7921 0.6048
vn -0.1235 0.3881 0.9133
vn -0.1235 -0.3881 0.9133
vn -0.0818 -0.7921 0.6048
vn 0.0021 -0.9999 -0.0153
vn 0.0839 -0.7799 -0.6202
vn 0.1239 -0.3818 -0.9159
vn 0.2448 0.3818 -0.8912
vn 0.2648 -0.0000 -0.9643
vn 0.1657 0.7800 -0.6034
vn 0.0040 0.9999 -0.0147
vn -0.1617 0.7921 0.5886
vn -0.2441 0.3881 0.8887
vn -0.2649 -0.0000 0.9643
vn -0.2441 -0.3881 0.8887
vn -0.1617 -0.7921 0.5886
vn 0.0040 -0.9999 -0.0147
vn 0.1657 -0.7800 -0.6034
vn 0.2448 -0.3818 -0.8912
vn 0.3597 0.3818 -0.8513
vn 0.3892 -0.0000 -0.9211
vn 0.2435 0.7801 -0.5763
vn 0.0058 0.9999 -0.0138
vn -0.2377 0.7920 0.5624
vn -0.3587 0.3881 0.8490
vn -0.3893 -0.0000 0.9211
vn -0.3588 -0.3880 0.8489
vn -0.2377 -0.7920 0.5624
vn 0.0058 -0.9999 -0.0138
vn 0.2435 -0.7801 -0.5763
vn 0.3597 -0.3818 -0.8513
vn 0.4669 0.3819 -0.7976
vn 0.5052 -0.0000 -0.8630
vn 0.3160 0.7802 -0.5399
vn 0.0075 0.9999 -0.0128
vn -0.3085 0.7919 0.5270
vn -0.4657 0.3880 0.7954
vn -0.5053 -0.0000 0.8630
vn -0.4657 -0.3880 0.7954
vn -0.3085 -0.7919 0.5270
vn 0.0075 -0.9999 -0.0128
vn 0.3160 -0.7802 -0.5398
vn 0.4669 -0.3819 -0.7976
vn 0.5651 0.3819 -0.7313
vn 0.3825 0.7802 -0.4949
vn 0.0089 0.9999 -0.0116
vn -0.3735 0.7918 0.4833
vn -0.5636 0.3880 0.7293
vn -0.6115 -0.0000 0.7912
vn -0.5636 -0.3880 0.7293
vn -0.3735 -0.7918 0.4833
vn 0.0089 -0.9999 -0.0116
vn 0.3825 -0.7802 -0.4949
vn 0.5651 -0.3819 -0.7313
vn 0.6535 0.3819 -0.6535
vn 0.4423 0.7803 -0.4423
vn 0.0103 0.9999 -0.0103
vn -0.4319 0.7918 0.4319
vn -0.6517 0.3880 0.6517
vn -0.6517 -0.3880 0.6517
vn -0.4319 -0.7918 0.4319
vn 0.0103 -0.9999 -0.0103
vn 0.4423 -0.7803 -0.4423
vn 0.6535 -0.3819 -0.6535
vn 0.7313 0.3819 -0.5651
vn 0.7913 -0.0000 -0.6115
vn 0.4949 0.7802 -0.3825
vn 0.0116 0.9999 -0.0090
vn -0.4832 0.7918 0.3735
vn -0.7293 0.3880 0.5636
vn -0.7912 -0.0000 0.6115
vn -0.7293 -0.3880 0.5636
vn -0.4833 -0.7918 0.3735
vn 0.0116 -0.9999 -0.0090
vn 0.4949 -0.7802 -0.3825
vn 0.7313 -0.3819 -0.5651
vn 0.7976 0.3819 -0.4669
vn 0.5399 0.7802 -0.3160
vn 0.0128 0.9999 -0.0075
vn -0.5270 0.7919 0.3085
vn -0.7954 0.3880 0.4657
vn -0.7954 -0.3880 0.4657
vn -0.5270 -0.7919 0.3085
vn 0.0128 -0.9999 -0.0075
vn 0.5399 -0.7802 -0.3160
vn 0.7976 -0.3819 -0.4669
vn 0.8513 0.3818 -0.3597
vn 0.9211 -0.0000 -0.3892
vn 0.5763 0.7801 -0.2435
vn 0.0138 0.9999 -0.0058
vn -0.5624 0.7920 0.2377
vn -0.8489 0.3881 0.3588
vn -0.9211 -0.0000 0.3893
vn -0.8490 -0.3880 0.3588
vn -0.5624 -0.7920 0.2377
vn 0.0138 -0.9999 -0.0058
vn 0.5763 -0.7801 -0.2435
vn 0.8513 -0.3818 -0.3597
vn 0.8912 0.3818 -0.2448
vn 0.9643 -0.0000 -0.2648
vn 0.6034 0.7800 -0.1657
vn 0.0147 0.9999 -0.0040
vn -0.5886 0.7921 0.1617
vn -0.8887 0.3881 0.2441
vn -0.9643 -0.0000 0.2649
vn -0.8887 -0.3881 0.2441
vn -0.5886 -0.7921 0.1617
vn 0.0147 -0.9999 -0.0040
vn 0.6034 -0.7800 -0.1657
vn 0.8912 -0.3818 -0.2448
vn 0.9159 0.3818 -0.1239
vn 0.6202 0.7799 -0.0839
vn 0.0153 0.9999 -0.0021
vn -0.6048 0.7921 0.0818
vn -0.9133 0.3881 0.1235
vn -0.9133 -0.3881 0.1235
vn -0.6048 -0.7921 0.0818
vn 0.0153 -0.9999 -0.0021
vn 0.6202 -0.7799 -0.0839
vn 0.9159 -0.3818 -0.1239
vn 0.9243 0.3818 -0.0000
vn 0.6259 0.7799 -0.0000
vn 0.0154 0.9999 -0.0000
vn -0.6104 0.7921 -0.0000
vn -0.9216 0.3881 -0.0000
vn -0.9216 -0.3881 -0.0000
vn -0.6103 -0.7921 -0.0000
vn 0.0154 -0.9999 -0.0000
vn 0.6259 -0.7799 -0.0000
vn 0.9243 -0.3818 -0.0000
vn 0.9159 0.3818 0.1239
vn 0.6202 0.7799 0.0839
vn 0.0153 0.9999 0.0021
vn -0.6048 0.7921 -0.0818
vn -0.9133 0.3881 -0.1235
vn -0.9133 -0.3881 -0.1235
vn -0.6048 -0.7921 -0.0818
vn 0.0153 -0.9999 0.0021
vn 0.6202 -0.7799 0.0839
vn 0.9159 -0.3818 0.1239
vn 0.8912 0.3818 0.2448
vn 0.9643 -0.0000 0.2648
vn 0.6034 0.7800 0.1657
vn 0.0147 0.9999 0.0040
vn -0.5887 0.7921 -0.1617
vn -0.8887 0.3881 -0.2441
vn -0.9643 -0.0000 -0.2649
vn -0.8887 -0.3881 -0.2441
vn -0.5887 -0.7921 -0.1617
vn 0.0147 -0.9999 0.0040
vn 0.6034 -0.7800 0.1657
vn 0.8912 -0.3818 0.2448
vn 0.8513 0.3818 0.3597
vn 0.9211 -0.0000 0.3892
vn 0.5763 0.7801 0.2435
vn 0.0138 0.9999 0.0058
vn -0.5624 0.7920 -0.2377
vn -0.8489 0.3880 -0.3588
vn -0.9211 -0.0000 -0.3893
vn -0.8490 -0.3880 -0.3588
vn -0.5624 -0.7920 -0.2377
vn 0.0138 -0.9999 0.0058
vn 0.5763 -0.7801 0.2435
vn 0.8513 -0.3818 0.3597
vn 0.7976 0.3819 0.4669
vn 0.5398 0.7802 0.3160
vn 0.0128 0.9999 0.0075
vn -0.5270 0.7919 -0.3085
vn -0.7954 0.3880 -0.4657
vn -0.7954 -0.3880 -0.4657
vn -0.5270 -0.7919 -0.3085
vn 0.0128 -0.9999 0.0075
vn 0.5398 -0.7802 0.3160
vn 0.7976 -0.3819 0.4669
vn 0.7313 0.3819 0.5651
vn 0.7913 -0.0000 0.6115
vn 0.4949 0.7802 0.3825
vn 0.0116 0.9999 0.0090
vn -0.4833 0.7918 -0.3735
vn -0.7293 0.3880 -0.5636
vn -0.7293 -0.3880 -0.5636
vn -0.4833 -0.7918 -0.3735
vn 0.0116 -0.9999 0.0090
vn 0.4949 -0.7802 0.3825
vn 0.7313 -0.3819 0.5651
vn 0.6535 0.3819 0.6535
vn 0.4423 0.7803 0.4423
vn 0.0103 0.9999 0.0103
vn -0.4319 0.7918 -0.4319
vn -0.6517 0.3880 -0.6517
vn -0.6517 -0.3880 -0.6517
vn -0.4319 -0.7918 -0.4319
vn 0.0103 -0.9999 0.0103
vn 0.4423 -0.7803 0.4423
vn 0.6535 -0.3819 0.6535
vn 0.5651 0.3819 0.7313
vn 0.3825 0.7802 0.4949
vn 0.0090 0.9999 0.0116
vn -0.3735 0.7918 -0.4833
vn -0.5636 0.3880 -0.7293
vn -0.6115 -0.0000 -0.7912
vn -0.5636 -0.3880 -0.7293
vn -0.3735 -0.7918 -0.4833
vn 0.0089 -0.9999 0.0116
vn 0.3825 -0.7802 0.4949
vn 0.5651 -0.3819 0.7313
vn 0.4669 0.3819 0.7976
vn 0.5052 -0.0000 0.8630
vn 0.3160 0.7802 0.5399
vn 0.0075 0.9999 0.0128
vn -0.3085 0.7919 -0.5270
vn -0.4657 0.3880 -0.7954
vn -0.4657 -0.3880 -0.7954
vn -0.3085 -0.7919 -0.5270
vn 0.0075 -0.9999 0.0128
vn 0.3160 -0.7802 0.5399
vn 0.4669 -0.3819 0.7976
vn 0.3597 0.3818 0.8513
vn 0.3892 -0.0000 0.9211
vn 0.2435 0.7801 0.5763
vn 0.0058 0.9999 0.0138
vn -0.2377 0.7920 -0.5624
vn -0.3588 0.3880 -0.8489
vn -0.3893 -0.0000 -0.9211
vn -0.3588 -0.3880 -0.8489
vn -0.2377 -0.7920 -0.5624
vn 0.0058 -0.9999 0.0138
vn 0.2435 -0.7801 0.5763
vn 0.3597 -0.3818 0.8513
vn 0.2448 0.3818 0.8912
vn 0.2648 -0.0000 0.9643
vn 0.1657 0.7800 0.6034
vn 0.0040 0.9999 0.0147
vn -0.1617 0.7921 -0.5886
vn -0.2441 0.3881 -0.8887
vn -0.2649 -0.0000 -0.9643
vn -0.2441 -0.3881 -0.8887
vn -0.1617 -0.7921 -0.5886
vn 0.0040 -0.9999 0.0147
vn 0.1657 -0.7800 0.6034
vn 0.2448 -0.3818 0.8912
vn 0.1239 0.3818 0.9159
vn 0.0839 0.7799 0.6202
vn 0.0021 0.9999 0.0153
vn -0.0818 0.7921 -0.6048
vn -0.1235 0.3881 -0.9133
vn -0.1235 -0.3881 -0.9133
vn -0.0818 -0.7921 -0.6048
vn 0.0021 -0.9999 0.0153
vn 0.0839 -0.7799 0.6202
vn 0.1239 -0.3818 0.9159
vn 0.3754 -0.1938 -0.9064
vn -0.0000 -0.1938 -0.9810
vn 0.3827 -0.0000 -0.9239
vn 0.9810 -0.1938 -0.0000
vn 0.9064 -0.1938 -0.3754
vn 0.9062 0.1949 -0.3753
vn 0.9808 0.1949 -0.0000
vn -0.3827 -0.0000 0.9239
vn -0.3827 -0.0000 -0.9239
vn 0.3827 -0.0000 0.9239
vn -0.9239 -0.0000 -0.3827
vn 0.9239 -0.0000 0.3827
vn -0.9239 -0.0000 0.3827
vn 0.9239 -0.0000 -0.3827
vn -0.0000 0.9999 0.0118
vn -0.0045 0.9999 0.0109
vn -0.0870 0.9738 0.2100
vn -0.0000 0.9738 0.2273
vn 0.9064 -0.1938 0.3754
vn 0.9062 0.1949 0.3753
vn -0.0084 0.9999 0.0084
vn -0.1607 0.9738 0.1607
vn 0.6937 -0.1938 0.6937
vn 0.6936 0.1949 0.6936
vn -0.0109 0.9999 0.0045
vn -0.2100 0.9738 0.0870
vn 0.3754 -0.1938 0.9064
vn 0.3753 0.1949 0.9062
vn -0.0118 0.9999 -0.0000
vn -0.2273 0.9738 -0.0000
vn -0.0000 -0.1938 0.9810
vn -0.0000 0.1949 0.9808
vn -0.0109 0.9999 -0.0045
vn -0.2100 0.9738 -0.0870
vn -0.3754 -0.1938 0.9064
vn -0.3754 0.1949 0.9062
vn -0.0084 0.9999 -0.0084
vn -0.1607 0.9738 -0.1607
vn -0.0000 0.9999 -0.0118
vn 0.0045 0.9999 -0.0109
vn 0.0870 0.9738 -0.2100
vn -0.0000 0.9738 -0.2273
vn -0.6937 -0.1938 0.6937
vn -0.6936 0.1949 0.6936
vn 0.9113 0.1642 0.3775
vn 0.9864 0.1642 -0.0000
vn 0.9780 -0.2088 -0.0000
vn 0.9035 -0.2088 0.3742
vn -0.0045 0.9999 -0.0109
vn -0.0870 0.9738 -0.2100
vn -0.0000 -1.0000 -0.0000
vn -0.1517 -0.9767 0.1517
vn -0.1983 -0.9767 0.0821
vn 0.1517 -0.9767 -0.1517
vn 0.1983 -0.9767 -0.0821
vn -0.0821 -0.9767 0.1983
vn 0.0821 -0.9767 -0.1983
vn -0.0000 -0.9767 0.2146
vn 0.0821 -0.9767 0.1983
vn -0.1517 -0.9767 -0.1517
vn -0.0821 -0.9767 -0.1983
vn -0.1983 -0.9767 -0.0821
vn 0.1517 -0.9767 0.1517
vn -0.3754 -0.1938 -0.9064
vn -0.3754 0.1948 -0.9062
vn -0.0000 0.1948 -0.9808
vn 0.1983 -0.9767 0.0821
vn -0.2146 -0.9767 -0.0000
vn 0.2146 -0.9767 -0.0000
vn 0.0045 0.9999 0.0109
vn 0.0870 0.9738 0.2100
vn 0.6937 -0.1938 -0.6937
vn 0.6936 0.1948 -0.6936
vn 0.0084 0.9999 0.0084
vn 0.1607 0.9738 0.1607
vn -0.6937 -0.1938 -0.6937
vn -0.6936 0.1948 -0.6936
vn 0.3754 0.1948 -0.9062
vn 0.0109 0.9999 0.0045
vn 0.2100 0.9738 0.0870
vn -0.0000 -0.9767 -0.2146
vn 0.0118 0.9999 -0.0000
vn 0.2273 0.9738 -0.0000
vn -0.9064 -0.1938 -0.3754
vn -0.9062 0.1948 -0.3753
vn 0.0109 0.9999 -0.0045
vn 0.2100 0.9738 -0.0870
vn -0.9810 -0.1938 -0.0000
vn -0.9808 0.1948 -0.0000
vn 0.0084 0.9999 -0.0084
vn 0.1607 0.9738 -0.1607
vn -0.9064 -0.1938 0.3754
vn -0.9062 0.1948 0.3753
vn -0.0000 -0.6889 -0.7249
vn -0.2774 -0.6889 -0.6697
vn -0.5126 -0.6889 -0.5126
vn -0.6697 -0.6889 -0.2774
vn -0.7249 -0.6889 -0.0000
vn -0.6697 -0.6889 0.2774
vn -0.5126 -0.6889 0.5126
vn -0.2774 -0.6889 0.6697
vn -0.0000 -0.6889 0.7249
vn 0.2774 -0.6889 0.6697
vn 0.5126 -0.6889 0.5126
vn 0.6697 -0.6889 0.2774
vn 0.7249 -0.6889 -0.0000
vn 0.6697 -0.6889 -0.2774
vn 0.5126 -0.6889 -0.5126
vn 0.2774 -0.6889 -0.6697
vn -0.0000 0.6851 -0.7284
vn -0.2788 0.6851 -0.6730
vn -0.5151 0.6851 -0.5151
vn -0.6730 0.6851 -0.2788
vn -0.7284 0.6851 -0.0000
vn -0.6730 0.6851 0.2788
vn -0.5151 0.6851 0.5151
vn -0.2788 0.6851 0.6730
vn -0.0000 0.6851 0.7284
vn 0.2788 0.6851 0.6730
vn 0.5151 0.6851 0.5151
vn 0.6730 0.6851 0.2788
vn 0.7284 0.6851 -0.0000
vn 0.6730 0.6851 -0.2788
vn 0.5151 0.6851 -0.5151
vn 0.2788 0.6851 -0.6730
vn -0.3727 0.2273 0.8997
vn -0.6886 0.2273 0.6886
vn -0.6982 -0.1583 0.6982
vn -0.3779 -0.1583 0.9122
vn -0.6886 0.2273 -0.6886
vn -0.8997 0.2273 -0.3727
vn -0.8229 0.4547 -0.3408
vn -0.6298 0.4547 -0.6298
vn 0.8997 0.2273 -0.3727
vn 0.6886 0.2273 -0.6886
vn 0.6298 0.4547 -0.6298
vn 0.8229 0.4547 -0.3408
vn 0.3727 0.2272 -0.8997
vn 0.6982 -0.1583 -0.6982
vn 0.3779 -0.1583 -0.9122
vn -0.0000 0.2273 0.9738
vn -0.0000 -0.1583 0.9874
vn -0.9738 0.2273 -0.0000
vn -0.9122 -0.1583 -0.3779
vn -0.9874 -0.1583 -0.0000
vn 0.6886 0.2272 0.6886
vn 0.3727 0.2273 0.8997
vn 0.3779 -0.1583 0.9122
vn 0.6982 -0.1583 0.6982
vn -0.3727 0.2273 -0.8997
vn -0.3408 0.4547 -0.8229
vn 0.9738 0.2273 -0.0000
vn 0.8997 0.2273 0.3727
vn 0.9122 -0.1583 0.3779
vn 0.9874 -0.1583 -0.0000
vn -0.0000 0.4547 0.8907
vn -0.3408 0.4547 0.8229
vn 0.9122 -0.1583 -0.3779
vn 0.3408 0.4547 0.8229
vn -0.8997 0.2273 0.3727
vn -0.9122 -0.1583 0.3779
vn 0.8229 0.4547 0.3408
vn 0.6298 0.4547 0.6298
vn -0.3779 -0.1583 -0.9122
vn -0.6982 -0.1583 -0.6982
vn -0.0000 0.2273 -0.9738
vn -0.0000 0.4547 -0.8907
vn 0.3408 0.4547 -0.8229
vn -0.6298 0.4547 0.6298
vn -0.8229 0.4547 0.3408
vn -0.0000 -0.1583 -0.9874
vn -0.9035 -0.2088 -0.3742
vn -0.9780 -0.2088 -0.0000
vn -0.9644 -0.2646 -0.0000
vn -0.8910 -0.2646 -0.3690
vn 0.8907 0.4547 -0.0000
vn -0.8907 0.4547 -0.0000
vn 0.9113 0.1642 -0.3775
vn 0.9035 -0.2088 -0.3742
vn -0.6975 0.1642 -0.6975
vn -0.9113 0.1642 -0.3775
vn -0.6915 -0.2088 -0.6915
vn 0.6975 0.1642 0.6975
vn 0.6915 -0.2088 0.6915
vn 0.3775 0.1642 0.9113
vn 0.3742 -0.2088 0.9035
vn -0.0000 0.1642 0.9864
vn -0.0000 -0.2088 0.9779
vn -0.3775 0.1642 0.9113
vn -0.3742 -0.2088 0.9035
vn -0.6975 0.1642 0.6975
vn -0.6915 -0.2088 0.6915
vn 0.3775 0.1642 -0.9113
vn -0.0000 0.1642 -0.9864
vn -0.0000 -0.2088 -0.9780
vn 0.3742 -0.2088 -0.9035
vn -0.9113 0.1642 0.3775
vn -0.9035 -0.2088 0.3742
vn -0.9864 0.1642 -0.0000
vn -0.3775 0.1642 -0.9113
vn -0.3742 -0.2088 -0.9035
vn 0.6975 0.1642 -0.6975
vn 0.6915 -0.2088 -0.6915
vn -0.3686 0.2687 -0.8899
vn -0.0000 0.2687 -0.9632
vn -0.3735 0.2178 -0.9017
vn -0.0000 0.2178 -0.9760
vn 0.3686 0.2687 -0.8899
vn 0.6811 0.2687 -0.6811
vn 0.3735 0.2178 -0.9017
vn 0.6901 0.2178 -0.6901
vn 0.8899 0.2687 -0.3686
vn 0.9017 0.2178 -0.3735
vn -0.6811 0.2687 -0.6811
vn -0.6901 0.2178 -0.6901
vn -0.9632 0.2687 -0.0000
vn -0.8899 0.2687 -0.3686
vn -0.9760 0.2178 -0.0000
vn -0.9017 0.2178 -0.3735
vn -0.8899 0.2687 0.3686
vn -0.9017 0.2178 0.3735
vn -0.6811 0.2687 0.6811
vn -0.6901 0.2178 0.6901
vn -0.3686 0.2687 0.8899
vn -0.3735 0.2178 0.9017
vn -0.0000 0.2687 0.9632
vn -0.0000 0.2178 0.9760
vn 0.3686 0.2687 0.8899
vn 0.3735 0.2178 0.9017
vn 0.6811 0.2687 0.6811
vn 0.6901 0.2178 0.6901
vn 0.8899 0.2687 0.3686
vn 0.9017 0.2178 0.3735
vn 0.9632 0.2687 -0.0000
vn 0.9760 0.2178 -0.0000
vn -0.6512 0.3896 -0.6512
vn -0.8509 0.3896 -0.3524
vn -0.8502 0.3914 -0.3521
vn -0.6507 0.3914 -0.6507
vn -0.3690 -0.2646 0.8910
vn -0.6819 -0.2646 0.6819
vn 0.3690 -0.2646 0.8910
vn -0.0000 -0.2646 0.9644
vn 0.6819 -0.2646 -0.6819
vn 0.8910 -0.2646 -0.3690
vn 0.8910 -0.2646 0.3690
vn 0.6819 -0.2646 0.6819
vn -0.8910 -0.2646 0.3690
vn -0.0000 0.2646 0.9644
vn 0.3690 0.2646 0.8910
vn 0.3524 0.3896 0.8509
vn -0.0000 0.3896 0.9210
vn 0.6819 0.2646 0.6819
vn 0.6512 0.3896 0.6512
vn -0.3691 -0.2646 -0.8910
vn -0.0000 -0.2646 -0.9644
vn 0.9644 -0.2646 -0.0000
vn 0.8509 0.3896 -0.3524
vn 0.6512 0.3896 -0.6512
vn 0.6507 0.3914 -0.6507
vn 0.8502 0.3914 -0.3521
vn 0.3691 -0.2646 -0.8910
vn -0.6819 0.2646 0.6819
vn -0.3690 0.2646 0.8910
vn -0.3524 0.3896 0.8509
vn -0.6512 0.3897 0.6512
vn -0.6819 -0.2646 -0.6819
vn -0.3691 0.2646 -0.8910
vn -0.6819 0.2646 -0.6819
vn -0.3524 0.3896 -0.8509
vn 0.6819 0.2646 -0.6819
vn 0.3691 0.2646 -0.8910
vn 0.3524 0.3896 -0.8509
vn -0.0000 0.2646 -0.9644
vn -0.0000 0.3896 -0.9210
vn 0.8910 0.2646 0.3691
vn 0.8509 0.3896 0.3524
vn 0.8910 0.2645 -0.3691
vn -0.9644 0.2646 -0.0000
vn -0.8910 0.2646 0.3690
vn -0.8509 0.3897 0.3524
vn -0.9210 0.3896 -0.0000
vn 0.9644 0.2646 -0.0000
vn 0.9210 0.3896 -0.0000
vn -0.8910 0.2646 -0.3690
vn 0.8502 0.3914 0.3521
vn 0.6507 0.3914 0.6507
vn 0.9202 0.3914 -0.0000
vn -0.9202 0.3914 -0.0000
vn -0.3521 0.3914 0.8502
vn -0.6507 0.3914 0.6507
vn -0.8502 0.3914 0.3521
vn -0.0000 0.3914 -0.9202
vn 0.3521 0.3914 -0.8502
vn 0.3521 0.3914 0.8502
vn -0.0000 0.3914 0.9202
vn -0.3521 0.3914 -0.8502
vn -0.1968 0.8576 -0.4752
vn -0.0000 0.8576 -0.5143
vn 0.1968 0.8576 -0.4752
vn 0.3637 0.8576 -0.3637
vn -0.4752 0.8576 -0.1968
vn 0.4751 0.8576 0.1968
vn -0.4752 0.8576 0.1968
vn -0.5143 0.8576 -0.0000
vn -0.3637 0.8576 0.3637
vn 0.4752 0.8576 -0.1968
vn 0.5143 0.8576 -0.0000
vn 0.1968 0.8576 0.4752
vn 0.3637 0.8576 0.3637
vn -0.0000 0.8576 0.5143
vn -0.1968 0.8576 0.4752
vn -0.3637 0.8576 -0.3637
vn 0.3554 -0.3710 0.8580
vn 0.6566 -0.3710 0.6567
vn 0.6566 0.3710 0.6567
vn 0.3554 0.3710 0.8580
vn -0.0000 1.0000 -0.0000
vn -0.3855 0.9088 0.1597
vn -0.2950 0.9088 0.2950
vn -0.6567 -0.3710 -0.6566
vn -0.8580 -0.3710 -0.3554
vn -0.8580 0.3710 -0.3554
vn -0.6567 0.3710 -0.6566
vn 0.8580 -0.3710 0.3554
vn 0.8580 0.3710 0.3554
vn 0.2950 -0.9088 -0.2950
vn 0.3855 -0.9088 -0.1597
vn 0.6567 -0.3710 -0.6566
vn 0.3554 -0.3710 -0.8580
vn 0.3554 0.3710 -0.8580
vn 0.6567 0.3710 -0.6567
vn -0.9286 -0.3710 -0.0000
vn -0.9286 0.3710 -0.0000
vn -0.1597 -0.9088 0.3855
vn -0.2950 -0.9088 0.2950
vn -0.3554 -0.3710 0.8580
vn -0.0000 -0.3710 0.9286
vn -0.0000 0.3710 0.9286
vn -0.3554 0.3710 0.8580
vn 0.9286 -0.3710 -0.0000
vn 0.9286 0.3710 -0.0000
vn -0.0000 -0.9088 -0.4172
vn 0.1597 -0.9088 -0.3855
vn -0.8580 -0.3710 0.3554
vn -0.8580 0.3710 0.3554
vn -0.0000 -0.3710 -0.9286
vn -0.3554 -0.3710 -0.8580
vn -0.3554 0.3710 -0.8580
vn -0.0000 0.3710 -0.9286
vn 0.8580 -0.3710 -0.3554
vn 0.8580 0.3710 -0.3554
vn -0.1597 0.9088 -0.3855
vn -0.2950 0.9088 -0.2950
vn -0.1597 0.9088 0.3855
vn -0.0000 0.9088 0.4172
vn 0.2950 0.9088 -0.2950
vn 0.1597 0.9088 -0.3855
vn 0.4172 -0.9088 -0.0000
vn -0.3855 -0.9088 0.1597
vn -0.4172 -0.9088 -0.0000
vn 0.3855 -0.9088 0.1597
vn -0.3855 -0.9088 -0.1597
vn 0.2950 -0.9088 0.2950
vn -0.2950 -0.9088 -0.2950
vn 0.1597 -0.9088 0.3855
vn -0.1597 -0.9088 -0.3855
vn -0.0000 -0.9088 0.4172
vn 0.1597 0.9088 0.3855
vn -0.0000 0.9088 -0.4172
vn -0.6566 -0.3710 0.6567
vn -0.6567 0.3710 0.6567
vn 0.4172 0.9088 -0.0000
vn 0.3855 0.9088 -0.1597
vn -0.4172 0.9088 -0.0000
vn 0.3855 0.9088 0.1597
vn -0.3855 0.9088 -0.1597
vn 0.2950 0.9088 0.2950
vn 0.6566 -0.3710 0.6566
vn -0.6567 -0.3710 -0.6567
vn -0.6566 0.3710 -0.6566
vn 0.0001 1.0000 -0.0000
vn 0.4173 0.9088 -0.0000
vn 0.6566 -0.3710 -0.6566
vn 0.6566 0.3710 -0.6567
vn -0.8579 0.3710 -0.3554
vn 0.3854 -0.9088 0.1597
vn -0.0001 -1.0000 -0.0000
vn 0.3854 -0.9088 -0.1597
vn -0.6567 -0.3710 0.6567
vn -0.6566 0.3710 0.6566
vn -0.0000 -0.3891 -0.9212
vn -0.3525 -0.3891 -0.8511
vn -0.6514 -0.3891 -0.6514
vn -0.8511 -0.3891 -0.3525
vn -0.9212 -0.3891 -0.0000
vn -0.8511 -0.3891 0.3525
vn -0.6514 -0.3891 0.6514
vn -0.3525 -0.3890 0.8511
vn -0.0000 -0.3890 0.9212
vn 0.3525 -0.3890 0.8511
vn 0.6514 -0.3891 0.6514
vn 0.8511 -0.3891 0.3525
vn 0.9212 -0.3891 -0.0000
vn 0.8511 -0.3891 -0.3525
vn 0.6514 -0.3891 -0.6514
vn 0.3525 -0.3891 -0.8511
vn -0.0000 0.3787 0.9255
vn -0.2437 0.3788 0.8928
vn -0.2633 -0.0000 0.9647
vn -0.0000 0.7740 0.6332
vn -0.1667 0.7741 0.6107
vn -0.0000 0.9995 0.0306
vn -0.0080 0.9995 0.0294
vn -0.0000 0.7983 -0.6023
vn 0.1587 0.7982 -0.5811
vn 0.2424 0.3914 -0.8877
vn 0.2634 -0.0000 -0.9647
vn -0.0000 -0.3914 -0.9202
vn 0.2424 -0.3914 -0.8877
vn -0.0000 -0.7983 -0.6023
vn 0.1587 -0.7982 -0.5811
vn -0.0000 -0.9995 0.0306
vn -0.0080 -0.9995 0.0294
vn -0.0000 -0.7740 0.6332
vn -0.1667 -0.7741 0.6107
vn -0.0000 -0.3787 0.9255
vn -0.2437 -0.3788 0.8928
vn -0.4667 0.3789 0.7991
vn -0.5043 -0.0000 0.8635
vn -0.3191 0.7744 0.5464
vn -0.0149 0.9996 0.0256
vn 0.3041 0.7978 -0.5206
vn 0.4642 0.3911 -0.7947
vn 0.5044 -0.0000 -0.8635
vn 0.4642 -0.3911 -0.7947
vn 0.3041 -0.7978 -0.5206
vn -0.0149 -0.9996 0.0256
vn -0.3191 -0.7744 0.5464
vn -0.4667 -0.3789 0.7991
vn -0.6544 0.3790 0.6544
vn -0.4473 0.7745 0.4473
vn -0.0207 0.9996 0.0207
vn 0.4265 0.7977 -0.4265
vn 0.6508 0.3910 -0.6508
vn 0.6508 -0.3910 -0.6508
vn 0.4265 -0.7977 -0.4265
vn -0.0207 -0.9996 0.0207
vn -0.4473 -0.7745 0.4473
vn -0.6544 -0.3790 0.6544
vn -0.7991 0.3789 0.4667
vn -0.8635 -0.0000 0.5043
vn -0.5464 0.7744 0.3191
vn -0.0256 0.9996 0.0149
vn 0.5206 0.7978 -0.3041
vn 0.7947 0.3911 -0.4642
vn 0.8635 -0.0000 -0.5044
vn 0.7947 -0.3911 -0.4642
vn 0.5206 -0.7978 -0.3041
vn -0.0256 -0.9996 0.0149
vn -0.5464 -0.7744 0.3191
vn -0.7991 -0.3789 0.4667
vn -0.8928 0.3788 0.2437
vn -0.9647 -0.0000 0.2633
vn -0.6107 0.7741 0.1667
vn -0.0294 0.9995 0.0080
vn 0.5811 0.7982 -0.1587
vn 0.8877 0.3914 -0.2424
vn 0.9647 -0.0000 -0.2634
vn 0.8877 -0.3914 -0.2424
vn 0.5811 -0.7982 -0.1587
vn -0.0294 -0.9995 0.0080
vn -0.6107 -0.7741 0.1667
vn -0.8928 -0.3788 0.2437
vn -0.9255 0.3787 -0.0000
vn -0.6332 0.7740 -0.0000
vn -0.0306 0.9995 -0.0000
vn 0.6023 0.7983 -0.0000
vn 0.9202 -0.3914 -0.0000
vn 0.6023 -0.7983 -0.0000
vn -0.0306 -0.9995 -0.0000
vn -0.6332 -0.7740 -0.0000
vn -0.9255 -0.3787 -0.0000
vn -0.8928 0.3788 -0.2437
vn -0.9647 -0.0000 -0.2633
vn -0.6107 0.7741 -0.1667
vn -0.0294 0.9995 -0.0080
vn 0.5811 0.7982 0.1587
vn 0.8877 0.3914 0.2424
vn 0.9647 -0.0000 0.2634
vn 0.8877 -0.3914 0.2424
vn 0.5811 -0.7982 0.1587
vn -0.0294 -0.9995 -0.0080
vn -0.6107 -0.7741 -0.1667
vn -0.8928 -0.3788 -0.2437
vn -0.7991 0.3789 -0.4667
vn -0.8635 -0.0000 -0.5043
vn -0.5464 0.7744 -0.3191
vn -0.0256 0.9996 -0.0149
vn 0.5206 0.7978 0.3041
vn 0.7947 0.3911 0.4642
vn 0.8635 -0.0000 0.5044
vn 0.7947 -0.3911 0.4642
vn 0.5206 -0.7978 0.3041
vn -0.0256 -0.9996 -0.0149
vn -0.5464 -0.7744 -0.3191
vn -0.7991 -0.3789 -0.4667
vn -0.6544 0.3790 -0.6544
vn -0.4473 0.7745 -0.4473
vn -0.0207 0.9996 -0.0207
vn 0.4265 0.7977 0.4265
vn 0.6508 0.3910 0.6508
vn 0.6508 -0.3911 0.6508
vn 0.4265 -0.7977 0.4265
vn -0.0207 -0.9996 -0.0207
vn -0.4473 -0.7745 -0.4473
vn -0.6544 -0.3790 -0.6544
vn -0.4667 0.3789 -0.7991
vn -0.5043 -0.0000 -0.8635
vn -0.3191 0.7744 -0.5464
vn -0.0149 0.9996 -0.0256
vn 0.3041 0.7978 0.5206
vn 0.4642 0.3911 0.7947
vn 0.5044 -0.0000 0.8635
vn 0.4642 -0.3911 0.7947
vn 0.3041 -0.7978 0.5206
vn -0.0149 -0.9996 -0.0256
vn -0.3191 -0.7744 -0.5464
vn -0.4667 -0.3789 -0.7991
vn -0.2437 0.3788 -0.8928
vn -0.2634 -0.0000 -0.9647
vn -0.1667 0.7741 -0.6107
vn -0.0080 0.9995 -0.0294
vn 0.1587 0.7982 0.5811
vn 0.2424 0.3914 0.8877
vn 0.2634 -0.0000 0.9647
vn 0.2424 -0.3914 0.8877
vn 0.1587 -0.7982 0.5811
vn -0.0080 -0.9995 -0.0294
vn -0.1667 -0.7741 -0.6107
vn -0.2437 -0.3788 -0.8928
vn -0.0000 0.3787 -0.9255
vn -0.0000 0.7740 -0.6332
vn -0.0000 0.9995 -0.0306
vn -0.0000 0.7983 0.6023
vn -0.0000 -0.3914 0.9202
vn -0.0000 -0.7983 0.6023
vn -0.0000 -0.9995 -0.0306
vn -0.0000 -0.7740 -0.6332
vn -0.0000 -0.3787 -0.9255
vn 0.2437 0.3788 -0.8928
vn 0.2633 -0.0000 -0.9647
vn 0.1667 0.7741 -0.6107
vn 0.0080 0.9995 -0.0294
vn -0.1587 0.7982 0.5811
vn -0.2424 0.3914 0.8877
vn -0.2634 -0.0000 0.9647
vn -0.2424 -0.3914 0.8877
vn -0.1587 -0.7982 0.5811
vn 0.0080 -0.9995 -0.0294
vn 0.1667 -0.7741 -0.6107
vn 0.2437 -0.3788 -0.8928
vn 0.4667 0.3789 -0.7991
vn 0.5043 -0.0000 -0.8635
vn 0.3191 0.7744 -0.5464
vn 0.0149 0.9996 -0.0256
vn -0.3041 0.7978 0.5206
vn -0.4642 0.3911 0.7947
vn -0.5044 -0.0000 0.8635
vn -0.4642 -0.3911 0.7947
vn -0.3041 -0.7978 0.5206
vn 0.0149 -0.9996 -0.0256
vn 0.3191 -0.7744 -0.5464
vn 0.4667 -0.3789 -0.7991
vn 0.6544 0.3790 -0.6544
vn 0.4473 0.7745 -0.4473
vn 0.0207 0.9996 -0.0207
vn -0.4265 0.7977 0.4265
vn -0.6508 0.3910 0.6508
vn -0.6508 -0.3910 0.6508
vn -0.4265 -0.7977 0.4265
vn 0.0207 -0.9996 -0.0207
vn 0.4473 -0.7745 -0.4473
vn 0.6544 -0.3790 -0.6544
vn 0.7991 0.3789 -0.4667
vn 0.8635 -0.0000 -0.5043
vn 0.5464 0.7744 -0.3191
vn 0.0256 0.9996 -0.0149
vn -0.5206 0.7978 0.3041
vn -0.7947 0.3911 0.4642
vn -0.8635 -0.0000 0.5044
vn -0.7947 -0.3911 0.4642
vn -0.5206 -0.7978 0.3041
vn 0.0256 -0.9996 -0.0149
vn 0.5464 -0.7744 -0.3191
vn 0.7991 -0.3789 -0.4667
vn 0.8928 0.3788 -0.2437
vn 0.9647 -0.0000 -0.2633
vn 0.6107 0.7741 -0.1667
vn 0.0294 0.9995 -0.0080
vn -0.5811 0.7982 0.1587
vn -0.8877 0.3914 0.2424
vn -0.9647 -0.0000 0.2634
vn -0.8877 -0.3914 0.2424
vn -0.5811 -0.7982 0.1587
vn 0.0294 -0.9995 -0.0080
vn 0.6107 -0.7741 -0.1667
vn 0.8928 -0.3788 -0.2437
vn 0.9255 0.3787 -0.0000
vn 0.6332 0.7740 -0.0000
vn 0.0306 0.9995 -0.0000
vn -0.6023 0.7983 -0.0000
vn -0.9202 -0.3914 -0.0000
vn -0.6023 -0.7983 -0.0000
vn 0.0306 -0.9995 -0.0000
vn 0.6332 -0.7740 -0.0000
vn 0.9255 -0.3787 -0.0000
vn 0.8928 0.3788 0.2437
vn 0.9647 -0.0000 0.2633
vn 0.6107 0.7741 0.1667
vn 0.0294 0.9995 0.0080
vn -0.5811 0.7982 -0.1587
vn -0.8877 0.3914 -0.2424
vn -0.9647 -0.0000 -0.2634
vn -0.8877 -0.3914 -0.2424
vn -0.5811 -0.7982 -0.1587
vn 0.0294 -0.9995 0.0080
vn 0.6107 -0.7741 0.1667
vn 0.8928 -0.3788 0.2437
vn 0.7991 0.3789 0.4667
vn 0.8635 -0.0000 0.5043
vn 0.5464 0.7744 0.3191
vn 0.0256 0.9996 0.0149
vn -0.5206 0.7978 -0.3041
vn -0.7947 0.3911 -0.4642
vn -0.8635 -0.0000 -0.5044
vn -0.7947 -0.3911 -0.4642
vn -0.5206 -0.7978 -0.3041
vn 0.0256 -0.9996 0.0149
vn 0.5464 -0.7744 0.3191
vn 0.7991 -0.3789 0.4667
vn 0.6544 0.3790 0.6544
vn 0.4473 0.7745 0.4473
vn 0.0207 0.9996 0.0207
vn -0.4265 0.7976 -0.4265
vn -0.6508 0.3910 -0.6508
vn -0.6508 -0.3910 -0.6508
vn -0.4265 -0.7977 -0.4265
vn 0.0207 -0.9996 0.0207
vn 0.4473 -0.7745 0.4473
vn 0.6544 -0.3790 0.6544
vn 0.4667 0.3789 0.7991
vn 0.5043 -0.0000 0.8635
vn 0.3191 0.7744 0.5464
vn 0.0149 0.9996 0.0256
vn -0.3041 0.7978 -0.5206
vn -0.4642 0.3911 -0.7947
vn -0.5044 -0.0000 -0.8635
vn -0.4642 -0.3911 -0.7947
vn -0.3041 -0.7978 -0.5206
vn 0.0149 -0.9996 0.0256
vn 0.3191 -0.7744 0.5464
vn 0.4667 -0.3789 0.7991
vn 0.2437 0.3788 0.8928
vn 0.2633 -0.0000 0.9647
vn 0.1667 0.7741 0.6107
vn 0.0080 0.9995 0.0294
vn -0.1587 0.7982 -0.5811
vn -0.2424 0.3914 -0.8877
vn -0.2424 -0.3914 -0.8877
vn -0.1587 -0.7982 -0.5811
vn 0.0080 -0.9995 0.0294
vn 0.1667 -0.7741 0.6107
vn 0.2437 -0.3788 0.8928
vn 0.0823 0.8791 -0.4694
vn 0.4969 0.7126 -0.4952
vn 0.2907 0.4170 -0.8612
vn -0.0909 0.5798 -0.8097
vn 0.1460 0.9893 -0.0000
vn 0.5720 0.8203 -0.0000
vn 0.0823 0.8791 0.4694
vn 0.4969 0.7126 0.4952
vn -0.0909 0.5798 0.8097
vn 0.2907 0.4170 0.8612
vn -0.3252 0.1748 0.9293
vn 0.0064 0.0092 0.9999
vn -0.5566 -0.2252 0.7997
vn -0.2809 -0.4034 0.8708
vn -0.7240 -0.5146 0.4594
vn -0.4932 -0.7084 0.5049
vn -0.7848 -0.6198 -0.0000
vn -0.5713 -0.8207 -0.0000
vn -0.7240 -0.5146 -0.4594
vn -0.4932 -0.7084 -0.5049
vn -0.5566 -0.2252 -0.7997
vn -0.2809 -0.4034 -0.8708
vn -0.3252 0.1748 -0.9293
vn 0.0064 0.0092 -0.9999
vn 0.3498 0.3707 -0.8604
vn 0.0090 0.0095 -0.9999
vn 0.5966 0.6322 -0.4944
vn 0.6863 0.7273 -0.0000
vn 0.5966 0.6322 0.4944
vn 0.3498 0.3707 0.8604
vn 0.0090 0.0095 0.9999
vn -0.3361 -0.3566 0.8717
vn -0.5915 -0.6279 0.5058
vn -0.6856 -0.7279 -0.0000
vn -0.5915 -0.6279 -0.5058
vn -0.3361 -0.3566 -0.8717
vn 0.4069 0.3083 -0.8599
vn 0.0114 0.0086 -0.9999
vn 0.6930 0.5251 -0.4940
vn 0.7971 0.6039 -0.0000
vn 0.6930 0.5251 0.4940
vn 0.4069 0.3083 0.8599
vn 0.0114 0.0086 0.9999
vn -0.3897 -0.2955 0.8722
vn -0.6871 -0.5210 0.5063
vn -0.7968 -0.6042 -0.0000
vn -0.6871 -0.5210 -0.5063
vn -0.3897 -0.2955 -0.8722
vn 0.4539 0.2337 -0.8599
vn 0.0127 0.0065 -0.9999
vn 0.7731 0.3980 -0.4940
vn 0.8891 0.4577 -0.0000
vn 0.7731 0.3980 0.4940
vn 0.4539 0.2337 0.8599
vn 0.0127 0.0066 0.9999
vn -0.4349 -0.2238 0.8722
vn -0.7668 -0.3945 0.5063
vn -0.8893 -0.4574 -0.0000
vn -0.7668 -0.3945 -0.5063
vn -0.4349 -0.2238 -0.8722
vn 0.4864 0.1536 -0.8601
vn 0.0130 0.0041 -0.9999
vn 0.8290 0.2618 -0.4942
vn 0.9536 0.3012 -0.0000
vn 0.8290 0.2618 0.4942
vn 0.4864 0.1536 0.8601
vn 0.0130 0.0041 0.9999
vn -0.4670 -0.1473 0.8719
vn -0.8226 -0.2595 0.5059
vn -0.9537 -0.3008 -0.0000
vn -0.8226 -0.2595 -0.5060
vn -0.4670 -0.1473 -0.8719
vn 0.5051 0.0713 -0.8601
vn 0.0134 0.0019 -0.9999
vn 0.8609 0.1215 -0.4941
vn 0.9902 0.1397 -0.0000
vn 0.8609 0.1215 0.4941
vn 0.5051 0.0713 0.8601
vn 0.0134 0.0019 0.9999
vn -0.4850 -0.0688 0.8718
vn -0.8541 -0.1214 0.5058
vn -0.9900 -0.1409 -0.0000
vn -0.8541 -0.1214 -0.5058
vn -0.4850 -0.0688 -0.8718
vn 0.5109 -0.0175 -0.8595
vn 0.0151 -0.0006 -0.9999
vn 0.8692 -0.0299 -0.4935
vn 0.9994 -0.0345 -0.0000
vn 0.8692 -0.0299 0.4935
vn 0.5109 -0.0175 0.8595
vn 0.0151 -0.0006 0.9999
vn -0.4883 0.0158 0.8725
vn -0.8618 0.0273 0.5066
vn -0.9995 0.0313 -0.0000
vn -0.8618 0.0273 -0.5066
vn -0.4883 0.0158 -0.8725
vn 0.4991 -0.1160 -0.8588
vn 0.0165 -0.0039 -0.9999
vn 0.8474 -0.1971 -0.4929
vn 0.9740 -0.2266 -0.0000
vn 0.8474 -0.1972 0.4929
vn 0.4991 -0.1160 0.8588
vn 0.0165 -0.0039 0.9999
vn -0.4743 0.1098 0.8735
vn -0.8394 0.1940 0.5077
vn -0.9744 0.2250 -0.0000
vn -0.8394 0.1940 -0.5077
vn -0.4743 0.1098 -0.8735
vn 0.4651 -0.2145 -0.8589
vn 0.0153 -0.0070 -0.9999
vn 0.7901 -0.3642 -0.4930
vn 0.9082 -0.4186 -0.0000
vn 0.7901 -0.3642 0.4930
vn 0.4651 -0.2145 0.8589
vn 0.0153 -0.0070 0.9999
vn -0.4419 0.2046 0.8734
vn -0.7816 0.3625 0.5076
vn -0.9071 0.4210 -0.0000
vn -0.7816 0.3625 -0.5076
vn -0.4419 0.2046 -0.8734
vn 0.4154 -0.2970 -0.8598
vn 0.0118 -0.0082 -0.9999
vn 0.7075 -0.5054 -0.4939
vn 0.8138 -0.5811 -0.0000
vn 0.7075 -0.5054 0.4939
vn 0.4154 -0.2970 0.8598
vn 0.0118 -0.0082 0.9999
vn -0.3970 0.2856 0.8723
vn -0.6995 0.5043 0.5063
vn -0.8109 0.5852 -0.0000
vn -0.6995 0.5043 -0.5063
vn -0.3970 0.2856 -0.8723
vn 0.3631 -0.3555 -0.8612
vn 0.0079 -0.0076 -0.9999
vn 0.6210 -0.6075 -0.4953
vn 0.7150 -0.6992 -0.0000
vn 0.6210 -0.6075 0.4953
vn 0.3632 -0.3555 0.8612
vn 0.0079 -0.0076 0.9999
vn -0.3506 0.3449 0.8707
vn -0.6149 0.6059 0.5047
vn -0.7121 0.7021 -0.0000
vn -0.6149 0.6059 -0.5047
vn -0.3506 0.3449 -0.8707
vn 0.3191 -0.3923 -0.8627
vn 0.0049 -0.0059 -1.0000
vn 0.5478 -0.6732 -0.4967
vn 0.6313 -0.7756 -0.0000
vn 0.5478 -0.6732 0.4967
vn 0.3191 -0.3923 0.8627
vn 0.0049 -0.0059 1.0000
vn -0.3114 0.3839 0.8693
vn -0.5440 0.6714 0.5032
vn -0.6294 0.7771 -0.0000
vn -0.5440 0.6714 -0.5032
vn -0.3114 0.3839 -0.8693
vn 0.2874 -0.4135 -0.8639
vn 0.0028 -0.0039 -1.0000
vn 0.4950 -0.7121 -0.4979
vn 0.5709 -0.8210 -0.0000
vn 0.4950 -0.7121 0.4979
vn 0.2874 -0.4135 0.8639
vn 0.0028 -0.0039 1.0000
vn -0.2830 0.4078 0.8681
vn -0.4930 0.7106 0.5020
vn -0.5699 0.8217 -0.0000
vn -0.4930 0.7106 -0.5020
vn -0.2830 0.4078 -0.8681
vn 0.2678 -0.4245 -0.8649
vn 0.0014 -0.0021 -1.0000
vn 0.4625 -0.7330 -0.4989
vn 0.5336 -0.8457 -0.0000
vn 0.4625 -0.7330 0.4989
vn 0.2678 -0.4245 0.8649
vn 0.0014 -0.0021 1.0000
vn -0.2657 0.4214 0.8671
vn -0.4615 0.7321 0.5011
vn -0.5333 0.8459 -0.0000
vn -0.4615 0.7321 -0.5011
vn -0.2657 0.4214 -0.8671
vn 0.2583 -0.4289 -0.8656
vn 0.0005 -0.0007 -1.0000
vn 0.4469 -0.7421 -0.4996
vn 0.5159 -0.8567 -0.0000
vn 0.4469 -0.7421 0.4996
vn 0.2583 -0.4289 0.8656
vn 0.0005 -0.0008 1.0000
vn -0.2576 0.4278 0.8664
vn -0.4466 0.7418 0.5004
vn -0.5158 0.8567 -0.0000
vn -0.4466 0.7418 -0.5004
vn -0.2576 0.4278 -0.8664
vn 0.2563 -0.4291 -0.8662
vn -0.0001 0.0002 -1.0000
vn 0.4440 -0.7434 -0.5001
vn 0.5128 -0.8585 -0.0000
vn 0.4440 -0.7434 0.5001
vn 0.2563 -0.4291 0.8662
vn -0.0001 0.0002 1.0000
vn -0.2565 0.4295 0.8659
vn -0.4441 0.7436 0.4999
vn -0.5128 0.8585 -0.0000
vn -0.4441 0.7436 -0.4999
vn -0.2565 0.4295 -0.8659
vn 0.2596 -0.4263 -0.8665
vn -0.0006 0.0010 -1.0000
vn 0.4503 -0.7395 -0.5005
vn 0.5201 -0.8541 -0.0000
vn 0.4503 -0.7395 0.5005
vn 0.2596 -0.4263 0.8665
vn -0.0006 0.0009 1.0000
vn -0.2605 0.4278 0.8655
vn -0.4506 0.7399 0.4995
vn -0.5201 0.8541 -0.0000
vn -0.4506 0.7399 -0.4995
vn -0.2605 0.4278 -0.8655
vn 0.2668 -0.4213 -0.8668
vn -0.0010 0.0015 -1.0000
vn 0.4631 -0.7313 -0.5008
vn 0.5351 -0.8448 -0.0000
vn 0.4631 -0.7313 0.5008
vn 0.2668 -0.4213 0.8668
vn -0.0010 0.0015 1.0000
vn -0.2683 0.4235 0.8653
vn -0.4636 0.7320 0.4992
vn -0.5351 0.8448 -0.0000
vn -0.4636 0.7320 -0.4992
vn -0.2683 0.4235 -0.8653
vn 0.2772 -0.4140 -0.8671
vn -0.0013 0.0020 -1.0000
vn 0.4815 -0.7191 -0.5010
vn 0.5564 -0.8309 -0.0000
vn 0.4815 -0.7191 0.5010
vn 0.2772 -0.4140 0.8671
vn -0.0013 0.0020 1.0000
vn -0.2792 0.4169 0.8650
vn -0.4822 0.7201 0.4990
vn -0.5564 0.8309 -0.0000
vn -0.4822 0.7201 -0.4990
vn -0.2792 0.4169 -0.8650
vn 0.2906 -0.4040 -0.8674
vn -0.0018 0.0025 -1.0000
vn 0.5051 -0.7025 -0.5013
vn 0.5838 -0.8119 -0.0000
vn 0.5051 -0.7025 0.5013
vn 0.2906 -0.4040 0.8674
vn -0.0018 0.0025 1.0000
vn -0.2933 0.4078 0.8647
vn -0.5061 0.7037 0.4987
vn -0.5839 0.8118 -0.0000
vn -0.5061 0.7037 -0.4987
vn -0.2933 0.4078 -0.8647
vn 0.3074 -0.3905 -0.8678
vn -0.0025 0.0032 -1.0000
vn 0.5350 -0.6797 -0.5018
vn 0.6184 -0.7858 -0.0000
vn 0.5350 -0.6797 0.5018
vn 0.3074 -0.3905 0.8678
vn -0.0025 0.0032 1.0000
vn -0.3112 0.3952 0.8643
vn -0.5364 0.6812 0.4983
vn -0.6186 0.7857 -0.0000
vn -0.5364 0.6812 -0.4983
vn -0.3112 0.3952 -0.8643
vn 0.3283 -0.3718 -0.8683
vn -0.0035 0.0040 -1.0000
vn 0.5723 -0.6482 -0.5023
vn 0.6618 -0.7496 -0.0000
vn 0.5723 -0.6482 0.5023
vn 0.3283 -0.3718 0.8683
vn -0.0035 0.0039 1.0000
vn -0.3337 0.3777 0.8637
vn -0.5743 0.6500 0.4977
vn -0.6622 0.7494 -0.0000
vn -0.5743 0.6500 -0.4977
vn -0.3337 0.3777 -0.8637
vn 0.3538 -0.3460 -0.8690
vn -0.0049 0.0047 -1.0000
vn 0.6179 -0.6043 -0.5029
vn 0.7149 -0.6992 -0.0000
vn 0.6179 -0.6043 0.5029
vn 0.3539 -0.3460 0.8690
vn -0.0049 0.0047 1.0000
vn -0.3613 0.3530 0.8631
vn -0.6207 0.6063 0.4971
vn -0.7154 0.6987 -0.0000
vn -0.6207 0.6063 -0.4971
vn -0.3613 0.3530 -0.8631
vn 0.3835 -0.3107 -0.8697
vn -0.0067 0.0054 -1.0000
vn 0.6711 -0.5440 -0.5037
vn 0.7768 -0.6298 -0.0000
vn 0.6711 -0.5440 0.5037
vn 0.3835 -0.3107 0.8697
vn -0.0067 0.0054 1.0000
vn -0.3936 0.3186 0.8623
vn -0.6749 0.5461 0.4963
vn -0.7774 0.6290 -0.0000
vn -0.6749 0.5461 -0.4963
vn -0.3936 0.3186 -0.8623
vn 0.4153 -0.2642 -0.8705
vn -0.0087 0.0055 -0.9999
vn 0.7284 -0.4635 -0.5045
vn 0.8436 -0.5369 -0.0000
vn 0.7284 -0.4635 0.5045
vn 0.4153 -0.2642 0.8705
vn -0.0087 0.0055 0.9999
vn -0.4285 0.2722 0.8616
vn -0.7332 0.4656 0.4956
vn -0.8442 0.5360 -0.0000
vn -0.7332 0.4656 -0.4956
vn -0.4285 0.2722 -0.8616
vn 0.4457 -0.2066 -0.8710
vn -0.0104 0.0048 -0.9999
vn 0.7830 -0.3631 -0.5051
vn 0.9072 -0.4208 -0.0000
vn 0.7830 -0.3631 0.5051
vn 0.4457 -0.2067 0.8710
vn -0.0104 0.0048 0.9999
vn -0.4613 0.2138 0.8611
vn -0.7883 0.3653 0.4952
vn -0.9073 0.4204 -0.0000
vn -0.7883 0.3653 -0.4952
vn -0.4613 0.2138 -0.8611
vn 0.4700 -0.1436 -0.8709
vn -0.0107 0.0033 -0.9999
vn 0.8255 -0.2520 -0.5050
vn 0.9565 -0.2918 -0.0000
vn 0.8255 -0.2520 0.5050
vn 0.4700 -0.1436 0.8709
vn -0.0106 0.0033 0.9999
vn -0.4859 0.1488 0.8612
vn -0.8306 0.2545 0.4953
vn -0.9561 0.2930 -0.0000
vn -0.8306 0.2545 -0.4953
vn -0.4859 0.1488 -0.8612
vn 0.4858 -0.0859 -0.8698
vn -0.0087 0.0016 -1.0000
vn 0.8506 -0.1501 -0.5038
vn 0.9848 -0.1737 -0.0000
vn 0.8506 -0.1501 0.5038
vn 0.4858 -0.0859 0.8698
vn -0.0086 0.0016 1.0000
vn -0.4987 0.0889 0.8622
vn -0.8547 0.1525 0.4962
vn -0.9844 0.1758 -0.0000
vn -0.8547 0.1525 -0.4962
vn -0.4987 0.0889 -0.8622
vn 0.4940 -0.0438 -0.8684
vn -0.0055 0.0005 -1.0000
vn 0.8613 -0.0762 -0.5023
vn 0.9961 -0.0880 -0.0000
vn 0.8613 -0.0762 0.5023
vn 0.4940 -0.0438 0.8684
vn -0.0055 0.0005 1.0000
vn -0.5021 0.0450 0.8636
vn -0.8639 0.0777 0.4976
vn -0.9960 0.0896 -0.0000
vn -0.8639 0.0777 -0.4976
vn -0.5021 0.0450 -0.8636
vn 0.4975 -0.0190 -0.8672
vn -0.0028 0.0001 -1.0000
vn 0.8647 -0.0330 -0.5012
vn 0.9993 -0.0381 -0.0000
vn 0.8647 -0.0330 0.5012
vn 0.4975 -0.0190 0.8672
vn -0.0028 0.0001 1.0000
vn -0.5018 0.0194 0.8648
vn -0.8661 0.0335 0.4987
vn -0.9993 0.0387 -0.0000
vn -0.8661 0.0335 -0.4987
vn -0.5018 0.0194 -0.8648
vn 0.4990 -0.0067 -0.8666
vn -0.0013 -0.0000 -1.0000
vn 0.8656 -0.0117 -0.5005
vn 0.9999 -0.0135 -0.0000
vn 0.8656 -0.0117 0.5005
vn 0.4990 -0.0068 0.8666
vn -0.0012 -0.0000 1.0000
vn -0.5009 0.0068 0.8655
vn -0.8663 0.0118 0.4994
vn -0.9999 0.0137 -0.0000
vn -0.8663 0.0118 -0.4994
vn -0.5009 0.0068 -0.8655
vn 0.4994 -0.0006 -0.8664
vn -0.0008 -0.0000 -1.0000
vn 0.8658 -0.0010 -0.5003
vn 1.0000 -0.0011 -0.0000
vn 0.8658 -0.0010 0.5003
vn 0.4994 -0.0006 0.8664
vn -0.0008 -0.0000 1.0000
vn -0.5006 0.0006 0.8657
vn -0.8662 0.0010 0.4996
vn -1.0000 0.0011 -0.0000
vn -0.8662 0.0010 -0.4996
vn -0.5006 0.0006 -0.8657
vn 0.4988 0.0065 -0.8667
vn -0.0015 -0.0000 -1.0000
vn 0.8656 0.0112 -0.5006
vn 0.9999 0.0129 -0.0000
vn 0.8656 0.0112 0.5006
vn 0.4988 0.0065 0.8667
vn -0.0015 -0.0000 1.0000
vn -0.5011 -0.0066 0.8654
vn -0.8663 -0.0114 0.4993
vn -0.9999 -0.0132 -0.0000
vn -0.8663 -0.0114 -0.4993
vn -0.5011 -0.0066 -0.8654
vn 0.4969 0.0216 -0.8675
vn -0.0035 -0.0002 -1.0000
vn 0.8644 0.0374 -0.5015
vn 0.9991 0.0431 -0.0000
vn 0.8644 0.0374 0.5015
vn 0.4969 0.0216 0.8675
vn -0.0035 -0.0002 1.0000
vn -0.5022 -0.0221 0.8645
vn -0.8661 -0.0383 0.4984
vn -0.9990 -0.0442 -0.0000
vn -0.8661 -0.0383 -0.4984
vn -0.5022 -0.0221 -0.8645
vn 0.4921 0.0524 -0.8690
vn -0.0068 -0.0008 -1.0000
vn 0.8595 0.0912 -0.5029
vn 0.9944 0.1053 -0.0000
vn 0.8595 0.0912 0.5029
vn 0.4921 0.0524 0.8690
vn -0.0068 -0.0008 1.0000
vn -0.5023 -0.0543 0.8630
vn -0.8627 -0.0935 0.4970
vn -0.9942 -0.1078 -0.0000
vn -0.8627 -0.0935 -0.4970
vn -0.5023 -0.0543 -0.8630
vn 0.4808 0.1039 -0.8707
vn -0.0105 -0.0024 -0.9999
vn 0.8440 0.1817 -0.5047
vn 0.9777 0.2102 -0.0000
vn 0.8440 0.1817 0.5047
vn 0.4808 0.1039 0.8707
vn -0.0105 -0.0024 0.9999
vn -0.4963 -0.1083 0.8614
vn -0.8486 -0.1855 0.4954
vn -0.9769 -0.2137 -0.0000
vn -0.8486 -0.1855 -0.4954
vn -0.4963 -0.1083 -0.8614
vn 0.4580 0.1729 -0.8720
vn -0.0127 -0.0049 -0.9999
vn 0.8070 0.3042 -0.5061
vn 0.9358 0.3525 -0.0000
vn 0.8070 0.3042 0.5061
vn 0.4580 0.1729 0.8720
vn -0.0127 -0.0049 0.9999
vn -0.4768 -0.1810 0.8601
vn -0.8127 -0.3087 0.4942
vn -0.9348 -0.3552 -0.0000
vn -0.8127 -0.3087 -0.4942
vn -0.4768 -0.1810 -0.8601
vn 0.4199 0.2494 -0.8726
vn -0.0129 -0.0077 -0.9999
vn 0.7413 0.4402 -0.5068
vn 0.8599 0.5105 -0.0000
vn 0.7413 0.4401 0.5068
vn 0.4199 0.2494 0.8726
vn -0.0129 -0.0077 0.9999
vn -0.4392 -0.2612 0.8596
vn -0.7475 -0.4445 0.4937
vn -0.8595 -0.5111 -0.0000
vn -0.7475 -0.4445 -0.4937
vn -0.4392 -0.2612 -0.8596
vn 0.3686 0.3211 -0.8724
vn -0.0111 -0.0096 -0.9999
vn 0.6500 0.5666 -0.5065
vn 0.7537 0.6572 -0.0000
vn 0.6499 0.5666 0.5065
vn 0.3686 0.3211 0.8724
vn -0.0111 -0.0096 0.9999
vn -0.3854 -0.3351 0.8597
vn -0.6562 -0.5705 0.4938
vn -0.7547 -0.6561 -0.0000
vn -0.6562 -0.5705 -0.4938
vn -0.3854 -0.3351 -0.8597
vn 0.3107 0.3791 -0.8716
vn -0.0083 -0.0100 -0.9999
vn 0.5466 0.6675 -0.5057
vn 0.6334 0.7738 -0.0000
vn 0.5466 0.6675 0.5057
vn 0.3107 0.3791 0.8716
vn -0.0083 -0.0099 0.9999
vn -0.3236 -0.3936 0.8604
vn -0.5521 -0.6713 0.4945
vn -0.6352 -0.7723 -0.0000
vn -0.5521 -0.6713 -0.4945
vn -0.3236 -0.3937 -0.8604
vn 0.2540 0.4212 -0.8707
vn -0.0056 -0.0092 -0.9999
vn 0.4455 0.7395 -0.5047
vn 0.5159 0.8567 -0.0000
vn 0.4455 0.7395 0.5047
vn 0.2540 0.4212 0.8707
vn -0.0056 -0.0092 0.9999
vn -0.2629 -0.4347 0.8613
vn -0.4496 -0.7433 0.4954
vn -0.5176 -0.8556 -0.0000
vn -0.4496 -0.7433 -0.4954
vn -0.2629 -0.4347 -0.8613
vn 0.2027 0.4498 -0.8698
vn -0.0037 -0.0081 -1.0000
vn 0.3548 0.7876 -0.5038
vn 0.4106 0.9118 -0.0000
vn 0.3548 0.7876 0.5038
vn 0.2027 0.4498 0.8698
vn -0.0037 -0.0081 1.0000
vn -0.2084 -0.4618 0.8621
vn -0.3572 -0.7914 0.4961
vn -0.4114 -0.9114 -0.0000
vn -0.3572 -0.7914 -0.4961
vn -0.2084 -0.4618 -0.8621
vn 0.1536 0.4690 -0.8698
vn -0.0027 -0.0084 -1.0000
vn 0.2691 0.8209 -0.5037
vn 0.3116 0.9502 -0.0000
vn 0.2691 0.8209 0.5037
vn 0.1536 0.4690 0.8698
vn -0.0027 -0.0084 1.0000
vn -0.1574 -0.4816 0.8621
vn -0.2696 -0.8253 0.4961
vn -0.3105 -0.9506 -0.0000
vn -0.2696 -0.8253 -0.4961
vn -0.1574 -0.4816 -0.8622
vn 0.0948 0.4822 -0.8709
vn -0.0021 -0.0113 -0.9999
vn 0.1672 0.8469 -0.5048
vn 0.1941 0.9810 -0.0000
vn 0.1672 0.8469 0.5048
vn 0.0948 0.4822 0.8709
vn -0.0021 -0.0113 0.9999
vn -0.0969 -0.4994 0.8609
vn -0.1652 -0.8531 0.4949
vn -0.1900 -0.9818 -0.0000
vn -0.1652 -0.8531 -0.4949
vn -0.0969 -0.4994 -0.8610
vn 0.0128 0.4875 -0.8730
vn -0.0002 -0.0162 -0.9999
vn 0.0237 0.8616 -0.5071
vn 0.0280 0.9996 -0.0000
vn 0.0237 0.8616 0.5071
vn 0.0128 0.4875 0.8730
vn -0.0002 -0.0162 0.9999
vn -0.0116 -0.5119 0.8590
vn -0.0193 -0.8698 0.4931
vn -0.0220 -0.9998 -0.0000
vn -0.0193 -0.8698 -0.4931
vn -0.0116 -0.5119 -0.8590
vn -0.0939 0.4751 -0.8749
vn 0.0040 -0.0196 -0.9998
vn -0.1663 0.8443 -0.5093
vn -0.1930 0.9812 -0.0000
vn -0.1663 0.8443 0.5093
vn -0.0939 0.4751 0.8749
vn 0.0040 -0.0196 0.9998
vn 0.1005 -0.5045 0.8575
vn 0.1702 -0.8539 0.4918
vn 0.1956 -0.9807 -0.0000
vn 0.1702 -0.8539 -0.4918
vn 0.1005 -0.5045 -0.8575
vn -0.2048 0.4395 -0.8746
vn 0.0081 -0.0176 -0.9998
vn -0.3641 0.7801 -0.5089
vn -0.4232 0.9060 -0.0000
vn -0.3641 0.7801 0.5089
vn -0.2048 0.4395 0.8746
vn 0.0081 -0.0176 0.9998
vn 0.2163 -0.4663 0.8578
vn 0.3662 -0.7898 0.4920
vn 0.4205 -0.9073 -0.0000
vn 0.3662 -0.7898 -0.4920
vn 0.2163 -0.4663 -0.8578
vn -0.2935 0.3911 -0.8723
vn 0.0088 -0.0119 -0.9999
vn -0.5181 0.6894 -0.5063
vn -0.6010 0.7993 -0.0000
vn -0.5181 0.6894 0.5063
vn -0.2935 0.3911 0.8723
vn 0.0088 -0.0119 0.9999
vn 0.3059 -0.4094 0.8595
vn 0.5203 -0.6969 0.4936
vn 0.5981 -0.8014 -0.0000
vn 0.5203 -0.6969 -0.4936
vn 0.3059 -0.4094 -0.8595
vn 0.3860 0.7871 -0.4812
vn 0.2463 0.9293 -0.2753
vn 0.7009 0.7132 -0.0000
vn 0.2463 0.9293 0.2753
vn 0.3860 0.7871 0.4812
vn 0.5807 0.5885 0.5625
vn 0.7802 0.3850 0.4930
vn 0.9291 0.2329 0.2871
vn 0.9843 0.1765 -0.0000
vn 0.9291 0.2329 -0.2871
vn 0.7802 0.3850 -0.4930
vn 0.5807 0.5885 -0.5625
vn -0.0000 0.7132 -0.7009
vn -0.5625 0.5885 -0.5807
vn -0.4812 0.7871 -0.3860
vn -0.2753 0.9293 -0.2463
vn -0.0000 0.9806 -0.1958
vn -0.4694 0.8791 -0.0823
vn -0.4952 0.7126 -0.4969
vn -0.8612 0.4170 -0.2907
vn -0.8097 0.5798 0.0909
vn -0.0000 0.9893 -0.1460
vn -0.0000 0.8203 -0.5720
vn 0.4694 0.8791 -0.0823
vn 0.4952 0.7127 -0.4969
vn 0.8097 0.5798 0.0909
vn 0.8612 0.4170 -0.2907
vn 0.9293 0.1748 0.3252
vn 0.9999 0.0092 -0.0064
vn 0.7997 -0.2252 0.5566
vn 0.8708 -0.4034 0.2809
vn 0.4594 -0.5146 0.7240
vn 0.5049 -0.7084 0.4932
vn -0.0000 -0.6198 0.7848
vn -0.0000 -0.8207 0.5713
vn -0.4594 -0.5146 0.7240
vn -0.5049 -0.7084 0.4932
vn -0.7997 -0.2252 0.5566
vn -0.8708 -0.4034 0.2809
vn -0.9293 0.1748 0.3252
vn -0.9999 0.0092 -0.0064
vn -0.8604 0.3707 -0.3498
vn -0.9999 0.0095 -0.0090
vn -0.4944 0.6322 -0.5966
vn -0.0000 0.7273 -0.6863
vn 0.4944 0.6322 -0.5966
vn 0.8604 0.3707 -0.3498
vn 0.9999 0.0095 -0.0090
vn 0.8717 -0.3566 0.3361
vn 0.5058 -0.6279 0.5915
vn -0.0000 -0.7279 0.6856
vn -0.5058 -0.6279 0.5915
vn -0.8717 -0.3566 0.3361
vn -0.8599 0.3083 -0.4069
vn -0.9999 0.0086 -0.0114
vn -0.4940 0.5251 -0.6930
vn -0.0000 0.6039 -0.7971
vn 0.4940 0.5251 -0.6930
vn 0.8599 0.3083 -0.4069
vn 0.9999 0.0086 -0.0114
vn 0.8722 -0.2955 0.3897
vn 0.5063 -0.5210 0.6871
vn -0.0000 -0.6042 0.7968
vn -0.5063 -0.5210 0.6871
vn -0.8722 -0.2955 0.3897
vn -0.8599 0.2337 -0.4539
vn -0.9999 0.0065 -0.0127
vn -0.4940 0.3980 -0.7731
vn -0.0000 0.4577 -0.8891
vn 0.4939 0.3980 -0.7731
vn 0.8599 0.2337 -0.4539
vn 0.9999 0.0065 -0.0127
vn 0.8722 -0.2238 0.4349
vn 0.5063 -0.3945 0.7668
vn -0.0000 -0.4574 0.8893
vn -0.5063 -0.3945 0.7668
vn -0.8722 -0.2238 0.4349
vn -0.8601 0.1536 -0.4864
vn -0.9999 0.0041 -0.0130
vn -0.4942 0.2618 -0.8290
vn -0.0000 0.3012 -0.9536
vn 0.4942 0.2618 -0.8290
vn 0.8601 0.1536 -0.4865
vn 0.9999 0.0041 -0.0130
vn 0.8719 -0.1473 0.4670
vn 0.5060 -0.2595 0.8226
vn -0.0000 -0.3008 0.9537
vn -0.5060 -0.2595 0.8226
vn -0.8719 -0.1473 0.4670
vn -0.8601 0.0713 -0.5051
vn -0.9999 0.0019 -0.0134
vn -0.4941 0.1215 -0.8609
vn -0.0000 0.1397 -0.9902
vn 0.4941 0.1215 -0.8609
vn 0.8601 0.0713 -0.5051
vn 0.9999 0.0019 -0.0134
vn 0.8718 -0.0688 0.4850
vn 0.5058 -0.1214 0.8541
vn -0.0000 -0.1409 0.9900
vn -0.5058 -0.1214 0.8541
vn -0.8718 -0.0688 0.4850
vn -0.8595 -0.0175 -0.5109
vn -0.9999 -0.0006 -0.0151
vn -0.4935 -0.0299 -0.8692
vn -0.0000 -0.0345 -0.9994
vn 0.4935 -0.0299 -0.8692
vn 0.8595 -0.0175 -0.5109
vn 0.9999 -0.0006 -0.0151
vn 0.8725 0.0158 0.4883
vn 0.5066 0.0273 0.8618
vn -0.0000 0.0313 0.9995
vn -0.5066 0.0273 0.8618
vn -0.8725 0.0158 0.4883
vn -0.8588 -0.1160 -0.4991
vn -0.9999 -0.0039 -0.0165
vn -0.4929 -0.1971 -0.8474
vn -0.0000 -0.2266 -0.9740
vn 0.4929 -0.1972 -0.8474
vn 0.8588 -0.1160 -0.4991
vn 0.9999 -0.0039 -0.0165
vn 0.8735 0.1098 0.4743
vn 0.5077 0.1940 0.8394
vn -0.0000 0.2250 0.9744
vn -0.5077 0.1940 0.8394
vn -0.8735 0.1098 0.4743
vn -0.8589 -0.2145 -0.4651
vn -0.9999 -0.0070 -0.0153
vn -0.4930 -0.3642 -0.7901
vn -0.0000 -0.4186 -0.9082
vn 0.4930 -0.3642 -0.7901
vn 0.8589 -0.2145 -0.4651
vn 0.9999 -0.0070 -0.0153
vn 0.8734 0.2046 0.4419
vn 0.5076 0.3625 0.7816
vn -0.0000 0.4210 0.9071
vn -0.5076 0.3625 0.7816
vn -0.8734 0.2046 0.4419
vn -0.8598 -0.2970 -0.4154
vn -0.9999 -0.0082 -0.0118
vn -0.4939 -0.5054 -0.7075
vn -0.0000 -0.5811 -0.8138
vn 0.4939 -0.5054 -0.7075
vn 0.8598 -0.2970 -0.4154
vn 0.9999 -0.0082 -0.0118
vn 0.8723 0.2856 0.3970
vn 0.5063 0.5043 0.6995
vn -0.0000 0.5852 0.8109
vn -0.5063 0.5043 0.6995
vn -0.8723 0.2856 0.3970
vn -0.8612 -0.3555 -0.3632
vn -0.9999 -0.0076 -0.0079
vn -0.4953 -0.6075 -0.6210
vn -0.0000 -0.6992 -0.7150
vn 0.4953 -0.6075 -0.6210
vn 0.8612 -0.3555 -0.3632
vn 0.9999 -0.0076 -0.0079
vn 0.8707 0.3449 0.3506
vn 0.5047 0.6059 0.6149
vn -0.0000 0.7021 0.7121
vn -0.5047 0.6059 0.6149
vn -0.8707 0.3449 0.3506
vn -0.8627 -0.3923 -0.3191
vn -1.0000 -0.0059 -0.0049
vn -0.4967 -0.6732 -0.5478
vn -0.0000 -0.7756 -0.6313
vn 0.4967 -0.6732 -0.5478
vn 0.8627 -0.3923 -0.3191
vn 1.0000 -0.0059 -0.0049
vn 0.8693 0.3839 0.3114
vn 0.5032 0.6714 0.5440
vn -0.0000 0.7771 0.6294
vn -0.5032 0.6714 0.5440
vn -0.8693 0.3839 0.3114
vn -0.8639 -0.4135 -0.2874
vn -1.0000 -0.0039 -0.0028
vn -0.4979 -0.7121 -0.4950
vn -0.0000 -0.8210 -0.5709
vn 0.4979 -0.7121 -0.4950
vn 0.8639 -0.4135 -0.2874
vn 1.0000 -0.0039 -0.0028
vn 0.8681 0.4078 0.2831
vn 0.5020 0.7106 0.4930
vn -0.0000 0.8217 0.5699
vn -0.5020 0.7106 0.4930
vn -0.8681 0.4079 0.2831
vn -0.8649 -0.4245 -0.2678
vn -1.0000 -0.0021 -0.0014
vn -0.4989 -0.7330 -0.4625
vn -0.0000 -0.8457 -0.5336
vn 0.4989 -0.7330 -0.4625
vn 0.8649 -0.4245 -0.2678
vn 1.0000 -0.0021 -0.0014
vn 0.8671 0.4214 0.2657
vn 0.5011 0.7321 0.4615
vn -0.0000 0.8459 0.5333
vn -0.5011 0.7321 0.4615
vn -0.8671 0.4214 0.2657
vn -0.8656 -0.4289 -0.2583
vn -1.0000 -0.0007 -0.0005
vn -0.4996 -0.7421 -0.4469
vn -0.0000 -0.8567 -0.5159
vn 0.4996 -0.7421 -0.4469
vn 0.8656 -0.4289 -0.2583
vn 1.0000 -0.0007 -0.0005
vn 0.8664 0.4278 0.2576
vn 0.5004 0.7418 0.4466
vn -0.0000 0.8567 0.5158
vn -0.5004 0.7418 0.4466
vn -0.8664 0.4278 0.2576
vn -0.8662 -0.4291 -0.2563
vn -1.0000 0.0002 0.0001
vn -0.5001 -0.7434 -0.4440
vn -0.0000 -0.8585 -0.5128
vn 0.5001 -0.7434 -0.4440
vn 0.8661 -0.4291 -0.2563
vn 1.0000 0.0002 0.0001
vn 0.8659 0.4295 0.2565
vn 0.4999 0.7436 0.4441
vn -0.0000 0.8585 0.5128
vn -0.4999 0.7436 0.4441
vn -0.8659 0.4295 0.2565
vn -0.8665 -0.4263 -0.2596
vn -1.0000 0.0010 0.0006
vn -0.5005 -0.7395 -0.4502
vn -0.0000 -0.8541 -0.5201
vn 0.5005 -0.7395 -0.4503
vn 0.8665 -0.4263 -0.2596
vn 1.0000 0.0010 0.0006
vn 0.8655 0.4278 0.2605
vn 0.4995 0.7399 0.4506
vn -0.0000 0.8541 0.5201
vn -0.4995 0.7399 0.4506
vn -0.8655 0.4278 0.2605
vn -0.8668 -0.4213 -0.2668
vn -1.0000 0.0015 0.0010
vn -0.5008 -0.7313 -0.4631
vn -0.0000 -0.8448 -0.5351
vn 0.5008 -0.7313 -0.4631
vn 0.8668 -0.4213 -0.2668
vn 1.0000 0.0015 0.0010
vn 0.8653 0.4235 0.2683
vn 0.4992 0.7320 0.4636
vn -0.0000 0.8448 0.5351
vn -0.4992 0.7320 0.4636
vn -0.8653 0.4235 0.2683
vn -0.8671 -0.4140 -0.2772
vn -1.0000 0.0020 0.0013
vn -0.5011 -0.7191 -0.4815
vn -0.0000 -0.8309 -0.5564
vn 0.5010 -0.7191 -0.4815
vn 0.8671 -0.4140 -0.2772
vn 1.0000 0.0020 0.0013
vn 0.8650 0.4169 0.2792
vn 0.4990 0.7201 0.4822
vn -0.0000 0.8309 0.5564
vn -0.4990 0.7201 0.4822
vn -0.8650 0.4169 0.2792
vn -0.8674 -0.4040 -0.2906
vn -1.0000 0.0025 0.0018
vn -0.5014 -0.7025 -0.5051
vn -0.0000 -0.8119 -0.5838
vn 0.5014 -0.7025 -0.5051
vn 0.8674 -0.4040 -0.2906
vn 1.0000 0.0025 0.0018
vn 0.8647 0.4078 0.2933
vn 0.4987 0.7037 0.5061
vn -0.0000 0.8118 0.5839
vn -0.4987 0.7037 0.5061
vn -0.8647 0.4078 0.2933
vn -0.8678 -0.3905 -0.3074
vn -1.0000 0.0032 0.0025
vn -0.5018 -0.6797 -0.5350
vn -0.0000 -0.7858 -0.6184
vn 0.5018 -0.6797 -0.5350
vn 0.8678 -0.3905 -0.3074
vn 1.0000 0.0032 0.0025
vn 0.8643 0.3952 0.3112
vn 0.4982 0.6812 0.5364
vn -0.0000 0.7857 0.6186
vn -0.4982 0.6812 0.5364
vn -0.8643 0.3952 0.3112
vn -0.8683 -0.3718 -0.3283
vn -1.0000 0.0040 0.0035
vn -0.5023 -0.6482 -0.5723
vn -0.0000 -0.7496 -0.6618
vn 0.5023 -0.6482 -0.5723
vn 0.8683 -0.3718 -0.3283
vn 1.0000 0.0039 0.0035
vn 0.8637 0.3777 0.3337
vn 0.4977 0.6500 0.5743
vn -0.0000 0.7494 0.6622
vn -0.4977 0.6500 0.5743
vn -0.8637 0.3777 0.3337
vn -0.8690 -0.3460 -0.3538
vn -1.0000 0.0047 0.0049
vn -0.5029 -0.6043 -0.6179
vn -0.0000 -0.6992 -0.7149
vn 0.5029 -0.6043 -0.6179
vn 0.8690 -0.3460 -0.3539
vn 1.0000 0.0047 0.0049
vn 0.8631 0.3530 0.3613
vn 0.4971 0.6063 0.6207
vn -0.0000 0.6987 0.7154
vn -0.4971 0.6063 0.6207
vn -0.8631 0.3530 0.3613
vn -0.8697 -0.3107 -0.3835
vn -1.0000 0.0054 0.0067
vn -0.5037 -0.5440 -0.6711
vn -0.0000 -0.6298 -0.7768
vn 0.5037 -0.5440 -0.6711
vn 0.8697 -0.3107 -0.3835
vn 1.0000 0.0054 0.0067
vn 0.8623 0.3186 0.3936
vn 0.4963 0.5461 0.6749
vn -0.0000 0.6290 0.7774
vn -0.4963 0.5461 0.6749
vn -0.8623 0.3186 0.3936
vn -0.8705 -0.2642 -0.4153
vn -0.9999 0.0055 0.0087
vn -0.5045 -0.4635 -0.7284
vn -0.0000 -0.5369 -0.8436
vn 0.5045 -0.4635 -0.7284
vn 0.8705 -0.2642 -0.4153
vn 0.9999 0.0055 0.0087
vn 0.8616 0.2722 0.4285
vn 0.4956 0.4656 0.7332
vn -0.0000 0.5360 0.8442
vn -0.4956 0.4656 0.7332
vn -0.8616 0.2722 0.4285
vn -0.8710 -0.2067 -0.4457
vn -0.9999 0.0048 0.0104
vn -0.5051 -0.3631 -0.7830
vn -0.0000 -0.4208 -0.9072
vn 0.5051 -0.3631 -0.7830
vn 0.8710 -0.2067 -0.4457
vn 0.9999 0.0048 0.0104
vn 0.8611 0.2138 0.4613
vn 0.4952 0.3653 0.7883
vn -0.0000 0.4205 0.9073
vn -0.4952 0.3653 0.7883
vn -0.8611 0.2138 0.4613
vn -0.8709 -0.1436 -0.4700
vn -0.9999 0.0033 0.0107
vn -0.5050 -0.2520 -0.8255
vn -0.0000 -0.2918 -0.9565
vn 0.5050 -0.2520 -0.8255
vn 0.8709 -0.1436 -0.4700
vn 0.9999 0.0033 0.0106
vn 0.8612 0.1488 0.4859
vn 0.4953 0.2545 0.8306
vn -0.0000 0.2930 0.9561
vn -0.4953 0.2545 0.8306
vn -0.8612 0.1488 0.4859
vn -0.8698 -0.0859 -0.4858
vn -1.0000 0.0016 0.0086
vn -0.5038 -0.1501 -0.8506
vn -0.0000 -0.1737 -0.9848
vn 0.5038 -0.1501 -0.8506
vn 0.8698 -0.0859 -0.4858
vn 1.0000 0.0016 0.0086
vn 0.8622 0.0889 0.4987
vn 0.4962 0.1525 0.8547
vn -0.0000 0.1758 0.9844
vn -0.4962 0.1525 0.8547
vn -0.8622 0.0889 0.4987
vn -0.8684 -0.0438 -0.4940
vn -1.0000 0.0005 0.0055
vn -0.5023 -0.0762 -0.8613
vn -0.0000 -0.0880 -0.9961
vn 0.5023 -0.0762 -0.8613
vn 0.8684 -0.0438 -0.4940
vn 1.0000 0.0005 0.0055
vn 0.8636 0.0450 0.5021
vn 0.4976 0.0777 0.8639
vn -0.0000 0.0896 0.9960
vn -0.4976 0.0777 0.8639
vn -0.8636 0.0450 0.5021
vn -0.8672 -0.0190 -0.4975
vn -1.0000 0.0001 0.0028
vn -0.5012 -0.0330 -0.8647
vn -0.0000 -0.0381 -0.9993
vn 0.5012 -0.0330 -0.8647
vn 0.8672 -0.0190 -0.4975
vn 1.0000 0.0001 0.0028
vn 0.8648 0.0194 0.5018
vn 0.4987 0.0335 0.8661
vn -0.0000 0.0387 0.9993
vn -0.4987 0.0335 0.8661
vn -0.8648 0.0194 0.5018
vn -0.8666 -0.0068 -0.4990
vn -1.0000 -0.0000 0.0013
vn -0.5005 -0.0117 -0.8656
vn -0.0000 -0.0135 -0.9999
vn 0.5005 -0.0117 -0.8656
vn 0.8666 -0.0068 -0.4990
vn 1.0000 -0.0000 0.0012
vn 0.8655 0.0068 0.5009
vn 0.4994 0.0118 0.8663
vn -0.0000 0.0137 0.9999
vn -0.4994 0.0118 0.8663
vn -0.8655 0.0068 0.5009
vn -0.8664 -0.0006 -0.4994
vn -1.0000 -0.0000 0.0008
vn -0.5003 -0.0010 -0.8658
vn -0.0000 -0.0011 -1.0000
vn 0.5003 -0.0010 -0.8658
vn 0.8664 -0.0006 -0.4994
vn 1.0000 -0.0000 0.0008
vn 0.8657 0.0006 0.5006
vn 0.4996 0.0010 0.8662
vn -0.0000 0.0011 1.0000
vn -0.4996 0.0010 0.8662
vn -0.8657 0.0006 0.5006
vn -0.8667 0.0065 -0.4988
vn -1.0000 -0.0000 0.0015
vn -0.5006 0.0112 -0.8656
vn -0.0000 0.0129 -0.9999
vn 0.5006 0.0112 -0.8656
vn 0.8667 0.0065 -0.4988
vn 1.0000 -0.0000 0.0015
vn 0.8654 -0.0066 0.5011
vn 0.4993 -0.0114 0.8663
vn -0.0000 -0.0132 0.9999
vn -0.4993 -0.0114 0.8663
vn -0.8654 -0.0066 0.5011
vn -0.8675 0.0216 -0.4969
vn -1.0000 -0.0002 0.0035
vn -0.5015 0.0374 -0.8644
vn -0.0000 0.0431 -0.9991
vn 0.5015 0.0374 -0.8644
vn 0.8675 0.0216 -0.4969
vn 1.0000 -0.0002 0.0035
vn 0.8645 -0.0221 0.5022
vn 0.4984 -0.0383 0.8661
vn -0.0000 -0.0442 0.9990
vn -0.4984 -0.0383 0.8661
vn -0.8645 -0.0221 0.5022
vn -0.8690 0.0524 -0.4921
vn -1.0000 -0.0008 0.0068
vn -0.5029 0.0912 -0.8595
vn -0.0000 0.1053 -0.9944
vn 0.5029 0.0912 -0.8595
vn 0.8690 0.0524 -0.4921
vn 1.0000 -0.0008 0.0068
vn 0.8630 -0.0543 0.5023
vn 0.4970 -0.0935 0.8627
vn -0.0000 -0.1078 0.9942
vn -0.4970 -0.0935 0.8627
vn -0.8630 -0.0543 0.5023
vn -0.8707 0.1039 -0.4808
vn -0.9999 -0.0024 0.0105
vn -0.5047 0.1817 -0.8440
vn -0.0000 0.2102 -0.9777
vn 0.5047 0.1817 -0.8440
vn 0.8707 0.1039 -0.4808
vn 0.9999 -0.0024 0.0105
vn 0.8614 -0.1083 0.4963
vn 0.4954 -0.1855 0.8486
vn -0.0000 -0.2137 0.9769
vn -0.4954 -0.1855 0.8486
vn -0.8614 -0.1083 0.4963
vn -0.8720 0.1729 -0.4580
vn -0.9999 -0.0049 0.0127
vn -0.5061 0.3042 -0.8070
vn -0.0000 0.3525 -0.9358
vn 0.5061 0.3042 -0.8070
vn 0.8720 0.1729 -0.4580
vn 0.9999 -0.0049 0.0127
vn 0.8601 -0.1810 0.4768
vn 0.4942 -0.3087 0.8127
vn -0.0000 -0.3552 0.9348
vn -0.4942 -0.3087 0.8127
vn -0.8601 -0.1810 0.4768
vn -0.8726 0.2494 -0.4199
vn -0.9999 -0.0077 0.0129
vn -0.5068 0.4402 -0.7413
vn -0.0000 0.5105 -0.8599
vn 0.5068 0.4401 -0.7412
vn 0.8726 0.2494 -0.4199
vn 0.9999 -0.0077 0.0129
vn 0.8596 -0.2611 0.4392
vn 0.4937 -0.4445 0.7475
vn -0.0000 -0.5111 0.8595
vn -0.4937 -0.4445 0.7475
vn -0.8596 -0.2611 0.4392
vn -0.8724 0.3211 -0.3686
vn -0.9999 -0.0096 0.0111
vn -0.5065 0.5666 -0.6500
vn -0.0000 0.6572 -0.7537
vn 0.5065 0.5666 -0.6500
vn 0.8724 0.3211 -0.3686
vn 0.9999 -0.0096 0.0111
vn 0.8597 -0.3351 0.3854
vn 0.4938 -0.5705 0.6562
vn -0.0000 -0.6561 0.7547
vn -0.4938 -0.5705 0.6562
vn -0.8597 -0.3351 0.3854
vn -0.8716 0.3791 -0.3107
vn -0.9999 -0.0100 0.0083
vn -0.5057 0.6675 -0.5466
vn -0.0000 0.7738 -0.6334
vn 0.5057 0.6675 -0.5466
vn 0.8716 0.3791 -0.3107
vn 0.9999 -0.0099 0.0083
vn 0.8604 -0.3936 0.3236
vn 0.4945 -0.6713 0.5521
vn -0.0000 -0.7723 0.6352
vn -0.4945 -0.6713 0.5521
vn -0.8604 -0.3937 0.3236
vn -0.8707 0.4212 -0.2540
vn -0.9999 -0.0092 0.0056
vn -0.5047 0.7395 -0.4455
vn -0.0000 0.8567 -0.5159
vn 0.5047 0.7395 -0.4455
vn 0.8707 0.4212 -0.2540
vn 0.9999 -0.0092 0.0056
vn 0.8613 -0.4347 0.2629
vn 0.4953 -0.7433 0.4496
vn -0.0000 -0.8556 0.5176
vn -0.4954 -0.7433 0.4496
vn -0.8613 -0.4347 0.2629
vn -0.8698 0.4498 -0.2027
vn -1.0000 -0.0081 0.0037
vn -0.5038 0.7876 -0.3548
vn -0.0000 0.9118 -0.4106
vn 0.5038 0.7876 -0.3548
vn 0.8698 0.4498 -0.2027
vn 1.0000 -0.0081 0.0037
vn 0.8621 -0.4618 0.2084
vn 0.4961 -0.7914 0.3572
vn -0.0000 -0.9114 0.4114
vn -0.4961 -0.7914 0.3572
vn -0.8621 -0.4618 0.2084
vn -0.8698 0.4690 -0.1536
vn -1.0000 -0.0084 0.0027
vn -0.5037 0.8209 -0.2691
vn -0.0000 0.9502 -0.3116
vn 0.5037 0.8209 -0.2691
vn 0.8698 0.4690 -0.1536
vn 1.0000 -0.0084 0.0027
vn 0.8621 -0.4816 0.1574
vn 0.4961 -0.8253 0.2696
vn -0.0000 -0.9506 0.3105
vn -0.4961 -0.8253 0.2696
vn -0.8622 -0.4816 0.1574
vn -0.8709 0.4822 -0.0948
vn -0.9999 -0.0113 0.0021
vn -0.5048 0.8469 -0.1672
vn -0.0000 0.9810 -0.1941
vn 0.5048 0.8469 -0.1672
vn 0.8709 0.4822 -0.0948
vn 0.9999 -0.0113 0.0021
vn 0.8609 -0.4994 0.0969
vn 0.4949 -0.8531 0.1652
vn -0.0000 -0.9818 0.1900
vn -0.4949 -0.8531 0.1652
vn -0.8610 -0.4994 0.0969
vn -0.8730 0.4875 -0.0128
vn -0.9999 -0.0162 0.0002
vn -0.5071 0.8616 -0.0237
vn -0.0000 0.9996 -0.0280
vn 0.5071 0.8616 -0.0237
vn 0.8730 0.4875 -0.0128
vn 0.9999 -0.0162 0.0002
vn 0.8590 -0.5119 0.0116
vn 0.4931 -0.8698 0.0193
vn -0.0000 -0.9998 0.0220
vn -0.4931 -0.8698 0.0193
vn -0.8590 -0.5119 0.0116
vn -0.8749 0.4751 0.0939
vn -0.9998 -0.0196 -0.0040
vn -0.5093 0.8443 0.1663
vn -0.0000 0.9812 0.1930
vn 0.5093 0.8443 0.1663
vn 0.8749 0.4751 0.0939
vn 0.9998 -0.0196 -0.0040
vn 0.8575 -0.5045 -0.1005
vn 0.4918 -0.8539 -0.1702
vn -0.0000 -0.9807 -0.1956
vn -0.4918 -0.8539 -0.1702
vn -0.8575 -0.5045 -0.1005
vn -0.8746 0.4395 0.2048
vn -0.9998 -0.0176 -0.0081
vn -0.5089 0.7801 0.3641
vn -0.0000 0.9060 0.4232
vn 0.5089 0.7801 0.3641
vn 0.8746 0.4395 0.2048
vn 0.9998 -0.0176 -0.0081
vn 0.8578 -0.4663 -0.2163
vn 0.4920 -0.7898 -0.3662
vn -0.0000 -0.9073 -0.4205
vn -0.4920 -0.7898 -0.3662
vn -0.8578 -0.4663 -0.2163
vn -0.8723 0.3911 0.2935
vn -0.9999 -0.0119 -0.0088
vn -0.5063 0.6894 0.5181
vn -0.0000 0.7993 0.6010
vn 0.5063 0.6894 0.5181
vn 0.8723 0.3911 0.2935
vn 0.9999 -0.0119 -0.0088
vn 0.8595 -0.4094 -0.3059
vn 0.4936 -0.6969 -0.5203
vn -0.0000 -0.8014 -0.5981
vn -0.4936 -0.6969 -0.5203
vn -0.8595 -0.4094 -0.3059
vn 0.2753 0.9293 -0.2463
vn 0.4812 0.7871 -0.3860
vn 0.5625 0.5885 -0.5807
vn 0.4930 0.3850 -0.7802
vn 0.2872 0.2329 -0.9291
vn -0.0000 0.1765 -0.9843
vn -0.2872 0.2329 -0.9291
vn -0.4930 0.3850 -0.7802
vn -0.3860 0.7871 0.4812
vn -0.2463 0.9293 0.2753
vn -0.7009 0.7132 -0.0000
vn -0.5807 0.5885 0.5625
vn -0.0823 0.8791 0.4694
vn -0.4969 0.7126 0.4952
vn -0.2907 0.4170 0.8612
vn 0.0909 0.5798 0.8097
vn -0.1460 0.9893 -0.0000
vn -0.5720 0.8203 -0.0000
vn -0.0823 0.8791 -0.4694
vn -0.4969 0.7126 -0.4952
vn 0.0909 0.5798 -0.8097
vn -0.2907 0.4170 -0.8612
vn 0.3252 0.1748 -0.9293
vn -0.0064 0.0092 -0.9999
vn 0.5566 -0.2252 -0.7997
vn 0.2809 -0.4034 -0.8708
vn 0.7240 -0.5146 -0.4594
vn 0.4932 -0.7084 -0.5049
vn 0.7848 -0.6198 -0.0000
vn 0.5713 -0.8207 -0.0000
vn 0.7240 -0.5146 0.4594
vn 0.4932 -0.7084 0.5049
vn 0.5566 -0.2252 0.7997
vn 0.2809 -0.4034 0.8708
vn 0.3252 0.1748 0.9293
vn -0.0064 0.0092 0.9999
vn -0.3498 0.3707 0.8604
vn -0.0090 0.0095 0.9999
vn -0.5966 0.6322 0.4944
vn -0.6863 0.7273 -0.0000
vn -0.5966 0.6322 -0.4944
vn -0.3498 0.3707 -0.8604
vn -0.0090 0.0095 -0.9999
vn 0.3361 -0.3566 -0.8717
vn 0.5915 -0.6279 -0.5058
vn 0.6856 -0.7279 -0.0000
vn 0.5915 -0.6279 0.5058
vn 0.3361 -0.3566 0.8717
vn -0.4069 0.3083 0.8599
vn -0.0114 0.0086 0.9999
vn -0.6930 0.5251 0.4940
vn -0.7971 0.6039 -0.0000
vn -0.6930 0.5251 -0.4940
vn -0.4069 0.3083 -0.8599
vn -0.0114 0.0086 -0.9999
vn 0.3897 -0.2955 -0.8722
vn 0.6871 -0.5210 -0.5063
vn 0.7968 -0.6042 -0.0000
vn 0.6871 -0.5210 0.5063
vn 0.3897 -0.2955 0.8722
vn -0.4539 0.2337 0.8599
vn -0.0127 0.0065 0.9999
vn -0.7731 0.3980 0.4940
vn -0.8891 0.4577 -0.0000
vn -0.7731 0.3980 -0.4940
vn -0.4539 0.2337 -0.8599
vn -0.0127 0.0065 -0.9999
vn 0.4349 -0.2238 -0.8722
vn 0.7668 -0.3945 -0.5063
vn 0.8893 -0.4574 -0.0000
vn 0.7668 -0.3945 0.5063
vn 0.4349 -0.2238 0.8722
vn -0.4865 0.1536 0.8601
vn -0.0130 0.0041 0.9999
vn -0.8290 0.2618 0.4942
vn -0.9536 0.3012 -0.0000
vn -0.8290 0.2618 -0.4942
vn -0.4864 0.1536 -0.8601
vn -0.0130 0.0041 -0.9999
vn 0.4670 -0.1473 -0.8719
vn 0.8226 -0.2594 -0.5060
vn 0.9537 -0.3008 -0.0000
vn 0.8226 -0.2595 0.5060
vn 0.4670 -0.1473 0.8719
vn -0.5051 0.0713 0.8601
vn -0.0134 0.0019 0.9999
vn -0.8609 0.1215 0.4941
vn -0.9902 0.1397 -0.0000
vn -0.8609 0.1215 -0.4941
vn -0.5051 0.0713 -0.8601
vn -0.0134 0.0019 -0.9999
vn 0.4850 -0.0688 -0.8718
vn 0.8541 -0.1214 -0.5058
vn 0.9900 -0.1409 -0.0000
vn 0.8541 -0.1214 0.5058
vn 0.4850 -0.0688 0.8718
vn -0.5109 -0.0175 0.8595
vn -0.0151 -0.0006 0.9999
vn -0.8692 -0.0299 0.4935
vn -0.9994 -0.0345 -0.0000
vn -0.8692 -0.0299 -0.4935
vn -0.5109 -0.0175 -0.8595
vn -0.0151 -0.0006 -0.9999
vn 0.4883 0.0158 -0.8725
vn 0.8618 0.0273 -0.5066
vn 0.9995 0.0313 -0.0000
vn 0.8618 0.0273 0.5066
vn 0.4883 0.0158 0.8725
vn -0.4991 -0.1160 0.8588
vn -0.0165 -0.0039 0.9999
vn -0.8474 -0.1971 0.4929
vn -0.9740 -0.2266 -0.0000
vn -0.8474 -0.1971 -0.4929
vn -0.4991 -0.1160 -0.8588
vn -0.0165 -0.0039 -0.9999
vn 0.4743 0.1098 -0.8735
vn 0.8394 0.1940 -0.5077
vn 0.9744 0.2250 -0.0000
vn 0.8394 0.1940 0.5077
vn 0.4743 0.1098 0.8735
vn -0.4651 -0.2145 0.8589
vn -0.0153 -0.0070 0.9999
vn -0.7901 -0.3642 0.4930
vn -0.9082 -0.4186 -0.0000
vn -0.7901 -0.3642 -0.4930
vn -0.4651 -0.2145 -0.8589
vn -0.0153 -0.0070 -0.9999
vn 0.4419 0.2046 -0.8734
vn 0.7816 0.3625 -0.5076
vn 0.9071 0.4210 -0.0000
vn 0.7816 0.3625 0.5076
vn 0.4419 0.2046 0.8734
vn -0.4154 -0.2970 0.8598
vn -0.0118 -0.0082 0.9999
vn -0.7075 -0.5054 0.4939
vn -0.8138 -0.5811 -0.0000
vn -0.7075 -0.5054 -0.4939
vn -0.4154 -0.2970 -0.8598
vn -0.0118 -0.0082 -0.9999
vn 0.3970 0.2856 -0.8723
vn 0.6995 0.5043 -0.5063
vn 0.8109 0.5852 -0.0000
vn 0.6995 0.5043 0.5063
vn 0.3970 0.2856 0.8723
vn -0.3632 -0.3555 0.8612
vn -0.0079 -0.0076 0.9999
vn -0.6210 -0.6075 0.4953
vn -0.7150 -0.6992 -0.0000
vn -0.6210 -0.6075 -0.4953
vn -0.3632 -0.3555 -0.8612
vn -0.0079 -0.0076 -0.9999
vn 0.3506 0.3449 -0.8707
vn 0.6149 0.6059 -0.5047
vn 0.7121 0.7021 -0.0000
vn 0.6149 0.6059 0.5047
vn 0.3506 0.3449 0.8707
vn -0.3191 -0.3923 0.8627
vn -0.0049 -0.0059 1.0000
vn -0.5478 -0.6732 0.4967
vn -0.6313 -0.7756 -0.0000
vn -0.5478 -0.6732 -0.4967
vn -0.3191 -0.3923 -0.8627
vn -0.0049 -0.0059 -1.0000
vn 0.3114 0.3839 -0.8693
vn 0.5440 0.6714 -0.5032
vn 0.6294 0.7771 -0.0000
vn 0.5440 0.6714 0.5032
vn 0.3114 0.3839 0.8693
vn -0.2874 -0.4135 0.8639
vn -0.0028 -0.0039 1.0000
vn -0.4950 -0.7121 0.4979
vn -0.5709 -0.8210 -0.0000
vn -0.4950 -0.7121 -0.4979
vn -0.2874 -0.4135 -0.8639
vn -0.0028 -0.0039 -1.0000
vn 0.2830 0.4078 -0.8681
vn 0.4930 0.7106 -0.5020
vn 0.5699 0.8217 -0.0000
vn 0.4930 0.7106 0.5020
vn 0.2831 0.4078 0.8681
vn -0.2678 -0.4245 0.8649
vn -0.0014 -0.0021 1.0000
vn -0.4625 -0.7330 0.4989
vn -0.5336 -0.8457 -0.0000
vn -0.4625 -0.7330 -0.4989
vn -0.2678 -0.4245 -0.8649
vn -0.0014 -0.0021 -1.0000
vn 0.2657 0.4214 -0.8671
vn 0.4615 0.7321 -0.5011
vn 0.5333 0.8459 -0.0000
vn 0.4615 0.7321 0.5011
vn 0.2657 0.4214 0.8671
vn -0.2583 -0.4289 0.8656
vn -0.0005 -0.0007 1.0000
vn -0.4469 -0.7421 0.4996
vn -0.5159 -0.8567 -0.0000
vn -0.4469 -0.7421 -0.4996
vn -0.2583 -0.4289 -0.8656
vn -0.0005 -0.0007 -1.0000
vn 0.2576 0.4278 -0.8664
vn 0.4466 0.7418 -0.5004
vn 0.5158 0.8567 -0.0000
vn 0.4466 0.7418 0.5004
vn 0.2576 0.4278 0.8664
vn -0.2563 -0.4291 0.8662
vn 0.0001 0.0002 1.0000
vn -0.4440 -0.7434 0.5001
vn -0.5128 -0.8585 -0.0000
vn -0.4440 -0.7434 -0.5001
vn -0.2563 -0.4291 -0.8662
vn 0.0001 0.0002 -1.0000
vn 0.2565 0.4295 -0.8659
vn 0.4441 0.7436 -0.4999
vn 0.5128 0.8585 -0.0000
vn 0.4441 0.7436 0.4999
vn 0.2565 0.4295 0.8659
vn -0.2596 -0.4263 0.8665
vn 0.0006 0.0010 1.0000
vn -0.4502 -0.7395 0.5005
vn -0.5201 -0.8541 -0.0000
vn -0.4503 -0.7395 -0.5005
vn -0.2596 -0.4263 -0.8665
vn 0.0006 0.0010 -1.0000
vn 0.2605 0.4278 -0.8655
vn 0.4506 0.7399 -0.4995
vn 0.5201 0.8541 -0.0000
vn 0.4506 0.7399 0.4995
vn 0.2605 0.4278 0.8655
vn -0.2668 -0.4213 0.8668
vn 0.0010 0.0015 1.0000
vn -0.4631 -0.7313 0.5008
vn -0.5351 -0.8448 -0.0000
vn -0.4631 -0.7313 -0.5008
vn -0.2668 -0.4213 -0.8668
vn 0.0010 0.0015 -1.0000
vn 0.2683 0.4235 -0.8653
vn 0.4636 0.7320 -0.4992
vn 0.5351 0.8448 -0.0000
vn 0.4636 0.7320 0.4992
vn 0.2683 0.4235 0.8653
vn -0.2772 -0.4140 0.8671
vn 0.0013 0.0020 1.0000
vn -0.4815 -0.7191 0.5010
vn -0.5564 -0.8309 -0.0000
vn -0.4815 -0.7191 -0.5010
vn -0.2772 -0.4140 -0.8671
vn 0.0013 0.0020 -1.0000
vn 0.2792 0.4169 -0.8650
vn 0.4822 0.7201 -0.4990
vn 0.5564 0.8309 -0.0000
vn 0.4822 0.7201 0.4990
vn 0.2792 0.4169 0.8650
vn -0.2906 -0.4040 0.8674
vn 0.0018 0.0025 1.0000
vn -0.5051 -0.7025 0.5014
vn -0.5838 -0.8119 -0.0000
vn -0.5051 -0.7025 -0.5013
vn -0.2906 -0.4040 -0.8674
vn 0.0018 0.0025 -1.0000
vn 0.2933 0.4078 -0.8647
vn 0.5061 0.7037 -0.4987
vn 0.5839 0.8118 -0.0000
vn 0.5061 0.7037 0.4987
vn 0.2933 0.4078 0.8647
vn -0.3074 -0.3905 0.8678
vn 0.0025 0.0032 1.0000
vn -0.5350 -0.6797 0.5018
vn -0.6184 -0.7858 -0.0000
vn -0.5350 -0.6797 -0.5017
vn -0.3074 -0.3905 -0.8678
vn 0.0025 0.0032 -1.0000
vn 0.3112 0.3952 -0.8643
vn 0.5364 0.6812 -0.4983
vn 0.6186 0.7857 -0.0000
vn 0.5364 0.6812 0.4983
vn 0.3112 0.3952 0.8643
vn -0.3283 -0.3718 0.8683
vn 0.0035 0.0040 1.0000
vn -0.5723 -0.6482 0.5023
vn -0.6618 -0.7496 -0.0000
vn -0.5723 -0.6482 -0.5023
vn -0.3283 -0.3718 -0.8683
vn 0.0035 0.0040 -1.0000
vn 0.3337 0.3777 -0.8637
vn 0.5743 0.6500 -0.4977
vn 0.6622 0.7494 -0.0000
vn 0.5743 0.6500 0.4977
vn 0.3337 0.3777 0.8637
vn -0.3538 -0.3460 0.8690
vn 0.0049 0.0047 1.0000
vn -0.6179 -0.6043 0.5029
vn -0.7149 -0.6992 -0.0000
vn -0.6179 -0.6043 -0.5029
vn -0.3538 -0.3460 -0.8690
vn 0.0049 0.0047 -1.0000
vn 0.3613 0.3530 -0.8631
vn 0.6207 0.6063 -0.4971
vn 0.7154 0.6987 -0.0000
vn 0.6207 0.6063 0.4971
vn 0.3613 0.3530 0.8631
vn -0.3835 -0.3107 0.8697
vn 0.0067 0.0054 1.0000
vn -0.6711 -0.5440 0.5037
vn -0.7768 -0.6298 -0.0000
vn -0.6711 -0.5440 -0.5037
vn -0.3835 -0.3107 -0.8697
vn 0.0067 0.0054 -1.0000
vn 0.3936 0.3186 -0.8623
vn 0.6749 0.5461 -0.4963
vn 0.7774 0.6290 -0.0000
vn 0.6749 0.5461 0.4963
vn 0.3936 0.3186 0.8623
vn -0.4153 -0.2642 0.8705
vn 0.0087 0.0055 0.9999
vn -0.7284 -0.4635 0.5045
vn -0.8436 -0.5369 -0.0000
vn -0.7284 -0.4635 -0.5045
vn -0.4153 -0.2642 -0.8705
vn 0.0087 0.0055 -0.9999
vn 0.4285 0.2722 -0.8616
vn 0.7332 0.4656 -0.4956
vn 0.8442 0.5360 -0.0000
vn 0.7332 0.4656 0.4956
vn 0.4285 0.2722 0.8616
vn -0.4457 -0.2067 0.8710
vn 0.0104 0.0048 0.9999
vn -0.7830 -0.3631 0.5051
vn -0.9072 -0.4208 -0.0000
vn -0.7830 -0.3631 -0.5051
vn -0.4457 -0.2067 -0.8710
vn 0.0104 0.0048 -0.9999
vn 0.4613 0.2138 -0.8611
vn 0.7883 0.3653 -0.4952
vn 0.9073 0.4204 -0.0000
vn 0.7883 0.3653 0.4952
vn 0.4613 0.2138 0.8611
vn -0.4700 -0.1436 0.8709
vn 0.0107 0.0033 0.9999
vn -0.8255 -0.2520 0.5050
vn -0.9565 -0.2918 -0.0000
vn -0.8255 -0.2520 -0.5050
vn -0.4700 -0.1436 -0.8709
vn 0.0107 0.0033 -0.9999
vn 0.4859 0.1488 -0.8612
vn 0.8306 0.2545 -0.4953
vn 0.9561 0.2930 -0.0000
vn 0.8306 0.2545 0.4953
vn 0.4859 0.1488 0.8612
vn -0.4858 -0.0859 0.8698
vn 0.0086 0.0016 1.0000
vn -0.8506 -0.1501 0.5038
vn -0.9848 -0.1737 -0.0000
vn -0.8506 -0.1501 -0.5038
vn -0.4858 -0.0859 -0.8698
vn 0.0086 0.0016 -1.0000
vn 0.4987 0.0889 -0.8622
vn 0.8547 0.1525 -0.4962
vn 0.9844 0.1758 -0.0000
vn 0.8547 0.1525 0.4962
vn 0.4987 0.0889 0.8622
vn -0.4940 -0.0438 0.8684
vn 0.0055 0.0005 1.0000
vn -0.8613 -0.0762 0.5023
vn -0.9961 -0.0880 -0.0000
vn -0.8613 -0.0762 -0.5023
vn -0.4940 -0.0438 -0.8684
vn 0.0055 0.0005 -1.0000
vn 0.5021 0.0450 -0.8636
vn 0.8639 0.0777 -0.4976
vn 0.9960 0.0896 -0.0000
vn 0.8639 0.0777 0.4976
vn 0.5021 0.0450 0.8636
vn -0.4975 -0.0190 0.8672
vn 0.0028 0.0001 1.0000
vn -0.8647 -0.0330 0.5012
vn -0.9993 -0.0381 -0.0000
vn -0.8647 -0.0330 -0.5012
vn -0.4975 -0.0190 -0.8672
vn 0.0028 0.0001 -1.0000
vn 0.5018 0.0194 -0.8648
vn 0.8661 0.0335 -0.4987
vn 0.9993 0.0387 -0.0000
vn 0.8661 0.0335 0.4987
vn 0.5018 0.0194 0.8648
vn -0.4990 -0.0068 0.8666
vn 0.0013 -0.0000 1.0000
vn -0.8656 -0.0117 0.5005
vn -0.9999 -0.0135 -0.0000
vn -0.8656 -0.0117 -0.5005
vn -0.4990 -0.0068 -0.8666
vn 0.0013 -0.0000 -1.0000
vn 0.5009 0.0068 -0.8655
vn 0.8663 0.0118 -0.4994
vn 0.9999 0.0137 -0.0000
vn 0.8663 0.0118 0.4994
vn 0.5009 0.0068 0.8655
vn -0.4994 -0.0006 0.8664
vn 0.0008 -0.0000 1.0000
vn -0.8658 -0.0010 0.5003
vn -1.0000 -0.0011 -0.0000
vn -0.8658 -0.0010 -0.5003
vn -0.4994 -0.0006 -0.8664
vn 0.0008 -0.0000 -1.0000
vn 0.5006 0.0006 -0.8657
vn 0.8662 0.0010 -0.4996
vn 1.0000 0.0011 -0.0000
vn 0.8662 0.0010 0.4996
vn 0.5006 0.0006 0.8657
vn -0.4988 0.0065 0.8667
vn 0.0015 -0.0000 1.0000
vn -0.8656 0.0112 0.5006
vn -0.9999 0.0129 -0.0000
vn -0.8656 0.0112 -0.5006
vn -0.4988 0.0065 -0.8667
vn 0.0015 -0.0000 -1.0000
vn 0.5011 -0.0066 -0.8654
vn 0.8663 -0.0114 -0.4993
vn 0.9999 -0.0132 -0.0000
vn 0.8663 -0.0114 0.4993
vn 0.5011 -0.0066 0.8654
vn -0.4969 0.0216 0.8675
vn 0.0035 -0.0002 1.0000
vn -0.8644 0.0374 0.5015
vn -0.9991 0.0431 -0.0000
vn -0.8644 0.0374 -0.5015
vn -0.4969 0.0216 -0.8675
vn 0.0035 -0.0002 -1.0000
vn 0.5022 -0.0221 -0.8645
vn 0.8661 -0.0383 -0.4984
vn 0.9990 -0.0442 -0.0000
vn 0.8661 -0.0383 0.4984
vn 0.5022 -0.0221 0.8645
vn -0.4921 0.0524 0.8690
vn 0.0068 -0.0008 1.0000
vn -0.8595 0.0912 0.5029
vn -0.9944 0.1053 -0.0000
vn -0.8595 0.0912 -0.5029
vn -0.4921 0.0524 -0.8690
vn 0.0068 -0.0008 -1.0000
vn 0.5023 -0.0543 -0.8630
vn 0.8627 -0.0935 -0.4970
vn 0.9942 -0.1078 -0.0000
vn 0.8627 -0.0935 0.4970
vn 0.5023 -0.0543 0.8630
vn -0.4808 0.1039 0.8707
vn 0.0105 -0.0024 0.9999
vn -0.8440 0.1817 0.5047
vn -0.9777 0.2102 -0.0000
vn -0.8440 0.1817 -0.5047
vn -0.4808 0.1039 -0.8707
vn 0.0105 -0.0024 -0.9999
vn 0.4963 -0.1083 -0.8614
vn 0.8486 -0.1855 -0.4954
vn 0.9769 -0.2137 -0.0000
vn 0.8486 -0.1855 0.4954
vn 0.4963 -0.1083 0.8614
vn -0.4580 0.1729 0.8720
vn 0.0127 -0.0049 0.9999
vn -0.8070 0.3042 0.5061
vn -0.9358 0.3525 -0.0000
vn -0.8070 0.3042 -0.5061
vn -0.4580 0.1729 -0.8720
vn 0.0127 -0.0049 -0.9999
vn 0.4768 -0.1810 -0.8601
vn 0.8127 -0.3087 -0.4942
vn 0.9348 -0.3552 -0.0000
vn 0.8127 -0.3087 0.4942
vn 0.4768 -0.1810 0.8601
vn -0.4199 0.2494 0.8726
vn 0.0129 -0.0077 0.9999
vn -0.7412 0.4401 0.5068
vn -0.8599 0.5105 -0.0000
vn -0.7413 0.4402 -0.5068
vn -0.4199 0.2494 -0.8726
vn 0.0129 -0.0077 -0.9999
vn 0.4392 -0.2612 -0.8596
vn 0.7475 -0.4445 -0.4937
vn 0.8595 -0.5111 -0.0000
vn 0.7475 -0.4445 0.4937
vn 0.4392 -0.2611 0.8596
vn -0.3686 0.3211 0.8724
vn 0.0111 -0.0096 0.9999
vn -0.6500 0.5666 0.5065
vn -0.7537 0.6572 -0.0000
vn -0.6500 0.5666 -0.5065
vn -0.3686 0.3211 -0.8724
vn 0.0111 -0.0096 -0.9999
vn 0.3854 -0.3351 -0.8597
vn 0.6562 -0.5705 -0.4938
vn 0.7547 -0.6561 -0.0000
vn 0.6562 -0.5705 0.4938
vn 0.3854 -0.3351 0.8597
vn -0.3107 0.3791 0.8716
vn 0.0083 -0.0100 0.9999
vn -0.5466 0.6675 0.5057
vn -0.6334 0.7738 -0.0000
vn -0.5466 0.6675 -0.5057
vn -0.3107 0.3791 -0.8716
vn 0.0083 -0.0100 -0.9999
vn 0.3236 -0.3936 -0.8604
vn 0.5521 -0.6713 -0.4945
vn 0.6352 -0.7723 -0.0000
vn 0.5521 -0.6713 0.4945
vn 0.3236 -0.3937 0.8604
vn -0.2540 0.4212 0.8707
vn 0.0056 -0.0092 0.9999
vn -0.4455 0.7395 0.5047
vn -0.5159 0.8567 -0.0000
vn -0.4455 0.7395 -0.5047
vn -0.2540 0.4212 -0.8707
vn 0.0056 -0.0092 -0.9999
vn 0.2629 -0.4347 -0.8613
vn 0.4496 -0.7433 -0.4954
vn 0.5176 -0.8556 -0.0000
vn 0.4496 -0.7433 0.4954
vn 0.2629 -0.4347 0.8613
vn -0.2027 0.4498 0.8698
vn 0.0037 -0.0081 1.0000
vn -0.3548 0.7876 0.5038
vn -0.4106 0.9118 -0.0000
vn -0.3548 0.7876 -0.5038
vn -0.2027 0.4498 -0.8698
vn 0.0037 -0.0081 -1.0000
vn 0.2084 -0.4618 -0.8621
vn 0.3572 -0.7914 -0.4961
vn 0.4114 -0.9114 -0.0000
vn 0.3572 -0.7914 0.4961
vn 0.2084 -0.4618 0.8621
vn -0.1536 0.4690 0.8698
vn 0.0027 -0.0084 1.0000
vn -0.2691 0.8209 0.5037
vn -0.3116 0.9502 -0.0000
vn -0.2691 0.8209 -0.5037
vn -0.1536 0.4690 -0.8698
vn 0.0027 -0.0084 -1.0000
vn 0.1574 -0.4816 -0.8621
vn 0.2696 -0.8253 -0.4961
vn 0.3105 -0.9506 -0.0000
vn 0.2696 -0.8253 0.4961
vn 0.1574 -0.4816 0.8622
vn -0.0948 0.4822 0.8709
vn 0.0021 -0.0113 0.9999
vn -0.1672 0.8469 0.5048
vn -0.1941 0.9810 -0.0000
vn -0.1672 0.8469 -0.5048
vn -0.0948 0.4822 -0.8709
vn 0.0021 -0.0113 -0.9999
vn 0.0969 -0.4994 -0.8609
vn 0.1652 -0.8531 -0.4949
vn 0.1900 -0.9818 -0.0000
vn 0.1652 -0.8531 0.4949
vn 0.0969 -0.4994 0.8610
vn -0.0128 0.4875 0.8730
vn 0.0002 -0.0162 0.9999
vn -0.0237 0.8616 0.5071
vn -0.0280 0.9996 -0.0000
vn -0.0237 0.8616 -0.5071
vn -0.0128 0.4875 -0.8730
vn 0.0002 -0.0162 -0.9999
vn 0.0116 -0.5119 -0.8590
vn 0.0193 -0.8698 -0.4931
vn 0.0220 -0.9998 -0.0000
vn 0.0193 -0.8698 0.4931
vn 0.0116 -0.5119 0.8590
vn 0.0939 0.4751 0.8749
vn -0.0040 -0.0196 0.9998
vn 0.1663 0.8443 0.5093
vn 0.1930 0.9812 -0.0000
vn 0.1663 0.8443 -0.5093
vn 0.0939 0.4751 -0.8749
vn -0.0040 -0.0196 -0.9998
vn -0.1005 -0.5045 -0.8575
vn -0.1702 -0.8539 -0.4918
vn -0.1956 -0.9807 -0.0000
vn -0.1702 -0.8539 0.4918
vn -0.1005 -0.5045 0.8575
vn 0.2048 0.4395 0.8746
vn -0.0081 -0.0176 0.9998
vn 0.3641 0.7801 0.5089
vn 0.4232 0.9060 -0.0000
vn 0.3641 0.7801 -0.5089
vn 0.2048 0.4395 -0.8746
vn -0.0081 -0.0176 -0.9998
vn -0.2163 -0.4663 -0.8578
vn -0.3662 -0.7898 -0.4920
vn -0.4205 -0.9073 -0.0000
vn -0.3662 -0.7898 0.4920
vn -0.2163 -0.4663 0.8578
vn 0.2935 0.3911 0.8723
vn -0.0088 -0.0119 0.9999
vn 0.5181 0.6894 0.5063
vn 0.6010 0.7993 -0.0000
vn 0.5181 0.6894 -0.5063
vn 0.2935 0.3911 -0.8723
vn -0.0088 -0.0119 -0.9999
vn -0.3059 -0.4094 -0.8595
vn -0.5203 -0.6969 -0.4936
vn -0.5981 -0.8014 -0.0000
vn -0.5203 -0.6969 0.4936
vn -0.3059 -0.4094 0.8595
vn -0.1958 0.9806 -0.0000
vn -0.2463 0.9293 -0.2753
vn -0.3860 0.7871 -0.4812
vn -0.5807 0.5885 -0.5625
vn -0.7802 0.3850 -0.4930
vn -0.9291 0.2329 -0.2872
vn -0.9843 0.1765 -0.0000
vn -0.9291 0.2329 0.2871
vn -0.7802 0.3850 0.4930
vn 0.4812 0.7871 0.3860
vn 0.2753 0.9293 0.2463
vn -0.0000 0.7132 0.7009
vn 0.5625 0.5885 0.5807
vn 0.4694 0.8791 0.0823
vn 0.4952 0.7127 0.4969
vn 0.8612 0.4170 0.2907
vn 0.8097 0.5798 -0.0909
vn -0.0000 0.9893 0.1460
vn -0.0000 0.8203 0.5720
vn -0.4694 0.8791 0.0823
vn -0.4952 0.7127 0.4969
vn -0.8097 0.5798 -0.0909
vn -0.8612 0.4170 0.2907
vn -0.9293 0.1748 -0.3252
vn -0.9999 0.0092 0.0064
vn -0.7997 -0.2252 -0.5566
vn -0.8708 -0.4034 -0.2809
vn -0.4594 -0.5146 -0.7240
vn -0.5049 -0.7084 -0.4932
vn -0.0000 -0.6198 -0.7848
vn -0.0000 -0.8207 -0.5713
vn 0.4594 -0.5146 -0.7240
vn 0.5049 -0.7084 -0.4932
vn 0.7997 -0.2252 -0.5566
vn 0.8708 -0.4034 -0.2809
vn 0.9293 0.1748 -0.3252
vn 0.9999 0.0092 0.0064
vn 0.8604 0.3707 0.3498
vn 0.9999 0.0095 0.0090
vn 0.4944 0.6322 0.5966
vn -0.0000 0.7273 0.6863
vn -0.4944 0.6322 0.5966
vn -0.8604 0.3707 0.3498
vn -0.9999 0.0095 0.0090
vn -0.8717 -0.3566 -0.3361
vn -0.5058 -0.6279 -0.5915
vn -0.0000 -0.7279 -0.6856
vn 0.5058 -0.6279 -0.5915
vn 0.8717 -0.3566 -0.3361
vn 0.8599 0.3083 0.4069
vn 0.9999 0.0086 0.0114
vn 0.4940 0.5251 0.6930
vn -0.0000 0.6039 0.7971
vn -0.4940 0.5251 0.6930
vn -0.8599 0.3083 0.4069
vn -0.9999 0.0086 0.0114
vn -0.8722 -0.2955 -0.3897
vn -0.5063 -0.5210 -0.6871
vn -0.0000 -0.6042 -0.7968
vn 0.5063 -0.5210 -0.6871
vn 0.8722 -0.2955 -0.3897
vn 0.8599 0.2337 0.4539
vn 0.9999 0.0065 0.0127
vn 0.4940 0.3980 0.7731
vn -0.0000 0.4577 0.8891
vn -0.4939 0.3980 0.7731
vn -0.8599 0.2337 0.4539
vn -0.9999 0.0065 0.0127
vn -0.8722 -0.2238 -0.4349
vn -0.5063 -0.3945 -0.7668
vn -0.0000 -0.4574 -0.8893
vn 0.5063 -0.3945 -0.7668
vn 0.8722 -0.2238 -0.4349
vn 0.8601 0.1536 0.4864
vn 0.9999 0.0041 0.0130
vn 0.4942 0.2618 0.8290
vn -0.0000 0.3012 0.9536
vn -0.4942 0.2618 0.8290
vn -0.8601 0.1536 0.4865
vn -0.9999 0.0041 0.0130
vn -0.8719 -0.1473 -0.4670
vn -0.5060 -0.2594 -0.8226
vn -0.0000 -0.3008 -0.9537
vn 0.5060 -0.2595 -0.8226
vn 0.8719 -0.1473 -0.4670
vn 0.8601 0.0713 0.5051
vn 0.9999 0.0019 0.0134
vn 0.4941 0.1215 0.8609
vn -0.0000 0.1397 0.9902
vn -0.4941 0.1215 0.8609
vn -0.8601 0.0713 0.5051
vn -0.9999 0.0019 0.0134
vn -0.8718 -0.0688 -0.4850
vn -0.5058 -0.1214 -0.8541
vn -0.0000 -0.1409 -0.9900
vn 0.5058 -0.1214 -0.8541
vn 0.8718 -0.0688 -0.4850
vn 0.8595 -0.0175 0.5109
vn 0.9999 -0.0006 0.0151
vn 0.4935 -0.0299 0.8692
vn -0.0000 -0.0345 0.9994
vn -0.4935 -0.0299 0.8692
vn -0.8595 -0.0175 0.5109
vn -0.9999 -0.0006 0.0151
vn -0.8725 0.0158 -0.4883
vn -0.5066 0.0273 -0.8618
vn -0.0000 0.0313 -0.9995
vn 0.5066 0.0273 -0.8618
vn 0.8725 0.0158 -0.4883
vn 0.8588 -0.1160 0.4991
vn 0.9999 -0.0039 0.0165
vn 0.4929 -0.1972 0.8474
vn -0.0000 -0.2266 0.9740
vn -0.4929 -0.1972 0.8474
vn -0.8588 -0.1160 0.4991
vn -0.9999 -0.0039 0.0165
vn -0.8735 0.1098 -0.4743
vn -0.5077 0.1940 -0.8394
vn -0.0000 0.2250 -0.9744
vn 0.5077 0.1940 -0.8394
vn 0.8735 0.1098 -0.4743
vn 0.8589 -0.2145 0.4651
vn 0.9999 -0.0070 0.0153
vn 0.4930 -0.3642 0.7901
vn -0.0000 -0.4186 0.9082
vn -0.4930 -0.3642 0.7901
vn -0.8588 -0.2145 0.4651
vn -0.9999 -0.0070 0.0153
vn -0.8734 0.2046 -0.4419
vn -0.5076 0.3625 -0.7816
vn -0.0000 0.4210 -0.9071
vn 0.5076 0.3625 -0.7816
vn 0.8734 0.2046 -0.4419
vn 0.8598 -0.2970 0.4154
vn 0.9999 -0.0082 0.0118
vn 0.4939 -0.5054 0.7075
vn -0.0000 -0.5811 0.8138
vn -0.4939 -0.5054 0.7075
vn -0.8598 -0.2970 0.4154
vn -0.9999 -0.0082 0.0118
vn -0.8723 0.2856 -0.3970
vn -0.5063 0.5043 -0.6995
vn -0.0000 0.5852 -0.8109
vn 0.5063 0.5043 -0.6995
vn 0.8723 0.2856 -0.3970
vn 0.8612 -0.3555 0.3632
vn 0.9999 -0.0076 0.0079
vn 0.4953 -0.6075 0.6210
vn -0.0000 -0.6992 0.7150
vn -0.4953 -0.6075 0.6210
vn -0.8612 -0.3555 0.3632
vn -0.9999 -0.0076 0.0079
vn -0.8707 0.3449 -0.3506
vn -0.5047 0.6059 -0.6149
vn -0.0000 0.7021 -0.7121
vn 0.5047 0.6059 -0.6149
vn 0.8707 0.3449 -0.3506
vn 0.8627 -0.3923 0.3191
vn 1.0000 -0.0059 0.0049
vn 0.4967 -0.6732 0.5478
vn -0.0000 -0.7756 0.6313
vn -0.4967 -0.6732 0.5478
vn -0.8627 -0.3923 0.3191
vn -1.0000 -0.0059 0.0049
vn -0.8693 0.3839 -0.3114
vn -0.5032 0.6714 -0.5440
vn -0.0000 0.7771 -0.6294
vn 0.5032 0.6714 -0.5440
vn 0.8693 0.3839 -0.3114
vn 0.8639 -0.4135 0.2874
vn 1.0000 -0.0039 0.0028
vn 0.4979 -0.7121 0.4950
vn -0.0000 -0.8210 0.5709
vn -0.4979 -0.7121 0.4950
vn -0.8639 -0.4135 0.2874
vn -1.0000 -0.0039 0.0028
vn -0.8681 0.4078 -0.2831
vn -0.5020 0.7106 -0.4930
vn -0.0000 0.8217 -0.5699
vn 0.5020 0.7106 -0.4930
vn 0.8681 0.4078 -0.2831
vn 0.8649 -0.4245 0.2678
vn 1.0000 -0.0021 0.0014
vn 0.4989 -0.7330 0.4625
vn -0.0000 -0.8457 0.5336
vn -0.4989 -0.7330 0.4625
vn -0.8649 -0.4245 0.2678
vn -1.0000 -0.0021 0.0014
vn -0.8671 0.4214 -0.2657
vn -0.5011 0.7321 -0.4615
vn -0.0000 0.8459 -0.5333
vn 0.5011 0.7321 -0.4615
vn 0.8671 0.4214 -0.2657
vn 0.8656 -0.4289 0.2583
vn 1.0000 -0.0007 0.0005
vn 0.4996 -0.7421 0.4469
vn -0.0000 -0.8567 0.5159
vn -0.4996 -0.7421 0.4469
vn -0.8656 -0.4289 0.2583
vn -1.0000 -0.0008 0.0005
vn -0.8664 0.4278 -0.2576
vn -0.5004 0.7418 -0.4466
vn -0.0000 0.8567 -0.5158
vn 0.5004 0.7418 -0.4466
vn 0.8664 0.4278 -0.2576
vn 0.8662 -0.4291 0.2563
vn 1.0000 0.0002 -0.0001
vn 0.5001 -0.7434 0.4440
vn -0.0000 -0.8585 0.5128
vn -0.5001 -0.7434 0.4440
vn -0.8661 -0.4291 0.2563
vn -1.0000 0.0002 -0.0001
vn -0.8659 0.4295 -0.2565
vn -0.4999 0.7436 -0.4441
vn -0.0000 0.8585 -0.5128
vn 0.4999 0.7436 -0.4441
vn 0.8659 0.4295 -0.2565
vn 0.8665 -0.4263 0.2596
vn 1.0000 0.0010 -0.0006
vn 0.5005 -0.7395 0.4502
vn -0.0000 -0.8541 0.5201
vn -0.5005 -0.7395 0.4503
vn -0.8665 -0.4263 0.2596
vn -1.0000 0.0009 -0.0006
vn -0.8655 0.4278 -0.2605
vn -0.4995 0.7399 -0.4506
vn -0.0000 0.8541 -0.5201
vn 0.4995 0.7399 -0.4506
vn 0.8655 0.4278 -0.2605
vn 0.8668 -0.4213 0.2668
vn 1.0000 0.0015 -0.0010
vn 0.5008 -0.7313 0.4631
vn -0.0000 -0.8448 0.5351
vn -0.5008 -0.7313 0.4631
vn -0.8668 -0.4213 0.2668
vn -1.0000 0.0015 -0.0010
vn -0.8653 0.4235 -0.2683
vn -0.4992 0.7320 -0.4636
vn -0.0000 0.8448 -0.5351
vn 0.4992 0.7320 -0.4636
vn 0.8653 0.4235 -0.2683
vn 0.8671 -0.4140 0.2772
vn 1.0000 0.0020 -0.0013
vn 0.5010 -0.7191 0.4815
vn -0.0000 -0.8309 0.5564
vn -0.5010 -0.7191 0.4815
vn -0.8671 -0.4140 0.2772
vn -1.0000 0.0020 -0.0013
vn -0.8650 0.4169 -0.2792
vn -0.4990 0.7201 -0.4822
vn -0.0000 0.8309 -0.5564
vn 0.4990 0.7201 -0.4822
vn 0.8650 0.4169 -0.2792
vn 0.8674 -0.4040 0.2906
vn 1.0000 0.0025 -0.0018
vn 0.5014 -0.7025 0.5051
vn -0.0000 -0.8119 0.5838
vn -0.5014 -0.7025 0.5051
vn -0.8674 -0.4040 0.2906
vn -1.0000 0.0025 -0.0018
vn -0.8647 0.4078 -0.2933
vn -0.4987 0.7037 -0.5061
vn -0.0000 0.8118 -0.5839
vn 0.4987 0.7037 -0.5061
vn 0.8647 0.4078 -0.2933
vn 0.8678 -0.3905 0.3074
vn 1.0000 0.0032 -0.0025
vn 0.5018 -0.6797 0.5350
vn -0.0000 -0.7858 0.6184
vn -0.5018 -0.6797 0.5350
vn -0.8678 -0.3905 0.3074
vn -1.0000 0.0032 -0.0025
vn -0.8643 0.3952 -0.3112
vn -0.4983 0.6812 -0.5364
vn -0.0000 0.7857 -0.6186
vn 0.4983 0.6812 -0.5364
vn 0.8643 0.3952 -0.3112
vn 0.8683 -0.3718 0.3283
vn 1.0000 0.0040 -0.0035
vn 0.5023 -0.6482 0.5723
vn -0.0000 -0.7496 0.6618
vn -0.5023 -0.6482 0.5723
vn -0.8683 -0.3718 0.3283
vn -1.0000 0.0040 -0.0035
vn -0.8637 0.3777 -0.3337
vn -0.4977 0.6500 -0.5743
vn -0.0000 0.7494 -0.6622
vn 0.4977 0.6500 -0.5743
vn 0.8637 0.3777 -0.3337
vn 0.8690 -0.3460 0.3538
vn 1.0000 0.0047 -0.0049
vn 0.5029 -0.6043 0.6179
vn -0.0000 -0.6992 0.7149
vn -0.5029 -0.6043 0.6179
vn -0.8690 -0.3460 0.3539
vn -1.0000 0.0047 -0.0049
vn -0.8631 0.3530 -0.3613
vn -0.4971 0.6063 -0.6207
vn -0.0000 0.6987 -0.7154
vn 0.4971 0.6063 -0.6207
vn 0.8631 0.3530 -0.3613
vn 0.8697 -0.3107 0.3835
vn 1.0000 0.0054 -0.0067
vn 0.5037 -0.5440 0.6711
vn -0.0000 -0.6298 0.7768
vn -0.5037 -0.5440 0.6711
vn -0.8697 -0.3107 0.3835
vn -1.0000 0.0054 -0.0067
vn -0.8623 0.3186 -0.3936
vn -0.4963 0.5461 -0.6749
vn -0.0000 0.6290 -0.7774
vn 0.4963 0.5461 -0.6749
vn 0.8623 0.3186 -0.3936
vn 0.8705 -0.2642 0.4153
vn 0.9999 0.0055 -0.0087
vn 0.5045 -0.4635 0.7284
vn -0.0000 -0.5369 0.8436
vn -0.5045 -0.4635 0.7284
vn -0.8705 -0.2642 0.4153
vn -0.9999 0.0055 -0.0087
vn -0.8616 0.2722 -0.4285
vn -0.4956 0.4656 -0.7332
vn -0.0000 0.5360 -0.8442
vn 0.4956 0.4656 -0.7332
vn 0.8616 0.2722 -0.4285
vn 0.8710 -0.2066 0.4457
vn 0.9999 0.0048 -0.0104
vn 0.5051 -0.3631 0.7830
vn -0.0000 -0.4208 0.9072
vn -0.5051 -0.3631 0.7830
vn -0.8710 -0.2067 0.4457
vn -0.9999 0.0048 -0.0104
vn -0.8611 0.2138 -0.4613
vn -0.4952 0.3653 -0.7883
vn -0.0000 0.4204 -0.9073
vn 0.4952 0.3653 -0.7883
vn 0.8611 0.2138 -0.4613
vn 0.8709 -0.1436 0.4700
vn 0.9999 0.0033 -0.0107
vn 0.5050 -0.2520 0.8255
vn -0.0000 -0.2918 0.9565
vn -0.5050 -0.2520 0.8255
vn -0.8709 -0.1436 0.4700
vn -0.9999 0.0033 -0.0107
vn -0.8612 0.1488 -0.4859
vn -0.4953 0.2545 -0.8306
vn -0.0000 0.2930 -0.9561
vn 0.4953 0.2545 -0.8306
vn 0.8612 0.1488 -0.4859
vn 0.8698 -0.0859 0.4858
vn 1.0000 0.0016 -0.0086
vn 0.5038 -0.1501 0.8506
vn -0.0000 -0.1737 0.9848
vn -0.5038 -0.1501 0.8506
vn -0.8698 -0.0859 0.4858
vn -1.0000 0.0016 -0.0086
vn -0.8622 0.0889 -0.4987
vn -0.4962 0.1525 -0.8547
vn -0.0000 0.1758 -0.9844
vn 0.4962 0.1525 -0.8547
vn 0.8622 0.0889 -0.4987
vn 0.8684 -0.0438 0.4940
vn 1.0000 0.0005 -0.0055
vn 0.5023 -0.0762 0.8613
vn -0.0000 -0.0880 0.9961
vn -0.5023 -0.0762 0.8613
vn -0.8684 -0.0438 0.4940
vn -1.0000 0.0005 -0.0055
vn -0.8636 0.0450 -0.5021
vn -0.4976 0.0777 -0.8639
vn -0.0000 0.0896 -0.9960
vn 0.4976 0.0777 -0.8639
vn 0.8636 0.0450 -0.5021
vn 0.8672 -0.0190 0.4975
vn 1.0000 0.0001 -0.0028
vn 0.5012 -0.0330 0.8647
vn -0.0000 -0.0381 0.9993
vn -0.5012 -0.0330 0.8647
vn -0.8672 -0.0190 0.4975
vn -1.0000 0.0001 -0.0028
vn -0.8648 0.0194 -0.5018
vn -0.4987 0.0335 -0.8661
vn -0.0000 0.0387 -0.9993
vn 0.4987 0.0335 -0.8661
vn 0.8648 0.0194 -0.5018
vn 0.8666 -0.0067 0.4990
vn 1.0000 -0.0000 -0.0013
vn 0.5005 -0.0117 0.8656
vn -0.0000 -0.0135 0.9999
vn -0.5005 -0.0117 0.8656
vn -0.8666 -0.0068 0.4990
vn -1.0000 -0.0000 -0.0013
vn -0.8655 0.0068 -0.5009
vn -0.4994 0.0118 -0.8663
vn -0.0000 0.0137 -0.9999
vn 0.4994 0.0118 -0.8663
vn 0.8655 0.0068 -0.5009
vn 0.8664 -0.0006 0.4994
vn 1.0000 -0.0000 -0.0008
vn 0.5003 -0.0010 0.8658
vn -0.0000 -0.0011 1.0000
vn -0.5003 -0.0010 0.8658
vn -0.8664 -0.0006 0.4994
vn -1.0000 -0.0000 -0.0008
vn -0.8657 0.0006 -0.5006
vn -0.4997 0.0010 -0.8662
vn -0.0000 0.0011 -1.0000
vn 0.4996 0.0010 -0.8662
vn 0.8657 0.0006 -0.5006
vn 0.8667 0.0065 0.4988
vn 1.0000 -0.0000 -0.0015
vn 0.5006 0.0112 0.8656
vn -0.0000 0.0129 0.9999
vn -0.5006 0.0112 0.8656
vn -0.8667 0.0065 0.4988
vn -1.0000 -0.0000 -0.0015
vn -0.8654 -0.0066 -0.5011
vn -0.4993 -0.0114 -0.8663
vn -0.0000 -0.0132 -0.9999
vn 0.4993 -0.0114 -0.8663
vn 0.8654 -0.0066 -0.5011
vn 0.8675 0.0216 0.4969
vn 1.0000 -0.0002 -0.0035
vn 0.5015 0.0374 0.8644
vn -0.0000 0.0431 0.9991
vn -0.5015 0.0374 0.8644
vn -0.8675 0.0216 0.4969
vn -1.0000 -0.0002 -0.0035
vn -0.8645 -0.0221 -0.5022
vn -0.4984 -0.0383 -0.8661
vn -0.0000 -0.0442 -0.9990
vn 0.4984 -0.0383 -0.8661
vn 0.8645 -0.0221 -0.5022
vn 0.8690 0.0524 0.4921
vn 1.0000 -0.0008 -0.0068
vn 0.5029 0.0912 0.8595
vn -0.0000 0.1053 0.9944
vn -0.5029 0.0912 0.8595
vn -0.8690 0.0524 0.4921
vn -1.0000 -0.0008 -0.0068
vn -0.8630 -0.0543 -0.5023
vn -0.4970 -0.0935 -0.8627
vn -0.0000 -0.1078 -0.9942
vn 0.4970 -0.0935 -0.8627
vn 0.8630 -0.0543 -0.5023
vn 0.8707 0.1039 0.4808
vn 0.9999 -0.0024 -0.0105
vn 0.5047 0.1817 0.8440
vn -0.0000 0.2102 0.9777
vn -0.5047 0.1817 0.8440
vn -0.8707 0.1039 0.4808
vn -0.9999 -0.0024 -0.0105
vn -0.8614 -0.1083 -0.4963
vn -0.4954 -0.1855 -0.8486
vn -0.0000 -0.2137 -0.9769
vn 0.4954 -0.1855 -0.8486
vn 0.8614 -0.1083 -0.4963
vn 0.8720 0.1729 0.4580
vn 0.9999 -0.0049 -0.0127
vn 0.5061 0.3042 0.8070
vn -0.0000 0.3525 0.9358
vn -0.5061 0.3042 0.8070
vn -0.8720 0.1729 0.4580
vn -0.9999 -0.0049 -0.0127
vn -0.8601 -0.1810 -0.4768
vn -0.4942 -0.3087 -0.8127
vn -0.0000 -0.3552 -0.9348
vn 0.4942 -0.3087 -0.8127
vn 0.8601 -0.1810 -0.4768
vn 0.8726 0.2494 0.4199
vn 0.9999 -0.0077 -0.0129
vn 0.5068 0.4402 0.7412
vn -0.0000 0.5105 0.8599
vn -0.5068 0.4402 0.7413
vn -0.8726 0.2494 0.4199
vn -0.9999 -0.0077 -0.0129
vn -0.8596 -0.2612 -0.4392
vn -0.4937 -0.4445 -0.7475
vn -0.0000 -0.5111 -0.8595
vn 0.4937 -0.4445 -0.7475
vn 0.8596 -0.2612 -0.4392
vn 0.8724 0.3211 0.3686
vn 0.9999 -0.0096 -0.0111
vn 0.5065 0.5666 0.6500
vn -0.0000 0.6572 0.7537
vn -0.5065 0.5666 0.6500
vn -0.8724 0.3211 0.3686
vn -0.9999 -0.0096 -0.0111
vn -0.8597 -0.3351 -0.3854
vn -0.4938 -0.5705 -0.6562
vn -0.0000 -0.6561 -0.7547
vn 0.4938 -0.5705 -0.6562
vn 0.8597 -0.3351 -0.3854
vn 0.8716 0.3791 0.3107
vn 0.9999 -0.0100 -0.0083
vn 0.5057 0.6675 0.5466
vn -0.0000 0.7738 0.6334
vn -0.5057 0.6675 0.5466
vn -0.8716 0.3791 0.3107
vn -0.9999 -0.0099 -0.0083
vn -0.8604 -0.3937 -0.3236
vn -0.4945 -0.6713 -0.5521
vn -0.0000 -0.7723 -0.6352
vn 0.4945 -0.6713 -0.5521
vn 0.8604 -0.3937 -0.3236
vn 0.8707 0.4212 0.2540
vn 0.9999 -0.0092 -0.0056
vn 0.5047 0.7395 0.4455
vn -0.0000 0.8567 0.5159
vn -0.5047 0.7395 0.4455
vn -0.8707 0.4212 0.2540
vn -0.9999 -0.0092 -0.0056
vn -0.8613 -0.4347 -0.2629
vn -0.4954 -0.7433 -0.4496
vn -0.0000 -0.8556 -0.5176
vn 0.4954 -0.7433 -0.4496
vn 0.8613 -0.4347 -0.2629
vn 0.8698 0.4498 0.2027
vn 1.0000 -0.0081 -0.0037
vn 0.5038 0.7876 0.3548
vn -0.0000 0.9118 0.4106
vn -0.5038 0.7876 0.3548
vn -0.8698 0.4498 0.2027
vn -1.0000 -0.0081 -0.0037
vn -0.8621 -0.4618 -0.2084
vn -0.4961 -0.7914 -0.3572
vn -0.0000 -0.9114 -0.4114
vn 0.4961 -0.7914 -0.3572
vn 0.8621 -0.4618 -0.2084
vn 0.8698 0.4690 0.1536
vn 1.0000 -0.0084 -0.0027
vn 0.5037 0.8209 0.2691
vn -0.0000 0.9502 0.3116
vn -0.5037 0.8209 0.2691
vn -0.8698 0.4690 0.1536
vn -1.0000 -0.0084 -0.0027
vn -0.8621 -0.4816 -0.1574
vn -0.4961 -0.8253 -0.2696
vn -0.0000 -0.9506 -0.3105
vn 0.4961 -0.8253 -0.2696
vn 0.8622 -0.4816 -0.1574
vn 0.8709 0.4822 0.0948
vn 0.9999 -0.0113 -0.0021
vn 0.5048 0.8469 0.1672
vn -0.0000 0.9810 0.1941
vn -0.5048 0.8469 0.1672
vn -0.8709 0.4822 0.0948
vn -0.9999 -0.0113 -0.0021
vn -0.8609 -0.4994 -0.0969
vn -0.4949 -0.8531 -0.1652
vn -0.0000 -0.9818 -0.1900
vn 0.4949 -0.8531 -0.1652
vn 0.8610 -0.4994 -0.0969
vn 0.8730 0.4875 0.0128
vn 0.9999 -0.0162 -0.0002
vn 0.5071 0.8616 0.0237
vn -0.0000 0.9996 0.0280
vn -0.5071 0.8616 0.0237
vn -0.8730 0.4875 0.0128
vn -0.9999 -0.0162 -0.0002
vn -0.8590 -0.5119 -0.0116
vn -0.4931 -0.8698 -0.0193
vn -0.0000 -0.9998 -0.0220
vn 0.4931 -0.8698 -0.0193
vn 0.8590 -0.5119 -0.0116
vn 0.8749 0.4751 -0.0939
vn 0.9998 -0.0196 0.0040
vn 0.5093 0.8443 -0.1663
vn -0.0000 0.9812 -0.1930
vn -0.5093 0.8443 -0.1663
vn -0.8749 0.4751 -0.0939
vn -0.9998 -0.0196 0.0040
vn -0.8575 -0.5045 0.1005
vn -0.4918 -0.8539 0.1702
vn -0.0000 -0.9807 0.1956
vn 0.4918 -0.8539 0.1702
vn 0.8575 -0.5045 0.1005
vn 0.8746 0.4395 -0.2048
vn 0.9998 -0.0176 0.0081
vn 0.5089 0.7801 -0.3641
vn -0.0000 0.9060 -0.4232
vn -0.5089 0.7801 -0.3641
vn -0.8746 0.4395 -0.2048
vn -0.9998 -0.0176 0.0081
vn -0.8578 -0.4663 0.2163
vn -0.4920 -0.7898 0.3662
vn -0.0000 -0.9073 0.4205
vn 0.4920 -0.7898 0.3662
vn 0.8578 -0.4663 0.2163
vn 0.8723 0.3911 -0.2935
vn 0.9999 -0.0119 0.0088
vn 0.5063 0.6894 -0.5181
vn -0.0000 0.7993 -0.6010
vn -0.5063 0.6894 -0.5181
vn -0.8723 0.3911 -0.2935
vn -0.9999 -0.0119 0.0088
vn -0.8595 -0.4094 0.3059
vn -0.4936 -0.6969 0.5203
vn -0.0000 -0.8014 0.5981
vn 0.4936 -0.6969 0.5203
vn 0.8595 -0.4094 0.3059
vn -0.0000 0.9806 0.1958
vn -0.2753 0.9293 0.2463
vn -0.4812 0.7871 0.3860
vn -0.5625 0.5885 0.5807
vn -0.4930 0.3850 0.7802
vn -0.2871 0.2329 0.9291
vn -0.0000 0.1765 0.9843
vn 0.2871 0.2329 0.9291
vn 0.4930 0.3850 0.7802
vn -0.7993 0.4241 -0.4257
vn -0.6961 0.6133 -0.3731
vn -0.6190 0.7547 -0.2173
vn -0.5904 0.8071 -0.0000
vn -0.6190 0.7547 0.2173
vn -0.6962 0.6133 0.3731
vn -0.7993 0.4241 0.4257
vn -0.9000 0.2394 0.3642
vn -0.9722 0.1070 0.2084
vn -0.9982 0.0591 -0.0000
vn -0.9722 0.1070 -0.2084
vn -0.9000 0.2394 -0.3642
vn -0.4256 0.4241 0.7994
vn -0.3731 0.6133 0.6962
vn -0.2173 0.7547 0.6190
vn -0.0000 0.8071 0.5904
vn 0.2173 0.7547 0.6190
vn 0.3731 0.6133 0.6962
vn 0.4256 0.4241 0.7994
vn 0.3642 0.2394 0.9000
vn 0.2084 0.1070 0.9722
vn -0.0000 0.0591 0.9982
vn -0.2084 0.1070 0.9722
vn -0.3642 0.2394 0.9000
vn 0.7994 0.4241 0.4257
vn 0.6961 0.6133 0.3731
vn 0.6190 0.7547 0.2173
vn 0.5904 0.8071 -0.0000
vn 0.6190 0.7547 -0.2173
vn 0.6962 0.6133 -0.3731
vn 0.7994 0.4241 -0.4256
vn 0.9000 0.2394 -0.3642
vn 0.9722 0.1070 -0.2084
vn 0.9982 0.0591 -0.0000
vn 0.9722 0.1070 0.2084
vn 0.9000 0.2394 0.3642
vn 0.4257 0.4241 -0.7994
vn 0.3731 0.6133 -0.6961
vn 0.2173 0.7547 -0.6190
vn -0.0000 0.8071 -0.5904
vn -0.2173 0.7547 -0.6190
vn -0.3731 0.6133 -0.6961
vn -0.4256 0.4241 -0.7994
vn -0.3642 0.2394 -0.9000
vn -0.2084 0.1070 -0.9722
vn -0.0000 0.0591 -0.9982
vn 0.2084 0.1070 -0.9722
vn 0.3642 0.2394 -0.9000
vn 0.1958 0.9806 -0.0000
vn -0.3264 0.8214 -0.4677
vn -0.0946 0.5722 -0.8147
vn -0.4105 0.9118 -0.0000
vn -0.3264 0.8214 0.4677
vn -0.0946 0.5722 0.8147
vn 0.2260 0.2269 0.9473
vn 0.5507 -0.1232 0.8256
vn 0.7905 -0.3821 0.4787
vn 0.8787 -0.4774 -0.0000
vn 0.7905 -0.3821 -0.4787
vn 0.5507 -0.1232 -0.8256
vn 0.2260 0.2269 -0.9473
vn -0.8147 0.5722 0.0946
vn -0.9473 0.2269 -0.2260
vn -0.4677 0.8214 0.3264
vn -0.0000 0.9118 0.4105
vn 0.4677 0.8214 0.3264
vn 0.8147 0.5722 0.0946
vn 0.9473 0.2269 -0.2260
vn 0.8256 -0.1232 -0.5507
vn 0.4787 -0.3821 -0.7905
vn -0.0000 -0.4774 -0.8787
vn -0.4787 -0.3821 -0.7905
vn -0.8256 -0.1232 -0.5507
vn 0.0946 0.5722 0.8147
vn -0.2260 0.2269 0.9473
vn 0.3264 0.8214 0.4677
vn 0.4105 0.9118 -0.0000
vn 0.3264 0.8214 -0.4677
vn 0.0946 0.5722 -0.8147
vn -0.2260 0.2269 -0.9473
vn -0.5507 -0.1232 -0.8256
vn -0.7905 -0.3821 -0.4787
vn -0.8787 -0.4774 -0.0000
vn -0.7905 -0.3821 0.4787
vn -0.5507 -0.1232 0.8256
vn 0.8147 0.5722 -0.0946
vn 0.9473 0.2269 0.2260
vn 0.4677 0.8214 -0.3264
vn -0.0000 0.9118 -0.4105
vn -0.4677 0.8214 -0.3264
vn -0.8147 0.5722 -0.0946
vn -0.9473 0.2269 0.2260
vn -0.8256 -0.1232 0.5507
vn -0.4787 -0.3821 0.7905
vn -0.0000 -0.4774 0.8787
vn 0.4787 -0.3821 0.7905
vn 0.8256 -0.1232 0.5507
vn -0.8851 0.4654 -0.0000
vn -0.0000 0.4654 0.8851
vn 0.8851 0.4654 -0.0000
vn -0.0000 0.4654 -0.8851
vn -0.5604 0.6640 0.4950
vn -0.7394 0.4571 0.4943
vn -0.4338 0.2682 0.8602
vn -0.2686 0.4451 0.8543
vn -0.6676 0.7445 -0.0000
vn -0.8506 0.5258 -0.0000
vn -0.5604 0.6640 -0.4950
vn -0.7394 0.4571 -0.4943
vn -0.2686 0.4451 -0.8543
vn -0.4338 0.2682 -0.8602
vn 0.1266 0.1484 -0.9808
vn -0.0115 0.0071 -0.9999
vn 0.5168 -0.1448 -0.8437
vn 0.4165 -0.2575 -0.8719
vn 0.7988 -0.3567 -0.4845
vn 0.7337 -0.4535 -0.5060
vn 0.9011 -0.4337 -0.0000
vn 0.8506 -0.5258 -0.0000
vn 0.7988 -0.3567 0.4845
vn 0.7337 -0.4535 0.5060
vn 0.5168 -0.1448 0.8437
vn 0.4165 -0.2575 0.8719
vn 0.1266 0.1483 0.9808
vn -0.0115 0.0071 0.9999
vn -0.4701 0.1960 0.8606
vn -0.0116 0.0049 0.9999
vn -0.8022 0.3344 0.4946
vn -0.9230 0.3848 -0.0000
vn -0.8022 0.3344 -0.4946
vn -0.4701 0.1960 -0.8606
vn -0.0117 0.0049 -0.9999
vn 0.4527 -0.1886 -0.8715
vn 0.7964 -0.3319 -0.5056
vn 0.9231 -0.3846 -0.0000
vn 0.7964 -0.3319 0.5056
vn 0.4527 -0.1886 0.8715
vn -0.4920 0.1267 0.8613
vn -0.0106 0.0027 0.9999
vn -0.8413 0.2166 0.4953
vn -0.9684 0.2494 -0.0000
vn -0.8413 0.2166 -0.4953
vn -0.4921 0.1267 -0.8613
vn -0.0106 0.0027 -0.9999
vn 0.4762 -0.1225 -0.8708
vn 0.8360 -0.2151 -0.5048
vn 0.9685 -0.2491 -0.0000
vn 0.8360 -0.2151 0.5048
vn 0.4762 -0.1225 0.8708
vn -0.5022 0.0666 0.8622
vn -0.0088 0.0012 1.0000
vn -0.8607 0.1142 0.4962
vn -0.9913 0.1316 -0.0000
vn -0.8607 0.1142 -0.4962
vn -0.5022 0.0666 -0.8622
vn -0.0088 0.0012 -1.0000
vn 0.4890 -0.0648 -0.8698
vn 0.8563 -0.1135 -0.5039
vn 0.9913 -0.1314 -0.0000
vn 0.8563 -0.1135 0.5039
vn 0.4890 -0.0648 0.8699
vn -0.5047 0.0186 0.8631
vn -0.0068 0.0003 1.0000
vn -0.8671 0.0321 0.4971
vn -0.9993 0.0369 -0.0000
vn -0.8671 0.0321 -0.4971
vn -0.5047 0.0186 -0.8631
vn -0.0068 0.0003 -1.0000
vn 0.4946 -0.0182 -0.8690
vn 0.8637 -0.0318 -0.5029
vn 0.9993 -0.0368 -0.0000
vn 0.8637 -0.0318 0.5029
vn 0.4946 -0.0182 0.8690
vn -0.5034 -0.0174 0.8639
vn -0.0050 -0.0002 1.0000
vn -0.8667 -0.0300 0.4978
vn -0.9994 -0.0346 -0.0000
vn -0.8668 -0.0300 -0.4978
vn -0.5034 -0.0174 -0.8639
vn -0.0050 -0.0002 -1.0000
vn 0.4960 0.0172 -0.8682
vn 0.8643 0.0300 -0.5022
vn 0.9994 0.0347 -0.0000
vn 0.8643 0.0300 0.5022
vn 0.4960 0.0172 0.8682
vn -0.5008 -0.0436 0.8645
vn -0.0036 -0.0003 1.0000
vn -0.8637 -0.0752 0.4984
vn -0.9962 -0.0867 -0.0000
vn -0.8637 -0.0752 -0.4984
vn -0.5008 -0.0436 -0.8645
vn -0.0036 -0.0003 -1.0000
vn 0.4954 0.0431 -0.8676
vn 0.8619 0.0751 -0.5016
vn 0.9962 0.0868 -0.0000
vn 0.8619 0.0751 0.5016
vn 0.4954 0.0431 0.8676
vn -0.4981 -0.0630 0.8648
vn -0.0028 -0.0004 1.0000
vn -0.8599 -0.1088 0.4988
vn -0.9921 -0.1255 -0.0000
vn -0.8599 -0.1088 -0.4988
vn -0.4982 -0.0630 -0.8648
vn -0.0028 -0.0004 -1.0000
vn 0.4940 0.0625 -0.8672
vn 0.8585 0.1086 -0.5012
vn 0.9921 0.1255 -0.0000
vn 0.8585 0.1086 0.5012
vn 0.4940 0.0625 0.8672
vn -0.4956 -0.0794 0.8649
vn -0.0026 -0.0004 1.0000
vn -0.8558 -0.1372 0.4989
vn -0.8558 -0.1372 -0.4989
vn -0.4957 -0.0794 -0.8649
vn -0.0026 -0.0004 -1.0000
vn 0.4917 0.0788 -0.8672
vn 0.8545 0.1370 -0.5012
vn 0.9874 0.1583 -0.0000
vn 0.8545 0.1370 0.5011
vn 0.4917 0.0788 0.8672
vn -0.4928 -0.0952 0.8649
vn -0.0026 -0.0005 1.0000
vn -0.8509 -0.1643 0.4989
vn -0.9819 -0.1896 -0.0000
vn -0.8510 -0.1643 -0.4989
vn -0.4929 -0.0952 -0.8649
vn -0.0026 -0.0005 -1.0000
vn 0.4890 0.0944 -0.8672
vn 0.8497 0.1641 -0.5011
vn 0.9819 0.1896 -0.0000
vn 0.8497 0.1641 0.5011
vn 0.4890 0.0944 0.8672
vn -0.4896 -0.1106 0.8649
vn -0.0025 -0.0006 1.0000
vn -0.8454 -0.1909 0.4989
vn -0.9754 -0.2203 -0.0000
vn -0.8454 -0.1909 -0.4989
vn -0.4896 -0.1106 -0.8649
vn -0.0025 -0.0006 -1.0000
vn 0.4858 0.1097 -0.8671
vn 0.8441 0.1906 -0.5011
vn 0.9754 0.2203 -0.0000
vn 0.8441 0.1906 0.5011
vn 0.4859 0.1097 0.8671
vn -0.4859 -0.1253 0.8650
vn -0.0024 -0.0006 1.0000
vn -0.8392 -0.2164 0.4989
vn -0.9683 -0.2497 -0.0000
vn -0.8392 -0.2164 -0.4989
vn -0.4859 -0.1253 -0.8650
vn -0.0024 -0.0006 -1.0000
vn 0.4824 0.1244 -0.8671
vn 0.8380 0.2161 -0.5011
vn 0.9683 0.2497 -0.0000
vn 0.8380 0.2161 0.5011
vn 0.4824 0.1244 0.8671
vn -0.4820 -0.1393 0.8650
vn -0.0022 -0.0006 1.0000
vn -0.8325 -0.2405 0.4990
vn -0.9607 -0.2776 -0.0000
vn -0.8326 -0.2405 -0.4990
vn -0.4820 -0.1393 -0.8650
vn -0.0022 -0.0006 -1.0000
vn 0.4787 0.1383 -0.8670
vn 0.8314 0.2402 -0.5010
vn 0.9607 0.2776 -0.0000
vn 0.8314 0.2402 0.5010
vn 0.4787 0.1383 0.8670
vn -0.4780 -0.1521 0.8651
vn -0.0020 -0.0006 1.0000
vn -0.8257 -0.2628 0.4991
vn -0.9529 -0.3033 -0.0000
vn -0.8257 -0.2628 -0.4991
vn -0.4780 -0.1521 -0.8651
vn -0.0020 -0.0006 -1.0000
vn 0.4749 0.1512 -0.8670
vn 0.8247 0.2625 -0.5009
vn 0.9529 0.3033 -0.0000
vn 0.8247 0.2625 0.5009
vn 0.4749 0.1512 0.8669
vn -0.4739 -0.1638 0.8652
vn -0.0018 -0.0006 1.0000
vn -0.8190 -0.2831 0.4992
vn -0.9451 -0.3267 -0.0000
vn -0.8190 -0.2831 -0.4992
vn -0.4739 -0.1638 -0.8652
vn -0.0018 -0.0006 -1.0000
vn 0.4712 0.1629 -0.8669
vn 0.8180 0.2828 -0.5008
vn 0.9451 0.3267 -0.0000
vn 0.8180 0.2828 0.5008
vn 0.4712 0.1629 0.8669
vn -0.4700 -0.1742 0.8653
vn -0.0016 -0.0006 1.0000
vn -0.8124 -0.3012 0.4993
vn -0.9376 -0.3476 -0.0000
vn -0.8124 -0.3012 -0.4993
vn -0.4700 -0.1742 -0.8653
vn -0.0016 -0.0006 -1.0000
vn 0.4676 0.1733 -0.8668
vn 0.8116 0.3009 -0.5008
vn 0.9376 0.3476 -0.0000
vn 0.8116 0.3009 0.5007
vn 0.4676 0.1733 0.8668
vn -0.4664 -0.1835 0.8654
vn -0.0014 -0.0006 1.0000
vn -0.8063 -0.3172 0.4993
vn -0.9306 -0.3661 -0.0000
vn -0.8063 -0.3172 -0.4993
vn -0.4664 -0.1835 -0.8654
vn -0.0014 -0.0006 -1.0000
vn 0.4642 0.1826 -0.8667
vn 0.8056 0.3169 -0.5007
vn 0.9306 0.3661 -0.0000
vn 0.8056 0.3169 0.5007
vn 0.4642 0.1826 0.8667
vn -0.4630 -0.1916 0.8654
vn -0.0013 -0.0005 1.0000
vn -0.8005 -0.3312 0.4994
vn -0.9240 -0.3823 -0.0000
vn -0.8005 -0.3312 -0.4994
vn -0.4630 -0.1916 -0.8654
vn -0.0013 -0.0005 -1.0000
vn 0.4611 0.1908 -0.8666
vn 0.7999 0.3310 -0.5006
vn 0.9240 0.3823 -0.0000
vn 0.7999 0.3310 0.5006
vn 0.4611 0.1908 0.8666
vn -0.4598 -0.1987 0.8655
vn -0.0011 -0.0005 1.0000
vn -0.7953 -0.3436 0.4995
vn -0.9180 -0.3966 -0.0000
vn -0.7953 -0.3436 -0.4995
vn -0.4598 -0.1987 -0.8655
vn -0.0011 -0.0005 -1.0000
vn 0.4582 0.1979 -0.8665
vn 0.7947 0.3433 -0.5005
vn 0.9180 0.3966 -0.0000
vn 0.7947 0.3433 0.5005
vn 0.4582 0.1979 0.8665
vn -0.4570 -0.2049 0.8656
vn -0.0010 -0.0004 1.0000
vn -0.7904 -0.3545 0.4995
vn -0.9124 -0.4092 -0.0000
vn -0.7904 -0.3545 -0.4995
vn -0.4570 -0.2049 -0.8656
vn -0.0010 -0.0004 -1.0000
vn 0.4555 0.2043 -0.8665
vn 0.7899 0.3543 -0.5005
vn 0.9124 0.4092 -0.0000
vn 0.7899 0.3543 0.5005
vn 0.4555 0.2043 0.8665
vn -0.4543 -0.2107 0.8656
vn -0.0009 -0.0004 1.0000
vn -0.7859 -0.3644 0.4996
vn -0.9072 -0.4207 -0.0000
vn -0.7859 -0.3644 -0.4996
vn -0.4543 -0.2107 -0.8656
vn -0.0009 -0.0004 -1.0000
vn 0.4529 0.2100 -0.8665
vn 0.7854 0.3642 -0.5004
vn 0.9072 0.4207 -0.0000
vn 0.7854 0.3642 0.5004
vn 0.4529 0.2100 0.8665
vn -0.4517 -0.2162 0.8656
vn -0.7814 -0.3740 0.4996
vn -0.9020 -0.4317 -0.0000
vn -0.7814 -0.3740 -0.4996
vn -0.4517 -0.2162 -0.8656
vn 0.4503 0.2155 -0.8665
vn 0.7810 0.3737 -0.5004
vn 0.9020 0.4317 -0.0000
vn 0.7810 0.3737 0.5004
vn 0.4503 0.2155 0.8665
vn -0.4490 -0.2217 0.8656
vn -0.0009 -0.0005 1.0000
vn -0.7767 -0.3836 0.4995
vn -0.8966 -0.4428 -0.0000
vn -0.7767 -0.3836 -0.4995
vn -0.4490 -0.2217 -0.8656
vn -0.0009 -0.0005 -1.0000
vn 0.4476 0.2210 -0.8665
vn 0.7763 0.3834 -0.5005
vn 0.8966 0.4428 -0.0000
vn 0.7763 0.3834 0.5004
vn 0.4476 0.2211 0.8665
vn -0.4461 -0.2277 0.8655
vn -0.0010 -0.0005 1.0000
vn -0.7716 -0.3939 0.4995
vn -0.8906 -0.4547 -0.0000
vn -0.7716 -0.3939 -0.4995
vn -0.4461 -0.2277 -0.8655
vn -0.0010 -0.0005 -1.0000
vn 0.4446 0.2270 -0.8665
vn 0.7711 0.3937 -0.5005
vn 0.8906 0.4547 -0.0000
vn 0.7711 0.3937 0.5005
vn 0.4446 0.2270 0.8665
vn -0.4427 -0.2345 0.8655
vn -0.0012 -0.0006 1.0000
vn -0.7656 -0.4055 0.4994
vn -0.8837 -0.4680 -0.0000
vn -0.7656 -0.4055 -0.4994
vn -0.4427 -0.2345 -0.8655
vn -0.0012 -0.0006 -1.0000
vn 0.4410 0.2335 -0.8666
vn 0.7650 0.4052 -0.5006
vn 0.8837 0.4680 -0.0000
vn 0.7650 0.4052 0.5006
vn 0.4410 0.2336 0.8666
vn -0.4387 -0.2424 0.8653
vn -0.0014 -0.0008 1.0000
vn -0.7583 -0.4190 0.4993
vn -0.8753 -0.4837 -0.0000
vn -0.7583 -0.4190 -0.4993
vn -0.4387 -0.2424 -0.8653
vn -0.0014 -0.0008 -1.0000
vn 0.4366 0.2412 -0.8667
vn 0.7577 0.4186 -0.5007
vn 0.8753 0.4836 -0.0000
vn 0.7577 0.4186 0.5007
vn 0.4366 0.2412 0.8667
vn -0.4334 -0.2524 0.8651
vn -0.0018 -0.0011 1.0000
vn -0.7488 -0.4361 0.4991
vn -0.8641 -0.5033 -0.0000
vn -0.7488 -0.4361 -0.4991
vn -0.4334 -0.2524 -0.8651
vn -0.0018 -0.0011 -1.0000
vn 0.4307 0.2508 -0.8669
vn 0.7479 0.4356 -0.5009
vn 0.8641 0.5033 -0.0000
vn 0.7479 0.4356 0.5009
vn 0.4307 0.2508 0.8669
vn -0.4262 -0.2654 0.8648
vn -0.0023 -0.0015 1.0000
vn -0.7357 -0.4582 0.4988
vn -0.8488 -0.5287 -0.0000
vn -0.7357 -0.4582 -0.4988
vn -0.4262 -0.2654 -0.8648
vn -0.0024 -0.0015 -1.0000
vn 0.4226 0.2632 -0.8672
vn 0.7345 0.4575 -0.5012
vn 0.8488 0.5287 -0.0000
vn 0.7345 0.4575 0.5012
vn 0.4227 0.2632 0.8672
vn -0.4164 -0.2814 0.8646
vn -0.0028 -0.0019 1.0000
vn -0.7182 -0.4853 0.4986
vn -0.8286 -0.5599 -0.0000
vn -0.7182 -0.4853 -0.4986
vn -0.4164 -0.2814 -0.8646
vn -0.0028 -0.0019 -1.0000
vn 0.4122 0.2785 -0.8675
vn 0.7169 0.4844 -0.5015
vn 0.8286 0.5599 -0.0000
vn 0.7169 0.4844 0.5015
vn 0.4122 0.2785 0.8675
vn -0.4041 -0.2991 0.8644
vn -0.0030 -0.0022 1.0000
vn -0.6969 -0.5157 0.4984
vn -0.8038 -0.5949 -0.0000
vn -0.6969 -0.5157 -0.4984
vn -0.4041 -0.2991 -0.8644
vn -0.0030 -0.0022 -1.0000
vn 0.3997 0.2958 -0.8676
vn 0.6954 0.5146 -0.5016
vn 0.8038 0.5949 -0.0000
vn 0.6954 0.5146 0.5016
vn 0.3997 0.2958 0.8676
vn -0.3903 -0.3169 0.8644
vn -0.0029 -0.0023 1.0000
vn -0.6730 -0.5465 0.4984
vn -0.7763 -0.6304 -0.0000
vn -0.6730 -0.5465 -0.4984
vn -0.3903 -0.3169 -0.8644
vn -0.0029 -0.0023 -1.0000
vn 0.3860 0.3134 -0.8676
vn 0.6715 0.5454 -0.5016
vn 0.7763 0.6304 -0.0000
vn 0.6715 0.5454 0.5016
vn 0.3860 0.3134 0.8676
vn -0.3761 -0.3333 0.8646
vn -0.0025 -0.0023 1.0000
vn -0.6487 -0.5750 0.4985
vn -0.7484 -0.6633 -0.0000
vn -0.6487 -0.5750 -0.4985
vn -0.3761 -0.3333 -0.8646
vn -0.0025 -0.0023 -1.0000
vn 0.3723 0.3299 -0.8675
vn 0.6475 0.5739 -0.5015
vn 0.7484 0.6633 -0.0000
vn 0.6475 0.5739 0.5015
vn 0.3723 0.3299 0.8675
vn -0.3628 -0.3473 0.8648
vn -0.0021 -0.0020 1.0000
vn -0.6261 -0.5994 0.4987
vn -0.7224 -0.6915 -0.0000
vn -0.6261 -0.5994 -0.4987
vn -0.3628 -0.3473 -0.8648
vn -0.0021 -0.0020 -1.0000
vn 0.3596 0.3442 -0.8673
vn 0.6251 0.5984 -0.5013
vn 0.7224 0.6915 -0.0000
vn 0.6251 0.5984 0.5013
vn 0.3596 0.3442 0.8673
vn -0.2090 -0.4829 0.8504
vn 0.1391 -0.1366 0.9808
vn -0.4643 -0.7369 -0.4914
vn -0.5578 -0.8300 -0.0000
vn -0.2090 -0.4829 -0.8504
vn 0.1391 -0.1366 -0.9808
vn 0.4864 0.2089 -0.8484
vn 0.7400 0.4614 -0.4894
vn 0.8328 0.5536 -0.0000
vn 0.7400 0.4614 0.4894
vn 0.4864 0.2089 0.8484
vn 0.4987 -0.5994 0.6261
vn 0.4914 -0.7369 0.4643
vn 0.8504 -0.4829 0.2090
vn 0.8648 -0.3473 0.3628
vn 0.4950 0.6640 0.5604
vn 0.4943 0.4571 0.7394
vn 0.8602 0.2682 0.4338
vn 0.8543 0.4451 0.2686
vn -0.0000 0.7445 0.6676
vn -0.0000 0.5258 0.8506
vn -0.4950 0.6640 0.5604
vn -0.4943 0.4571 0.7394
vn -0.8543 0.4451 0.2686
vn -0.8602 0.2682 0.4338
vn -0.9808 0.1483 -0.1266
vn -0.9999 0.0071 0.0115
vn -0.8437 -0.1448 -0.5168
vn -0.8719 -0.2575 -0.4165
vn -0.4845 -0.3567 -0.7988
vn -0.5060 -0.4535 -0.7337
vn -0.0000 -0.4337 -0.9011
vn -0.0000 -0.5258 -0.8506
vn 0.4845 -0.3567 -0.7988
vn 0.5060 -0.4535 -0.7337
vn 0.8437 -0.1448 -0.5168
vn 0.8719 -0.2575 -0.4165
vn 0.9808 0.1483 -0.1266
vn 0.9999 0.0071 0.0115
vn 0.8606 0.1960 0.4701
vn 0.9999 0.0049 0.0116
vn 0.4946 0.3344 0.8022
vn -0.0000 0.3848 0.9230
vn -0.4946 0.3344 0.8022
vn -0.8606 0.1960 0.4701
vn -0.9999 0.0049 0.0117
vn -0.8715 -0.1886 -0.4527
vn -0.5056 -0.3319 -0.7964
vn -0.0000 -0.3846 -0.9231
vn 0.5056 -0.3319 -0.7964
vn 0.8715 -0.1886 -0.4527
vn 0.8613 0.1267 0.4921
vn 0.9999 0.0027 0.0106
vn 0.4953 0.2166 0.8413
vn -0.0000 0.2494 0.9684
vn -0.4953 0.2166 0.8413
vn -0.8613 0.1267 0.4921
vn -0.9999 0.0027 0.0106
vn -0.8708 -0.1225 -0.4762
vn -0.5048 -0.2151 -0.8360
vn -0.0000 -0.2492 -0.9685
vn 0.5048 -0.2151 -0.8360
vn 0.8708 -0.1225 -0.4762
vn 0.8622 0.0666 0.5022
vn 1.0000 0.0012 0.0088
vn 0.4962 0.1142 0.8607
vn -0.0000 0.1316 0.9913
vn -0.4962 0.1142 0.8607
vn -0.8622 0.0666 0.5022
vn -1.0000 0.0012 0.0088
vn -0.8698 -0.0648 -0.4890
vn -0.5039 -0.1135 -0.8563
vn -0.0000 -0.1314 -0.9913
vn 0.5039 -0.1135 -0.8563
vn 0.8699 -0.0648 -0.4890
vn 0.8631 0.0186 0.5047
vn 1.0000 0.0003 0.0068
vn 0.4971 0.0321 0.8671
vn -0.0000 0.0369 0.9993
vn -0.4971 0.0321 0.8671
vn -0.8631 0.0186 0.5047
vn -1.0000 0.0003 0.0068
vn -0.8690 -0.0182 -0.4946
vn -0.5029 -0.0318 -0.8637
vn -0.0000 -0.0368 -0.9993
vn 0.5030 -0.0318 -0.8637
vn 0.8690 -0.0182 -0.4946
vn 0.8639 -0.0174 0.5034
vn 1.0000 -0.0002 0.0050
vn 0.4978 -0.0300 0.8667
vn -0.0000 -0.0346 0.9994
vn -0.4978 -0.0300 0.8668
vn -0.8639 -0.0174 0.5034
vn -1.0000 -0.0002 0.0050
vn -0.8682 0.0172 -0.4960
vn -0.5022 0.0300 -0.8643
vn -0.0000 0.0347 -0.9994
vn 0.5022 0.0300 -0.8643
vn 0.8682 0.0172 -0.4960
vn 0.8645 -0.0436 0.5008
vn 1.0000 -0.0003 0.0036
vn 0.4984 -0.0752 0.8637
vn -0.0000 -0.0867 0.9962
vn -0.4984 -0.0752 0.8637
vn -0.8645 -0.0436 0.5008
vn -1.0000 -0.0003 0.0036
vn -0.8676 0.0431 -0.4954
vn -0.5016 0.0751 -0.8619
vn -0.0000 0.0868 -0.9962
vn 0.5016 0.0751 -0.8619
vn 0.8676 0.0431 -0.4954
vn 0.8648 -0.0630 0.4981
vn 1.0000 -0.0004 0.0028
vn 0.4988 -0.1088 0.8599
vn -0.0000 -0.1255 0.9921
vn -0.4988 -0.1088 0.8599
vn -0.8648 -0.0630 0.4981
vn -1.0000 -0.0004 0.0028
vn -0.8672 0.0625 -0.4939
vn -0.5012 0.1086 -0.8585
vn -0.0000 0.1255 -0.9921
vn 0.5012 0.1086 -0.8585
vn 0.8672 0.0625 -0.4940
vn 0.8649 -0.0794 0.4956
vn 1.0000 -0.0004 0.0026
vn 0.4989 -0.1372 0.8558
vn -0.4989 -0.1372 0.8558
vn -0.8649 -0.0794 0.4957
vn -1.0000 -0.0004 0.0026
vn -0.8672 0.0788 -0.4917
vn -0.5011 0.1370 -0.8545
vn -0.0000 0.1583 -0.9874
vn 0.5011 0.1370 -0.8545
vn 0.8672 0.0788 -0.4917
vn 0.8649 -0.0952 0.4928
vn 1.0000 -0.0005 0.0026
vn 0.4989 -0.1643 0.8509
vn -0.0000 -0.1896 0.9819
vn -0.4989 -0.1643 0.8510
vn -0.8649 -0.0952 0.4929
vn -1.0000 -0.0005 0.0026
vn -0.8672 0.0944 -0.4890
vn -0.5011 0.1641 -0.8497
vn -0.0000 0.1896 -0.9819
vn 0.5011 0.1641 -0.8497
vn 0.8672 0.0944 -0.4890
vn 0.8649 -0.1106 0.4896
vn 1.0000 -0.0006 0.0025
vn 0.4989 -0.1909 0.8454
vn -0.0000 -0.2203 0.9754
vn -0.4989 -0.1909 0.8454
vn -0.8649 -0.1106 0.4896
vn -1.0000 -0.0006 0.0025
vn -0.8671 0.1097 -0.4858
vn -0.5011 0.1906 -0.8441
vn -0.0000 0.2203 -0.9754
vn 0.5011 0.1906 -0.8441
vn 0.8671 0.1097 -0.4858
vn 0.8650 -0.1253 0.4859
vn 1.0000 -0.0006 0.0024
vn 0.4989 -0.2164 0.8392
vn -0.0000 -0.2497 0.9683
vn -0.4989 -0.2164 0.8392
vn -0.8650 -0.1253 0.4859
vn -1.0000 -0.0006 0.0024
vn -0.8671 0.1244 -0.4824
vn -0.5011 0.2161 -0.8380
vn -0.0000 0.2497 -0.9683
vn 0.5011 0.2161 -0.8380
vn 0.8671 0.1244 -0.4824
vn 0.8650 -0.1393 0.4820
vn 1.0000 -0.0006 0.0022
vn 0.4990 -0.2405 0.8325
vn -0.0000 -0.2776 0.9607
vn -0.4990 -0.2405 0.8326
vn -0.8650 -0.1393 0.4820
vn -1.0000 -0.0006 0.0022
vn -0.8670 0.1383 -0.4787
vn -0.5010 0.2402 -0.8314
vn -0.0000 0.2776 -0.9607
vn 0.5010 0.2402 -0.8314
vn 0.8670 0.1383 -0.4787
vn 0.8651 -0.1521 0.4780
vn 1.0000 -0.0006 0.0020
vn 0.4991 -0.2628 0.8257
vn -0.0000 -0.3033 0.9529
vn -0.4991 -0.2628 0.8257
vn -0.8651 -0.1521 0.4780
vn -1.0000 -0.0006 0.0020
vn -0.8669 0.1512 -0.4749
vn -0.5009 0.2625 -0.8247
vn -0.0000 0.3033 -0.9529
vn 0.5009 0.2625 -0.8247
vn 0.8669 0.1512 -0.4749
vn 0.8652 -0.1638 0.4739
vn 1.0000 -0.0006 0.0018
vn 0.4992 -0.2831 0.8190
vn -0.0000 -0.3267 0.9451
vn -0.4992 -0.2831 0.8190
vn -0.8652 -0.1638 0.4739
vn -1.0000 -0.0006 0.0018
vn -0.8669 0.1629 -0.4712
vn -0.5008 0.2828 -0.8180
vn -0.0000 0.3267 -0.9451
vn 0.5008 0.2828 -0.8180
vn 0.8669 0.1629 -0.4712
vn 0.8653 -0.1742 0.4700
vn 1.0000 -0.0006 0.0016
vn 0.4993 -0.3012 0.8124
vn -0.0000 -0.3476 0.9376
vn -0.4993 -0.3012 0.8124
vn -0.8653 -0.1742 0.4700
vn -1.0000 -0.0006 0.0016
vn -0.8668 0.1733 -0.4676
vn -0.5007 0.3009 -0.8116
vn -0.0000 0.3476 -0.9376
vn 0.5008 0.3009 -0.8116
vn 0.8668 0.1733 -0.4676
vn 0.8654 -0.1835 0.4664
vn 1.0000 -0.0006 0.0014
vn 0.4993 -0.3172 0.8063
vn -0.0000 -0.3661 0.9306
vn -0.4993 -0.3172 0.8063
vn -0.8654 -0.1835 0.4664
vn -1.0000 -0.0006 0.0014
vn -0.8667 0.1826 -0.4642
vn -0.5007 0.3169 -0.8056
vn -0.0000 0.3661 -0.9306
vn 0.5007 0.3169 -0.8056
vn 0.8667 0.1826 -0.4642
vn 0.8654 -0.1916 0.4629
vn 1.0000 -0.0005 0.0013
vn 0.4994 -0.3312 0.8005
vn -0.0000 -0.3823 0.9240
vn -0.4994 -0.3312 0.8005
vn -0.8654 -0.1915 0.4629
vn -1.0000 -0.0005 0.0013
vn -0.8666 0.1908 -0.4611
vn -0.5006 0.3310 -0.7999
vn -0.0000 0.3823 -0.9240
vn 0.5006 0.3310 -0.7999
vn 0.8666 0.1908 -0.4611
vn 0.8655 -0.1987 0.4598
vn 1.0000 -0.0005 0.0011
vn 0.4995 -0.3436 0.7953
vn -0.0000 -0.3966 0.9180
vn -0.4995 -0.3436 0.7953
vn -0.8655 -0.1987 0.4598
vn -1.0000 -0.0005 0.0011
vn -0.8665 0.1979 -0.4582
vn -0.5005 0.3433 -0.7947
vn -0.0000 0.3966 -0.9180
vn 0.5005 0.3433 -0.7947
vn 0.8665 0.1979 -0.4582
vn 0.8656 -0.2049 0.4570
vn 1.0000 -0.0004 0.0010
vn 0.4995 -0.3545 0.7904
vn -0.0000 -0.4092 0.9124
vn -0.4995 -0.3545 0.7904
vn -0.8656 -0.2049 0.4570
vn -1.0000 -0.0004 0.0010
vn -0.8665 0.2043 -0.4555
vn -0.5005 0.3543 -0.7899
vn -0.0000 0.4092 -0.9124
vn 0.5005 0.3543 -0.7899
vn 0.8665 0.2043 -0.4555
vn 0.8656 -0.2107 0.4543
vn 1.0000 -0.0004 0.0009
vn 0.4996 -0.3644 0.7859
vn -0.0000 -0.4207 0.9072
vn -0.4996 -0.3644 0.7859
vn -0.8656 -0.2107 0.4543
vn -1.0000 -0.0004 0.0009
vn -0.8665 0.2100 -0.4529
vn -0.5004 0.3642 -0.7854
vn -0.0000 0.4207 -0.9072
vn 0.5004 0.3642 -0.7854
vn 0.8665 0.2100 -0.4529
vn 0.8656 -0.2162 0.4517
vn 0.4996 -0.3740 0.7814
vn -0.0000 -0.4317 0.9020
vn -0.4996 -0.3740 0.7814
vn -0.8656 -0.2162 0.4517
vn -0.8665 0.2155 -0.4503
vn -0.5004 0.3737 -0.7809
vn -0.0000 0.4317 -0.9020
vn 0.5004 0.3737 -0.7810
vn 0.8665 0.2155 -0.4503
vn 0.8656 -0.2217 0.4490
vn 1.0000 -0.0005 0.0009
vn 0.4996 -0.3836 0.7767
vn -0.0000 -0.4428 0.8966
vn -0.4995 -0.3836 0.7767
vn -0.8656 -0.2217 0.4490
vn -1.0000 -0.0005 0.0009
vn -0.8665 0.2210 -0.4476
vn -0.5005 0.3834 -0.7763
vn -0.0000 0.4428 -0.8966
vn 0.5005 0.3834 -0.7763
vn 0.8665 0.2211 -0.4476
vn 0.8655 -0.2277 0.4461
vn 1.0000 -0.0005 0.0010
vn 0.4995 -0.3939 0.7716
vn -0.0000 -0.4547 0.8906
vn -0.4995 -0.3939 0.7716
vn -0.8655 -0.2277 0.4461
vn -1.0000 -0.0005 0.0010
vn -0.8665 0.2270 -0.4446
vn -0.5005 0.3937 -0.7711
vn -0.0000 0.4547 -0.8906
vn 0.5005 0.3937 -0.7711
vn 0.8665 0.2270 -0.4446
vn 0.8655 -0.2345 0.4427
vn 1.0000 -0.0006 0.0012
vn 0.4994 -0.4055 0.7656
vn -0.0000 -0.4680 0.8837
vn -0.4994 -0.4055 0.7656
vn -0.8655 -0.2345 0.4427
vn -1.0000 -0.0006 0.0012
vn -0.8666 0.2336 -0.4410
vn -0.5006 0.4052 -0.7650
vn -0.0000 0.4680 -0.8837
vn 0.5006 0.4052 -0.7650
vn 0.8666 0.2335 -0.4410
vn 0.8653 -0.2424 0.4387
vn 1.0000 -0.0008 0.0014
vn 0.4993 -0.4190 0.7583
vn -0.0000 -0.4837 0.8753
vn -0.4993 -0.4190 0.7583
vn -0.8653 -0.2424 0.4387
vn -1.0000 -0.0008 0.0014
vn -0.8667 0.2412 -0.4366
vn -0.5007 0.4186 -0.7577
vn -0.0000 0.4836 -0.8753
vn 0.5007 0.4186 -0.7577
vn 0.8667 0.2412 -0.4366
vn 0.8651 -0.2524 0.4334
vn 1.0000 -0.0011 0.0018
vn 0.4991 -0.4361 0.7488
vn -0.0000 -0.5033 0.8641
vn -0.4991 -0.4361 0.7488
vn -0.8651 -0.2524 0.4334
vn -1.0000 -0.0011 0.0018
vn -0.8669 0.2508 -0.4307
vn -0.5009 0.4356 -0.7479
vn -0.0000 0.5033 -0.8641
vn 0.5009 0.4356 -0.7479
vn 0.8669 0.2508 -0.4307
vn 0.8648 -0.2654 0.4262
vn 1.0000 -0.0015 0.0023
vn 0.4988 -0.4582 0.7357
vn -0.0000 -0.5287 0.8488
vn -0.4988 -0.4582 0.7357
vn -0.8648 -0.2654 0.4262
vn -1.0000 -0.0015 0.0024
vn -0.8672 0.2632 -0.4226
vn -0.5012 0.4575 -0.7345
vn -0.0000 0.5287 -0.8488
vn 0.5012 0.4575 -0.7345
vn 0.8672 0.2632 -0.4227
vn 0.8646 -0.2813 0.4164
vn 1.0000 -0.0019 0.0028
vn 0.4986 -0.4853 0.7182
vn -0.0000 -0.5599 0.8286
vn -0.4986 -0.4853 0.7182
vn -0.8646 -0.2813 0.4164
vn -1.0000 -0.0019 0.0028
vn -0.8675 0.2785 -0.4122
vn -0.5015 0.4844 -0.7169
vn -0.0000 0.5599 -0.8286
vn 0.5015 0.4844 -0.7169
vn 0.8675 0.2785 -0.4122
vn 0.8644 -0.2991 0.4041
vn 1.0000 -0.0022 0.0030
vn 0.4984 -0.5157 0.6969
vn -0.0000 -0.5949 0.8038
vn -0.4984 -0.5157 0.6969
vn -0.8644 -0.2991 0.4041
vn -1.0000 -0.0022 0.0030
vn -0.8676 0.2958 -0.3997
vn -0.5016 0.5146 -0.6954
vn -0.0000 0.5949 -0.8038
vn 0.5016 0.5146 -0.6954
vn 0.8676 0.2958 -0.3997
vn 0.8644 -0.3169 0.3903
vn 1.0000 -0.0023 0.0029
vn 0.4984 -0.5465 0.6730
vn -0.0000 -0.6304 0.7763
vn -0.4984 -0.5465 0.6730
vn -0.8644 -0.3169 0.3903
vn -1.0000 -0.0023 0.0029
vn -0.8676 0.3134 -0.3860
vn -0.5016 0.5454 -0.6715
vn -0.0000 0.6304 -0.7763
vn 0.5016 0.5454 -0.6715
vn 0.8676 0.3134 -0.3860
vn 0.8646 -0.3333 0.3761
vn 1.0000 -0.0023 0.0025
vn 0.4985 -0.5750 0.6487
vn -0.0000 -0.6633 0.7484
vn -0.4985 -0.5750 0.6487
vn -0.8646 -0.3333 0.3761
vn -1.0000 -0.0023 0.0025
vn -0.8675 0.3299 -0.3723
vn -0.5015 0.5739 -0.6475
vn -0.0000 0.6633 -0.7484
vn 0.5015 0.5739 -0.6475
vn 0.8675 0.3299 -0.3723
vn 1.0000 -0.0020 0.0021
vn -0.0000 -0.6915 0.7224
vn -0.4987 -0.5994 0.6261
vn -0.8648 -0.3473 0.3628
vn -1.0000 -0.0020 0.0021
vn -0.8673 0.3442 -0.3596
vn -0.5013 0.5984 -0.6251
vn -0.0000 0.6915 -0.7224
vn 0.5013 0.5984 -0.6251
vn 0.8673 0.3442 -0.3596
vn 0.9808 -0.1366 -0.1391
vn -0.4914 -0.7369 0.4643
vn -0.0000 -0.8299 0.5578
vn -0.8504 -0.4829 0.2090
vn -0.9808 -0.1366 -0.1391
vn -0.8484 0.2090 -0.4864
vn -0.4894 0.4614 -0.7400
vn -0.0000 0.5536 -0.8328
vn 0.4894 0.4614 -0.7400
vn 0.8484 0.2090 -0.4864
vn 0.6261 -0.5994 -0.4987
vn 0.4643 -0.7369 -0.4914
vn 0.2090 -0.4829 -0.8504
vn 0.3628 -0.3473 -0.8648
vn 0.5604 0.6640 -0.4950
vn 0.7394 0.4571 -0.4943
vn 0.4338 0.2682 -0.8602
vn 0.2686 0.4451 -0.8543
vn 0.6676 0.7445 -0.0000
vn 0.8506 0.5258 -0.0000
vn 0.5604 0.6640 0.4950
vn 0.7394 0.4571 0.4943
vn 0.2686 0.4451 0.8543
vn 0.4338 0.2682 0.8602
vn -0.1266 0.1484 0.9808
vn 0.0115 0.0071 0.9999
vn -0.5168 -0.1448 0.8437
vn -0.4165 -0.2575 0.8719
vn -0.7988 -0.3567 0.4845
vn -0.7337 -0.4535 0.5060
vn -0.9011 -0.4337 -0.0000
vn -0.8506 -0.5258 -0.0000
vn -0.7988 -0.3567 -0.4845
vn -0.7337 -0.4535 -0.5060
vn -0.5168 -0.1448 -0.8437
vn -0.4165 -0.2575 -0.8719
vn -0.1266 0.1483 -0.9808
vn 0.0115 0.0071 -0.9999
vn 0.4701 0.1960 -0.8606
vn 0.0117 0.0049 -0.9999
vn 0.8022 0.3344 -0.4946
vn 0.9230 0.3848 -0.0000
vn 0.8022 0.3344 0.4946
vn 0.4701 0.1960 0.8606
vn 0.0117 0.0049 0.9999
vn -0.4527 -0.1886 0.8715
vn -0.7964 -0.3319 0.5056
vn -0.9231 -0.3846 -0.0000
vn -0.7964 -0.3319 -0.5056
vn -0.4527 -0.1886 -0.8715
vn 0.4921 0.1267 -0.8613
vn 0.0106 0.0027 -0.9999
vn 0.8413 0.2166 -0.4953
vn 0.9684 0.2494 -0.0000
vn 0.8413 0.2166 0.4953
vn 0.4921 0.1267 0.8613
vn 0.0106 0.0027 0.9999
vn -0.4762 -0.1225 0.8708
vn -0.8360 -0.2151 0.5048
vn -0.9685 -0.2492 -0.0000
vn -0.8360 -0.2151 -0.5048
vn -0.4762 -0.1225 -0.8708
vn 0.5022 0.0666 -0.8622
vn 0.0088 0.0012 -1.0000
vn 0.8607 0.1142 -0.4962
vn 0.9913 0.1316 -0.0000
vn 0.8607 0.1142 0.4962
vn 0.5022 0.0666 0.8622
vn 0.0088 0.0012 1.0000
vn -0.4890 -0.0648 0.8699
vn -0.8563 -0.1135 0.5039
vn -0.9913 -0.1314 -0.0000
vn -0.8563 -0.1135 -0.5039
vn -0.4890 -0.0648 -0.8699
vn 0.5047 0.0186 -0.8631
vn 0.0068 0.0003 -1.0000
vn 0.8671 0.0321 -0.4971
vn 0.9993 0.0369 -0.0000
vn 0.8671 0.0321 0.4971
vn 0.5047 0.0186 0.8631
vn 0.0068 0.0003 1.0000
vn -0.4946 -0.0182 0.8690
vn -0.8637 -0.0318 0.5030
vn -0.9993 -0.0368 -0.0000
vn -0.8637 -0.0318 -0.5030
vn -0.4946 -0.0182 -0.8690
vn 0.5034 -0.0174 -0.8639
vn 0.0050 -0.0002 -1.0000
vn 0.8667 -0.0300 -0.4978
vn 0.9994 -0.0346 -0.0000
vn 0.8667 -0.0300 0.4978
vn 0.5034 -0.0174 0.8639
vn 0.0050 -0.0002 1.0000
vn -0.4960 0.0172 0.8682
vn -0.8643 0.0300 0.5022
vn -0.9994 0.0347 -0.0000
vn -0.8643 0.0300 -0.5022
vn -0.4960 0.0172 -0.8682
vn 0.5008 -0.0436 -0.8645
vn 0.0036 -0.0003 -1.0000
vn 0.8637 -0.0752 -0.4984
vn 0.9962 -0.0867 -0.0000
vn 0.8637 -0.0752 0.4984
vn 0.5008 -0.0436 0.8645
vn 0.0036 -0.0003 1.0000
vn -0.4954 0.0431 0.8676
vn -0.8619 0.0751 0.5016
vn -0.9962 0.0868 -0.0000
vn -0.8619 0.0751 -0.5016
vn -0.4954 0.0431 -0.8676
vn 0.4981 -0.0630 -0.8648
vn 0.0028 -0.0004 -1.0000
vn 0.8599 -0.1088 -0.4988
vn 0.9921 -0.1255 -0.0000
vn 0.8599 -0.1088 0.4988
vn 0.4981 -0.0630 0.8648
vn 0.0028 -0.0004 1.0000
vn -0.4939 0.0625 0.8672
vn -0.8585 0.1086 0.5012
vn -0.9921 0.1255 -0.0000
vn -0.8585 0.1086 -0.5012
vn -0.4940 0.0625 -0.8672
vn 0.4956 -0.0794 -0.8649
vn 0.0026 -0.0004 -1.0000
vn 0.8558 -0.1372 -0.4989
vn 0.8558 -0.1372 0.4989
vn 0.4956 -0.0794 0.8649
vn 0.0026 -0.0004 1.0000
vn -0.4917 0.0788 0.8672
vn -0.8545 0.1370 0.5012
vn -0.9874 0.1583 -0.0000
vn -0.8545 0.1370 -0.5011
vn -0.4917 0.0788 -0.8672
vn 0.4928 -0.0952 -0.8649
vn 0.0026 -0.0005 -1.0000
vn 0.8509 -0.1643 -0.4989
vn 0.9819 -0.1896 -0.0000
vn 0.8509 -0.1643 0.4989
vn 0.4928 -0.0952 0.8649
vn 0.0026 -0.0005 1.0000
vn -0.4890 0.0944 0.8672
vn -0.8497 0.1641 0.5011
vn -0.9819 0.1896 -0.0000
vn -0.8497 0.1641 -0.5011
vn -0.4890 0.0944 -0.8672
vn 0.4896 -0.1106 -0.8649
vn 0.0025 -0.0006 -1.0000
vn 0.8454 -0.1909 -0.4989
vn 0.9754 -0.2203 -0.0000
vn 0.8454 -0.1909 0.4989
vn 0.4896 -0.1106 0.8649
vn 0.0025 -0.0006 1.0000
vn -0.4858 0.1097 0.8671
vn -0.8441 0.1906 0.5011
vn -0.9754 0.2203 -0.0000
vn -0.8441 0.1906 -0.5011
vn -0.4858 0.1097 -0.8671
vn 0.4859 -0.1253 -0.8650
vn 0.0024 -0.0006 -1.0000
vn 0.8392 -0.2164 -0.4989
vn 0.9683 -0.2497 -0.0000
vn 0.8392 -0.2164 0.4989
vn 0.4859 -0.1253 0.8650
vn 0.0024 -0.0006 1.0000
vn -0.4824 0.1244 0.8671
vn -0.8380 0.2161 0.5011
vn -0.9683 0.2497 -0.0000
vn -0.8380 0.2161 -0.5011
vn -0.4824 0.1244 -0.8671
vn 0.4820 -0.1393 -0.8650
vn 0.0022 -0.0006 -1.0000
vn 0.8326 -0.2405 -0.4990
vn 0.9607 -0.2776 -0.0000
vn 0.8325 -0.2405 0.4990
vn 0.4820 -0.1393 0.8650
vn 0.0022 -0.0006 1.0000
vn -0.4787 0.1383 0.8670
vn -0.8314 0.2402 0.5010
vn -0.9607 0.2776 -0.0000
vn -0.8314 0.2402 -0.5010
vn -0.4787 0.1383 -0.8670
vn 0.4780 -0.1521 -0.8651
vn 0.0020 -0.0006 -1.0000
vn 0.8257 -0.2628 -0.4991
vn 0.9529 -0.3033 -0.0000
vn 0.8257 -0.2628 0.4991
vn 0.4780 -0.1521 0.8651
vn 0.0020 -0.0006 1.0000
vn -0.4749 0.1512 0.8669
vn -0.8247 0.2625 0.5009
vn -0.9529 0.3033 -0.0000
vn -0.8247 0.2625 -0.5009
vn -0.4749 0.1512 -0.8669
vn 0.4739 -0.1638 -0.8652
vn 0.0018 -0.0006 -1.0000
vn 0.8190 -0.2831 -0.4992
vn 0.9451 -0.3267 -0.0000
vn 0.8190 -0.2831 0.4992
vn 0.4739 -0.1638 0.8652
vn 0.0018 -0.0006 1.0000
vn -0.4712 0.1629 0.8669
vn -0.8180 0.2828 0.5008
vn -0.9451 0.3267 -0.0000
vn -0.8180 0.2828 -0.5008
vn -0.4712 0.1629 -0.8669
vn 0.4700 -0.1742 -0.8653
vn 0.0016 -0.0006 -1.0000
vn 0.8124 -0.3012 -0.4993
vn 0.9376 -0.3476 -0.0000
vn 0.8124 -0.3012 0.4993
vn 0.4700 -0.1742 0.8653
vn 0.0016 -0.0006 1.0000
vn -0.4676 0.1733 0.8668
vn -0.8116 0.3009 0.5007
vn -0.9376 0.3476 -0.0000
vn -0.8116 0.3009 -0.5007
vn -0.4676 0.1734 -0.8668
vn 0.4664 -0.1835 -0.8654
vn 0.0014 -0.0006 -1.0000
vn 0.8063 -0.3172 -0.4993
vn 0.9306 -0.3661 -0.0000
vn 0.8063 -0.3172 0.4993
vn 0.4664 -0.1835 0.8654
vn 0.0014 -0.0006 1.0000
vn -0.4642 0.1826 0.8667
vn -0.8056 0.3169 0.5007
vn -0.9306 0.3661 -0.0000
vn -0.8056 0.3169 -0.5007
vn -0.4642 0.1826 -0.8667
vn 0.4629 -0.1916 -0.8654
vn 0.0012 -0.0005 -1.0000
vn 0.8005 -0.3312 -0.4994
vn 0.9240 -0.3823 -0.0000
vn 0.8005 -0.3312 0.4994
vn 0.4630 -0.1916 0.8654
vn 0.0013 -0.0005 1.0000
vn -0.4611 0.1908 0.8666
vn -0.7999 0.3310 0.5006
vn -0.9240 0.3823 -0.0000
vn -0.7999 0.3310 -0.5006
vn -0.4611 0.1908 -0.8666
vn 0.4598 -0.1987 -0.8655
vn 0.0011 -0.0005 -1.0000
vn 0.7953 -0.3436 -0.4995
vn 0.9180 -0.3966 -0.0000
vn 0.7953 -0.3436 0.4995
vn 0.4598 -0.1987 0.8655
vn 0.0011 -0.0005 1.0000
vn -0.4582 0.1979 0.8665
vn -0.7947 0.3433 0.5005
vn -0.9180 0.3966 -0.0000
vn -0.7947 0.3433 -0.5005
vn -0.4582 0.1979 -0.8665
vn 0.4569 -0.2049 -0.8656
vn 0.0010 -0.0004 -1.0000
vn 0.7904 -0.3545 -0.4995
vn 0.9124 -0.4092 -0.0000
vn 0.7904 -0.3545 0.4995
vn 0.4570 -0.2049 0.8656
vn 0.0010 -0.0004 1.0000
vn -0.4555 0.2043 0.8665
vn -0.7899 0.3543 0.5005
vn -0.9124 0.4092 -0.0000
vn -0.7899 0.3543 -0.5005
vn -0.4555 0.2043 -0.8665
vn 0.4543 -0.2107 -0.8656
vn 0.0009 -0.0004 -1.0000
vn 0.7859 -0.3644 -0.4996
vn 0.9072 -0.4207 -0.0000
vn 0.7859 -0.3644 0.4996
vn 0.4543 -0.2107 0.8656
vn 0.0009 -0.0004 1.0000
vn -0.4529 0.2100 0.8665
vn -0.7854 0.3642 0.5004
vn -0.9072 0.4207 -0.0000
vn -0.7854 0.3642 -0.5004
vn -0.4529 0.2100 -0.8665
vn 0.4517 -0.2162 -0.8656
vn 0.7814 -0.3740 -0.4996
vn 0.9020 -0.4317 -0.0000
vn 0.7814 -0.3740 0.4996
vn 0.4517 -0.2162 0.8656
vn -0.4503 0.2155 0.8665
vn -0.7810 0.3737 0.5004
vn -0.9020 0.4317 -0.0000
vn -0.7810 0.3737 -0.5004
vn -0.4503 0.2155 -0.8665
vn 0.4490 -0.2217 -0.8656
vn 0.0009 -0.0005 -1.0000
vn 0.7767 -0.3836 -0.4995
vn 0.8966 -0.4428 -0.0000
vn 0.7767 -0.3836 0.4996
vn 0.4490 -0.2217 0.8656
vn 0.0009 -0.0005 1.0000
vn -0.4476 0.2210 0.8665
vn -0.7763 0.3834 0.5005
vn -0.8966 0.4428 -0.0000
vn -0.7763 0.3834 -0.5005
vn -0.4476 0.2211 -0.8665
vn 0.4461 -0.2277 -0.8655
vn 0.0010 -0.0005 -1.0000
vn 0.7716 -0.3939 -0.4995
vn 0.8906 -0.4547 -0.0000
vn 0.7716 -0.3939 0.4995
vn 0.4461 -0.2277 0.8655
vn 0.0010 -0.0005 1.0000
vn -0.4446 0.2270 0.8665
vn -0.7711 0.3937 0.5005
vn -0.8906 0.4547 -0.0000
vn -0.7711 0.3937 -0.5005
vn -0.4446 0.2270 -0.8665
vn 0.4427 -0.2345 -0.8654
vn 0.0012 -0.0006 -1.0000
vn 0.7656 -0.4055 -0.4994
vn 0.8837 -0.4680 -0.0000
vn 0.7656 -0.4055 0.4994
vn 0.4427 -0.2345 0.8655
vn 0.0012 -0.0006 1.0000
vn -0.4410 0.2335 0.8666
vn -0.7650 0.4052 0.5006
vn -0.8837 0.4680 -0.0000
vn -0.7650 0.4052 -0.5006
vn -0.4410 0.2336 -0.8666
vn 0.4387 -0.2424 -0.8653
vn 0.0014 -0.0008 -1.0000
vn 0.7584 -0.4190 -0.4993
vn 0.8753 -0.4837 -0.0000
vn 0.7583 -0.4190 0.4993
vn 0.4387 -0.2424 0.8653
vn 0.0014 -0.0008 1.0000
vn -0.4366 0.2412 0.8667
vn -0.7577 0.4186 0.5007
vn -0.8753 0.4836 -0.0000
vn -0.7577 0.4186 -0.5007
vn -0.4366 0.2412 -0.8667
vn 0.4334 -0.2524 -0.8651
vn 0.0018 -0.0011 -1.0000
vn 0.7488 -0.4361 -0.4991
vn 0.8641 -0.5033 -0.0000
vn 0.7488 -0.4361 0.4991
vn 0.4334 -0.2524 0.8651
vn 0.0018 -0.0011 1.0000
vn -0.4307 0.2508 0.8669
vn -0.7479 0.4356 0.5009
vn -0.8641 0.5033 -0.0000
vn -0.7479 0.4356 -0.5009
vn -0.4307 0.2508 -0.8669
vn 0.4262 -0.2654 -0.8648
vn 0.0023 -0.0015 -1.0000
vn 0.7357 -0.4582 -0.4988
vn 0.8488 -0.5287 -0.0000
vn 0.7357 -0.4582 0.4988
vn 0.4262 -0.2654 0.8648
vn 0.0024 -0.0015 1.0000
vn -0.4226 0.2632 0.8672
vn -0.7345 0.4575 0.5012
vn -0.8488 0.5287 -0.0000
vn -0.7345 0.4575 -0.5012
vn -0.4227 0.2632 -0.8672
vn 0.4164 -0.2814 -0.8646
vn 0.0028 -0.0019 -1.0000
vn 0.7183 -0.4853 -0.4986
vn 0.8286 -0.5599 -0.0000
vn 0.7182 -0.4853 0.4986
vn 0.4164 -0.2813 0.8646
vn 0.0028 -0.0019 1.0000
vn -0.4122 0.2785 0.8675
vn -0.7169 0.4844 0.5015
vn -0.8286 0.5599 -0.0000
vn -0.7169 0.4844 -0.5015
vn -0.4122 0.2785 -0.8675
vn 0.4041 -0.2991 -0.8644
vn 0.0030 -0.0022 -1.0000
vn 0.6969 -0.5157 -0.4984
vn 0.8038 -0.5949 -0.0000
vn 0.6969 -0.5157 0.4984
vn 0.4041 -0.2991 0.8644
vn 0.0030 -0.0022 1.0000
vn -0.3997 0.2958 0.8676
vn -0.6954 0.5146 0.5016
vn -0.8038 0.5949 -0.0000
vn -0.6954 0.5146 -0.5016
vn -0.3997 0.2958 -0.8676
vn 0.3903 -0.3169 -0.8644
vn 0.0029 -0.0023 -1.0000
vn 0.6730 -0.5465 -0.4984
vn 0.7763 -0.6304 -0.0000
vn 0.6730 -0.5465 0.4984
vn 0.3903 -0.3169 0.8644
vn 0.0029 -0.0023 1.0000
vn -0.3860 0.3134 0.8676
vn -0.6715 0.5454 0.5016
vn -0.7763 0.6304 -0.0000
vn -0.6715 0.5454 -0.5016
vn -0.3860 0.3134 -0.8676
vn 0.3761 -0.3333 -0.8645
vn 0.0025 -0.0023 -1.0000
vn 0.6487 -0.5750 -0.4985
vn 0.7484 -0.6633 -0.0000
vn 0.6487 -0.5750 0.4985
vn 0.3761 -0.3333 0.8646
vn 0.0026 -0.0023 1.0000
vn -0.3723 0.3299 0.8675
vn -0.6475 0.5739 0.5015
vn -0.7484 0.6633 -0.0000
vn -0.6475 0.5739 -0.5015
vn -0.3723 0.3300 -0.8675
vn 0.0021 -0.0020 -1.0000
vn 0.7224 -0.6915 -0.0000
vn 0.6261 -0.5994 0.4987
vn 0.3628 -0.3473 0.8648
vn 0.0021 -0.0020 1.0000
vn -0.3596 0.3442 0.8673
vn -0.6251 0.5984 0.5013
vn -0.7224 0.6915 -0.0000
vn -0.6251 0.5984 -0.5013
vn -0.3596 0.3442 -0.8673
vn -0.1391 -0.1366 -0.9808
vn 0.4643 -0.7369 0.4914
vn 0.5578 -0.8299 -0.0000
vn 0.2090 -0.4829 0.8504
vn -0.1391 -0.1366 0.9808
vn -0.4864 0.2089 0.8484
vn -0.7400 0.4613 0.4894
vn -0.8328 0.5536 -0.0000
vn -0.7400 0.4613 -0.4894
vn -0.4864 0.2089 -0.8484
vn -0.4987 -0.5994 -0.6261
vn -0.4914 -0.7369 -0.4643
vn -0.8504 -0.4829 -0.2090
vn -0.8648 -0.3473 -0.3628
vn -0.4950 0.6640 -0.5604
vn -0.4943 0.4571 -0.7394
vn -0.8602 0.2682 -0.4338
vn -0.8543 0.4451 -0.2686
vn -0.0000 0.7445 -0.6676
vn -0.0000 0.5258 -0.8506
vn 0.4950 0.6640 -0.5604
vn 0.4943 0.4571 -0.7394
vn 0.8543 0.4451 -0.2686
vn 0.8602 0.2682 -0.4338
vn 0.9808 0.1484 0.1266
vn 0.9999 0.0071 -0.0115
vn 0.8437 -0.1448 0.5168
vn 0.8719 -0.2575 0.4165
vn 0.4845 -0.3567 0.7988
vn 0.5060 -0.4535 0.7337
vn -0.0000 -0.4337 0.9011
vn -0.0000 -0.5258 0.8506
vn -0.4845 -0.3567 0.7988
vn -0.5060 -0.4535 0.7337
vn -0.8437 -0.1448 0.5168
vn -0.8719 -0.2575 0.4165
vn -0.9808 0.1483 0.1266
vn -0.9999 0.0071 -0.0115
vn -0.8606 0.1960 -0.4701
vn -0.9999 0.0049 -0.0117
vn -0.4946 0.3344 -0.8022
vn -0.0000 0.3848 -0.9230
vn 0.4946 0.3344 -0.8022
vn 0.8606 0.1960 -0.4701
vn 0.9999 0.0049 -0.0117
vn 0.8715 -0.1886 0.4527
vn 0.5056 -0.3319 0.7964
vn -0.0000 -0.3846 0.9231
vn -0.5056 -0.3319 0.7964
vn -0.8715 -0.1886 0.4527
vn -0.8613 0.1267 -0.4921
vn -0.9999 0.0027 -0.0106
vn -0.4953 0.2166 -0.8413
vn -0.0000 0.2494 -0.9684
vn 0.4953 0.2166 -0.8413
vn 0.8613 0.1267 -0.4921
vn 0.9999 0.0027 -0.0106
vn 0.8708 -0.1225 0.4762
vn 0.5048 -0.2151 0.8360
vn -0.0000 -0.2491 0.9685
vn -0.5048 -0.2151 0.8360
vn -0.8708 -0.1225 0.4762
vn -0.8622 0.0666 -0.5022
vn -1.0000 0.0012 -0.0088
vn -0.4962 0.1142 -0.8607
vn -0.0000 0.1316 -0.9913
vn 0.4962 0.1142 -0.8607
vn 0.8622 0.0666 -0.5022
vn 1.0000 0.0012 -0.0088
vn 0.8699 -0.0648 0.4890
vn 0.5039 -0.1135 0.8563
vn -0.0000 -0.1314 0.9913
vn -0.5039 -0.1135 0.8563
vn -0.8699 -0.0648 0.4890
vn -0.8631 0.0186 -0.5047
vn -1.0000 0.0003 -0.0068
vn -0.4971 0.0321 -0.8671
vn -0.0000 0.0369 -0.9993
vn 0.4971 0.0321 -0.8671
vn 0.8631 0.0186 -0.5047
vn 1.0000 0.0003 -0.0068
vn 0.8690 -0.0182 0.4946
vn 0.5029 -0.0318 0.8637
vn -0.0000 -0.0368 0.9993
vn -0.5029 -0.0318 0.8637
vn -0.8690 -0.0182 0.4946
vn -0.8639 -0.0174 -0.5034
vn -1.0000 -0.0002 -0.0050
vn -0.4978 -0.0300 -0.8667
vn -0.0000 -0.0346 -0.9994
vn 0.4978 -0.0300 -0.8667
vn 0.8639 -0.0174 -0.5034
vn 1.0000 -0.0002 -0.0050
vn 0.8682 0.0172 0.4960
vn 0.5022 0.0300 0.8643
vn -0.0000 0.0347 0.9994
vn -0.5022 0.0300 0.8643
vn -0.8682 0.0172 0.4960
vn -0.8645 -0.0436 -0.5008
vn -1.0000 -0.0003 -0.0036
vn -0.4984 -0.0752 -0.8637
vn -0.0000 -0.0867 -0.9962
vn 0.4984 -0.0752 -0.8637
vn 0.8645 -0.0436 -0.5008
vn 1.0000 -0.0003 -0.0036
vn 0.8676 0.0431 0.4954
vn 0.5016 0.0751 0.8619
vn -0.0000 0.0868 0.9962
vn -0.5016 0.0751 0.8619
vn -0.8676 0.0431 0.4954
vn -0.8648 -0.0630 -0.4981
vn -1.0000 -0.0004 -0.0028
vn -0.4988 -0.1088 -0.8599
vn -0.0000 -0.1255 -0.9921
vn 0.4988 -0.1088 -0.8599
vn 0.8648 -0.0630 -0.4981
vn 1.0000 -0.0004 -0.0028
vn 0.8672 0.0625 0.4940
vn 0.5012 0.1086 0.8585
vn -0.0000 0.1255 0.9921
vn -0.5012 0.1086 0.8585
vn -0.8672 0.0625 0.4940
vn -0.8649 -0.0794 -0.4956
vn -1.0000 -0.0004 -0.0026
vn -0.4989 -0.1372 -0.8558
vn 0.4989 -0.1372 -0.8558
vn 0.8649 -0.0794 -0.4956
vn 1.0000 -0.0004 -0.0026
vn 0.8672 0.0788 0.4917
vn 0.5012 0.1370 0.8545
vn -0.0000 0.1583 0.9874
vn -0.5011 0.1370 0.8545
vn -0.8672 0.0788 0.4917
vn -0.8649 -0.0952 -0.4928
vn -1.0000 -0.0005 -0.0026
vn -0.4989 -0.1643 -0.8509
vn -0.0000 -0.1896 -0.9819
vn 0.4989 -0.1643 -0.8510
vn 0.8649 -0.0952 -0.4928
vn 1.0000 -0.0005 -0.0026
vn 0.8672 0.0944 0.4890
vn 0.5011 0.1641 0.8497
vn -0.0000 0.1896 0.9819
vn -0.5011 0.1641 0.8497
vn -0.8672 0.0944 0.4890
vn -0.8649 -0.1106 -0.4896
vn -1.0000 -0.0006 -0.0025
vn -0.4989 -0.1909 -0.8454
vn -0.0000 -0.2203 -0.9754
vn 0.4989 -0.1909 -0.8454
vn 0.8649 -0.1106 -0.4896
vn 1.0000 -0.0006 -0.0025
vn 0.8671 0.1097 0.4858
vn 0.5011 0.1906 0.8441
vn -0.0000 0.2203 0.9754
vn -0.5011 0.1906 0.8441
vn -0.8671 0.1097 0.4858
vn -0.8650 -0.1253 -0.4859
vn -1.0000 -0.0006 -0.0024
vn -0.4989 -0.2164 -0.8392
vn -0.0000 -0.2497 -0.9683
vn 0.4989 -0.2164 -0.8392
vn 0.8650 -0.1253 -0.4859
vn 1.0000 -0.0006 -0.0024
vn 0.8671 0.1244 0.4824
vn 0.5011 0.2161 0.8380
vn -0.0000 0.2497 0.9683
vn -0.5011 0.2161 0.8380
vn -0.8671 0.1244 0.4824
vn -0.8650 -0.1393 -0.4820
vn -1.0000 -0.0006 -0.0022
vn -0.4990 -0.2405 -0.8325
vn -0.0000 -0.2776 -0.9607
vn 0.4990 -0.2405 -0.8325
vn 0.8650 -0.1393 -0.4820
vn 1.0000 -0.0006 -0.0022
vn 0.8670 0.1383 0.4787
vn 0.5010 0.2402 0.8314
vn -0.0000 0.2776 0.9607
vn -0.5010 0.2402 0.8314
vn -0.8670 0.1383 0.4787
vn -0.8651 -0.1521 -0.4780
vn -1.0000 -0.0006 -0.0020
vn -0.4991 -0.2628 -0.8257
vn -0.0000 -0.3033 -0.9529
vn 0.4991 -0.2628 -0.8257
vn 0.8651 -0.1521 -0.4780
vn 1.0000 -0.0006 -0.0020
vn 0.8670 0.1512 0.4749
vn 0.5009 0.2625 0.8247
vn -0.0000 0.3033 0.9529
vn -0.5009 0.2625 0.8247
vn -0.8669 0.1512 0.4749
vn -0.8652 -0.1638 -0.4739
vn -1.0000 -0.0006 -0.0018
vn -0.4992 -0.2831 -0.8190
vn -0.0000 -0.3267 -0.9451
vn 0.4992 -0.2831 -0.8190
vn 0.8652 -0.1638 -0.4739
vn 1.0000 -0.0006 -0.0018
vn 0.8669 0.1629 0.4712
vn 0.5008 0.2828 0.8180
vn -0.0000 0.3267 0.9451
vn -0.5008 0.2828 0.8180
vn -0.8669 0.1629 0.4712
vn -0.8653 -0.1742 -0.4700
vn -1.0000 -0.0006 -0.0016
vn -0.4993 -0.3012 -0.8124
vn -0.0000 -0.3476 -0.9376
vn 0.4993 -0.3012 -0.8124
vn 0.8653 -0.1742 -0.4700
vn 1.0000 -0.0006 -0.0016
vn 0.8668 0.1733 0.4676
vn 0.5008 0.3009 0.8116
vn -0.0000 0.3476 0.9376
vn -0.5007 0.3009 0.8116
vn -0.8668 0.1733 0.4676
vn -0.8654 -0.1835 -0.4664
vn -1.0000 -0.0006 -0.0014
vn -0.4993 -0.3172 -0.8063
vn -0.0000 -0.3661 -0.9306
vn 0.4993 -0.3172 -0.8063
vn 0.8654 -0.1835 -0.4664
vn 1.0000 -0.0006 -0.0014
vn 0.8667 0.1826 0.4642
vn 0.5007 0.3169 0.8056
vn -0.0000 0.3661 0.9306
vn -0.5007 0.3169 0.8056
vn -0.8667 0.1826 0.4642
vn -0.8654 -0.1916 -0.4630
vn -1.0000 -0.0005 -0.0013
vn -0.4994 -0.3312 -0.8005
vn -0.0000 -0.3823 -0.9240
vn 0.4994 -0.3312 -0.8005
vn 0.8654 -0.1916 -0.4629
vn 1.0000 -0.0005 -0.0013
vn 0.8666 0.1908 0.4611
vn 0.5006 0.3310 0.7999
vn -0.0000 0.3823 0.9240
vn -0.5006 0.3310 0.7999
vn -0.8666 0.1908 0.4611
vn -0.8655 -0.1987 -0.4598
vn -1.0000 -0.0005 -0.0011
vn -0.4995 -0.3436 -0.7953
vn -0.0000 -0.3966 -0.9180
vn 0.4995 -0.3436 -0.7953
vn 0.8655 -0.1987 -0.4598
vn 1.0000 -0.0005 -0.0011
vn 0.8665 0.1979 0.4582
vn 0.5005 0.3433 0.7947
vn -0.0000 0.3966 0.9180
vn -0.5005 0.3433 0.7947
vn -0.8665 0.1979 0.4582
vn -0.8656 -0.2049 -0.4570
vn -1.0000 -0.0004 -0.0010
vn -0.4995 -0.3545 -0.7904
vn -0.0000 -0.4092 -0.9124
vn 0.4995 -0.3545 -0.7904
vn 0.8656 -0.2049 -0.4570
vn 1.0000 -0.0004 -0.0010
vn 0.8665 0.2043 0.4555
vn 0.5005 0.3543 0.7899
vn -0.0000 0.4092 0.9124
vn -0.5005 0.3543 0.7899
vn -0.8665 0.2043 0.4555
vn -0.8656 -0.2107 -0.4543
vn -1.0000 -0.0004 -0.0009
vn -0.4996 -0.3644 -0.7859
vn -0.0000 -0.4207 -0.9072
vn 0.4996 -0.3644 -0.7859
vn 0.8656 -0.2107 -0.4543
vn 1.0000 -0.0004 -0.0009
vn 0.8665 0.2100 0.4529
vn 0.5004 0.3642 0.7854
vn -0.0000 0.4207 0.9072
vn -0.5004 0.3642 0.7854
vn -0.8665 0.2100 0.4529
vn -0.8656 -0.2162 -0.4517
vn -0.4996 -0.3740 -0.7814
vn -0.0000 -0.4317 -0.9020
vn 0.4996 -0.3740 -0.7814
vn 0.8656 -0.2162 -0.4517
vn 0.8665 0.2155 0.4503
vn 0.5004 0.3737 0.7810
vn -0.0000 0.4317 0.9020
vn -0.5004 0.3737 0.7810
vn -0.8665 0.2155 0.4503
vn -0.8656 -0.2217 -0.4490
vn -1.0000 -0.0005 -0.0009
vn -0.4996 -0.3836 -0.7767
vn -0.0000 -0.4428 -0.8966
vn 0.4996 -0.3836 -0.7767
vn 0.8656 -0.2217 -0.4490
vn 1.0000 -0.0005 -0.0009
vn 0.8665 0.2210 0.4476
vn 0.5005 0.3834 0.7763
vn -0.0000 0.4428 0.8966
vn -0.5005 0.3834 0.7763
vn -0.8665 0.2210 0.4476
vn -0.8655 -0.2277 -0.4461
vn -1.0000 -0.0005 -0.0010
vn -0.4995 -0.3939 -0.7716
vn -0.0000 -0.4547 -0.8906
vn 0.4995 -0.3939 -0.7716
vn 0.8655 -0.2277 -0.4461
vn 1.0000 -0.0005 -0.0010
vn 0.8665 0.2270 0.4445
vn 0.5005 0.3937 0.7711
vn -0.0000 0.4547 0.8906
vn -0.5005 0.3937 0.7711
vn -0.8665 0.2270 0.4445
vn -0.8655 -0.2345 -0.4427
vn -1.0000 -0.0006 -0.0012
vn -0.4994 -0.4055 -0.7656
vn -0.0000 -0.4680 -0.8837
vn 0.4994 -0.4055 -0.7656
vn 0.8655 -0.2345 -0.4427
vn 1.0000 -0.0006 -0.0012
vn 0.8666 0.2335 0.4410
vn 0.5006 0.4052 0.7650
vn -0.0000 0.4680 0.8837
vn -0.5006 0.4052 0.7650
vn -0.8666 0.2335 0.4410
vn -0.8653 -0.2424 -0.4387
vn -1.0000 -0.0008 -0.0014
vn -0.4993 -0.4190 -0.7583
vn -0.0000 -0.4837 -0.8753
vn 0.4993 -0.4190 -0.7583
vn 0.8653 -0.2424 -0.4387
vn 1.0000 -0.0008 -0.0014
vn 0.8667 0.2412 0.4366
vn 0.5007 0.4186 0.7577
vn -0.0000 0.4836 0.8753
vn -0.5007 0.4186 0.7577
vn -0.8667 0.2412 0.4366
vn -0.8651 -0.2524 -0.4334
vn -1.0000 -0.0011 -0.0018
vn -0.4991 -0.4361 -0.7488
vn -0.0000 -0.5033 -0.8641
vn 0.4991 -0.4361 -0.7488
vn 0.8651 -0.2524 -0.4334
vn 1.0000 -0.0011 -0.0018
vn 0.8669 0.2508 0.4307
vn 0.5009 0.4356 0.7479
vn -0.0000 0.5033 0.8641
vn -0.5009 0.4356 0.7479
vn -0.8669 0.2508 0.4307
vn -0.8648 -0.2654 -0.4262
vn -1.0000 -0.0015 -0.0023
vn -0.4988 -0.4582 -0.7357
vn -0.0000 -0.5287 -0.8488
vn 0.4988 -0.4582 -0.7357
vn 0.8648 -0.2654 -0.4262
vn 1.0000 -0.0015 -0.0023
vn 0.8672 0.2632 0.4226
vn 0.5012 0.4575 0.7345
vn -0.0000 0.5287 0.8488
vn -0.5012 0.4575 0.7345
vn -0.8672 0.2632 0.4226
vn -0.8646 -0.2814 -0.4164
vn -1.0000 -0.0019 -0.0028
vn -0.4986 -0.4853 -0.7182
vn -0.0000 -0.5599 -0.8286
vn 0.4986 -0.4853 -0.7182
vn 0.8646 -0.2813 -0.4164
vn 1.0000 -0.0019 -0.0028
vn 0.8675 0.2785 0.4122
vn 0.5015 0.4844 0.7169
vn -0.0000 0.5599 0.8286
vn -0.5015 0.4844 0.7169
vn -0.8675 0.2785 0.4122
vn -0.8644 -0.2991 -0.4041
vn -1.0000 -0.0022 -0.0030
vn -0.4984 -0.5157 -0.6969
vn -0.0000 -0.5949 -0.8038
vn 0.4984 -0.5157 -0.6969
vn 0.8644 -0.2991 -0.4041
vn 1.0000 -0.0022 -0.0030
vn 0.8676 0.2958 0.3997
vn 0.5016 0.5146 0.6954
vn -0.0000 0.5949 0.8038
vn -0.5016 0.5146 0.6954
vn -0.8676 0.2958 0.3997
vn -0.8644 -0.3169 -0.3903
vn -1.0000 -0.0023 -0.0029
vn -0.4984 -0.5465 -0.6730
vn -0.0000 -0.6304 -0.7763
vn 0.4984 -0.5465 -0.6730
vn 0.8644 -0.3169 -0.3903
vn 1.0000 -0.0023 -0.0029
vn 0.8676 0.3134 0.3860
vn 0.5016 0.5454 0.6715
vn -0.0000 0.6304 0.7763
vn -0.5016 0.5454 0.6715
vn -0.8676 0.3134 0.3860
vn -0.8646 -0.3333 -0.3761
vn -1.0000 -0.0023 -0.0025
vn -0.4985 -0.5750 -0.6487
vn -0.0000 -0.6633 -0.7484
vn 0.4985 -0.5750 -0.6487
vn 0.8646 -0.3333 -0.3761
vn 1.0000 -0.0023 -0.0025
vn 0.8675 0.3299 0.3723
vn 0.5015 0.5739 0.6475
vn -0.0000 0.6633 0.7484
vn -0.5015 0.5739 0.6475
vn -0.8675 0.3299 0.3723
vn -1.0000 -0.0020 -0.0021
vn -0.0000 -0.6915 -0.7224
vn 0.4987 -0.5994 -0.6261
vn 0.8648 -0.3473 -0.3628
vn 1.0000 -0.0020 -0.0021
vn 0.8673 0.3442 0.3596
vn 0.5013 0.5984 0.6251
vn -0.0000 0.6915 0.7224
vn -0.5013 0.5984 0.6251
vn -0.8673 0.3442 0.3596
vn -0.9808 -0.1366 0.1391
vn 0.4914 -0.7369 -0.4643
vn -0.0000 -0.8299 -0.5578
vn 0.8504 -0.4829 -0.2090
vn 0.9808 -0.1366 0.1391
vn 0.8484 0.2089 0.4864
vn 0.4894 0.4613 0.7400
vn -0.0000 0.5536 0.8328
vn -0.4894 0.4613 0.7400
vn -0.8484 0.2089 0.4864
vn 0.4830 0.5663 0.6679
vn 0.2191 0.7795 0.5869
vn 0.6545 0.7561 -0.0000
vn 0.0212 0.9393 0.3423
vn 0.5062 0.8624 -0.0000
vn -0.4958 0.8684 -0.0000
vn 0.0212 0.9393 -0.3423
vn 0.2191 0.7795 -0.5869
vn 0.4830 0.5663 -0.6678
vn 0.7391 0.3593 -0.5697
vn 0.9216 0.2120 -0.3252
vn 0.9873 0.1589 -0.0000
vn 0.9216 0.2119 0.3252
vn 0.7391 0.3594 0.5697
vn 0.6679 0.5663 -0.4830
vn 0.5869 0.7795 -0.2191
vn -0.0000 0.7561 -0.6545
vn 0.3423 0.9393 -0.0212
vn -0.0000 0.8624 -0.5062
vn -0.0000 0.8684 0.4959
vn -0.3423 0.9393 -0.0212
vn -0.5869 0.7795 -0.2191
vn -0.6678 0.5663 -0.4830
vn -0.5697 0.3593 -0.7391
vn -0.3252 0.2120 -0.9216
vn -0.0000 0.1589 -0.9873
vn 0.3252 0.2119 -0.9216
vn 0.5697 0.3594 -0.7391
vn -0.4829 0.5663 -0.6679
vn -0.2191 0.7795 -0.5869
vn -0.6545 0.7561 -0.0000
vn -0.0212 0.9393 -0.3423
vn -0.5062 0.8624 -0.0000
vn 0.4958 0.8684 -0.0000
vn -0.0212 0.9393 0.3423
vn -0.2191 0.7795 0.5869
vn -0.4830 0.5663 0.6678
vn -0.7391 0.3594 0.5697
vn -0.9216 0.2120 0.3252
vn -0.9873 0.1589 -0.0000
vn -0.9216 0.2119 -0.3252
vn -0.7391 0.3594 -0.5697
vn -0.6679 0.5663 0.4829
vn -0.5869 0.7795 0.2191
vn -0.0000 0.7561 0.6545
vn -0.3423 0.9393 0.0212
vn -0.0000 0.8624 0.5062
vn -0.0000 0.8684 -0.4959
vn 0.3423 0.9393 0.0212
vn 0.5869 0.7795 0.2191
vn 0.6678 0.5663 0.4830
vn 0.5697 0.3593 0.7391
vn 0.3252 0.2120 0.9216
vn -0.0000 0.1589 0.9873
vn -0.3252 0.2119 0.9216
vn -0.5697 0.3594 0.7391
vn -0.4643 -0.7369 0.4914
vn 0.7145 -0.6997 -0.0000
vn 0.5305 -0.5210 0.6687
vn 0.2944 -0.7590 0.5807
vn 0.1207 -0.9341 0.3360
vn 0.0570 -0.9984 -0.0000
vn 0.1207 -0.9341 -0.3360
vn 0.2944 -0.7590 -0.5807
vn 0.5305 -0.5210 -0.6687
vn 0.7653 -0.2842 -0.5775
vn 0.9364 -0.1118 -0.3327
vn 0.9988 -0.0488 -0.0000
vn 0.9364 -0.1118 0.3327
vn 0.7653 -0.2842 0.5775
vn -0.0000 -0.6997 -0.7145
vn 0.6687 -0.5210 -0.5305
vn 0.5807 -0.7590 -0.2944
vn 0.3360 -0.9341 -0.1207
vn -0.0000 -0.9984 -0.0569
vn -0.3360 -0.9341 -0.1207
vn -0.5807 -0.7590 -0.2944
vn -0.6687 -0.5210 -0.5305
vn -0.5775 -0.2842 -0.7653
vn -0.3328 -0.1118 -0.9364
vn -0.0000 -0.0488 -0.9988
vn 0.3328 -0.1118 -0.9364
vn 0.5775 -0.2842 -0.7653
vn -0.7145 -0.6997 -0.0000
vn -0.5305 -0.5210 -0.6687
vn -0.2944 -0.7590 -0.5807
vn -0.1207 -0.9341 -0.3360
vn -0.0570 -0.9984 -0.0000
vn -0.1207 -0.9341 0.3360
vn -0.2944 -0.7590 0.5807
vn -0.5305 -0.5210 0.6687
vn -0.7653 -0.2842 0.5775
vn -0.9364 -0.1118 0.3327
vn -0.9988 -0.0488 -0.0000
vn -0.9364 -0.1118 -0.3328
vn -0.7653 -0.2842 -0.5775
vn -0.0000 -0.6997 0.7145
vn -0.6687 -0.5210 0.5305
vn -0.5807 -0.7590 0.2944
vn -0.3359 -0.9341 0.1207
vn -0.0000 -0.9984 0.0569
vn 0.3360 -0.9341 0.1207
vn 0.5807 -0.7590 0.2944
vn 0.6687 -0.5210 0.5305
vn 0.5775 -0.2842 0.7653
vn 0.3328 -0.1118 0.9364
vn -0.0000 -0.0488 0.9988
vn -0.3328 -0.1118 0.9364
vn -0.5775 -0.2842 0.7653
vn -0.2448 0.3818 0.8913
vn 0.3588 0.3880 -0.8490
vn 0.3588 -0.3880 -0.8490
vn -0.3160 0.7802 0.5398
vn -0.0090 -0.9999 0.0116
vn 0.4833 0.7918 -0.3735
vn -0.5398 0.7802 0.3160
vn 0.8630 -0.0000 -0.5053
vn 0.8490 0.3880 -0.3588
vn 0.6103 0.7921 -0.0000
vn 0.6104 -0.7921 -0.0000
vn 0.5887 -0.7921 0.1617
vn 0.8490 0.3880 0.3588
vn 0.8630 -0.0000 0.5053
vn -0.7913 -0.0000 -0.6115
vn 0.4833 0.7918 0.3735
vn 0.3735 -0.7918 0.4833
vn -0.0090 -0.9999 -0.0116
vn -0.3160 0.7802 -0.5398
vn -0.3160 -0.7802 -0.5398
vn 0.3588 0.3880 0.8490
vn 0.3588 -0.3880 0.8490
vn 0.1617 -0.7921 0.5887
vn -0.0000 -0.7921 0.6104
vn -0.1617 -0.7921 0.5887
vn -0.3588 0.3880 0.8490
vn -0.3588 -0.3880 0.8490
vn 0.3160 0.7802 -0.5398
vn 0.6115 -0.0000 -0.7913
vn 0.0090 0.9999 -0.0116
vn 0.0090 -0.9999 -0.0116
vn -0.4833 0.7918 0.3735
vn 0.5398 0.7802 -0.3160
vn 0.5398 -0.7802 -0.3160
vn -0.8490 0.3880 0.3588
vn -0.5887 -0.7921 0.1617
vn -0.6103 0.7921 -0.0000
vn -0.6104 -0.7921 -0.0000
vn -0.5886 0.7921 -0.1617
vn -0.5886 -0.7921 -0.1617
vn -0.8490 0.3880 -0.3588
vn 0.5399 0.7802 0.3160
vn -0.8630 -0.0000 -0.5053
vn 0.5399 -0.7802 0.3160
vn 0.6115 -0.0000 0.7913
vn 0.0089 0.9999 0.0116
vn 0.3160 0.7802 0.5398
vn 0.3160 -0.7802 0.5398
vn -0.3588 0.3880 -0.8490
vn -0.3588 -0.3880 -0.8490
vn 0.2448 0.3818 0.8913
vn -0.1617 -0.7921 -0.5887
vt 0.341378 0.704110
vt 0.341368 0.700265
vt 0.341367 0.696999
vt 0.341362 0.693698
vt 0.341366 0.689630
vt 0.341364 0.684910
vt 0.341448 0.732007
vt 0.341434 0.727286
vt 0.341430 0.723221
vt 0.341428 0.719893
vt 0.341422 0.716629
vt 0.341409 0.712784
vt 0.341393 0.708447
vt 0.358089 0.704120
vt 0.358089 0.700276
vt 0.358092 0.696995
vt 0.358096 0.693653
vt 0.358105 0.689583
vt 0.358117 0.684880
vt 0.358183 0.731909
vt 0.358158 0.727204
vt 0.358146 0.723154
vt 0.358137 0.719840
vt 0.358127 0.716588
vt 0.358111 0.712760
vt 0.358093 0.708443
vt 0.374364 0.704107
vt 0.374375 0.700290
vt 0.374384 0.697047
vt 0.374392 0.693740
vt 0.374406 0.689698
vt 0.374437 0.685006
vt 0.374450 0.731779
vt 0.374419 0.727097
vt 0.374404 0.723064
vt 0.374394 0.719765
vt 0.374383 0.716527
vt 0.374368 0.712714
vt 0.374354 0.708411
vt 0.390275 0.704129
vt 0.390290 0.700336
vt 0.390301 0.697115
vt 0.390312 0.693832
vt 0.390330 0.689820
vt 0.390366 0.685161
vt 0.390355 0.731638
vt 0.390323 0.726984
vt 0.390307 0.722974
vt 0.390298 0.719694
vt 0.390288 0.716474
vt 0.390274 0.712684
vt 0.390263 0.708406
vt 0.405915 0.704158
vt 0.405930 0.700389
vt 0.405941 0.697189
vt 0.405952 0.693928
vt 0.405969 0.689942
vt 0.406004 0.685318
vt 0.405984 0.731497
vt 0.405954 0.726874
vt 0.405940 0.722889
vt 0.405932 0.719630
vt 0.405924 0.716430
vt 0.405912 0.712662
vt 0.405902 0.708410
vt 0.421361 0.704186
vt 0.421374 0.700438
vt 0.421382 0.697257
vt 0.421390 0.694016
vt 0.421401 0.690055
vt 0.421428 0.685461
vt 0.421405 0.731371
vt 0.421384 0.726776
vt 0.421376 0.722817
vt 0.421372 0.719576
vt 0.421366 0.716395
vt 0.421357 0.712647
vt 0.421348 0.708417
vt 0.436693 0.704193
vt 0.436695 0.700456
vt 0.436696 0.697302
vt 0.436698 0.694089
vt 0.436700 0.690148
vt 0.436702 0.685555
vt 0.436679 0.731293
vt 0.436681 0.726699
vt 0.436684 0.722758
vt 0.436685 0.719546
vt 0.436687 0.716392
vt 0.436689 0.712656
vt 0.436690 0.708424
vt 0.452024 0.704202
vt 0.452015 0.700454
vt 0.452009 0.697272
vt 0.452006 0.694032
vt 0.451998 0.690071
vt 0.451977 0.685477
vt 0.451954 0.731387
vt 0.451980 0.726792
vt 0.451991 0.722832
vt 0.451999 0.719591
vt 0.452007 0.716409
vt 0.452020 0.712662
vt 0.452033 0.708432
vt 0.467470 0.704188
vt 0.467458 0.700419
vt 0.467450 0.697219
vt 0.467442 0.693959
vt 0.467428 0.689975
vt 0.467399 0.685351
vt 0.467376 0.731529
vt 0.467411 0.726905
vt 0.467428 0.722920
vt 0.467439 0.719659
vt 0.467450 0.716459
vt 0.467466 0.712691
vt 0.467479 0.708439
vt 0.483107 0.704168
vt 0.483094 0.700377
vt 0.483085 0.697158
vt 0.483076 0.693877
vt 0.483062 0.689866
vt 0.483030 0.685211
vt 0.483012 0.731685
vt 0.483047 0.727028
vt 0.483065 0.723016
vt 0.483077 0.719734
vt 0.483088 0.716514
vt 0.483104 0.712722
vt 0.483117 0.708445
vt 0.499012 0.704147
vt 0.498999 0.700333
vt 0.498991 0.697094
vt 0.498983 0.693794
vt 0.498971 0.689759
vt 0.498942 0.685073
vt 0.498934 0.731839
vt 0.498965 0.727149
vt 0.498979 0.723109
vt 0.498988 0.719805
vt 0.498997 0.716565
vt 0.499011 0.712750
vt 0.499023 0.708448
vt 0.515270 0.704127
vt 0.515259 0.700303
vt 0.515252 0.697029
vt 0.515251 0.693720
vt 0.515238 0.689657
vt 0.515227 0.684957
vt 0.515244 0.731961
vt 0.515250 0.727257
vt 0.515258 0.723195
vt 0.515263 0.719858
vt 0.515266 0.716583
vt 0.515274 0.712759
vt 0.515273 0.708443
vt 0.531945 0.704105
vt 0.531939 0.700268
vt 0.531938 0.697036
vt 0.531946 0.693716
vt 0.531936 0.689661
vt 0.531942 0.684954
vt 0.531974 0.731912
vt 0.531957 0.727205
vt 0.531959 0.723147
vt 0.531954 0.719856
vt 0.531952 0.716599
vt 0.531951 0.712762
vt 0.531940 0.708435
vt 0.548606 0.704129
vt 0.548610 0.700298
vt 0.548617 0.697029
vt 0.548626 0.693696
vt 0.548629 0.689655
vt 0.548647 0.684966
vt 0.548657 0.731869
vt 0.548637 0.727185
vt 0.548631 0.723145
vt 0.548621 0.719815
vt 0.548615 0.716571
vt 0.548609 0.712739
vt 0.548596 0.708434
vt 0.564834 0.704136
vt 0.564848 0.700328
vt 0.564858 0.697093
vt 0.564867 0.693797
vt 0.564882 0.689766
vt 0.564912 0.685088
vt 0.564901 0.731756
vt 0.564873 0.727082
vt 0.564861 0.723055
vt 0.564853 0.719761
vt 0.564844 0.716529
vt 0.564832 0.712722
vt 0.564821 0.708429
vt 0.580709 0.704164
vt 0.580724 0.700380
vt 0.580736 0.697167
vt 0.580747 0.693892
vt 0.580765 0.689888
vt 0.580801 0.685240
vt 0.580781 0.731620
vt 0.580750 0.726974
vt 0.580735 0.722972
vt 0.580727 0.719698
vt 0.580718 0.716485
vt 0.580705 0.712701
vt 0.580695 0.708433
vt 0.596315 0.704197
vt 0.596331 0.700436
vt 0.596342 0.697243
vt 0.596353 0.693988
vt 0.596370 0.690011
vt 0.596405 0.685396
vt 0.596381 0.731481
vt 0.596351 0.726867
vt 0.596338 0.722890
vt 0.596331 0.719637
vt 0.596322 0.716444
vt 0.596311 0.712683
vt 0.596301 0.708440
vt 0.611730 0.704226
vt 0.611743 0.700486
vt 0.611751 0.697311
vt 0.611759 0.694076
vt 0.611770 0.690125
vt 0.611797 0.685539
vt 0.611772 0.731356
vt 0.611750 0.726771
vt 0.611743 0.722819
vt 0.611739 0.719584
vt 0.611734 0.716410
vt 0.611725 0.712670
vt 0.611717 0.708448
vt 0.627030 0.704233
vt 0.627032 0.700505
vt 0.627034 0.697356
vt 0.627036 0.694151
vt 0.627038 0.690217
vt 0.627040 0.685633
vt 0.627015 0.731279
vt 0.627018 0.726695
vt 0.627020 0.722762
vt 0.627022 0.719556
vt 0.627023 0.716408
vt 0.627026 0.712679
vt 0.627028 0.708456
vt 0.642330 0.704243
vt 0.642321 0.700503
vt 0.642316 0.697328
vt 0.642312 0.694093
vt 0.642305 0.690142
vt 0.642283 0.685557
vt 0.642259 0.731374
vt 0.642285 0.726789
vt 0.642297 0.722836
vt 0.642304 0.719602
vt 0.642313 0.716427
vt 0.642326 0.712686
vt 0.642339 0.708465
vt 0.657745 0.704229
vt 0.657733 0.700468
vt 0.657724 0.697275
vt 0.657717 0.694021
vt 0.657703 0.690045
vt 0.657673 0.685431
vt 0.657651 0.731517
vt 0.657686 0.726901
vt 0.657703 0.722924
vt 0.657714 0.719670
vt 0.657725 0.716476
vt 0.657741 0.712715
vt 0.657754 0.708472
vt 0.673351 0.704208
vt 0.673337 0.700425
vt 0.673328 0.697212
vt 0.673319 0.693939
vt 0.673304 0.689937
vt 0.673272 0.685291
vt 0.673256 0.731674
vt 0.673292 0.727024
vt 0.673311 0.723020
vt 0.673322 0.719745
vt 0.673333 0.716530
vt 0.673348 0.712746
vt 0.673362 0.708477
vt 0.689225 0.704183
vt 0.689211 0.700377
vt 0.689201 0.697146
vt 0.689192 0.693852
vt 0.689178 0.689826
vt 0.689148 0.685152
vt 0.689149 0.731829
vt 0.689181 0.727147
vt 0.689196 0.723115
vt 0.689204 0.719817
vt 0.689214 0.716581
vt 0.689227 0.712771
vt 0.689238 0.708476
vt 0.705453 0.704147
vt 0.705438 0.700328
vt 0.705430 0.697085
vt 0.705417 0.693756
vt 0.705407 0.689720
vt 0.705388 0.685029
vt 0.705427 0.731957
vt 0.705442 0.727267
vt 0.705453 0.723209
vt 0.705461 0.719874
vt 0.705466 0.716601
vt 0.705469 0.712766
vt 0.705467 0.708453
vt 0.722123 0.704120
vt 0.722108 0.700282
vt 0.722100 0.697022
vt 0.722087 0.693730
vt 0.722078 0.689676
vt 0.722061 0.684977
vt 0.722126 0.731940
vt 0.722132 0.727243
vt 0.722144 0.723192
vt 0.722153 0.719875
vt 0.722156 0.716618
vt 0.722151 0.712780
vt 0.722139 0.708450
vt 0.738863 0.704111
vt 0.738848 0.700250
vt 0.738829 0.696958
vt 0.738804 0.693611
vt 0.738770 0.689545
vt 0.738729 0.684863
vt 0.738764 0.731951
vt 0.738799 0.727266
vt 0.738834 0.723219
vt 0.738859 0.719900
vt 0.738874 0.716638
vt 0.738878 0.712792
vt 0.738870 0.708454
vt 0.755386 0.704020
vt 0.755339 0.700117
vt 0.755271 0.696819
vt 0.755186 0.693468
vt 0.755072 0.689387
vt 0.754948 0.684686
vt 0.754931 0.732140
vt 0.755061 0.727450
vt 0.755177 0.723379
vt 0.755265 0.720036
vt 0.755334 0.716744
vt 0.755384 0.712846
vt 0.755395 0.708434
vt 0.772299 0.703702
vt 0.006679 0.703714
vt 0.772024 0.699579
vt 0.006938 0.699609
vt 0.771687 0.696181
vt 0.007279 0.696200
vt 0.771341 0.692805
vt 0.007644 0.692812
vt 0.771026 0.688745
vt 0.007995 0.688764
vt 0.770787 0.684067
vt 0.770740 0.732788
vt 0.008275 0.684139
vt 0.008251 0.732689
vt 0.770987 0.728118
vt 0.007975 0.728064
vt 0.771310 0.724066
vt 0.007628 0.724016
vt 0.771661 0.720695
vt 0.007267 0.720628
vt 0.772004 0.717301
vt 0.006929 0.717219
vt 0.772288 0.713182
vt 0.006675 0.713113
vt 0.772417 0.708443
vt 0.006590 0.708414
vt 0.023326 0.704049
vt 0.023401 0.700182
vt 0.023483 0.696901
vt 0.023578 0.693569
vt 0.023704 0.689526
vt 0.023862 0.684884
vt 0.023840 0.731960
vt 0.023686 0.727318
vt 0.023563 0.723275
vt 0.023471 0.719943
vt 0.023392 0.716662
vt 0.023322 0.712794
vt 0.023285 0.708422
vt 0.039121 0.704145
vt 0.039152 0.700350
vt 0.039182 0.697132
vt 0.039216 0.693857
vt 0.039265 0.689864
vt 0.039336 0.685246
vt 0.039313 0.731614
vt 0.039247 0.726994
vt 0.039202 0.723002
vt 0.039171 0.719728
vt 0.039144 0.716509
vt 0.039117 0.712714
vt 0.039099 0.708429
vt 0.054617 0.704173
vt 0.054624 0.700409
vt 0.054634 0.697231
vt 0.054645 0.693998
vt 0.054660 0.690033
vt 0.054678 0.685416
vt 0.054655 0.731458
vt 0.054642 0.726841
vt 0.054631 0.722876
vt 0.054623 0.719642
vt 0.054617 0.716465
vt 0.054612 0.712700
vt 0.054611 0.708437
vt 0.070051 0.704190
vt 0.070043 0.700421
vt 0.070040 0.697222
vt 0.070040 0.693964
vt 0.070037 0.689984
vt 0.070021 0.685368
vt 0.069999 0.731522
vt 0.070019 0.726905
vt 0.070026 0.722925
vt 0.070030 0.719667
vt 0.070036 0.716468
vt 0.070047 0.712698
vt 0.070059 0.708444
vt 0.085579 0.704179
vt 0.085568 0.700391
vt 0.085560 0.697176
vt 0.085553 0.693900
vt 0.085541 0.689897
vt 0.085513 0.685251
vt 0.085492 0.731653
vt 0.085525 0.727008
vt 0.085541 0.723004
vt 0.085550 0.719727
vt 0.085561 0.716511
vt 0.085575 0.712724
vt 0.085588 0.708451
vt 0.101292 0.704160
vt 0.101280 0.700351
vt 0.101270 0.697116
vt 0.101262 0.693820
vt 0.101248 0.689790
vt 0.101217 0.685114
vt 0.101199 0.731807
vt 0.101234 0.727128
vt 0.101252 0.723097
vt 0.101263 0.719799
vt 0.101274 0.716564
vt 0.101289 0.712754
vt 0.101303 0.708457
vt 0.117272 0.704138
vt 0.117259 0.700306
vt 0.117251 0.697052
vt 0.117243 0.693737
vt 0.117231 0.689682
vt 0.117203 0.684976
vt 0.117196 0.731959
vt 0.117226 0.727248
vt 0.117240 0.723189
vt 0.117248 0.719870
vt 0.117258 0.716614
vt 0.117271 0.712782
vt 0.117283 0.708460
vt 0.133606 0.704117
vt 0.133595 0.700277
vt 0.133588 0.696988
vt 0.133586 0.693663
vt 0.133574 0.689581
vt 0.133562 0.684859
vt 0.133581 0.732082
vt 0.133587 0.727356
vt 0.133595 0.723274
vt 0.133599 0.719922
vt 0.133603 0.716632
vt 0.133610 0.712790
vt 0.133609 0.708454
vt 0.150358 0.704096
vt 0.150353 0.700240
vt 0.150352 0.696993
vt 0.150359 0.693658
vt 0.150349 0.689584
vt 0.150355 0.684855
vt 0.150388 0.732032
vt 0.150371 0.727302
vt 0.150373 0.723227
vt 0.150367 0.719920
vt 0.150366 0.716647
vt 0.150365 0.712792
vt 0.150353 0.708445
vt 0.167097 0.704120
vt 0.167101 0.700270
vt 0.167108 0.696985
vt 0.167116 0.693637
vt 0.167120 0.689578
vt 0.167137 0.684867
vt 0.167149 0.731988
vt 0.167129 0.727282
vt 0.167123 0.723224
vt 0.167113 0.719877
vt 0.167107 0.716619
vt 0.167100 0.712769
vt 0.167087 0.708444
vt 0.183401 0.704125
vt 0.183415 0.700299
vt 0.183425 0.697050
vt 0.183434 0.693738
vt 0.183448 0.689689
vt 0.183479 0.684988
vt 0.183469 0.731875
vt 0.183441 0.727178
vt 0.183429 0.723133
vt 0.183421 0.719823
vt 0.183412 0.716576
vt 0.183399 0.712751
vt 0.183388 0.708438
vt 0.199350 0.704153
vt 0.199366 0.700352
vt 0.199377 0.697123
vt 0.199389 0.693833
vt 0.199407 0.689810
vt 0.199442 0.685141
vt 0.199423 0.731738
vt 0.199391 0.727070
vt 0.199377 0.723049
vt 0.199368 0.719759
vt 0.199359 0.716531
vt 0.199346 0.712730
vt 0.199336 0.708442
vt 0.215030 0.704185
vt 0.215045 0.700407
vt 0.215056 0.697199
vt 0.215066 0.693929
vt 0.215084 0.689933
vt 0.215119 0.685297
vt 0.215096 0.731598
vt 0.215066 0.726961
vt 0.215052 0.722967
vt 0.215045 0.719698
vt 0.215036 0.716489
vt 0.215025 0.712711
vt 0.215015 0.708448
vt 0.230516 0.704214
vt 0.230529 0.700457
vt 0.230537 0.697266
vt 0.230545 0.694017
vt 0.230556 0.690046
vt 0.230583 0.685440
vt 0.230559 0.731471
vt 0.230537 0.726866
vt 0.230530 0.722894
vt 0.230526 0.719645
vt 0.230521 0.716455
vt 0.230512 0.712697
vt 0.230503 0.708456
vt 0.245888 0.704221
vt 0.245890 0.700475
vt 0.245892 0.697312
vt 0.245893 0.694091
vt 0.245895 0.690140
vt 0.245898 0.685534
vt 0.245874 0.731394
vt 0.245876 0.726788
vt 0.245878 0.722837
vt 0.245880 0.719616
vt 0.245882 0.716452
vt 0.245884 0.712707
vt 0.245886 0.708463
vt 0.261260 0.704230
vt 0.261251 0.700472
vt 0.261246 0.697282
vt 0.261241 0.694033
vt 0.261234 0.690063
vt 0.261212 0.685456
vt 0.261189 0.731488
vt 0.261215 0.726881
vt 0.261227 0.722910
vt 0.261235 0.719661
vt 0.261243 0.716471
vt 0.261255 0.712713
vt 0.261269 0.708471
vt 0.276746 0.704216
vt 0.276734 0.700438
vt 0.276726 0.697229
vt 0.276718 0.693960
vt 0.276705 0.689965
vt 0.276675 0.685329
vt 0.276654 0.731631
vt 0.276689 0.726994
vt 0.276706 0.722998
vt 0.276717 0.719728
vt 0.276728 0.716520
vt 0.276743 0.712741
vt 0.276757 0.708478
vt 0.292424 0.704195
vt 0.292412 0.700394
vt 0.292402 0.697167
vt 0.292393 0.693877
vt 0.292378 0.689857
vt 0.292347 0.685190
vt 0.292333 0.731788
vt 0.292368 0.727117
vt 0.292386 0.723093
vt 0.292397 0.719802
vt 0.292408 0.716574
vt 0.292423 0.712772
vt 0.292436 0.708483
vt 0.308370 0.704168
vt 0.308356 0.700346
vt 0.308347 0.697100
vt 0.308338 0.693792
vt 0.308325 0.689748
vt 0.308297 0.685052
vt 0.308301 0.731940
vt 0.308332 0.727236
vt 0.308345 0.723185
vt 0.308352 0.719871
vt 0.308361 0.716621
vt 0.308373 0.712795
vt 0.308383 0.708481
vt 0.324663 0.704133
vt 0.324650 0.700300
vt 0.324643 0.697045
vt 0.324634 0.693701
vt 0.324628 0.689648
vt 0.324613 0.684937
vt 0.324660 0.732059
vt 0.324669 0.727347
vt 0.324675 0.723269
vt 0.324679 0.719920
vt 0.324681 0.716634
vt 0.324681 0.712783
vt 0.324678 0.708455
vt 0.650019 0.006598
vt 0.576489 0.357563
vt 0.660863 0.006598
vt 0.576489 0.344438
vt 0.639174 0.006598
vt 0.576489 0.370688
vt 0.628329 0.006598
vt 0.576489 0.383812
vt 0.617484 0.006598
vt 0.576489 0.396937
vt 0.606640 0.006598
vt 0.780153 0.006598
vt 0.576489 0.200068
vt 0.576489 0.410062
vt 0.769308 0.006598
vt 0.576489 0.213193
vt 0.758464 0.006598
vt 0.576489 0.226318
vt 0.747619 0.006598
vt 0.576489 0.239442
vt 0.736774 0.006598
vt 0.576489 0.252567
vt 0.725930 0.006598
vt 0.576489 0.265691
vt 0.715085 0.006598
vt 0.576489 0.278815
vt 0.704241 0.006598
vt 0.576489 0.291940
vt 0.693396 0.006598
vt 0.576489 0.305065
vt 0.682551 0.006598
vt 0.576489 0.318189
vt 0.671707 0.006598
vt 0.576489 0.331314
vt 0.542433 0.357563
vt 0.529236 0.303512
vt 0.542434 0.344438
vt 0.529236 0.294892
vt 0.542433 0.370688
vt 0.529236 0.312131
vt 0.542433 0.383812
vt 0.529236 0.320750
vt 0.542433 0.396937
vt 0.529236 0.329369
vt 0.542434 0.200068
vt 0.542433 0.410062
vt 0.529236 0.337988
vt 0.529236 0.200082
vt 0.542434 0.213193
vt 0.529236 0.208701
vt 0.542434 0.226317
vt 0.529236 0.217320
vt 0.542434 0.239442
vt 0.529236 0.225940
vt 0.542434 0.252567
vt 0.529236 0.234559
vt 0.542434 0.265691
vt 0.529236 0.243178
vt 0.542434 0.278816
vt 0.529236 0.251797
vt 0.542434 0.291940
vt 0.529236 0.260416
vt 0.542434 0.305065
vt 0.529236 0.269035
vt 0.542434 0.318189
vt 0.529236 0.277654
vt 0.542434 0.331314
vt 0.529236 0.286273
vt 0.467970 0.329369
vt 0.972345 0.215269
vt 0.467970 0.200082
vt 0.467970 0.337988
vt 0.972345 0.311151
vt 0.972345 0.208877
vt 0.467970 0.208701
vt 0.972345 0.304759
vt 0.467970 0.217320
vt 0.972345 0.298367
vt 0.467970 0.225940
vt 0.972345 0.291975
vt 0.467970 0.234559
vt 0.972345 0.285582
vt 0.467970 0.243178
vt 0.972345 0.279190
vt 0.467970 0.251797
vt 0.972345 0.272798
vt 0.467970 0.260416
vt 0.972345 0.266406
vt 0.467970 0.269035
vt 0.972345 0.260014
vt 0.467970 0.277654
vt 0.972345 0.253622
vt 0.467970 0.286273
vt 0.972345 0.247230
vt 0.467970 0.312131
vt 0.972345 0.228053
vt 0.467970 0.320750
vt 0.972345 0.221661
vt 0.467970 0.294892
vt 0.972345 0.240838
vt 0.467970 0.303512
vt 0.972345 0.234445
vt 0.520752 0.286273
vt 0.520752 0.277654
vt 0.520752 0.269035
vt 0.520752 0.260416
vt 0.520752 0.251797
vt 0.520752 0.243178
vt 0.520752 0.234559
vt 0.520752 0.225940
vt 0.520752 0.217320
vt 0.520752 0.208701
vt 0.520752 0.337988
vt 0.520752 0.200082
vt 0.520752 0.329369
vt 0.520752 0.320750
vt 0.520752 0.312131
vt 0.520752 0.294892
vt 0.520752 0.303512
vt 0.573380 0.357563
vt 0.562401 0.357563
vt 0.567853 0.357563
vt 0.562402 0.344438
vt 0.573380 0.344438
vt 0.567853 0.344438
vt 0.573380 0.370688
vt 0.562401 0.370688
vt 0.567853 0.370688
vt 0.573380 0.383812
vt 0.562402 0.383812
vt 0.567853 0.383812
vt 0.573380 0.396937
vt 0.562401 0.396937
vt 0.567853 0.396937
vt 0.573380 0.410062
vt 0.573380 0.200068
vt 0.562401 0.410062
vt 0.562402 0.200068
vt 0.567853 0.410062
vt 0.567853 0.200068
vt 0.573380 0.213193
vt 0.562401 0.213193
vt 0.567854 0.213193
vt 0.573380 0.226318
vt 0.562401 0.226318
vt 0.567854 0.226317
vt 0.573380 0.239442
vt 0.562401 0.239442
vt 0.567853 0.239442
vt 0.573380 0.252566
vt 0.562401 0.252567
vt 0.567854 0.252567
vt 0.573380 0.265691
vt 0.562401 0.265691
vt 0.567853 0.265691
vt 0.573380 0.278816
vt 0.562401 0.278816
vt 0.567853 0.278816
vt 0.573380 0.291940
vt 0.562401 0.291940
vt 0.567853 0.291940
vt 0.573380 0.305065
vt 0.562402 0.305065
vt 0.567853 0.305065
vt 0.573380 0.318189
vt 0.562401 0.318189
vt 0.567853 0.318189
vt 0.573380 0.331314
vt 0.562401 0.331314
vt 0.567854 0.331314
vt 0.556725 0.357563
vt 0.545558 0.357563
vt 0.551244 0.357563
vt 0.545558 0.344438
vt 0.556725 0.344438
vt 0.551244 0.344438
vt 0.556725 0.370688
vt 0.545558 0.370688
vt 0.551243 0.370688
vt 0.556725 0.383812
vt 0.545558 0.383812
vt 0.551243 0.383812
vt 0.556725 0.396937
vt 0.545558 0.396937
vt 0.551243 0.396937
vt 0.556725 0.410062
vt 0.556725 0.200068
vt 0.545558 0.410062
vt 0.545558 0.200068
vt 0.551244 0.410062
vt 0.551244 0.200068
vt 0.556725 0.213193
vt 0.545558 0.213193
vt 0.551244 0.213193
vt 0.556725 0.226317
vt 0.545558 0.226317
vt 0.551244 0.226318
vt 0.556725 0.239442
vt 0.545558 0.239442
vt 0.551244 0.239442
vt 0.556725 0.252567
vt 0.545558 0.252567
vt 0.551244 0.252566
vt 0.556725 0.265691
vt 0.545558 0.265691
vt 0.551244 0.265691
vt 0.556725 0.278816
vt 0.545558 0.278816
vt 0.551244 0.278816
vt 0.556725 0.291940
vt 0.545558 0.291940
vt 0.551244 0.291940
vt 0.556725 0.305065
vt 0.545558 0.305065
vt 0.551244 0.305065
vt 0.556725 0.318189
vt 0.545558 0.318189
vt 0.551244 0.318189
vt 0.556725 0.331314
vt 0.545558 0.331314
vt 0.551244 0.331314
vt 0.523183 0.303512
vt 0.523183 0.329369
vt 0.523183 0.320750
vt 0.523183 0.251797
vt 0.523183 0.269035
vt 0.523183 0.277654
vt 0.523183 0.286273
vt 0.523183 0.234559
vt 0.523183 0.312131
vt 0.523183 0.294892
vt 0.523183 0.243178
vt 0.523183 0.225940
vt 0.523183 0.217320
vt 0.523183 0.208701
vt 0.523183 0.200082
vt 0.523183 0.337988
vt 0.523183 0.260416
vt 0.481576 0.337988
vt 0.481576 0.200082
vt 0.494044 0.337988
vt 0.494045 0.200082
vt 0.506736 0.337988
vt 0.506736 0.200082
vt 0.506735 0.260416
vt 0.494044 0.260416
vt 0.481576 0.260416
vt 0.481576 0.286273
vt 0.494044 0.286273
vt 0.506735 0.286273
vt 0.481576 0.208701
vt 0.494044 0.208701
vt 0.506735 0.208701
vt 0.481576 0.234559
vt 0.494045 0.234559
vt 0.506735 0.234559
vt 0.481576 0.217320
vt 0.494045 0.217320
vt 0.506736 0.217320
vt 0.506735 0.269035
vt 0.494044 0.269035
vt 0.481576 0.269035
vt 0.481576 0.251797
vt 0.494045 0.251797
vt 0.506735 0.251797
vt 0.481576 0.243178
vt 0.494044 0.243178
vt 0.506735 0.243178
vt 0.481576 0.225940
vt 0.494044 0.225940
vt 0.506735 0.225940
vt 0.506735 0.294892
vt 0.494044 0.294892
vt 0.481576 0.294892
vt 0.506735 0.277654
vt 0.494044 0.277654
vt 0.481576 0.277654
vt 0.481576 0.312131
vt 0.494044 0.312131
vt 0.506735 0.312131
vt 0.481576 0.303512
vt 0.494044 0.303512
vt 0.506735 0.303512
vt 0.506735 0.320750
vt 0.494044 0.320750
vt 0.481576 0.320750
vt 0.481576 0.329369
vt 0.494044 0.329369
vt 0.506735 0.329369
vt 0.982909 0.221661
vt 0.529650 0.437804
vt 0.982909 0.228053
vt 0.529650 0.442331
vt 0.982909 0.260014
vt 0.529650 0.464969
vt 0.982909 0.266406
vt 0.529650 0.469496
vt 0.982909 0.298367
vt 0.529650 0.492134
vt 0.982909 0.304759
vt 0.529650 0.496662
vt 0.982909 0.240838
vt 0.529650 0.451386
vt 0.982909 0.247230
vt 0.529650 0.455914
vt 0.982909 0.279190
vt 0.529650 0.478552
vt 0.982909 0.285582
vt 0.529650 0.483079
vt 0.982909 0.234445
vt 0.529650 0.446859
vt 0.982909 0.208877
vt 0.982909 0.311151
vt 0.529650 0.428749
vt 0.529650 0.501190
vt 0.982909 0.291975
vt 0.529650 0.487607
vt 0.982909 0.272798
vt 0.529650 0.474024
vt 0.982909 0.215269
vt 0.529650 0.433276
vt 0.982909 0.253622
vt 0.529650 0.460441
vt 0.979515 0.221661
vt 0.975740 0.221661
vt 0.975740 0.228053
vt 0.979515 0.228053
vt 0.979515 0.304759
vt 0.975740 0.304759
vt 0.975739 0.208877
vt 0.975739 0.311151
vt 0.979515 0.208877
vt 0.979515 0.311151
vt 0.979515 0.291974
vt 0.975739 0.291974
vt 0.975740 0.298367
vt 0.979515 0.298367
vt 0.979515 0.260014
vt 0.975739 0.260014
vt 0.975740 0.266406
vt 0.979515 0.266406
vt 0.975740 0.272798
vt 0.979515 0.272798
vt 0.975740 0.215269
vt 0.979515 0.215269
vt 0.979515 0.285583
vt 0.975739 0.285582
vt 0.975740 0.279190
vt 0.979515 0.279190
vt 0.979515 0.240838
vt 0.975740 0.240838
vt 0.975740 0.247230
vt 0.979515 0.247230
vt 0.979515 0.253622
vt 0.975740 0.253622
vt 0.979515 0.234445
vt 0.975740 0.234445
vt 0.556707 0.460441
vt 0.975903 0.347272
vt 0.558628 0.460441
vt 0.556707 0.433276
vt 0.558628 0.433276
vt 0.978938 0.332016
vt 0.556707 0.474024
vt 0.558628 0.474024
vt 0.985257 0.347273
vt 0.556707 0.487607
vt 0.988837 0.338630
vt 0.558628 0.487607
vt 0.556707 0.428749
vt 0.556707 0.501190
vt 0.558628 0.428749
vt 0.558628 0.501190
vt 0.982223 0.332016
vt 0.556707 0.446859
vt 0.558628 0.446859
vt 0.972323 0.338630
vt 0.556707 0.483079
vt 0.988837 0.341915
vt 0.558628 0.483079
vt 0.556707 0.478552
vt 0.987580 0.344950
vt 0.558628 0.478552
vt 0.556707 0.455914
vt 0.558628 0.455914
vt 0.973580 0.344950
vt 0.556707 0.451386
vt 0.558628 0.451386
vt 0.972323 0.341915
vt 0.556707 0.496662
vt 0.985258 0.333273
vt 0.558628 0.496662
vt 0.556707 0.492135
vt 0.558628 0.492134
vt 0.987580 0.335595
vt 0.556707 0.469497
vt 0.982223 0.348529
vt 0.558628 0.469496
vt 0.556707 0.464969
vt 0.978938 0.348529
vt 0.558628 0.464969
vt 0.556707 0.442331
vt 0.558628 0.442331
vt 0.973581 0.335595
vt 0.556707 0.437804
vt 0.558628 0.437804
vt 0.975903 0.333273
vt 0.454812 0.264079
vt 0.516478 0.484999
vt 0.454812 0.274747
vt 0.516478 0.472340
vt 0.454812 0.338758
vt 0.516478 0.396387
vt 0.454812 0.349426
vt 0.516478 0.383728
vt 0.516478 0.510316
vt 0.454812 0.242742
vt 0.516478 0.497658
vt 0.454812 0.253410
vt 0.454812 0.328090
vt 0.516478 0.409046
vt 0.454812 0.232073
vt 0.516478 0.522975
vt 0.454812 0.317421
vt 0.516478 0.421705
vt 0.454812 0.221405
vt 0.516478 0.535634
vt 0.454812 0.306752
vt 0.516478 0.434363
vt 0.454812 0.210737
vt 0.516478 0.548293
vt 0.454812 0.296084
vt 0.516478 0.447022
vt 0.454812 0.370763
vt 0.454812 0.200068
vt 0.516478 0.560952
vt 0.516478 0.358411
vt 0.454812 0.285416
vt 0.516478 0.459681
vt 0.454812 0.360095
vt 0.516478 0.371069
vt 0.491917 0.484999
vt 0.593456 0.115057
vt 0.491917 0.396387
vt 0.593456 0.039145
vt 0.491917 0.510316
vt 0.593456 0.136746
vt 0.491917 0.409046
vt 0.593456 0.049990
vt 0.491917 0.522975
vt 0.593456 0.147591
vt 0.491917 0.421705
vt 0.593456 0.060834
vt 0.491917 0.535634
vt 0.593456 0.158435
vt 0.491917 0.434363
vt 0.593456 0.071679
vt 0.491917 0.548293
vt 0.593456 0.169280
vt 0.491917 0.447022
vt 0.593456 0.082523
vt 0.491917 0.358411
vt 0.491917 0.560952
vt 0.593456 0.006611
vt 0.593456 0.180124
vt 0.491917 0.459681
vt 0.593456 0.093368
vt 0.491917 0.371069
vt 0.593456 0.017456
vt 0.491917 0.472340
vt 0.593456 0.104212
vt 0.491917 0.383728
vt 0.593456 0.028300
vt 0.491917 0.497658
vt 0.593456 0.125902
vt 0.006585 0.125901
vt 0.972337 0.065253
vt 0.660862 0.593468
vt 0.987043 0.065253
vt 0.006585 0.028300
vt 0.972337 0.170856
vt 0.758463 0.593468
vt 0.987043 0.170856
vt 0.006585 0.104212
vt 0.972337 0.088720
vt 0.682551 0.593468
vt 0.987043 0.088720
vt 0.769308 0.593468
vt 0.987043 0.182589
vt 0.006585 0.017456
vt 0.972337 0.182589
vt 0.693396 0.593468
vt 0.987043 0.100454
vt 0.006585 0.093367
vt 0.972337 0.100454
vt 0.606640 0.593468
vt 0.780152 0.593468
vt 0.987043 0.006585
vt 0.987043 0.194323
vt 0.006586 0.006611
vt 0.006585 0.180124
vt 0.972337 0.006585
vt 0.972337 0.194323
vt 0.704241 0.593468
vt 0.987043 0.112188
vt 0.006585 0.082523
vt 0.972337 0.112188
vt 0.617484 0.593468
vt 0.987043 0.018318
vt 0.006585 0.169279
vt 0.972337 0.018318
vt 0.715085 0.593468
vt 0.987043 0.123921
vt 0.006585 0.071678
vt 0.972337 0.123921
vt 0.628328 0.593468
vt 0.987043 0.030052
vt 0.006585 0.158435
vt 0.972337 0.030052
vt 0.725929 0.593468
vt 0.987043 0.135655
vt 0.972337 0.135655
vt 0.006585 0.060834
vt 0.639173 0.593468
vt 0.987043 0.041785
vt 0.006585 0.147590
vt 0.972337 0.041785
vt 0.736774 0.593468
vt 0.987043 0.147389
vt 0.006585 0.049989
vt 0.972337 0.147389
vt 0.650018 0.593468
vt 0.987043 0.053519
vt 0.006585 0.136745
vt 0.972337 0.053519
vt 0.747619 0.593468
vt 0.987043 0.159122
vt 0.006585 0.039145
vt 0.972337 0.159122
vt 0.671707 0.593468
vt 0.987043 0.076987
vt 0.006585 0.115057
vt 0.972337 0.076987
vt 0.501710 0.472340
vt 0.496798 0.472340
vt 0.511597 0.472340
vt 0.506685 0.472340
vt 0.501710 0.383728
vt 0.496798 0.383728
vt 0.511597 0.383728
vt 0.506685 0.383728
vt 0.501709 0.497658
vt 0.496798 0.497658
vt 0.511597 0.497658
vt 0.506685 0.497658
vt 0.506685 0.371069
vt 0.511597 0.371069
vt 0.506685 0.459681
vt 0.511597 0.459681
vt 0.506685 0.358411
vt 0.506685 0.560952
vt 0.511597 0.358411
vt 0.511597 0.560952
vt 0.506685 0.447022
vt 0.511597 0.447022
vt 0.506685 0.548293
vt 0.511597 0.548293
vt 0.506685 0.434363
vt 0.511597 0.434363
vt 0.506685 0.535634
vt 0.511597 0.535634
vt 0.506685 0.421705
vt 0.511597 0.421705
vt 0.506685 0.522975
vt 0.511597 0.522975
vt 0.506685 0.409046
vt 0.511597 0.409046
vt 0.506685 0.510316
vt 0.511597 0.510316
vt 0.506685 0.396387
vt 0.511597 0.396387
vt 0.506685 0.484999
vt 0.511597 0.484999
vt 0.496798 0.484999
vt 0.501709 0.484999
vt 0.496798 0.396387
vt 0.501709 0.396387
vt 0.496798 0.510316
vt 0.501709 0.510316
vt 0.496798 0.409046
vt 0.501710 0.409046
vt 0.496798 0.522975
vt 0.501710 0.522975
vt 0.496798 0.421705
vt 0.501709 0.421705
vt 0.496798 0.535634
vt 0.501709 0.535634
vt 0.496798 0.434363
vt 0.501709 0.434363
vt 0.496798 0.548293
vt 0.501709 0.548293
vt 0.496798 0.447022
vt 0.501709 0.447022
vt 0.496798 0.358411
vt 0.496798 0.560952
vt 0.501710 0.358411
vt 0.501709 0.560952
vt 0.496798 0.459681
vt 0.501709 0.459681
vt 0.496798 0.371069
vt 0.501709 0.371069
vt 0.981133 0.182589
vt 0.985637 0.182589
vt 0.985637 0.006585
vt 0.985637 0.194323
vt 0.981132 0.194323
vt 0.981133 0.006585
vt 0.973743 0.076986
vt 0.978247 0.076986
vt 0.985637 0.076986
vt 0.981133 0.076986
vt 0.973743 0.006585
vt 0.973743 0.194323
vt 0.978247 0.006585
vt 0.978247 0.194323
vt 0.978247 0.018318
vt 0.973743 0.018318
vt 0.981133 0.112188
vt 0.985637 0.112188
vt 0.985637 0.123921
vt 0.981133 0.123921
vt 0.973743 0.112188
vt 0.978247 0.112188
vt 0.973743 0.123921
vt 0.978247 0.123921
vt 0.978247 0.135655
vt 0.973743 0.135655
vt 0.978248 0.041786
vt 0.973743 0.041786
vt 0.973743 0.053519
vt 0.978247 0.053519
vt 0.985637 0.030052
vt 0.981133 0.030052
vt 0.985637 0.041786
vt 0.981133 0.041786
vt 0.981133 0.147388
vt 0.985637 0.147388
vt 0.985637 0.159122
vt 0.981133 0.159122
vt 0.981133 0.018318
vt 0.985638 0.018318
vt 0.978247 0.065253
vt 0.973743 0.065253
vt 0.973743 0.147388
vt 0.978247 0.147388
vt 0.978247 0.159122
vt 0.973743 0.159122
vt 0.981133 0.135655
vt 0.985637 0.135655
vt 0.973743 0.030052
vt 0.978248 0.030052
vt 0.981133 0.100454
vt 0.985637 0.100454
vt 0.973743 0.182589
vt 0.978247 0.182589
vt 0.973743 0.088720
vt 0.978247 0.088720
vt 0.978247 0.100454
vt 0.973743 0.100454
vt 0.981133 0.065253
vt 0.985637 0.065253
vt 0.985637 0.170856
vt 0.981133 0.170856
vt 0.978247 0.170856
vt 0.973743 0.170856
vt 0.981133 0.088720
vt 0.985637 0.088720
vt 0.985637 0.053519
vt 0.981133 0.053519
vt 0.013441 0.253410
vt 0.549428 0.566066
vt 0.006590 0.253410
vt 0.013441 0.242741
vt 0.006589 0.242741
vt 0.559248 0.566066
vt 0.013441 0.232073
vt 0.006590 0.232073
vt 0.568322 0.562308
vt 0.013441 0.221405
vt 0.006589 0.221405
vt 0.575266 0.555364
vt 0.013441 0.210736
vt 0.006590 0.210736
vt 0.579024 0.546290
vt 0.013441 0.200068
vt 0.013441 0.370763
vt 0.006590 0.200068
vt 0.006589 0.370763
vt 0.579024 0.536470
vt 0.013441 0.360094
vt 0.006589 0.360094
vt 0.575266 0.527397
vt 0.013441 0.349426
vt 0.006589 0.349426
vt 0.568322 0.520452
vt 0.013441 0.338758
vt 0.006589 0.338758
vt 0.559248 0.516694
vt 0.013441 0.328089
vt 0.006589 0.328089
vt 0.549428 0.516694
vt 0.013441 0.317421
vt 0.006589 0.317421
vt 0.540355 0.520452
vt 0.013441 0.306752
vt 0.006589 0.306752
vt 0.533410 0.527397
vt 0.013441 0.296084
vt 0.529652 0.536470
vt 0.006589 0.296084
vt 0.013441 0.285415
vt 0.006589 0.285415
vt 0.529652 0.546290
vt 0.013441 0.274747
vt 0.533410 0.555363
vt 0.006590 0.274747
vt 0.013441 0.264079
vt 0.540355 0.562308
vt 0.006590 0.264078
vt 0.200089 0.633814
vt 0.200090 0.629934
vt 0.200090 0.626637
vt 0.200090 0.623304
vt 0.200090 0.619266
vt 0.200090 0.614597
vt 0.200089 0.661771
vt 0.200089 0.657102
vt 0.200089 0.653064
vt 0.200089 0.649731
vt 0.200089 0.646433
vt 0.200089 0.642553
vt 0.200089 0.638184
vt 0.233088 0.633831
vt 0.233098 0.629978
vt 0.233099 0.626731
vt 0.233097 0.623447
vt 0.233101 0.619437
vt 0.233119 0.614755
vt 0.233117 0.661615
vt 0.233099 0.656933
vt 0.233096 0.652923
vt 0.233098 0.649639
vt 0.233097 0.646392
vt 0.233087 0.642539
vt 0.233076 0.638185
vt 0.264758 0.633864
vt 0.264767 0.630040
vt 0.264768 0.626817
vt 0.264766 0.623559
vt 0.264768 0.619577
vt 0.264784 0.614931
vt 0.264783 0.661441
vt 0.264767 0.656795
vt 0.264765 0.652814
vt 0.264767 0.649555
vt 0.264767 0.646332
vt 0.264758 0.642508
vt 0.264747 0.638186
vt 0.295776 0.633875
vt 0.295777 0.630074
vt 0.295777 0.626897
vt 0.295777 0.623686
vt 0.295777 0.619734
vt 0.295777 0.615077
vt 0.295776 0.661297
vt 0.295776 0.656641
vt 0.295776 0.652689
vt 0.295776 0.649477
vt 0.295776 0.646301
vt 0.295776 0.642499
vt 0.295776 0.638187
vt 0.326793 0.633867
vt 0.326784 0.630043
vt 0.326784 0.626820
vt 0.326786 0.623562
vt 0.326785 0.619582
vt 0.326769 0.614936
vt 0.326767 0.661441
vt 0.326783 0.656795
vt 0.326785 0.652815
vt 0.326784 0.649557
vt 0.326784 0.646334
vt 0.326793 0.642510
vt 0.326804 0.638188
vt 0.358460 0.633836
vt 0.358450 0.629984
vt 0.358449 0.626737
vt 0.358451 0.623454
vt 0.358449 0.619444
vt 0.358431 0.614764
vt 0.358429 0.661615
vt 0.358447 0.656934
vt 0.358450 0.652925
vt 0.358449 0.649642
vt 0.358450 0.646395
vt 0.358460 0.642543
vt 0.358471 0.638189
vt 0.391452 0.633822
vt 0.391452 0.629943
vt 0.391452 0.626647
vt 0.391452 0.623315
vt 0.391452 0.619277
vt 0.391453 0.614609
vt 0.391451 0.661772
vt 0.391451 0.657104
vt 0.391451 0.653067
vt 0.391451 0.649735
vt 0.391451 0.646438
vt 0.391451 0.642559
vt 0.391452 0.638191
vt 0.424442 0.633839
vt 0.424451 0.629987
vt 0.424453 0.626740
vt 0.424451 0.623458
vt 0.424454 0.619448
vt 0.424472 0.614768
vt 0.424471 0.661615
vt 0.424453 0.656935
vt 0.424450 0.652926
vt 0.424452 0.649643
vt 0.424451 0.646397
vt 0.424441 0.642545
vt 0.424430 0.638192
vt 0.456104 0.633872
vt 0.456113 0.630050
vt 0.456113 0.626827
vt 0.456111 0.623569
vt 0.456114 0.619590
vt 0.456130 0.614945
vt 0.456128 0.661442
vt 0.456112 0.656796
vt 0.456110 0.652817
vt 0.456112 0.649559
vt 0.456112 0.646337
vt 0.456103 0.642514
vt 0.456092 0.638193
vt 0.487113 0.633883
vt 0.487113 0.630083
vt 0.487113 0.626907
vt 0.487113 0.623697
vt 0.487114 0.619746
vt 0.487114 0.615090
vt 0.487112 0.661298
vt 0.487112 0.656643
vt 0.487112 0.652691
vt 0.487112 0.649481
vt 0.487112 0.646305
vt 0.487113 0.642505
vt 0.487113 0.638194
vt 0.518121 0.633875
vt 0.518112 0.630052
vt 0.518112 0.626831
vt 0.518114 0.623573
vt 0.518112 0.619594
vt 0.518096 0.614949
vt 0.518095 0.661442
vt 0.518111 0.656797
vt 0.518112 0.652818
vt 0.518111 0.649560
vt 0.518112 0.646338
vt 0.518120 0.642516
vt 0.518131 0.638195
vt 0.549779 0.633844
vt 0.549769 0.629993
vt 0.549769 0.626747
vt 0.549770 0.623465
vt 0.549767 0.619456
vt 0.549750 0.614776
vt 0.549748 0.661616
vt 0.549766 0.656937
vt 0.549769 0.652928
vt 0.549768 0.649646
vt 0.549769 0.646400
vt 0.549779 0.642549
vt 0.549790 0.638196
vt 0.582762 0.633830
vt 0.582762 0.629952
vt 0.582762 0.626656
vt 0.582762 0.623326
vt 0.582762 0.619288
vt 0.582762 0.614622
vt 0.582761 0.661773
vt 0.582761 0.657107
vt 0.582761 0.653070
vt 0.582761 0.649739
vt 0.582762 0.646443
vt 0.582761 0.642565
vt 0.582762 0.638198
vt 0.615744 0.633846
vt 0.615754 0.629996
vt 0.615755 0.626750
vt 0.615754 0.623468
vt 0.615757 0.619460
vt 0.615775 0.614780
vt 0.615773 0.661617
vt 0.615756 0.656938
vt 0.615753 0.652929
vt 0.615754 0.649648
vt 0.615753 0.646402
vt 0.615744 0.642551
vt 0.615733 0.638199
vt 0.647400 0.633880
vt 0.647409 0.630058
vt 0.647409 0.626836
vt 0.647408 0.623578
vt 0.647410 0.619600
vt 0.647426 0.614956
vt 0.647424 0.661444
vt 0.647408 0.656800
vt 0.647407 0.652821
vt 0.647409 0.649564
vt 0.647409 0.646342
vt 0.647400 0.642520
vt 0.647389 0.638200
vt 0.678407 0.633890
vt 0.678406 0.630090
vt 0.678406 0.626914
vt 0.678405 0.623704
vt 0.678405 0.619753
vt 0.678403 0.615099
vt 0.678402 0.661303
vt 0.678403 0.656649
vt 0.678404 0.652698
vt 0.678406 0.649488
vt 0.678406 0.646312
vt 0.678406 0.642512
vt 0.678407 0.638201
vt 0.709433 0.633879
vt 0.709421 0.630053
vt 0.709418 0.626828
vt 0.709413 0.623567
vt 0.709404 0.619587
vt 0.709379 0.614943
vt 0.709377 0.661462
vt 0.709403 0.656818
vt 0.709412 0.652837
vt 0.709417 0.649576
vt 0.709421 0.646351
vt 0.709433 0.642525
vt 0.709446 0.638202
vt 0.741283 0.633841
vt 0.741245 0.629978
vt 0.741206 0.626702
vt 0.741162 0.623379
vt 0.741099 0.619331
vt 0.741014 0.614657
vt 0.741012 0.661749
vt 0.741098 0.657075
vt 0.741161 0.653028
vt 0.741205 0.649704
vt 0.741244 0.646428
vt 0.741284 0.642565
vt 0.741310 0.638203
vt 0.775994 0.633405
vt 0.006742 0.633374
vt 0.775607 0.629228
vt 0.007128 0.629195
vt 0.775088 0.625779
vt 0.007648 0.625743
vt 0.774559 0.622374
vt 0.008178 0.622337
vt 0.774120 0.618317
vt 0.008618 0.618277
vt 0.773862 0.613667
vt 0.773860 0.662742
vt 0.008876 0.613624
vt 0.008875 0.662731
vt 0.774118 0.658092
vt 0.008617 0.658077
vt 0.774557 0.654035
vt 0.008177 0.654018
vt 0.775087 0.650631
vt 0.007647 0.650612
vt 0.775607 0.647182
vt 0.007128 0.647160
vt 0.775993 0.643004
vt 0.006742 0.642981
vt 0.776130 0.638205
vt 0.006605 0.638177
vt 0.041474 0.633814
vt 0.041514 0.629948
vt 0.041552 0.626671
vt 0.041596 0.623345
vt 0.041660 0.619295
vt 0.041746 0.614618
vt 0.041745 0.661740
vt 0.041659 0.657062
vt 0.041595 0.653012
vt 0.041552 0.649686
vt 0.041513 0.646409
vt 0.041474 0.642543
vt 0.041448 0.638178
vt 0.073345 0.633853
vt 0.073357 0.630026
vt 0.073362 0.626798
vt 0.073366 0.623536
vt 0.073376 0.619553
vt 0.073401 0.614905
vt 0.073400 0.661454
vt 0.073374 0.656806
vt 0.073365 0.652824
vt 0.073361 0.649561
vt 0.073357 0.646334
vt 0.073345 0.642506
vt 0.073332 0.638180
vt 0.104391 0.633867
vt 0.104392 0.630065
vt 0.104393 0.626887
vt 0.104394 0.623675
vt 0.104395 0.619721
vt 0.104396 0.615064
vt 0.104395 0.661297
vt 0.104393 0.656640
vt 0.104393 0.652687
vt 0.104392 0.649475
vt 0.104391 0.646297
vt 0.104391 0.642494
vt 0.104391 0.638181
vt 0.135416 0.633859
vt 0.135408 0.630035
vt 0.135408 0.626811
vt 0.135410 0.623552
vt 0.135408 0.619571
vt 0.135393 0.614924
vt 0.135391 0.661439
vt 0.135407 0.656792
vt 0.135409 0.652812
vt 0.135407 0.649552
vt 0.135407 0.646329
vt 0.135416 0.642504
vt 0.135428 0.638182
vt 0.167090 0.633828
vt 0.167080 0.629975
vt 0.167080 0.626727
vt 0.167081 0.623444
vt 0.167079 0.619433
vt 0.167061 0.614751
vt 0.167060 0.661614
vt 0.167077 0.656932
vt 0.167081 0.652921
vt 0.167079 0.649638
vt 0.167080 0.646390
vt 0.167090 0.642537
vt 0.167102 0.638183
vt 0.456240 0.564228
vt 0.456240 0.569512
vt 0.456240 0.574796
vt 0.456240 0.580079
vt 0.456240 0.585363
vt 0.456240 0.590647
vt 0.456240 0.595930
vt 0.456240 0.601214
vt 0.456240 0.606498
vt 0.456240 0.543094
vt 0.456240 0.548377
vt 0.456240 0.553661
vt 0.456240 0.558945
vt 0.440112 0.564228
vt 0.440112 0.569512
vt 0.440112 0.574796
vt 0.440112 0.580079
vt 0.440112 0.585363
vt 0.440112 0.590647
vt 0.440112 0.595930
vt 0.440112 0.601214
vt 0.440112 0.606498
vt 0.440112 0.543094
vt 0.440112 0.548377
vt 0.440112 0.553661
vt 0.440112 0.558945
vt 0.427527 0.564228
vt 0.427527 0.569512
vt 0.427527 0.574796
vt 0.427527 0.580079
vt 0.427527 0.585363
vt 0.427527 0.590647
vt 0.427527 0.595930
vt 0.427527 0.601214
vt 0.427527 0.606498
vt 0.427527 0.543094
vt 0.427527 0.548377
vt 0.427527 0.553661
vt 0.427527 0.558945
vt 0.417389 0.564228
vt 0.417389 0.569512
vt 0.417389 0.574796
vt 0.417389 0.580079
vt 0.417389 0.585363
vt 0.417389 0.590647
vt 0.417389 0.595930
vt 0.417389 0.601214
vt 0.417389 0.606498
vt 0.417389 0.543094
vt 0.417389 0.548377
vt 0.417389 0.553661
vt 0.417389 0.558945
vt 0.408913 0.564228
vt 0.408913 0.569512
vt 0.408913 0.574796
vt 0.408913 0.580079
vt 0.408913 0.585363
vt 0.408913 0.590647
vt 0.408913 0.595930
vt 0.408913 0.601214
vt 0.408913 0.606498
vt 0.408913 0.543094
vt 0.408913 0.548377
vt 0.408913 0.553661
vt 0.408913 0.558945
vt 0.401582 0.564228
vt 0.401582 0.569512
vt 0.401582 0.574796
vt 0.401582 0.580079
vt 0.401582 0.585363
vt 0.401582 0.590647
vt 0.401582 0.595930
vt 0.401582 0.601214
vt 0.401582 0.606498
vt 0.401583 0.543094
vt 0.401583 0.548377
vt 0.401583 0.553661
vt 0.401582 0.558945
vt 0.395059 0.564228
vt 0.395059 0.569512
vt 0.395059 0.574796
vt 0.395059 0.580079
vt 0.395059 0.585363
vt 0.395059 0.590647
vt 0.395059 0.595930
vt 0.395059 0.601214
vt 0.395059 0.606498
vt 0.395059 0.543094
vt 0.395059 0.548377
vt 0.395059 0.553661
vt 0.395059 0.558945
vt 0.389062 0.564228
vt 0.389062 0.569512
vt 0.389062 0.574796
vt 0.389062 0.580079
vt 0.389062 0.585363
vt 0.389062 0.590647
vt 0.389062 0.595930
vt 0.389062 0.601214
vt 0.389062 0.606498
vt 0.389062 0.543094
vt 0.389062 0.548377
vt 0.389062 0.553661
vt 0.389062 0.558945
vt 0.383268 0.564228
vt 0.383268 0.569512
vt 0.383268 0.574796
vt 0.383268 0.580079
vt 0.383268 0.585363
vt 0.383268 0.590647
vt 0.383268 0.595930
vt 0.383268 0.601214
vt 0.383268 0.606498
vt 0.383268 0.543094
vt 0.383268 0.548377
vt 0.383268 0.553661
vt 0.383268 0.558945
vt 0.377330 0.564228
vt 0.377330 0.569512
vt 0.377330 0.574796
vt 0.377330 0.580079
vt 0.377330 0.585363
vt 0.377330 0.590647
vt 0.377330 0.595930
vt 0.377330 0.601214
vt 0.377330 0.606498
vt 0.377330 0.543094
vt 0.377330 0.548377
vt 0.377330 0.553661
vt 0.377330 0.558945
vt 0.370933 0.564228
vt 0.370933 0.569512
vt 0.370933 0.574796
vt 0.370933 0.580079
vt 0.370933 0.585363
vt 0.370933 0.590647
vt 0.370933 0.595930
vt 0.370933 0.601214
vt 0.370934 0.606498
vt 0.370934 0.543094
vt 0.370933 0.548377
vt 0.370933 0.553661
vt 0.370933 0.558945
vt 0.363841 0.564228
vt 0.363841 0.569512
vt 0.363841 0.574796
vt 0.363841 0.580079
vt 0.363841 0.585363
vt 0.363841 0.590647
vt 0.363841 0.595930
vt 0.363841 0.601214
vt 0.363841 0.606498
vt 0.363841 0.543094
vt 0.363841 0.548377
vt 0.363841 0.553661
vt 0.363841 0.558945
vt 0.355888 0.564228
vt 0.355888 0.569512
vt 0.355888 0.574796
vt 0.355888 0.580079
vt 0.355888 0.585363
vt 0.355888 0.590647
vt 0.355888 0.595930
vt 0.355888 0.601214
vt 0.355888 0.606498
vt 0.355888 0.543094
vt 0.355888 0.548377
vt 0.355888 0.553661
vt 0.355888 0.558945
vt 0.346969 0.564228
vt 0.346969 0.569512
vt 0.346969 0.574796
vt 0.346969 0.580079
vt 0.346969 0.585363
vt 0.346969 0.590647
vt 0.346969 0.595930
vt 0.346969 0.601214
vt 0.346969 0.606498
vt 0.346969 0.543094
vt 0.346969 0.548377
vt 0.346969 0.553661
vt 0.346969 0.558945
vt 0.337018 0.564228
vt 0.337018 0.569512
vt 0.337018 0.574796
vt 0.337018 0.580079
vt 0.337018 0.585363
vt 0.337018 0.590647
vt 0.337018 0.595930
vt 0.337018 0.601214
vt 0.337018 0.606498
vt 0.337018 0.543094
vt 0.337018 0.548377
vt 0.337018 0.553661
vt 0.337018 0.558945
vt 0.326028 0.564228
vt 0.326028 0.569512
vt 0.326028 0.574796
vt 0.326028 0.580079
vt 0.326028 0.585363
vt 0.326028 0.590647
vt 0.326028 0.595930
vt 0.326028 0.601214
vt 0.326028 0.606498
vt 0.326028 0.543094
vt 0.326028 0.548377
vt 0.326028 0.553661
vt 0.326028 0.558945
vt 0.314068 0.564228
vt 0.314068 0.569512
vt 0.314068 0.574796
vt 0.314068 0.580079
vt 0.314068 0.585363
vt 0.314068 0.590647
vt 0.314068 0.595930
vt 0.314068 0.601214
vt 0.314068 0.606498
vt 0.314068 0.543094
vt 0.314068 0.548377
vt 0.314068 0.553661
vt 0.314068 0.558945
vt 0.301284 0.564228
vt 0.301284 0.569512
vt 0.301284 0.574796
vt 0.301284 0.580079
vt 0.301284 0.585363
vt 0.301284 0.590647
vt 0.301284 0.595930
vt 0.301284 0.601214
vt 0.301284 0.606498
vt 0.301284 0.543094
vt 0.301284 0.548377
vt 0.301284 0.553661
vt 0.301284 0.558945
vt 0.287892 0.564228
vt 0.287892 0.569512
vt 0.287892 0.574796
vt 0.287892 0.580079
vt 0.287892 0.585363
vt 0.287892 0.590647
vt 0.287892 0.595930
vt 0.287892 0.601214
vt 0.287892 0.606498
vt 0.287892 0.543094
vt 0.287892 0.548377
vt 0.287892 0.553661
vt 0.287892 0.558945
vt 0.274176 0.564228
vt 0.274176 0.569512
vt 0.274176 0.574796
vt 0.274176 0.580079
vt 0.274176 0.585363
vt 0.274176 0.590647
vt 0.274176 0.595930
vt 0.274176 0.601214
vt 0.274176 0.606498
vt 0.274176 0.543094
vt 0.274176 0.548377
vt 0.274176 0.553661
vt 0.274176 0.558945
vt 0.260486 0.564228
vt 0.260486 0.569512
vt 0.260486 0.574796
vt 0.260486 0.580079
vt 0.260486 0.585363
vt 0.260486 0.590647
vt 0.260486 0.595930
vt 0.260486 0.601214
vt 0.260486 0.606498
vt 0.260486 0.543094
vt 0.260486 0.548377
vt 0.260486 0.553661
vt 0.260486 0.558945
vt 0.247225 0.564228
vt 0.247225 0.569512
vt 0.247225 0.574796
vt 0.247225 0.580079
vt 0.247225 0.585363
vt 0.247225 0.590647
vt 0.247225 0.595930
vt 0.247225 0.601214
vt 0.247225 0.606498
vt 0.247225 0.543094
vt 0.247225 0.548377
vt 0.247225 0.553661
vt 0.247225 0.558945
vt 0.234752 0.564228
vt 0.234752 0.569512
vt 0.234752 0.574796
vt 0.234752 0.580079
vt 0.234752 0.585363
vt 0.234752 0.590647
vt 0.234752 0.595930
vt 0.234752 0.601214
vt 0.234752 0.606498
vt 0.234752 0.543094
vt 0.234752 0.548377
vt 0.234752 0.553661
vt 0.234752 0.558945
vt 0.223283 0.564228
vt 0.223283 0.569512
vt 0.223283 0.574796
vt 0.223283 0.580079
vt 0.223283 0.585363
vt 0.223283 0.590647
vt 0.223283 0.595930
vt 0.223283 0.601214
vt 0.223283 0.606498
vt 0.223283 0.543094
vt 0.223283 0.548377
vt 0.223283 0.553661
vt 0.223283 0.558945
vt 0.212880 0.564228
vt 0.212880 0.569512
vt 0.212880 0.574796
vt 0.212880 0.580079
vt 0.212880 0.585363
vt 0.212880 0.590647
vt 0.212880 0.595930
vt 0.212880 0.601214
vt 0.212880 0.606498
vt 0.212880 0.543094
vt 0.212880 0.548377
vt 0.212880 0.553661
vt 0.212880 0.558945
vt 0.203462 0.564228
vt 0.203462 0.569512
vt 0.203462 0.574796
vt 0.203462 0.580079
vt 0.203462 0.585363
vt 0.203462 0.590647
vt 0.203462 0.595930
vt 0.203462 0.601214
vt 0.203462 0.606498
vt 0.203462 0.543094
vt 0.203462 0.548377
vt 0.203462 0.553661
vt 0.203462 0.558945
vt 0.194826 0.564228
vt 0.194826 0.569512
vt 0.194826 0.574796
vt 0.194826 0.580079
vt 0.194826 0.585363
vt 0.194826 0.590647
vt 0.194826 0.595930
vt 0.194826 0.601214
vt 0.194825 0.606498
vt 0.194825 0.543094
vt 0.194826 0.548377
vt 0.194826 0.553661
vt 0.194826 0.558945
vt 0.186702 0.564228
vt 0.186702 0.569512
vt 0.186702 0.574796
vt 0.186702 0.580079
vt 0.186702 0.585363
vt 0.186702 0.590647
vt 0.186702 0.595930
vt 0.186702 0.601214
vt 0.186702 0.606498
vt 0.186702 0.543094
vt 0.186702 0.548377
vt 0.186702 0.553661
vt 0.186702 0.558945
vt 0.178835 0.564228
vt 0.178835 0.569512
vt 0.178835 0.574796
vt 0.178835 0.580079
vt 0.178835 0.585363
vt 0.178835 0.590647
vt 0.178835 0.595930
vt 0.178835 0.601214
vt 0.178835 0.606498
vt 0.178835 0.543094
vt 0.178835 0.548377
vt 0.178835 0.553661
vt 0.178835 0.558945
vt 0.171059 0.564228
vt 0.171059 0.569512
vt 0.171059 0.574796
vt 0.171059 0.580079
vt 0.171059 0.585363
vt 0.171059 0.590647
vt 0.171059 0.595930
vt 0.171059 0.601214
vt 0.171059 0.606497
vt 0.171059 0.543094
vt 0.171059 0.548377
vt 0.171059 0.553661
vt 0.171059 0.558945
vt 0.163305 0.564228
vt 0.163305 0.569512
vt 0.163305 0.574796
vt 0.163305 0.580079
vt 0.163305 0.585363
vt 0.163305 0.590647
vt 0.163305 0.595930
vt 0.163305 0.601214
vt 0.163305 0.606497
vt 0.163305 0.543094
vt 0.163305 0.548377
vt 0.163305 0.553661
vt 0.163305 0.558945
vt 0.155561 0.564228
vt 0.155561 0.569512
vt 0.155561 0.574796
vt 0.155561 0.580079
vt 0.155561 0.585363
vt 0.155561 0.590647
vt 0.155561 0.595930
vt 0.155561 0.601214
vt 0.155561 0.606497
vt 0.155561 0.543094
vt 0.155561 0.548377
vt 0.155561 0.553661
vt 0.155561 0.558945
vt 0.147850 0.564228
vt 0.147850 0.569512
vt 0.147850 0.574796
vt 0.147850 0.580079
vt 0.147850 0.585363
vt 0.147850 0.590647
vt 0.147850 0.595930
vt 0.147850 0.601214
vt 0.147850 0.606497
vt 0.147850 0.543094
vt 0.147850 0.548377
vt 0.147850 0.553661
vt 0.147850 0.558945
vt 0.140223 0.564228
vt 0.140223 0.569512
vt 0.140223 0.574796
vt 0.140223 0.580079
vt 0.140223 0.585363
vt 0.140223 0.590647
vt 0.140223 0.595930
vt 0.140223 0.601214
vt 0.140223 0.606497
vt 0.140223 0.543094
vt 0.140223 0.548377
vt 0.140223 0.553661
vt 0.140223 0.558945
vt 0.132752 0.564228
vt 0.132752 0.569512
vt 0.132752 0.574796
vt 0.132752 0.580079
vt 0.132752 0.585363
vt 0.132752 0.590647
vt 0.132752 0.595930
vt 0.132752 0.601214
vt 0.132752 0.606497
vt 0.132752 0.543094
vt 0.132752 0.548377
vt 0.132752 0.553661
vt 0.132752 0.558945
vt 0.125494 0.564228
vt 0.125494 0.569512
vt 0.125494 0.574796
vt 0.125494 0.580079
vt 0.125494 0.585363
vt 0.125494 0.590647
vt 0.125494 0.595930
vt 0.125494 0.601214
vt 0.125494 0.606497
vt 0.125494 0.543094
vt 0.125494 0.548377
vt 0.125494 0.553661
vt 0.125494 0.558945
vt 0.118438 0.564228
vt 0.118438 0.569512
vt 0.118438 0.574796
vt 0.118438 0.580079
vt 0.118438 0.585363
vt 0.118438 0.590647
vt 0.118438 0.595930
vt 0.118438 0.601214
vt 0.118438 0.606497
vt 0.118438 0.543094
vt 0.118438 0.548377
vt 0.118438 0.553661
vt 0.118438 0.558945
vt 0.111468 0.564228
vt 0.111468 0.569512
vt 0.111468 0.574796
vt 0.111468 0.580079
vt 0.111468 0.585363
vt 0.111468 0.590647
vt 0.111468 0.595930
vt 0.111468 0.601214
vt 0.111468 0.606497
vt 0.111468 0.543094
vt 0.111468 0.548377
vt 0.111468 0.553661
vt 0.111468 0.558945
vt 0.104404 0.564228
vt 0.104404 0.569512
vt 0.104404 0.574796
vt 0.104404 0.580079
vt 0.104404 0.585363
vt 0.104404 0.590647
vt 0.104404 0.595930
vt 0.104404 0.601214
vt 0.104404 0.606497
vt 0.104404 0.543094
vt 0.104404 0.548377
vt 0.104404 0.553661
vt 0.104404 0.558945
vt 0.097070 0.564228
vt 0.097070 0.569512
vt 0.097070 0.574796
vt 0.097070 0.580079
vt 0.097070 0.585363
vt 0.097070 0.590647
vt 0.097070 0.595930
vt 0.097070 0.601214
vt 0.097070 0.606497
vt 0.097070 0.543094
vt 0.097070 0.548377
vt 0.097070 0.553661
vt 0.097070 0.558945
vt 0.089370 0.564228
vt 0.089370 0.569512
vt 0.089370 0.574796
vt 0.089370 0.580079
vt 0.089370 0.585363
vt 0.089370 0.590647
vt 0.089370 0.595930
vt 0.089370 0.601214
vt 0.089370 0.606497
vt 0.089370 0.543094
vt 0.089370 0.548377
vt 0.089370 0.553661
vt 0.089370 0.558945
vt 0.081329 0.564228
vt 0.081329 0.569512
vt 0.081329 0.574796
vt 0.081329 0.580079
vt 0.081329 0.585363
vt 0.081329 0.590647
vt 0.081329 0.595930
vt 0.081329 0.601214
vt 0.081329 0.606497
vt 0.081329 0.543094
vt 0.081329 0.548377
vt 0.081329 0.553661
vt 0.081329 0.558945
vt 0.073100 0.564228
vt 0.073100 0.569512
vt 0.073100 0.574796
vt 0.073100 0.580079
vt 0.073100 0.585363
vt 0.073100 0.590647
vt 0.073100 0.595930
vt 0.073100 0.601214
vt 0.073100 0.606497
vt 0.073100 0.543094
vt 0.073100 0.548377
vt 0.073100 0.553661
vt 0.073100 0.558945
vt 0.064864 0.564228
vt 0.064864 0.569512
vt 0.064864 0.574796
vt 0.064864 0.580079
vt 0.064864 0.585363
vt 0.064864 0.590647
vt 0.064864 0.595930
vt 0.064864 0.601214
vt 0.064865 0.606497
vt 0.064865 0.543094
vt 0.064864 0.548377
vt 0.064864 0.553661
vt 0.064864 0.558945
vt 0.056653 0.564228
vt 0.056653 0.569512
vt 0.056653 0.574796
vt 0.056653 0.580079
vt 0.056653 0.585363
vt 0.056653 0.590647
vt 0.056653 0.595930
vt 0.056653 0.601214
vt 0.056653 0.606497
vt 0.056653 0.543094
vt 0.056653 0.548377
vt 0.056653 0.553661
vt 0.056653 0.558945
vt 0.048185 0.564228
vt 0.048185 0.569512
vt 0.048185 0.574796
vt 0.048185 0.580079
vt 0.048185 0.585363
vt 0.048185 0.590647
vt 0.048185 0.595930
vt 0.048185 0.601214
vt 0.048185 0.606497
vt 0.048185 0.543094
vt 0.048185 0.548377
vt 0.048185 0.553661
vt 0.048185 0.558945
vt 0.038692 0.564228
vt 0.038692 0.569512
vt 0.038692 0.574796
vt 0.038692 0.580079
vt 0.038692 0.585363
vt 0.038692 0.590647
vt 0.038692 0.595930
vt 0.038692 0.601214
vt 0.038692 0.606497
vt 0.038692 0.543094
vt 0.038692 0.548377
vt 0.038692 0.553661
vt 0.038692 0.558945
vt 0.026882 0.564228
vt 0.026882 0.569512
vt 0.026882 0.574796
vt 0.026882 0.580079
vt 0.026882 0.585363
vt 0.026882 0.590647
vt 0.026882 0.595930
vt 0.026882 0.601214
vt 0.026881 0.606497
vt 0.026881 0.543094
vt 0.026882 0.548377
vt 0.026882 0.553661
vt 0.026882 0.558945
vt 0.450985 0.405909
vt 0.450985 0.411189
vt 0.450985 0.416468
vt 0.450985 0.421748
vt 0.450985 0.427027
vt 0.450985 0.432306
vt 0.450985 0.437585
vt 0.450985 0.442864
vt 0.450985 0.448144
vt 0.450985 0.384793
vt 0.450985 0.390072
vt 0.450985 0.395351
vt 0.450985 0.400630
vt 0.434844 0.405909
vt 0.434844 0.411189
vt 0.434844 0.416468
vt 0.434844 0.421748
vt 0.434844 0.427027
vt 0.434844 0.432306
vt 0.434844 0.437585
vt 0.434844 0.442864
vt 0.434844 0.448144
vt 0.434844 0.384793
vt 0.434844 0.390072
vt 0.434844 0.395351
vt 0.434844 0.400630
vt 0.422249 0.405909
vt 0.422249 0.411189
vt 0.422249 0.416468
vt 0.422249 0.421748
vt 0.422248 0.427027
vt 0.422248 0.432306
vt 0.422248 0.437585
vt 0.422248 0.442864
vt 0.422249 0.448144
vt 0.422249 0.384793
vt 0.422249 0.390072
vt 0.422249 0.395351
vt 0.422249 0.400630
vt 0.412102 0.405909
vt 0.412102 0.411189
vt 0.412102 0.416468
vt 0.412102 0.421748
vt 0.412102 0.427027
vt 0.412102 0.432306
vt 0.412102 0.437585
vt 0.412102 0.442864
vt 0.412102 0.448144
vt 0.412102 0.384792
vt 0.412102 0.390072
vt 0.412102 0.395351
vt 0.412102 0.400630
vt 0.403619 0.405909
vt 0.403619 0.411189
vt 0.403619 0.416468
vt 0.403619 0.421748
vt 0.403619 0.427027
vt 0.403619 0.432306
vt 0.403619 0.437585
vt 0.403619 0.442864
vt 0.403619 0.448144
vt 0.403619 0.384793
vt 0.403619 0.390072
vt 0.403619 0.395351
vt 0.403619 0.400630
vt 0.396283 0.405909
vt 0.396283 0.411189
vt 0.396283 0.416468
vt 0.396283 0.421748
vt 0.396283 0.427027
vt 0.396283 0.432306
vt 0.396283 0.437585
vt 0.396283 0.442864
vt 0.396283 0.448144
vt 0.396283 0.384792
vt 0.396283 0.390072
vt 0.396283 0.395351
vt 0.396283 0.400630
vt 0.389754 0.405909
vt 0.389754 0.411189
vt 0.389754 0.416468
vt 0.389754 0.421748
vt 0.389754 0.427027
vt 0.389754 0.432306
vt 0.389754 0.437585
vt 0.389754 0.442864
vt 0.389754 0.448144
vt 0.389754 0.384793
vt 0.389754 0.390072
vt 0.389754 0.395351
vt 0.389754 0.400630
vt 0.383752 0.405909
vt 0.383752 0.411189
vt 0.383752 0.416468
vt 0.383752 0.421748
vt 0.383752 0.427027
vt 0.383752 0.432306
vt 0.383752 0.437585
vt 0.383752 0.442864
vt 0.383752 0.448144
vt 0.383752 0.384792
vt 0.383752 0.390072
vt 0.383752 0.395351
vt 0.383752 0.400630
vt 0.377953 0.405909
vt 0.377953 0.411189
vt 0.377953 0.416468
vt 0.377953 0.421748
vt 0.377953 0.427027
vt 0.377953 0.432306
vt 0.377953 0.437585
vt 0.377953 0.442864
vt 0.377953 0.448144
vt 0.377953 0.384793
vt 0.377953 0.390072
vt 0.377953 0.395351
vt 0.377953 0.400630
vt 0.372010 0.405909
vt 0.372010 0.411189
vt 0.372010 0.416468
vt 0.372010 0.421748
vt 0.372010 0.427027
vt 0.372010 0.432306
vt 0.372010 0.437585
vt 0.372009 0.442864
vt 0.372010 0.448144
vt 0.372010 0.384793
vt 0.372010 0.390072
vt 0.372010 0.395351
vt 0.372010 0.400630
vt 0.365608 0.405909
vt 0.365608 0.411189
vt 0.365608 0.416468
vt 0.365608 0.421748
vt 0.365608 0.427027
vt 0.365608 0.432306
vt 0.365608 0.437585
vt 0.365608 0.442864
vt 0.365608 0.448144
vt 0.365608 0.384793
vt 0.365608 0.390072
vt 0.365608 0.395351
vt 0.365608 0.400630
vt 0.358510 0.405909
vt 0.358510 0.411189
vt 0.358510 0.416468
vt 0.358510 0.421748
vt 0.358510 0.427027
vt 0.358510 0.432306
vt 0.358510 0.437585
vt 0.358510 0.442864
vt 0.358510 0.448144
vt 0.358510 0.384793
vt 0.358510 0.390072
vt 0.358510 0.395351
vt 0.358510 0.400630
vt 0.350550 0.405909
vt 0.350550 0.411189
vt 0.350550 0.416468
vt 0.350550 0.421748
vt 0.350550 0.427027
vt 0.350550 0.432306
vt 0.350550 0.437585
vt 0.350550 0.442864
vt 0.350550 0.448144
vt 0.350550 0.384793
vt 0.350550 0.390072
vt 0.350550 0.395351
vt 0.350550 0.400630
vt 0.341624 0.405909
vt 0.341624 0.411189
vt 0.341624 0.416468
vt 0.341624 0.421748
vt 0.341624 0.427027
vt 0.341624 0.432306
vt 0.341624 0.437585
vt 0.341624 0.442864
vt 0.341623 0.448144
vt 0.341623 0.384793
vt 0.341624 0.390072
vt 0.341624 0.395351
vt 0.341624 0.400630
vt 0.331665 0.405909
vt 0.331665 0.411189
vt 0.331665 0.416468
vt 0.331665 0.421748
vt 0.331664 0.427027
vt 0.331664 0.432306
vt 0.331664 0.437585
vt 0.331664 0.442864
vt 0.331664 0.448144
vt 0.331665 0.384793
vt 0.331665 0.390072
vt 0.331665 0.395351
vt 0.331665 0.400630
vt 0.320665 0.405909
vt 0.320665 0.411189
vt 0.320665 0.416468
vt 0.320665 0.421748
vt 0.320665 0.427027
vt 0.320665 0.432306
vt 0.320665 0.437585
vt 0.320665 0.442864
vt 0.320665 0.448144
vt 0.320665 0.384793
vt 0.320665 0.390072
vt 0.320665 0.395351
vt 0.320665 0.400630
vt 0.308695 0.405909
vt 0.308695 0.411189
vt 0.308695 0.416468
vt 0.308695 0.421748
vt 0.308695 0.427027
vt 0.308695 0.432306
vt 0.308695 0.437585
vt 0.308695 0.442864
vt 0.308695 0.448144
vt 0.308695 0.384793
vt 0.308695 0.390072
vt 0.308695 0.395351
vt 0.308695 0.400630
vt 0.295901 0.405909
vt 0.295901 0.411189
vt 0.295901 0.416468
vt 0.295901 0.421748
vt 0.295901 0.427027
vt 0.295901 0.432306
vt 0.295901 0.437585
vt 0.295901 0.442864
vt 0.295901 0.448144
vt 0.295901 0.384793
vt 0.295901 0.390072
vt 0.295901 0.395351
vt 0.295901 0.400630
vt 0.282497 0.405909
vt 0.282497 0.411189
vt 0.282497 0.416468
vt 0.282497 0.421748
vt 0.282497 0.427027
vt 0.282497 0.432306
vt 0.282497 0.437585
vt 0.282497 0.442864
vt 0.282497 0.448144
vt 0.282497 0.384793
vt 0.282497 0.390072
vt 0.282497 0.395351
vt 0.282497 0.400630
vt 0.268770 0.405909
vt 0.268770 0.411189
vt 0.268770 0.416468
vt 0.268770 0.421748
vt 0.268770 0.427027
vt 0.268770 0.432306
vt 0.268770 0.437585
vt 0.268770 0.442864
vt 0.268770 0.448144
vt 0.268770 0.384793
vt 0.268770 0.390072
vt 0.268770 0.395351
vt 0.268770 0.400630
vt 0.255068 0.405909
vt 0.255068 0.411189
vt 0.255068 0.416468
vt 0.255068 0.421748
vt 0.255068 0.427027
vt 0.255068 0.432306
vt 0.255068 0.437585
vt 0.255068 0.442864
vt 0.255068 0.448144
vt 0.255068 0.384793
vt 0.255068 0.390072
vt 0.255068 0.395351
vt 0.255068 0.400630
vt 0.241797 0.405909
vt 0.241797 0.411189
vt 0.241797 0.416468
vt 0.241797 0.421748
vt 0.241797 0.427027
vt 0.241797 0.432306
vt 0.241797 0.437585
vt 0.241797 0.442864
vt 0.241797 0.448144
vt 0.241797 0.384793
vt 0.241797 0.390072
vt 0.241797 0.395351
vt 0.241797 0.400630
vt 0.229314 0.405909
vt 0.229314 0.411189
vt 0.229314 0.416468
vt 0.229314 0.421748
vt 0.229314 0.427027
vt 0.229314 0.432306
vt 0.229314 0.437585
vt 0.229314 0.442864
vt 0.229314 0.448144
vt 0.229314 0.384793
vt 0.229314 0.390072
vt 0.229314 0.395351
vt 0.229314 0.400630
vt 0.217834 0.405909
vt 0.217834 0.411189
vt 0.217834 0.416468
vt 0.217834 0.421748
vt 0.217834 0.427027
vt 0.217834 0.432306
vt 0.217834 0.437585
vt 0.217834 0.442864
vt 0.217834 0.448144
vt 0.217834 0.384793
vt 0.217834 0.390072
vt 0.217834 0.395351
vt 0.217834 0.400630
vt 0.207423 0.405909
vt 0.207423 0.411189
vt 0.207423 0.416468
vt 0.207423 0.421748
vt 0.207423 0.427027
vt 0.207423 0.432306
vt 0.207423 0.437585
vt 0.207423 0.442864
vt 0.207423 0.448144
vt 0.207423 0.384793
vt 0.207423 0.390072
vt 0.207423 0.395351
vt 0.207423 0.400630
vt 0.197997 0.405909
vt 0.197997 0.411189
vt 0.197997 0.416468
vt 0.197997 0.421748
vt 0.197997 0.427027
vt 0.197997 0.432306
vt 0.197997 0.437585
vt 0.197997 0.442864
vt 0.197997 0.448144
vt 0.197997 0.384792
vt 0.197997 0.390072
vt 0.197997 0.395351
vt 0.197997 0.400630
vt 0.189353 0.405909
vt 0.189353 0.411189
vt 0.189353 0.416468
vt 0.189353 0.421747
vt 0.189353 0.427027
vt 0.189353 0.432306
vt 0.189353 0.437585
vt 0.189353 0.442864
vt 0.189354 0.448144
vt 0.189354 0.384793
vt 0.189353 0.390072
vt 0.189353 0.395351
vt 0.189353 0.400630
vt 0.181223 0.405909
vt 0.181223 0.411189
vt 0.181223 0.416468
vt 0.181223 0.421747
vt 0.181223 0.427026
vt 0.181223 0.432306
vt 0.181223 0.437585
vt 0.181223 0.442864
vt 0.181223 0.448144
vt 0.181223 0.384792
vt 0.181223 0.390072
vt 0.181223 0.395351
vt 0.181223 0.400630
vt 0.173350 0.405909
vt 0.173350 0.411189
vt 0.173350 0.416468
vt 0.173350 0.421747
vt 0.173350 0.427026
vt 0.173350 0.432306
vt 0.173350 0.437585
vt 0.173350 0.442864
vt 0.173350 0.448144
vt 0.173350 0.384792
vt 0.173350 0.390072
vt 0.173350 0.395351
vt 0.173350 0.400630
vt 0.165568 0.405909
vt 0.165568 0.411189
vt 0.165568 0.416468
vt 0.165568 0.421747
vt 0.165568 0.427026
vt 0.165568 0.432306
vt 0.165568 0.437585
vt 0.165568 0.442864
vt 0.165568 0.448144
vt 0.165568 0.384792
vt 0.165568 0.390072
vt 0.165568 0.395351
vt 0.165568 0.400630
vt 0.157807 0.405909
vt 0.157807 0.411189
vt 0.157807 0.416468
vt 0.157807 0.421747
vt 0.157807 0.427026
vt 0.157807 0.432306
vt 0.157807 0.437585
vt 0.157807 0.442864
vt 0.157807 0.448144
vt 0.157807 0.384792
vt 0.157807 0.390072
vt 0.157807 0.395351
vt 0.157807 0.400630
vt 0.150057 0.405909
vt 0.150057 0.411189
vt 0.150057 0.416468
vt 0.150057 0.421747
vt 0.150057 0.427026
vt 0.150057 0.432306
vt 0.150057 0.437585
vt 0.150057 0.442864
vt 0.150057 0.448144
vt 0.150057 0.384792
vt 0.150057 0.390072
vt 0.150057 0.395351
vt 0.150057 0.400630
vt 0.142339 0.405909
vt 0.142339 0.411189
vt 0.142339 0.416468
vt 0.142339 0.421747
vt 0.142339 0.427026
vt 0.142339 0.432306
vt 0.142339 0.437585
vt 0.142339 0.442864
vt 0.142339 0.448144
vt 0.142339 0.384792
vt 0.142339 0.390072
vt 0.142339 0.395351
vt 0.142339 0.400630
vt 0.134706 0.405909
vt 0.134706 0.411189
vt 0.134706 0.416468
vt 0.134706 0.421747
vt 0.134706 0.427026
vt 0.134706 0.432306
vt 0.134706 0.437585
vt 0.134706 0.442864
vt 0.134706 0.448144
vt 0.134706 0.384792
vt 0.134706 0.390072
vt 0.134706 0.395351
vt 0.134706 0.400630
vt 0.127229 0.405909
vt 0.127229 0.411189
vt 0.127229 0.416468
vt 0.127229 0.421747
vt 0.127229 0.427026
vt 0.127229 0.432306
vt 0.127229 0.437585
vt 0.127229 0.442864
vt 0.127229 0.448144
vt 0.127229 0.384792
vt 0.127229 0.390072
vt 0.127229 0.395351
vt 0.127229 0.400630
vt 0.119966 0.405909
vt 0.119966 0.411189
vt 0.119966 0.416468
vt 0.119966 0.421747
vt 0.119966 0.427026
vt 0.119966 0.432306
vt 0.119966 0.437585
vt 0.119966 0.442864
vt 0.119965 0.448144
vt 0.119966 0.384792
vt 0.119966 0.390072
vt 0.119966 0.395351
vt 0.119966 0.400630
vt 0.112903 0.405909
vt 0.112903 0.411189
vt 0.112903 0.416468
vt 0.112903 0.421747
vt 0.112903 0.427026
vt 0.112903 0.432306
vt 0.112903 0.437585
vt 0.112903 0.442864
vt 0.112903 0.448144
vt 0.112903 0.384792
vt 0.112903 0.390072
vt 0.112903 0.395351
vt 0.112903 0.400630
vt 0.105927 0.405909
vt 0.105927 0.411189
vt 0.105927 0.416468
vt 0.105927 0.421747
vt 0.105927 0.427026
vt 0.105927 0.432306
vt 0.105927 0.437585
vt 0.105927 0.442864
vt 0.105927 0.448144
vt 0.105927 0.384792
vt 0.105927 0.390071
vt 0.105927 0.395351
vt 0.105927 0.400630
vt 0.098857 0.405909
vt 0.098857 0.411189
vt 0.098857 0.416468
vt 0.098857 0.421747
vt 0.098857 0.427026
vt 0.098857 0.432306
vt 0.098857 0.437585
vt 0.098857 0.442864
vt 0.098857 0.448144
vt 0.098857 0.384792
vt 0.098857 0.390071
vt 0.098857 0.395351
vt 0.098857 0.400630
vt 0.091517 0.405909
vt 0.091517 0.411189
vt 0.091517 0.416468
vt 0.091517 0.421747
vt 0.091517 0.427026
vt 0.091517 0.432305
vt 0.091517 0.437585
vt 0.091517 0.442864
vt 0.091517 0.448144
vt 0.091517 0.384792
vt 0.091517 0.390071
vt 0.091517 0.395351
vt 0.091517 0.400630
vt 0.083811 0.405909
vt 0.083811 0.411189
vt 0.083811 0.416468
vt 0.083811 0.421747
vt 0.083811 0.427026
vt 0.083811 0.432305
vt 0.083811 0.437585
vt 0.083811 0.442864
vt 0.083811 0.448144
vt 0.083811 0.384792
vt 0.083811 0.390071
vt 0.083811 0.395351
vt 0.083811 0.400630
vt 0.075763 0.405909
vt 0.075763 0.411189
vt 0.075763 0.416468
vt 0.075763 0.421747
vt 0.075763 0.427026
vt 0.075763 0.432305
vt 0.075763 0.437585
vt 0.075763 0.442864
vt 0.075763 0.448144
vt 0.075763 0.384792
vt 0.075763 0.390071
vt 0.075763 0.395351
vt 0.075763 0.400630
vt 0.067528 0.405909
vt 0.067528 0.411189
vt 0.067527 0.416468
vt 0.067527 0.421747
vt 0.067527 0.427026
vt 0.067527 0.432305
vt 0.067527 0.437585
vt 0.067527 0.442864
vt 0.067527 0.448144
vt 0.067527 0.384792
vt 0.067528 0.390071
vt 0.067528 0.395351
vt 0.067528 0.400630
vt 0.059285 0.405909
vt 0.059285 0.411189
vt 0.059285 0.416468
vt 0.059285 0.421747
vt 0.059285 0.427026
vt 0.059285 0.432305
vt 0.059285 0.437585
vt 0.059285 0.442864
vt 0.059285 0.448144
vt 0.059285 0.384792
vt 0.059285 0.390071
vt 0.059285 0.395351
vt 0.059285 0.400630
vt 0.051066 0.405909
vt 0.051066 0.411189
vt 0.051066 0.416468
vt 0.051066 0.421747
vt 0.051066 0.427026
vt 0.051066 0.432305
vt 0.051066 0.437585
vt 0.051066 0.442864
vt 0.051066 0.448144
vt 0.051066 0.384792
vt 0.051066 0.390071
vt 0.051066 0.395351
vt 0.051066 0.400630
vt 0.042591 0.405909
vt 0.042591 0.411189
vt 0.042591 0.416468
vt 0.042591 0.421747
vt 0.042591 0.427026
vt 0.042591 0.432305
vt 0.042591 0.437585
vt 0.042591 0.442864
vt 0.042591 0.448144
vt 0.042591 0.384792
vt 0.042591 0.390071
vt 0.042591 0.395351
vt 0.042591 0.400630
vt 0.033090 0.405909
vt 0.033090 0.411189
vt 0.033090 0.416468
vt 0.033090 0.421747
vt 0.033090 0.427026
vt 0.033090 0.432305
vt 0.033090 0.437585
vt 0.033090 0.442864
vt 0.033090 0.448144
vt 0.033091 0.384792
vt 0.033090 0.390071
vt 0.033090 0.395351
vt 0.033090 0.400630
vt 0.021270 0.405909
vt 0.021270 0.411189
vt 0.021270 0.416468
vt 0.021270 0.421747
vt 0.021270 0.427026
vt 0.021270 0.432305
vt 0.021270 0.437585
vt 0.021270 0.442864
vt 0.021270 0.448144
vt 0.021270 0.384792
vt 0.021270 0.390071
vt 0.021270 0.395351
vt 0.021270 0.400630
vt 0.451267 0.485048
vt 0.451267 0.490325
vt 0.451267 0.495600
vt 0.451267 0.500876
vt 0.451267 0.506152
vt 0.451267 0.511428
vt 0.451267 0.516704
vt 0.451267 0.521979
vt 0.451267 0.527255
vt 0.451267 0.463946
vt 0.451267 0.469221
vt 0.451267 0.474497
vt 0.451267 0.479773
vt 0.435115 0.485048
vt 0.435115 0.490325
vt 0.435115 0.495600
vt 0.435115 0.500876
vt 0.435115 0.506152
vt 0.435115 0.511428
vt 0.435115 0.516704
vt 0.435115 0.521979
vt 0.435115 0.527255
vt 0.435115 0.463946
vt 0.435115 0.469221
vt 0.435115 0.474497
vt 0.435115 0.479773
vt 0.422510 0.485048
vt 0.422510 0.490325
vt 0.422510 0.495600
vt 0.422510 0.500876
vt 0.422510 0.506152
vt 0.422510 0.511428
vt 0.422510 0.516704
vt 0.422510 0.521979
vt 0.422510 0.527255
vt 0.422510 0.463946
vt 0.422510 0.469221
vt 0.422510 0.474497
vt 0.422510 0.479773
vt 0.412357 0.485048
vt 0.412357 0.490325
vt 0.412357 0.495600
vt 0.412357 0.500876
vt 0.412357 0.506152
vt 0.412357 0.511428
vt 0.412357 0.516704
vt 0.412357 0.521979
vt 0.412357 0.527255
vt 0.412357 0.463946
vt 0.412357 0.469221
vt 0.412357 0.474497
vt 0.412357 0.479773
vt 0.403869 0.485048
vt 0.403869 0.490325
vt 0.403869 0.495600
vt 0.403869 0.500876
vt 0.403869 0.506152
vt 0.403869 0.511428
vt 0.403869 0.516704
vt 0.403869 0.521979
vt 0.403869 0.527255
vt 0.403869 0.463946
vt 0.403869 0.469221
vt 0.403869 0.474497
vt 0.403869 0.479773
vt 0.396528 0.485048
vt 0.396528 0.490325
vt 0.396528 0.495600
vt 0.396528 0.500876
vt 0.396528 0.506152
vt 0.396528 0.511428
vt 0.396528 0.516704
vt 0.396528 0.521979
vt 0.396528 0.527255
vt 0.396528 0.463946
vt 0.396528 0.469221
vt 0.396528 0.474497
vt 0.396528 0.479773
vt 0.389995 0.485048
vt 0.389995 0.490325
vt 0.389995 0.495600
vt 0.389995 0.500876
vt 0.389995 0.506152
vt 0.389995 0.511428
vt 0.389995 0.516704
vt 0.389995 0.521979
vt 0.389995 0.527255
vt 0.389995 0.463946
vt 0.389995 0.469221
vt 0.389995 0.474497
vt 0.389995 0.479773
vt 0.383988 0.485048
vt 0.383988 0.490325
vt 0.383988 0.495600
vt 0.383988 0.500876
vt 0.383988 0.506152
vt 0.383988 0.511428
vt 0.383988 0.516704
vt 0.383988 0.521979
vt 0.383988 0.527255
vt 0.383988 0.463946
vt 0.383988 0.469221
vt 0.383988 0.474497
vt 0.383988 0.479773
vt 0.378186 0.485048
vt 0.378186 0.490325
vt 0.378186 0.495600
vt 0.378186 0.500876
vt 0.378186 0.506152
vt 0.378186 0.511428
vt 0.378186 0.516704
vt 0.378186 0.521979
vt 0.378186 0.527255
vt 0.378186 0.463946
vt 0.378186 0.469221
vt 0.378186 0.474497
vt 0.378186 0.479773
vt 0.372238 0.485048
vt 0.372238 0.490325
vt 0.372238 0.495600
vt 0.372238 0.500876
vt 0.372238 0.506152
vt 0.372238 0.511428
vt 0.372238 0.516704
vt 0.372238 0.521979
vt 0.372238 0.527255
vt 0.372238 0.463946
vt 0.372238 0.469221
vt 0.372238 0.474497
vt 0.372238 0.479773
vt 0.365833 0.485048
vt 0.365833 0.490325
vt 0.365833 0.495600
vt 0.365833 0.500876
vt 0.365833 0.506152
vt 0.365833 0.511428
vt 0.365833 0.516704
vt 0.365833 0.521979
vt 0.365833 0.527255
vt 0.365833 0.463946
vt 0.365833 0.469221
vt 0.365833 0.474497
vt 0.365833 0.479773
vt 0.358729 0.485048
vt 0.358729 0.490325
vt 0.358729 0.495600
vt 0.358729 0.500876
vt 0.358729 0.506152
vt 0.358729 0.511428
vt 0.358729 0.516704
vt 0.358729 0.521979
vt 0.358730 0.527255
vt 0.358730 0.463946
vt 0.358729 0.469221
vt 0.358729 0.474497
vt 0.358729 0.479773
vt 0.350765 0.485048
vt 0.350765 0.490325
vt 0.350765 0.495600
vt 0.350765 0.500876
vt 0.350765 0.506152
vt 0.350765 0.511428
vt 0.350765 0.516704
vt 0.350765 0.521979
vt 0.350765 0.527255
vt 0.350765 0.463946
vt 0.350765 0.469221
vt 0.350765 0.474497
vt 0.350765 0.479773
vt 0.341832 0.485048
vt 0.341832 0.490325
vt 0.341832 0.495600
vt 0.341832 0.500876
vt 0.341832 0.506152
vt 0.341832 0.511428
vt 0.341832 0.516704
vt 0.341832 0.521979
vt 0.341832 0.527255
vt 0.341832 0.463946
vt 0.341832 0.469221
vt 0.341832 0.474497
vt 0.341832 0.479773
vt 0.331866 0.485048
vt 0.331866 0.490325
vt 0.331866 0.495600
vt 0.331866 0.500876
vt 0.331866 0.506152
vt 0.331866 0.511428
vt 0.331866 0.516704
vt 0.331866 0.521979
vt 0.331866 0.527255
vt 0.331866 0.463946
vt 0.331866 0.469221
vt 0.331866 0.474497
vt 0.331866 0.479773
vt 0.320860 0.485048
vt 0.320860 0.490325
vt 0.320860 0.495600
vt 0.320860 0.500876
vt 0.320860 0.506152
vt 0.320860 0.511428
vt 0.320860 0.516704
vt 0.320860 0.521979
vt 0.320860 0.527255
vt 0.320860 0.463946
vt 0.320860 0.469221
vt 0.320860 0.474497
vt 0.320860 0.479773
vt 0.308882 0.485048
vt 0.308882 0.490325
vt 0.308882 0.495600
vt 0.308882 0.500876
vt 0.308882 0.506152
vt 0.308882 0.511428
vt 0.308882 0.516704
vt 0.308882 0.521979
vt 0.308882 0.527255
vt 0.308882 0.463946
vt 0.308882 0.469221
vt 0.308882 0.474497
vt 0.308882 0.479773
vt 0.296080 0.485048
vt 0.296080 0.490325
vt 0.296080 0.495600
vt 0.296080 0.500876
vt 0.296080 0.506152
vt 0.296080 0.511428
vt 0.296080 0.516704
vt 0.296080 0.521979
vt 0.296080 0.527255
vt 0.296080 0.463946
vt 0.296080 0.469221
vt 0.296080 0.474497
vt 0.296080 0.479773
vt 0.282668 0.485048
vt 0.282668 0.490325
vt 0.282668 0.495600
vt 0.282668 0.500876
vt 0.282668 0.506152
vt 0.282668 0.511428
vt 0.282668 0.516704
vt 0.282668 0.521979
vt 0.282668 0.527255
vt 0.282668 0.463946
vt 0.282668 0.469221
vt 0.282668 0.474497
vt 0.282668 0.479773
vt 0.268931 0.485048
vt 0.268931 0.490325
vt 0.268931 0.495600
vt 0.268931 0.500876
vt 0.268931 0.506152
vt 0.268931 0.511428
vt 0.268931 0.516704
vt 0.268931 0.521979
vt 0.268931 0.527255
vt 0.268931 0.463946
vt 0.268931 0.469221
vt 0.268931 0.474497
vt 0.268931 0.479773
vt 0.255220 0.485048
vt 0.255220 0.490325
vt 0.255220 0.495600
vt 0.255220 0.500876
vt 0.255220 0.506152
vt 0.255220 0.511428
vt 0.255220 0.516704
vt 0.255220 0.521979
vt 0.255220 0.527255
vt 0.255220 0.463946
vt 0.255220 0.469221
vt 0.255220 0.474497
vt 0.255220 0.479773
vt 0.241941 0.485048
vt 0.241941 0.490325
vt 0.241941 0.495600
vt 0.241941 0.500876
vt 0.241941 0.506152
vt 0.241941 0.511428
vt 0.241941 0.516704
vt 0.241941 0.521979
vt 0.241940 0.527255
vt 0.241940 0.463946
vt 0.241941 0.469221
vt 0.241941 0.474497
vt 0.241941 0.479773
vt 0.229449 0.485048
vt 0.229449 0.490325
vt 0.229449 0.495600
vt 0.229449 0.500876
vt 0.229449 0.506152
vt 0.229449 0.511428
vt 0.229449 0.516704
vt 0.229449 0.521979
vt 0.229449 0.527255
vt 0.229449 0.463946
vt 0.229449 0.469221
vt 0.229449 0.474497
vt 0.229449 0.479773
vt 0.217962 0.485048
vt 0.217962 0.490325
vt 0.217962 0.495600
vt 0.217962 0.500876
vt 0.217962 0.506152
vt 0.217962 0.511428
vt 0.217962 0.516704
vt 0.217962 0.521979
vt 0.217962 0.527255
vt 0.217962 0.463946
vt 0.217962 0.469221
vt 0.217962 0.474497
vt 0.217962 0.479773
vt 0.207544 0.485048
vt 0.207544 0.490325
vt 0.207544 0.495600
vt 0.207544 0.500876
vt 0.207544 0.506152
vt 0.207544 0.511428
vt 0.207544 0.516704
vt 0.207544 0.521979
vt 0.207544 0.527255
vt 0.207544 0.463946
vt 0.207544 0.469221
vt 0.207544 0.474497
vt 0.207544 0.479773
vt 0.198112 0.485048
vt 0.198112 0.490325
vt 0.198112 0.495600
vt 0.198112 0.500876
vt 0.198112 0.506152
vt 0.198112 0.511428
vt 0.198112 0.516704
vt 0.198112 0.521979
vt 0.198112 0.527255
vt 0.198112 0.463946
vt 0.198112 0.469221
vt 0.198112 0.474497
vt 0.198112 0.479773
vt 0.189462 0.485048
vt 0.189462 0.490325
vt 0.189462 0.495600
vt 0.189462 0.500876
vt 0.189462 0.506152
vt 0.189462 0.511428
vt 0.189462 0.516704
vt 0.189462 0.521979
vt 0.189462 0.527255
vt 0.189462 0.463946
vt 0.189462 0.469221
vt 0.189462 0.474497
vt 0.189462 0.479773
vt 0.181327 0.485048
vt 0.181327 0.490325
vt 0.181327 0.495600
vt 0.181327 0.500876
vt 0.181327 0.506152
vt 0.181327 0.511428
vt 0.181327 0.516704
vt 0.181327 0.521979
vt 0.181327 0.527255
vt 0.181327 0.463946
vt 0.181327 0.469221
vt 0.181327 0.474497
vt 0.181327 0.479773
vt 0.173448 0.485048
vt 0.173448 0.490325
vt 0.173448 0.495600
vt 0.173448 0.500876
vt 0.173448 0.506152
vt 0.173448 0.511428
vt 0.173448 0.516704
vt 0.173448 0.521979
vt 0.173448 0.527255
vt 0.173448 0.463946
vt 0.173448 0.469221
vt 0.173448 0.474497
vt 0.173448 0.479773
vt 0.165661 0.485048
vt 0.165661 0.490325
vt 0.165661 0.495600
vt 0.165661 0.500876
vt 0.165661 0.506152
vt 0.165661 0.511428
vt 0.165661 0.516704
vt 0.165661 0.521979
vt 0.165661 0.527255
vt 0.165661 0.463946
vt 0.165661 0.469221
vt 0.165661 0.474497
vt 0.165661 0.479773
vt 0.157896 0.485048
vt 0.157896 0.490325
vt 0.157896 0.495600
vt 0.157896 0.500876
vt 0.157896 0.506152
vt 0.157896 0.511428
vt 0.157896 0.516704
vt 0.157896 0.521979
vt 0.157896 0.527255
vt 0.157896 0.463946
vt 0.157896 0.469221
vt 0.157896 0.474497
vt 0.157896 0.479773
vt 0.150140 0.485048
vt 0.150140 0.490325
vt 0.150140 0.495600
vt 0.150140 0.500876
vt 0.150140 0.506152
vt 0.150140 0.511428
vt 0.150140 0.516704
vt 0.150140 0.521979
vt 0.150140 0.527255
vt 0.150140 0.463946
vt 0.150140 0.469221
vt 0.150140 0.474497
vt 0.150140 0.479773
vt 0.142417 0.485048
vt 0.142417 0.490324
vt 0.142417 0.495600
vt 0.142417 0.500876
vt 0.142417 0.506152
vt 0.142417 0.511428
vt 0.142417 0.516704
vt 0.142417 0.521979
vt 0.142417 0.527255
vt 0.142417 0.463945
vt 0.142417 0.469221
vt 0.142417 0.474497
vt 0.142417 0.479773
vt 0.134779 0.485048
vt 0.134779 0.490324
vt 0.134779 0.495600
vt 0.134779 0.500876
vt 0.134779 0.506152
vt 0.134779 0.511428
vt 0.134779 0.516704
vt 0.134779 0.521979
vt 0.134779 0.527255
vt 0.134779 0.463945
vt 0.134779 0.469221
vt 0.134779 0.474497
vt 0.134779 0.479773
vt 0.127297 0.485048
vt 0.127297 0.490324
vt 0.127297 0.495600
vt 0.127297 0.500876
vt 0.127297 0.506152
vt 0.127297 0.511428
vt 0.127297 0.516704
vt 0.127297 0.521979
vt 0.127297 0.527255
vt 0.127297 0.463945
vt 0.127297 0.469221
vt 0.127297 0.474497
vt 0.127297 0.479773
vt 0.120029 0.485048
vt 0.120029 0.490324
vt 0.120029 0.495600
vt 0.120029 0.500876
vt 0.120029 0.506152
vt 0.120029 0.511428
vt 0.120029 0.516704
vt 0.120029 0.521979
vt 0.120029 0.527255
vt 0.120029 0.463945
vt 0.120029 0.469221
vt 0.120029 0.474497
vt 0.120029 0.479773
vt 0.112962 0.485048
vt 0.112962 0.490324
vt 0.112962 0.495600
vt 0.112962 0.500876
vt 0.112962 0.506152
vt 0.112962 0.511428
vt 0.112962 0.516704
vt 0.112962 0.521979
vt 0.112962 0.527255
vt 0.112962 0.463945
vt 0.112962 0.469221
vt 0.112962 0.474497
vt 0.112962 0.479773
vt 0.105981 0.485048
vt 0.105981 0.490324
vt 0.105981 0.495600
vt 0.105981 0.500876
vt 0.105981 0.506152
vt 0.105981 0.511428
vt 0.105981 0.516704
vt 0.105981 0.521979
vt 0.105981 0.527255
vt 0.105981 0.463945
vt 0.105981 0.469221
vt 0.105981 0.474497
vt 0.105981 0.479773
vt 0.098907 0.485048
vt 0.098907 0.490324
vt 0.098907 0.495600
vt 0.098907 0.500876
vt 0.098907 0.506152
vt 0.098907 0.511428
vt 0.098907 0.516704
vt 0.098907 0.521979
vt 0.098906 0.527255
vt 0.098906 0.463945
vt 0.098907 0.469221
vt 0.098907 0.474497
vt 0.098907 0.479773
vt 0.091562 0.485048
vt 0.091562 0.490324
vt 0.091562 0.495600
vt 0.091562 0.500876
vt 0.091562 0.506152
vt 0.091562 0.511428
vt 0.091562 0.516704
vt 0.091562 0.521979
vt 0.091562 0.527255
vt 0.091562 0.463945
vt 0.091562 0.469221
vt 0.091562 0.474497
vt 0.091562 0.479773
vt 0.083851 0.485048
vt 0.083851 0.490324
vt 0.083851 0.495600
vt 0.083851 0.500876
vt 0.083851 0.506152
vt 0.083851 0.511428
vt 0.083851 0.516704
vt 0.083851 0.521979
vt 0.083851 0.527255
vt 0.083851 0.463945
vt 0.083851 0.469221
vt 0.083851 0.474497
vt 0.083851 0.479773
vt 0.075797 0.485048
vt 0.075797 0.490324
vt 0.075797 0.495600
vt 0.075797 0.500876
vt 0.075797 0.506152
vt 0.075797 0.511428
vt 0.075797 0.516704
vt 0.075797 0.521979
vt 0.075798 0.527255
vt 0.075798 0.463945
vt 0.075797 0.469221
vt 0.075797 0.474497
vt 0.075797 0.479773
vt 0.067556 0.485048
vt 0.067556 0.490324
vt 0.067556 0.495600
vt 0.067556 0.500876
vt 0.067556 0.506152
vt 0.067556 0.511428
vt 0.067556 0.516704
vt 0.067556 0.521979
vt 0.067556 0.527255
vt 0.067556 0.463945
vt 0.067557 0.469221
vt 0.067557 0.474497
vt 0.067557 0.479773
vt 0.059308 0.485048
vt 0.059308 0.490324
vt 0.059308 0.495600
vt 0.059308 0.500876
vt 0.059308 0.506152
vt 0.059308 0.511428
vt 0.059308 0.516704
vt 0.059308 0.521979
vt 0.059308 0.527255
vt 0.059308 0.463945
vt 0.059308 0.469221
vt 0.059308 0.474497
vt 0.059308 0.479773
vt 0.051084 0.485048
vt 0.051084 0.490324
vt 0.051084 0.495600
vt 0.051084 0.500876
vt 0.051084 0.506152
vt 0.051084 0.511428
vt 0.051084 0.516704
vt 0.051084 0.521979
vt 0.051084 0.527255
vt 0.051084 0.463945
vt 0.051084 0.469221
vt 0.051084 0.474497
vt 0.051084 0.479773
vt 0.042604 0.485048
vt 0.042604 0.490324
vt 0.042604 0.495600
vt 0.042604 0.500876
vt 0.042604 0.506152
vt 0.042604 0.511428
vt 0.042604 0.516704
vt 0.042604 0.521979
vt 0.042604 0.527255
vt 0.042604 0.463945
vt 0.042604 0.469221
vt 0.042604 0.474497
vt 0.042604 0.479773
vt 0.033097 0.485048
vt 0.033097 0.490324
vt 0.033097 0.495600
vt 0.033097 0.500876
vt 0.033097 0.506152
vt 0.033097 0.511428
vt 0.033097 0.516704
vt 0.033097 0.521979
vt 0.033097 0.527255
vt 0.033097 0.463945
vt 0.033097 0.469221
vt 0.033097 0.474497
vt 0.033097 0.479773
vt 0.021269 0.485048
vt 0.021269 0.490324
vt 0.021269 0.495600
vt 0.021269 0.500876
vt 0.021269 0.506152
vt 0.021269 0.511428
vt 0.021269 0.516704
vt 0.021269 0.521979
vt 0.021269 0.527255
vt 0.021269 0.463945
vt 0.021269 0.469221
vt 0.021269 0.474497
vt 0.021269 0.479773
vt 0.029142 0.972290
vt 0.029142 0.967012
vt 0.029142 0.961735
vt 0.029142 0.956458
vt 0.029142 0.951181
vt 0.029142 0.945904
vt 0.029142 0.940626
vt 0.029142 0.935349
vt 0.029142 0.930072
vt 0.029142 0.993399
vt 0.029142 0.988121
vt 0.029142 0.982844
vt 0.029142 0.977567
vt 0.045289 0.972290
vt 0.045289 0.967012
vt 0.045289 0.961735
vt 0.045289 0.956458
vt 0.045289 0.951181
vt 0.045289 0.945904
vt 0.045289 0.940626
vt 0.045289 0.935349
vt 0.045289 0.930072
vt 0.045289 0.993399
vt 0.045289 0.988121
vt 0.045289 0.982844
vt 0.045289 0.977567
vt 0.057890 0.972290
vt 0.057890 0.967012
vt 0.057890 0.961735
vt 0.057890 0.956458
vt 0.057890 0.951181
vt 0.057890 0.945904
vt 0.057890 0.940626
vt 0.057890 0.935349
vt 0.057890 0.930072
vt 0.057890 0.993399
vt 0.057890 0.988121
vt 0.057890 0.982844
vt 0.057890 0.977567
vt 0.068040 0.972290
vt 0.068040 0.967012
vt 0.068040 0.961735
vt 0.068040 0.956458
vt 0.068040 0.951181
vt 0.068040 0.945904
vt 0.068040 0.940626
vt 0.068040 0.935349
vt 0.068040 0.930072
vt 0.068040 0.993399
vt 0.068040 0.988121
vt 0.068040 0.982844
vt 0.068040 0.977567
vt 0.076526 0.972290
vt 0.076527 0.967012
vt 0.076527 0.961735
vt 0.076527 0.956458
vt 0.076527 0.951181
vt 0.076527 0.945904
vt 0.076527 0.940626
vt 0.076527 0.935349
vt 0.076527 0.930072
vt 0.076527 0.993399
vt 0.076526 0.988121
vt 0.076526 0.982844
vt 0.076526 0.977567
vt 0.083866 0.972290
vt 0.083866 0.967012
vt 0.083866 0.961735
vt 0.083866 0.956458
vt 0.083866 0.951181
vt 0.083866 0.945904
vt 0.083866 0.940626
vt 0.083866 0.935349
vt 0.083866 0.930072
vt 0.083866 0.993399
vt 0.083866 0.988121
vt 0.083866 0.982844
vt 0.083866 0.977567
vt 0.090397 0.972290
vt 0.090397 0.967012
vt 0.090397 0.961735
vt 0.090397 0.956458
vt 0.090397 0.951181
vt 0.090397 0.945904
vt 0.090397 0.940626
vt 0.090397 0.935349
vt 0.090397 0.930072
vt 0.090397 0.993399
vt 0.090397 0.988121
vt 0.090397 0.982844
vt 0.090397 0.977567
vt 0.096401 0.972290
vt 0.096401 0.967012
vt 0.096401 0.961735
vt 0.096401 0.956458
vt 0.096401 0.951181
vt 0.096401 0.945904
vt 0.096401 0.940626
vt 0.096401 0.935349
vt 0.096401 0.930072
vt 0.096401 0.993399
vt 0.096401 0.988121
vt 0.096401 0.982844
vt 0.096401 0.977567
vt 0.102203 0.972290
vt 0.102203 0.967012
vt 0.102203 0.961735
vt 0.102203 0.956458
vt 0.102203 0.951181
vt 0.102203 0.945904
vt 0.102203 0.940626
vt 0.102203 0.935349
vt 0.102203 0.930072
vt 0.102202 0.993399
vt 0.102203 0.988121
vt 0.102203 0.982844
vt 0.102203 0.977567
vt 0.108149 0.972290
vt 0.108149 0.967012
vt 0.108149 0.961735
vt 0.108149 0.956458
vt 0.108149 0.951181
vt 0.108149 0.945904
vt 0.108149 0.940626
vt 0.108149 0.935349
vt 0.108148 0.930072
vt 0.108148 0.993399
vt 0.108149 0.988121
vt 0.108149 0.982844
vt 0.108149 0.977567
vt 0.114552 0.972290
vt 0.114552 0.967012
vt 0.114552 0.961735
vt 0.114552 0.956458
vt 0.114552 0.951181
vt 0.114552 0.945904
vt 0.114552 0.940626
vt 0.114552 0.935349
vt 0.114552 0.930072
vt 0.114552 0.993399
vt 0.114552 0.988121
vt 0.114552 0.982844
vt 0.114552 0.977567
vt 0.121653 0.972290
vt 0.121653 0.967012
vt 0.121653 0.961735
vt 0.121653 0.956458
vt 0.121653 0.951181
vt 0.121653 0.945904
vt 0.121653 0.940626
vt 0.121653 0.935349
vt 0.121653 0.930072
vt 0.121653 0.993399
vt 0.121653 0.988121
vt 0.121653 0.982844
vt 0.121653 0.977567
vt 0.129616 0.972290
vt 0.129616 0.967012
vt 0.129616 0.961735
vt 0.129616 0.956458
vt 0.129616 0.951181
vt 0.129616 0.945904
vt 0.129616 0.940626
vt 0.129616 0.935349
vt 0.129616 0.930072
vt 0.129616 0.993399
vt 0.129616 0.988121
vt 0.129616 0.982844
vt 0.129616 0.977567
vt 0.138546 0.972290
vt 0.138546 0.967012
vt 0.138546 0.961735
vt 0.138546 0.956458
vt 0.138546 0.951181
vt 0.138546 0.945904
vt 0.138546 0.940626
vt 0.138546 0.935349
vt 0.138546 0.930072
vt 0.138546 0.993399
vt 0.138546 0.988121
vt 0.138546 0.982844
vt 0.138546 0.977567
vt 0.148509 0.972290
vt 0.148509 0.967012
vt 0.148509 0.961735
vt 0.148509 0.956458
vt 0.148509 0.951181
vt 0.148509 0.945904
vt 0.148509 0.940626
vt 0.148509 0.935349
vt 0.148509 0.930072
vt 0.148509 0.993399
vt 0.148509 0.988121
vt 0.148509 0.982844
vt 0.148509 0.977567
vt 0.159513 0.972290
vt 0.159513 0.967012
vt 0.159513 0.961735
vt 0.159513 0.956458
vt 0.159513 0.951181
vt 0.159513 0.945904
vt 0.159513 0.940626
vt 0.159513 0.935349
vt 0.159513 0.930072
vt 0.159513 0.993399
vt 0.159513 0.988121
vt 0.159513 0.982844
vt 0.159513 0.977567
vt 0.171486 0.972290
vt 0.171486 0.967012
vt 0.171486 0.961735
vt 0.171486 0.956458
vt 0.171486 0.951181
vt 0.171486 0.945904
vt 0.171486 0.940626
vt 0.171486 0.935349
vt 0.171486 0.930072
vt 0.171486 0.993399
vt 0.171486 0.988121
vt 0.171486 0.982844
vt 0.171486 0.977567
vt 0.184286 0.972290
vt 0.184286 0.967012
vt 0.184286 0.961735
vt 0.184286 0.956458
vt 0.184286 0.951181
vt 0.184286 0.945904
vt 0.184286 0.940627
vt 0.184286 0.935349
vt 0.184286 0.930072
vt 0.184286 0.993399
vt 0.184286 0.988122
vt 0.184286 0.982844
vt 0.184286 0.977567
vt 0.197694 0.972290
vt 0.197694 0.967012
vt 0.197694 0.961735
vt 0.197694 0.956458
vt 0.197694 0.951181
vt 0.197694 0.945904
vt 0.197694 0.940627
vt 0.197694 0.935349
vt 0.197694 0.930072
vt 0.197694 0.993399
vt 0.197694 0.988122
vt 0.197694 0.982844
vt 0.197694 0.977567
vt 0.211427 0.972290
vt 0.211427 0.967012
vt 0.211427 0.961735
vt 0.211427 0.956458
vt 0.211427 0.951181
vt 0.211427 0.945904
vt 0.211427 0.940627
vt 0.211427 0.935349
vt 0.211427 0.930072
vt 0.211427 0.993399
vt 0.211427 0.988122
vt 0.211427 0.982844
vt 0.211427 0.977567
vt 0.225134 0.972290
vt 0.225134 0.967012
vt 0.225134 0.961735
vt 0.225134 0.956458
vt 0.225134 0.951181
vt 0.225134 0.945904
vt 0.225134 0.940627
vt 0.225134 0.935349
vt 0.225134 0.930072
vt 0.225134 0.993399
vt 0.225134 0.988122
vt 0.225134 0.982844
vt 0.225134 0.977567
vt 0.238410 0.972290
vt 0.238410 0.967012
vt 0.238410 0.961735
vt 0.238410 0.956458
vt 0.238410 0.951181
vt 0.238410 0.945904
vt 0.238410 0.940627
vt 0.238410 0.935349
vt 0.238410 0.930072
vt 0.238410 0.993399
vt 0.238410 0.988122
vt 0.238410 0.982844
vt 0.238410 0.977567
vt 0.250898 0.972290
vt 0.250898 0.967012
vt 0.250898 0.961735
vt 0.250898 0.956458
vt 0.250898 0.951181
vt 0.250898 0.945904
vt 0.250898 0.940627
vt 0.250898 0.935349
vt 0.250898 0.930072
vt 0.250898 0.993399
vt 0.250898 0.988122
vt 0.250898 0.982844
vt 0.250898 0.977567
vt 0.262382 0.972290
vt 0.262382 0.967012
vt 0.262382 0.961735
vt 0.262382 0.956458
vt 0.262382 0.951181
vt 0.262382 0.945904
vt 0.262382 0.940627
vt 0.262382 0.935349
vt 0.262382 0.930072
vt 0.262382 0.993399
vt 0.262382 0.988122
vt 0.262382 0.982844
vt 0.262382 0.977567
vt 0.272797 0.972290
vt 0.272797 0.967012
vt 0.272797 0.961735
vt 0.272797 0.956458
vt 0.272797 0.951181
vt 0.272797 0.945904
vt 0.272797 0.940627
vt 0.272797 0.935349
vt 0.272797 0.930072
vt 0.272797 0.993399
vt 0.272797 0.988122
vt 0.272797 0.982844
vt 0.272797 0.977567
vt 0.282227 0.972290
vt 0.282227 0.967012
vt 0.282227 0.961735
vt 0.282227 0.956458
vt 0.282227 0.951181
vt 0.282227 0.945904
vt 0.282227 0.940627
vt 0.282227 0.935349
vt 0.282227 0.930072
vt 0.282227 0.993399
vt 0.282227 0.988122
vt 0.282227 0.982844
vt 0.282227 0.977567
vt 0.290874 0.972290
vt 0.290874 0.967012
vt 0.290874 0.961735
vt 0.290874 0.956458
vt 0.290874 0.951181
vt 0.290874 0.945904
vt 0.290874 0.940627
vt 0.290874 0.935349
vt 0.290874 0.930072
vt 0.290874 0.993399
vt 0.290874 0.988122
vt 0.290874 0.982844
vt 0.290874 0.977567
vt 0.299007 0.972290
vt 0.299007 0.967012
vt 0.299007 0.961735
vt 0.299007 0.956458
vt 0.299007 0.951181
vt 0.299007 0.945904
vt 0.299007 0.940627
vt 0.299007 0.935349
vt 0.299007 0.930072
vt 0.299007 0.993399
vt 0.299007 0.988122
vt 0.299007 0.982844
vt 0.299007 0.977567
vt 0.306883 0.972290
vt 0.306883 0.967012
vt 0.306883 0.961735
vt 0.306883 0.956458
vt 0.306883 0.951181
vt 0.306883 0.945904
vt 0.306883 0.940627
vt 0.306883 0.935349
vt 0.306883 0.930072
vt 0.306883 0.993399
vt 0.306883 0.988122
vt 0.306883 0.982844
vt 0.306883 0.977567
vt 0.314669 0.972290
vt 0.314669 0.967012
vt 0.314669 0.961735
vt 0.314669 0.956458
vt 0.314669 0.951181
vt 0.314669 0.945904
vt 0.314669 0.940627
vt 0.314669 0.935349
vt 0.314669 0.930072
vt 0.314669 0.993399
vt 0.314669 0.988122
vt 0.314669 0.982844
vt 0.314669 0.977567
vt 0.322432 0.972290
vt 0.322432 0.967012
vt 0.322432 0.961735
vt 0.322432 0.956458
vt 0.322432 0.951181
vt 0.322432 0.945904
vt 0.322432 0.940627
vt 0.322432 0.935349
vt 0.322432 0.930072
vt 0.322432 0.993399
vt 0.322432 0.988122
vt 0.322432 0.982844
vt 0.322432 0.977567
vt 0.330186 0.972290
vt 0.330186 0.967012
vt 0.330185 0.961735
vt 0.330186 0.956458
vt 0.330186 0.951181
vt 0.330186 0.945904
vt 0.330186 0.940627
vt 0.330186 0.935349
vt 0.330185 0.930072
vt 0.330185 0.993399
vt 0.330186 0.988122
vt 0.330186 0.982844
vt 0.330186 0.977567
vt 0.337906 0.972290
vt 0.337906 0.967012
vt 0.337906 0.961735
vt 0.337906 0.956458
vt 0.337906 0.951181
vt 0.337906 0.945904
vt 0.337906 0.940627
vt 0.337906 0.935349
vt 0.337906 0.930072
vt 0.337906 0.993399
vt 0.337906 0.988122
vt 0.337906 0.982844
vt 0.337906 0.977567
vt 0.345542 0.972290
vt 0.345542 0.967012
vt 0.345542 0.961735
vt 0.345542 0.956458
vt 0.345542 0.951181
vt 0.345542 0.945904
vt 0.345542 0.940627
vt 0.345542 0.935349
vt 0.345542 0.930072
vt 0.345542 0.993399
vt 0.345542 0.988122
vt 0.345542 0.982844
vt 0.345542 0.977567
vt 0.353022 0.972290
vt 0.353022 0.967013
vt 0.353022 0.961736
vt 0.353022 0.956458
vt 0.353022 0.951181
vt 0.353022 0.945904
vt 0.353022 0.940627
vt 0.353022 0.935349
vt 0.353022 0.930072
vt 0.353022 0.993399
vt 0.353022 0.988122
vt 0.353022 0.982844
vt 0.353022 0.977567
vt 0.360288 0.972290
vt 0.360288 0.967013
vt 0.360288 0.961736
vt 0.360288 0.956458
vt 0.360288 0.951181
vt 0.360288 0.945904
vt 0.360288 0.940627
vt 0.360288 0.935349
vt 0.360288 0.930072
vt 0.360288 0.993399
vt 0.360288 0.988122
vt 0.360288 0.982844
vt 0.360288 0.977567
vt 0.367353 0.972290
vt 0.367353 0.967013
vt 0.367353 0.961736
vt 0.367353 0.956458
vt 0.367353 0.951181
vt 0.367353 0.945904
vt 0.367353 0.940627
vt 0.367353 0.935349
vt 0.367353 0.930072
vt 0.367353 0.993399
vt 0.367353 0.988122
vt 0.367353 0.982844
vt 0.367353 0.977567
vt 0.374332 0.972290
vt 0.374332 0.967013
vt 0.374332 0.961736
vt 0.374332 0.956458
vt 0.374332 0.951181
vt 0.374332 0.945904
vt 0.374332 0.940627
vt 0.374332 0.935349
vt 0.374332 0.930072
vt 0.374332 0.993399
vt 0.374332 0.988122
vt 0.374332 0.982844
vt 0.374332 0.977567
vt 0.381405 0.972290
vt 0.381405 0.967013
vt 0.381405 0.961736
vt 0.381405 0.956458
vt 0.381405 0.951181
vt 0.381405 0.945904
vt 0.381405 0.940627
vt 0.381405 0.935349
vt 0.381405 0.930072
vt 0.381405 0.993399
vt 0.381405 0.988122
vt 0.381405 0.982844
vt 0.381405 0.977567
vt 0.388747 0.972290
vt 0.388747 0.967013
vt 0.388747 0.961736
vt 0.388747 0.956458
vt 0.388747 0.951181
vt 0.388747 0.945904
vt 0.388747 0.940627
vt 0.388747 0.935349
vt 0.388747 0.930072
vt 0.388747 0.993399
vt 0.388747 0.988122
vt 0.388747 0.982844
vt 0.388747 0.977567
vt 0.396456 0.972290
vt 0.396456 0.967013
vt 0.396456 0.961736
vt 0.396456 0.956458
vt 0.396456 0.951181
vt 0.396456 0.945904
vt 0.396456 0.940627
vt 0.396456 0.935349
vt 0.396456 0.930072
vt 0.396456 0.993399
vt 0.396456 0.988122
vt 0.396456 0.982844
vt 0.396456 0.977567
vt 0.404507 0.972290
vt 0.404507 0.967013
vt 0.404507 0.961736
vt 0.404507 0.956458
vt 0.404507 0.951181
vt 0.404507 0.945904
vt 0.404507 0.940627
vt 0.404507 0.935349
vt 0.404507 0.930072
vt 0.404507 0.993399
vt 0.404507 0.988122
vt 0.404507 0.982844
vt 0.404507 0.977567
vt 0.412746 0.972290
vt 0.412746 0.967013
vt 0.412746 0.961736
vt 0.412746 0.956458
vt 0.412746 0.951181
vt 0.412746 0.945904
vt 0.412746 0.940627
vt 0.412746 0.935349
vt 0.412746 0.930072
vt 0.412746 0.993399
vt 0.412746 0.988122
vt 0.412746 0.982844
vt 0.412746 0.977567
vt 0.420992 0.972290
vt 0.420992 0.967013
vt 0.420992 0.961736
vt 0.420992 0.956458
vt 0.420992 0.951181
vt 0.420992 0.945904
vt 0.420992 0.940627
vt 0.420992 0.935349
vt 0.420992 0.930072
vt 0.420992 0.993399
vt 0.420992 0.988122
vt 0.420992 0.982844
vt 0.420992 0.977567
vt 0.429214 0.972290
vt 0.429214 0.967013
vt 0.429214 0.961736
vt 0.429214 0.956458
vt 0.429214 0.951181
vt 0.429214 0.945904
vt 0.429214 0.940627
vt 0.429214 0.935349
vt 0.429213 0.930072
vt 0.429213 0.993399
vt 0.429214 0.988122
vt 0.429214 0.982844
vt 0.429214 0.977567
vt 0.437692 0.972290
vt 0.437692 0.967013
vt 0.437692 0.961736
vt 0.437692 0.956458
vt 0.437692 0.951181
vt 0.437692 0.945904
vt 0.437692 0.940627
vt 0.437692 0.935349
vt 0.437692 0.930072
vt 0.437692 0.993399
vt 0.437692 0.988122
vt 0.437692 0.982844
vt 0.437692 0.977567
vt 0.447196 0.972290
vt 0.447196 0.967013
vt 0.447196 0.961736
vt 0.447196 0.956458
vt 0.447196 0.951181
vt 0.447196 0.945904
vt 0.447196 0.940627
vt 0.447196 0.935349
vt 0.447196 0.930072
vt 0.447196 0.993399
vt 0.447196 0.988122
vt 0.447196 0.982844
vt 0.447196 0.977567
vt 0.459021 0.972290
vt 0.459021 0.967013
vt 0.459021 0.961736
vt 0.459021 0.956458
vt 0.459021 0.951181
vt 0.459021 0.945904
vt 0.459021 0.940627
vt 0.459021 0.935349
vt 0.459021 0.930072
vt 0.459021 0.993399
vt 0.459021 0.988122
vt 0.459021 0.982844
vt 0.459021 0.977567
vt 0.473995 0.564228
vt 0.473995 0.569512
vt 0.473995 0.574796
vt 0.473995 0.580079
vt 0.473995 0.585363
vt 0.577954 0.461796
vt 0.473995 0.590647
vt 0.473995 0.595931
vt 0.473995 0.601214
vt 0.473995 0.606498
vt 0.473995 0.543094
vt 0.473995 0.548377
vt 0.473995 0.553661
vt 0.473995 0.558945
vt 0.468754 0.405909
vt 0.468754 0.411189
vt 0.468754 0.416468
vt 0.468754 0.421748
vt 0.468754 0.427027
vt 0.978534 0.452974
vt 0.468754 0.432306
vt 0.468754 0.437585
vt 0.468754 0.442864
vt 0.468754 0.448144
vt 0.468754 0.384792
vt 0.468754 0.390072
vt 0.468754 0.395351
vt 0.468754 0.400630
vt 0.469047 0.485048
vt 0.469047 0.490325
vt 0.469047 0.495600
vt 0.469047 0.500876
vt 0.469047 0.506152
vt 0.978543 0.479348
vt 0.469047 0.511428
vt 0.469047 0.516704
vt 0.469047 0.521979
vt 0.469047 0.527255
vt 0.469047 0.463946
vt 0.469047 0.469221
vt 0.469047 0.474497
vt 0.469047 0.479773
vt 0.011366 0.972290
vt 0.011366 0.967012
vt 0.011366 0.961735
vt 0.011366 0.956458
vt 0.011366 0.951181
vt 0.585336 0.488161
vt 0.011366 0.945904
vt 0.011366 0.940626
vt 0.011366 0.935349
vt 0.011366 0.930072
vt 0.011366 0.993399
vt 0.011366 0.988121
vt 0.011366 0.982844
vt 0.011366 0.977567
vt 0.580000 0.429449
vt 0.981186 0.367549
vt 0.983585 0.394355
vt 0.980620 0.420288
vt 0.478755 0.558945
vt 0.571322 0.460064
vt 0.478755 0.564228
vt 0.571344 0.463612
vt 0.478755 0.569512
vt 0.573138 0.466675
vt 0.478755 0.574796
vt 0.576222 0.468428
vt 0.478755 0.580079
vt 0.579771 0.468406
vt 0.478755 0.585363
vt 0.582833 0.466613
vt 0.478755 0.590647
vt 0.584587 0.463528
vt 0.478755 0.595931
vt 0.584565 0.459980
vt 0.478755 0.601214
vt 0.582771 0.456918
vt 0.478755 0.606498
vt 0.478755 0.543094
vt 0.579687 0.455163
vt 0.478755 0.548377
vt 0.576138 0.455186
vt 0.478755 0.553661
vt 0.573076 0.456980
vt 0.473519 0.400630
vt 0.983376 0.457826
vt 0.473519 0.405909
vt 0.985154 0.454756
vt 0.473519 0.411189
vt 0.985158 0.451207
vt 0.473519 0.416468
vt 0.983387 0.448132
vt 0.473519 0.421748
vt 0.980316 0.446354
vt 0.473519 0.427027
vt 0.976767 0.446350
vt 0.473519 0.432306
vt 0.973692 0.448121
vt 0.473519 0.437585
vt 0.971915 0.451192
vt 0.473519 0.442865
vt 0.971911 0.454741
vt 0.473519 0.448144
vt 0.473519 0.384792
vt 0.973681 0.457816
vt 0.473519 0.390072
vt 0.976753 0.459593
vt 0.473519 0.395351
vt 0.980301 0.459597
vt 0.473815 0.479773
vt 0.976725 0.485958
vt 0.473815 0.485049
vt 0.980274 0.485981
vt 0.473815 0.490325
vt 0.983358 0.484227
vt 0.473815 0.495600
vt 0.985153 0.481165
vt 0.473815 0.500877
vt 0.985176 0.477617
vt 0.473815 0.506152
vt 0.983422 0.474532
vt 0.473815 0.511428
vt 0.980360 0.472738
vt 0.473815 0.516704
vt 0.976812 0.472715
vt 0.473815 0.521979
vt 0.973727 0.474469
vt 0.473815 0.527255
vt 0.473815 0.463946
vt 0.971933 0.477530
vt 0.473815 0.469221
vt 0.971910 0.481079
vt 0.473815 0.474497
vt 0.973664 0.484164
vt 0.006600 0.977567
vt 0.591958 0.486386
vt 0.006600 0.972290
vt 0.590183 0.483313
vt 0.006600 0.967012
vt 0.587110 0.481539
vt 0.006600 0.961735
vt 0.583562 0.481539
vt 0.006600 0.956458
vt 0.580489 0.483313
vt 0.006600 0.951181
vt 0.578714 0.486387
vt 0.006600 0.945904
vt 0.578714 0.489935
vt 0.006600 0.940626
vt 0.580488 0.493008
vt 0.006600 0.935349
vt 0.583562 0.494782
vt 0.006600 0.930072
vt 0.006600 0.993399
vt 0.587110 0.494782
vt 0.006600 0.988122
vt 0.590183 0.493008
vt 0.006600 0.982844
vt 0.591958 0.489935
vt 0.015520 0.564228
vt 0.012240 0.564228
vt 0.582071 0.437658
vt 0.015520 0.569512
vt 0.577826 0.437677
vt 0.012240 0.569512
vt 0.015520 0.574796
vt 0.574114 0.435618
vt 0.012240 0.574796
vt 0.015520 0.580079
vt 0.571882 0.432006
vt 0.012240 0.580079
vt 0.015520 0.585363
vt 0.571702 0.427766
vt 0.012240 0.585363
vt 0.015520 0.590647
vt 0.573617 0.423981
vt 0.012240 0.590647
vt 0.015520 0.595930
vt 0.577136 0.421614
vt 0.012240 0.595930
vt 0.015520 0.601214
vt 0.581362 0.421267
vt 0.012240 0.601214
vt 0.015520 0.606497
vt 0.015520 0.543094
vt 0.585219 0.423025
vt 0.586172 0.423934
vt 0.012240 0.606497
vt 0.012240 0.543094
vt 0.015520 0.548377
vt 0.588109 0.427705
vt 0.012240 0.548377
vt 0.015520 0.553661
vt 0.587960 0.431942
vt 0.012240 0.553661
vt 0.012240 0.558944
vt 0.585762 0.435568
vt 0.015520 0.558945
vt 0.009899 0.405909
vt 0.982883 0.375843
vt 0.006617 0.405909
vt 0.009899 0.411189
vt 0.978642 0.375670
vt 0.006617 0.411188
vt 0.009899 0.416468
vt 0.975027 0.373444
vt 0.006617 0.416468
vt 0.009899 0.421747
vt 0.972962 0.369735
vt 0.006617 0.421748
vt 0.009899 0.427026
vt 0.972974 0.365491
vt 0.006617 0.427027
vt 0.009899 0.432305
vt 0.975059 0.361796
vt 0.006617 0.432305
vt 0.009899 0.437585
vt 0.978681 0.359592
vt 0.006617 0.437585
vt 0.009899 0.442864
vt 0.982918 0.359437
vt 0.006617 0.442864
vt 0.009899 0.448144
vt 0.009899 0.384792
vt 0.986692 0.361368
vt 0.987603 0.362320
vt 0.006617 0.448144
vt 0.006617 0.384792
vt 0.009899 0.390071
vt 0.989367 0.366174
vt 0.006617 0.390071
vt 0.009899 0.395351
vt 0.989026 0.370400
vt 0.006617 0.395351
vt 0.986665 0.373923
vt 0.006617 0.400630
vt 0.009899 0.400630
vt 0.009890 0.485048
vt 0.985650 0.402566
vt 0.006606 0.485048
vt 0.009890 0.490324
vt 0.981406 0.402582
vt 0.006606 0.490324
vt 0.009890 0.495600
vt 0.977695 0.400520
vt 0.006606 0.495600
vt 0.009890 0.500876
vt 0.975466 0.396906
vt 0.006606 0.500876
vt 0.009890 0.506152
vt 0.975289 0.392666
vt 0.006606 0.506152
vt 0.009890 0.511428
vt 0.977206 0.388882
vt 0.006606 0.511428
vt 0.009890 0.516704
vt 0.980727 0.386518
vt 0.006606 0.516704
vt 0.009890 0.521979
vt 0.984953 0.386174
vt 0.006606 0.521979
vt 0.009890 0.527255
vt 0.009890 0.463945
vt 0.988809 0.387934
vt 0.989761 0.388844
vt 0.006606 0.527255
vt 0.006606 0.463945
vt 0.009890 0.469221
vt 0.991695 0.392617
vt 0.006606 0.469221
vt 0.009890 0.474497
vt 0.991544 0.396853
vt 0.006606 0.474497
vt 0.989343 0.400478
vt 0.006606 0.479773
vt 0.009890 0.479773
vt 0.470396 0.972290
vt 0.988834 0.418238
vt 0.473680 0.972290
vt 0.470396 0.967013
vt 0.988842 0.422482
vt 0.473680 0.967013
vt 0.470396 0.961736
vt 0.986774 0.426189
vt 0.473680 0.961736
vt 0.470396 0.956458
vt 0.983156 0.428412
vt 0.473680 0.956458
vt 0.470396 0.951181
vt 0.978916 0.428581
vt 0.473680 0.951181
vt 0.470396 0.945904
vt 0.975135 0.426657
vt 0.473680 0.945904
vt 0.470396 0.940627
vt 0.972778 0.423132
vt 0.473680 0.940627
vt 0.470396 0.935349
vt 0.972441 0.418906
vt 0.473680 0.935349
vt 0.470396 0.930072
vt 0.470396 0.993399
vt 0.974208 0.415053
vt 0.975120 0.414102
vt 0.473680 0.930072
vt 0.473680 0.993399
vt 0.470396 0.988122
vt 0.978896 0.412174
vt 0.473680 0.988122
vt 0.470396 0.982844
vt 0.983132 0.412334
vt 0.473680 0.982844
vt 0.986753 0.414541
vt 0.473680 0.977567
vt 0.470396 0.977567
vt 0.793467 0.907232
vt 0.793467 0.911105
vt 0.793467 0.914978
vt 0.793467 0.868499
vt 0.793467 0.872373
vt 0.793467 0.876246
vt 0.793467 0.880119
vt 0.793467 0.883992
vt 0.793467 0.887865
vt 0.793467 0.891739
vt 0.793467 0.895612
vt 0.793467 0.899485
vt 0.793467 0.903358
vt 0.742337 0.907232
vt 0.742337 0.911105
vt 0.742337 0.914979
vt 0.742337 0.868499
vt 0.742337 0.872373
vt 0.742337 0.876246
vt 0.742337 0.880119
vt 0.742337 0.883992
vt 0.742337 0.887865
vt 0.742337 0.891739
vt 0.742337 0.895612
vt 0.742337 0.899485
vt 0.742337 0.903358
vt 0.696594 0.907232
vt 0.696594 0.911105
vt 0.696594 0.914979
vt 0.696594 0.868499
vt 0.696594 0.872373
vt 0.696594 0.876246
vt 0.696594 0.880119
vt 0.696594 0.883992
vt 0.696594 0.887865
vt 0.696594 0.891739
vt 0.696594 0.895612
vt 0.696594 0.899485
vt 0.696594 0.903358
vt 0.654945 0.907232
vt 0.654945 0.911105
vt 0.654945 0.914978
vt 0.654945 0.868499
vt 0.654945 0.872372
vt 0.654945 0.876246
vt 0.654945 0.880119
vt 0.654945 0.883992
vt 0.654945 0.887865
vt 0.654945 0.891739
vt 0.654945 0.895612
vt 0.654945 0.899485
vt 0.654945 0.903358
vt 0.616696 0.907232
vt 0.616696 0.911105
vt 0.616696 0.914978
vt 0.616696 0.868499
vt 0.616696 0.872372
vt 0.616696 0.876246
vt 0.616696 0.880119
vt 0.616696 0.883992
vt 0.616696 0.887865
vt 0.616696 0.891739
vt 0.616696 0.895612
vt 0.616696 0.899485
vt 0.616696 0.903358
vt 0.581533 0.907232
vt 0.581533 0.911105
vt 0.581532 0.914978
vt 0.581532 0.868499
vt 0.581533 0.872372
vt 0.581533 0.876246
vt 0.581533 0.880119
vt 0.581533 0.883992
vt 0.581533 0.887865
vt 0.581533 0.891739
vt 0.581533 0.895612
vt 0.581533 0.899485
vt 0.581533 0.903358
vt 0.549322 0.907232
vt 0.549322 0.911105
vt 0.549322 0.914978
vt 0.549322 0.868499
vt 0.549322 0.872372
vt 0.549322 0.876246
vt 0.549322 0.880119
vt 0.549322 0.883992
vt 0.549322 0.887865
vt 0.549322 0.891739
vt 0.549322 0.895612
vt 0.549322 0.899485
vt 0.549322 0.903358
vt 0.519956 0.907232
vt 0.519956 0.911105
vt 0.519956 0.914978
vt 0.519956 0.868499
vt 0.519956 0.872372
vt 0.519956 0.876246
vt 0.519956 0.880119
vt 0.519956 0.883992
vt 0.519956 0.887865
vt 0.519956 0.891739
vt 0.519956 0.895612
vt 0.519956 0.899485
vt 0.519956 0.903358
vt 0.493257 0.907232
vt 0.493257 0.911105
vt 0.493256 0.914978
vt 0.493256 0.868499
vt 0.493257 0.872372
vt 0.493257 0.876246
vt 0.493257 0.880119
vt 0.493257 0.883992
vt 0.493257 0.887865
vt 0.493257 0.891739
vt 0.493257 0.895612
vt 0.493257 0.899485
vt 0.493257 0.903358
vt 0.468941 0.907232
vt 0.468941 0.911105
vt 0.468941 0.914978
vt 0.468941 0.868499
vt 0.468941 0.872372
vt 0.468941 0.876246
vt 0.468941 0.880119
vt 0.468941 0.883992
vt 0.468941 0.887865
vt 0.468941 0.891739
vt 0.468941 0.895612
vt 0.468941 0.899485
vt 0.468941 0.903358
vt 0.446713 0.907232
vt 0.446713 0.911105
vt 0.446713 0.914978
vt 0.446713 0.868499
vt 0.446713 0.872372
vt 0.446713 0.876246
vt 0.446713 0.880119
vt 0.446713 0.883992
vt 0.446713 0.887865
vt 0.446713 0.891739
vt 0.446713 0.895612
vt 0.446713 0.899485
vt 0.446713 0.903358
vt 0.426288 0.907232
vt 0.426288 0.911105
vt 0.426288 0.914978
vt 0.426288 0.868499
vt 0.426288 0.872372
vt 0.426288 0.876246
vt 0.426288 0.880119
vt 0.426288 0.883992
vt 0.426288 0.887865
vt 0.426288 0.891739
vt 0.426288 0.895612
vt 0.426288 0.899485
vt 0.426288 0.903358
vt 0.407400 0.907232
vt 0.407400 0.911105
vt 0.407400 0.914978
vt 0.407400 0.868499
vt 0.407400 0.872372
vt 0.407400 0.876246
vt 0.407400 0.880119
vt 0.407400 0.883992
vt 0.407400 0.887865
vt 0.407400 0.891739
vt 0.407400 0.895612
vt 0.407400 0.899485
vt 0.407400 0.903358
vt 0.389792 0.907232
vt 0.389792 0.911105
vt 0.389792 0.914978
vt 0.389792 0.868499
vt 0.389792 0.872372
vt 0.389792 0.876246
vt 0.389792 0.880119
vt 0.389792 0.883992
vt 0.389792 0.887865
vt 0.389792 0.891739
vt 0.389792 0.895612
vt 0.389792 0.899485
vt 0.389792 0.903358
vt 0.373221 0.907232
vt 0.373221 0.911105
vt 0.373221 0.914978
vt 0.373221 0.868499
vt 0.373221 0.872372
vt 0.373221 0.876246
vt 0.373221 0.880119
vt 0.373221 0.883992
vt 0.373221 0.887865
vt 0.373221 0.891739
vt 0.373221 0.895612
vt 0.373221 0.899485
vt 0.373221 0.903358
vt 0.357455 0.907232
vt 0.357455 0.911105
vt 0.357455 0.914978
vt 0.357455 0.868499
vt 0.357455 0.872372
vt 0.357455 0.876246
vt 0.357455 0.880119
vt 0.357455 0.883992
vt 0.357455 0.887865
vt 0.357455 0.891739
vt 0.357455 0.895612
vt 0.357455 0.899485
vt 0.357455 0.903358
vt 0.342271 0.907232
vt 0.342271 0.911105
vt 0.342271 0.914978
vt 0.342271 0.868499
vt 0.342271 0.872372
vt 0.342271 0.876246
vt 0.342271 0.880119
vt 0.342271 0.883992
vt 0.342271 0.887865
vt 0.342271 0.891738
vt 0.342271 0.895612
vt 0.342271 0.899485
vt 0.342271 0.903358
vt 0.327454 0.907232
vt 0.327454 0.911105
vt 0.327454 0.914978
vt 0.327454 0.868499
vt 0.327454 0.872372
vt 0.327454 0.876246
vt 0.327454 0.880119
vt 0.327454 0.883992
vt 0.327454 0.887865
vt 0.327454 0.891738
vt 0.327454 0.895612
vt 0.327454 0.899485
vt 0.327454 0.903358
vt 0.312806 0.907232
vt 0.312806 0.911105
vt 0.312806 0.914978
vt 0.312806 0.868499
vt 0.312806 0.872372
vt 0.312806 0.876246
vt 0.312806 0.880119
vt 0.312806 0.883992
vt 0.312806 0.887865
vt 0.312806 0.891738
vt 0.312806 0.895612
vt 0.312806 0.899485
vt 0.312806 0.903358
vt 0.298158 0.907232
vt 0.298158 0.911105
vt 0.298158 0.914978
vt 0.298158 0.868499
vt 0.298158 0.872372
vt 0.298158 0.876246
vt 0.298158 0.880119
vt 0.298158 0.883992
vt 0.298158 0.887865
vt 0.298158 0.891738
vt 0.298158 0.895612
vt 0.298158 0.899485
vt 0.298158 0.903358
vt 0.283363 0.907232
vt 0.283363 0.911105
vt 0.283363 0.914978
vt 0.283363 0.868499
vt 0.283363 0.872372
vt 0.283363 0.876246
vt 0.283363 0.880119
vt 0.283363 0.883992
vt 0.283363 0.887865
vt 0.283363 0.891738
vt 0.283363 0.895612
vt 0.283363 0.899485
vt 0.283363 0.903358
vt 0.268304 0.907232
vt 0.268304 0.911105
vt 0.268305 0.914978
vt 0.268305 0.868499
vt 0.268304 0.872372
vt 0.268304 0.876246
vt 0.268304 0.880119
vt 0.268304 0.883992
vt 0.268305 0.887865
vt 0.268305 0.891738
vt 0.268304 0.895612
vt 0.268304 0.899485
vt 0.268304 0.903358
vt 0.252887 0.907232
vt 0.252887 0.911105
vt 0.252887 0.914978
vt 0.252888 0.868499
vt 0.252888 0.872372
vt 0.252888 0.876246
vt 0.252888 0.880119
vt 0.252888 0.883992
vt 0.252887 0.887865
vt 0.252887 0.891738
vt 0.252887 0.895612
vt 0.252887 0.899485
vt 0.252887 0.903358
vt 0.237044 0.907232
vt 0.237044 0.911105
vt 0.237044 0.914978
vt 0.237044 0.868499
vt 0.237044 0.872372
vt 0.237044 0.876246
vt 0.237044 0.880119
vt 0.237044 0.883992
vt 0.237044 0.887865
vt 0.237044 0.891738
vt 0.237044 0.895612
vt 0.237044 0.899485
vt 0.237044 0.903358
vt 0.220729 0.907232
vt 0.220729 0.911105
vt 0.220729 0.914978
vt 0.220729 0.868499
vt 0.220729 0.872372
vt 0.220729 0.876246
vt 0.220729 0.880119
vt 0.220729 0.883992
vt 0.220729 0.887865
vt 0.220729 0.891738
vt 0.220729 0.895612
vt 0.220729 0.899485
vt 0.220729 0.903358
vt 0.203918 0.907232
vt 0.203918 0.911105
vt 0.203918 0.914978
vt 0.203918 0.868499
vt 0.203918 0.872372
vt 0.203918 0.876246
vt 0.203918 0.880119
vt 0.203918 0.883992
vt 0.203918 0.887865
vt 0.203918 0.891738
vt 0.203918 0.895612
vt 0.203918 0.899485
vt 0.203918 0.903358
vt 0.186568 0.907232
vt 0.186568 0.911105
vt 0.186568 0.914978
vt 0.186568 0.868499
vt 0.186568 0.872372
vt 0.186568 0.876246
vt 0.186568 0.880119
vt 0.186568 0.883992
vt 0.186568 0.887865
vt 0.186568 0.891738
vt 0.186568 0.895612
vt 0.186568 0.899485
vt 0.186568 0.903358
vt 0.168475 0.907232
vt 0.168475 0.911105
vt 0.168475 0.914978
vt 0.168475 0.868499
vt 0.168475 0.872372
vt 0.168475 0.876246
vt 0.168475 0.880119
vt 0.168475 0.883992
vt 0.168475 0.887865
vt 0.168475 0.891738
vt 0.168475 0.895612
vt 0.168475 0.899485
vt 0.168475 0.903358
vt 0.149226 0.907232
vt 0.149226 0.911104
vt 0.149226 0.914978
vt 0.149226 0.868499
vt 0.149226 0.872372
vt 0.149226 0.876246
vt 0.149226 0.880119
vt 0.149226 0.883992
vt 0.149226 0.887865
vt 0.149226 0.891738
vt 0.149226 0.895612
vt 0.149226 0.899485
vt 0.149226 0.903358
vt 0.128189 0.907232
vt 0.128189 0.911104
vt 0.128189 0.914978
vt 0.128189 0.868499
vt 0.128189 0.872372
vt 0.128189 0.876245
vt 0.128189 0.880119
vt 0.128189 0.883992
vt 0.128189 0.887865
vt 0.128189 0.891739
vt 0.128189 0.895612
vt 0.128189 0.899485
vt 0.128189 0.903358
vt 0.104506 0.907231
vt 0.104506 0.911104
vt 0.104506 0.914978
vt 0.104506 0.868499
vt 0.104506 0.872372
vt 0.104506 0.876246
vt 0.104506 0.880119
vt 0.104506 0.883992
vt 0.104506 0.887865
vt 0.104506 0.891738
vt 0.104506 0.895612
vt 0.104506 0.899485
vt 0.104506 0.903358
vt 0.077095 0.907232
vt 0.077095 0.911104
vt 0.077095 0.914978
vt 0.077096 0.868499
vt 0.077096 0.872372
vt 0.077096 0.876246
vt 0.077096 0.880119
vt 0.077095 0.883992
vt 0.077095 0.887865
vt 0.077095 0.891738
vt 0.077095 0.895612
vt 0.077095 0.899485
vt 0.077095 0.903358
vt 0.044648 0.907232
vt 0.044648 0.911104
vt 0.044648 0.868499
vt 0.044648 0.914978
vt 0.044648 0.872372
vt 0.044648 0.876246
vt 0.044648 0.880119
vt 0.044648 0.883992
vt 0.044648 0.887865
vt 0.044648 0.891738
vt 0.044648 0.895612
vt 0.044648 0.899485
vt 0.044648 0.903358
vt 0.920437 0.793911
vt 0.916566 0.793911
vt 0.912695 0.793911
vt 0.959149 0.793911
vt 0.955277 0.793911
vt 0.951406 0.793911
vt 0.947535 0.793911
vt 0.943664 0.793911
vt 0.939793 0.793911
vt 0.935922 0.793911
vt 0.932051 0.793911
vt 0.928179 0.793911
vt 0.924308 0.793911
vt 0.920437 0.742753
vt 0.916566 0.742753
vt 0.912695 0.742753
vt 0.959149 0.742753
vt 0.955277 0.742753
vt 0.951406 0.742753
vt 0.947535 0.742753
vt 0.943664 0.742753
vt 0.939793 0.742753
vt 0.935922 0.742753
vt 0.932051 0.742753
vt 0.928179 0.742753
vt 0.924308 0.742753
vt 0.920437 0.696985
vt 0.916566 0.696985
vt 0.912695 0.696986
vt 0.959149 0.696986
vt 0.955277 0.696985
vt 0.951406 0.696985
vt 0.947535 0.696985
vt 0.943664 0.696985
vt 0.939793 0.696985
vt 0.935922 0.696985
vt 0.932051 0.696985
vt 0.928179 0.696985
vt 0.924308 0.696985
vt 0.920438 0.655314
vt 0.916566 0.655314
vt 0.912695 0.655314
vt 0.959149 0.655314
vt 0.955277 0.655314
vt 0.951406 0.655314
vt 0.947535 0.655314
vt 0.943664 0.655314
vt 0.939793 0.655314
vt 0.935922 0.655314
vt 0.932051 0.655314
vt 0.928179 0.655314
vt 0.924308 0.655314
vt 0.920438 0.617044
vt 0.916566 0.617044
vt 0.912695 0.617044
vt 0.959149 0.617044
vt 0.955277 0.617044
vt 0.951406 0.617044
vt 0.947535 0.617044
vt 0.943664 0.617044
vt 0.939793 0.617044
vt 0.935922 0.617044
vt 0.932051 0.617044
vt 0.928179 0.617044
vt 0.924308 0.617044
vt 0.920438 0.581861
vt 0.916566 0.581861
vt 0.912695 0.581861
vt 0.959149 0.581861
vt 0.955277 0.581861
vt 0.951406 0.581861
vt 0.947535 0.581861
vt 0.943664 0.581861
vt 0.939793 0.581861
vt 0.935922 0.581861
vt 0.932051 0.581861
vt 0.928179 0.581861
vt 0.924308 0.581861
vt 0.920438 0.549633
vt 0.916566 0.549633
vt 0.912695 0.549633
vt 0.959149 0.549633
vt 0.955277 0.549633
vt 0.951406 0.549633
vt 0.947535 0.549633
vt 0.943664 0.549633
vt 0.939793 0.549633
vt 0.935922 0.549633
vt 0.932051 0.549633
vt 0.928179 0.549633
vt 0.924308 0.549633
vt 0.920438 0.520252
vt 0.916566 0.520252
vt 0.912695 0.520252
vt 0.959149 0.520252
vt 0.955277 0.520252
vt 0.951406 0.520252
vt 0.947535 0.520252
vt 0.943664 0.520252
vt 0.939793 0.520252
vt 0.935922 0.520252
vt 0.932051 0.520252
vt 0.928179 0.520252
vt 0.924308 0.520252
vt 0.920438 0.493537
vt 0.916567 0.493537
vt 0.912695 0.493537
vt 0.959149 0.493537
vt 0.955277 0.493537
vt 0.951406 0.493537
vt 0.947535 0.493537
vt 0.943664 0.493537
vt 0.939793 0.493537
vt 0.935922 0.493537
vt 0.932051 0.493537
vt 0.928179 0.493537
vt 0.924308 0.493537
vt 0.920438 0.469208
vt 0.916567 0.469208
vt 0.912695 0.469208
vt 0.959149 0.469208
vt 0.955277 0.469208
vt 0.951406 0.469208
vt 0.947535 0.469208
vt 0.943664 0.469208
vt 0.939793 0.469208
vt 0.935922 0.469208
vt 0.932051 0.469208
vt 0.928179 0.469208
vt 0.924308 0.469208
vt 0.920438 0.446968
vt 0.916567 0.446968
vt 0.912695 0.446968
vt 0.959149 0.446968
vt 0.955277 0.446968
vt 0.951406 0.446968
vt 0.947535 0.446968
vt 0.943664 0.446968
vt 0.939793 0.446968
vt 0.935922 0.446968
vt 0.932051 0.446968
vt 0.928179 0.446968
vt 0.924308 0.446968
vt 0.920438 0.426532
vt 0.916567 0.426532
vt 0.912695 0.426532
vt 0.959149 0.426532
vt 0.955277 0.426533
vt 0.951406 0.426533
vt 0.947535 0.426533
vt 0.943664 0.426533
vt 0.939793 0.426533
vt 0.935922 0.426533
vt 0.932051 0.426532
vt 0.928179 0.426532
vt 0.924308 0.426532
vt 0.920438 0.407634
vt 0.916567 0.407634
vt 0.912695 0.407634
vt 0.959149 0.407634
vt 0.955277 0.407634
vt 0.951406 0.407634
vt 0.947535 0.407634
vt 0.943664 0.407634
vt 0.939793 0.407634
vt 0.935922 0.407634
vt 0.932051 0.407634
vt 0.928179 0.407634
vt 0.924308 0.407634
vt 0.920438 0.390016
vt 0.916567 0.390016
vt 0.912695 0.390016
vt 0.959149 0.390016
vt 0.955277 0.390016
vt 0.951406 0.390016
vt 0.947535 0.390016
vt 0.943664 0.390016
vt 0.939793 0.390016
vt 0.935922 0.390016
vt 0.932051 0.390016
vt 0.928179 0.390016
vt 0.924308 0.390016
vt 0.920438 0.373436
vt 0.916567 0.373436
vt 0.912695 0.373436
vt 0.959149 0.373436
vt 0.955277 0.373436
vt 0.951406 0.373436
vt 0.947535 0.373436
vt 0.943664 0.373436
vt 0.939793 0.373436
vt 0.935922 0.373436
vt 0.932051 0.373436
vt 0.928179 0.373436
vt 0.924308 0.373436
vt 0.920438 0.357662
vt 0.916567 0.357662
vt 0.912695 0.357662
vt 0.959149 0.357662
vt 0.955277 0.357662
vt 0.951406 0.357662
vt 0.947535 0.357662
vt 0.943664 0.357662
vt 0.939793 0.357662
vt 0.935922 0.357662
vt 0.932051 0.357662
vt 0.928179 0.357662
vt 0.924308 0.357662
vt 0.920438 0.342469
vt 0.916567 0.342469
vt 0.912695 0.342469
vt 0.959149 0.342469
vt 0.955277 0.342469
vt 0.951406 0.342469
vt 0.947535 0.342469
vt 0.943664 0.342469
vt 0.939793 0.342469
vt 0.935922 0.342469
vt 0.932051 0.342469
vt 0.928179 0.342469
vt 0.924308 0.342469
vt 0.920438 0.327644
vt 0.916567 0.327644
vt 0.912695 0.327644
vt 0.959149 0.327644
vt 0.955277 0.327644
vt 0.951406 0.327644
vt 0.947535 0.327644
vt 0.943664 0.327644
vt 0.939793 0.327644
vt 0.935922 0.327644
vt 0.932051 0.327644
vt 0.928180 0.327644
vt 0.924308 0.327644
vt 0.920438 0.312989
vt 0.916567 0.312989
vt 0.912695 0.312989
vt 0.959149 0.312989
vt 0.955277 0.312989
vt 0.951406 0.312989
vt 0.947535 0.312989
vt 0.943664 0.312989
vt 0.939793 0.312989
vt 0.935922 0.312989
vt 0.932051 0.312989
vt 0.928180 0.312989
vt 0.924308 0.312989
vt 0.920438 0.298332
vt 0.916567 0.298332
vt 0.912695 0.298332
vt 0.959149 0.298332
vt 0.955277 0.298332
vt 0.951406 0.298332
vt 0.947535 0.298332
vt 0.943664 0.298332
vt 0.939793 0.298332
vt 0.935922 0.298332
vt 0.932051 0.298332
vt 0.928180 0.298332
vt 0.924308 0.298332
vt 0.920438 0.283530
vt 0.916567 0.283530
vt 0.912695 0.283530
vt 0.959149 0.283530
vt 0.955277 0.283530
vt 0.951406 0.283530
vt 0.947535 0.283530
vt 0.943664 0.283530
vt 0.939793 0.283530
vt 0.935922 0.283530
vt 0.932051 0.283530
vt 0.928180 0.283530
vt 0.924308 0.283530
vt 0.920438 0.268462
vt 0.916567 0.268462
vt 0.912695 0.268462
vt 0.959149 0.268462
vt 0.955277 0.268462
vt 0.951406 0.268462
vt 0.947535 0.268462
vt 0.943664 0.268462
vt 0.939793 0.268462
vt 0.935922 0.268462
vt 0.932051 0.268462
vt 0.928180 0.268462
vt 0.924308 0.268462
vt 0.920438 0.253038
vt 0.916567 0.253038
vt 0.912695 0.253037
vt 0.959149 0.253037
vt 0.955277 0.253038
vt 0.951406 0.253038
vt 0.947535 0.253038
vt 0.943664 0.253038
vt 0.939793 0.253038
vt 0.935922 0.253038
vt 0.932051 0.253038
vt 0.928180 0.253038
vt 0.924308 0.253038
vt 0.920438 0.237185
vt 0.916567 0.237185
vt 0.912695 0.237185
vt 0.959149 0.237185
vt 0.955277 0.237185
vt 0.951406 0.237185
vt 0.947535 0.237185
vt 0.943664 0.237185
vt 0.939793 0.237185
vt 0.935922 0.237185
vt 0.932051 0.237185
vt 0.928180 0.237185
vt 0.924308 0.237185
vt 0.920438 0.220861
vt 0.916567 0.220861
vt 0.912695 0.220861
vt 0.959149 0.220861
vt 0.955277 0.220861
vt 0.951406 0.220861
vt 0.947535 0.220861
vt 0.943664 0.220861
vt 0.939793 0.220861
vt 0.935922 0.220861
vt 0.932051 0.220861
vt 0.928180 0.220861
vt 0.924308 0.220861
vt 0.920438 0.204041
vt 0.916567 0.204041
vt 0.912695 0.204041
vt 0.959149 0.204041
vt 0.955277 0.204041
vt 0.951406 0.204041
vt 0.947535 0.204041
vt 0.943664 0.204041
vt 0.939793 0.204041
vt 0.935922 0.204041
vt 0.932051 0.204041
vt 0.928180 0.204041
vt 0.924308 0.204041
vt 0.920438 0.186682
vt 0.916567 0.186682
vt 0.912695 0.186682
vt 0.959149 0.186682
vt 0.955277 0.186682
vt 0.951406 0.186682
vt 0.947535 0.186682
vt 0.943664 0.186682
vt 0.939793 0.186682
vt 0.935922 0.186682
vt 0.932051 0.186682
vt 0.928180 0.186682
vt 0.924308 0.186682
vt 0.920438 0.168579
vt 0.916567 0.168579
vt 0.912695 0.168578
vt 0.959149 0.168578
vt 0.955277 0.168579
vt 0.951406 0.168579
vt 0.947535 0.168579
vt 0.943664 0.168579
vt 0.939793 0.168579
vt 0.935922 0.168579
vt 0.932051 0.168579
vt 0.928180 0.168579
vt 0.924309 0.168579
vt 0.920438 0.149319
vt 0.916567 0.149319
vt 0.912695 0.149319
vt 0.959149 0.149319
vt 0.955278 0.149319
vt 0.951406 0.149319
vt 0.947535 0.149319
vt 0.943664 0.149319
vt 0.939793 0.149319
vt 0.935922 0.149319
vt 0.932051 0.149319
vt 0.928180 0.149319
vt 0.924309 0.149319
vt 0.920438 0.128270
vt 0.916567 0.128270
vt 0.912695 0.128270
vt 0.959149 0.128270
vt 0.955278 0.128270
vt 0.951407 0.128270
vt 0.947535 0.128270
vt 0.943664 0.128270
vt 0.939793 0.128270
vt 0.935922 0.128270
vt 0.932051 0.128270
vt 0.928180 0.128270
vt 0.924309 0.128270
vt 0.920438 0.104575
vt 0.916567 0.104575
vt 0.912695 0.104575
vt 0.959149 0.104575
vt 0.955277 0.104575
vt 0.951406 0.104575
vt 0.947536 0.104575
vt 0.943664 0.104575
vt 0.939793 0.104575
vt 0.935922 0.104575
vt 0.932051 0.104575
vt 0.928180 0.104575
vt 0.924309 0.104575
vt 0.920438 0.077149
vt 0.916567 0.077149
vt 0.912695 0.077149
vt 0.959149 0.077149
vt 0.955278 0.077149
vt 0.951406 0.077149
vt 0.947535 0.077149
vt 0.943664 0.077149
vt 0.939793 0.077149
vt 0.935923 0.077149
vt 0.932051 0.077149
vt 0.928180 0.077149
vt 0.924309 0.077149
vt 0.920438 0.044684
vt 0.916567 0.044684
vt 0.959149 0.044684
vt 0.912695 0.044684
vt 0.955278 0.044684
vt 0.951406 0.044684
vt 0.947535 0.044684
vt 0.943664 0.044684
vt 0.939793 0.044684
vt 0.935923 0.044684
vt 0.932051 0.044684
vt 0.928180 0.044684
vt 0.924309 0.044684
vt 0.832076 0.064240
vt 0.835948 0.064240
vt 0.839821 0.064240
vt 0.793354 0.064240
vt 0.797226 0.064240
vt 0.801099 0.064240
vt 0.804971 0.064240
vt 0.808843 0.064240
vt 0.812715 0.064240
vt 0.816587 0.064240
vt 0.820460 0.064240
vt 0.824332 0.064240
vt 0.828204 0.064240
vt 0.832076 0.115384
vt 0.835948 0.115384
vt 0.839821 0.115384
vt 0.793354 0.115384
vt 0.797226 0.115384
vt 0.801099 0.115384
vt 0.804971 0.115384
vt 0.808843 0.115384
vt 0.812715 0.115384
vt 0.816587 0.115384
vt 0.820460 0.115384
vt 0.824332 0.115384
vt 0.828204 0.115384
vt 0.832076 0.161138
vt 0.835948 0.161138
vt 0.839821 0.161138
vt 0.793354 0.161138
vt 0.797226 0.161138
vt 0.801099 0.161138
vt 0.804971 0.161138
vt 0.808843 0.161138
vt 0.812715 0.161138
vt 0.816587 0.161138
vt 0.820460 0.161138
vt 0.824332 0.161138
vt 0.828204 0.161138
vt 0.832076 0.202798
vt 0.835948 0.202798
vt 0.839821 0.202798
vt 0.793354 0.202798
vt 0.797226 0.202798
vt 0.801099 0.202798
vt 0.804971 0.202798
vt 0.808843 0.202798
vt 0.812715 0.202798
vt 0.816587 0.202798
vt 0.820460 0.202798
vt 0.824332 0.202798
vt 0.828204 0.202798
vt 0.832076 0.241057
vt 0.835948 0.241057
vt 0.839821 0.241057
vt 0.793354 0.241057
vt 0.797226 0.241057
vt 0.801099 0.241057
vt 0.804971 0.241057
vt 0.808843 0.241057
vt 0.812715 0.241057
vt 0.816587 0.241057
vt 0.820460 0.241057
vt 0.824332 0.241057
vt 0.828204 0.241057
vt 0.832076 0.276231
vt 0.835948 0.276231
vt 0.839821 0.276230
vt 0.793354 0.276230
vt 0.797226 0.276231
vt 0.801098 0.276231
vt 0.804971 0.276231
vt 0.808843 0.276231
vt 0.812715 0.276231
vt 0.816587 0.276231
vt 0.820460 0.276231
vt 0.824332 0.276231
vt 0.828204 0.276231
vt 0.832076 0.308450
vt 0.835948 0.308450
vt 0.839821 0.308450
vt 0.793354 0.308450
vt 0.797226 0.308450
vt 0.801098 0.308450
vt 0.804970 0.308450
vt 0.808843 0.308450
vt 0.812715 0.308450
vt 0.816587 0.308450
vt 0.820460 0.308450
vt 0.824332 0.308450
vt 0.828204 0.308450
vt 0.832076 0.337823
vt 0.835948 0.337823
vt 0.839821 0.337822
vt 0.793354 0.337822
vt 0.797226 0.337823
vt 0.801098 0.337823
vt 0.804970 0.337823
vt 0.808843 0.337823
vt 0.812715 0.337823
vt 0.816587 0.337823
vt 0.820459 0.337823
vt 0.824332 0.337823
vt 0.828204 0.337823
vt 0.832076 0.364529
vt 0.835948 0.364529
vt 0.839821 0.364529
vt 0.793354 0.364529
vt 0.797226 0.364529
vt 0.801098 0.364529
vt 0.804970 0.364529
vt 0.808843 0.364529
vt 0.812715 0.364529
vt 0.816587 0.364529
vt 0.820459 0.364529
vt 0.824332 0.364529
vt 0.828204 0.364529
vt 0.832076 0.388851
vt 0.835948 0.388851
vt 0.839821 0.388851
vt 0.793354 0.388851
vt 0.797226 0.388851
vt 0.801098 0.388851
vt 0.804970 0.388851
vt 0.808843 0.388851
vt 0.812715 0.388851
vt 0.816587 0.388851
vt 0.820459 0.388851
vt 0.824332 0.388851
vt 0.828204 0.388851
vt 0.832076 0.411085
vt 0.835948 0.411085
vt 0.839821 0.411085
vt 0.793354 0.411085
vt 0.797226 0.411085
vt 0.801098 0.411085
vt 0.804970 0.411085
vt 0.808843 0.411085
vt 0.812715 0.411085
vt 0.816587 0.411085
vt 0.820459 0.411085
vt 0.824332 0.411085
vt 0.828204 0.411085
vt 0.832076 0.431515
vt 0.835948 0.431515
vt 0.839821 0.431515
vt 0.793354 0.431515
vt 0.797226 0.431515
vt 0.801098 0.431515
vt 0.804970 0.431515
vt 0.808843 0.431515
vt 0.812715 0.431515
vt 0.816587 0.431515
vt 0.820459 0.431515
vt 0.824332 0.431515
vt 0.828204 0.431515
vt 0.832076 0.450409
vt 0.835948 0.450409
vt 0.839821 0.450408
vt 0.793354 0.450408
vt 0.797226 0.450408
vt 0.801098 0.450408
vt 0.804970 0.450408
vt 0.808843 0.450408
vt 0.812715 0.450408
vt 0.816587 0.450408
vt 0.820459 0.450409
vt 0.824332 0.450409
vt 0.828204 0.450409
vt 0.832076 0.468021
vt 0.835948 0.468021
vt 0.839821 0.468021
vt 0.793354 0.468021
vt 0.797226 0.468021
vt 0.801098 0.468021
vt 0.804970 0.468021
vt 0.808843 0.468021
vt 0.812715 0.468021
vt 0.816587 0.468021
vt 0.820459 0.468021
vt 0.824332 0.468021
vt 0.828204 0.468021
vt 0.832076 0.484596
vt 0.835948 0.484596
vt 0.839821 0.484596
vt 0.793354 0.484596
vt 0.797226 0.484596
vt 0.801098 0.484596
vt 0.804970 0.484596
vt 0.808843 0.484596
vt 0.812715 0.484596
vt 0.816587 0.484596
vt 0.820459 0.484596
vt 0.824332 0.484596
vt 0.828204 0.484596
vt 0.832076 0.500366
vt 0.835948 0.500366
vt 0.839821 0.500366
vt 0.793354 0.500366
vt 0.797226 0.500366
vt 0.801098 0.500366
vt 0.804970 0.500366
vt 0.808843 0.500366
vt 0.812715 0.500366
vt 0.816587 0.500366
vt 0.820459 0.500366
vt 0.824331 0.500366
vt 0.828204 0.500366
vt 0.832076 0.515554
vt 0.835948 0.515554
vt 0.839820 0.515554
vt 0.793354 0.515554
vt 0.797226 0.515554
vt 0.801098 0.515554
vt 0.804970 0.515554
vt 0.808843 0.515554
vt 0.812715 0.515554
vt 0.816587 0.515554
vt 0.820459 0.515554
vt 0.824331 0.515554
vt 0.828204 0.515554
vt 0.832076 0.530375
vt 0.835948 0.530375
vt 0.839820 0.530375
vt 0.793354 0.530375
vt 0.797226 0.530375
vt 0.801098 0.530375
vt 0.804970 0.530375
vt 0.808843 0.530375
vt 0.812715 0.530375
vt 0.816587 0.530375
vt 0.820459 0.530375
vt 0.824331 0.530375
vt 0.828204 0.530375
vt 0.832076 0.545027
vt 0.835948 0.545027
vt 0.839820 0.545027
vt 0.793354 0.545027
vt 0.797226 0.545027
vt 0.801098 0.545027
vt 0.804970 0.545027
vt 0.808843 0.545027
vt 0.812715 0.545027
vt 0.816587 0.545027
vt 0.820459 0.545027
vt 0.824331 0.545027
vt 0.828204 0.545027
vt 0.832076 0.559679
vt 0.835948 0.559679
vt 0.839820 0.559679
vt 0.793354 0.559679
vt 0.797226 0.559679
vt 0.801098 0.559679
vt 0.804970 0.559679
vt 0.808843 0.559679
vt 0.812715 0.559679
vt 0.816587 0.559679
vt 0.820459 0.559679
vt 0.824331 0.559679
vt 0.828204 0.559679
vt 0.832076 0.574477
vt 0.835948 0.574477
vt 0.839820 0.574478
vt 0.793354 0.574478
vt 0.797226 0.574477
vt 0.801098 0.574477
vt 0.804970 0.574477
vt 0.808843 0.574477
vt 0.812715 0.574477
vt 0.816587 0.574478
vt 0.820459 0.574477
vt 0.824331 0.574477
vt 0.828204 0.574477
vt 0.832076 0.589540
vt 0.835948 0.589540
vt 0.839820 0.589540
vt 0.793354 0.589540
vt 0.797226 0.589540
vt 0.801098 0.589540
vt 0.804970 0.589540
vt 0.808843 0.589540
vt 0.812715 0.589540
vt 0.816587 0.589540
vt 0.820459 0.589540
vt 0.824331 0.589540
vt 0.828204 0.589540
vt 0.832076 0.604961
vt 0.835948 0.604961
vt 0.839820 0.604961
vt 0.793354 0.604961
vt 0.797226 0.604961
vt 0.801098 0.604961
vt 0.804970 0.604961
vt 0.808842 0.604961
vt 0.812715 0.604961
vt 0.816587 0.604961
vt 0.820459 0.604961
vt 0.824331 0.604961
vt 0.828204 0.604961
vt 0.832076 0.620809
vt 0.835948 0.620809
vt 0.839820 0.620809
vt 0.793354 0.620809
vt 0.797226 0.620809
vt 0.801098 0.620809
vt 0.804970 0.620809
vt 0.808842 0.620809
vt 0.812715 0.620809
vt 0.816587 0.620809
vt 0.820459 0.620809
vt 0.824331 0.620809
vt 0.828204 0.620809
vt 0.832076 0.637129
vt 0.835948 0.637129
vt 0.839820 0.637129
vt 0.793354 0.637129
vt 0.797226 0.637129
vt 0.801098 0.637129
vt 0.804970 0.637129
vt 0.808842 0.637129
vt 0.812715 0.637129
vt 0.816587 0.637129
vt 0.820459 0.637129
vt 0.824331 0.637129
vt 0.828204 0.637129
vt 0.832076 0.653943
vt 0.835948 0.653943
vt 0.839820 0.653943
vt 0.793354 0.653943
vt 0.797226 0.653943
vt 0.801098 0.653943
vt 0.804970 0.653943
vt 0.808842 0.653943
vt 0.812715 0.653943
vt 0.816587 0.653943
vt 0.820459 0.653943
vt 0.824331 0.653943
vt 0.828204 0.653943
vt 0.832076 0.671298
vt 0.835948 0.671298
vt 0.839820 0.671298
vt 0.793354 0.671298
vt 0.797226 0.671298
vt 0.801098 0.671298
vt 0.804970 0.671298
vt 0.808842 0.671298
vt 0.812715 0.671298
vt 0.816587 0.671298
vt 0.820459 0.671298
vt 0.824331 0.671298
vt 0.828204 0.671298
vt 0.832076 0.689396
vt 0.835948 0.689396
vt 0.839820 0.689396
vt 0.793354 0.689396
vt 0.797226 0.689396
vt 0.801098 0.689396
vt 0.804970 0.689396
vt 0.808842 0.689396
vt 0.812715 0.689396
vt 0.816587 0.689396
vt 0.820459 0.689396
vt 0.824331 0.689396
vt 0.828204 0.689396
vt 0.832076 0.708650
vt 0.835948 0.708650
vt 0.839820 0.708650
vt 0.793354 0.708650
vt 0.797226 0.708650
vt 0.801098 0.708650
vt 0.804970 0.708650
vt 0.808842 0.708650
vt 0.812715 0.708650
vt 0.816587 0.708650
vt 0.820459 0.708650
vt 0.824331 0.708650
vt 0.828204 0.708650
vt 0.832076 0.729693
vt 0.835948 0.729693
vt 0.839820 0.729693
vt 0.793354 0.729693
vt 0.797226 0.729693
vt 0.801098 0.729693
vt 0.804970 0.729693
vt 0.808842 0.729693
vt 0.812715 0.729693
vt 0.816587 0.729693
vt 0.820459 0.729693
vt 0.824331 0.729693
vt 0.828204 0.729693
vt 0.832076 0.753381
vt 0.835948 0.753381
vt 0.839820 0.753381
vt 0.793354 0.753381
vt 0.797226 0.753381
vt 0.801098 0.753381
vt 0.804970 0.753381
vt 0.808842 0.753381
vt 0.812715 0.753381
vt 0.816587 0.753381
vt 0.820459 0.753381
vt 0.824331 0.753381
vt 0.828203 0.753381
vt 0.832076 0.780800
vt 0.835948 0.780800
vt 0.839820 0.780800
vt 0.793354 0.780800
vt 0.797226 0.780800
vt 0.801098 0.780800
vt 0.804970 0.780800
vt 0.808842 0.780800
vt 0.812715 0.780800
vt 0.816587 0.780800
vt 0.820459 0.780800
vt 0.824331 0.780800
vt 0.828204 0.780800
vt 0.832076 0.813255
vt 0.835948 0.813255
vt 0.793354 0.813255
vt 0.839820 0.813255
vt 0.797226 0.813255
vt 0.801098 0.813255
vt 0.804970 0.813255
vt 0.808842 0.813255
vt 0.812715 0.813255
vt 0.816587 0.813255
vt 0.820459 0.813255
vt 0.824331 0.813255
vt 0.828204 0.813255
vt 0.891780 0.064265
vt 0.895653 0.064265
vt 0.899526 0.064265
vt 0.853049 0.064265
vt 0.856922 0.064265
vt 0.860795 0.064265
vt 0.864668 0.064265
vt 0.868541 0.064265
vt 0.872414 0.064265
vt 0.876288 0.064265
vt 0.880161 0.064265
vt 0.884034 0.064265
vt 0.887907 0.064265
vt 0.891780 0.115397
vt 0.895653 0.115397
vt 0.899527 0.115397
vt 0.853049 0.115397
vt 0.856922 0.115397
vt 0.860795 0.115397
vt 0.864668 0.115397
vt 0.868541 0.115397
vt 0.872414 0.115397
vt 0.876287 0.115397
vt 0.880161 0.115397
vt 0.884034 0.115397
vt 0.887907 0.115397
vt 0.891780 0.161141
vt 0.895653 0.161141
vt 0.899527 0.161141
vt 0.853049 0.161141
vt 0.856922 0.161140
vt 0.860795 0.161141
vt 0.864668 0.161141
vt 0.868541 0.161141
vt 0.872414 0.161141
vt 0.876287 0.161141
vt 0.880161 0.161141
vt 0.884034 0.161141
vt 0.887907 0.161141
vt 0.891780 0.202790
vt 0.895653 0.202790
vt 0.899527 0.202790
vt 0.853049 0.202790
vt 0.856922 0.202790
vt 0.860795 0.202790
vt 0.864668 0.202790
vt 0.868541 0.202790
vt 0.872414 0.202790
vt 0.876287 0.202790
vt 0.880161 0.202790
vt 0.884034 0.202790
vt 0.887906 0.202790
vt 0.891780 0.241040
vt 0.895653 0.241040
vt 0.899527 0.241041
vt 0.853049 0.241040
vt 0.856922 0.241040
vt 0.860795 0.241040
vt 0.864668 0.241040
vt 0.868541 0.241040
vt 0.872414 0.241040
vt 0.876287 0.241040
vt 0.880161 0.241040
vt 0.884034 0.241040
vt 0.887906 0.241040
vt 0.891780 0.276206
vt 0.895653 0.276206
vt 0.899527 0.276206
vt 0.853049 0.276206
vt 0.856922 0.276206
vt 0.860795 0.276206
vt 0.864668 0.276206
vt 0.868541 0.276206
vt 0.872414 0.276206
vt 0.876287 0.276206
vt 0.880161 0.276206
vt 0.884034 0.276206
vt 0.887906 0.276206
vt 0.891780 0.308417
vt 0.895653 0.308417
vt 0.899527 0.308417
vt 0.853049 0.308417
vt 0.856922 0.308417
vt 0.860795 0.308417
vt 0.864668 0.308417
vt 0.868541 0.308417
vt 0.872414 0.308417
vt 0.876287 0.308417
vt 0.880161 0.308417
vt 0.884034 0.308417
vt 0.887906 0.308417
vt 0.891780 0.337784
vt 0.895653 0.337784
vt 0.899527 0.337783
vt 0.853049 0.337783
vt 0.856922 0.337784
vt 0.860795 0.337784
vt 0.864668 0.337784
vt 0.868541 0.337784
vt 0.872414 0.337784
vt 0.876287 0.337784
vt 0.880161 0.337784
vt 0.884034 0.337784
vt 0.887906 0.337784
vt 0.891780 0.364484
vt 0.895653 0.364484
vt 0.899527 0.364484
vt 0.853048 0.364484
vt 0.856922 0.364484
vt 0.860795 0.364484
vt 0.864668 0.364484
vt 0.868541 0.364484
vt 0.872414 0.364484
vt 0.876287 0.364484
vt 0.880161 0.364484
vt 0.884033 0.364484
vt 0.887906 0.364484
vt 0.891780 0.388800
vt 0.895653 0.388800
vt 0.899527 0.388800
vt 0.853048 0.388800
vt 0.856922 0.388800
vt 0.860795 0.388800
vt 0.864668 0.388800
vt 0.868541 0.388800
vt 0.872414 0.388800
vt 0.876287 0.388800
vt 0.880161 0.388800
vt 0.884033 0.388800
vt 0.887906 0.388800
vt 0.891780 0.411029
vt 0.895653 0.411029
vt 0.899527 0.411029
vt 0.853048 0.411029
vt 0.856922 0.411029
vt 0.860795 0.411029
vt 0.864668 0.411029
vt 0.868541 0.411029
vt 0.872414 0.411029
vt 0.876287 0.411029
vt 0.880161 0.411029
vt 0.884033 0.411029
vt 0.887906 0.411029
vt 0.891780 0.431454
vt 0.895653 0.431454
vt 0.899527 0.431454
vt 0.853048 0.431454
vt 0.856922 0.431454
vt 0.860795 0.431454
vt 0.864668 0.431454
vt 0.868541 0.431454
vt 0.872414 0.431454
vt 0.876287 0.431454
vt 0.880161 0.431454
vt 0.884033 0.431454
vt 0.887906 0.431454
vt 0.891780 0.450343
vt 0.895653 0.450343
vt 0.899527 0.450343
vt 0.853048 0.450343
vt 0.856922 0.450343
vt 0.860795 0.450343
vt 0.864668 0.450343
vt 0.868541 0.450343
vt 0.872414 0.450343
vt 0.876287 0.450343
vt 0.880161 0.450343
vt 0.884033 0.450343
vt 0.887906 0.450343
vt 0.891780 0.467952
vt 0.895653 0.467952
vt 0.899527 0.467952
vt 0.853048 0.467952
vt 0.856922 0.467952
vt 0.860795 0.467952
vt 0.864668 0.467952
vt 0.868541 0.467952
vt 0.872414 0.467952
vt 0.876287 0.467952
vt 0.880161 0.467952
vt 0.884033 0.467952
vt 0.887906 0.467952
vt 0.891780 0.484523
vt 0.895653 0.484523
vt 0.899527 0.484523
vt 0.853048 0.484523
vt 0.856922 0.484523
vt 0.860795 0.484523
vt 0.864668 0.484523
vt 0.868541 0.484523
vt 0.872414 0.484523
vt 0.876287 0.484523
vt 0.880161 0.484523
vt 0.884033 0.484523
vt 0.887906 0.484523
vt 0.891780 0.500289
vt 0.895653 0.500289
vt 0.899526 0.500289
vt 0.853048 0.500289
vt 0.856922 0.500289
vt 0.860795 0.500289
vt 0.864668 0.500289
vt 0.868541 0.500289
vt 0.872414 0.500289
vt 0.876287 0.500289
vt 0.880160 0.500289
vt 0.884033 0.500289
vt 0.887906 0.500289
vt 0.891779 0.515474
vt 0.895653 0.515474
vt 0.899526 0.515474
vt 0.853048 0.515474
vt 0.856922 0.515474
vt 0.860794 0.515474
vt 0.864668 0.515474
vt 0.868541 0.515474
vt 0.872414 0.515474
vt 0.876287 0.515474
vt 0.880160 0.515474
vt 0.884033 0.515474
vt 0.887906 0.515474
vt 0.891779 0.530291
vt 0.895653 0.530291
vt 0.899526 0.530291
vt 0.853048 0.530291
vt 0.856922 0.530291
vt 0.860794 0.530291
vt 0.864668 0.530291
vt 0.868541 0.530291
vt 0.872414 0.530291
vt 0.876287 0.530291
vt 0.880160 0.530291
vt 0.884033 0.530291
vt 0.887906 0.530291
vt 0.891779 0.544940
vt 0.895653 0.544940
vt 0.899526 0.544940
vt 0.853048 0.544940
vt 0.856922 0.544940
vt 0.860794 0.544940
vt 0.864668 0.544940
vt 0.868541 0.544940
vt 0.872414 0.544940
vt 0.876287 0.544940
vt 0.880160 0.544940
vt 0.884033 0.544940
vt 0.887906 0.544940
vt 0.891779 0.559588
vt 0.895653 0.559588
vt 0.899526 0.559588
vt 0.853048 0.559588
vt 0.856922 0.559588
vt 0.860794 0.559588
vt 0.864668 0.559588
vt 0.868541 0.559588
vt 0.872414 0.559588
vt 0.876287 0.559588
vt 0.880160 0.559588
vt 0.884033 0.559588
vt 0.887906 0.559588
vt 0.891779 0.574383
vt 0.895653 0.574383
vt 0.899526 0.574383
vt 0.853048 0.574383
vt 0.856922 0.574383
vt 0.860794 0.574383
vt 0.864668 0.574383
vt 0.868541 0.574383
vt 0.872414 0.574383
vt 0.876287 0.574383
vt 0.880160 0.574383
vt 0.884033 0.574383
vt 0.887906 0.574383
vt 0.891779 0.589442
vt 0.895653 0.589442
vt 0.899526 0.589442
vt 0.853048 0.589442
vt 0.856922 0.589442
vt 0.860794 0.589442
vt 0.864668 0.589442
vt 0.868541 0.589442
vt 0.872414 0.589442
vt 0.876287 0.589442
vt 0.880161 0.589442
vt 0.884033 0.589442
vt 0.887906 0.589442
vt 0.891779 0.604860
vt 0.895653 0.604860
vt 0.899526 0.604859
vt 0.853048 0.604859
vt 0.856922 0.604860
vt 0.860794 0.604860
vt 0.864668 0.604860
vt 0.868541 0.604860
vt 0.872414 0.604860
vt 0.876287 0.604860
vt 0.880160 0.604860
vt 0.884033 0.604860
vt 0.887906 0.604860
vt 0.891779 0.620703
vt 0.895653 0.620703
vt 0.899526 0.620703
vt 0.853048 0.620703
vt 0.856922 0.620703
vt 0.860794 0.620703
vt 0.864668 0.620703
vt 0.868541 0.620703
vt 0.872414 0.620703
vt 0.876287 0.620703
vt 0.880160 0.620703
vt 0.884033 0.620703
vt 0.887906 0.620703
vt 0.891779 0.637020
vt 0.895653 0.637020
vt 0.899526 0.637020
vt 0.853048 0.637020
vt 0.856922 0.637020
vt 0.860794 0.637020
vt 0.864668 0.637020
vt 0.868541 0.637020
vt 0.872414 0.637020
vt 0.876287 0.637020
vt 0.880160 0.637020
vt 0.884033 0.637020
vt 0.887906 0.637020
vt 0.891779 0.653830
vt 0.895653 0.653830
vt 0.899526 0.653831
vt 0.853048 0.653831
vt 0.856922 0.653830
vt 0.860794 0.653830
vt 0.864668 0.653830
vt 0.868541 0.653830
vt 0.872414 0.653830
vt 0.876287 0.653830
vt 0.880160 0.653830
vt 0.884033 0.653830
vt 0.887906 0.653830
vt 0.891779 0.671181
vt 0.895653 0.671181
vt 0.899526 0.671181
vt 0.853048 0.671181
vt 0.856922 0.671181
vt 0.860794 0.671181
vt 0.864668 0.671181
vt 0.868541 0.671181
vt 0.872414 0.671181
vt 0.876287 0.671181
vt 0.880160 0.671181
vt 0.884033 0.671181
vt 0.887906 0.671181
vt 0.891779 0.689275
vt 0.895653 0.689275
vt 0.899526 0.689275
vt 0.853048 0.689275
vt 0.856922 0.689275
vt 0.860794 0.689275
vt 0.864668 0.689275
vt 0.868541 0.689275
vt 0.872414 0.689275
vt 0.876287 0.689275
vt 0.880160 0.689275
vt 0.884033 0.689275
vt 0.887906 0.689275
vt 0.891779 0.708525
vt 0.895653 0.708525
vt 0.899526 0.708525
vt 0.853048 0.708525
vt 0.856922 0.708525
vt 0.860794 0.708525
vt 0.864668 0.708525
vt 0.868541 0.708525
vt 0.872414 0.708525
vt 0.876287 0.708525
vt 0.880160 0.708525
vt 0.884033 0.708525
vt 0.887906 0.708525
vt 0.891779 0.729562
vt 0.895653 0.729562
vt 0.899526 0.729562
vt 0.853048 0.729562
vt 0.856921 0.729562
vt 0.860794 0.729562
vt 0.864667 0.729562
vt 0.868541 0.729562
vt 0.872414 0.729562
vt 0.876287 0.729562
vt 0.880160 0.729562
vt 0.884033 0.729562
vt 0.887906 0.729562
vt 0.891779 0.753245
vt 0.895652 0.753245
vt 0.899526 0.753245
vt 0.853048 0.753245
vt 0.856921 0.753245
vt 0.860794 0.753245
vt 0.864668 0.753245
vt 0.868541 0.753245
vt 0.872414 0.753245
vt 0.876287 0.753245
vt 0.880160 0.753245
vt 0.884033 0.753245
vt 0.887906 0.753245
vt 0.891779 0.780657
vt 0.895653 0.780657
vt 0.899526 0.780657
vt 0.853048 0.780657
vt 0.856922 0.780657
vt 0.860794 0.780657
vt 0.864668 0.780657
vt 0.868541 0.780657
vt 0.872414 0.780657
vt 0.876287 0.780657
vt 0.880160 0.780657
vt 0.884033 0.780657
vt 0.887906 0.780657
vt 0.891779 0.813105
vt 0.895653 0.813105
vt 0.853048 0.813104
vt 0.899526 0.813104
vt 0.856922 0.813105
vt 0.860794 0.813105
vt 0.864668 0.813105
vt 0.868541 0.813105
vt 0.872414 0.813105
vt 0.876287 0.813105
vt 0.880160 0.813105
vt 0.884033 0.813105
vt 0.887906 0.813105
vt 0.848034 0.907232
vt 0.977372 0.525558
vt 0.851117 0.907232
vt 0.848034 0.911105
vt 0.974478 0.527070
vt 0.851117 0.911105
vt 0.848034 0.914978
vt 0.848034 0.868499
vt 0.972703 0.529811
vt 0.851117 0.914978
vt 0.972527 0.530465
vt 0.851117 0.868499
vt 0.848034 0.872373
vt 0.972680 0.533727
vt 0.851117 0.872373
vt 0.848034 0.876246
vt 0.974418 0.536491
vt 0.851117 0.876246
vt 0.978710 0.531785
vt 0.848034 0.880119
vt 0.977291 0.538042
vt 0.851117 0.880119
vt 0.848034 0.883992
vt 0.980556 0.537978
vt 0.851117 0.883993
vt 0.848034 0.887865
vt 0.983365 0.536314
vt 0.851117 0.887866
vt 0.848034 0.891739
vt 0.984992 0.533483
vt 0.851117 0.891739
vt 0.848034 0.895612
vt 0.985013 0.530218
vt 0.851117 0.895612
vt 0.848034 0.899485
vt 0.983424 0.527365
vt 0.851117 0.899486
vt 0.848034 0.903358
vt 0.980636 0.525666
vt 0.851117 0.903359
vt 0.920437 0.848508
vt 0.979653 0.564386
vt 0.920437 0.851593
vt 0.916566 0.848508
vt 0.982549 0.562877
vt 0.916566 0.851593
vt 0.912695 0.848508
vt 0.959149 0.848508
vt 0.984327 0.560138
vt 0.912695 0.851593
vt 0.984505 0.559485
vt 0.959149 0.851593
vt 0.955277 0.848508
vt 0.984355 0.556223
vt 0.955277 0.851593
vt 0.951406 0.848508
vt 0.982620 0.553457
vt 0.951406 0.851593
vt 0.978323 0.558158
vt 0.947535 0.848508
vt 0.979748 0.551903
vt 0.947535 0.851593
vt 0.943664 0.848508
vt 0.976483 0.551963
vt 0.943664 0.851593
vt 0.939793 0.848508
vt 0.973672 0.553624
vt 0.939793 0.851593
vt 0.935922 0.848508
vt 0.972042 0.556453
vt 0.935922 0.851593
vt 0.932051 0.848508
vt 0.972018 0.559718
vt 0.932051 0.851593
vt 0.928179 0.848508
vt 0.973604 0.562572
vt 0.928179 0.851593
vt 0.924308 0.848508
vt 0.976390 0.564276
vt 0.924308 0.851593
vt 0.832076 0.009659
vt 0.986709 0.510088
vt 0.832077 0.006575
vt 0.835948 0.009659
vt 0.988453 0.507328
vt 0.835948 0.006575
vt 0.839821 0.009659
vt 0.793354 0.009659
vt 0.988613 0.504066
vt 0.839821 0.006575
vt 0.988438 0.503412
vt 0.793354 0.006575
vt 0.797226 0.009659
vt 0.986669 0.500668
vt 0.797226 0.006575
vt 0.801099 0.009659
vt 0.983778 0.499149
vt 0.801099 0.006575
vt 0.982427 0.505373
vt 0.804971 0.009659
vt 0.980514 0.499249
vt 0.804971 0.006575
vt 0.808843 0.009659
vt 0.977723 0.500943
vt 0.808843 0.006575
vt 0.812715 0.009659
vt 0.976127 0.503792
vt 0.812715 0.006575
vt 0.816587 0.009659
vt 0.976141 0.507057
vt 0.816587 0.006575
vt 0.820460 0.009659
vt 0.977761 0.509892
vt 0.820460 0.006575
vt 0.824332 0.009659
vt 0.980568 0.511562
vt 0.824332 0.006575
vt 0.828204 0.009659
vt 0.983832 0.511633
vt 0.828204 0.006575
vt 0.891780 0.009696
vt 0.524623 0.582020
vt 0.891780 0.006613
vt 0.895653 0.009696
vt 0.527520 0.580514
vt 0.895653 0.006613
vt 0.899526 0.009696
vt 0.853049 0.009696
vt 0.529302 0.577777
vt 0.899526 0.006613
vt 0.529479 0.577124
vt 0.853049 0.006613
vt 0.856922 0.009696
vt 0.529334 0.573862
vt 0.856922 0.006613
vt 0.860795 0.009696
vt 0.527602 0.571094
vt 0.860795 0.006613
vt 0.523299 0.575790
vt 0.864668 0.009696
vt 0.524732 0.569537
vt 0.864668 0.006613
vt 0.868541 0.009696
vt 0.521467 0.569594
vt 0.868541 0.006613
vt 0.872414 0.009696
vt 0.518653 0.571251
vt 0.872415 0.006613
vt 0.876288 0.009696
vt 0.517021 0.574079
vt 0.876288 0.006613
vt 0.880161 0.009696
vt 0.516992 0.577344
vt 0.880161 0.006613
vt 0.884034 0.009696
vt 0.518576 0.580200
vt 0.884034 0.006613
vt 0.887907 0.009696
vt 0.521360 0.581906
vt 0.887907 0.006613
vt 0.009700 0.907232
vt 0.006580 0.907232
vt 0.578728 0.569521
vt 0.009700 0.911104
vt 0.006580 0.911105
vt 0.581610 0.571038
vt 0.009700 0.914978
vt 0.009700 0.868499
vt 0.006580 0.914978
vt 0.583372 0.573778
vt 0.006580 0.868499
vt 0.583553 0.574460
vt 0.009700 0.872372
vt 0.006580 0.872372
vt 0.583380 0.577713
vt 0.009700 0.876246
vt 0.006580 0.876245
vt 0.581629 0.580460
vt 0.009700 0.880119
vt 0.006580 0.880119
vt 0.578753 0.581989
vt 0.577300 0.575753
vt 0.009700 0.883992
vt 0.006580 0.883992
vt 0.575497 0.581906
vt 0.009700 0.887865
vt 0.006580 0.887865
vt 0.572703 0.580231
vt 0.009700 0.891738
vt 0.006580 0.891738
vt 0.571095 0.577399
vt 0.009700 0.895612
vt 0.006580 0.895612
vt 0.571088 0.574142
vt 0.009700 0.899485
vt 0.006580 0.899485
vt 0.572685 0.571303
vt 0.009700 0.903358
vt 0.006580 0.903358
vt 0.575472 0.569617
vt 0.920438 0.009717
vt 0.920438 0.006596
vt 0.496962 0.590747
vt 0.916567 0.009717
vt 0.916566 0.006596
vt 0.494081 0.589228
vt 0.912695 0.009717
vt 0.959149 0.009717
vt 0.912695 0.006596
vt 0.492319 0.586488
vt 0.959149 0.006596
vt 0.492138 0.585805
vt 0.955278 0.009717
vt 0.955278 0.006596
vt 0.492313 0.582553
vt 0.951406 0.009717
vt 0.951407 0.006596
vt 0.494065 0.579807
vt 0.947535 0.009717
vt 0.947536 0.006596
vt 0.496942 0.578279
vt 0.498392 0.584515
vt 0.943664 0.009717
vt 0.943664 0.006596
vt 0.500198 0.578363
vt 0.939793 0.009717
vt 0.939793 0.006596
vt 0.502991 0.580039
vt 0.935922 0.009717
vt 0.935922 0.006596
vt 0.504598 0.582871
vt 0.932051 0.009717
vt 0.932051 0.006596
vt 0.504604 0.586129
vt 0.928180 0.009717
vt 0.928180 0.006596
vt 0.503005 0.588967
vt 0.924309 0.009717
vt 0.924309 0.006596
vt 0.500218 0.590652
vt 0.832076 0.848214
vt 0.832076 0.851334
vt 0.538043 0.587101
vt 0.835948 0.848214
vt 0.835948 0.851334
vt 0.540921 0.588628
vt 0.839820 0.848213
vt 0.793354 0.848213
vt 0.839820 0.851334
vt 0.542675 0.591372
vt 0.793354 0.851334
vt 0.542854 0.592056
vt 0.797226 0.848214
vt 0.797226 0.851334
vt 0.542670 0.595308
vt 0.801098 0.848214
vt 0.801098 0.851334
vt 0.540911 0.598049
vt 0.804970 0.848214
vt 0.804970 0.851334
vt 0.538030 0.599569
vt 0.536597 0.593329
vt 0.808842 0.848214
vt 0.808842 0.851334
vt 0.534774 0.599477
vt 0.812715 0.848214
vt 0.812715 0.851334
vt 0.531986 0.597793
vt 0.816587 0.848213
vt 0.816587 0.851334
vt 0.530386 0.594956
vt 0.820459 0.848214
vt 0.820459 0.851334
vt 0.530390 0.591699
vt 0.824331 0.848214
vt 0.824331 0.851334
vt 0.531995 0.588865
vt 0.828204 0.848214
vt 0.828204 0.851334
vt 0.534788 0.587187
vt 0.891779 0.848054
vt 0.891779 0.851174
vt 0.977389 0.590777
vt 0.895653 0.848054
vt 0.895653 0.851174
vt 0.974507 0.589258
vt 0.899526 0.848054
vt 0.853048 0.848054
vt 0.899526 0.851174
vt 0.972745 0.586519
vt 0.853048 0.851174
vt 0.972564 0.585836
vt 0.856922 0.848054
vt 0.856921 0.851173
vt 0.972739 0.582583
vt 0.860794 0.848054
vt 0.860794 0.851173
vt 0.974491 0.579837
vt 0.864668 0.848054
vt 0.864668 0.851173
vt 0.977367 0.578309
vt 0.978818 0.584545
vt 0.868541 0.848054
vt 0.868541 0.851173
vt 0.980623 0.578393
vt 0.872414 0.848054
vt 0.872414 0.851173
vt 0.983416 0.580068
vt 0.876287 0.848054
vt 0.876287 0.851174
vt 0.985024 0.582900
vt 0.880160 0.848054
vt 0.880160 0.851173
vt 0.985030 0.586158
vt 0.884033 0.848054
vt 0.884033 0.851173
vt 0.983432 0.588996
vt 0.887906 0.848054
vt 0.887906 0.851174
vt 0.980644 0.590681
vt 0.440872 0.782071
vt 0.440872 0.786004
vt 0.440872 0.789287
vt 0.440872 0.792569
vt 0.440872 0.796501
vt 0.440872 0.800992
vt 0.440872 0.754171
vt 0.440872 0.758661
vt 0.440872 0.762594
vt 0.440872 0.765877
vt 0.440872 0.769159
vt 0.440872 0.773091
vt 0.440872 0.777582
vt 0.424187 0.782071
vt 0.424187 0.786004
vt 0.424187 0.789286
vt 0.424187 0.792569
vt 0.424187 0.796501
vt 0.424187 0.800991
vt 0.424187 0.754171
vt 0.424187 0.758661
vt 0.424187 0.762594
vt 0.424187 0.765877
vt 0.424187 0.769159
vt 0.424187 0.773091
vt 0.424187 0.777582
vt 0.407889 0.782071
vt 0.407889 0.786004
vt 0.407889 0.789286
vt 0.407889 0.792569
vt 0.407889 0.796501
vt 0.407889 0.800991
vt 0.407889 0.754171
vt 0.407889 0.758661
vt 0.407889 0.762594
vt 0.407889 0.765877
vt 0.407889 0.769159
vt 0.407889 0.773091
vt 0.407889 0.777582
vt 0.391859 0.782071
vt 0.391859 0.786004
vt 0.391859 0.789286
vt 0.391859 0.792569
vt 0.391859 0.796501
vt 0.391859 0.800991
vt 0.391859 0.754171
vt 0.391859 0.758661
vt 0.391859 0.762594
vt 0.391859 0.765877
vt 0.391859 0.769159
vt 0.391859 0.773091
vt 0.391859 0.777582
vt 0.376004 0.782071
vt 0.376004 0.786004
vt 0.376004 0.789286
vt 0.376004 0.792569
vt 0.376004 0.796501
vt 0.376004 0.800991
vt 0.376004 0.754171
vt 0.376004 0.758661
vt 0.376004 0.762594
vt 0.376004 0.765877
vt 0.376004 0.769159
vt 0.376004 0.773091
vt 0.376004 0.777582
vt 0.360254 0.782071
vt 0.360254 0.786004
vt 0.360254 0.789286
vt 0.360254 0.792569
vt 0.360254 0.796501
vt 0.360254 0.800991
vt 0.360254 0.754171
vt 0.360254 0.758661
vt 0.360254 0.762594
vt 0.360254 0.765877
vt 0.360254 0.769159
vt 0.360254 0.773091
vt 0.360254 0.777582
vt 0.344552 0.782071
vt 0.344552 0.786004
vt 0.344552 0.789286
vt 0.344552 0.792569
vt 0.344552 0.796501
vt 0.344552 0.800991
vt 0.344552 0.754171
vt 0.344552 0.758661
vt 0.344552 0.762594
vt 0.344552 0.765877
vt 0.344552 0.769159
vt 0.344552 0.773091
vt 0.344552 0.777582
vt 0.328851 0.782071
vt 0.328851 0.786004
vt 0.328851 0.789286
vt 0.328851 0.792569
vt 0.328851 0.796501
vt 0.328851 0.800991
vt 0.328851 0.754171
vt 0.328851 0.758661
vt 0.328851 0.762594
vt 0.328851 0.765877
vt 0.328851 0.769159
vt 0.328851 0.773091
vt 0.328851 0.777582
vt 0.313101 0.782071
vt 0.313101 0.786004
vt 0.313101 0.789286
vt 0.313101 0.792569
vt 0.313101 0.796501
vt 0.313101 0.800991
vt 0.313101 0.754171
vt 0.313101 0.758661
vt 0.313101 0.762594
vt 0.313101 0.765877
vt 0.313101 0.769159
vt 0.313101 0.773091
vt 0.313101 0.777582
vt 0.297246 0.782071
vt 0.297246 0.786004
vt 0.297246 0.789286
vt 0.297246 0.792569
vt 0.297246 0.796501
vt 0.297246 0.800991
vt 0.297246 0.754171
vt 0.297246 0.758661
vt 0.297246 0.762594
vt 0.297246 0.765877
vt 0.297246 0.769159
vt 0.297246 0.773091
vt 0.297246 0.777582
vt 0.281216 0.782071
vt 0.281216 0.786004
vt 0.281216 0.789286
vt 0.281216 0.792569
vt 0.281216 0.796501
vt 0.281216 0.800991
vt 0.281216 0.754171
vt 0.281216 0.758661
vt 0.281216 0.762594
vt 0.281216 0.765877
vt 0.281216 0.769159
vt 0.281216 0.773091
vt 0.281216 0.777582
vt 0.264918 0.782071
vt 0.264918 0.786004
vt 0.264918 0.789286
vt 0.264918 0.792569
vt 0.264918 0.796501
vt 0.264918 0.800991
vt 0.264918 0.754171
vt 0.264918 0.758661
vt 0.264918 0.762594
vt 0.264918 0.765877
vt 0.264918 0.769159
vt 0.264918 0.773091
vt 0.264918 0.777582
vt 0.248233 0.782071
vt 0.248233 0.786004
vt 0.248233 0.789286
vt 0.248233 0.792569
vt 0.248233 0.796501
vt 0.248233 0.800991
vt 0.248233 0.754171
vt 0.248233 0.758661
vt 0.248233 0.762594
vt 0.248233 0.765877
vt 0.248233 0.769159
vt 0.248233 0.773091
vt 0.248233 0.777582
vt 0.231548 0.782071
vt 0.231548 0.786004
vt 0.231548 0.789286
vt 0.231548 0.792569
vt 0.231548 0.796501
vt 0.231548 0.800991
vt 0.231548 0.754171
vt 0.231548 0.758661
vt 0.231548 0.762594
vt 0.231548 0.765877
vt 0.231548 0.769159
vt 0.231548 0.773091
vt 0.231548 0.777582
vt 0.215250 0.782071
vt 0.215250 0.786004
vt 0.215250 0.789286
vt 0.215250 0.792569
vt 0.215250 0.796501
vt 0.215250 0.800991
vt 0.215250 0.754171
vt 0.215250 0.758661
vt 0.215250 0.762594
vt 0.215250 0.765877
vt 0.215250 0.769159
vt 0.215250 0.773091
vt 0.215250 0.777582
vt 0.199220 0.782071
vt 0.199220 0.786004
vt 0.199220 0.789286
vt 0.199220 0.792569
vt 0.199220 0.796501
vt 0.199220 0.800991
vt 0.199220 0.754171
vt 0.199220 0.758661
vt 0.199220 0.762594
vt 0.199220 0.765877
vt 0.199220 0.769159
vt 0.199220 0.773091
vt 0.199220 0.777582
vt 0.183365 0.782071
vt 0.183365 0.786004
vt 0.183365 0.789286
vt 0.183365 0.792569
vt 0.183365 0.796501
vt 0.183365 0.800991
vt 0.183365 0.754171
vt 0.183365 0.758661
vt 0.183365 0.762594
vt 0.183365 0.765877
vt 0.183365 0.769159
vt 0.183365 0.773091
vt 0.183365 0.777582
vt 0.167615 0.782071
vt 0.167615 0.786004
vt 0.167615 0.789286
vt 0.167615 0.792569
vt 0.167615 0.796501
vt 0.167615 0.800991
vt 0.167615 0.754171
vt 0.167615 0.758661
vt 0.167615 0.762594
vt 0.167615 0.765877
vt 0.167615 0.769159
vt 0.167615 0.773091
vt 0.167615 0.777582
vt 0.151914 0.782071
vt 0.151914 0.786004
vt 0.151914 0.789286
vt 0.151914 0.792569
vt 0.151914 0.796501
vt 0.151914 0.800991
vt 0.151914 0.754171
vt 0.151914 0.758661
vt 0.151914 0.762594
vt 0.151914 0.765877
vt 0.151914 0.769159
vt 0.151914 0.773091
vt 0.151914 0.777582
vt 0.136212 0.782071
vt 0.136212 0.786004
vt 0.136212 0.789286
vt 0.136212 0.792569
vt 0.136212 0.796501
vt 0.136212 0.800991
vt 0.136212 0.754171
vt 0.136212 0.758661
vt 0.136212 0.762594
vt 0.136212 0.765876
vt 0.136212 0.769159
vt 0.136212 0.773091
vt 0.136212 0.777582
vt 0.120462 0.782071
vt 0.120462 0.786004
vt 0.120462 0.789286
vt 0.120462 0.792569
vt 0.120462 0.796501
vt 0.120462 0.800991
vt 0.120462 0.754171
vt 0.120462 0.758661
vt 0.120462 0.762594
vt 0.120462 0.765876
vt 0.120462 0.769159
vt 0.120462 0.773091
vt 0.120462 0.777582
vt 0.104607 0.782071
vt 0.104607 0.786004
vt 0.104607 0.789286
vt 0.104607 0.792569
vt 0.104607 0.796501
vt 0.104607 0.800991
vt 0.104607 0.754171
vt 0.104607 0.758661
vt 0.104607 0.762594
vt 0.104607 0.765876
vt 0.104607 0.769159
vt 0.104607 0.773091
vt 0.104607 0.777582
vt 0.088577 0.782071
vt 0.088577 0.786004
vt 0.088577 0.789286
vt 0.088577 0.792569
vt 0.088577 0.796501
vt 0.088577 0.800991
vt 0.088577 0.754171
vt 0.088577 0.758661
vt 0.088577 0.762594
vt 0.088577 0.765876
vt 0.088577 0.769159
vt 0.088577 0.773091
vt 0.088577 0.777581
vt 0.072279 0.782071
vt 0.072279 0.786004
vt 0.072279 0.789286
vt 0.072279 0.792569
vt 0.072279 0.796501
vt 0.072279 0.800991
vt 0.072279 0.754171
vt 0.072279 0.758661
vt 0.072279 0.762594
vt 0.072279 0.765876
vt 0.072279 0.769159
vt 0.072279 0.773091
vt 0.072279 0.777581
vt 0.055594 0.782071
vt 0.055594 0.786004
vt 0.055594 0.789286
vt 0.055594 0.792569
vt 0.055594 0.796501
vt 0.055594 0.800991
vt 0.055594 0.754171
vt 0.055594 0.758661
vt 0.055594 0.762594
vt 0.055594 0.765876
vt 0.055594 0.769159
vt 0.055594 0.773091
vt 0.055594 0.777581
vt 0.038909 0.782071
vt 0.038909 0.786004
vt 0.038909 0.789286
vt 0.038909 0.792569
vt 0.038909 0.796501
vt 0.038909 0.800991
vt 0.038909 0.754171
vt 0.038909 0.758661
vt 0.038909 0.762594
vt 0.038909 0.765876
vt 0.038909 0.769159
vt 0.038909 0.773091
vt 0.038909 0.777581
vt 0.022611 0.782071
vt 0.022611 0.786004
vt 0.022611 0.789286
vt 0.022611 0.792569
vt 0.022611 0.796501
vt 0.022611 0.800991
vt 0.022611 0.754171
vt 0.022611 0.758661
vt 0.022611 0.762594
vt 0.022611 0.765876
vt 0.022611 0.769159
vt 0.022611 0.773091
vt 0.022611 0.777581
vt 0.006581 0.782071
vt 0.777137 0.782071
vt 0.006581 0.786004
vt 0.777137 0.786004
vt 0.006581 0.789286
vt 0.777137 0.789287
vt 0.006581 0.792568
vt 0.777137 0.792569
vt 0.006581 0.796501
vt 0.777137 0.796502
vt 0.006581 0.800991
vt 0.006581 0.754171
vt 0.777137 0.800992
vt 0.777137 0.754171
vt 0.006581 0.758661
vt 0.777137 0.758662
vt 0.006581 0.762594
vt 0.777137 0.762594
vt 0.006581 0.765876
vt 0.777137 0.765877
vt 0.006581 0.769158
vt 0.777137 0.769159
vt 0.006581 0.773091
vt 0.777137 0.773092
vt 0.006581 0.777581
vt 0.777137 0.777582
vt 0.761282 0.782072
vt 0.761282 0.786004
vt 0.761282 0.789286
vt 0.761282 0.792569
vt 0.761282 0.796502
vt 0.761282 0.800992
vt 0.761282 0.754171
vt 0.761282 0.758662
vt 0.761282 0.762594
vt 0.761282 0.765877
vt 0.761282 0.769159
vt 0.761282 0.773092
vt 0.761282 0.777582
vt 0.745532 0.782072
vt 0.745532 0.786004
vt 0.745532 0.789286
vt 0.745532 0.792569
vt 0.745532 0.796502
vt 0.745532 0.800992
vt 0.745532 0.754171
vt 0.745532 0.758662
vt 0.745532 0.762594
vt 0.745532 0.765877
vt 0.745532 0.769159
vt 0.745532 0.773092
vt 0.745532 0.777582
vt 0.729831 0.782071
vt 0.729831 0.786004
vt 0.729831 0.789286
vt 0.729831 0.792569
vt 0.729831 0.796502
vt 0.729831 0.800992
vt 0.729831 0.754171
vt 0.729831 0.758662
vt 0.729831 0.762594
vt 0.729831 0.765877
vt 0.729831 0.769159
vt 0.729831 0.773092
vt 0.729831 0.777582
vt 0.714129 0.782071
vt 0.714129 0.786004
vt 0.714129 0.789286
vt 0.714129 0.792569
vt 0.714129 0.796502
vt 0.714129 0.800992
vt 0.714129 0.754171
vt 0.714129 0.758662
vt 0.714129 0.762594
vt 0.714129 0.765877
vt 0.714129 0.769159
vt 0.714129 0.773092
vt 0.714129 0.777582
vt 0.698379 0.782071
vt 0.698379 0.786004
vt 0.698379 0.789286
vt 0.698379 0.792569
vt 0.698379 0.796502
vt 0.698379 0.800992
vt 0.698379 0.754171
vt 0.698379 0.758662
vt 0.698379 0.762594
vt 0.698379 0.765877
vt 0.698379 0.769159
vt 0.698379 0.773092
vt 0.698379 0.777582
vt 0.682525 0.782071
vt 0.682525 0.786004
vt 0.682525 0.789286
vt 0.682525 0.792569
vt 0.682525 0.796501
vt 0.682525 0.800992
vt 0.682525 0.754171
vt 0.682525 0.758661
vt 0.682525 0.762594
vt 0.682525 0.765877
vt 0.682525 0.769159
vt 0.682525 0.773092
vt 0.682525 0.777582
vt 0.666494 0.782071
vt 0.666494 0.786004
vt 0.666494 0.789286
vt 0.666494 0.792569
vt 0.666494 0.796501
vt 0.666495 0.800992
vt 0.666495 0.754171
vt 0.666494 0.758661
vt 0.666494 0.762594
vt 0.666494 0.765877
vt 0.666494 0.769159
vt 0.666494 0.773092
vt 0.666494 0.777582
vt 0.650196 0.782071
vt 0.650196 0.786004
vt 0.650196 0.789287
vt 0.650196 0.792569
vt 0.650196 0.796501
vt 0.650196 0.800992
vt 0.650196 0.754171
vt 0.650196 0.758661
vt 0.650196 0.762594
vt 0.650196 0.765877
vt 0.650196 0.769159
vt 0.650196 0.773092
vt 0.650196 0.777582
vt 0.633511 0.782071
vt 0.633511 0.786004
vt 0.633511 0.789287
vt 0.633511 0.792569
vt 0.633511 0.796501
vt 0.633511 0.800992
vt 0.633512 0.754171
vt 0.633512 0.758661
vt 0.633512 0.762594
vt 0.633512 0.765877
vt 0.633511 0.769159
vt 0.633511 0.773092
vt 0.633511 0.777582
vt 0.616826 0.782071
vt 0.616826 0.786004
vt 0.616826 0.789286
vt 0.616826 0.792569
vt 0.616826 0.796501
vt 0.616826 0.800992
vt 0.616826 0.754171
vt 0.616826 0.758661
vt 0.616826 0.762594
vt 0.616826 0.765877
vt 0.616826 0.769159
vt 0.616826 0.773092
vt 0.616826 0.777582
vt 0.600528 0.782071
vt 0.600528 0.786004
vt 0.600528 0.789286
vt 0.600528 0.792569
vt 0.600528 0.796501
vt 0.600528 0.800992
vt 0.600528 0.754171
vt 0.600528 0.758661
vt 0.600528 0.762594
vt 0.600528 0.765877
vt 0.600528 0.769159
vt 0.600528 0.773092
vt 0.600528 0.777582
vt 0.584498 0.782071
vt 0.584498 0.786004
vt 0.584498 0.789286
vt 0.584498 0.792569
vt 0.584498 0.796501
vt 0.584498 0.800992
vt 0.584498 0.754171
vt 0.584498 0.758661
vt 0.584498 0.762594
vt 0.584498 0.765877
vt 0.584498 0.769159
vt 0.584498 0.773092
vt 0.584498 0.777582
vt 0.568644 0.782071
vt 0.568644 0.786004
vt 0.568644 0.789286
vt 0.568644 0.792569
vt 0.568644 0.796501
vt 0.568644 0.800992
vt 0.568644 0.754171
vt 0.568644 0.758661
vt 0.568644 0.762594
vt 0.568644 0.765877
vt 0.568644 0.769159
vt 0.568644 0.773092
vt 0.568644 0.777582
vt 0.552893 0.782071
vt 0.552893 0.786004
vt 0.552893 0.789286
vt 0.552893 0.792569
vt 0.552893 0.796501
vt 0.552893 0.800992
vt 0.552894 0.754171
vt 0.552893 0.758661
vt 0.552893 0.762594
vt 0.552893 0.765877
vt 0.552893 0.769159
vt 0.552893 0.773092
vt 0.552893 0.777582
vt 0.537192 0.782071
vt 0.537192 0.786004
vt 0.537192 0.789286
vt 0.537192 0.792569
vt 0.537192 0.796501
vt 0.537192 0.800992
vt 0.537192 0.754171
vt 0.537192 0.758661
vt 0.537192 0.762594
vt 0.537192 0.765877
vt 0.537192 0.769159
vt 0.537192 0.773092
vt 0.537192 0.777582
vt 0.521490 0.782071
vt 0.521490 0.786004
vt 0.521490 0.789286
vt 0.521490 0.792569
vt 0.521490 0.796501
vt 0.521490 0.800992
vt 0.521490 0.754171
vt 0.521490 0.758661
vt 0.521490 0.762594
vt 0.521490 0.765877
vt 0.521490 0.769159
vt 0.521490 0.773092
vt 0.521490 0.777582
vt 0.505740 0.782071
vt 0.505740 0.786004
vt 0.505740 0.789286
vt 0.505740 0.792569
vt 0.505740 0.796501
vt 0.505740 0.800992
vt 0.505740 0.754171
vt 0.505740 0.758661
vt 0.505740 0.762594
vt 0.505740 0.765877
vt 0.505740 0.769159
vt 0.505740 0.773092
vt 0.505740 0.777582
vt 0.489886 0.782071
vt 0.489886 0.786004
vt 0.489886 0.789286
vt 0.489886 0.792569
vt 0.489886 0.796501
vt 0.489886 0.800992
vt 0.489886 0.754171
vt 0.489886 0.758661
vt 0.489886 0.762594
vt 0.489886 0.765877
vt 0.489886 0.769159
vt 0.489886 0.773092
vt 0.489886 0.777582
vt 0.473855 0.782071
vt 0.473855 0.786004
vt 0.473855 0.789286
vt 0.473855 0.792569
vt 0.473855 0.796501
vt 0.473855 0.800992
vt 0.473855 0.754171
vt 0.473855 0.758661
vt 0.473855 0.762594
vt 0.473855 0.765877
vt 0.473855 0.769159
vt 0.473855 0.773091
vt 0.473855 0.777582
vt 0.457557 0.782071
vt 0.457557 0.786004
vt 0.457557 0.789286
vt 0.457557 0.792569
vt 0.457557 0.796501
vt 0.457557 0.800992
vt 0.457557 0.754171
vt 0.457557 0.758661
vt 0.457557 0.762594
vt 0.457557 0.765877
vt 0.457557 0.769159
vt 0.457557 0.773091
vt 0.457557 0.777582
s 1
usemtl clothes_handler
f 1/1/1 13/14/2 24/26/3 12/13/4
f 2/2/5 14/15/6 13/14/2 1/1/1
f 3/3/7 15/16/8 14/15/6 2/2/5
f 4/4/9 16/17/10 15/16/8 3/3/7
f 5/5/11 17/18/12 16/17/10 4/4/9
f 6/6/13 18/19/14 17/18/12 5/5/11
f 7/8/15 19/21/16 18/20/14 6/7/13
f 8/9/17 20/22/18 19/21/16 7/8/15
f 9/10/19 21/23/20 20/22/18 8/9/17
f 10/11/21 22/24/22 21/23/20 9/10/19
f 11/12/23 23/25/24 22/24/22 10/11/21
f 12/13/4 24/26/3 23/25/24 11/12/23
f 13/14/2 25/27/25 36/39/26 24/26/3
f 14/15/6 26/28/27 25/27/25 13/14/2
f 15/16/8 27/29/28 26/28/27 14/15/6
f 16/17/10 28/30/29 27/29/28 15/16/8
f 17/18/12 29/31/30 28/30/29 16/17/10
f 18/19/14 30/32/31 29/31/30 17/18/12
f 19/21/16 31/34/32 30/33/31 18/20/14
f 20/22/18 32/35/33 31/34/32 19/21/16
f 21/23/20 33/36/34 32/35/33 20/22/18
f 22/24/22 34/37/35 33/36/34 21/23/20
f 23/25/24 35/38/36 34/37/35 22/24/22
f 24/26/3 36/39/26 35/38/36 23/25/24
f 25/27/25 37/40/37 48/52/38 36/39/26
f 26/28/27 38/41/39 37/40/37 25/27/25
f 27/29/28 39/42/40 38/41/39 26/28/27
f 28/30/29 40/43/41 39/42/40 27/29/28
f 29/31/30 41/44/42 40/43/41 28/30/29
f 30/32/31 42/45/43 41/44/42 29/31/30
f 31/34/32 43/47/44 42/46/43 30/33/31
f 32/35/33 44/48/45 43/47/44 31/34/32
f 33/36/34 45/49/46 44/48/45 32/35/33
f 34/37/35 46/50/47 45/49/46 33/36/34
f 35/38/36 47/51/48 46/50/47 34/37/35
f 36/39/26 48/52/38 47/51/48 35/38/36
f 37/40/37 49/53/49 60/65/50 48/52/38
f 38/41/39 50/54/51 49/53/49 37/40/37
f 39/42/40 51/55/52 50/54/51 38/41/39
f 40/43/41 52/56/53 51/55/52 39/42/40
f 41/44/42 53/57/54 52/56/53 40/43/41
f 42/45/43 54/58/55 53/57/54 41/44/42
f 43/47/44 55/60/56 54/59/55 42/46/43
f 44/48/45 56/61/57 55/60/56 43/47/44
f 45/49/46 57/62/58 56/61/57 44/48/45
f 46/50/47 58/63/59 57/62/58 45/49/46
f 47/51/48 59/64/60 58/63/59 46/50/47
f 48/52/38 60/65/50 59/64/60 47/51/48
f 49/53/49 61/66/61 72/78/62 60/65/50
f 50/54/51 62/67/63 61/66/61 49/53/49
f 51/55/52 63/68/64 62/67/63 50/54/51
f 52/56/53 64/69/65 63/68/64 51/55/52
f 53/57/54 65/70/66 64/69/65 52/56/53
f 54/58/55 66/71/67 65/70/66 53/57/54
f 55/60/56 67/73/68 66/72/67 54/59/55
f 56/61/57 68/74/69 67/73/68 55/60/56
f 57/62/58 69/75/70 68/74/69 56/61/57
f 58/63/59 70/76/71 69/75/70 57/62/58
f 59/64/60 71/77/72 70/76/71 58/63/59
f 60/65/50 72/78/62 71/77/72 59/64/60
f 61/66/61 73/79/73 84/91/74 72/78/62
f 62/67/63 74/80/75 73/79/73 61/66/61
f 63/68/64 75/81/76 74/80/75 62/67/63
f 64/69/65 76/82/77 75/81/76 63/68/64
f 65/70/66 77/83/78 76/82/77 64/69/65
f 66/71/67 78/84/79 77/83/78 65/70/66
f 67/73/68 79/86/80 78/85/79 66/72/67
f 68/74/69 80/87/81 79/86/80 67/73/68
f 69/75/70 81/88/82 80/87/81 68/74/69
f 70/76/71 82/89/83 81/88/82 69/75/70
f 71/77/72 83/90/84 82/89/83 70/76/71
f 72/78/62 84/91/74 83/90/84 71/77/72
f 73/79/73 85/92/85 96/104/86 84/91/74
f 74/80/75 86/93/87 85/92/85 73/79/73
f 75/81/76 87/94/88 86/93/87 74/80/75
f 76/82/77 88/95/89 87/94/88 75/81/76
f 77/83/78 89/96/90 88/95/89 76/82/77
f 78/84/79 90/97/91 89/96/90 77/83/78
f 79/86/80 91/99/92 90/98/91 78/85/79
f 80/87/81 92/100/93 91/99/92 79/86/80
f 81/88/82 93/101/94 92/100/93 80/87/81
f 82/89/83 94/102/95 93/101/94 81/88/82
f 83/90/84 95/103/96 94/102/95 82/89/83
f 84/91/74 96/104/86 95/103/96 83/90/84
f 85/92/85 97/105/97 108/117/98 96/104/86
f 86/93/87 98/106/99 97/105/97 85/92/85
f 87/94/88 99/107/100 98/106/99 86/93/87
f 88/95/89 100/108/101 99/107/100 87/94/88
f 89/96/90 101/109/102 100/108/101 88/95/89
f 90/97/91 102/110/103 101/109/102 89/96/90
f 91/99/92 103/112/104 102/111/103 90/98/91
f 92/100/93 104/113/105 103/112/104 91/99/92
f 93/101/94 105/114/106 104/113/105 92/100/93
f 94/102/95 106/115/107 105/114/106 93/101/94
f 95/103/96 107/116/108 106/115/107 94/102/95
f 96/104/86 108/117/98 107/116/108 95/103/96
f 97/105/97 109/118/109 120/130/110 108/117/98
f 98/106/99 110/119/111 109/118/109 97/105/97
f 99/107/100 111/120/112 110/119/111 98/106/99
f 100/108/101 112/121/113 111/120/112 99/107/100
f 101/109/102 113/122/114 112/121/113 100/108/101
f 102/110/103 114/123/115 113/122/114 101/109/102
f 103/112/104 115/125/116 114/124/115 102/111/103
f 104/113/105 116/126/117 115/125/116 103/112/104
f 105/114/106 117/127/118 116/126/117 104/113/105
f 106/115/107 118/128/119 117/127/118 105/114/106
f 107/116/108 119/129/120 118/128/119 106/115/107
f 108/117/98 120/130/110 119/129/120 107/116/108
f 109/118/109 121/131/121 132/143/122 120/130/110
f 110/119/111 122/132/123 121/131/121 109/118/109
f 111/120/112 123/133/124 122/132/123 110/119/111
f 112/121/113 124/134/125 123/133/124 111/120/112
f 113/122/114 125/135/126 124/134/125 112/121/113
f 114/123/115 126/136/127 125/135/126 113/122/114
f 115/125/116 127/138/128 126/137/127 114/124/115
f 116/126/117 128/139/129 127/138/128 115/125/116
f 117/127/118 129/140/130 128/139/129 116/126/117
f 118/128/119 130/141/131 129/140/130 117/127/118
f 119/129/120 131/142/132 130/141/131 118/128/119
f 120/130/110 132/143/122 131/142/132 119/129/120
f 121/131/121 133/144/133 144/156/134 132/143/122
f 122/132/123 134/145/135 133/144/133 121/131/121
f 123/133/124 135/146/136 134/145/135 122/132/123
f 124/134/125 136/147/137 135/146/136 123/133/124
f 125/135/126 137/148/138 136/147/137 124/134/125
f 126/136/127 138/149/139 137/148/138 125/135/126
f 127/138/128 139/151/140 138/150/139 126/137/127
f 128/139/129 140/152/141 139/151/140 127/138/128
f 129/140/130 141/153/142 140/152/141 128/139/129
f 130/141/131 142/154/143 141/153/142 129/140/130
f 131/142/132 143/155/144 142/154/143 130/141/131
f 132/143/122 144/156/134 143/155/144 131/142/132
f 133/144/133 145/157/145 156/169/146 144/156/134
f 134/145/135 146/158/147 145/157/145 133/144/133
f 135/146/136 147/159/148 146/158/147 134/145/135
f 136/147/137 148/160/149 147/159/148 135/146/136
f 137/148/138 149/161/150 148/160/149 136/147/137
f 138/149/139 150/162/151 149/161/150 137/148/138
f 139/151/140 151/164/152 150/163/151 138/150/139
f 140/152/141 152/165/153 151/164/152 139/151/140
f 141/153/142 153/166/154 152/165/153 140/152/141
f 142/154/143 154/167/155 153/166/154 141/153/142
f 143/155/144 155/168/156 154/167/155 142/154/143
f 144/156/134 156/169/146 155/168/156 143/155/144
f 145/157/145 157/170/157 168/182/158 156/169/146
f 146/158/147 158/171/159 157/170/157 145/157/145
f 147/159/148 159/172/160 158/171/159 146/158/147
f 148/160/149 160/173/161 159/172/160 147/159/148
f 149/161/150 161/174/162 160/173/161 148/160/149
f 150/162/151 162/175/163 161/174/162 149/161/150
f 151/164/152 163/177/164 162/176/163 150/163/151
f 152/165/153 164/178/165 163/177/164 151/164/152
f 153/166/154 165/179/166 164/178/165 152/165/153
f 154/167/155 166/180/167 165/179/166 153/166/154
f 155/168/156 167/181/168 166/180/167 154/167/155
f 156/169/146 168/182/158 167/181/168 155/168/156
f 157/170/157 169/183/169 180/195/170 168/182/158
f 158/171/159 170/184/171 169/183/169 157/170/157
f 159/172/160 171/185/172 170/184/171 158/171/159
f 160/173/161 172/186/173 171/185/172 159/172/160
f 161/174/162 173/187/174 172/186/173 160/173/161
f 162/175/163 174/188/175 173/187/174 161/174/162
f 163/177/164 175/190/176 174/189/175 162/176/163
f 164/178/165 176/191/177 175/190/176 163/177/164
f 165/179/166 177/192/178 176/191/177 164/178/165
f 166/180/167 178/193/179 177/192/178 165/179/166
f 167/181/168 179/194/180 178/193/179 166/180/167
f 168/182/158 180/195/170 179/194/180 167/181/168
f 169/183/169 181/196/181 192/208/182 180/195/170
f 170/184/171 182/197/183 181/196/181 169/183/169
f 171/185/172 183/198/184 182/197/183 170/184/171
f 172/186/173 184/199/185 183/198/184 171/185/172
f 173/187/174 185/200/186 184/199/185 172/186/173
f 174/188/175 186/201/187 185/200/186 173/187/174
f 175/190/176 187/203/188 186/202/187 174/189/175
f 176/191/177 188/204/189 187/203/188 175/190/176
f 177/192/178 189/205/190 188/204/189 176/191/177
f 178/193/179 190/206/191 189/205/190 177/192/178
f 179/194/180 191/207/192 190/206/191 178/193/179
f 180/195/170 192/208/182 191/207/192 179/194/180
f 181/196/181 193/209/193 204/221/194 192/208/182
f 182/197/183 194/210/195 193/209/193 181/196/181
f 183/198/184 195/211/196 194/210/195 182/197/183
f 184/199/185 196/212/197 195/211/196 183/198/184
f 185/200/186 197/213/198 196/212/197 184/199/185
f 186/201/187 198/214/199 197/213/198 185/200/186
f 187/203/188 199/216/200 198/215/199 186/202/187
f 188/204/189 200/217/201 199/216/200 187/203/188
f 189/205/190 201/218/202 200/217/201 188/204/189
f 190/206/191 202/219/203 201/218/202 189/205/190
f 191/207/192 203/220/204 202/219/203 190/206/191
f 192/208/182 204/221/194 203/220/204 191/207/192
f 193/209/193 205/222/205 216/234/206 204/221/194
f 194/210/195 206/223/207 205/222/205 193/209/193
f 195/211/196 207/224/208 206/223/207 194/210/195
f 196/212/197 208/225/209 207/224/208 195/211/196
f 197/213/198 209/226/210 208/225/209 196/212/197
f 198/214/199 210/227/211 209/226/210 197/213/198
f 199/216/200 211/229/212 210/228/211 198/215/199
f 200/217/201 212/230/213 211/229/212 199/216/200
f 201/218/202 213/231/214 212/230/213 200/217/201
f 202/219/203 214/232/215 213/231/214 201/218/202
f 203/220/204 215/233/216 214/232/215 202/219/203
f 204/221/194 216/234/206 215/233/216 203/220/204
f 205/222/205 217/235/217 228/247/218 216/234/206
f 206/223/207 218/236/219 217/235/217 205/222/205
f 207/224/208 219/237/220 218/236/219 206/223/207
f 208/225/209 220/238/221 219/237/220 207/224/208
f 209/226/210 221/239/222 220/238/221 208/225/209
f 210/227/211 222/240/223 221/239/222 209/226/210
f 211/229/212 223/242/224 222/241/223 210/228/211
f 212/230/213 224/243/225 223/242/224 211/229/212
f 213/231/214 225/244/226 224/243/225 212/230/213
f 214/232/215 226/245/227 225/244/226 213/231/214
f 215/233/216 227/246/228 226/245/227 214/232/215
f 216/234/206 228/247/218 227/246/228 215/233/216
f 217/235/217 229/248/229 240/260/230 228/247/218
f 218/236/219 230/249/231 229/248/229 217/235/217
f 219/237/220 231/250/232 230/249/231 218/236/219
f 220/238/221 232/251/233 231/250/232 219/237/220
f 221/239/222 233/252/234 232/251/233 220/238/221
f 222/240/223 234/253/235 233/252/234 221/239/222
f 223/242/224 235/255/236 234/254/235 222/241/223
f 224/243/225 236/256/237 235/255/236 223/242/224
f 225/244/226 237/257/238 236/256/237 224/243/225
f 226/245/227 238/258/239 237/257/238 225/244/226
f 227/246/228 239/259/240 238/258/239 226/245/227
f 228/247/218 240/260/230 239/259/240 227/246/228
f 229/248/229 241/261/241 252/273/242 240/260/230
f 230/249/231 242/262/243 241/261/241 229/248/229
f 231/250/232 243/263/244 242/262/243 230/249/231
f 232/251/233 244/264/245 243/263/244 231/250/232
f 233/252/234 245/265/246 244/264/245 232/251/233
f 234/253/235 246/266/247 245/265/246 233/252/234
f 235/255/236 247/268/248 246/267/247 234/254/235
f 236/256/237 248/269/249 247/268/248 235/255/236
f 237/257/238 249/270/250 248/269/249 236/256/237
f 238/258/239 250/271/251 249/270/250 237/257/238
f 239/259/240 251/272/252 250/271/251 238/258/239
f 240/260/230 252/273/242 251/272/252 239/259/240
f 241/261/241 253/274/253 264/286/254 252/273/242
f 242/262/243 254/275/255 253/274/253 241/261/241
f 243/263/244 255/276/256 254/275/255 242/262/243
f 244/264/245 256/277/257 255/276/256 243/263/244
f 245/265/246 257/278/258 256/277/257 244/264/245
f 246/266/247 258/279/259 257/278/258 245/265/246
f 247/268/248 259/281/260 258/280/259 246/267/247
f 248/269/249 260/282/261 259/281/260 247/268/248
f 249/270/250 261/283/262 260/282/261 248/269/249
f 250/271/251 262/284/263 261/283/262 249/270/250
f 251/272/252 263/285/264 262/284/263 250/271/251
f 252/273/242 264/286/254 263/285/264 251/272/252
f 253/274/253 265/287/265 276/299/266 264/286/254
f 254/275/255 266/288/267 265/287/265 253/274/253
f 255/276/256 267/289/268 266/288/267 254/275/255
f 256/277/257 268/290/269 267/289/268 255/276/256
f 257/278/258 269/291/270 268/290/269 256/277/257
f 258/279/259 270/292/271 269/291/270 257/278/258
f 259/281/260 271/294/272 270/293/271 258/280/259
f 260/282/261 272/295/273 271/294/272 259/281/260
f 261/283/262 273/296/274 272/295/273 260/282/261
f 262/284/263 274/297/275 273/296/274 261/283/262
f 263/285/264 275/298/276 274/297/275 262/284/263
f 264/286/254 276/299/266 275/298/276 263/285/264
f 265/287/265 277/300/277 288/312/278 276/299/266
f 266/288/267 278/301/279 277/300/277 265/287/265
f 267/289/268 279/302/280 278/301/279 266/288/267
f 268/290/269 280/303/281 279/302/280 267/289/268
f 269/291/270 281/304/282 280/303/281 268/290/269
f 270/292/271 282/305/283 281/304/282 269/291/270
f 271/294/272 283/307/284 282/306/283 270/293/271
f 272/295/273 284/308/285 283/307/284 271/294/272
f 273/296/274 285/309/286 284/308/285 272/295/273
f 274/297/275 286/310/287 285/309/286 273/296/274
f 275/298/276 287/311/288 286/310/287 274/297/275
f 276/299/266 288/312/278 287/311/288 275/298/276
f 277/300/277 289/313/289 300/325/13 288/312/278
f 278/301/279 290/314/290 289/313/289 277/300/277
f 279/302/280 291/315/291 290/314/290 278/301/279
f 280/303/281 292/316/292 291/315/291 279/302/280
f 281/304/282 293/317/293 292/316/292 280/303/281
f 282/305/283 294/318/4 293/317/293 281/304/282
f 283/307/284 295/320/294 294/319/4 282/306/283
f 284/308/285 296/321/295 295/320/294 283/307/284
f 285/309/286 297/322/296 296/321/295 284/308/285
f 286/310/287 298/323/297 297/322/296 285/309/286
f 287/311/288 299/324/298 298/323/297 286/310/287
f 288/312/278 300/325/13 299/324/298 287/311/288
f 289/313/289 301/326/299 312/338/14 300/325/13
f 290/314/290 302/327/300 301/326/299 289/313/289
f 291/315/291 303/328/301 302/327/300 290/314/290
f 292/316/292 304/329/302 303/328/301 291/315/291
f 293/317/293 305/330/303 304/329/302 292/316/292
f 294/318/4 306/331/3 305/330/303 293/317/293
f 295/320/294 307/333/304 306/332/3 294/319/4
f 296/321/295 308/334/305 307/333/304 295/320/294
f 297/322/296 309/335/306 308/334/305 296/321/295
f 298/323/297 310/336/307 309/335/306 297/322/296
f 299/324/298 311/337/308 310/336/307 298/323/297
f 300/325/13 312/338/14 311/337/308 299/324/298
f 301/326/299 313/339/309 324/351/310 312/338/14
f 302/327/300 314/340/311 313/339/309 301/326/299
f 303/328/301 315/341/312 314/340/311 302/327/300
f 304/329/302 316/342/313 315/341/312 303/328/301
f 305/330/303 317/343/314 316/342/313 304/329/302
f 306/331/3 318/344/315 317/343/314 305/330/303
f 307/333/304 319/346/316 318/345/315 306/332/3
f 308/334/305 320/347/317 319/346/316 307/333/304
f 309/335/306 321/348/318 320/347/317 308/334/305
f 310/336/307 322/349/319 321/348/318 309/335/306
f 311/337/308 323/350/320 322/349/319 310/336/307
f 312/338/14 324/351/310 323/350/320 311/337/308
f 313/339/309 325/352/321 336/376/322 324/351/310
f 314/340/311 326/354/323 325/352/321 313/339/309
f 315/341/312 327/356/324 326/354/323 314/340/311
f 316/342/313 328/358/325 327/356/324 315/341/312
f 317/343/314 329/360/326 328/358/325 316/342/313
f 318/344/315 330/362/327 329/360/326 317/343/314
f 319/346/316 331/366/328 330/363/327 318/345/315
f 320/347/317 332/368/329 331/366/328 319/346/316
f 321/348/318 333/370/330 332/368/329 320/347/317
f 322/349/319 334/372/331 333/370/330 321/348/318
f 323/350/320 335/374/332 334/372/331 322/349/319
f 324/351/310 336/376/322 335/374/332 323/350/320
f 325/353/321 337/378/333 348/390/334 336/377/322
f 326/355/323 338/379/335 337/378/333 325/353/321
f 327/357/324 339/380/336 338/379/335 326/355/323
f 328/359/325 340/381/337 339/380/336 327/357/324
f 329/361/326 341/382/338 340/381/337 328/359/325
f 330/364/327 342/383/339 341/382/338 329/361/326
f 331/367/328 343/385/340 342/384/339 330/365/327
f 332/369/329 344/386/341 343/385/340 331/367/328
f 333/371/330 345/387/342 344/386/341 332/369/329
f 334/373/331 346/388/343 345/387/342 333/371/330
f 335/375/332 347/389/344 346/388/343 334/373/331
f 336/377/322 348/390/334 347/389/344 335/375/332
f 337/378/333 349/391/345 360/403/67 348/390/334
f 338/379/335 350/392/346 349/391/345 337/378/333
f 339/380/336 351/393/347 350/392/346 338/379/335
f 340/381/337 352/394/348 351/393/347 339/380/336
f 341/382/338 353/395/349 352/394/348 340/381/337
f 342/383/339 354/396/350 353/395/349 341/382/338
f 343/385/340 355/398/351 354/397/350 342/384/339
f 344/386/341 356/399/352 355/398/351 343/385/340
f 345/387/342 357/400/353 356/399/352 344/386/341
f 346/388/343 358/401/354 357/400/353 345/387/342
f 347/389/344 359/402/355 358/401/354 346/388/343
f 348/390/334 360/403/67 359/402/355 347/389/344
f 349/391/345 361/404/356 372/416/79 360/403/67
f 350/392/346 362/405/357 361/404/356 349/391/345
f 351/393/347 363/406/358 362/405/357 350/392/346
f 352/394/348 364/407/359 363/406/358 351/393/347
f 353/395/349 365/408/360 364/407/359 352/394/348
f 354/396/350 366/409/74 365/408/360 353/395/349
f 355/398/351 367/411/361 366/410/74 354/397/350
f 356/399/352 368/412/362 367/411/361 355/398/351
f 357/400/353 369/413/363 368/412/362 356/399/352
f 358/401/354 370/414/364 369/413/363 357/400/353
f 359/402/355 371/415/365 370/414/364 358/401/354
f 360/403/67 372/416/79 371/415/365 359/402/355
f 361/404/356 373/417/366 384/429/367 372/416/79
f 362/405/357 374/418/368 373/417/366 361/404/356
f 363/406/358 375/419/369 374/418/368 362/405/357
f 364/407/359 376/420/370 375/419/369 363/406/358
f 365/408/360 377/421/371 376/420/370 364/407/359
f 366/409/74 378/422/372 377/421/371 365/408/360
f 367/411/361 379/424/373 378/423/372 366/410/74
f 368/412/362 380/425/374 379/424/373 367/411/361
f 369/413/363 381/426/375 380/425/374 368/412/362
f 370/414/364 382/427/376 381/426/375 369/413/363
f 371/415/365 383/428/377 382/427/376 370/414/364
f 372/416/79 384/429/367 383/428/377 371/415/365
f 373/417/366 385/430/378 396/442/103 384/429/367
f 374/418/368 386/431/379 385/430/378 373/417/366
f 375/419/369 387/432/380 386/431/379 374/418/368
f 376/420/370 388/433/381 387/432/380 375/419/369
f 377/421/371 389/434/382 388/433/381 376/420/370
f 378/422/372 390/435/98 389/434/382 377/421/371
f 379/424/373 391/437/383 390/436/98 378/423/372
f 380/425/374 392/438/384 391/437/383 379/424/373
f 381/426/375 393/439/385 392/438/384 380/425/374
f 382/427/376 394/440/386 393/439/385 381/426/375
f 383/428/377 395/441/387 394/440/386 382/427/376
f 384/429/367 396/442/103 395/441/387 383/428/377
f 385/430/378 397/443/388 408/455/389 396/442/103
f 386/431/379 398/444/390 397/443/388 385/430/378
f 387/432/380 399/445/391 398/444/390 386/431/379
f 388/433/381 400/446/392 399/445/391 387/432/380
f 389/434/382 401/447/393 400/446/392 388/433/381
f 390/435/98 402/448/394 401/447/393 389/434/382
f 391/437/383 403/450/395 402/449/394 390/436/98
f 392/438/384 404/451/396 403/450/395 391/437/383
f 393/439/385 405/452/397 404/451/396 392/438/384
f 394/440/386 406/453/398 405/452/397 393/439/385
f 395/441/387 407/454/399 406/453/398 394/440/386
f 396/442/103 408/455/389 407/454/399 395/441/387
f 397/443/388 409/456/400 420/468/401 408/455/389
f 398/444/390 410/457/402 409/456/400 397/443/388
f 399/445/391 411/458/403 410/457/402 398/444/390
f 400/446/392 412/459/404 411/458/403 399/445/391
f 401/447/393 413/460/405 412/459/404 400/446/392
f 402/448/394 414/461/406 413/460/405 401/447/393
f 403/450/395 415/463/407 414/462/406 402/449/394
f 404/451/396 416/464/408 415/463/407 403/450/395
f 405/452/397 417/465/409 416/464/408 404/451/396
f 406/453/398 418/466/410 417/465/409 405/452/397
f 407/454/399 419/467/411 418/466/410 406/453/398
f 408/455/389 420/468/401 419/467/411 407/454/399
f 409/456/400 421/469/412 432/481/139 420/468/401
f 410/457/402 422/470/413 421/469/412 409/456/400
f 411/458/403 423/471/414 422/470/413 410/457/402
f 412/459/404 424/472/415 423/471/414 411/458/403
f 413/460/405 425/473/416 424/472/415 412/459/404
f 414/461/406 426/474/134 425/473/416 413/460/405
f 415/463/407 427/476/417 426/475/134 414/462/406
f 416/464/408 428/477/418 427/476/417 415/463/407
f 417/465/409 429/478/419 428/477/418 416/464/408
f 418/466/410 430/479/420 429/478/419 417/465/409
f 419/467/411 431/480/421 430/479/420 418/466/410
f 420/468/401 432/481/139 431/480/421 419/467/411
f 421/469/412 433/482/422 444/494/151 432/481/139
f 422/470/413 434/483/423 433/482/422 421/469/412
f 423/471/414 435/484/424 434/483/423 422/470/413
f 424/472/415 436/485/425 435/484/424 423/471/414
f 425/473/416 437/486/426 436/485/425 424/472/415
f 426/474/134 438/487/146 437/486/426 425/473/416
f 427/476/417 439/489/427 438/488/146 426/475/134
f 428/477/418 440/490/428 439/489/427 427/476/417
f 429/478/419 441/491/429 440/490/428 428/477/418
f 430/479/420 442/492/430 441/491/429 429/478/419
f 431/480/421 443/493/431 442/492/430 430/479/420
f 432/481/139 444/494/151 443/493/431 431/480/421
f 433/482/422 445/495/432 456/507/163 444/494/151
f 434/483/423 446/496/433 445/495/432 433/482/422
f 435/484/424 447/497/434 446/496/433 434/483/423
f 436/485/425 448/498/435 447/497/434 435/484/424
f 437/486/426 449/499/436 448/498/435 436/485/425
f 438/487/146 450/500/158 449/499/436 437/486/426
f 439/489/427 451/502/437 450/501/158 438/488/146
f 440/490/428 452/503/438 451/502/437 439/489/427
f 441/491/429 453/504/439 452/503/438 440/490/428
f 442/492/430 454/505/440 453/504/439 441/491/429
f 443/493/431 455/506/441 454/505/440 442/492/430
f 444/494/151 456/507/163 455/506/441 443/493/431
f 445/495/432 457/508/442 468/520/443 456/507/163
f 446/496/433 458/509/444 457/508/442 445/495/432
f 447/497/434 459/510/445 458/509/444 446/496/433
f 448/498/435 460/511/446 459/510/445 447/497/434
f 449/499/436 461/512/447 460/511/446 448/498/435
f 450/500/158 462/513/448 461/512/447 449/499/436
f 451/502/437 463/515/449 462/514/448 450/501/158
f 452/503/438 464/516/450 463/515/449 451/502/437
f 453/504/439 465/517/451 464/516/450 452/503/438
f 454/505/440 466/518/452 465/517/451 453/504/439
f 455/506/441 467/519/453 466/518/452 454/505/440
f 456/507/163 468/520/443 467/519/453 455/506/441
f 457/508/442 469/521/454 480/533/455 468/520/443
f 458/509/444 470/522/456 469/521/454 457/508/442
f 459/510/445 471/523/457 470/522/456 458/509/444
f 460/511/446 472/524/458 471/523/457 459/510/445
f 461/512/447 473/525/459 472/524/458 460/511/446
f 462/513/448 474/526/460 473/525/459 461/512/447
f 463/515/449 475/528/461 474/527/460 462/514/448
f 464/516/450 476/529/462 475/528/461 463/515/449
f 465/517/451 477/530/463 476/529/462 464/516/450
f 466/518/452 478/531/464 477/530/463 465/517/451
f 467/519/453 479/532/465 478/531/464 466/518/452
f 468/520/443 480/533/455 479/532/465 467/519/453
f 469/521/454 481/534/466 492/546/199 480/533/455
f 470/522/456 482/535/467 481/534/466 469/521/454
f 471/523/457 483/536/468 482/535/467 470/522/456
f 472/524/458 484/537/469 483/536/468 471/523/457
f 473/525/459 485/538/470 484/537/469 472/524/458
f 474/526/460 486/539/194 485/538/470 473/525/459
f 475/528/461 487/541/471 486/540/194 474/527/460
f 476/529/462 488/542/472 487/541/471 475/528/461
f 477/530/463 489/543/473 488/542/472 476/529/462
f 478/531/464 490/544/474 489/543/473 477/530/463
f 479/532/465 491/545/475 490/544/474 478/531/464
f 480/533/455 492/546/199 491/545/475 479/532/465
f 481/534/466 493/547/476 504/559/477 492/546/199
f 482/535/467 494/548/478 493/547/476 481/534/466
f 483/536/468 495/549/479 494/548/478 482/535/467
f 484/537/469 496/550/480 495/549/479 483/536/468
f 485/538/470 497/551/481 496/550/480 484/537/469
f 486/539/194 498/552/206 497/551/481 485/538/470
f 487/541/471 499/554/482 498/553/206 486/540/194
f 488/542/472 500/555/483 499/554/482 487/541/471
f 489/543/473 501/556/484 500/555/483 488/542/472
f 490/544/474 502/557/485 501/556/484 489/543/473
f 491/545/475 503/558/486 502/557/485 490/544/474
f 492/546/199 504/559/477 503/558/486 491/545/475
f 493/547/476 505/560/487 516/572/223 504/559/477
f 494/548/478 506/561/488 505/560/487 493/547/476
f 495/549/479 507/562/489 506/561/488 494/548/478
f 496/550/480 508/563/490 507/562/489 495/549/479
f 497/551/481 509/564/491 508/563/490 496/550/480
f 498/552/206 510/565/218 509/564/491 497/551/481
f 499/554/482 511/567/492 510/566/218 498/553/206
f 500/555/483 512/568/493 511/567/492 499/554/482
f 501/556/484 513/569/494 512/568/493 500/555/483
f 502/557/485 514/570/495 513/569/494 501/556/484
f 503/558/486 515/571/496 514/570/495 502/557/485
f 504/559/477 516/572/223 515/571/496 503/558/486
f 505/560/487 517/573/497 528/585/235 516/572/223
f 506/561/488 518/574/498 517/573/497 505/560/487
f 507/562/489 519/575/499 518/574/498 506/561/488
f 508/563/490 520/576/500 519/575/499 507/562/489
f 509/564/491 521/577/501 520/576/500 508/563/490
f 510/565/218 522/578/502 521/577/501 509/564/491
f 511/567/492 523/580/503 522/579/502 510/566/218
f 512/568/493 524/581/504 523/580/503 511/567/492
f 513/569/494 525/582/505 524/581/504 512/568/493
f 514/570/495 526/583/506 525/582/505 513/569/494
f 515/571/496 527/584/507 526/583/506 514/570/495
f 516/572/223 528/585/235 527/584/507 515/571/496
f 517/573/497 529/586/508 540/598/509 528/585/235
f 518/574/498 530/587/510 529/586/508 517/573/497
f 519/575/499 531/588/511 530/587/510 518/574/498
f 520/576/500 532/589/512 531/588/511 519/575/499
f 521/577/501 533/590/513 532/589/512 520/576/500
f 522/578/502 534/591/242 533/590/513 521/577/501
f 523/580/503 535/593/514 534/592/242 522/579/502
f 524/581/504 536/594/515 535/593/514 523/580/503
f 525/582/505 537/595/516 536/594/515 524/581/504
f 526/583/506 538/596/517 537/595/516 525/582/505
f 527/584/507 539/597/518 538/596/517 526/583/506
f 528/585/235 540/598/509 539/597/518 527/584/507
f 529/586/508 541/599/519 552/611/520 540/598/509
f 530/587/510 542/600/521 541/599/519 529/586/508
f 531/588/511 543/601/522 542/600/521 530/587/510
f 532/589/512 544/602/523 543/601/522 531/588/511
f 533/590/513 545/603/524 544/602/523 532/589/512
f 534/591/242 546/604/525 545/603/524 533/590/513
f 535/593/514 547/606/526 546/605/525 534/592/242
f 536/594/515 548/607/527 547/606/526 535/593/514
f 537/595/516 549/608/528 548/607/527 536/594/515
f 538/596/517 550/609/529 549/608/528 537/595/516
f 539/597/518 551/610/530 550/609/529 538/596/517
f 540/598/509 552/611/520 551/610/530 539/597/518
f 541/599/519 553/612/531 564/624/532 552/611/520
f 542/600/521 554/613/533 553/612/531 541/599/519
f 543/601/522 555/614/534 554/613/533 542/600/521
f 544/602/523 556/615/535 555/614/534 543/601/522
f 545/603/524 557/616/536 556/615/535 544/602/523
f 546/604/525 558/617/537 557/616/536 545/603/524
f 547/606/526 559/619/538 558/618/537 546/605/525
f 548/607/527 560/620/539 559/619/538 547/606/526
f 549/608/528 561/621/540 560/620/539 548/607/527
f 550/609/529 562/622/541 561/621/540 549/608/528
f 551/610/530 563/623/542 562/622/541 550/609/529
f 552/611/520 564/624/532 563/623/542 551/610/530
f 553/612/531 565/625/543 576/637/283 564/624/532
f 554/613/533 566/626/544 565/625/543 553/612/531
f 555/614/534 567/627/545 566/626/544 554/613/533
f 556/615/535 568/628/546 567/627/545 555/614/534
f 557/616/536 569/629/547 568/628/546 556/615/535
f 558/617/537 570/630/278 569/629/547 557/616/536
f 559/619/538 571/632/548 570/631/278 558/618/537
f 560/620/539 572/633/549 571/632/548 559/619/538
f 561/621/540 573/634/550 572/633/549 560/620/539
f 562/622/541 574/635/551 573/634/550 561/621/540
f 563/623/542 575/636/552 574/635/551 562/622/541
f 564/624/532 576/637/283 575/636/552 563/623/542
f 565/625/543 1/1/1 12/13/4 576/637/283
f 566/626/544 2/2/5 1/1/1 565/625/543
f 567/627/545 3/3/7 2/2/5 566/626/544
f 568/628/546 4/4/9 3/3/7 567/627/545
f 569/629/547 5/5/11 4/4/9 568/628/546
f 570/630/278 6/6/13 5/5/11 569/629/547
f 571/632/548 7/8/15 6/7/13 570/631/278
f 572/633/549 8/9/17 7/8/15 571/632/548
f 573/634/550 9/10/19 8/9/17 572/633/549
f 574/635/551 10/11/21 9/10/19 573/634/550
f 575/636/552 11/12/23 10/11/21 574/635/551
f 576/637/283 12/13/4 11/12/23 575/636/552
f 1103/1364/553 1073/1317/554 886/1056/13 881/1045/555
f 678/797/556 681/800/557 728/850/558 725/847/559
f 918/1123/79 943/1177/555 592/670/555 591/668/79
f 916/1119/560 941/1173/4 585/656/4 584/654/560
f 914/1115/13 939/1169/561 577/638/561 578/640/13
f 943/1177/555 914/1115/13 578/640/13 592/670/555
f 941/1173/4 937/1165/562 586/658/562 585/656/4
f 939/1169/561 935/1161/218 579/642/218 577/638/561
f 937/1165/562 933/1157/223 587/660/223 586/658/562
f 935/1161/218 931/1153/563 580/644/563 579/642/218
f 933/1157/223 929/1149/564 588/662/564 587/660/223
f 931/1153/563 927/1145/146 581/646/146 580/644/563
f 929/1149/564 925/1141/151 589/664/151 588/662/564
f 927/1145/146 923/1133/565 582/648/565 581/646/146
f 925/1141/151 921/1129/566 590/666/566 589/664/151
f 923/1134/565 919/1125/74 583/652/74 582/649/565
f 921/1129/566 918/1123/79 591/668/79 590/666/566
f 919/1125/74 916/1119/560 584/654/560 583/652/74
f 601/690/567 600/688/568 711/833/569 714/836/570
f 675/794/571 678/797/556 725/847/559 722/844/572
f 600/688/568 599/686/573 708/830/574 711/833/569
f 672/791/575 675/794/571 722/844/572 719/841/576
f 599/686/573 598/682/577 705/826/578 708/830/574
f 669/788/579 672/791/575 719/841/576 716/838/580
f 598/683/577 597/680/581 702/821/582 705/825/578
f 666/785/583 669/788/579 716/838/580 713/835/584
f 597/680/581 596/678/585 699/818/586 702/821/582
f 663/782/587 666/785/583 713/835/584 710/832/588
f 596/678/585 595/676/589 696/815/590 699/818/586
f 594/674/591 608/704/592 735/857/593 692/811/594
f 660/779/595 663/782/587 710/832/588 707/829/596
f 774/900/597 758/884/598 617/724/599 616/722/600
f 595/676/589 593/672/601 690/809/602 696/815/590
f 582/650/603 583/653/603 659/778/604 656/773/605
f 590/667/603 591/669/603 683/802/606 680/799/607
f 583/653/603 584/655/603 662/781/608 659/778/604
f 591/669/603 592/671/603 686/805/609 683/802/606
f 584/655/603 585/657/603 665/784/610 662/781/608
f 593/672/601 594/674/591 692/811/594 690/809/602
f 585/657/603 586/659/603 668/787/611 665/784/610
f 577/639/603 579/643/603 647/763/612 641/757/613
f 579/643/603 580/645/603 650/766/614 647/763/612
f 586/659/603 587/661/603 671/790/615 668/787/611
f 644/760/554 642/758/616 689/808/617 693/812/618
f 587/661/603 588/663/603 674/793/619 671/790/615
f 580/645/603 581/647/603 653/769/620 650/766/614
f 588/663/603 589/665/603 677/796/621 674/793/619
f 581/647/603 582/651/603 656/772/605 653/769/620
f 589/665/603 590/667/603 680/799/607 677/796/621
f 602/692/622 601/690/567 714/836/570 717/839/623
f 681/800/557 684/803/624 731/853/625 728/850/558
f 603/694/626 602/692/622 717/839/623 720/842/627
f 642/758/616 648/764/628 695/814/629 689/808/617
f 684/803/624 687/806/553 734/856/630 731/853/625
f 604/696/631 603/694/626 720/842/627 723/845/632
f 592/671/603 578/641/603 645/761/633 686/805/609
f 687/806/553 644/760/554 693/812/618 734/856/630
f 605/698/634 604/696/631 723/845/632 726/848/635
f 648/764/628 651/767/636 698/817/637 695/814/629
f 606/700/638 605/698/634 726/848/635 729/851/639
f 651/767/636 654/770/640 701/820/641 698/817/637
f 607/702/642 606/700/638 729/851/639 732/854/643
f 654/770/640 657/774/644 704/823/645 701/820/641
f 608/704/592 607/702/642 732/854/643 735/857/593
f 657/775/644 660/779/595 707/829/596 704/824/645
f 642/758/616 644/760/554 646/762/646 643/759/647
f 643/759/647 646/762/646 645/761/633 641/757/613
f 648/764/628 642/758/616 643/759/647 649/765/648
f 649/765/648 643/759/647 641/757/613 647/763/612
f 651/767/636 648/764/628 649/765/648 652/768/649
f 652/768/649 649/765/648 647/763/612 650/766/614
f 654/770/640 651/767/636 652/768/649 655/771/650
f 655/771/650 652/768/649 650/766/614 653/769/620
f 657/774/644 654/770/640 655/771/650 658/776/651
f 658/776/651 655/771/650 653/769/620 656/772/605
f 660/779/595 657/775/644 658/777/651 661/780/652
f 661/780/652 658/777/651 656/773/605 659/778/604
f 663/782/587 660/779/595 661/780/652 664/783/653
f 664/783/653 661/780/652 659/778/604 662/781/608
f 666/785/583 663/782/587 664/783/653 667/786/654
f 667/786/654 664/783/653 662/781/608 665/784/610
f 669/788/579 666/785/583 667/786/654 670/789/655
f 670/789/655 667/786/654 665/784/610 668/787/611
f 672/791/575 669/788/579 670/789/655 673/792/656
f 673/792/656 670/789/655 668/787/611 671/790/615
f 675/794/571 672/791/575 673/792/656 676/795/657
f 676/795/657 673/792/656 671/790/615 674/793/619
f 678/797/556 675/794/571 676/795/657 679/798/658
f 679/798/658 676/795/657 674/793/619 677/796/621
f 681/800/557 678/797/556 679/798/658 682/801/659
f 682/801/659 679/798/658 677/796/621 680/799/607
f 684/803/624 681/800/557 682/801/659 685/804/660
f 685/804/660 682/801/659 680/799/607 683/802/606
f 687/806/553 684/803/624 685/804/660 688/807/661
f 688/807/661 685/804/660 683/802/606 686/805/609
f 644/760/554 687/806/553 688/807/661 646/762/646
f 646/762/646 688/807/661 686/805/609 645/761/633
f 690/809/602 692/811/594 694/813/662 691/810/663
f 691/810/663 694/813/662 693/812/618 689/808/617
f 696/815/590 690/809/602 691/810/663 697/816/664
f 697/816/664 691/810/663 689/808/617 695/814/629
f 699/818/586 696/815/590 697/816/664 700/819/665
f 700/819/665 697/816/664 695/814/629 698/817/637
f 702/821/582 699/818/586 700/819/665 703/822/666
f 703/822/666 700/819/665 698/817/637 701/820/641
f 705/825/578 702/821/582 703/822/666 706/827/667
f 706/827/667 703/822/666 701/820/641 704/823/645
f 708/830/574 705/826/578 706/828/667 709/831/668
f 709/831/668 706/828/667 704/824/645 707/829/596
f 711/833/569 708/830/574 709/831/668 712/834/669
f 712/834/669 709/831/668 707/829/596 710/832/588
f 714/836/570 711/833/569 712/834/669 715/837/670
f 715/837/670 712/834/669 710/832/588 713/835/584
f 717/839/623 714/836/570 715/837/670 718/840/671
f 718/840/671 715/837/670 713/835/584 716/838/580
f 720/842/627 717/839/623 718/840/671 721/843/672
f 721/843/672 718/840/671 716/838/580 719/841/576
f 723/845/632 720/842/627 721/843/672 724/846/673
f 724/846/673 721/843/672 719/841/576 722/844/572
f 726/848/635 723/845/632 724/846/673 727/849/674
f 727/849/674 724/846/673 722/844/572 725/847/559
f 729/851/639 726/848/635 727/849/674 730/852/675
f 730/852/675 727/849/674 725/847/559 728/850/558
f 732/854/643 729/851/639 730/852/675 733/855/676
f 733/855/676 730/852/675 728/850/558 731/853/625
f 735/857/593 732/854/643 733/855/676 736/858/677
f 736/858/677 733/855/676 731/853/625 734/856/630
f 692/811/594 735/857/593 736/858/677 694/813/662
f 694/813/662 736/858/677 734/856/630 693/812/618
f 578/641/603 577/639/603 641/757/613 645/761/633
f 749/871/678 750/872/679 599/687/680 600/689/681
f 745/867/682 739/861/683 637/753/684 638/754/685
f 741/863/686 742/864/687 626/741/688 627/742/689
f 743/865/690 742/864/687 607/703/691 608/705/692
f 748/870/693 749/871/678 600/689/681 601/691/694
f 738/860/695 739/861/683 596/679/696 597/681/697
f 747/869/698 744/866/699 602/693/700 603/695/701
f 744/866/699 748/870/693 601/691/694 602/693/700
f 737/859/702 745/867/682 638/754/685 640/756/703
f 752/875/704 740/862/705 604/697/706 605/699/707
f 749/871/678 748/870/693 632/747/708 633/748/709
f 741/863/686 752/875/704 605/699/707 606/701/710
f 748/870/693 744/866/699 631/746/711 632/747/708
f 751/874/712 738/860/695 597/681/697 598/684/713
f 742/864/687 741/863/686 606/701/710 607/703/691
f 747/869/698 740/862/705 629/744/714 630/745/715
f 593/673/716 595/677/717 745/867/682 737/859/702
f 739/861/683 745/867/682 595/677/717 596/679/696
f 746/868/718 737/859/702 640/756/703 639/755/719
f 744/866/699 747/869/698 630/745/715 631/746/711
f 743/865/690 746/868/718 639/755/719 625/740/720
f 750/872/679 751/873/712 598/685/713 599/687/680
f 750/872/679 749/871/678 633/748/709 634/749/721
f 742/864/687 743/865/690 625/740/720 626/741/688
f 751/873/712 750/872/679 634/749/721 635/751/722
f 746/868/718 743/865/690 608/705/692 594/675/723
f 622/735/724 609/707/725 835/981/726 818/962/727
f 752/875/704 741/863/686 627/742/689 628/743/728
f 738/860/695 751/874/712 635/750/722 636/752/729
f 740/862/705 752/875/704 628/743/728 629/744/714
f 739/861/683 738/860/695 636/752/729 637/753/684
f 737/859/702 746/868/718 594/675/723 593/673/716
f 758/884/598 773/899/730 618/726/731 617/724/599
f 789/915/732 797/923/733 622/734/724 621/732/734
f 777/903/735 774/900/597 616/722/600 615/720/736
f 765/891/737 777/903/735 615/720/736 614/718/738
f 780/906/739 765/891/737 614/718/738 613/716/740
f 768/894/741 780/906/739 613/716/740 612/714/742
f 762/888/743 768/894/741 612/714/742 611/712/744
f 759/885/745 785/911/746 623/736/747 620/730/748
f 753/877/749 762/888/743 611/712/744 610/708/750
f 798/924/751 753/876/749 610/709/750 609/706/725
f 797/923/733 798/924/751 609/706/725 622/734/724
f 792/918/752 789/915/732 621/732/734 624/738/753
f 773/899/730 788/914/754 619/728/755 618/726/731
f 788/914/754 759/885/745 620/730/748 619/728/755
f 785/911/746 792/918/752 624/738/753 623/736/747
f 639/755/719 640/756/703 794/920/756 783/909/757
f 783/909/757 794/920/756 793/919/758 784/910/759
f 784/910/759 793/919/758 792/918/752 785/911/746
f 626/741/688 625/740/720 761/887/760 786/912/761
f 786/912/761 761/887/760 760/886/762 787/913/763
f 787/913/763 760/886/762 759/885/745 788/914/754
f 627/742/689 626/741/688 786/912/761 771/897/764
f 771/897/764 786/912/761 787/913/763 772/898/765
f 772/898/765 787/913/763 788/914/754 773/899/730
f 640/756/703 638/754/685 791/917/766 794/920/756
f 794/920/756 791/917/766 790/916/767 793/919/758
f 793/919/758 790/916/767 789/915/732 792/918/752
f 637/753/684 636/752/729 800/926/768 795/921/769
f 795/921/769 800/926/768 799/925/770 796/922/771
f 796/922/771 799/925/770 798/924/751 797/923/733
f 636/752/729 635/750/722 755/880/772 800/926/768
f 800/926/768 755/880/772 754/878/773 799/925/770
f 799/925/770 754/878/773 753/876/749 798/924/751
f 635/751/722 634/749/721 764/890/774 755/881/772
f 755/881/772 764/890/774 763/889/775 754/879/773
f 754/879/773 763/889/775 762/888/743 753/877/749
f 625/740/720 639/755/719 783/909/757 761/887/760
f 761/887/760 783/909/757 784/910/759 760/886/762
f 760/886/762 784/910/759 785/911/746 759/885/745
f 634/749/721 633/748/709 770/896/776 764/890/774
f 764/890/774 770/896/776 769/895/777 763/889/775
f 763/889/775 769/895/777 768/894/741 762/888/743
f 633/748/709 632/747/708 782/908/778 770/896/776
f 770/896/776 782/908/778 781/907/779 769/895/777
f 769/895/777 781/907/779 780/906/739 768/894/741
f 632/747/708 631/746/711 767/893/780 782/908/778
f 782/908/778 767/893/780 766/892/781 781/907/779
f 781/907/779 766/892/781 765/891/737 780/906/739
f 631/746/711 630/745/715 779/905/782 767/893/780
f 767/893/780 779/905/782 778/904/783 766/892/781
f 766/892/781 778/904/783 777/903/735 765/891/737
f 630/745/715 629/744/714 776/902/784 779/905/782
f 779/905/782 776/902/784 775/901/785 778/904/783
f 778/904/783 775/901/785 774/900/597 777/903/735
f 638/754/685 637/753/684 795/921/769 791/917/766
f 791/917/766 795/921/769 796/922/771 790/916/767
f 790/916/767 796/922/771 797/923/733 789/915/732
f 628/743/728 627/742/689 771/897/764 756/882/786
f 756/882/786 771/897/764 772/898/765 757/883/787
f 757/883/787 772/898/765 773/899/730 758/884/598
f 629/744/714 628/743/728 756/882/786 776/902/784
f 776/902/784 756/882/786 757/883/787 775/901/785
f 775/901/785 757/883/787 758/884/598 774/900/597
f 802/930/788 801/928/789 879/1042/790 877/1039/791
f 611/713/744 612/715/742 827/973/792 822/966/793
f 613/717/740 614/719/738 838/984/794 826/972/795
f 618/727/731 619/729/755 846/992/796 830/976/797
f 615/721/736 616/723/600 833/979/798 839/985/799
f 610/710/750 611/713/744 822/966/793 823/968/800
f 825/971/801 837/983/802 810/945/803 813/953/804
f 612/715/742 613/717/740 826/972/795 827/973/792
f 837/983/802 840/986/805 809/943/806 810/945/803
f 623/737/747 624/739/753 848/994/807 842/988/808
f 617/725/599 618/727/731 830/976/797 831/977/809
f 614/719/738 615/721/736 839/985/799 838/984/794
f 803/932/810 816/960/811 849/995/812 875/1036/813
f 620/731/748 623/737/747 842/988/808 843/989/814
f 821/965/815 828/974/816 805/935/817 806/937/818
f 621/733/734 622/735/724 818/962/727 819/963/819
f 624/739/753 621/733/734 819/963/819 848/994/807
f 847/993/820 820/964/821 802/929/788 811/947/822
f 619/729/755 620/731/748 843/989/814 846/992/796
f 845/991/823 844/990/824 808/941/825 816/959/811
f 841/987/826 847/993/820 811/947/822 807/939/827
f 616/723/600 617/725/599 831/977/809 833/979/798
f 844/990/824 841/987/826 807/939/827 808/941/825
f 840/986/805 834/980/828 814/955/829 809/943/806
f 829/975/830 845/991/823 816/959/811 803/931/810
f 836/982/831 824/969/832 812/949/833 815/957/834
f 609/707/725 610/711/750 823/967/800 835/981/726
f 834/980/828 832/978/835 804/933/836 814/955/829
f 832/978/835 829/975/830 803/931/810 804/933/836
f 828/974/816 825/971/801 813/953/804 805/935/817
f 824/970/832 821/965/815 806/937/818 812/950/833
f 820/964/821 817/961/837 801/927/789 802/929/788
f 836/982/831 817/961/837 818/962/727 835/981/726
f 820/964/821 847/993/820 848/994/807 819/963/819
f 847/993/820 841/987/826 842/988/808 848/994/807
f 844/990/824 845/991/823 846/992/796 843/989/814
f 840/986/805 837/983/802 838/984/794 839/985/799
f 845/991/823 829/975/830 830/976/797 846/992/796
f 841/987/826 844/990/824 843/989/814 842/988/808
f 834/980/828 840/986/805 839/985/799 833/979/798
f 837/983/802 825/971/801 826/972/795 838/984/794
f 824/969/832 836/982/831 835/981/726 823/967/800
f 828/974/816 821/965/815 822/966/793 827/973/792
f 832/978/835 834/980/828 833/979/798 831/977/809
f 829/975/830 832/978/835 831/977/809 830/976/797
f 825/971/801 828/974/816 827/973/792 826/972/795
f 821/965/815 824/970/832 823/968/800 822/966/793
f 817/961/837 820/964/821 819/963/819 818/962/727
f 817/961/837 836/982/831 815/957/834 801/927/789
f 809/944/806 814/956/829 853/1001/838 863/1018/839
f 804/934/836 803/932/810 875/1036/813 873/1033/840
f 801/928/789 815/958/834 851/998/841 879/1042/790
f 806/938/818 805/936/817 871/1030/842 869/1027/843
f 815/958/834 812/951/833 857/1007/844 851/998/841
f 808/942/825 807/940/827 867/1024/845 865/1021/846
f 810/946/803 809/944/806 863/1018/839 861/1015/847
f 813/954/804 810/946/803 861/1015/847 855/1004/848
f 807/940/827 811/948/822 859/1012/849 867/1024/845
f 814/956/829 804/934/836 873/1033/840 853/1001/838
f 812/952/833 806/938/818 869/1027/843 857/1008/844
f 811/948/822 802/930/788 877/1039/791 859/1012/849
f 805/936/817 813/954/804 855/1004/848 871/1030/842
f 860/1013/850 868/1025/851 867/1024/845 859/1012/849
f 866/1022/852 850/997/853 849/995/812 865/1021/846
f 866/1023/852 880/1044/854 854/1003/855
f 858/1009/856 852/999/857 851/998/841 857/1007/844
f 850/996/853 866/1023/852 854/1003/855
f 870/1029/858 858/1010/856 857/1008/844 869/1027/843
f 876/1037/859 850/996/853 854/1003/855
f 868/1025/851 866/1022/852 865/1021/846 867/1024/845
f 854/1003/855 874/1034/860 876/1037/859
f 876/1038/859 874/1035/860 873/1033/840 875/1036/813
f 862/1016/861 864/1019/862 854/1003/855
f 854/1002/855 864/1020/862 863/1018/839 853/1001/838
f 856/1005/863 862/1016/861 854/1003/855
f 850/997/853 876/1038/859 875/1036/813 849/995/812
f 872/1032/864 856/1005/863 854/1003/855
f 852/999/857 880/1043/854 879/1042/790 851/998/841
f 858/1011/856 870/1028/858 872/1032/864
f 878/1040/865 860/1013/850 859/1012/849 877/1039/791
f 852/1000/857 858/1011/856 872/1032/864
f 872/1031/864 870/1029/858 869/1027/843 871/1030/842
f 880/1044/854 852/1000/857 872/1032/864
f 880/1043/854 878/1040/865 877/1039/791 879/1042/790
f 878/1041/865 880/1044/854 866/1023/852
f 874/1035/860 854/1002/855 853/1001/838 873/1033/840
f 860/1014/850 878/1041/865 866/1023/852
f 864/1020/862 862/1017/861 861/1015/847 863/1018/839
f 866/1023/852 868/1026/851 860/1014/850
f 856/1006/863 872/1031/864 871/1030/842 855/1004/848
f 880/1044/854 872/1032/864 854/1003/855
f 862/1017/861 856/1006/863 855/1004/848 861/1015/847
f 816/960/811 808/942/825 865/1021/846 849/995/812
f 1087/1340/587 1089/1343/583 883/1049/4 884/1051/560
f 1101/1361/624 1103/1364/553 881/1045/555 882/1047/79
f 1085/1337/595 1087/1340/587 884/1051/560 896/1077/74
f 1099/1358/557 1101/1361/624 882/1047/79 895/1075/566
f 1083/1333/644 1085/1337/595 896/1077/74 894/1071/565
f 1097/1355/556 1099/1358/557 895/1075/566 893/1069/151
f 1081/1329/640 1083/1332/644 894/1072/565 892/1067/146
f 1095/1352/571 1097/1355/556 893/1069/151 891/1065/564
f 1079/1326/636 1081/1329/640 892/1067/146 890/1063/563
f 1093/1349/575 1095/1352/571 891/1065/564 889/1061/223
f 1077/1323/628 1079/1326/636 890/1063/563 888/1059/218
f 1091/1346/579 1093/1349/575 889/1061/223 887/1057/562
f 1075/1320/616 1077/1323/628 888/1059/218 885/1054/561
f 1089/1343/583 1091/1346/579 887/1057/562 883/1049/4
f 975/1213/866 971/1209/867 994/1232/868 990/1228/869
f 909/1105/870 907/1099/870 1003/1241/871 1007/1247/872
f 973/1211/873 969/1207/874 996/1234/875 992/1230/876
f 909/1106/74 911/1110/560 915/1117/560 920/1127/74
f 971/1209/867 967/1205/877 998/1236/878 994/1232/868
f 895/1076/603 882/1048/603 947/1183/879 960/1196/880
f 948/1184/881 981/1219/882 984/1222/883 945/1181/884
f 969/1207/874 965/1203/885 1000/1238/886 996/1234/875
f 896/1078/603 884/1052/603 951/1187/887 958/1194/888
f 952/1188/889 979/1217/890 986/1224/891 949/1185/892
f 967/1205/877 963/1201/893 1002/1240/894 998/1236/878
f 881/1046/603 886/1055/603 955/1191/895 982/1220/896
f 965/1203/885 961/1198/897 1004/1244/898 1000/1238/886
f 956/1192/899 977/1215/900 988/1226/901 953/1189/902
f 963/1201/893 959/1195/903 1006/1246/904 1002/1240/894
f 901/1087/870 899/1083/870 987/1225/905 991/1229/906
f 898/1081/870 911/1109/870 950/1186/907 985/1223/908
f 897/1079/870 910/1107/870 946/1182/909 983/1221/910
f 893/1070/603 895/1076/603 960/1196/880 964/1202/911
f 892/1068/603 894/1073/603 962/1200/912 966/1204/913
f 891/1066/603 893/1070/603 964/1202/911 968/1206/914
f 890/1064/603 892/1068/603 966/1204/913 970/1208/915
f 889/1062/603 891/1066/603 968/1206/914 972/1210/916
f 888/1060/603 890/1064/603 970/1208/915 974/1212/917
f 887/1058/603 889/1062/603 972/1210/916 976/1214/918
f 885/1053/603 888/1060/603 974/1212/917 978/1216/919
f 883/1050/603 887/1058/603 976/1214/918 980/1218/920
f 900/1085/870 898/1081/870 985/1223/908 989/1227/921
f 899/1083/870 912/1111/870 954/1190/922 987/1225/905
f 981/1219/882 956/1192/899 953/1189/902 984/1222/883
f 957/1193/923 952/1188/889 949/1185/892 1008/1248/924
f 959/1195/903 948/1184/881 945/1181/884 1006/1246/904
f 908/1103/870 906/1097/870 1001/1239/925 1005/1245/926
f 977/1215/900 973/1211/873 992/1230/876 988/1226/901
f 907/1100/870 905/1095/870 999/1237/927 1003/1242/871
f 979/1217/890 975/1213/866 990/1228/869 986/1224/891
f 906/1097/870 904/1093/870 997/1235/928 1001/1239/925
f 886/1055/603 885/1053/603 978/1216/919 955/1191/895
f 905/1095/870 903/1091/870 995/1233/929 999/1237/927
f 894/1074/603 896/1078/603 958/1194/888 962/1199/912
f 904/1093/870 902/1089/870 993/1231/930 997/1235/928
f 884/1052/603 883/1050/603 980/1218/920 951/1187/887
f 912/1111/870 897/1079/870 983/1221/910 954/1190/922
f 903/1091/870 901/1087/870 991/1229/906 995/1233/929
f 882/1048/603 881/1046/603 982/1220/896 947/1183/879
f 911/1109/870 909/1105/870 1007/1247/872 950/1186/907
f 902/1089/870 900/1085/870 989/1227/921 993/1231/930
f 961/1197/897 957/1193/923 1008/1248/924 1004/1243/898
f 952/1188/889 957/1193/923 958/1194/888 951/1187/887
f 948/1184/881 959/1195/903 960/1196/880 947/1183/879
f 957/1193/923 961/1197/897 962/1199/912 958/1194/888
f 959/1195/903 963/1201/893 964/1202/911 960/1196/880
f 961/1198/897 965/1203/885 966/1204/913 962/1200/912
f 963/1201/893 967/1205/877 968/1206/914 964/1202/911
f 965/1203/885 969/1207/874 970/1208/915 966/1204/913
f 967/1205/877 971/1209/867 972/1210/916 968/1206/914
f 969/1207/874 973/1211/873 974/1212/917 970/1208/915
f 971/1209/867 975/1213/866 976/1214/918 972/1210/916
f 973/1211/873 977/1215/900 978/1216/919 974/1212/917
f 975/1213/866 979/1217/890 980/1218/920 976/1214/918
f 956/1192/899 981/1219/882 982/1220/896 955/1191/895
f 977/1215/900 956/1192/899 955/1191/895 978/1216/919
f 979/1217/890 952/1188/889 951/1187/887 980/1218/920
f 981/1219/882 948/1184/881 947/1183/879 982/1220/896
f 950/1186/907 1007/1247/872 1008/1248/924 949/1185/892
f 946/1182/909 1005/1245/926 1006/1246/904 945/1181/884
f 1007/1247/872 1003/1241/871 1004/1243/898 1008/1248/924
f 1005/1245/926 1001/1239/925 1002/1240/894 1006/1246/904
f 1003/1242/871 999/1237/927 1000/1238/886 1004/1244/898
f 1001/1239/925 997/1235/928 998/1236/878 1002/1240/894
f 999/1237/927 995/1233/929 996/1234/875 1000/1238/886
f 997/1235/928 993/1231/930 994/1232/868 998/1236/878
f 995/1233/929 991/1229/906 992/1230/876 996/1234/875
f 993/1231/930 989/1227/921 990/1228/869 994/1232/868
f 991/1229/906 987/1225/905 988/1226/901 992/1230/876
f 989/1227/921 985/1223/908 986/1224/891 990/1228/869
f 954/1190/922 983/1221/910 984/1222/883 953/1189/902
f 987/1225/905 954/1190/922 953/1189/902 988/1226/901
f 985/1223/908 950/1186/907 949/1185/892 986/1224/891
f 983/1221/910 946/1182/909 945/1181/884 984/1222/883
f 910/1107/870 908/1103/870 1005/1245/926 946/1182/909
f 1029/1273/931 1028/1272/877 1024/1268/878 1051/1295/868
f 908/1104/566 910/1108/79 917/1121/79 922/1131/566
f 1034/1278/900 1031/1275/932 1038/1282/933 1072/1316/901
f 907/1101/565 909/1106/74 920/1127/74 924/1137/565
f 921/1130/934 925/1142/934 1022/1266/935 1056/1300/926
f 906/1098/151 908/1104/566 922/1131/566 926/1143/151
f 938/1168/603 934/1159/603 1030/1274/916 1047/1291/918
f 905/1096/146 907/1102/565 924/1138/565 928/1147/146
f 939/1170/870 914/1116/870 1064/1308/922 1071/1315/905
f 904/1094/564 906/1098/151 926/1143/151 930/1151/564
f 1060/1304/936 1014/1256/882 1016/1258/883 1069/1313/937
f 903/1092/563 905/1096/146 928/1147/146 932/1155/563
f 1054/1298/874 1019/1263/885 1043/1287/886 1036/1280/938
f 902/1090/223 904/1094/564 930/1151/564 934/1160/223
f 934/1159/603 930/1152/603 1027/1271/939 1030/1274/916
f 901/1088/218 903/1092/563 932/1155/563 936/1163/218
f 1026/1270/893 1061/1305/903 1055/1299/904 1021/1265/894
f 900/1086/562 902/1090/223 934/1160/223 938/1167/562
f 925/1142/934 929/1150/934 1023/1267/928 1022/1266/935
f 899/1084/561 901/1088/218 936/1163/218 940/1171/561
f 1061/1305/903 1060/1304/936 1069/1313/937 1055/1299/904
f 898/1082/4 900/1086/562 938/1167/562 942/1175/4
f 926/1144/940 922/1132/940 1062/1306/941 1025/1269/911
f 897/1080/555 912/1112/13 913/1113/13 944/1179/555
f 1058/1302/942 1067/1311/889 1066/1310/892 1009/1249/943
f 912/1112/13 899/1084/561 940/1171/561 913/1113/13
f 931/1154/870 935/1162/870 1037/1281/906 1035/1279/929
f 911/1110/560 898/1082/4 942/1175/4 915/1117/560
f 922/1132/940 917/1122/603 1059/1303/879 1062/1306/941
f 910/1108/79 897/1080/555 944/1179/555 917/1121/79
f 917/1122/603 944/1180/603 1013/1255/896 1059/1303/879
f 1018/1262/897 1058/1302/942 1009/1249/943 1012/1253/898
f 920/1128/603 915/1118/603 1068/1312/887 1057/1301/888
f 1019/1263/885 1018/1261/897 1012/1254/898 1043/1287/886
f 1028/1272/877 1026/1270/893 1021/1265/894 1024/1268/878
f 923/1135/870 927/1146/870 1044/1288/927 1011/1251/871
f 929/1150/934 933/1158/870 1052/1296/930 1023/1267/928
f 932/1156/940 928/1148/940 1020/1264/913 1053/1297/915
f 930/1152/603 926/1144/940 1025/1269/911 1027/1271/939
f 940/1172/603 936/1164/603 1032/1276/917 1033/1277/919
f 936/1164/603 932/1156/940 1053/1297/915 1032/1276/917
f 913/1114/603 940/1172/603 1033/1277/919 1046/1290/895
f 933/1158/870 937/1166/870 1040/1284/921 1052/1296/930
f 914/1116/870 943/1178/870 1015/1257/910 1064/1308/922
f 927/1146/870 931/1154/870 1035/1279/929 1044/1288/927
f 942/1176/603 938/1168/603 1047/1291/918 1050/1294/920
f 944/1180/603 913/1114/603 1046/1290/895 1013/1255/896
f 1067/1311/889 1049/1293/890 1042/1286/891 1066/1310/892
f 1048/1292/866 1029/1273/931 1051/1295/868 1039/1283/869
f 918/1124/870 921/1130/934 1056/1300/926 1070/1314/909
f 937/1166/870 941/1174/870 1041/1285/908 1040/1284/921
f 928/1148/940 924/1139/603 1017/1259/912 1020/1264/913
f 935/1162/870 939/1170/870 1071/1315/905 1037/1281/906
f 916/1120/870 919/1126/870 1010/1250/872 1065/1309/907
f 943/1178/870 918/1124/870 1070/1314/909 1015/1257/910
f 1014/1256/882 1045/1289/899 1063/1307/902 1016/1258/883
f 1049/1293/890 1048/1292/866 1039/1283/869 1042/1286/891
f 1045/1289/899 1034/1278/900 1072/1316/901 1063/1307/902
f 915/1118/603 942/1176/603 1050/1294/920 1068/1312/887
f 941/1174/870 916/1120/870 1065/1309/907 1041/1285/908
f 1031/1275/932 1054/1298/874 1036/1280/938 1038/1282/933
f 924/1140/603 920/1128/603 1057/1301/888 1017/1260/912
f 1044/1288/927 1035/1279/929 1036/1280/938 1043/1287/886
f 1040/1284/921 1041/1285/908 1042/1286/891 1039/1283/869
f 1054/1298/874 1031/1275/932 1032/1276/917 1053/1297/915
f 1035/1279/929 1037/1281/906 1038/1282/933 1036/1280/938
f 1010/1250/872 1011/1252/871 1012/1253/898 1009/1249/943
f 1034/1278/900 1045/1289/899 1046/1290/895 1033/1277/919
f 1022/1266/935 1023/1267/928 1024/1268/878 1021/1265/894
f 1031/1275/932 1034/1278/900 1033/1277/919 1032/1276/917
f 1052/1296/930 1040/1284/921 1039/1283/869 1051/1295/868
f 1028/1272/877 1029/1273/931 1030/1274/916 1027/1271/939
f 1048/1292/866 1049/1293/890 1050/1294/920 1047/1291/918
f 1018/1261/897 1019/1263/885 1020/1264/913 1017/1259/912
f 1026/1270/893 1028/1272/877 1027/1271/939 1025/1269/911
f 1056/1300/926 1022/1266/935 1021/1265/894 1055/1299/904
f 1058/1302/942 1018/1262/897 1017/1260/912 1057/1301/888
f 1060/1304/936 1061/1305/903 1062/1306/941 1059/1303/879
f 1041/1285/908 1065/1309/907 1066/1310/892 1042/1286/891
f 1049/1293/890 1067/1311/889 1068/1312/887 1050/1294/920
f 1065/1309/907 1010/1250/872 1009/1249/943 1066/1310/892
f 1070/1314/909 1056/1300/926 1055/1299/904 1069/1313/937
f 1061/1305/903 1026/1270/893 1025/1269/911 1062/1306/941
f 1011/1251/871 1044/1288/927 1043/1287/886 1012/1254/898
f 1019/1263/885 1054/1298/874 1053/1297/915 1020/1264/913
f 1023/1267/928 1052/1296/930 1051/1295/868 1024/1268/878
f 1029/1273/931 1048/1292/866 1047/1291/918 1030/1274/916
f 1037/1281/906 1071/1315/905 1072/1316/901 1038/1282/933
f 1064/1308/922 1015/1257/910 1016/1258/883 1063/1307/902
f 1015/1257/910 1070/1314/909 1069/1313/937 1016/1258/883
f 1014/1256/882 1060/1304/936 1059/1303/879 1013/1255/896
f 1067/1311/889 1058/1302/942 1057/1301/888 1068/1312/887
f 1071/1315/905 1064/1308/922 1063/1307/902 1072/1316/901
f 1045/1289/899 1014/1256/882 1013/1255/896 1046/1290/895
f 919/1126/870 923/1136/870 1011/1252/871 1010/1250/872
f 1075/1320/616 1073/1317/554 1074/1319/944 1076/1321/945
f 1077/1323/628 1075/1320/616 1076/1321/945 1078/1324/946
f 1079/1326/636 1077/1323/628 1078/1324/946 1080/1327/947
f 1096/1354/603 1092/1348/603 1076/1322/603
f 1081/1329/640 1079/1326/636 1080/1327/947 1082/1330/948
f 1100/1360/603 1096/1354/603 1076/1322/603
f 1083/1332/644 1081/1329/640 1082/1330/948 1084/1334/949
f 1078/1325/603 1076/1322/603 1084/1336/603
f 1085/1337/595 1083/1333/644 1084/1335/949 1086/1338/950
f 1080/1328/603 1078/1325/603 1084/1336/603
f 1087/1340/587 1085/1337/595 1086/1338/950 1088/1341/951
f 1084/1336/603 1082/1331/603 1080/1328/603
f 1089/1343/583 1087/1340/587 1088/1341/951 1090/1344/952
f 1088/1342/603 1086/1339/603 1084/1336/603
f 1091/1346/579 1089/1343/583 1090/1344/952 1092/1347/953
f 1090/1345/603 1088/1342/603 1084/1336/603
f 1093/1349/575 1091/1346/579 1092/1347/953 1094/1350/954
f 1092/1348/603 1090/1345/603 1084/1336/603
f 1095/1352/571 1093/1349/575 1094/1350/954 1096/1353/955
f 1096/1354/603 1094/1351/603 1092/1348/603
f 1097/1355/556 1095/1352/571 1096/1353/955 1098/1357/956
f 1100/1360/603 1098/1356/603 1096/1354/603
f 1099/1358/557 1097/1355/556 1098/1357/956 1100/1359/957
f 1104/1365/603 1102/1362/603 1100/1360/603
f 1101/1361/624 1099/1358/557 1100/1359/957 1102/1363/958
f 1074/1318/603 1104/1365/603 1100/1360/603
f 1103/1364/553 1101/1361/624 1102/1363/958 1104/1366/959
f 1076/1322/603 1074/1318/603 1100/1360/603
f 1073/1317/554 1103/1364/553 1104/1366/959 1074/1319/944
f 1092/1348/603 1084/1336/603 1076/1322/603
f 1073/1317/554 1075/1320/616 885/1054/561 886/1056/13
f 740/862/705 747/869/698 603/695/701 604/697/706
f 1105/1367/960 1117/1380/961 1128/1392/962 1116/1379/4
f 1106/1368/963 1118/1381/964 1117/1380/961 1105/1367/960
f 1107/1369/965 1119/1382/966 1118/1381/964 1106/1368/963
f 1108/1370/967 1120/1383/968 1119/1382/966 1107/1369/965
f 1109/1371/845 1121/1384/969 1120/1383/968 1108/1370/967
f 1110/1372/13 1122/1385/970 1121/1384/969 1109/1371/845
f 1111/1374/971 1123/1387/972 1122/1386/970 1110/1373/13
f 1112/1375/973 1124/1388/974 1123/1387/972 1111/1374/971
f 1113/1376/975 1125/1389/976 1124/1388/974 1112/1375/973
f 1114/1377/977 1126/1390/978 1125/1389/976 1113/1376/975
f 1115/1378/979 1127/1391/980 1126/1390/978 1114/1377/977
f 1116/1379/4 1128/1392/962 1127/1391/980 1115/1378/979
f 1117/1380/961 1129/1393/981 1140/1405/982 1128/1392/962
f 1118/1381/964 1130/1394/983 1129/1393/981 1117/1380/961
f 1119/1382/966 1131/1395/984 1130/1394/983 1118/1381/964
f 1120/1383/968 1132/1396/985 1131/1395/984 1119/1382/966
f 1121/1384/969 1133/1397/986 1132/1396/985 1120/1383/968
f 1122/1385/970 1134/1398/987 1133/1397/986 1121/1384/969
f 1123/1387/972 1135/1400/988 1134/1399/987 1122/1386/970
f 1124/1388/974 1136/1401/989 1135/1400/988 1123/1387/972
f 1125/1389/976 1137/1402/990 1136/1401/989 1124/1388/974
f 1126/1390/978 1138/1403/991 1137/1402/990 1125/1389/976
f 1127/1391/980 1139/1404/992 1138/1403/991 1126/1390/978
f 1128/1392/962 1140/1405/982 1139/1404/992 1127/1391/980
f 1129/1393/981 1141/1406/993 1152/1418/74 1140/1405/982
f 1130/1394/983 1142/1407/994 1141/1406/993 1129/1393/981
f 1131/1395/984 1143/1408/995 1142/1407/994 1130/1394/983
f 1132/1396/985 1144/1409/996 1143/1408/995 1131/1395/984
f 1133/1397/986 1145/1410/997 1144/1409/996 1132/1396/985
f 1134/1398/987 1146/1411/79 1145/1410/997 1133/1397/986
f 1135/1400/988 1147/1413/998 1146/1412/79 1134/1399/987
f 1136/1401/989 1148/1414/999 1147/1413/998 1135/1400/988
f 1137/1402/990 1149/1415/1000 1148/1414/999 1136/1401/989
f 1138/1403/991 1150/1416/1001 1149/1415/1000 1137/1402/990
f 1139/1404/992 1151/1417/1002 1150/1416/1001 1138/1403/991
f 1140/1405/982 1152/1418/74 1151/1417/1002 1139/1404/992
f 1141/1406/993 1153/1419/1003 1164/1431/1004 1152/1418/74
f 1142/1407/994 1154/1420/1005 1153/1419/1003 1141/1406/993
f 1143/1408/995 1155/1421/1006 1154/1420/1005 1142/1407/994
f 1144/1409/996 1156/1422/1007 1155/1421/1006 1143/1408/995
f 1145/1410/997 1157/1423/1008 1156/1422/1007 1144/1409/996
f 1146/1411/79 1158/1424/1009 1157/1423/1008 1145/1410/997
f 1147/1413/998 1159/1426/1010 1158/1425/1009 1146/1412/79
f 1148/1414/999 1160/1427/1011 1159/1426/1010 1147/1413/998
f 1149/1415/1000 1161/1428/1012 1160/1427/1011 1148/1414/999
f 1150/1416/1001 1162/1429/1013 1161/1428/1012 1149/1415/1000
f 1151/1417/1002 1163/1430/1014 1162/1429/1013 1150/1416/1001
f 1152/1418/74 1164/1431/1004 1163/1430/1014 1151/1417/1002
f 1153/1419/1003 1165/1432/1015 1176/1444/1016 1164/1431/1004
f 1154/1420/1005 1166/1433/1017 1165/1432/1015 1153/1419/1003
f 1155/1421/1006 1167/1434/1018 1166/1433/1017 1154/1420/1005
f 1156/1422/1007 1168/1435/1019 1167/1434/1018 1155/1421/1006
f 1157/1423/1008 1169/1436/1020 1168/1435/1019 1156/1422/1007
f 1158/1424/1009 1170/1437/1021 1169/1436/1020 1157/1423/1008
f 1159/1426/1010 1171/1439/1022 1170/1438/1021 1158/1425/1009
f 1160/1427/1011 1172/1440/1023 1171/1439/1022 1159/1426/1010
f 1161/1428/1012 1173/1441/1024 1172/1440/1023 1160/1427/1011
f 1162/1429/1013 1174/1442/1025 1173/1441/1024 1161/1428/1012
f 1163/1430/1014 1175/1443/1026 1174/1442/1025 1162/1429/1013
f 1164/1431/1004 1176/1444/1016 1175/1443/1026 1163/1430/1014
f 1165/1432/1015 1177/1445/1027 1188/1457/146 1176/1444/1016
f 1166/1433/1017 1178/1446/1028 1177/1445/1027 1165/1432/1015
f 1167/1434/1018 1179/1447/1029 1178/1446/1028 1166/1433/1017
f 1168/1435/1019 1180/1448/1030 1179/1447/1029 1167/1434/1018
f 1169/1436/1020 1181/1449/840 1180/1448/1030 1168/1435/1019
f 1170/1437/1021 1182/1450/151 1181/1449/840 1169/1436/1020
f 1171/1439/1022 1183/1452/1031 1182/1451/151 1170/1438/1021
f 1172/1440/1023 1184/1453/1032 1183/1452/1031 1171/1439/1022
f 1173/1441/1024 1185/1454/1033 1184/1453/1032 1172/1440/1023
f 1174/1442/1025 1186/1455/1034 1185/1454/1033 1173/1441/1024
f 1175/1443/1026 1187/1456/1035 1186/1455/1034 1174/1442/1025
f 1176/1444/1016 1188/1457/146 1187/1456/1035 1175/1443/1026
f 1177/1445/1027 1189/1458/1036 1200/1470/1037 1188/1457/146
f 1178/1446/1028 1190/1459/1038 1189/1458/1036 1177/1445/1027
f 1179/1447/1029 1191/1460/1039 1190/1459/1038 1178/1446/1028
f 1180/1448/1030 1192/1461/1040 1191/1460/1039 1179/1447/1029
f 1181/1449/840 1193/1462/1041 1192/1461/1040 1180/1448/1030
f 1182/1450/151 1194/1463/1042 1193/1462/1041 1181/1449/840
f 1183/1452/1031 1195/1465/1043 1194/1464/1042 1182/1451/151
f 1184/1453/1032 1196/1466/1044 1195/1465/1043 1183/1452/1031
f 1185/1454/1033 1197/1467/1045 1196/1466/1044 1184/1453/1032
f 1186/1455/1034 1198/1468/1046 1197/1467/1045 1185/1454/1033
f 1187/1456/1035 1199/1469/1047 1198/1468/1046 1186/1455/1034
f 1188/1457/146 1200/1470/1037 1199/1469/1047 1187/1456/1035
f 1189/1458/1036 1201/1471/1048 1212/1483/1049 1200/1470/1037
f 1190/1459/1038 1202/1472/1050 1201/1471/1048 1189/1458/1036
f 1191/1460/1039 1203/1473/1051 1202/1472/1050 1190/1459/1038
f 1192/1461/1040 1204/1474/1052 1203/1473/1051 1191/1460/1039
f 1193/1462/1041 1205/1475/1053 1204/1474/1052 1192/1461/1040
f 1194/1463/1042 1206/1476/1054 1205/1475/1053 1193/1462/1041
f 1195/1465/1043 1207/1478/1055 1206/1477/1054 1194/1464/1042
f 1196/1466/1044 1208/1479/1056 1207/1478/1055 1195/1465/1043
f 1197/1467/1045 1209/1480/1057 1208/1479/1056 1196/1466/1044
f 1198/1468/1046 1210/1481/1058 1209/1480/1057 1197/1467/1045
f 1199/1469/1047 1211/1482/1059 1210/1481/1058 1198/1468/1046
f 1200/1470/1037 1212/1483/1049 1211/1482/1059 1199/1469/1047
f 1201/1471/1048 1213/1484/1060 1224/1496/218 1212/1483/1049
f 1202/1472/1050 1214/1485/1061 1213/1484/1060 1201/1471/1048
f 1203/1473/1051 1215/1486/1062 1214/1485/1061 1202/1472/1050
f 1204/1474/1052 1216/1487/1063 1215/1486/1062 1203/1473/1051
f 1205/1475/1053 1217/1488/1064 1216/1487/1063 1204/1474/1052
f 1206/1476/1054 1218/1489/223 1217/1488/1064 1205/1475/1053
f 1207/1478/1055 1219/1491/1065 1218/1490/223 1206/1477/1054
f 1208/1479/1056 1220/1492/1066 1219/1491/1065 1207/1478/1055
f 1209/1480/1057 1221/1493/1067 1220/1492/1066 1208/1479/1056
f 1210/1481/1058 1222/1494/1068 1221/1493/1067 1209/1480/1057
f 1211/1482/1059 1223/1495/1069 1222/1494/1068 1210/1481/1058
f 1212/1483/1049 1224/1496/218 1223/1495/1069 1211/1482/1059
f 1213/1484/1060 1225/1497/1070 1236/1509/1071 1224/1496/218
f 1214/1485/1061 1226/1498/1072 1225/1497/1070 1213/1484/1060
f 1215/1486/1062 1227/1499/1073 1226/1498/1072 1214/1485/1061
f 1216/1487/1063 1228/1500/1074 1227/1499/1073 1215/1486/1062
f 1217/1488/1064 1229/1501/1075 1228/1500/1074 1216/1487/1063
f 1218/1489/223 1230/1502/1076 1229/1501/1075 1217/1488/1064
f 1219/1491/1065 1231/1504/1077 1230/1503/1076 1218/1490/223
f 1220/1492/1066 1232/1505/1078 1231/1504/1077 1219/1491/1065
f 1221/1493/1067 1233/1506/1079 1232/1505/1078 1220/1492/1066
f 1222/1494/1068 1234/1507/1080 1233/1506/1079 1221/1493/1067
f 1223/1495/1069 1235/1508/1081 1234/1507/1080 1222/1494/1068
f 1224/1496/218 1236/1509/1071 1235/1508/1081 1223/1495/1069
f 1225/1497/1070 1237/1510/1082 1248/1522/1083 1236/1509/1071
f 1226/1498/1072 1238/1511/1084 1237/1510/1082 1225/1497/1070
f 1227/1499/1073 1239/1512/1085 1238/1511/1084 1226/1498/1072
f 1228/1500/1074 1240/1513/1086 1239/1512/1085 1227/1499/1073
f 1229/1501/1075 1241/1514/1087 1240/1513/1086 1228/1500/1074
f 1230/1502/1076 1242/1515/1088 1241/1514/1087 1229/1501/1075
f 1231/1504/1077 1243/1517/1089 1242/1516/1088 1230/1503/1076
f 1232/1505/1078 1244/1518/1090 1243/1517/1089 1231/1504/1077
f 1233/1506/1079 1245/1519/1091 1244/1518/1090 1232/1505/1078
f 1234/1507/1080 1246/1520/1092 1245/1519/1091 1233/1506/1079
f 1235/1508/1081 1247/1521/1093 1246/1520/1092 1234/1507/1080
f 1236/1509/1071 1248/1522/1083 1247/1521/1093 1235/1508/1081
f 1237/1510/1082 1249/1523/1094 1260/1535/13 1248/1522/1083
f 1238/1511/1084 1250/1524/1095 1249/1523/1094 1237/1510/1082
f 1239/1512/1085 1251/1525/1096 1250/1524/1095 1238/1511/1084
f 1240/1513/1086 1252/1526/1097 1251/1525/1096 1239/1512/1085
f 1241/1514/1087 1253/1527/848 1252/1526/1097 1240/1513/1086
f 1242/1515/1088 1254/1528/4 1253/1527/848 1241/1514/1087
f 1243/1517/1089 1255/1530/1098 1254/1529/4 1242/1516/1088
f 1244/1518/1090 1256/1531/1099 1255/1530/1098 1243/1517/1089
f 1245/1519/1091 1257/1532/1100 1256/1531/1099 1244/1518/1090
f 1246/1520/1092 1258/1533/1101 1257/1532/1100 1245/1519/1091
f 1247/1521/1093 1259/1534/1102 1258/1533/1101 1246/1520/1092
f 1248/1522/1083 1260/1535/13 1259/1534/1102 1247/1521/1093
f 1249/1523/1094 1261/1536/1103 1272/1548/1104 1260/1535/13
f 1250/1524/1095 1262/1537/1105 1261/1536/1103 1249/1523/1094
f 1251/1525/1096 1263/1538/1106 1262/1537/1105 1250/1524/1095
f 1252/1526/1097 1264/1539/1107 1263/1538/1106 1251/1525/1096
f 1253/1527/848 1265/1540/1108 1264/1539/1107 1252/1526/1097
f 1254/1528/4 1266/1541/1109 1265/1540/1108 1253/1527/848
f 1255/1530/1098 1267/1543/1110 1266/1542/1109 1254/1529/4
f 1256/1531/1099 1268/1544/1111 1267/1543/1110 1255/1530/1098
f 1257/1532/1100 1269/1545/1112 1268/1544/1111 1256/1531/1099
f 1258/1533/1101 1270/1546/1113 1269/1545/1112 1257/1532/1100
f 1259/1534/1102 1271/1547/1114 1270/1546/1113 1258/1533/1101
f 1260/1535/13 1272/1548/1104 1271/1547/1114 1259/1534/1102
f 1261/1536/1103 1273/1549/1115 1284/1561/1116 1272/1548/1104
f 1262/1537/1105 1274/1550/1117 1273/1549/1115 1261/1536/1103
f 1263/1538/1106 1275/1551/1118 1274/1550/1117 1262/1537/1105
f 1264/1539/1107 1276/1552/1119 1275/1551/1118 1263/1538/1106
f 1265/1540/1108 1277/1553/1120 1276/1552/1119 1264/1539/1107
f 1266/1541/1109 1278/1554/1121 1277/1553/1120 1265/1540/1108
f 1267/1543/1110 1279/1556/1122 1278/1555/1121 1266/1542/1109
f 1268/1544/1111 1280/1557/1123 1279/1556/1122 1267/1543/1110
f 1269/1545/1112 1281/1558/1124 1280/1557/1123 1268/1544/1111
f 1270/1546/1113 1282/1559/1125 1281/1558/1124 1269/1545/1112
f 1271/1547/1114 1283/1560/1126 1282/1559/1125 1270/1546/1113
f 1272/1548/1104 1284/1561/1116 1283/1560/1126 1271/1547/1114
f 1273/1549/1115 1285/1562/1127 1296/1574/79 1284/1561/1116
f 1274/1550/1117 1286/1563/1128 1285/1562/1127 1273/1549/1115
f 1275/1551/1118 1287/1564/1129 1286/1563/1128 1274/1550/1117
f 1276/1552/1119 1288/1565/1130 1287/1564/1129 1275/1551/1118
f 1277/1553/1120 1289/1566/1131 1288/1565/1130 1276/1552/1119
f 1278/1554/1121 1290/1567/74 1289/1566/1131 1277/1553/1120
f 1279/1556/1122 1291/1569/1132 1290/1568/74 1278/1555/1121
f 1280/1557/1123 1292/1570/1133 1291/1569/1132 1279/1556/1122
f 1281/1558/1124 1293/1571/1134 1292/1570/1133 1280/1557/1123
f 1282/1559/1125 1294/1572/1135 1293/1571/1134 1281/1558/1124
f 1283/1560/1126 1295/1573/1136 1294/1572/1135 1282/1559/1125
f 1284/1561/1116 1296/1574/79 1295/1573/1136 1283/1560/1126
f 1285/1562/1127 1297/1575/1137 1308/1587/1138 1296/1574/79
f 1286/1563/1128 1298/1576/1139 1297/1575/1137 1285/1562/1127
f 1287/1564/1129 1299/1577/1140 1298/1576/1139 1286/1563/1128
f 1288/1565/1130 1300/1578/1141 1299/1577/1140 1287/1564/1129
f 1289/1566/1131 1301/1579/1142 1300/1578/1141 1288/1565/1130
f 1290/1567/74 1302/1580/1143 1301/1579/1142 1289/1566/1131
f 1291/1569/1132 1303/1582/1144 1302/1581/1143 1290/1568/74
f 1292/1570/1133 1304/1583/1145 1303/1582/1144 1291/1569/1132
f 1293/1571/1134 1305/1584/1146 1304/1583/1145 1292/1570/1133
f 1294/1572/1135 1306/1585/1147 1305/1584/1146 1293/1571/1134
f 1295/1573/1136 1307/1586/1148 1306/1585/1147 1294/1572/1135
f 1296/1574/79 1308/1587/1138 1307/1586/1148 1295/1573/1136
f 1297/1575/1137 1309/1588/1149 1320/1600/1150 1308/1587/1138
f 1298/1576/1139 1310/1589/1151 1309/1588/1149 1297/1575/1137
f 1299/1577/1140 1311/1590/1152 1310/1589/1151 1298/1576/1139
f 1300/1578/1141 1312/1591/1153 1311/1590/1152 1299/1577/1140
f 1301/1579/1142 1313/1592/1154 1312/1591/1153 1300/1578/1141
f 1302/1580/1143 1314/1593/1155 1313/1592/1154 1301/1579/1142
f 1303/1582/1144 1315/1595/1156 1314/1594/1155 1302/1581/1143
f 1304/1583/1145 1316/1596/1157 1315/1595/1156 1303/1582/1144
f 1305/1584/1146 1317/1597/1158 1316/1596/1157 1304/1583/1145
f 1306/1585/1147 1318/1598/1159 1317/1597/1158 1305/1584/1146
f 1307/1586/1148 1319/1599/1160 1318/1598/1159 1306/1585/1147
f 1308/1587/1138 1320/1600/1150 1319/1599/1160 1307/1586/1148
f 1309/1588/1149 1321/1601/1161 1332/1625/151 1320/1600/1150
f 1310/1589/1151 1322/1603/1162 1321/1601/1161 1309/1588/1149
f 1311/1590/1152 1323/1605/1163 1322/1603/1162 1310/1589/1151
f 1312/1591/1153 1324/1607/1164 1323/1605/1163 1311/1590/1152
f 1313/1592/1154 1325/1609/841 1324/1607/1164 1312/1591/1153
f 1314/1593/1155 1326/1611/146 1325/1609/841 1313/1592/1154
f 1315/1595/1156 1327/1615/1165 1326/1612/146 1314/1594/1155
f 1316/1596/1157 1328/1617/1166 1327/1615/1165 1315/1595/1156
f 1317/1597/1158 1329/1619/1167 1328/1617/1166 1316/1596/1157
f 1318/1598/1159 1330/1621/1168 1329/1619/1167 1317/1597/1158
f 1319/1599/1160 1331/1623/1169 1330/1621/1168 1318/1598/1159
f 1320/1600/1150 1332/1625/151 1331/1623/1169 1319/1599/1160
f 1321/1602/1161 1333/1627/1170 1344/1639/1171 1332/1626/151
f 1322/1604/1162 1334/1628/1172 1333/1627/1170 1321/1602/1161
f 1323/1606/1163 1335/1629/1173 1334/1628/1172 1322/1604/1162
f 1324/1608/1164 1336/1630/1174 1335/1629/1173 1323/1606/1163
f 1325/1610/841 1337/1631/1175 1336/1630/1174 1324/1608/1164
f 1326/1613/146 1338/1632/1176 1337/1631/1175 1325/1610/841
f 1327/1616/1165 1339/1634/1177 1338/1633/1176 1326/1614/146
f 1328/1618/1166 1340/1635/1178 1339/1634/1177 1327/1616/1165
f 1329/1620/1167 1341/1636/1179 1340/1635/1178 1328/1618/1166
f 1330/1622/1168 1342/1637/1180 1341/1636/1179 1329/1620/1167
f 1331/1624/1169 1343/1638/1181 1342/1637/1180 1330/1622/1168
f 1332/1626/151 1344/1639/1171 1343/1638/1181 1331/1624/1169
f 1333/1627/1170 1345/1640/1182 1356/1652/1183 1344/1639/1171
f 1334/1628/1172 1346/1641/1184 1345/1640/1182 1333/1627/1170
f 1335/1629/1173 1347/1642/1185 1346/1641/1184 1334/1628/1172
f 1336/1630/1174 1348/1643/1186 1347/1642/1185 1335/1629/1173
f 1337/1631/1175 1349/1644/1187 1348/1643/1186 1336/1630/1174
f 1338/1632/1176 1350/1645/1188 1349/1644/1187 1337/1631/1175
f 1339/1634/1177 1351/1647/1189 1350/1646/1188 1338/1633/1176
f 1340/1635/1178 1352/1648/1190 1351/1647/1189 1339/1634/1177
f 1341/1636/1179 1353/1649/1191 1352/1648/1190 1340/1635/1178
f 1342/1637/1180 1354/1650/1192 1353/1649/1191 1341/1636/1179
f 1343/1638/1181 1355/1651/1193 1354/1650/1192 1342/1637/1180
f 1344/1639/1171 1356/1652/1183 1355/1651/1193 1343/1638/1181
f 1345/1640/1182 1357/1653/1194 1368/1665/223 1356/1652/1183
f 1346/1641/1184 1358/1654/1195 1357/1653/1194 1345/1640/1182
f 1347/1642/1185 1359/1655/1196 1358/1654/1195 1346/1641/1184
f 1348/1643/1186 1360/1656/1197 1359/1655/1196 1347/1642/1185
f 1349/1644/1187 1361/1657/1198 1360/1656/1197 1348/1643/1186
f 1350/1645/1188 1362/1658/218 1361/1657/1198 1349/1644/1187
f 1351/1647/1189 1363/1660/1199 1362/1659/218 1350/1646/1188
f 1352/1648/1190 1364/1661/1200 1363/1660/1199 1351/1647/1189
f 1353/1649/1191 1365/1662/1201 1364/1661/1200 1352/1648/1190
f 1354/1650/1192 1366/1663/1202 1365/1662/1201 1353/1649/1191
f 1355/1651/1193 1367/1664/1203 1366/1663/1202 1354/1650/1192
f 1356/1652/1183 1368/1665/223 1367/1664/1203 1355/1651/1193
f 1357/1653/1194 1369/1666/1204 1380/1678/1205 1368/1665/223
f 1358/1654/1195 1370/1667/1206 1369/1666/1204 1357/1653/1194
f 1359/1655/1196 1371/1668/1207 1370/1667/1206 1358/1654/1195
f 1360/1656/1197 1372/1669/1208 1371/1668/1207 1359/1655/1196
f 1361/1657/1198 1373/1670/1209 1372/1669/1208 1360/1656/1197
f 1362/1658/218 1374/1671/1210 1373/1670/1209 1361/1657/1198
f 1363/1660/1199 1375/1673/1211 1374/1672/1210 1362/1659/218
f 1364/1661/1200 1376/1674/1212 1375/1673/1211 1363/1660/1199
f 1365/1662/1201 1377/1675/1213 1376/1674/1212 1364/1661/1200
f 1366/1663/1202 1378/1676/1214 1377/1675/1213 1365/1662/1201
f 1367/1664/1203 1379/1677/1215 1378/1676/1214 1366/1663/1202
f 1368/1665/223 1380/1678/1205 1379/1677/1215 1367/1664/1203
f 1369/1666/1204 1381/1679/1216 1392/1691/1217 1380/1678/1205
f 1370/1667/1206 1382/1680/1218 1381/1679/1216 1369/1666/1204
f 1371/1668/1207 1383/1681/1219 1382/1680/1218 1370/1667/1206
f 1372/1669/1208 1384/1682/1220 1383/1681/1219 1371/1668/1207
f 1373/1670/1209 1385/1683/1221 1384/1682/1220 1372/1669/1208
f 1374/1671/1210 1386/1684/1083 1385/1683/1221 1373/1670/1209
f 1375/1673/1211 1387/1686/1222 1386/1685/1083 1374/1672/1210
f 1376/1674/1212 1388/1687/1223 1387/1686/1222 1375/1673/1211
f 1377/1675/1213 1389/1688/1224 1388/1687/1223 1376/1674/1212
f 1378/1676/1214 1390/1689/1225 1389/1688/1224 1377/1675/1213
f 1379/1677/1215 1391/1690/1226 1390/1689/1225 1378/1676/1214
f 1380/1678/1205 1392/1691/1217 1391/1690/1226 1379/1677/1215
f 1381/1679/1216 1105/1367/960 1116/1379/4 1392/1691/1217
f 1382/1680/1218 1106/1368/963 1105/1367/960 1381/1679/1216
f 1383/1681/1219 1107/1369/965 1106/1368/963 1382/1680/1218
f 1384/1682/1220 1108/1370/967 1107/1369/965 1383/1681/1219
f 1385/1683/1221 1109/1371/845 1108/1370/967 1384/1682/1220
f 1386/1684/1083 1110/1372/13 1109/1371/845 1385/1683/1221
f 1387/1686/1222 1111/1374/971 1110/1373/13 1386/1685/1083
f 1388/1687/1223 1112/1375/973 1111/1374/971 1387/1686/1222
f 1389/1688/1224 1113/1376/975 1112/1375/973 1388/1687/1223
f 1390/1689/1225 1114/1377/977 1113/1376/975 1389/1688/1224
f 1391/1690/1226 1115/1378/979 1114/1377/977 1390/1689/1225
f 1392/1691/1217 1116/1379/4 1115/1378/979 1391/1690/1226
f 3698/4189/1227 1394/1693/1228 1393/1692/1229 3697/4188/1230
f 3699/4190/1231 1395/1694/1232 1394/1693/1228 3698/4189/1227
f 3700/4191/1233 1396/1695/1234 1395/1694/1232 3699/4190/1231
f 3701/4192/1235 1397/1696/1236 1396/1695/1234 3700/4191/1233
f 3703/4194/1237 1398/1697/1238 1397/1696/1236 3701/4192/1235
f 3704/4195/1239 1399/1698/1240 1398/1697/1238 3703/4194/1237
f 3705/4196/1241 1400/1699/1242 1399/1698/1240 3704/4195/1239
f 3706/4197/1243 1401/1700/1244 1400/1699/1242 3705/4196/1241
f 3707/4199/1245 1402/1702/1246 1401/1701/1244 3706/4198/1243
f 3708/4200/1247 1403/1703/1248 1402/1702/1246 3707/4199/1245
f 3709/4201/1249 1404/1704/1250 1403/1703/1248 3708/4200/1247
f 1393/1692/1229 1405/1705/1251 1416/1717/1252 1404/1704/1250
f 1394/1693/1228 1406/1706/1253 1405/1705/1251 1393/1692/1229
f 1395/1694/1232 1407/1707/1254 1406/1706/1253 1394/1693/1228
f 1396/1695/1234 1408/1708/1255 1407/1707/1254 1395/1694/1232
f 1397/1696/1236 1409/1709/1256 1408/1708/1255 1396/1695/1234
f 1398/1697/1238 1410/1710/1257 1409/1709/1256 1397/1696/1236
f 1399/1698/1240 1411/1711/1258 1410/1710/1257 1398/1697/1238
f 1400/1699/1242 1412/1712/1259 1411/1711/1258 1399/1698/1240
f 1401/1700/1244 1413/1713/1260 1412/1712/1259 1400/1699/1242
f 1402/1702/1246 1414/1715/1261 1413/1714/1260 1401/1701/1244
f 1403/1703/1248 1415/1716/1262 1414/1715/1261 1402/1702/1246
f 1404/1704/1250 1416/1717/1252 1415/1716/1262 1403/1703/1248
f 1405/1705/1251 1417/1718/1263 1428/1730/1264 1416/1717/1252
f 1406/1706/1253 1418/1719/1265 1417/1718/1263 1405/1705/1251
f 1407/1707/1254 1419/1720/1266 1418/1719/1265 1406/1706/1253
f 1408/1708/1255 1420/1721/1267 1419/1720/1266 1407/1707/1254
f 1409/1709/1256 1421/1722/1268 1420/1721/1267 1408/1708/1255
f 1410/1710/1257 1422/1723/1269 1421/1722/1268 1409/1709/1256
f 1411/1711/1258 1423/1724/1270 1422/1723/1269 1410/1710/1257
f 1412/1712/1259 1424/1725/1271 1423/1724/1270 1411/1711/1258
f 1413/1713/1260 1425/1726/1272 1424/1725/1271 1412/1712/1259
f 1414/1715/1261 1426/1728/1273 1425/1727/1272 1413/1714/1260
f 1415/1716/1262 1427/1729/1274 1426/1728/1273 1414/1715/1261
f 1416/1717/1252 1428/1730/1264 1427/1729/1274 1415/1716/1262
f 1417/1718/1263 1429/1731/1275 1440/1743/1276 1428/1730/1264
f 1418/1719/1265 1430/1732/1277 1429/1731/1275 1417/1718/1263
f 1419/1720/1266 1431/1733/1278 1430/1732/1277 1418/1719/1265
f 1420/1721/1267 1432/1734/1279 1431/1733/1278 1419/1720/1266
f 1421/1722/1268 1433/1735/1280 1432/1734/1279 1420/1721/1267
f 1422/1723/1269 1434/1736/1281 1433/1735/1280 1421/1722/1268
f 1423/1724/1270 1435/1737/1282 1434/1736/1281 1422/1723/1269
f 1424/1725/1271 1436/1738/1283 1435/1737/1282 1423/1724/1270
f 1425/1726/1272 1437/1739/1284 1436/1738/1283 1424/1725/1271
f 1426/1728/1273 1438/1741/1285 1437/1740/1284 1425/1727/1272
f 1427/1729/1274 1439/1742/1286 1438/1741/1285 1426/1728/1273
f 1428/1730/1264 1440/1743/1276 1439/1742/1286 1427/1729/1274
f 1429/1731/1275 1441/1744/1287 1452/1756/1288 1440/1743/1276
f 1430/1732/1277 1442/1745/1289 1441/1744/1287 1429/1731/1275
f 1431/1733/1278 1443/1746/1290 1442/1745/1289 1430/1732/1277
f 1432/1734/1279 1444/1747/1291 1443/1746/1290 1431/1733/1278
f 1433/1735/1280 1445/1748/1292 1444/1747/1291 1432/1734/1279
f 1434/1736/1281 1446/1749/1293 1445/1748/1292 1433/1735/1280
f 1435/1737/1282 1447/1750/1294 1446/1749/1293 1434/1736/1281
f 1436/1738/1283 1448/1751/1295 1447/1750/1294 1435/1737/1282
f 1437/1739/1284 1449/1752/1296 1448/1751/1295 1436/1738/1283
f 1438/1741/1285 1450/1754/1297 1449/1753/1296 1437/1740/1284
f 1439/1742/1286 1451/1755/1298 1450/1754/1297 1438/1741/1285
f 1440/1743/1276 1452/1756/1288 1451/1755/1298 1439/1742/1286
f 1441/1744/1287 1453/1757/1299 1464/1769/1300 1452/1756/1288
f 1442/1745/1289 1454/1758/1301 1453/1757/1299 1441/1744/1287
f 1443/1746/1290 1455/1759/1302 1454/1758/1301 1442/1745/1289
f 1444/1747/1291 1456/1760/1303 1455/1759/1302 1443/1746/1290
f 1445/1748/1292 1457/1761/1304 1456/1760/1303 1444/1747/1291
f 1446/1749/1293 1458/1762/1305 1457/1761/1304 1445/1748/1292
f 1447/1750/1294 1459/1763/1306 1458/1762/1305 1446/1749/1293
f 1448/1751/1295 1460/1764/1307 1459/1763/1306 1447/1750/1294
f 1449/1752/1296 1461/1765/1308 1460/1764/1307 1448/1751/1295
f 1450/1754/1297 1462/1767/1309 1461/1766/1308 1449/1753/1296
f 1451/1755/1298 1463/1768/1310 1462/1767/1309 1450/1754/1297
f 1452/1756/1288 1464/1769/1300 1463/1768/1310 1451/1755/1298
f 1453/1757/1299 1465/1770/1311 1476/1782/1312 1464/1769/1300
f 1454/1758/1301 1466/1771/1313 1465/1770/1311 1453/1757/1299
f 1455/1759/1302 1467/1772/1314 1466/1771/1313 1454/1758/1301
f 1456/1760/1303 1468/1773/1315 1467/1772/1314 1455/1759/1302
f 1457/1761/1304 1469/1774/1316 1468/1773/1315 1456/1760/1303
f 1458/1762/1305 1470/1775/1317 1469/1774/1316 1457/1761/1304
f 1459/1763/1306 1471/1776/1318 1470/1775/1317 1458/1762/1305
f 1460/1764/1307 1472/1777/1319 1471/1776/1318 1459/1763/1306
f 1461/1765/1308 1473/1778/1320 1472/1777/1319 1460/1764/1307
f 1462/1767/1309 1474/1780/1321 1473/1779/1320 1461/1766/1308
f 1463/1768/1310 1475/1781/1322 1474/1780/1321 1462/1767/1309
f 1464/1769/1300 1476/1782/1312 1475/1781/1322 1463/1768/1310
f 1465/1770/1311 1477/1783/1323 1488/1795/1324 1476/1782/1312
f 1466/1771/1313 1478/1784/1325 1477/1783/1323 1465/1770/1311
f 1467/1772/1314 1479/1785/1326 1478/1784/1325 1466/1771/1313
f 1468/1773/1315 1480/1786/1327 1479/1785/1326 1467/1772/1314
f 1469/1774/1316 1481/1787/1328 1480/1786/1327 1468/1773/1315
f 1470/1775/1317 1482/1788/1329 1481/1787/1328 1469/1774/1316
f 1471/1776/1318 1483/1789/1330 1482/1788/1329 1470/1775/1317
f 1472/1777/1319 1484/1790/1331 1483/1789/1330 1471/1776/1318
f 1473/1778/1320 1485/1791/1332 1484/1790/1331 1472/1777/1319
f 1474/1780/1321 1486/1793/1333 1485/1792/1332 1473/1779/1320
f 1475/1781/1322 1487/1794/1334 1486/1793/1333 1474/1780/1321
f 1476/1782/1312 1488/1795/1324 1487/1794/1334 1475/1781/1322
f 1477/1783/1323 1489/1796/1335 1500/1808/1336 1488/1795/1324
f 1478/1784/1325 1490/1797/1337 1489/1796/1335 1477/1783/1323
f 1479/1785/1326 1491/1798/1338 1490/1797/1337 1478/1784/1325
f 1480/1786/1327 1492/1799/1339 1491/1798/1338 1479/1785/1326
f 1481/1787/1328 1493/1800/1340 1492/1799/1339 1480/1786/1327
f 1482/1788/1329 1494/1801/1341 1493/1800/1340 1481/1787/1328
f 1483/1789/1330 1495/1802/1342 1494/1801/1341 1482/1788/1329
f 1484/1790/1331 1496/1803/1343 1495/1802/1342 1483/1789/1330
f 1485/1791/1332 1497/1804/1344 1496/1803/1343 1484/1790/1331
f 1486/1793/1333 1498/1806/1345 1497/1805/1344 1485/1792/1332
f 1487/1794/1334 1499/1807/1346 1498/1806/1345 1486/1793/1333
f 1488/1795/1324 1500/1808/1336 1499/1807/1346 1487/1794/1334
f 1489/1796/1335 1501/1809/1347 1512/1821/1348 1500/1808/1336
f 1490/1797/1337 1502/1810/1349 1501/1809/1347 1489/1796/1335
f 1491/1798/1338 1503/1811/1350 1502/1810/1349 1490/1797/1337
f 1492/1799/1339 1504/1812/1351 1503/1811/1350 1491/1798/1338
f 1493/1800/1340 1505/1813/1352 1504/1812/1351 1492/1799/1339
f 1494/1801/1341 1506/1814/1353 1505/1813/1352 1493/1800/1340
f 1495/1802/1342 1507/1815/1354 1506/1814/1353 1494/1801/1341
f 1496/1803/1343 1508/1816/1355 1507/1815/1354 1495/1802/1342
f 1497/1804/1344 1509/1817/1356 1508/1816/1355 1496/1803/1343
f 1498/1806/1345 1510/1819/1357 1509/1818/1356 1497/1805/1344
f 1499/1807/1346 1511/1820/1358 1510/1819/1357 1498/1806/1345
f 1500/1808/1336 1512/1821/1348 1511/1820/1358 1499/1807/1346
f 1501/1809/1347 1513/1822/1359 1524/1834/1360 1512/1821/1348
f 1502/1810/1349 1514/1823/1361 1513/1822/1359 1501/1809/1347
f 1503/1811/1350 1515/1824/1362 1514/1823/1361 1502/1810/1349
f 1504/1812/1351 1516/1825/1363 1515/1824/1362 1503/1811/1350
f 1505/1813/1352 1517/1826/1364 1516/1825/1363 1504/1812/1351
f 1506/1814/1353 1518/1827/1365 1517/1826/1364 1505/1813/1352
f 1507/1815/1354 1519/1828/1366 1518/1827/1365 1506/1814/1353
f 1508/1816/1355 1520/1829/1367 1519/1828/1366 1507/1815/1354
f 1509/1817/1356 1521/1830/1368 1520/1829/1367 1508/1816/1355
f 1510/1819/1357 1522/1832/1369 1521/1831/1368 1509/1818/1356
f 1511/1820/1358 1523/1833/1370 1522/1832/1369 1510/1819/1357
f 1512/1821/1348 1524/1834/1360 1523/1833/1370 1511/1820/1358
f 1513/1822/1359 1525/1835/1371 1536/1847/1372 1524/1834/1360
f 1514/1823/1361 1526/1836/1373 1525/1835/1371 1513/1822/1359
f 1515/1824/1362 1527/1837/1374 1526/1836/1373 1514/1823/1361
f 1516/1825/1363 1528/1838/1375 1527/1837/1374 1515/1824/1362
f 1517/1826/1364 1529/1839/1376 1528/1838/1375 1516/1825/1363
f 1518/1827/1365 1530/1840/1377 1529/1839/1376 1517/1826/1364
f 1519/1828/1366 1531/1841/1378 1530/1840/1377 1518/1827/1365
f 1520/1829/1367 1532/1842/1379 1531/1841/1378 1519/1828/1366
f 1521/1830/1368 1533/1843/1380 1532/1842/1379 1520/1829/1367
f 1522/1832/1369 1534/1845/1381 1533/1844/1380 1521/1831/1368
f 1523/1833/1370 1535/1846/1382 1534/1845/1381 1522/1832/1369
f 1524/1834/1360 1536/1847/1372 1535/1846/1382 1523/1833/1370
f 1525/1835/1371 1537/1848/1383 1548/1860/1384 1536/1847/1372
f 1526/1836/1373 1538/1849/1385 1537/1848/1383 1525/1835/1371
f 1527/1837/1374 1539/1850/1386 1538/1849/1385 1526/1836/1373
f 1528/1838/1375 1540/1851/1387 1539/1850/1386 1527/1837/1374
f 1529/1839/1376 1541/1852/1388 1540/1851/1387 1528/1838/1375
f 1530/1840/1377 1542/1853/1389 1541/1852/1388 1529/1839/1376
f 1531/1841/1378 1543/1854/1390 1542/1853/1389 1530/1840/1377
f 1532/1842/1379 1544/1855/1391 1543/1854/1390 1531/1841/1378
f 1533/1843/1380 1545/1856/1392 1544/1855/1391 1532/1842/1379
f 1534/1845/1381 1546/1858/1393 1545/1857/1392 1533/1844/1380
f 1535/1846/1382 1547/1859/1394 1546/1858/1393 1534/1845/1381
f 1536/1847/1372 1548/1860/1384 1547/1859/1394 1535/1846/1382
f 1537/1848/1383 1549/1861/1395 1560/1873/1396 1548/1860/1384
f 1538/1849/1385 1550/1862/1397 1549/1861/1395 1537/1848/1383
f 1539/1850/1386 1551/1863/1398 1550/1862/1397 1538/1849/1385
f 1540/1851/1387 1552/1864/1399 1551/1863/1398 1539/1850/1386
f 1541/1852/1388 1553/1865/1400 1552/1864/1399 1540/1851/1387
f 1542/1853/1389 1554/1866/1401 1553/1865/1400 1541/1852/1388
f 1543/1854/1390 1555/1867/1402 1554/1866/1401 1542/1853/1389
f 1544/1855/1391 1556/1868/1403 1555/1867/1402 1543/1854/1390
f 1545/1856/1392 1557/1869/1404 1556/1868/1403 1544/1855/1391
f 1546/1858/1393 1558/1871/1405 1557/1870/1404 1545/1857/1392
f 1547/1859/1394 1559/1872/1406 1558/1871/1405 1546/1858/1393
f 1548/1860/1384 1560/1873/1396 1559/1872/1406 1547/1859/1394
f 1549/1861/1395 1561/1874/1407 1572/1886/1408 1560/1873/1396
f 1550/1862/1397 1562/1875/1409 1561/1874/1407 1549/1861/1395
f 1551/1863/1398 1563/1876/1410 1562/1875/1409 1550/1862/1397
f 1552/1864/1399 1564/1877/1411 1563/1876/1410 1551/1863/1398
f 1553/1865/1400 1565/1878/1412 1564/1877/1411 1552/1864/1399
f 1554/1866/1401 1566/1879/1413 1565/1878/1412 1553/1865/1400
f 1555/1867/1402 1567/1880/1414 1566/1879/1413 1554/1866/1401
f 1556/1868/1403 1568/1881/1415 1567/1880/1414 1555/1867/1402
f 1557/1869/1404 1569/1882/1416 1568/1881/1415 1556/1868/1403
f 1558/1871/1405 1570/1884/1417 1569/1883/1416 1557/1870/1404
f 1559/1872/1406 1571/1885/1418 1570/1884/1417 1558/1871/1405
f 1560/1873/1396 1572/1886/1408 1571/1885/1418 1559/1872/1406
f 1561/1874/1407 1573/1887/1419 1584/1899/1420 1572/1886/1408
f 1562/1875/1409 1574/1888/1421 1573/1887/1419 1561/1874/1407
f 1563/1876/1410 1575/1889/1422 1574/1888/1421 1562/1875/1409
f 1564/1877/1411 1576/1890/1423 1575/1889/1422 1563/1876/1410
f 1565/1878/1412 1577/1891/1424 1576/1890/1423 1564/1877/1411
f 1566/1879/1413 1578/1892/1425 1577/1891/1424 1565/1878/1412
f 1567/1880/1414 1579/1893/1426 1578/1892/1425 1566/1879/1413
f 1568/1881/1415 1580/1894/1427 1579/1893/1426 1567/1880/1414
f 1569/1882/1416 1581/1895/1428 1580/1894/1427 1568/1881/1415
f 1570/1884/1417 1582/1897/1429 1581/1896/1428 1569/1883/1416
f 1571/1885/1418 1583/1898/1430 1582/1897/1429 1570/1884/1417
f 1572/1886/1408 1584/1899/1420 1583/1898/1430 1571/1885/1418
f 1573/1887/1419 1585/1900/1431 1596/1912/1432 1584/1899/1420
f 1574/1888/1421 1586/1901/1433 1585/1900/1431 1573/1887/1419
f 1575/1889/1422 1587/1902/1434 1586/1901/1433 1574/1888/1421
f 1576/1890/1423 1588/1903/1435 1587/1902/1434 1575/1889/1422
f 1577/1891/1424 1589/1904/1436 1588/1903/1435 1576/1890/1423
f 1578/1892/1425 1590/1905/1437 1589/1904/1436 1577/1891/1424
f 1579/1893/1426 1591/1906/1438 1590/1905/1437 1578/1892/1425
f 1580/1894/1427 1592/1907/1439 1591/1906/1438 1579/1893/1426
f 1581/1895/1428 1593/1908/1440 1592/1907/1439 1580/1894/1427
f 1582/1897/1429 1594/1910/1441 1593/1909/1440 1581/1896/1428
f 1583/1898/1430 1595/1911/1442 1594/1910/1441 1582/1897/1429
f 1584/1899/1420 1596/1912/1432 1595/1911/1442 1583/1898/1430
f 1585/1900/1431 1597/1913/1443 1608/1925/1444 1596/1912/1432
f 1586/1901/1433 1598/1914/1445 1597/1913/1443 1585/1900/1431
f 1587/1902/1434 1599/1915/1446 1598/1914/1445 1586/1901/1433
f 1588/1903/1435 1600/1916/1447 1599/1915/1446 1587/1902/1434
f 1589/1904/1436 1601/1917/1448 1600/1916/1447 1588/1903/1435
f 1590/1905/1437 1602/1918/1449 1601/1917/1448 1589/1904/1436
f 1591/1906/1438 1603/1919/1450 1602/1918/1449 1590/1905/1437
f 1592/1907/1439 1604/1920/1451 1603/1919/1450 1591/1906/1438
f 1593/1908/1440 1605/1921/1452 1604/1920/1451 1592/1907/1439
f 1594/1910/1441 1606/1923/1453 1605/1922/1452 1593/1909/1440
f 1595/1911/1442 1607/1924/1454 1606/1923/1453 1594/1910/1441
f 1596/1912/1432 1608/1925/1444 1607/1924/1454 1595/1911/1442
f 1597/1913/1443 1609/1926/1455 1620/1938/1456 1608/1925/1444
f 1598/1914/1445 1610/1927/1457 1609/1926/1455 1597/1913/1443
f 1599/1915/1446 1611/1928/1458 1610/1927/1457 1598/1914/1445
f 1600/1916/1447 1612/1929/1459 1611/1928/1458 1599/1915/1446
f 1601/1917/1448 1613/1930/1460 1612/1929/1459 1600/1916/1447
f 1602/1918/1449 1614/1931/1461 1613/1930/1460 1601/1917/1448
f 1603/1919/1450 1615/1932/1462 1614/1931/1461 1602/1918/1449
f 1604/1920/1451 1616/1933/1463 1615/1932/1462 1603/1919/1450
f 1605/1921/1452 1617/1934/1464 1616/1933/1463 1604/1920/1451
f 1606/1923/1453 1618/1936/1465 1617/1935/1464 1605/1922/1452
f 1607/1924/1454 1619/1937/1466 1618/1936/1465 1606/1923/1453
f 1608/1925/1444 1620/1938/1456 1619/1937/1466 1607/1924/1454
f 1609/1926/1455 1621/1939/1467 1632/1951/1468 1620/1938/1456
f 1610/1927/1457 1622/1940/1469 1621/1939/1467 1609/1926/1455
f 1611/1928/1458 1623/1941/1470 1622/1940/1469 1610/1927/1457
f 1612/1929/1459 1624/1942/1471 1623/1941/1470 1611/1928/1458
f 1613/1930/1460 1625/1943/1472 1624/1942/1471 1612/1929/1459
f 1614/1931/1461 1626/1944/1473 1625/1943/1472 1613/1930/1460
f 1615/1932/1462 1627/1945/1474 1626/1944/1473 1614/1931/1461
f 1616/1933/1463 1628/1946/1475 1627/1945/1474 1615/1932/1462
f 1617/1934/1464 1629/1947/1476 1628/1946/1475 1616/1933/1463
f 1618/1936/1465 1630/1949/1477 1629/1948/1476 1617/1935/1464
f 1619/1937/1466 1631/1950/1478 1630/1949/1477 1618/1936/1465
f 1620/1938/1456 1632/1951/1468 1631/1950/1478 1619/1937/1466
f 1621/1939/1467 1633/1952/1479 1644/1964/1480 1632/1951/1468
f 1622/1940/1469 1634/1953/1481 1633/1952/1479 1621/1939/1467
f 1623/1941/1470 1635/1954/1482 1634/1953/1481 1622/1940/1469
f 1624/1942/1471 1636/1955/1483 1635/1954/1482 1623/1941/1470
f 1625/1943/1472 1637/1956/1484 1636/1955/1483 1624/1942/1471
f 1626/1944/1473 1638/1957/1485 1637/1956/1484 1625/1943/1472
f 1627/1945/1474 1639/1958/1486 1638/1957/1485 1626/1944/1473
f 1628/1946/1475 1640/1959/1487 1639/1958/1486 1627/1945/1474
f 1629/1947/1476 1641/1960/1488 1640/1959/1487 1628/1946/1475
f 1630/1949/1477 1642/1962/1489 1641/1961/1488 1629/1948/1476
f 1631/1950/1478 1643/1963/1490 1642/1962/1489 1630/1949/1477
f 1632/1951/1468 1644/1964/1480 1643/1963/1490 1631/1950/1478
f 1633/1952/1479 1645/1965/1491 1656/1977/1492 1644/1964/1480
f 1634/1953/1481 1646/1966/1493 1645/1965/1491 1633/1952/1479
f 1635/1954/1482 1647/1967/1494 1646/1966/1493 1634/1953/1481
f 1636/1955/1483 1648/1968/1495 1647/1967/1494 1635/1954/1482
f 1637/1956/1484 1649/1969/1496 1648/1968/1495 1636/1955/1483
f 1638/1957/1485 1650/1970/1497 1649/1969/1496 1637/1956/1484
f 1639/1958/1486 1651/1971/1498 1650/1970/1497 1638/1957/1485
f 1640/1959/1487 1652/1972/1499 1651/1971/1498 1639/1958/1486
f 1641/1960/1488 1653/1973/1500 1652/1972/1499 1640/1959/1487
f 1642/1962/1489 1654/1975/1501 1653/1974/1500 1641/1961/1488
f 1643/1963/1490 1655/1976/1502 1654/1975/1501 1642/1962/1489
f 1644/1964/1480 1656/1977/1492 1655/1976/1502 1643/1963/1490
f 1645/1965/1491 1657/1978/1503 1668/1990/1504 1656/1977/1492
f 1646/1966/1493 1658/1979/1505 1657/1978/1503 1645/1965/1491
f 1647/1967/1494 1659/1980/1506 1658/1979/1505 1646/1966/1493
f 1648/1968/1495 1660/1981/1507 1659/1980/1506 1647/1967/1494
f 1649/1969/1496 1661/1982/1508 1660/1981/1507 1648/1968/1495
f 1650/1970/1497 1662/1983/1509 1661/1982/1508 1649/1969/1496
f 1651/1971/1498 1663/1984/1510 1662/1983/1509 1650/1970/1497
f 1652/1972/1499 1664/1985/1511 1663/1984/1510 1651/1971/1498
f 1653/1973/1500 1665/1986/1512 1664/1985/1511 1652/1972/1499
f 1654/1975/1501 1666/1988/1513 1665/1987/1512 1653/1974/1500
f 1655/1976/1502 1667/1989/1514 1666/1988/1513 1654/1975/1501
f 1656/1977/1492 1668/1990/1504 1667/1989/1514 1655/1976/1502
f 1657/1978/1503 1669/1991/1515 1680/2003/1516 1668/1990/1504
f 1658/1979/1505 1670/1992/1517 1669/1991/1515 1657/1978/1503
f 1659/1980/1506 1671/1993/1518 1670/1992/1517 1658/1979/1505
f 1660/1981/1507 1672/1994/1519 1671/1993/1518 1659/1980/1506
f 1661/1982/1508 1673/1995/1520 1672/1994/1519 1660/1981/1507
f 1662/1983/1509 1674/1996/1521 1673/1995/1520 1661/1982/1508
f 1663/1984/1510 1675/1997/1522 1674/1996/1521 1662/1983/1509
f 1664/1985/1511 1676/1998/1523 1675/1997/1522 1663/1984/1510
f 1665/1986/1512 1677/1999/1524 1676/1998/1523 1664/1985/1511
f 1666/1988/1513 1678/2001/1525 1677/2000/1524 1665/1987/1512
f 1667/1989/1514 1679/2002/1526 1678/2001/1525 1666/1988/1513
f 1668/1990/1504 1680/2003/1516 1679/2002/1526 1667/1989/1514
f 1669/1991/1515 1681/2004/1527 1692/2016/1528 1680/2003/1516
f 1670/1992/1517 1682/2005/1529 1681/2004/1527 1669/1991/1515
f 1671/1993/1518 1683/2006/1530 1682/2005/1529 1670/1992/1517
f 1672/1994/1519 1684/2007/1531 1683/2006/1530 1671/1993/1518
f 1673/1995/1520 1685/2008/1532 1684/2007/1531 1672/1994/1519
f 1674/1996/1521 1686/2009/1533 1685/2008/1532 1673/1995/1520
f 1675/1997/1522 1687/2010/1534 1686/2009/1533 1674/1996/1521
f 1676/1998/1523 1688/2011/1535 1687/2010/1534 1675/1997/1522
f 1677/1999/1524 1689/2012/1536 1688/2011/1535 1676/1998/1523
f 1678/2001/1525 1690/2014/1537 1689/2013/1536 1677/2000/1524
f 1679/2002/1526 1691/2015/1538 1690/2014/1537 1678/2001/1525
f 1680/2003/1516 1692/2016/1528 1691/2015/1538 1679/2002/1526
f 1681/2004/1527 1693/2017/1539 1704/2029/1540 1692/2016/1528
f 1682/2005/1529 1694/2018/1541 1693/2017/1539 1681/2004/1527
f 1683/2006/1530 1695/2019/1542 1694/2018/1541 1682/2005/1529
f 1684/2007/1531 1696/2020/1543 1695/2019/1542 1683/2006/1530
f 1685/2008/1532 1697/2021/1544 1696/2020/1543 1684/2007/1531
f 1686/2009/1533 1698/2022/1545 1697/2021/1544 1685/2008/1532
f 1687/2010/1534 1699/2023/1546 1698/2022/1545 1686/2009/1533
f 1688/2011/1535 1700/2024/1547 1699/2023/1546 1687/2010/1534
f 1689/2012/1536 1701/2025/1548 1700/2024/1547 1688/2011/1535
f 1690/2014/1537 1702/2027/1549 1701/2026/1548 1689/2013/1536
f 1691/2015/1538 1703/2028/1550 1702/2027/1549 1690/2014/1537
f 1692/2016/1528 1704/2029/1540 1703/2028/1550 1691/2015/1538
f 1693/2017/1539 1705/2030/1551 1716/2042/1552 1704/2029/1540
f 1694/2018/1541 1706/2031/1553 1705/2030/1551 1693/2017/1539
f 1695/2019/1542 1707/2032/1554 1706/2031/1553 1694/2018/1541
f 1696/2020/1543 1708/2033/1555 1707/2032/1554 1695/2019/1542
f 1697/2021/1544 1709/2034/1556 1708/2033/1555 1696/2020/1543
f 1698/2022/1545 1710/2035/1557 1709/2034/1556 1697/2021/1544
f 1699/2023/1546 1711/2036/1558 1710/2035/1557 1698/2022/1545
f 1700/2024/1547 1712/2037/1559 1711/2036/1558 1699/2023/1546
f 1701/2025/1548 1713/2038/1560 1712/2037/1559 1700/2024/1547
f 1702/2027/1549 1714/2040/1561 1713/2039/1560 1701/2026/1548
f 1703/2028/1550 1715/2041/1562 1714/2040/1561 1702/2027/1549
f 1704/2029/1540 1716/2042/1552 1715/2041/1562 1703/2028/1550
f 1705/2030/1551 1717/2043/1563 1728/2055/1564 1716/2042/1552
f 1706/2031/1553 1718/2044/1565 1717/2043/1563 1705/2030/1551
f 1707/2032/1554 1719/2045/1566 1718/2044/1565 1706/2031/1553
f 1708/2033/1555 1720/2046/1567 1719/2045/1566 1707/2032/1554
f 1709/2034/1556 1721/2047/1568 1720/2046/1567 1708/2033/1555
f 1710/2035/1557 1722/2048/1569 1721/2047/1568 1709/2034/1556
f 1711/2036/1558 1723/2049/1570 1722/2048/1569 1710/2035/1557
f 1712/2037/1559 1724/2050/1571 1723/2049/1570 1711/2036/1558
f 1713/2038/1560 1725/2051/1572 1724/2050/1571 1712/2037/1559
f 1714/2040/1561 1726/2053/1573 1725/2052/1572 1713/2039/1560
f 1715/2041/1562 1727/2054/1574 1726/2053/1573 1714/2040/1561
f 1716/2042/1552 1728/2055/1564 1727/2054/1574 1715/2041/1562
f 1717/2043/1563 1729/2056/1575 1740/2068/1576 1728/2055/1564
f 1718/2044/1565 1730/2057/1577 1729/2056/1575 1717/2043/1563
f 1719/2045/1566 1731/2058/1578 1730/2057/1577 1718/2044/1565
f 1720/2046/1567 1732/2059/1579 1731/2058/1578 1719/2045/1566
f 1721/2047/1568 1733/2060/1580 1732/2059/1579 1720/2046/1567
f 1722/2048/1569 1734/2061/1581 1733/2060/1580 1721/2047/1568
f 1723/2049/1570 1735/2062/1582 1734/2061/1581 1722/2048/1569
f 1724/2050/1571 1736/2063/1583 1735/2062/1582 1723/2049/1570
f 1725/2051/1572 1737/2064/1584 1736/2063/1583 1724/2050/1571
f 1726/2053/1573 1738/2066/1585 1737/2065/1584 1725/2052/1572
f 1727/2054/1574 1739/2067/1586 1738/2066/1585 1726/2053/1573
f 1728/2055/1564 1740/2068/1576 1739/2067/1586 1727/2054/1574
f 1729/2056/1575 1741/2069/1587 1752/2081/1588 1740/2068/1576
f 1730/2057/1577 1742/2070/1589 1741/2069/1587 1729/2056/1575
f 1731/2058/1578 1743/2071/1590 1742/2070/1589 1730/2057/1577
f 1732/2059/1579 1744/2072/1591 1743/2071/1590 1731/2058/1578
f 1733/2060/1580 1745/2073/1592 1744/2072/1591 1732/2059/1579
f 1734/2061/1581 1746/2074/1593 1745/2073/1592 1733/2060/1580
f 1735/2062/1582 1747/2075/1594 1746/2074/1593 1734/2061/1581
f 1736/2063/1583 1748/2076/1595 1747/2075/1594 1735/2062/1582
f 1737/2064/1584 1749/2077/1596 1748/2076/1595 1736/2063/1583
f 1738/2066/1585 1750/2079/1597 1749/2078/1596 1737/2065/1584
f 1739/2067/1586 1751/2080/1598 1750/2079/1597 1738/2066/1585
f 1740/2068/1576 1752/2081/1588 1751/2080/1598 1739/2067/1586
f 1741/2069/1587 1753/2082/1599 1764/2094/1600 1752/2081/1588
f 1742/2070/1589 1754/2083/1601 1753/2082/1599 1741/2069/1587
f 1743/2071/1590 1755/2084/1602 1754/2083/1601 1742/2070/1589
f 1744/2072/1591 1756/2085/1603 1755/2084/1602 1743/2071/1590
f 1745/2073/1592 1757/2086/1604 1756/2085/1603 1744/2072/1591
f 1746/2074/1593 1758/2087/1605 1757/2086/1604 1745/2073/1592
f 1747/2075/1594 1759/2088/1606 1758/2087/1605 1746/2074/1593
f 1748/2076/1595 1760/2089/1607 1759/2088/1606 1747/2075/1594
f 1749/2077/1596 1761/2090/1608 1760/2089/1607 1748/2076/1595
f 1750/2079/1597 1762/2092/1609 1761/2091/1608 1749/2078/1596
f 1751/2080/1598 1763/2093/1610 1762/2092/1609 1750/2079/1597
f 1752/2081/1588 1764/2094/1600 1763/2093/1610 1751/2080/1598
f 1753/2082/1599 1765/2095/1611 1776/2107/1612 1764/2094/1600
f 1754/2083/1601 1766/2096/1613 1765/2095/1611 1753/2082/1599
f 1755/2084/1602 1767/2097/1614 1766/2096/1613 1754/2083/1601
f 1756/2085/1603 1768/2098/1615 1767/2097/1614 1755/2084/1602
f 1757/2086/1604 1769/2099/1616 1768/2098/1615 1756/2085/1603
f 1758/2087/1605 1770/2100/1617 1769/2099/1616 1757/2086/1604
f 1759/2088/1606 1771/2101/1618 1770/2100/1617 1758/2087/1605
f 1760/2089/1607 1772/2102/1619 1771/2101/1618 1759/2088/1606
f 1761/2090/1608 1773/2103/1620 1772/2102/1619 1760/2089/1607
f 1762/2092/1609 1774/2105/1621 1773/2104/1620 1761/2091/1608
f 1763/2093/1610 1775/2106/1622 1774/2105/1621 1762/2092/1609
f 1764/2094/1600 1776/2107/1612 1775/2106/1622 1763/2093/1610
f 1765/2095/1611 1777/2108/1623 1788/2120/1624 1776/2107/1612
f 1766/2096/1613 1778/2109/1625 1777/2108/1623 1765/2095/1611
f 1767/2097/1614 1779/2110/1626 1778/2109/1625 1766/2096/1613
f 1768/2098/1615 1780/2111/1627 1779/2110/1626 1767/2097/1614
f 1769/2099/1616 1781/2112/1628 1780/2111/1627 1768/2098/1615
f 1770/2100/1617 1782/2113/1629 1781/2112/1628 1769/2099/1616
f 1771/2101/1618 1783/2114/1630 1782/2113/1629 1770/2100/1617
f 1772/2102/1619 1784/2115/1631 1783/2114/1630 1771/2101/1618
f 1773/2103/1620 1785/2116/1632 1784/2115/1631 1772/2102/1619
f 1774/2105/1621 1786/2118/1633 1785/2117/1632 1773/2104/1620
f 1775/2106/1622 1787/2119/1634 1786/2118/1633 1774/2105/1621
f 1776/2107/1612 1788/2120/1624 1787/2119/1634 1775/2106/1622
f 1777/2108/1623 1789/2121/1635 1800/2133/1636 1788/2120/1624
f 1778/2109/1625 1790/2122/1637 1789/2121/1635 1777/2108/1623
f 1779/2110/1626 1791/2123/1638 1790/2122/1637 1778/2109/1625
f 1780/2111/1627 1792/2124/1639 1791/2123/1638 1779/2110/1626
f 1781/2112/1628 1793/2125/1640 1792/2124/1639 1780/2111/1627
f 1782/2113/1629 1794/2126/1641 1793/2125/1640 1781/2112/1628
f 1783/2114/1630 1795/2127/1642 1794/2126/1641 1782/2113/1629
f 1784/2115/1631 1796/2128/1643 1795/2127/1642 1783/2114/1630
f 1785/2116/1632 1797/2129/1644 1796/2128/1643 1784/2115/1631
f 1786/2118/1633 1798/2131/1645 1797/2130/1644 1785/2117/1632
f 1787/2119/1634 1799/2132/1646 1798/2131/1645 1786/2118/1633
f 1788/2120/1624 1800/2133/1636 1799/2132/1646 1787/2119/1634
f 1789/2121/1635 1801/2134/1647 1812/2146/1648 1800/2133/1636
f 1790/2122/1637 1802/2135/1649 1801/2134/1647 1789/2121/1635
f 1791/2123/1638 1803/2136/1650 1802/2135/1649 1790/2122/1637
f 1792/2124/1639 1804/2137/1651 1803/2136/1650 1791/2123/1638
f 1793/2125/1640 1805/2138/1652 1804/2137/1651 1792/2124/1639
f 1794/2126/1641 1806/2139/1653 1805/2138/1652 1793/2125/1640
f 1795/2127/1642 1807/2140/1654 1806/2139/1653 1794/2126/1641
f 1796/2128/1643 1808/2141/1655 1807/2140/1654 1795/2127/1642
f 1797/2129/1644 1809/2142/1656 1808/2141/1655 1796/2128/1643
f 1798/2131/1645 1810/2144/1657 1809/2143/1656 1797/2130/1644
f 1799/2132/1646 1811/2145/1658 1810/2144/1657 1798/2131/1645
f 1800/2133/1636 1812/2146/1648 1811/2145/1658 1799/2132/1646
f 1801/2134/1647 1813/2147/1659 1824/2159/1660 1812/2146/1648
f 1802/2135/1649 1814/2148/1661 1813/2147/1659 1801/2134/1647
f 1803/2136/1650 1815/2149/1662 1814/2148/1661 1802/2135/1649
f 1804/2137/1651 1816/2150/1663 1815/2149/1662 1803/2136/1650
f 1805/2138/1652 1817/2151/1664 1816/2150/1663 1804/2137/1651
f 1806/2139/1653 1818/2152/1665 1817/2151/1664 1805/2138/1652
f 1807/2140/1654 1819/2153/1666 1818/2152/1665 1806/2139/1653
f 1808/2141/1655 1820/2154/1667 1819/2153/1666 1807/2140/1654
f 1809/2142/1656 1821/2155/1668 1820/2154/1667 1808/2141/1655
f 1810/2144/1657 1822/2157/1669 1821/2156/1668 1809/2143/1656
f 1811/2145/1658 1823/2158/1670 1822/2157/1669 1810/2144/1657
f 1812/2146/1648 1824/2159/1660 1823/2158/1670 1811/2145/1658
f 1813/2147/1659 1825/2160/1671 1836/2172/1672 1824/2159/1660
f 1814/2148/1661 1826/2161/1673 1825/2160/1671 1813/2147/1659
f 1815/2149/1662 1827/2162/1674 1826/2161/1673 1814/2148/1661
f 1816/2150/1663 1828/2163/1675 1827/2162/1674 1815/2149/1662
f 1817/2151/1664 1829/2164/1676 1828/2163/1675 1816/2150/1663
f 1818/2152/1665 1830/2165/1677 1829/2164/1676 1817/2151/1664
f 1819/2153/1666 1831/2166/1678 1830/2165/1677 1818/2152/1665
f 1820/2154/1667 1832/2167/1679 1831/2166/1678 1819/2153/1666
f 1821/2155/1668 1833/2168/1680 1832/2167/1679 1820/2154/1667
f 1822/2157/1669 1834/2170/1681 1833/2169/1680 1821/2156/1668
f 1823/2158/1670 1835/2171/1682 1834/2170/1681 1822/2157/1669
f 1824/2159/1660 1836/2172/1672 1835/2171/1682 1823/2158/1670
f 1825/2160/1671 1837/2173/1683 1848/2185/1684 1836/2172/1672
f 1826/2161/1673 1838/2174/1685 1837/2173/1683 1825/2160/1671
f 1827/2162/1674 1839/2175/1686 1838/2174/1685 1826/2161/1673
f 1828/2163/1675 1840/2176/1687 1839/2175/1686 1827/2162/1674
f 1829/2164/1676 1841/2177/1688 1840/2176/1687 1828/2163/1675
f 1830/2165/1677 1842/2178/1689 1841/2177/1688 1829/2164/1676
f 1831/2166/1678 1843/2179/1690 1842/2178/1689 1830/2165/1677
f 1832/2167/1679 1844/2180/1691 1843/2179/1690 1831/2166/1678
f 1833/2168/1680 1845/2181/1692 1844/2180/1691 1832/2167/1679
f 1834/2170/1681 1846/2183/1693 1845/2182/1692 1833/2169/1680
f 1835/2171/1682 1847/2184/1694 1846/2183/1693 1834/2170/1681
f 1836/2172/1672 1848/2185/1684 1847/2184/1694 1835/2171/1682
f 1837/2173/1683 1849/2186/1695 1860/2198/1696 1848/2185/1684
f 1838/2174/1685 1850/2187/1697 1849/2186/1695 1837/2173/1683
f 1839/2175/1686 1851/2188/1698 1850/2187/1697 1838/2174/1685
f 1840/2176/1687 1852/2189/1699 1851/2188/1698 1839/2175/1686
f 1841/2177/1688 1853/2190/1700 1852/2189/1699 1840/2176/1687
f 1842/2178/1689 1854/2191/1701 1853/2190/1700 1841/2177/1688
f 1843/2179/1690 1855/2192/1702 1854/2191/1701 1842/2178/1689
f 1844/2180/1691 1856/2193/1703 1855/2192/1702 1843/2179/1690
f 1845/2181/1692 1857/2194/1704 1856/2193/1703 1844/2180/1691
f 1846/2183/1693 1858/2196/1705 1857/2195/1704 1845/2182/1692
f 1847/2184/1694 1859/2197/1706 1858/2196/1705 1846/2183/1693
f 1848/2185/1684 1860/2198/1696 1859/2197/1706 1847/2184/1694
f 1849/2186/1695 1861/2199/1707 1872/2211/1708 1860/2198/1696
f 1850/2187/1697 1862/2200/1709 1861/2199/1707 1849/2186/1695
f 1851/2188/1698 1863/2201/1710 1862/2200/1709 1850/2187/1697
f 1852/2189/1699 1864/2202/1711 1863/2201/1710 1851/2188/1698
f 1853/2190/1700 1865/2203/1712 1864/2202/1711 1852/2189/1699
f 1854/2191/1701 1866/2204/1713 1865/2203/1712 1853/2190/1700
f 1855/2192/1702 1867/2205/1714 1866/2204/1713 1854/2191/1701
f 1856/2193/1703 1868/2206/1715 1867/2205/1714 1855/2192/1702
f 1857/2194/1704 1869/2207/1716 1868/2206/1715 1856/2193/1703
f 1858/2196/1705 1870/2209/1717 1869/2208/1716 1857/2195/1704
f 1859/2197/1706 1871/2210/1718 1870/2209/1717 1858/2196/1705
f 1860/2198/1696 1872/2211/1708 1871/2210/1718 1859/2197/1706
f 1861/2199/1707 1873/2212/1719 1884/2224/1720 1872/2211/1708
f 1862/2200/1709 1874/2213/1721 1873/2212/1719 1861/2199/1707
f 1863/2201/1710 1875/2214/1722 1874/2213/1721 1862/2200/1709
f 1864/2202/1711 1876/2215/1723 1875/2214/1722 1863/2201/1710
f 1865/2203/1712 1877/2216/1724 1876/2215/1723 1864/2202/1711
f 1866/2204/1713 1878/2217/1725 1877/2216/1724 1865/2203/1712
f 1867/2205/1714 1879/2218/1726 1878/2217/1725 1866/2204/1713
f 1868/2206/1715 1880/2219/1727 1879/2218/1726 1867/2205/1714
f 1869/2207/1716 1881/2220/1728 1880/2219/1727 1868/2206/1715
f 1870/2209/1717 1882/2222/1729 1881/2221/1728 1869/2208/1716
f 1871/2210/1718 1883/2223/1730 1882/2222/1729 1870/2209/1717
f 1872/2211/1708 1884/2224/1720 1883/2223/1730 1871/2210/1718
f 1873/2212/1719 1885/2225/1731 1896/2237/1732 1884/2224/1720
f 1874/2213/1721 1886/2226/1733 1885/2225/1731 1873/2212/1719
f 1875/2214/1722 1887/2227/1734 1886/2226/1733 1874/2213/1721
f 1876/2215/1723 1888/2228/1735 1887/2227/1734 1875/2214/1722
f 1877/2216/1724 1889/2229/1736 1888/2228/1735 1876/2215/1723
f 1878/2217/1725 1890/2230/1737 1889/2229/1736 1877/2216/1724
f 1879/2218/1726 1891/2231/1738 1890/2230/1737 1878/2217/1725
f 1880/2219/1727 1892/2232/1739 1891/2231/1738 1879/2218/1726
f 1881/2220/1728 1893/2233/1740 1892/2232/1739 1880/2219/1727
f 1882/2222/1729 1894/2235/1741 1893/2234/1740 1881/2221/1728
f 1883/2223/1730 1895/2236/1742 1894/2235/1741 1882/2222/1729
f 1884/2224/1720 1896/2237/1732 1895/2236/1742 1883/2223/1730
f 1885/2225/1731 1897/2238/1743 1908/2250/1744 1896/2237/1732
f 1886/2226/1733 1898/2239/1745 1897/2238/1743 1885/2225/1731
f 1887/2227/1734 1899/2240/1746 1898/2239/1745 1886/2226/1733
f 1888/2228/1735 1900/2241/1747 1899/2240/1746 1887/2227/1734
f 1889/2229/1736 1901/2242/1748 1900/2241/1747 1888/2228/1735
f 1890/2230/1737 1902/2243/1749 1901/2242/1748 1889/2229/1736
f 1891/2231/1738 1903/2244/1750 1902/2243/1749 1890/2230/1737
f 1892/2232/1739 1904/2245/1751 1903/2244/1750 1891/2231/1738
f 1893/2233/1740 1905/2246/1752 1904/2245/1751 1892/2232/1739
f 1894/2235/1741 1906/2248/1753 1905/2247/1752 1893/2234/1740
f 1895/2236/1742 1907/2249/1754 1906/2248/1753 1894/2235/1741
f 1896/2237/1732 1908/2250/1744 1907/2249/1754 1895/2236/1742
f 1897/2238/1743 1909/2251/1755 1920/2263/1756 1908/2250/1744
f 1898/2239/1745 1910/2252/1757 1909/2251/1755 1897/2238/1743
f 1899/2240/1746 1911/2253/1758 1910/2252/1757 1898/2239/1745
f 1900/2241/1747 1912/2254/1759 1911/2253/1758 1899/2240/1746
f 1901/2242/1748 1913/2255/1760 1912/2254/1759 1900/2241/1747
f 1902/2243/1749 1914/2256/1761 1913/2255/1760 1901/2242/1748
f 1903/2244/1750 1915/2257/1762 1914/2256/1761 1902/2243/1749
f 1904/2245/1751 1916/2258/1763 1915/2257/1762 1903/2244/1750
f 1905/2246/1752 1917/2259/1764 1916/2258/1763 1904/2245/1751
f 1906/2248/1753 1918/2261/1765 1917/2260/1764 1905/2247/1752
f 1907/2249/1754 1919/2262/1766 1918/2261/1765 1906/2248/1753
f 1908/2250/1744 1920/2263/1756 1919/2262/1766 1907/2249/1754
f 1909/2251/1755 1921/2264/1767 1932/2276/1768 1920/2263/1756
f 1910/2252/1757 1922/2265/1769 1921/2264/1767 1909/2251/1755
f 1911/2253/1758 1923/2266/1770 1922/2265/1769 1910/2252/1757
f 1912/2254/1759 1924/2267/1771 1923/2266/1770 1911/2253/1758
f 1913/2255/1760 1925/2268/1772 1924/2267/1771 1912/2254/1759
f 1914/2256/1761 1926/2269/1773 1925/2268/1772 1913/2255/1760
f 1915/2257/1762 1927/2270/1774 1926/2269/1773 1914/2256/1761
f 1916/2258/1763 1928/2271/1775 1927/2270/1774 1915/2257/1762
f 1917/2259/1764 1929/2272/1776 1928/2271/1775 1916/2258/1763
f 1918/2261/1765 1930/2274/1777 1929/2273/1776 1917/2260/1764
f 1919/2262/1766 1931/2275/1778 1930/2274/1777 1918/2261/1765
f 1920/2263/1756 1932/2276/1768 1931/2275/1778 1919/2262/1766
f 1921/2264/1767 1933/2277/1779 1944/2289/1780 1932/2276/1768
f 1922/2265/1769 1934/2278/1781 1933/2277/1779 1921/2264/1767
f 1923/2266/1770 1935/2279/1782 1934/2278/1781 1922/2265/1769
f 1924/2267/1771 1936/2280/1783 1935/2279/1782 1923/2266/1770
f 1925/2268/1772 1937/2281/1784 1936/2280/1783 1924/2267/1771
f 1926/2269/1773 1938/2282/1785 1937/2281/1784 1925/2268/1772
f 1927/2270/1774 1939/2283/1786 1938/2282/1785 1926/2269/1773
f 1928/2271/1775 1940/2284/1787 1939/2283/1786 1927/2270/1774
f 1929/2272/1776 1941/2285/1788 1940/2284/1787 1928/2271/1775
f 1930/2274/1777 1942/2287/1789 1941/2286/1788 1929/2273/1776
f 1931/2275/1778 1943/2288/1790 1942/2287/1789 1930/2274/1777
f 1932/2276/1768 1944/2289/1780 1943/2288/1790 1931/2275/1778
f 1933/2277/1779 1945/2290/1791 1956/2302/1792 1944/2289/1780
f 1934/2278/1781 1946/2291/1793 1945/2290/1791 1933/2277/1779
f 1935/2279/1782 1947/2292/1794 1946/2291/1793 1934/2278/1781
f 1936/2280/1783 1948/2293/1795 1947/2292/1794 1935/2279/1782
f 1937/2281/1784 1949/2294/1796 1948/2293/1795 1936/2280/1783
f 1938/2282/1785 1950/2295/1797 1949/2294/1796 1937/2281/1784
f 1939/2283/1786 1951/2296/1798 1950/2295/1797 1938/2282/1785
f 1940/2284/1787 1952/2297/1799 1951/2296/1798 1939/2283/1786
f 1941/2285/1788 1953/2298/1800 1952/2297/1799 1940/2284/1787
f 1942/2287/1789 1954/2300/1801 1953/2299/1800 1941/2286/1788
f 1943/2288/1790 1955/2301/1802 1954/2300/1801 1942/2287/1789
f 1944/2289/1780 1956/2302/1792 1955/2301/1802 1943/2288/1790
f 1945/2290/1791 1957/2303/1803 1968/2315/1804 1956/2302/1792
f 1946/2291/1793 1958/2304/1805 1957/2303/1803 1945/2290/1791
f 1947/2292/1794 1959/2305/1806 1958/2304/1805 1946/2291/1793
f 1948/2293/1795 1960/2306/1807 1959/2305/1806 1947/2292/1794
f 1949/2294/1796 1961/2307/1808 1960/2306/1807 1948/2293/1795
f 1950/2295/1797 1962/2308/1809 1961/2307/1808 1949/2294/1796
f 1951/2296/1798 1963/2309/1810 1962/2308/1809 1950/2295/1797
f 1952/2297/1799 1964/2310/1811 1963/2309/1810 1951/2296/1798
f 1953/2298/1800 1965/2311/1812 1964/2310/1811 1952/2297/1799
f 1954/2300/1801 1966/2313/1813 1965/2312/1812 1953/2299/1800
f 1955/2301/1802 1967/2314/1814 1966/2313/1813 1954/2300/1801
f 1956/2302/1792 1968/2315/1804 1967/2314/1814 1955/2301/1802
f 3802/4350/1815 3804/4352/1816 3749/4244/1817
f 3808/4358/1818 3810/4361/1819 3749/4244/1817
f 3810/4361/1819 3812/4364/1820 3749/4244/1817
f 3812/4364/1820 3814/4367/1821 3749/4244/1817
f 3814/4367/1821 3816/4370/1822 3749/4244/1817
f 3816/4370/1822 3818/4374/1823 3749/4244/1817
f 3818/4375/1823 3820/4379/1824 3749/4244/1817
f 3820/4379/1824 3822/4382/1825 3749/4244/1817
f 3822/4382/1825 3823/4385/1826 3749/4244/1817
f 3750/4245/1827 3847/4423/1828 3826/4388/1829
f 3828/4391/1830 3830/4394/1831 3750/4245/1827
f 3711/4203/1832 1970/2317/1833 1969/2316/1834 3710/4202/1835
f 3712/4204/1836 1971/2318/1837 1970/2317/1833 3711/4203/1832
f 3713/4205/1838 1972/2319/1839 1971/2318/1837 3712/4204/1836
f 3714/4206/1840 1973/2320/1841 1972/2319/1839 3713/4205/1838
f 3716/4208/1842 1974/2321/1843 1973/2320/1841 3714/4206/1840
f 3717/4209/1844 1975/2322/1845 1974/2321/1843 3716/4208/1842
f 3718/4210/1846 1976/2323/1847 1975/2322/1845 3717/4209/1844
f 3719/4211/1848 1977/2324/1849 1976/2323/1847 3718/4210/1846
f 3720/4213/1850 1978/2326/1851 1977/2325/1849 3719/4212/1848
f 3721/4214/1852 1979/2327/1853 1978/2326/1851 3720/4213/1850
f 3722/4215/1854 1980/2328/1855 1979/2327/1853 3721/4214/1852
f 1969/2316/1834 1981/2329/1856 1992/2341/1857 1980/2328/1855
f 1970/2317/1833 1982/2330/1858 1981/2329/1856 1969/2316/1834
f 1971/2318/1837 1983/2331/1859 1982/2330/1858 1970/2317/1833
f 1972/2319/1839 1984/2332/1860 1983/2331/1859 1971/2318/1837
f 1973/2320/1841 1985/2333/1861 1984/2332/1860 1972/2319/1839
f 1974/2321/1843 1986/2334/1862 1985/2333/1861 1973/2320/1841
f 1975/2322/1845 1987/2335/1863 1986/2334/1862 1974/2321/1843
f 1976/2323/1847 1988/2336/1864 1987/2335/1863 1975/2322/1845
f 1977/2324/1849 1989/2337/1865 1988/2336/1864 1976/2323/1847
f 1978/2326/1851 1990/2339/1866 1989/2338/1865 1977/2325/1849
f 1979/2327/1853 1991/2340/1867 1990/2339/1866 1978/2326/1851
f 1980/2328/1855 1992/2341/1857 1991/2340/1867 1979/2327/1853
f 1981/2329/1856 1993/2342/1868 2004/2354/1869 1992/2341/1857
f 1982/2330/1858 1994/2343/1870 1993/2342/1868 1981/2329/1856
f 1983/2331/1859 1995/2344/1871 1994/2343/1870 1982/2330/1858
f 1984/2332/1860 1996/2345/1872 1995/2344/1871 1983/2331/1859
f 1985/2333/1861 1997/2346/1873 1996/2345/1872 1984/2332/1860
f 1986/2334/1862 1998/2347/1874 1997/2346/1873 1985/2333/1861
f 1987/2335/1863 1999/2348/1875 1998/2347/1874 1986/2334/1862
f 1988/2336/1864 2000/2349/1876 1999/2348/1875 1987/2335/1863
f 1989/2337/1865 2001/2350/1877 2000/2349/1876 1988/2336/1864
f 1990/2339/1866 2002/2352/1878 2001/2351/1877 1989/2338/1865
f 1991/2340/1867 2003/2353/1879 2002/2352/1878 1990/2339/1866
f 1992/2341/1857 2004/2354/1869 2003/2353/1879 1991/2340/1867
f 1993/2342/1868 2005/2355/1880 2016/2367/1881 2004/2354/1869
f 1994/2343/1870 2006/2356/1882 2005/2355/1880 1993/2342/1868
f 1995/2344/1871 2007/2357/1883 2006/2356/1882 1994/2343/1870
f 1996/2345/1872 2008/2358/1884 2007/2357/1883 1995/2344/1871
f 1997/2346/1873 2009/2359/1885 2008/2358/1884 1996/2345/1872
f 1998/2347/1874 2010/2360/1886 2009/2359/1885 1997/2346/1873
f 1999/2348/1875 2011/2361/1887 2010/2360/1886 1998/2347/1874
f 2000/2349/1876 2012/2362/1888 2011/2361/1887 1999/2348/1875
f 2001/2350/1877 2013/2363/1889 2012/2362/1888 2000/2349/1876
f 2002/2352/1878 2014/2365/1890 2013/2364/1889 2001/2351/1877
f 2003/2353/1879 2015/2366/1891 2014/2365/1890 2002/2352/1878
f 2004/2354/1869 2016/2367/1881 2015/2366/1891 2003/2353/1879
f 2005/2355/1880 2017/2368/1892 2028/2380/1893 2016/2367/1881
f 2006/2356/1882 2018/2369/1894 2017/2368/1892 2005/2355/1880
f 2007/2357/1883 2019/2370/1895 2018/2369/1894 2006/2356/1882
f 2008/2358/1884 2020/2371/1896 2019/2370/1895 2007/2357/1883
f 2009/2359/1885 2021/2372/1897 2020/2371/1896 2008/2358/1884
f 2010/2360/1886 2022/2373/1898 2021/2372/1897 2009/2359/1885
f 2011/2361/1887 2023/2374/1899 2022/2373/1898 2010/2360/1886
f 2012/2362/1888 2024/2375/1900 2023/2374/1899 2011/2361/1887
f 2013/2363/1889 2025/2376/1901 2024/2375/1900 2012/2362/1888
f 2014/2365/1890 2026/2378/1902 2025/2377/1901 2013/2364/1889
f 2015/2366/1891 2027/2379/1903 2026/2378/1902 2014/2365/1890
f 2016/2367/1881 2028/2380/1893 2027/2379/1903 2015/2366/1891
f 2017/2368/1892 2029/2381/1904 2040/2393/1905 2028/2380/1893
f 2018/2369/1894 2030/2382/1906 2029/2381/1904 2017/2368/1892
f 2019/2370/1895 2031/2383/1907 2030/2382/1906 2018/2369/1894
f 2020/2371/1896 2032/2384/1908 2031/2383/1907 2019/2370/1895
f 2021/2372/1897 2033/2385/1909 2032/2384/1908 2020/2371/1896
f 2022/2373/1898 2034/2386/1910 2033/2385/1909 2021/2372/1897
f 2023/2374/1899 2035/2387/1911 2034/2386/1910 2022/2373/1898
f 2024/2375/1900 2036/2388/1912 2035/2387/1911 2023/2374/1899
f 2025/2376/1901 2037/2389/1913 2036/2388/1912 2024/2375/1900
f 2026/2378/1902 2038/2391/1914 2037/2390/1913 2025/2377/1901
f 2027/2379/1903 2039/2392/1915 2038/2391/1914 2026/2378/1902
f 2028/2380/1893 2040/2393/1905 2039/2392/1915 2027/2379/1903
f 2029/2381/1904 2041/2394/1916 2052/2406/1917 2040/2393/1905
f 2030/2382/1906 2042/2395/1918 2041/2394/1916 2029/2381/1904
f 2031/2383/1907 2043/2396/1919 2042/2395/1918 2030/2382/1906
f 2032/2384/1908 2044/2397/1920 2043/2396/1919 2031/2383/1907
f 2033/2385/1909 2045/2398/1921 2044/2397/1920 2032/2384/1908
f 2034/2386/1910 2046/2399/1922 2045/2398/1921 2033/2385/1909
f 2035/2387/1911 2047/2400/1923 2046/2399/1922 2034/2386/1910
f 2036/2388/1912 2048/2401/1924 2047/2400/1923 2035/2387/1911
f 2037/2389/1913 2049/2402/1925 2048/2401/1924 2036/2388/1912
f 2038/2391/1914 2050/2404/1926 2049/2403/1925 2037/2390/1913
f 2039/2392/1915 2051/2405/1927 2050/2404/1926 2038/2391/1914
f 2040/2393/1905 2052/2406/1917 2051/2405/1927 2039/2392/1915
f 2041/2394/1916 2053/2407/1928 2064/2419/1929 2052/2406/1917
f 2042/2395/1918 2054/2408/1930 2053/2407/1928 2041/2394/1916
f 2043/2396/1919 2055/2409/1931 2054/2408/1930 2042/2395/1918
f 2044/2397/1920 2056/2410/1932 2055/2409/1931 2043/2396/1919
f 2045/2398/1921 2057/2411/1933 2056/2410/1932 2044/2397/1920
f 2046/2399/1922 2058/2412/1934 2057/2411/1933 2045/2398/1921
f 2047/2400/1923 2059/2413/1935 2058/2412/1934 2046/2399/1922
f 2048/2401/1924 2060/2414/1936 2059/2413/1935 2047/2400/1923
f 2049/2402/1925 2061/2415/1937 2060/2414/1936 2048/2401/1924
f 2050/2404/1926 2062/2417/1938 2061/2416/1937 2049/2403/1925
f 2051/2405/1927 2063/2418/1939 2062/2417/1938 2050/2404/1926
f 2052/2406/1917 2064/2419/1929 2063/2418/1939 2051/2405/1927
f 2053/2407/1928 2065/2420/1940 2076/2432/1941 2064/2419/1929
f 2054/2408/1930 2066/2421/1942 2065/2420/1940 2053/2407/1928
f 2055/2409/1931 2067/2422/1943 2066/2421/1942 2054/2408/1930
f 2056/2410/1932 2068/2423/1944 2067/2422/1943 2055/2409/1931
f 2057/2411/1933 2069/2424/1945 2068/2423/1944 2056/2410/1932
f 2058/2412/1934 2070/2425/1946 2069/2424/1945 2057/2411/1933
f 2059/2413/1935 2071/2426/1947 2070/2425/1946 2058/2412/1934
f 2060/2414/1936 2072/2427/1948 2071/2426/1947 2059/2413/1935
f 2061/2415/1937 2073/2428/1949 2072/2427/1948 2060/2414/1936
f 2062/2417/1938 2074/2430/1950 2073/2429/1949 2061/2416/1937
f 2063/2418/1939 2075/2431/1951 2074/2430/1950 2062/2417/1938
f 2064/2419/1929 2076/2432/1941 2075/2431/1951 2063/2418/1939
f 2065/2420/1940 2077/2433/1952 2088/2445/1953 2076/2432/1941
f 2066/2421/1942 2078/2434/1954 2077/2433/1952 2065/2420/1940
f 2067/2422/1943 2079/2435/1955 2078/2434/1954 2066/2421/1942
f 2068/2423/1944 2080/2436/1956 2079/2435/1955 2067/2422/1943
f 2069/2424/1945 2081/2437/1957 2080/2436/1956 2068/2423/1944
f 2070/2425/1946 2082/2438/1958 2081/2437/1957 2069/2424/1945
f 2071/2426/1947 2083/2439/1959 2082/2438/1958 2070/2425/1946
f 2072/2427/1948 2084/2440/1960 2083/2439/1959 2071/2426/1947
f 2073/2428/1949 2085/2441/1961 2084/2440/1960 2072/2427/1948
f 2074/2430/1950 2086/2443/1962 2085/2442/1961 2073/2429/1949
f 2075/2431/1951 2087/2444/1963 2086/2443/1962 2074/2430/1950
f 2076/2432/1941 2088/2445/1953 2087/2444/1963 2075/2431/1951
f 2077/2433/1952 2089/2446/1964 2100/2458/1965 2088/2445/1953
f 2078/2434/1954 2090/2447/1966 2089/2446/1964 2077/2433/1952
f 2079/2435/1955 2091/2448/1967 2090/2447/1966 2078/2434/1954
f 2080/2436/1956 2092/2449/1968 2091/2448/1967 2079/2435/1955
f 2081/2437/1957 2093/2450/1969 2092/2449/1968 2080/2436/1956
f 2082/2438/1958 2094/2451/1970 2093/2450/1969 2081/2437/1957
f 2083/2439/1959 2095/2452/1971 2094/2451/1970 2082/2438/1958
f 2084/2440/1960 2096/2453/1972 2095/2452/1971 2083/2439/1959
f 2085/2441/1961 2097/2454/1973 2096/2453/1972 2084/2440/1960
f 2086/2443/1962 2098/2456/1974 2097/2455/1973 2085/2442/1961
f 2087/2444/1963 2099/2457/1975 2098/2456/1974 2086/2443/1962
f 2088/2445/1953 2100/2458/1965 2099/2457/1975 2087/2444/1963
f 2089/2446/1964 2101/2459/1976 2112/2471/1977 2100/2458/1965
f 2090/2447/1966 2102/2460/1978 2101/2459/1976 2089/2446/1964
f 2091/2448/1967 2103/2461/1979 2102/2460/1978 2090/2447/1966
f 2092/2449/1968 2104/2462/1980 2103/2461/1979 2091/2448/1967
f 2093/2450/1969 2105/2463/1981 2104/2462/1980 2092/2449/1968
f 2094/2451/1970 2106/2464/1982 2105/2463/1981 2093/2450/1969
f 2095/2452/1971 2107/2465/1983 2106/2464/1982 2094/2451/1970
f 2096/2453/1972 2108/2466/1984 2107/2465/1983 2095/2452/1971
f 2097/2454/1973 2109/2467/1985 2108/2466/1984 2096/2453/1972
f 2098/2456/1974 2110/2469/1986 2109/2468/1985 2097/2455/1973
f 2099/2457/1975 2111/2470/1987 2110/2469/1986 2098/2456/1974
f 2100/2458/1965 2112/2471/1977 2111/2470/1987 2099/2457/1975
f 2101/2459/1976 2113/2472/1988 2124/2484/1989 2112/2471/1977
f 2102/2460/1978 2114/2473/1990 2113/2472/1988 2101/2459/1976
f 2103/2461/1979 2115/2474/1991 2114/2473/1990 2102/2460/1978
f 2104/2462/1980 2116/2475/1992 2115/2474/1991 2103/2461/1979
f 2105/2463/1981 2117/2476/1993 2116/2475/1992 2104/2462/1980
f 2106/2464/1982 2118/2477/1994 2117/2476/1993 2105/2463/1981
f 2107/2465/1983 2119/2478/1995 2118/2477/1994 2106/2464/1982
f 2108/2466/1984 2120/2479/1996 2119/2478/1995 2107/2465/1983
f 2109/2467/1985 2121/2480/1997 2120/2479/1996 2108/2466/1984
f 2110/2469/1986 2122/2482/1998 2121/2481/1997 2109/2468/1985
f 2111/2470/1987 2123/2483/1999 2122/2482/1998 2110/2469/1986
f 2112/2471/1977 2124/2484/1989 2123/2483/1999 2111/2470/1987
f 2113/2472/1988 2125/2485/2000 2136/2497/2001 2124/2484/1989
f 2114/2473/1990 2126/2486/2002 2125/2485/2000 2113/2472/1988
f 2115/2474/1991 2127/2487/2003 2126/2486/2002 2114/2473/1990
f 2116/2475/1992 2128/2488/2004 2127/2487/2003 2115/2474/1991
f 2117/2476/1993 2129/2489/2005 2128/2488/2004 2116/2475/1992
f 2118/2477/1994 2130/2490/2006 2129/2489/2005 2117/2476/1993
f 2119/2478/1995 2131/2491/2007 2130/2490/2006 2118/2477/1994
f 2120/2479/1996 2132/2492/2008 2131/2491/2007 2119/2478/1995
f 2121/2480/1997 2133/2493/2009 2132/2492/2008 2120/2479/1996
f 2122/2482/1998 2134/2495/2010 2133/2494/2009 2121/2481/1997
f 2123/2483/1999 2135/2496/2011 2134/2495/2010 2122/2482/1998
f 2124/2484/1989 2136/2497/2001 2135/2496/2011 2123/2483/1999
f 2125/2485/2000 2137/2498/2012 2148/2510/2013 2136/2497/2001
f 2126/2486/2002 2138/2499/2014 2137/2498/2012 2125/2485/2000
f 2127/2487/2003 2139/2500/2015 2138/2499/2014 2126/2486/2002
f 2128/2488/2004 2140/2501/2016 2139/2500/2015 2127/2487/2003
f 2129/2489/2005 2141/2502/2017 2140/2501/2016 2128/2488/2004
f 2130/2490/2006 2142/2503/2018 2141/2502/2017 2129/2489/2005
f 2131/2491/2007 2143/2504/2019 2142/2503/2018 2130/2490/2006
f 2132/2492/2008 2144/2505/2020 2143/2504/2019 2131/2491/2007
f 2133/2493/2009 2145/2506/2021 2144/2505/2020 2132/2492/2008
f 2134/2495/2010 2146/2508/2022 2145/2507/2021 2133/2494/2009
f 2135/2496/2011 2147/2509/2023 2146/2508/2022 2134/2495/2010
f 2136/2497/2001 2148/2510/2013 2147/2509/2023 2135/2496/2011
f 2137/2498/2012 2149/2511/2024 2160/2523/2025 2148/2510/2013
f 2138/2499/2014 2150/2512/2026 2149/2511/2024 2137/2498/2012
f 2139/2500/2015 2151/2513/2027 2150/2512/2026 2138/2499/2014
f 2140/2501/2016 2152/2514/2028 2151/2513/2027 2139/2500/2015
f 2141/2502/2017 2153/2515/2029 2152/2514/2028 2140/2501/2016
f 2142/2503/2018 2154/2516/2030 2153/2515/2029 2141/2502/2017
f 2143/2504/2019 2155/2517/2031 2154/2516/2030 2142/2503/2018
f 2144/2505/2020 2156/2518/2032 2155/2517/2031 2143/2504/2019
f 2145/2506/2021 2157/2519/2033 2156/2518/2032 2144/2505/2020
f 2146/2508/2022 2158/2521/2034 2157/2520/2033 2145/2507/2021
f 2147/2509/2023 2159/2522/2035 2158/2521/2034 2146/2508/2022
f 2148/2510/2013 2160/2523/2025 2159/2522/2035 2147/2509/2023
f 2149/2511/2024 2161/2524/2036 2172/2536/2037 2160/2523/2025
f 2150/2512/2026 2162/2525/2038 2161/2524/2036 2149/2511/2024
f 2151/2513/2027 2163/2526/2039 2162/2525/2038 2150/2512/2026
f 2152/2514/2028 2164/2527/2040 2163/2526/2039 2151/2513/2027
f 2153/2515/2029 2165/2528/2041 2164/2527/2040 2152/2514/2028
f 2154/2516/2030 2166/2529/2042 2165/2528/2041 2153/2515/2029
f 2155/2517/2031 2167/2530/2043 2166/2529/2042 2154/2516/2030
f 2156/2518/2032 2168/2531/2044 2167/2530/2043 2155/2517/2031
f 2157/2519/2033 2169/2532/2045 2168/2531/2044 2156/2518/2032
f 2158/2521/2034 2170/2534/2046 2169/2533/2045 2157/2520/2033
f 2159/2522/2035 2171/2535/2047 2170/2534/2046 2158/2521/2034
f 2160/2523/2025 2172/2536/2037 2171/2535/2047 2159/2522/2035
f 2161/2524/2036 2173/2537/2048 2184/2549/2049 2172/2536/2037
f 2162/2525/2038 2174/2538/2050 2173/2537/2048 2161/2524/2036
f 2163/2526/2039 2175/2539/2051 2174/2538/2050 2162/2525/2038
f 2164/2527/2040 2176/2540/2052 2175/2539/2051 2163/2526/2039
f 2165/2528/2041 2177/2541/2053 2176/2540/2052 2164/2527/2040
f 2166/2529/2042 2178/2542/2054 2177/2541/2053 2165/2528/2041
f 2167/2530/2043 2179/2543/2055 2178/2542/2054 2166/2529/2042
f 2168/2531/2044 2180/2544/2056 2179/2543/2055 2167/2530/2043
f 2169/2532/2045 2181/2545/2057 2180/2544/2056 2168/2531/2044
f 2170/2534/2046 2182/2547/2058 2181/2546/2057 2169/2533/2045
f 2171/2535/2047 2183/2548/2059 2182/2547/2058 2170/2534/2046
f 2172/2536/2037 2184/2549/2049 2183/2548/2059 2171/2535/2047
f 2173/2537/2048 2185/2550/2060 2196/2562/2061 2184/2549/2049
f 2174/2538/2050 2186/2551/2062 2185/2550/2060 2173/2537/2048
f 2175/2539/2051 2187/2552/2063 2186/2551/2062 2174/2538/2050
f 2176/2540/2052 2188/2553/2064 2187/2552/2063 2175/2539/2051
f 2177/2541/2053 2189/2554/2065 2188/2553/2064 2176/2540/2052
f 2178/2542/2054 2190/2555/2066 2189/2554/2065 2177/2541/2053
f 2179/2543/2055 2191/2556/2067 2190/2555/2066 2178/2542/2054
f 2180/2544/2056 2192/2557/2068 2191/2556/2067 2179/2543/2055
f 2181/2545/2057 2193/2558/2069 2192/2557/2068 2180/2544/2056
f 2182/2547/2058 2194/2560/2070 2193/2559/2069 2181/2546/2057
f 2183/2548/2059 2195/2561/2071 2194/2560/2070 2182/2547/2058
f 2184/2549/2049 2196/2562/2061 2195/2561/2071 2183/2548/2059
f 2185/2550/2060 2197/2563/2072 2208/2575/2073 2196/2562/2061
f 2186/2551/2062 2198/2564/2074 2197/2563/2072 2185/2550/2060
f 2187/2552/2063 2199/2565/2075 2198/2564/2074 2186/2551/2062
f 2188/2553/2064 2200/2566/2076 2199/2565/2075 2187/2552/2063
f 2189/2554/2065 2201/2567/2077 2200/2566/2076 2188/2553/2064
f 2190/2555/2066 2202/2568/2078 2201/2567/2077 2189/2554/2065
f 2191/2556/2067 2203/2569/2079 2202/2568/2078 2190/2555/2066
f 2192/2557/2068 2204/2570/2080 2203/2569/2079 2191/2556/2067
f 2193/2558/2069 2205/2571/2081 2204/2570/2080 2192/2557/2068
f 2194/2560/2070 2206/2573/2082 2205/2572/2081 2193/2559/2069
f 2195/2561/2071 2207/2574/2083 2206/2573/2082 2194/2560/2070
f 2196/2562/2061 2208/2575/2073 2207/2574/2083 2195/2561/2071
f 2197/2563/2072 2209/2576/2084 2220/2588/2085 2208/2575/2073
f 2198/2564/2074 2210/2577/2086 2209/2576/2084 2197/2563/2072
f 2199/2565/2075 2211/2578/2087 2210/2577/2086 2198/2564/2074
f 2200/2566/2076 2212/2579/2088 2211/2578/2087 2199/2565/2075
f 2201/2567/2077 2213/2580/2089 2212/2579/2088 2200/2566/2076
f 2202/2568/2078 2214/2581/2090 2213/2580/2089 2201/2567/2077
f 2203/2569/2079 2215/2582/2091 2214/2581/2090 2202/2568/2078
f 2204/2570/2080 2216/2583/2092 2215/2582/2091 2203/2569/2079
f 2205/2571/2081 2217/2584/2093 2216/2583/2092 2204/2570/2080
f 2206/2573/2082 2218/2586/2094 2217/2585/2093 2205/2572/2081
f 2207/2574/2083 2219/2587/2095 2218/2586/2094 2206/2573/2082
f 2208/2575/2073 2220/2588/2085 2219/2587/2095 2207/2574/2083
f 2209/2576/2084 2221/2589/2096 2232/2601/2097 2220/2588/2085
f 2210/2577/2086 2222/2590/2098 2221/2589/2096 2209/2576/2084
f 2211/2578/2087 2223/2591/2099 2222/2590/2098 2210/2577/2086
f 2212/2579/2088 2224/2592/2100 2223/2591/2099 2211/2578/2087
f 2213/2580/2089 2225/2593/2101 2224/2592/2100 2212/2579/2088
f 2214/2581/2090 2226/2594/2102 2225/2593/2101 2213/2580/2089
f 2215/2582/2091 2227/2595/2103 2226/2594/2102 2214/2581/2090
f 2216/2583/2092 2228/2596/2104 2227/2595/2103 2215/2582/2091
f 2217/2584/2093 2229/2597/2105 2228/2596/2104 2216/2583/2092
f 2218/2586/2094 2230/2599/2106 2229/2598/2105 2217/2585/2093
f 2219/2587/2095 2231/2600/2107 2230/2599/2106 2218/2586/2094
f 2220/2588/2085 2232/2601/2097 2231/2600/2107 2219/2587/2095
f 2221/2589/2096 2233/2602/2108 2244/2614/2109 2232/2601/2097
f 2222/2590/2098 2234/2603/2110 2233/2602/2108 2221/2589/2096
f 2223/2591/2099 2235/2604/2111 2234/2603/2110 2222/2590/2098
f 2224/2592/2100 2236/2605/2112 2235/2604/2111 2223/2591/2099
f 2225/2593/2101 2237/2606/2113 2236/2605/2112 2224/2592/2100
f 2226/2594/2102 2238/2607/2114 2237/2606/2113 2225/2593/2101
f 2227/2595/2103 2239/2608/2115 2238/2607/2114 2226/2594/2102
f 2228/2596/2104 2240/2609/2116 2239/2608/2115 2227/2595/2103
f 2229/2597/2105 2241/2610/2117 2240/2609/2116 2228/2596/2104
f 2230/2599/2106 2242/2612/2118 2241/2611/2117 2229/2598/2105
f 2231/2600/2107 2243/2613/2119 2242/2612/2118 2230/2599/2106
f 2232/2601/2097 2244/2614/2109 2243/2613/2119 2231/2600/2107
f 2233/2602/2108 2245/2615/2120 2256/2627/2121 2244/2614/2109
f 2234/2603/2110 2246/2616/2122 2245/2615/2120 2233/2602/2108
f 2235/2604/2111 2247/2617/2123 2246/2616/2122 2234/2603/2110
f 2236/2605/2112 2248/2618/2124 2247/2617/2123 2235/2604/2111
f 2237/2606/2113 2249/2619/2125 2248/2618/2124 2236/2605/2112
f 2238/2607/2114 2250/2620/2126 2249/2619/2125 2237/2606/2113
f 2239/2608/2115 2251/2621/2127 2250/2620/2126 2238/2607/2114
f 2240/2609/2116 2252/2622/2128 2251/2621/2127 2239/2608/2115
f 2241/2610/2117 2253/2623/2129 2252/2622/2128 2240/2609/2116
f 2242/2612/2118 2254/2625/2130 2253/2624/2129 2241/2611/2117
f 2243/2613/2119 2255/2626/2131 2254/2625/2130 2242/2612/2118
f 2244/2614/2109 2256/2627/2121 2255/2626/2131 2243/2613/2119
f 2245/2615/2120 2257/2628/2132 2268/2640/2133 2256/2627/2121
f 2246/2616/2122 2258/2629/2134 2257/2628/2132 2245/2615/2120
f 2247/2617/2123 2259/2630/2135 2258/2629/2134 2246/2616/2122
f 2248/2618/2124 2260/2631/2136 2259/2630/2135 2247/2617/2123
f 2249/2619/2125 2261/2632/2137 2260/2631/2136 2248/2618/2124
f 2250/2620/2126 2262/2633/2138 2261/2632/2137 2249/2619/2125
f 2251/2621/2127 2263/2634/2139 2262/2633/2138 2250/2620/2126
f 2252/2622/2128 2264/2635/2140 2263/2634/2139 2251/2621/2127
f 2253/2623/2129 2265/2636/2141 2264/2635/2140 2252/2622/2128
f 2254/2625/2130 2266/2638/2142 2265/2637/2141 2253/2624/2129
f 2255/2626/2131 2267/2639/2143 2266/2638/2142 2254/2625/2130
f 2256/2627/2121 2268/2640/2133 2267/2639/2143 2255/2626/2131
f 2257/2628/2132 2269/2641/2144 2280/2653/2145 2268/2640/2133
f 2258/2629/2134 2270/2642/2146 2269/2641/2144 2257/2628/2132
f 2259/2630/2135 2271/2643/2147 2270/2642/2146 2258/2629/2134
f 2260/2631/2136 2272/2644/2148 2271/2643/2147 2259/2630/2135
f 2261/2632/2137 2273/2645/2149 2272/2644/2148 2260/2631/2136
f 2262/2633/2138 2274/2646/2150 2273/2645/2149 2261/2632/2137
f 2263/2634/2139 2275/2647/2151 2274/2646/2150 2262/2633/2138
f 2264/2635/2140 2276/2648/2152 2275/2647/2151 2263/2634/2139
f 2265/2636/2141 2277/2649/2153 2276/2648/2152 2264/2635/2140
f 2266/2638/2142 2278/2651/2154 2277/2650/2153 2265/2637/2141
f 2267/2639/2143 2279/2652/2155 2278/2651/2154 2266/2638/2142
f 2268/2640/2133 2280/2653/2145 2279/2652/2155 2267/2639/2143
f 2269/2641/2144 2281/2654/2156 2292/2666/2157 2280/2653/2145
f 2270/2642/2146 2282/2655/2158 2281/2654/2156 2269/2641/2144
f 2271/2643/2147 2283/2656/2159 2282/2655/2158 2270/2642/2146
f 2272/2644/2148 2284/2657/2160 2283/2656/2159 2271/2643/2147
f 2273/2645/2149 2285/2658/2161 2284/2657/2160 2272/2644/2148
f 2274/2646/2150 2286/2659/2162 2285/2658/2161 2273/2645/2149
f 2275/2647/2151 2287/2660/2163 2286/2659/2162 2274/2646/2150
f 2276/2648/2152 2288/2661/2164 2287/2660/2163 2275/2647/2151
f 2277/2649/2153 2289/2662/2165 2288/2661/2164 2276/2648/2152
f 2278/2651/2154 2290/2664/2166 2289/2663/2165 2277/2650/2153
f 2279/2652/2155 2291/2665/2167 2290/2664/2166 2278/2651/2154
f 2280/2653/2145 2292/2666/2157 2291/2665/2167 2279/2652/2155
f 2281/2654/2156 2293/2667/2168 2304/2679/2169 2292/2666/2157
f 2282/2655/2158 2294/2668/2170 2293/2667/2168 2281/2654/2156
f 2283/2656/2159 2295/2669/2171 2294/2668/2170 2282/2655/2158
f 2284/2657/2160 2296/2670/2172 2295/2669/2171 2283/2656/2159
f 2285/2658/2161 2297/2671/2173 2296/2670/2172 2284/2657/2160
f 2286/2659/2162 2298/2672/2174 2297/2671/2173 2285/2658/2161
f 2287/2660/2163 2299/2673/2175 2298/2672/2174 2286/2659/2162
f 2288/2661/2164 2300/2674/2176 2299/2673/2175 2287/2660/2163
f 2289/2662/2165 2301/2675/2177 2300/2674/2176 2288/2661/2164
f 2290/2664/2166 2302/2677/2178 2301/2676/2177 2289/2663/2165
f 2291/2665/2167 2303/2678/2179 2302/2677/2178 2290/2664/2166
f 2292/2666/2157 2304/2679/2169 2303/2678/2179 2291/2665/2167
f 2293/2667/2168 2305/2680/2180 2316/2692/2181 2304/2679/2169
f 2294/2668/2170 2306/2681/2182 2305/2680/2180 2293/2667/2168
f 2295/2669/2171 2307/2682/2183 2306/2681/2182 2294/2668/2170
f 2296/2670/2172 2308/2683/2184 2307/2682/2183 2295/2669/2171
f 2297/2671/2173 2309/2684/2185 2308/2683/2184 2296/2670/2172
f 2298/2672/2174 2310/2685/2186 2309/2684/2185 2297/2671/2173
f 2299/2673/2175 2311/2686/2187 2310/2685/2186 2298/2672/2174
f 2300/2674/2176 2312/2687/2188 2311/2686/2187 2299/2673/2175
f 2301/2675/2177 2313/2688/2189 2312/2687/2188 2300/2674/2176
f 2302/2677/2178 2314/2690/2190 2313/2689/2189 2301/2676/2177
f 2303/2678/2179 2315/2691/2191 2314/2690/2190 2302/2677/2178
f 2304/2679/2169 2316/2692/2181 2315/2691/2191 2303/2678/2179
f 2305/2680/2180 2317/2693/2192 2328/2705/2193 2316/2692/2181
f 2306/2681/2182 2318/2694/2194 2317/2693/2192 2305/2680/2180
f 2307/2682/2183 2319/2695/2195 2318/2694/2194 2306/2681/2182
f 2308/2683/2184 2320/2696/2196 2319/2695/2195 2307/2682/2183
f 2309/2684/2185 2321/2697/2197 2320/2696/2196 2308/2683/2184
f 2310/2685/2186 2322/2698/2198 2321/2697/2197 2309/2684/2185
f 2311/2686/2187 2323/2699/2199 2322/2698/2198 2310/2685/2186
f 2312/2687/2188 2324/2700/2200 2323/2699/2199 2311/2686/2187
f 2313/2688/2189 2325/2701/2201 2324/2700/2200 2312/2687/2188
f 2314/2690/2190 2326/2703/2202 2325/2702/2201 2313/2689/2189
f 2315/2691/2191 2327/2704/2203 2326/2703/2202 2314/2690/2190
f 2316/2692/2181 2328/2705/2193 2327/2704/2203 2315/2691/2191
f 2317/2693/2192 2329/2706/2204 2340/2718/2205 2328/2705/2193
f 2318/2694/2194 2330/2707/2206 2329/2706/2204 2317/2693/2192
f 2319/2695/2195 2331/2708/2207 2330/2707/2206 2318/2694/2194
f 2320/2696/2196 2332/2709/2208 2331/2708/2207 2319/2695/2195
f 2321/2697/2197 2333/2710/2209 2332/2709/2208 2320/2696/2196
f 2322/2698/2198 2334/2711/2210 2333/2710/2209 2321/2697/2197
f 2323/2699/2199 2335/2712/2211 2334/2711/2210 2322/2698/2198
f 2324/2700/2200 2336/2713/2212 2335/2712/2211 2323/2699/2199
f 2325/2701/2201 2337/2714/2213 2336/2713/2212 2324/2700/2200
f 2326/2703/2202 2338/2716/2214 2337/2715/2213 2325/2702/2201
f 2327/2704/2203 2339/2717/2215 2338/2716/2214 2326/2703/2202
f 2328/2705/2193 2340/2718/2205 2339/2717/2215 2327/2704/2203
f 2329/2706/2204 2341/2719/2216 2352/2731/2217 2340/2718/2205
f 2330/2707/2206 2342/2720/2218 2341/2719/2216 2329/2706/2204
f 2331/2708/2207 2343/2721/2219 2342/2720/2218 2330/2707/2206
f 2332/2709/2208 2344/2722/2220 2343/2721/2219 2331/2708/2207
f 2333/2710/2209 2345/2723/2221 2344/2722/2220 2332/2709/2208
f 2334/2711/2210 2346/2724/2222 2345/2723/2221 2333/2710/2209
f 2335/2712/2211 2347/2725/2223 2346/2724/2222 2334/2711/2210
f 2336/2713/2212 2348/2726/2224 2347/2725/2223 2335/2712/2211
f 2337/2714/2213 2349/2727/2225 2348/2726/2224 2336/2713/2212
f 2338/2716/2214 2350/2729/2226 2349/2728/2225 2337/2715/2213
f 2339/2717/2215 2351/2730/2227 2350/2729/2226 2338/2716/2214
f 2340/2718/2205 2352/2731/2217 2351/2730/2227 2339/2717/2215
f 2341/2719/2216 2353/2732/2228 2364/2744/2229 2352/2731/2217
f 2342/2720/2218 2354/2733/2230 2353/2732/2228 2341/2719/2216
f 2343/2721/2219 2355/2734/2231 2354/2733/2230 2342/2720/2218
f 2344/2722/2220 2356/2735/2232 2355/2734/2231 2343/2721/2219
f 2345/2723/2221 2357/2736/2233 2356/2735/2232 2344/2722/2220
f 2346/2724/2222 2358/2737/2234 2357/2736/2233 2345/2723/2221
f 2347/2725/2223 2359/2738/2235 2358/2737/2234 2346/2724/2222
f 2348/2726/2224 2360/2739/2236 2359/2738/2235 2347/2725/2223
f 2349/2727/2225 2361/2740/2237 2360/2739/2236 2348/2726/2224
f 2350/2729/2226 2362/2742/2238 2361/2741/2237 2349/2728/2225
f 2351/2730/2227 2363/2743/2239 2362/2742/2238 2350/2729/2226
f 2352/2731/2217 2364/2744/2229 2363/2743/2239 2351/2730/2227
f 2353/2732/2228 2365/2745/2240 2376/2757/2241 2364/2744/2229
f 2354/2733/2230 2366/2746/2242 2365/2745/2240 2353/2732/2228
f 2355/2734/2231 2367/2747/2243 2366/2746/2242 2354/2733/2230
f 2356/2735/2232 2368/2748/2244 2367/2747/2243 2355/2734/2231
f 2357/2736/2233 2369/2749/2245 2368/2748/2244 2356/2735/2232
f 2358/2737/2234 2370/2750/2246 2369/2749/2245 2357/2736/2233
f 2359/2738/2235 2371/2751/2247 2370/2750/2246 2358/2737/2234
f 2360/2739/2236 2372/2752/2248 2371/2751/2247 2359/2738/2235
f 2361/2740/2237 2373/2753/2249 2372/2752/2248 2360/2739/2236
f 2362/2742/2238 2374/2755/2250 2373/2754/2249 2361/2741/2237
f 2363/2743/2239 2375/2756/2251 2374/2755/2250 2362/2742/2238
f 2364/2744/2229 2376/2757/2241 2375/2756/2251 2363/2743/2239
f 2365/2745/2240 2377/2758/2252 2388/2770/2253 2376/2757/2241
f 2366/2746/2242 2378/2759/2254 2377/2758/2252 2365/2745/2240
f 2367/2747/2243 2379/2760/2255 2378/2759/2254 2366/2746/2242
f 2368/2748/2244 2380/2761/2256 2379/2760/2255 2367/2747/2243
f 2369/2749/2245 2381/2762/2257 2380/2761/2256 2368/2748/2244
f 2370/2750/2246 2382/2763/2258 2381/2762/2257 2369/2749/2245
f 2371/2751/2247 2383/2764/2259 2382/2763/2258 2370/2750/2246
f 2372/2752/2248 2384/2765/2260 2383/2764/2259 2371/2751/2247
f 2373/2753/2249 2385/2766/2261 2384/2765/2260 2372/2752/2248
f 2374/2755/2250 2386/2768/2262 2385/2767/2261 2373/2754/2249
f 2375/2756/2251 2387/2769/2263 2386/2768/2262 2374/2755/2250
f 2376/2757/2241 2388/2770/2253 2387/2769/2263 2375/2756/2251
f 2377/2758/2252 2389/2771/2264 2400/2783/2265 2388/2770/2253
f 2378/2759/2254 2390/2772/2266 2389/2771/2264 2377/2758/2252
f 2379/2760/2255 2391/2773/2267 2390/2772/2266 2378/2759/2254
f 2380/2761/2256 2392/2774/2268 2391/2773/2267 2379/2760/2255
f 2381/2762/2257 2393/2775/2269 2392/2774/2268 2380/2761/2256
f 2382/2763/2258 2394/2776/2270 2393/2775/2269 2381/2762/2257
f 2383/2764/2259 2395/2777/2271 2394/2776/2270 2382/2763/2258
f 2384/2765/2260 2396/2778/2272 2395/2777/2271 2383/2764/2259
f 2385/2766/2261 2397/2779/2273 2396/2778/2272 2384/2765/2260
f 2386/2768/2262 2398/2781/2274 2397/2780/2273 2385/2767/2261
f 2387/2769/2263 2399/2782/2275 2398/2781/2274 2386/2768/2262
f 2388/2770/2253 2400/2783/2265 2399/2782/2275 2387/2769/2263
f 2389/2771/2264 2401/2784/2276 2412/2796/2277 2400/2783/2265
f 2390/2772/2266 2402/2785/2278 2401/2784/2276 2389/2771/2264
f 2391/2773/2267 2403/2786/2279 2402/2785/2278 2390/2772/2266
f 2392/2774/2268 2404/2787/2280 2403/2786/2279 2391/2773/2267
f 2393/2775/2269 2405/2788/2281 2404/2787/2280 2392/2774/2268
f 2394/2776/2270 2406/2789/2282 2405/2788/2281 2393/2775/2269
f 2395/2777/2271 2407/2790/2283 2406/2789/2282 2394/2776/2270
f 2396/2778/2272 2408/2791/2284 2407/2790/2283 2395/2777/2271
f 2397/2779/2273 2409/2792/2285 2408/2791/2284 2396/2778/2272
f 2398/2781/2274 2410/2794/2286 2409/2793/2285 2397/2780/2273
f 2399/2782/2275 2411/2795/2287 2410/2794/2286 2398/2781/2274
f 2400/2783/2265 2412/2796/2277 2411/2795/2287 2399/2782/2275
f 2401/2784/2276 2413/2797/2288 2424/2809/2289 2412/2796/2277
f 2402/2785/2278 2414/2798/2290 2413/2797/2288 2401/2784/2276
f 2403/2786/2279 2415/2799/2291 2414/2798/2290 2402/2785/2278
f 2404/2787/2280 2416/2800/2292 2415/2799/2291 2403/2786/2279
f 2405/2788/2281 2417/2801/2293 2416/2800/2292 2404/2787/2280
f 2406/2789/2282 2418/2802/2294 2417/2801/2293 2405/2788/2281
f 2407/2790/2283 2419/2803/2295 2418/2802/2294 2406/2789/2282
f 2408/2791/2284 2420/2804/2296 2419/2803/2295 2407/2790/2283
f 2409/2792/2285 2421/2805/2297 2420/2804/2296 2408/2791/2284
f 2410/2794/2286 2422/2807/2298 2421/2806/2297 2409/2793/2285
f 2411/2795/2287 2423/2808/2299 2422/2807/2298 2410/2794/2286
f 2412/2796/2277 2424/2809/2289 2423/2808/2299 2411/2795/2287
f 2413/2797/2288 2425/2810/2300 2436/2822/2301 2424/2809/2289
f 2414/2798/2290 2426/2811/2302 2425/2810/2300 2413/2797/2288
f 2415/2799/2291 2427/2812/2303 2426/2811/2302 2414/2798/2290
f 2416/2800/2292 2428/2813/2304 2427/2812/2303 2415/2799/2291
f 2417/2801/2293 2429/2814/2305 2428/2813/2304 2416/2800/2292
f 2418/2802/2294 2430/2815/2306 2429/2814/2305 2417/2801/2293
f 2419/2803/2295 2431/2816/2307 2430/2815/2306 2418/2802/2294
f 2420/2804/2296 2432/2817/2308 2431/2816/2307 2419/2803/2295
f 2421/2805/2297 2433/2818/2309 2432/2817/2308 2420/2804/2296
f 2422/2807/2298 2434/2820/2310 2433/2819/2309 2421/2806/2297
f 2423/2808/2299 2435/2821/2311 2434/2820/2310 2422/2807/2298
f 2424/2809/2289 2436/2822/2301 2435/2821/2311 2423/2808/2299
f 2425/2810/2300 2437/2823/2312 2448/2835/2313 2436/2822/2301
f 2426/2811/2302 2438/2824/2314 2437/2823/2312 2425/2810/2300
f 2427/2812/2303 2439/2825/2315 2438/2824/2314 2426/2811/2302
f 2428/2813/2304 2440/2826/2316 2439/2825/2315 2427/2812/2303
f 2429/2814/2305 2441/2827/2317 2440/2826/2316 2428/2813/2304
f 2430/2815/2306 2442/2828/2318 2441/2827/2317 2429/2814/2305
f 2431/2816/2307 2443/2829/2319 2442/2828/2318 2430/2815/2306
f 2432/2817/2308 2444/2830/2320 2443/2829/2319 2431/2816/2307
f 2433/2818/2309 2445/2831/2321 2444/2830/2320 2432/2817/2308
f 2434/2820/2310 2446/2833/2322 2445/2832/2321 2433/2819/2309
f 2435/2821/2311 2447/2834/2323 2446/2833/2322 2434/2820/2310
f 2436/2822/2301 2448/2835/2313 2447/2834/2323 2435/2821/2311
f 2437/2823/2312 2449/2836/2324 2460/2848/2325 2448/2835/2313
f 2438/2824/2314 2450/2837/2326 2449/2836/2324 2437/2823/2312
f 2439/2825/2315 2451/2838/2327 2450/2837/2326 2438/2824/2314
f 2440/2826/2316 2452/2839/2328 2451/2838/2327 2439/2825/2315
f 2441/2827/2317 2453/2840/2329 2452/2839/2328 2440/2826/2316
f 2442/2828/2318 2454/2841/2330 2453/2840/2329 2441/2827/2317
f 2443/2829/2319 2455/2842/2331 2454/2841/2330 2442/2828/2318
f 2444/2830/2320 2456/2843/2332 2455/2842/2331 2443/2829/2319
f 2445/2831/2321 2457/2844/2333 2456/2843/2332 2444/2830/2320
f 2446/2833/2322 2458/2846/2334 2457/2845/2333 2445/2832/2321
f 2447/2834/2323 2459/2847/2335 2458/2846/2334 2446/2833/2322
f 2448/2835/2313 2460/2848/2325 2459/2847/2335 2447/2834/2323
f 2449/2836/2324 2461/2849/2336 2472/2861/2337 2460/2848/2325
f 2450/2837/2326 2462/2850/2338 2461/2849/2336 2449/2836/2324
f 2451/2838/2327 2463/2851/2339 2462/2850/2338 2450/2837/2326
f 2452/2839/2328 2464/2852/2340 2463/2851/2339 2451/2838/2327
f 2453/2840/2329 2465/2853/2341 2464/2852/2340 2452/2839/2328
f 2454/2841/2330 2466/2854/2342 2465/2853/2341 2453/2840/2329
f 2455/2842/2331 2467/2855/2343 2466/2854/2342 2454/2841/2330
f 2456/2843/2332 2468/2856/2344 2467/2855/2343 2455/2842/2331
f 2457/2844/2333 2469/2857/2345 2468/2856/2344 2456/2843/2332
f 2458/2846/2334 2470/2859/2346 2469/2858/2345 2457/2845/2333
f 2459/2847/2335 2471/2860/2347 2470/2859/2346 2458/2846/2334
f 2460/2848/2325 2472/2861/2337 2471/2860/2347 2459/2847/2335
f 2461/2849/2336 2473/2862/2348 2484/2874/2349 2472/2861/2337
f 2462/2850/2338 2474/2863/2350 2473/2862/2348 2461/2849/2336
f 2463/2851/2339 2475/2864/2351 2474/2863/2350 2462/2850/2338
f 2464/2852/2340 2476/2865/2352 2475/2864/2351 2463/2851/2339
f 2465/2853/2341 2477/2866/2353 2476/2865/2352 2464/2852/2340
f 2466/2854/2342 2478/2867/2354 2477/2866/2353 2465/2853/2341
f 2467/2855/2343 2479/2868/2355 2478/2867/2354 2466/2854/2342
f 2468/2856/2344 2480/2869/2356 2479/2868/2355 2467/2855/2343
f 2469/2857/2345 2481/2870/2357 2480/2869/2356 2468/2856/2344
f 2470/2859/2346 2482/2872/2358 2481/2871/2357 2469/2858/2345
f 2471/2860/2347 2483/2873/2359 2482/2872/2358 2470/2859/2346
f 2472/2861/2337 2484/2874/2349 2483/2873/2359 2471/2860/2347
f 2473/2862/2348 2485/2875/2360 2496/2887/2361 2484/2874/2349
f 2474/2863/2350 2486/2876/2362 2485/2875/2360 2473/2862/2348
f 2475/2864/2351 2487/2877/2363 2486/2876/2362 2474/2863/2350
f 2476/2865/2352 2488/2878/2364 2487/2877/2363 2475/2864/2351
f 2477/2866/2353 2489/2879/2365 2488/2878/2364 2476/2865/2352
f 2478/2867/2354 2490/2880/2366 2489/2879/2365 2477/2866/2353
f 2479/2868/2355 2491/2881/2367 2490/2880/2366 2478/2867/2354
f 2480/2869/2356 2492/2882/2368 2491/2881/2367 2479/2868/2355
f 2481/2870/2357 2493/2883/2369 2492/2882/2368 2480/2869/2356
f 2482/2872/2358 2494/2885/2370 2493/2884/2369 2481/2871/2357
f 2483/2873/2359 2495/2886/2371 2494/2885/2370 2482/2872/2358
f 2484/2874/2349 2496/2887/2361 2495/2886/2371 2483/2873/2359
f 2485/2875/2360 2497/2888/2372 2508/2900/2373 2496/2887/2361
f 2486/2876/2362 2498/2889/2374 2497/2888/2372 2485/2875/2360
f 2487/2877/2363 2499/2890/2375 2498/2889/2374 2486/2876/2362
f 2488/2878/2364 2500/2891/2376 2499/2890/2375 2487/2877/2363
f 2489/2879/2365 2501/2892/2377 2500/2891/2376 2488/2878/2364
f 2490/2880/2366 2502/2893/2378 2501/2892/2377 2489/2879/2365
f 2491/2881/2367 2503/2894/2379 2502/2893/2378 2490/2880/2366
f 2492/2882/2368 2504/2895/2380 2503/2894/2379 2491/2881/2367
f 2493/2883/2369 2505/2896/2381 2504/2895/2380 2492/2882/2368
f 2494/2885/2370 2506/2898/2382 2505/2897/2381 2493/2884/2369
f 2495/2886/2371 2507/2899/2383 2506/2898/2382 2494/2885/2370
f 2496/2887/2361 2508/2900/2373 2507/2899/2383 2495/2886/2371
f 2497/2888/2372 2509/2901/2384 2520/2913/2385 2508/2900/2373
f 2498/2889/2374 2510/2902/2386 2509/2901/2384 2497/2888/2372
f 2499/2890/2375 2511/2903/2387 2510/2902/2386 2498/2889/2374
f 2500/2891/2376 2512/2904/2388 2511/2903/2387 2499/2890/2375
f 2501/2892/2377 2513/2905/2389 2512/2904/2388 2500/2891/2376
f 2502/2893/2378 2514/2906/2390 2513/2905/2389 2501/2892/2377
f 2503/2894/2379 2515/2907/2391 2514/2906/2390 2502/2893/2378
f 2504/2895/2380 2516/2908/2392 2515/2907/2391 2503/2894/2379
f 2505/2896/2381 2517/2909/2393 2516/2908/2392 2504/2895/2380
f 2506/2898/2382 2518/2911/2394 2517/2910/2393 2505/2897/2381
f 2507/2899/2383 2519/2912/2395 2518/2911/2394 2506/2898/2382
f 2508/2900/2373 2520/2913/2385 2519/2912/2395 2507/2899/2383
f 2509/2901/2384 2521/2914/2396 2532/2926/2397 2520/2913/2385
f 2510/2902/2386 2522/2915/2398 2521/2914/2396 2509/2901/2384
f 2511/2903/2387 2523/2916/2399 2522/2915/2398 2510/2902/2386
f 2512/2904/2388 2524/2917/2400 2523/2916/2399 2511/2903/2387
f 2513/2905/2389 2525/2918/2401 2524/2917/2400 2512/2904/2388
f 2514/2906/2390 2526/2919/2402 2525/2918/2401 2513/2905/2389
f 2515/2907/2391 2527/2920/2403 2526/2919/2402 2514/2906/2390
f 2516/2908/2392 2528/2921/2404 2527/2920/2403 2515/2907/2391
f 2517/2909/2393 2529/2922/2405 2528/2921/2404 2516/2908/2392
f 2518/2911/2394 2530/2924/2406 2529/2923/2405 2517/2910/2393
f 2519/2912/2395 2531/2925/2407 2530/2924/2406 2518/2911/2394
f 2520/2913/2385 2532/2926/2397 2531/2925/2407 2519/2912/2395
f 2521/2914/2396 2533/2927/2408 2544/2939/2409 2532/2926/2397
f 2522/2915/2398 2534/2928/2410 2533/2927/2408 2521/2914/2396
f 2523/2916/2399 2535/2929/2411 2534/2928/2410 2522/2915/2398
f 2524/2917/2400 2536/2930/2412 2535/2929/2411 2523/2916/2399
f 2525/2918/2401 2537/2931/2413 2536/2930/2412 2524/2917/2400
f 2526/2919/2402 2538/2932/2414 2537/2931/2413 2525/2918/2401
f 2527/2920/2403 2539/2933/2415 2538/2932/2414 2526/2919/2402
f 2528/2921/2404 2540/2934/2416 2539/2933/2415 2527/2920/2403
f 2529/2922/2405 2541/2935/2417 2540/2934/2416 2528/2921/2404
f 2530/2924/2406 2542/2937/2418 2541/2936/2417 2529/2923/2405
f 2531/2925/2407 2543/2938/2419 2542/2937/2418 2530/2924/2406
f 2532/2926/2397 2544/2939/2409 2543/2938/2419 2531/2925/2407
f 3826/4388/1829 3828/4391/1830 3750/4245/1827
f 3832/4397/2420 3834/4400/2421 3750/4245/1827
f 3834/4400/2421 3836/4403/2422 3750/4245/1827
f 3836/4403/2422 3838/4406/2423 3750/4245/1827
f 3838/4406/2423 3840/4409/2424 3750/4245/1827
f 3840/4409/2424 3842/4413/2425 3750/4245/1827
f 3842/4414/2425 3844/4418/2426 3750/4245/1827
f 3844/4418/2426 3846/4421/2427 3750/4245/1827
f 3846/4421/2427 3847/4423/1828 3750/4245/1827
f 3850/4427/2428 3852/4430/2429 3751/4246/2430
f 3751/4246/2430 3871/4462/2431 3850/4427/2428
f 3724/4217/2432 2546/2941/2433 2545/2940/2434 3723/4216/2435
f 3725/4218/2436 2547/2942/2437 2546/2941/2433 3724/4217/2432
f 3726/4219/2438 2548/2943/2439 2547/2942/2437 3725/4218/2436
f 3727/4220/2440 2549/2944/2441 2548/2943/2439 3726/4219/2438
f 3729/4222/2442 2550/2945/2443 2549/2944/2441 3727/4220/2440
f 3730/4223/2444 2551/2946/2445 2550/2945/2443 3729/4222/2442
f 3731/4224/2446 2552/2947/2447 2551/2946/2445 3730/4223/2444
f 3732/4225/2448 2553/2948/2449 2552/2947/2447 3731/4224/2446
f 3733/4227/2450 2554/2950/2451 2553/2949/2449 3732/4226/2448
f 3734/4228/2452 2555/2951/2453 2554/2950/2451 3733/4227/2450
f 3735/4229/2454 2556/2952/2455 2555/2951/2453 3734/4228/2452
f 2545/2940/2434 2557/2953/2456 2568/2965/2457 2556/2952/2455
f 2546/2941/2433 2558/2954/2458 2557/2953/2456 2545/2940/2434
f 2547/2942/2437 2559/2955/2459 2558/2954/2458 2546/2941/2433
f 2548/2943/2439 2560/2956/2460 2559/2955/2459 2547/2942/2437
f 2549/2944/2441 2561/2957/2461 2560/2956/2460 2548/2943/2439
f 2550/2945/2443 2562/2958/2462 2561/2957/2461 2549/2944/2441
f 2551/2946/2445 2563/2959/2463 2562/2958/2462 2550/2945/2443
f 2552/2947/2447 2564/2960/2464 2563/2959/2463 2551/2946/2445
f 2553/2948/2449 2565/2961/2465 2564/2960/2464 2552/2947/2447
f 2554/2950/2451 2566/2963/2466 2565/2962/2465 2553/2949/2449
f 2555/2951/2453 2567/2964/2467 2566/2963/2466 2554/2950/2451
f 2556/2952/2455 2568/2965/2457 2567/2964/2467 2555/2951/2453
f 2557/2953/2456 2569/2966/2468 2580/2978/2469 2568/2965/2457
f 2558/2954/2458 2570/2967/2470 2569/2966/2468 2557/2953/2456
f 2559/2955/2459 2571/2968/2471 2570/2967/2470 2558/2954/2458
f 2560/2956/2460 2572/2969/2472 2571/2968/2471 2559/2955/2459
f 2561/2957/2461 2573/2970/2473 2572/2969/2472 2560/2956/2460
f 2562/2958/2462 2574/2971/2474 2573/2970/2473 2561/2957/2461
f 2563/2959/2463 2575/2972/2475 2574/2971/2474 2562/2958/2462
f 2564/2960/2464 2576/2973/2476 2575/2972/2475 2563/2959/2463
f 2565/2961/2465 2577/2974/2477 2576/2973/2476 2564/2960/2464
f 2566/2963/2466 2578/2976/2478 2577/2975/2477 2565/2962/2465
f 2567/2964/2467 2579/2977/2479 2578/2976/2478 2566/2963/2466
f 2568/2965/2457 2580/2978/2469 2579/2977/2479 2567/2964/2467
f 2569/2966/2468 2581/2979/2480 2592/2991/2481 2580/2978/2469
f 2570/2967/2470 2582/2980/2482 2581/2979/2480 2569/2966/2468
f 2571/2968/2471 2583/2981/2483 2582/2980/2482 2570/2967/2470
f 2572/2969/2472 2584/2982/2484 2583/2981/2483 2571/2968/2471
f 2573/2970/2473 2585/2983/2485 2584/2982/2484 2572/2969/2472
f 2574/2971/2474 2586/2984/2486 2585/2983/2485 2573/2970/2473
f 2575/2972/2475 2587/2985/2487 2586/2984/2486 2574/2971/2474
f 2576/2973/2476 2588/2986/2488 2587/2985/2487 2575/2972/2475
f 2577/2974/2477 2589/2987/2489 2588/2986/2488 2576/2973/2476
f 2578/2976/2478 2590/2989/2490 2589/2988/2489 2577/2975/2477
f 2579/2977/2479 2591/2990/2491 2590/2989/2490 2578/2976/2478
f 2580/2978/2469 2592/2991/2481 2591/2990/2491 2579/2977/2479
f 2581/2979/2480 2593/2992/2492 2604/3004/2493 2592/2991/2481
f 2582/2980/2482 2594/2993/2494 2593/2992/2492 2581/2979/2480
f 2583/2981/2483 2595/2994/2495 2594/2993/2494 2582/2980/2482
f 2584/2982/2484 2596/2995/2496 2595/2994/2495 2583/2981/2483
f 2585/2983/2485 2597/2996/2497 2596/2995/2496 2584/2982/2484
f 2586/2984/2486 2598/2997/2498 2597/2996/2497 2585/2983/2485
f 2587/2985/2487 2599/2998/2499 2598/2997/2498 2586/2984/2486
f 2588/2986/2488 2600/2999/2500 2599/2998/2499 2587/2985/2487
f 2589/2987/2489 2601/3000/2501 2600/2999/2500 2588/2986/2488
f 2590/2989/2490 2602/3002/2502 2601/3001/2501 2589/2988/2489
f 2591/2990/2491 2603/3003/2503 2602/3002/2502 2590/2989/2490
f 2592/2991/2481 2604/3004/2493 2603/3003/2503 2591/2990/2491
f 2593/2992/2492 2605/3005/2504 2616/3017/2505 2604/3004/2493
f 2594/2993/2494 2606/3006/2506 2605/3005/2504 2593/2992/2492
f 2595/2994/2495 2607/3007/2507 2606/3006/2506 2594/2993/2494
f 2596/2995/2496 2608/3008/2508 2607/3007/2507 2595/2994/2495
f 2597/2996/2497 2609/3009/2509 2608/3008/2508 2596/2995/2496
f 2598/2997/2498 2610/3010/2510 2609/3009/2509 2597/2996/2497
f 2599/2998/2499 2611/3011/2511 2610/3010/2510 2598/2997/2498
f 2600/2999/2500 2612/3012/2512 2611/3011/2511 2599/2998/2499
f 2601/3000/2501 2613/3013/2513 2612/3012/2512 2600/2999/2500
f 2602/3002/2502 2614/3015/2514 2613/3014/2513 2601/3001/2501
f 2603/3003/2503 2615/3016/2515 2614/3015/2514 2602/3002/2502
f 2604/3004/2493 2616/3017/2505 2615/3016/2515 2603/3003/2503
f 2605/3005/2504 2617/3018/2516 2628/3030/2517 2616/3017/2505
f 2606/3006/2506 2618/3019/2518 2617/3018/2516 2605/3005/2504
f 2607/3007/2507 2619/3020/2519 2618/3019/2518 2606/3006/2506
f 2608/3008/2508 2620/3021/2520 2619/3020/2519 2607/3007/2507
f 2609/3009/2509 2621/3022/2521 2620/3021/2520 2608/3008/2508
f 2610/3010/2510 2622/3023/2522 2621/3022/2521 2609/3009/2509
f 2611/3011/2511 2623/3024/2523 2622/3023/2522 2610/3010/2510
f 2612/3012/2512 2624/3025/2524 2623/3024/2523 2611/3011/2511
f 2613/3013/2513 2625/3026/2525 2624/3025/2524 2612/3012/2512
f 2614/3015/2514 2626/3028/2526 2625/3027/2525 2613/3014/2513
f 2615/3016/2515 2627/3029/2527 2626/3028/2526 2614/3015/2514
f 2616/3017/2505 2628/3030/2517 2627/3029/2527 2615/3016/2515
f 2617/3018/2516 2629/3031/2528 2640/3043/2529 2628/3030/2517
f 2618/3019/2518 2630/3032/2530 2629/3031/2528 2617/3018/2516
f 2619/3020/2519 2631/3033/2531 2630/3032/2530 2618/3019/2518
f 2620/3021/2520 2632/3034/2532 2631/3033/2531 2619/3020/2519
f 2621/3022/2521 2633/3035/2533 2632/3034/2532 2620/3021/2520
f 2622/3023/2522 2634/3036/2534 2633/3035/2533 2621/3022/2521
f 2623/3024/2523 2635/3037/2535 2634/3036/2534 2622/3023/2522
f 2624/3025/2524 2636/3038/2536 2635/3037/2535 2623/3024/2523
f 2625/3026/2525 2637/3039/2537 2636/3038/2536 2624/3025/2524
f 2626/3028/2526 2638/3041/2538 2637/3040/2537 2625/3027/2525
f 2627/3029/2527 2639/3042/2539 2638/3041/2538 2626/3028/2526
f 2628/3030/2517 2640/3043/2529 2639/3042/2539 2627/3029/2527
f 2629/3031/2528 2641/3044/2540 2652/3056/2541 2640/3043/2529
f 2630/3032/2530 2642/3045/2542 2641/3044/2540 2629/3031/2528
f 2631/3033/2531 2643/3046/2543 2642/3045/2542 2630/3032/2530
f 2632/3034/2532 2644/3047/2544 2643/3046/2543 2631/3033/2531
f 2633/3035/2533 2645/3048/2545 2644/3047/2544 2632/3034/2532
f 2634/3036/2534 2646/3049/2546 2645/3048/2545 2633/3035/2533
f 2635/3037/2535 2647/3050/2547 2646/3049/2546 2634/3036/2534
f 2636/3038/2536 2648/3051/2548 2647/3050/2547 2635/3037/2535
f 2637/3039/2537 2649/3052/2549 2648/3051/2548 2636/3038/2536
f 2638/3041/2538 2650/3054/2550 2649/3053/2549 2637/3040/2537
f 2639/3042/2539 2651/3055/2551 2650/3054/2550 2638/3041/2538
f 2640/3043/2529 2652/3056/2541 2651/3055/2551 2639/3042/2539
f 2641/3044/2540 2653/3057/2552 2664/3069/2553 2652/3056/2541
f 2642/3045/2542 2654/3058/2554 2653/3057/2552 2641/3044/2540
f 2643/3046/2543 2655/3059/2555 2654/3058/2554 2642/3045/2542
f 2644/3047/2544 2656/3060/2556 2655/3059/2555 2643/3046/2543
f 2645/3048/2545 2657/3061/2557 2656/3060/2556 2644/3047/2544
f 2646/3049/2546 2658/3062/2558 2657/3061/2557 2645/3048/2545
f 2647/3050/2547 2659/3063/2559 2658/3062/2558 2646/3049/2546
f 2648/3051/2548 2660/3064/2560 2659/3063/2559 2647/3050/2547
f 2649/3052/2549 2661/3065/2561 2660/3064/2560 2648/3051/2548
f 2650/3054/2550 2662/3067/2562 2661/3066/2561 2649/3053/2549
f 2651/3055/2551 2663/3068/2563 2662/3067/2562 2650/3054/2550
f 2652/3056/2541 2664/3069/2553 2663/3068/2563 2651/3055/2551
f 2653/3057/2552 2665/3070/2564 2676/3082/2565 2664/3069/2553
f 2654/3058/2554 2666/3071/2566 2665/3070/2564 2653/3057/2552
f 2655/3059/2555 2667/3072/2567 2666/3071/2566 2654/3058/2554
f 2656/3060/2556 2668/3073/2568 2667/3072/2567 2655/3059/2555
f 2657/3061/2557 2669/3074/2569 2668/3073/2568 2656/3060/2556
f 2658/3062/2558 2670/3075/2570 2669/3074/2569 2657/3061/2557
f 2659/3063/2559 2671/3076/2571 2670/3075/2570 2658/3062/2558
f 2660/3064/2560 2672/3077/2572 2671/3076/2571 2659/3063/2559
f 2661/3065/2561 2673/3078/2573 2672/3077/2572 2660/3064/2560
f 2662/3067/2562 2674/3080/2574 2673/3079/2573 2661/3066/2561
f 2663/3068/2563 2675/3081/2575 2674/3080/2574 2662/3067/2562
f 2664/3069/2553 2676/3082/2565 2675/3081/2575 2663/3068/2563
f 2665/3070/2564 2677/3083/2576 2688/3095/2577 2676/3082/2565
f 2666/3071/2566 2678/3084/2578 2677/3083/2576 2665/3070/2564
f 2667/3072/2567 2679/3085/2579 2678/3084/2578 2666/3071/2566
f 2668/3073/2568 2680/3086/2580 2679/3085/2579 2667/3072/2567
f 2669/3074/2569 2681/3087/2581 2680/3086/2580 2668/3073/2568
f 2670/3075/2570 2682/3088/2582 2681/3087/2581 2669/3074/2569
f 2671/3076/2571 2683/3089/2583 2682/3088/2582 2670/3075/2570
f 2672/3077/2572 2684/3090/2584 2683/3089/2583 2671/3076/2571
f 2673/3078/2573 2685/3091/2585 2684/3090/2584 2672/3077/2572
f 2674/3080/2574 2686/3093/2586 2685/3092/2585 2673/3079/2573
f 2675/3081/2575 2687/3094/2587 2686/3093/2586 2674/3080/2574
f 2676/3082/2565 2688/3095/2577 2687/3094/2587 2675/3081/2575
f 2677/3083/2576 2689/3096/2588 2700/3108/2589 2688/3095/2577
f 2678/3084/2578 2690/3097/2590 2689/3096/2588 2677/3083/2576
f 2679/3085/2579 2691/3098/2591 2690/3097/2590 2678/3084/2578
f 2680/3086/2580 2692/3099/2592 2691/3098/2591 2679/3085/2579
f 2681/3087/2581 2693/3100/2593 2692/3099/2592 2680/3086/2580
f 2682/3088/2582 2694/3101/2594 2693/3100/2593 2681/3087/2581
f 2683/3089/2583 2695/3102/2595 2694/3101/2594 2682/3088/2582
f 2684/3090/2584 2696/3103/2596 2695/3102/2595 2683/3089/2583
f 2685/3091/2585 2697/3104/2597 2696/3103/2596 2684/3090/2584
f 2686/3093/2586 2698/3106/2598 2697/3105/2597 2685/3092/2585
f 2687/3094/2587 2699/3107/2599 2698/3106/2598 2686/3093/2586
f 2688/3095/2577 2700/3108/2589 2699/3107/2599 2687/3094/2587
f 2689/3096/2588 2701/3109/2600 2712/3121/2601 2700/3108/2589
f 2690/3097/2590 2702/3110/2602 2701/3109/2600 2689/3096/2588
f 2691/3098/2591 2703/3111/2603 2702/3110/2602 2690/3097/2590
f 2692/3099/2592 2704/3112/2604 2703/3111/2603 2691/3098/2591
f 2693/3100/2593 2705/3113/2605 2704/3112/2604 2692/3099/2592
f 2694/3101/2594 2706/3114/2606 2705/3113/2605 2693/3100/2593
f 2695/3102/2595 2707/3115/2607 2706/3114/2606 2694/3101/2594
f 2696/3103/2596 2708/3116/2608 2707/3115/2607 2695/3102/2595
f 2697/3104/2597 2709/3117/2609 2708/3116/2608 2696/3103/2596
f 2698/3106/2598 2710/3119/2610 2709/3118/2609 2697/3105/2597
f 2699/3107/2599 2711/3120/2611 2710/3119/2610 2698/3106/2598
f 2700/3108/2589 2712/3121/2601 2711/3120/2611 2699/3107/2599
f 2701/3109/2600 2713/3122/2612 2724/3134/2613 2712/3121/2601
f 2702/3110/2602 2714/3123/2614 2713/3122/2612 2701/3109/2600
f 2703/3111/2603 2715/3124/2615 2714/3123/2614 2702/3110/2602
f 2704/3112/2604 2716/3125/2616 2715/3124/2615 2703/3111/2603
f 2705/3113/2605 2717/3126/2617 2716/3125/2616 2704/3112/2604
f 2706/3114/2606 2718/3127/2618 2717/3126/2617 2705/3113/2605
f 2707/3115/2607 2719/3128/2619 2718/3127/2618 2706/3114/2606
f 2708/3116/2608 2720/3129/2620 2719/3128/2619 2707/3115/2607
f 2709/3117/2609 2721/3130/2621 2720/3129/2620 2708/3116/2608
f 2710/3119/2610 2722/3132/2622 2721/3131/2621 2709/3118/2609
f 2711/3120/2611 2723/3133/2623 2722/3132/2622 2710/3119/2610
f 2712/3121/2601 2724/3134/2613 2723/3133/2623 2711/3120/2611
f 2713/3122/2612 2725/3135/2624 2736/3147/2625 2724/3134/2613
f 2714/3123/2614 2726/3136/2626 2725/3135/2624 2713/3122/2612
f 2715/3124/2615 2727/3137/2627 2726/3136/2626 2714/3123/2614
f 2716/3125/2616 2728/3138/2628 2727/3137/2627 2715/3124/2615
f 2717/3126/2617 2729/3139/2629 2728/3138/2628 2716/3125/2616
f 2718/3127/2618 2730/3140/2630 2729/3139/2629 2717/3126/2617
f 2719/3128/2619 2731/3141/2631 2730/3140/2630 2718/3127/2618
f 2720/3129/2620 2732/3142/2632 2731/3141/2631 2719/3128/2619
f 2721/3130/2621 2733/3143/2633 2732/3142/2632 2720/3129/2620
f 2722/3132/2622 2734/3145/2634 2733/3144/2633 2721/3131/2621
f 2723/3133/2623 2735/3146/2635 2734/3145/2634 2722/3132/2622
f 2724/3134/2613 2736/3147/2625 2735/3146/2635 2723/3133/2623
f 2725/3135/2624 2737/3148/2636 2748/3160/2637 2736/3147/2625
f 2726/3136/2626 2738/3149/2638 2737/3148/2636 2725/3135/2624
f 2727/3137/2627 2739/3150/2639 2738/3149/2638 2726/3136/2626
f 2728/3138/2628 2740/3151/2640 2739/3150/2639 2727/3137/2627
f 2729/3139/2629 2741/3152/2641 2740/3151/2640 2728/3138/2628
f 2730/3140/2630 2742/3153/2642 2741/3152/2641 2729/3139/2629
f 2731/3141/2631 2743/3154/2643 2742/3153/2642 2730/3140/2630
f 2732/3142/2632 2744/3155/2644 2743/3154/2643 2731/3141/2631
f 2733/3143/2633 2745/3156/2645 2744/3155/2644 2732/3142/2632
f 2734/3145/2634 2746/3158/2646 2745/3157/2645 2733/3144/2633
f 2735/3146/2635 2747/3159/2647 2746/3158/2646 2734/3145/2634
f 2736/3147/2625 2748/3160/2637 2747/3159/2647 2735/3146/2635
f 2737/3148/2636 2749/3161/2648 2760/3173/2649 2748/3160/2637
f 2738/3149/2638 2750/3162/2650 2749/3161/2648 2737/3148/2636
f 2739/3150/2639 2751/3163/2651 2750/3162/2650 2738/3149/2638
f 2740/3151/2640 2752/3164/2652 2751/3163/2651 2739/3150/2639
f 2741/3152/2641 2753/3165/2653 2752/3164/2652 2740/3151/2640
f 2742/3153/2642 2754/3166/2654 2753/3165/2653 2741/3152/2641
f 2743/3154/2643 2755/3167/2655 2754/3166/2654 2742/3153/2642
f 2744/3155/2644 2756/3168/2656 2755/3167/2655 2743/3154/2643
f 2745/3156/2645 2757/3169/2657 2756/3168/2656 2744/3155/2644
f 2746/3158/2646 2758/3171/2658 2757/3170/2657 2745/3157/2645
f 2747/3159/2647 2759/3172/2659 2758/3171/2658 2746/3158/2646
f 2748/3160/2637 2760/3173/2649 2759/3172/2659 2747/3159/2647
f 2749/3161/2648 2761/3174/2660 2772/3186/2661 2760/3173/2649
f 2750/3162/2650 2762/3175/2662 2761/3174/2660 2749/3161/2648
f 2751/3163/2651 2763/3176/2663 2762/3175/2662 2750/3162/2650
f 2752/3164/2652 2764/3177/2664 2763/3176/2663 2751/3163/2651
f 2753/3165/2653 2765/3178/2665 2764/3177/2664 2752/3164/2652
f 2754/3166/2654 2766/3179/2666 2765/3178/2665 2753/3165/2653
f 2755/3167/2655 2767/3180/2667 2766/3179/2666 2754/3166/2654
f 2756/3168/2656 2768/3181/2668 2767/3180/2667 2755/3167/2655
f 2757/3169/2657 2769/3182/2669 2768/3181/2668 2756/3168/2656
f 2758/3171/2658 2770/3184/2670 2769/3183/2669 2757/3170/2657
f 2759/3172/2659 2771/3185/2671 2770/3184/2670 2758/3171/2658
f 2760/3173/2649 2772/3186/2661 2771/3185/2671 2759/3172/2659
f 2761/3174/2660 2773/3187/2672 2784/3199/2673 2772/3186/2661
f 2762/3175/2662 2774/3188/2674 2773/3187/2672 2761/3174/2660
f 2763/3176/2663 2775/3189/2675 2774/3188/2674 2762/3175/2662
f 2764/3177/2664 2776/3190/2676 2775/3189/2675 2763/3176/2663
f 2765/3178/2665 2777/3191/2677 2776/3190/2676 2764/3177/2664
f 2766/3179/2666 2778/3192/2678 2777/3191/2677 2765/3178/2665
f 2767/3180/2667 2779/3193/2679 2778/3192/2678 2766/3179/2666
f 2768/3181/2668 2780/3194/2680 2779/3193/2679 2767/3180/2667
f 2769/3182/2669 2781/3195/2681 2780/3194/2680 2768/3181/2668
f 2770/3184/2670 2782/3197/2682 2781/3196/2681 2769/3183/2669
f 2771/3185/2671 2783/3198/2683 2782/3197/2682 2770/3184/2670
f 2772/3186/2661 2784/3199/2673 2783/3198/2683 2771/3185/2671
f 2773/3187/2672 2785/3200/2684 2796/3212/2685 2784/3199/2673
f 2774/3188/2674 2786/3201/2686 2785/3200/2684 2773/3187/2672
f 2775/3189/2675 2787/3202/2687 2786/3201/2686 2774/3188/2674
f 2776/3190/2676 2788/3203/2688 2787/3202/2687 2775/3189/2675
f 2777/3191/2677 2789/3204/2689 2788/3203/2688 2776/3190/2676
f 2778/3192/2678 2790/3205/2690 2789/3204/2689 2777/3191/2677
f 2779/3193/2679 2791/3206/2691 2790/3205/2690 2778/3192/2678
f 2780/3194/2680 2792/3207/2692 2791/3206/2691 2779/3193/2679
f 2781/3195/2681 2793/3208/2693 2792/3207/2692 2780/3194/2680
f 2782/3197/2682 2794/3210/2694 2793/3209/2693 2781/3196/2681
f 2783/3198/2683 2795/3211/2695 2794/3210/2694 2782/3197/2682
f 2784/3199/2673 2796/3212/2685 2795/3211/2695 2783/3198/2683
f 2785/3200/2684 2797/3213/2696 2808/3225/2697 2796/3212/2685
f 2786/3201/2686 2798/3214/2698 2797/3213/2696 2785/3200/2684
f 2787/3202/2687 2799/3215/2699 2798/3214/2698 2786/3201/2686
f 2788/3203/2688 2800/3216/2700 2799/3215/2699 2787/3202/2687
f 2789/3204/2689 2801/3217/2701 2800/3216/2700 2788/3203/2688
f 2790/3205/2690 2802/3218/2702 2801/3217/2701 2789/3204/2689
f 2791/3206/2691 2803/3219/2703 2802/3218/2702 2790/3205/2690
f 2792/3207/2692 2804/3220/2704 2803/3219/2703 2791/3206/2691
f 2793/3208/2693 2805/3221/2705 2804/3220/2704 2792/3207/2692
f 2794/3210/2694 2806/3223/2706 2805/3222/2705 2793/3209/2693
f 2795/3211/2695 2807/3224/2707 2806/3223/2706 2794/3210/2694
f 2796/3212/2685 2808/3225/2697 2807/3224/2707 2795/3211/2695
f 2797/3213/2696 2809/3226/2708 2820/3238/2709 2808/3225/2697
f 2798/3214/2698 2810/3227/2710 2809/3226/2708 2797/3213/2696
f 2799/3215/2699 2811/3228/2711 2810/3227/2710 2798/3214/2698
f 2800/3216/2700 2812/3229/2712 2811/3228/2711 2799/3215/2699
f 2801/3217/2701 2813/3230/2713 2812/3229/2712 2800/3216/2700
f 2802/3218/2702 2814/3231/2714 2813/3230/2713 2801/3217/2701
f 2803/3219/2703 2815/3232/2715 2814/3231/2714 2802/3218/2702
f 2804/3220/2704 2816/3233/2716 2815/3232/2715 2803/3219/2703
f 2805/3221/2705 2817/3234/2717 2816/3233/2716 2804/3220/2704
f 2806/3223/2706 2818/3236/2718 2817/3235/2717 2805/3222/2705
f 2807/3224/2707 2819/3237/2719 2818/3236/2718 2806/3223/2706
f 2808/3225/2697 2820/3238/2709 2819/3237/2719 2807/3224/2707
f 2809/3226/2708 2821/3239/2720 2832/3251/2721 2820/3238/2709
f 2810/3227/2710 2822/3240/2722 2821/3239/2720 2809/3226/2708
f 2811/3228/2711 2823/3241/2723 2822/3240/2722 2810/3227/2710
f 2812/3229/2712 2824/3242/2724 2823/3241/2723 2811/3228/2711
f 2813/3230/2713 2825/3243/2725 2824/3242/2724 2812/3229/2712
f 2814/3231/2714 2826/3244/2726 2825/3243/2725 2813/3230/2713
f 2815/3232/2715 2827/3245/2727 2826/3244/2726 2814/3231/2714
f 2816/3233/2716 2828/3246/2728 2827/3245/2727 2815/3232/2715
f 2817/3234/2717 2829/3247/2729 2828/3246/2728 2816/3233/2716
f 2818/3236/2718 2830/3249/2730 2829/3248/2729 2817/3235/2717
f 2819/3237/2719 2831/3250/2731 2830/3249/2730 2818/3236/2718
f 2820/3238/2709 2832/3251/2721 2831/3250/2731 2819/3237/2719
f 2821/3239/2720 2833/3252/2732 2844/3264/2733 2832/3251/2721
f 2822/3240/2722 2834/3253/2734 2833/3252/2732 2821/3239/2720
f 2823/3241/2723 2835/3254/2735 2834/3253/2734 2822/3240/2722
f 2824/3242/2724 2836/3255/2736 2835/3254/2735 2823/3241/2723
f 2825/3243/2725 2837/3256/2737 2836/3255/2736 2824/3242/2724
f 2826/3244/2726 2838/3257/2738 2837/3256/2737 2825/3243/2725
f 2827/3245/2727 2839/3258/2739 2838/3257/2738 2826/3244/2726
f 2828/3246/2728 2840/3259/2740 2839/3258/2739 2827/3245/2727
f 2829/3247/2729 2841/3260/2741 2840/3259/2740 2828/3246/2728
f 2830/3249/2730 2842/3262/2742 2841/3261/2741 2829/3248/2729
f 2831/3250/2731 2843/3263/2743 2842/3262/2742 2830/3249/2730
f 2832/3251/2721 2844/3264/2733 2843/3263/2743 2831/3250/2731
f 2833/3252/2732 2845/3265/2744 2856/3277/2745 2844/3264/2733
f 2834/3253/2734 2846/3266/2746 2845/3265/2744 2833/3252/2732
f 2835/3254/2735 2847/3267/2747 2846/3266/2746 2834/3253/2734
f 2836/3255/2736 2848/3268/2748 2847/3267/2747 2835/3254/2735
f 2837/3256/2737 2849/3269/2749 2848/3268/2748 2836/3255/2736
f 2838/3257/2738 2850/3270/2750 2849/3269/2749 2837/3256/2737
f 2839/3258/2739 2851/3271/2751 2850/3270/2750 2838/3257/2738
f 2840/3259/2740 2852/3272/2752 2851/3271/2751 2839/3258/2739
f 2841/3260/2741 2853/3273/2753 2852/3272/2752 2840/3259/2740
f 2842/3262/2742 2854/3275/2754 2853/3274/2753 2841/3261/2741
f 2843/3263/2743 2855/3276/2755 2854/3275/2754 2842/3262/2742
f 2844/3264/2733 2856/3277/2745 2855/3276/2755 2843/3263/2743
f 2845/3265/2744 2857/3278/2756 2868/3290/2757 2856/3277/2745
f 2846/3266/2746 2858/3279/2758 2857/3278/2756 2845/3265/2744
f 2847/3267/2747 2859/3280/2759 2858/3279/2758 2846/3266/2746
f 2848/3268/2748 2860/3281/2760 2859/3280/2759 2847/3267/2747
f 2849/3269/2749 2861/3282/2761 2860/3281/2760 2848/3268/2748
f 2850/3270/2750 2862/3283/2762 2861/3282/2761 2849/3269/2749
f 2851/3271/2751 2863/3284/2763 2862/3283/2762 2850/3270/2750
f 2852/3272/2752 2864/3285/2764 2863/3284/2763 2851/3271/2751
f 2853/3273/2753 2865/3286/2765 2864/3285/2764 2852/3272/2752
f 2854/3275/2754 2866/3288/2766 2865/3287/2765 2853/3274/2753
f 2855/3276/2755 2867/3289/2767 2866/3288/2766 2854/3275/2754
f 2856/3277/2745 2868/3290/2757 2867/3289/2767 2855/3276/2755
f 2857/3278/2756 2869/3291/2768 2880/3303/2769 2868/3290/2757
f 2858/3279/2758 2870/3292/2770 2869/3291/2768 2857/3278/2756
f 2859/3280/2759 2871/3293/2771 2870/3292/2770 2858/3279/2758
f 2860/3281/2760 2872/3294/2772 2871/3293/2771 2859/3280/2759
f 2861/3282/2761 2873/3295/2773 2872/3294/2772 2860/3281/2760
f 2862/3283/2762 2874/3296/2774 2873/3295/2773 2861/3282/2761
f 2863/3284/2763 2875/3297/2775 2874/3296/2774 2862/3283/2762
f 2864/3285/2764 2876/3298/2776 2875/3297/2775 2863/3284/2763
f 2865/3286/2765 2877/3299/2777 2876/3298/2776 2864/3285/2764
f 2866/3288/2766 2878/3301/2778 2877/3300/2777 2865/3287/2765
f 2867/3289/2767 2879/3302/2779 2878/3301/2778 2866/3288/2766
f 2868/3290/2757 2880/3303/2769 2879/3302/2779 2867/3289/2767
f 2869/3291/2768 2881/3304/2780 2892/3316/2781 2880/3303/2769
f 2870/3292/2770 2882/3305/2782 2881/3304/2780 2869/3291/2768
f 2871/3293/2771 2883/3306/2783 2882/3305/2782 2870/3292/2770
f 2872/3294/2772 2884/3307/2784 2883/3306/2783 2871/3293/2771
f 2873/3295/2773 2885/3308/2785 2884/3307/2784 2872/3294/2772
f 2874/3296/2774 2886/3309/2786 2885/3308/2785 2873/3295/2773
f 2875/3297/2775 2887/3310/2787 2886/3309/2786 2874/3296/2774
f 2876/3298/2776 2888/3311/2788 2887/3310/2787 2875/3297/2775
f 2877/3299/2777 2889/3312/2789 2888/3311/2788 2876/3298/2776
f 2878/3301/2778 2890/3314/2790 2889/3313/2789 2877/3300/2777
f 2879/3302/2779 2891/3315/2791 2890/3314/2790 2878/3301/2778
f 2880/3303/2769 2892/3316/2781 2891/3315/2791 2879/3302/2779
f 2881/3304/2780 2893/3317/2792 2904/3329/2793 2892/3316/2781
f 2882/3305/2782 2894/3318/2794 2893/3317/2792 2881/3304/2780
f 2883/3306/2783 2895/3319/2795 2894/3318/2794 2882/3305/2782
f 2884/3307/2784 2896/3320/2796 2895/3319/2795 2883/3306/2783
f 2885/3308/2785 2897/3321/2797 2896/3320/2796 2884/3307/2784
f 2886/3309/2786 2898/3322/2798 2897/3321/2797 2885/3308/2785
f 2887/3310/2787 2899/3323/2799 2898/3322/2798 2886/3309/2786
f 2888/3311/2788 2900/3324/2800 2899/3323/2799 2887/3310/2787
f 2889/3312/2789 2901/3325/2801 2900/3324/2800 2888/3311/2788
f 2890/3314/2790 2902/3327/2802 2901/3326/2801 2889/3313/2789
f 2891/3315/2791 2903/3328/2803 2902/3327/2802 2890/3314/2790
f 2892/3316/2781 2904/3329/2793 2903/3328/2803 2891/3315/2791
f 2893/3317/2792 2905/3330/2804 2916/3342/2805 2904/3329/2793
f 2894/3318/2794 2906/3331/2806 2905/3330/2804 2893/3317/2792
f 2895/3319/2795 2907/3332/2807 2906/3331/2806 2894/3318/2794
f 2896/3320/2796 2908/3333/2808 2907/3332/2807 2895/3319/2795
f 2897/3321/2797 2909/3334/2809 2908/3333/2808 2896/3320/2796
f 2898/3322/2798 2910/3335/2810 2909/3334/2809 2897/3321/2797
f 2899/3323/2799 2911/3336/2811 2910/3335/2810 2898/3322/2798
f 2900/3324/2800 2912/3337/2812 2911/3336/2811 2899/3323/2799
f 2901/3325/2801 2913/3338/2813 2912/3337/2812 2900/3324/2800
f 2902/3327/2802 2914/3340/2814 2913/3339/2813 2901/3326/2801
f 2903/3328/2803 2915/3341/2815 2914/3340/2814 2902/3327/2802
f 2904/3329/2793 2916/3342/2805 2915/3341/2815 2903/3328/2803
f 2905/3330/2804 2917/3343/2816 2928/3355/2817 2916/3342/2805
f 2906/3331/2806 2918/3344/2818 2917/3343/2816 2905/3330/2804
f 2907/3332/2807 2919/3345/2819 2918/3344/2818 2906/3331/2806
f 2908/3333/2808 2920/3346/2820 2919/3345/2819 2907/3332/2807
f 2909/3334/2809 2921/3347/2821 2920/3346/2820 2908/3333/2808
f 2910/3335/2810 2922/3348/2822 2921/3347/2821 2909/3334/2809
f 2911/3336/2811 2923/3349/2823 2922/3348/2822 2910/3335/2810
f 2912/3337/2812 2924/3350/2824 2923/3349/2823 2911/3336/2811
f 2913/3338/2813 2925/3351/2825 2924/3350/2824 2912/3337/2812
f 2914/3340/2814 2926/3353/2826 2925/3352/2825 2913/3339/2813
f 2915/3341/2815 2927/3354/2827 2926/3353/2826 2914/3340/2814
f 2916/3342/2805 2928/3355/2817 2927/3354/2827 2915/3341/2815
f 2917/3343/2816 2929/3356/2828 2940/3368/2829 2928/3355/2817
f 2918/3344/2818 2930/3357/2830 2929/3356/2828 2917/3343/2816
f 2919/3345/2819 2931/3358/2831 2930/3357/2830 2918/3344/2818
f 2920/3346/2820 2932/3359/2832 2931/3358/2831 2919/3345/2819
f 2921/3347/2821 2933/3360/2833 2932/3359/2832 2920/3346/2820
f 2922/3348/2822 2934/3361/2834 2933/3360/2833 2921/3347/2821
f 2923/3349/2823 2935/3362/2835 2934/3361/2834 2922/3348/2822
f 2924/3350/2824 2936/3363/2836 2935/3362/2835 2923/3349/2823
f 2925/3351/2825 2937/3364/2837 2936/3363/2836 2924/3350/2824
f 2926/3353/2826 2938/3366/2838 2937/3365/2837 2925/3352/2825
f 2927/3354/2827 2939/3367/2839 2938/3366/2838 2926/3353/2826
f 2928/3355/2817 2940/3368/2829 2939/3367/2839 2927/3354/2827
f 2929/3356/2828 2941/3369/2840 2952/3381/2841 2940/3368/2829
f 2930/3357/2830 2942/3370/2842 2941/3369/2840 2929/3356/2828
f 2931/3358/2831 2943/3371/2843 2942/3370/2842 2930/3357/2830
f 2932/3359/2832 2944/3372/2844 2943/3371/2843 2931/3358/2831
f 2933/3360/2833 2945/3373/2845 2944/3372/2844 2932/3359/2832
f 2934/3361/2834 2946/3374/2846 2945/3373/2845 2933/3360/2833
f 2935/3362/2835 2947/3375/2847 2946/3374/2846 2934/3361/2834
f 2936/3363/2836 2948/3376/2848 2947/3375/2847 2935/3362/2835
f 2937/3364/2837 2949/3377/2849 2948/3376/2848 2936/3363/2836
f 2938/3366/2838 2950/3379/2850 2949/3378/2849 2937/3365/2837
f 2939/3367/2839 2951/3380/2851 2950/3379/2850 2938/3366/2838
f 2940/3368/2829 2952/3381/2841 2951/3380/2851 2939/3367/2839
f 2941/3369/2840 2953/3382/2852 2964/3394/2853 2952/3381/2841
f 2942/3370/2842 2954/3383/2854 2953/3382/2852 2941/3369/2840
f 2943/3371/2843 2955/3384/2855 2954/3383/2854 2942/3370/2842
f 2944/3372/2844 2956/3385/2856 2955/3384/2855 2943/3371/2843
f 2945/3373/2845 2957/3386/2857 2956/3385/2856 2944/3372/2844
f 2946/3374/2846 2958/3387/2858 2957/3386/2857 2945/3373/2845
f 2947/3375/2847 2959/3388/2859 2958/3387/2858 2946/3374/2846
f 2948/3376/2848 2960/3389/2860 2959/3388/2859 2947/3375/2847
f 2949/3377/2849 2961/3390/2861 2960/3389/2860 2948/3376/2848
f 2950/3379/2850 2962/3392/2862 2961/3391/2861 2949/3378/2849
f 2951/3380/2851 2963/3393/2863 2962/3392/2862 2950/3379/2850
f 2952/3381/2841 2964/3394/2853 2963/3393/2863 2951/3380/2851
f 2953/3382/2852 2965/3395/2864 2976/3407/2865 2964/3394/2853
f 2954/3383/2854 2966/3396/2866 2965/3395/2864 2953/3382/2852
f 2955/3384/2855 2967/3397/2867 2966/3396/2866 2954/3383/2854
f 2956/3385/2856 2968/3398/2868 2967/3397/2867 2955/3384/2855
f 2957/3386/2857 2969/3399/2869 2968/3398/2868 2956/3385/2856
f 2958/3387/2858 2970/3400/2870 2969/3399/2869 2957/3386/2857
f 2959/3388/2859 2971/3401/2871 2970/3400/2870 2958/3387/2858
f 2960/3389/2860 2972/3402/2872 2971/3401/2871 2959/3388/2859
f 2961/3390/2861 2973/3403/2873 2972/3402/2872 2960/3389/2860
f 2962/3392/2862 2974/3405/2874 2973/3404/2873 2961/3391/2861
f 2963/3393/2863 2975/3406/2875 2974/3405/2874 2962/3392/2862
f 2964/3394/2853 2976/3407/2865 2975/3406/2875 2963/3393/2863
f 2965/3395/2864 2977/3408/2876 2988/3420/2877 2976/3407/2865
f 2966/3396/2866 2978/3409/2878 2977/3408/2876 2965/3395/2864
f 2967/3397/2867 2979/3410/2879 2978/3409/2878 2966/3396/2866
f 2968/3398/2868 2980/3411/2880 2979/3410/2879 2967/3397/2867
f 2969/3399/2869 2981/3412/2881 2980/3411/2880 2968/3398/2868
f 2970/3400/2870 2982/3413/2882 2981/3412/2881 2969/3399/2869
f 2971/3401/2871 2983/3414/2883 2982/3413/2882 2970/3400/2870
f 2972/3402/2872 2984/3415/2884 2983/3414/2883 2971/3401/2871
f 2973/3403/2873 2985/3416/2885 2984/3415/2884 2972/3402/2872
f 2974/3405/2874 2986/3418/2886 2985/3417/2885 2973/3404/2873
f 2975/3406/2875 2987/3419/2887 2986/3418/2886 2974/3405/2874
f 2976/3407/2865 2988/3420/2877 2987/3419/2887 2975/3406/2875
f 2977/3408/2876 2989/3421/2888 3000/3433/2889 2988/3420/2877
f 2978/3409/2878 2990/3422/2890 2989/3421/2888 2977/3408/2876
f 2979/3410/2879 2991/3423/2891 2990/3422/2890 2978/3409/2878
f 2980/3411/2880 2992/3424/2892 2991/3423/2891 2979/3410/2879
f 2981/3412/2881 2993/3425/2893 2992/3424/2892 2980/3411/2880
f 2982/3413/2882 2994/3426/2894 2993/3425/2893 2981/3412/2881
f 2983/3414/2883 2995/3427/2895 2994/3426/2894 2982/3413/2882
f 2984/3415/2884 2996/3428/2896 2995/3427/2895 2983/3414/2883
f 2985/3416/2885 2997/3429/2897 2996/3428/2896 2984/3415/2884
f 2986/3418/2886 2998/3431/2898 2997/3430/2897 2985/3417/2885
f 2987/3419/2887 2999/3432/2899 2998/3431/2898 2986/3418/2886
f 2988/3420/2877 3000/3433/2889 2999/3432/2899 2987/3419/2887
f 2989/3421/2888 3001/3434/2900 3012/3446/2901 3000/3433/2889
f 2990/3422/2890 3002/3435/2902 3001/3434/2900 2989/3421/2888
f 2991/3423/2891 3003/3436/2903 3002/3435/2902 2990/3422/2890
f 2992/3424/2892 3004/3437/2904 3003/3436/2903 2991/3423/2891
f 2993/3425/2893 3005/3438/2905 3004/3437/2904 2992/3424/2892
f 2994/3426/2894 3006/3439/2906 3005/3438/2905 2993/3425/2893
f 2995/3427/2895 3007/3440/2907 3006/3439/2906 2994/3426/2894
f 2996/3428/2896 3008/3441/2908 3007/3440/2907 2995/3427/2895
f 2997/3429/2897 3009/3442/2909 3008/3441/2908 2996/3428/2896
f 2998/3431/2898 3010/3444/2910 3009/3443/2909 2997/3430/2897
f 2999/3432/2899 3011/3445/2911 3010/3444/2910 2998/3431/2898
f 3000/3433/2889 3012/3446/2901 3011/3445/2911 2999/3432/2899
f 3001/3434/2900 3013/3447/2912 3024/3459/2913 3012/3446/2901
f 3002/3435/2902 3014/3448/2914 3013/3447/2912 3001/3434/2900
f 3003/3436/2903 3015/3449/2915 3014/3448/2914 3002/3435/2902
f 3004/3437/2904 3016/3450/2916 3015/3449/2915 3003/3436/2903
f 3005/3438/2905 3017/3451/2917 3016/3450/2916 3004/3437/2904
f 3006/3439/2906 3018/3452/2918 3017/3451/2917 3005/3438/2905
f 3007/3440/2907 3019/3453/2919 3018/3452/2918 3006/3439/2906
f 3008/3441/2908 3020/3454/2920 3019/3453/2919 3007/3440/2907
f 3009/3442/2909 3021/3455/2921 3020/3454/2920 3008/3441/2908
f 3010/3444/2910 3022/3457/2922 3021/3456/2921 3009/3443/2909
f 3011/3445/2911 3023/3458/2923 3022/3457/2922 3010/3444/2910
f 3012/3446/2901 3024/3459/2913 3023/3458/2923 3011/3445/2911
f 3013/3447/2912 3025/3460/2924 3036/3472/2925 3024/3459/2913
f 3014/3448/2914 3026/3461/2926 3025/3460/2924 3013/3447/2912
f 3015/3449/2915 3027/3462/2927 3026/3461/2926 3014/3448/2914
f 3016/3450/2916 3028/3463/2928 3027/3462/2927 3015/3449/2915
f 3017/3451/2917 3029/3464/2929 3028/3463/2928 3016/3450/2916
f 3018/3452/2918 3030/3465/2930 3029/3464/2929 3017/3451/2917
f 3019/3453/2919 3031/3466/2931 3030/3465/2930 3018/3452/2918
f 3020/3454/2920 3032/3467/2932 3031/3466/2931 3019/3453/2919
f 3021/3455/2921 3033/3468/2933 3032/3467/2932 3020/3454/2920
f 3022/3457/2922 3034/3470/2934 3033/3469/2933 3021/3456/2921
f 3023/3458/2923 3035/3471/2935 3034/3470/2934 3022/3457/2922
f 3024/3459/2913 3036/3472/2925 3035/3471/2935 3023/3458/2923
f 3025/3460/2924 3037/3473/2936 3048/3485/2937 3036/3472/2925
f 3026/3461/2926 3038/3474/2938 3037/3473/2936 3025/3460/2924
f 3027/3462/2927 3039/3475/2939 3038/3474/2938 3026/3461/2926
f 3028/3463/2928 3040/3476/2940 3039/3475/2939 3027/3462/2927
f 3029/3464/2929 3041/3477/2941 3040/3476/2940 3028/3463/2928
f 3030/3465/2930 3042/3478/2942 3041/3477/2941 3029/3464/2929
f 3031/3466/2931 3043/3479/2943 3042/3478/2942 3030/3465/2930
f 3032/3467/2932 3044/3480/2944 3043/3479/2943 3031/3466/2931
f 3033/3468/2933 3045/3481/2945 3044/3480/2944 3032/3467/2932
f 3034/3470/2934 3046/3483/2946 3045/3482/2945 3033/3469/2933
f 3035/3471/2935 3047/3484/2947 3046/3483/2946 3034/3470/2934
f 3036/3472/2925 3048/3485/2937 3047/3484/2947 3035/3471/2935
f 3037/3473/2936 3049/3486/2948 3060/3498/2949 3048/3485/2937
f 3038/3474/2938 3050/3487/2950 3049/3486/2948 3037/3473/2936
f 3039/3475/2939 3051/3488/2951 3050/3487/2950 3038/3474/2938
f 3040/3476/2940 3052/3489/2952 3051/3488/2951 3039/3475/2939
f 3041/3477/2941 3053/3490/2953 3052/3489/2952 3040/3476/2940
f 3042/3478/2942 3054/3491/2954 3053/3490/2953 3041/3477/2941
f 3043/3479/2943 3055/3492/2955 3054/3491/2954 3042/3478/2942
f 3044/3480/2944 3056/3493/2956 3055/3492/2955 3043/3479/2943
f 3045/3481/2945 3057/3494/2957 3056/3493/2956 3044/3480/2944
f 3046/3483/2946 3058/3496/2958 3057/3495/2957 3045/3482/2945
f 3047/3484/2947 3059/3497/2959 3058/3496/2958 3046/3483/2946
f 3048/3485/2937 3060/3498/2949 3059/3497/2959 3047/3484/2947
f 3049/3486/2948 3061/3499/2960 3072/3511/2961 3060/3498/2949
f 3050/3487/2950 3062/3500/2962 3061/3499/2960 3049/3486/2948
f 3051/3488/2951 3063/3501/2963 3062/3500/2962 3050/3487/2950
f 3052/3489/2952 3064/3502/2964 3063/3501/2963 3051/3488/2951
f 3053/3490/2953 3065/3503/2965 3064/3502/2964 3052/3489/2952
f 3054/3491/2954 3066/3504/2966 3065/3503/2965 3053/3490/2953
f 3055/3492/2955 3067/3505/2967 3066/3504/2966 3054/3491/2954
f 3056/3493/2956 3068/3506/2968 3067/3505/2967 3055/3492/2955
f 3057/3494/2957 3069/3507/2969 3068/3506/2968 3056/3493/2956
f 3058/3496/2958 3070/3509/2970 3069/3508/2969 3057/3495/2957
f 3059/3497/2959 3071/3510/2971 3070/3509/2970 3058/3496/2958
f 3060/3498/2949 3072/3511/2961 3071/3510/2971 3059/3497/2959
f 3061/3499/2960 3073/3512/2972 3084/3524/2973 3072/3511/2961
f 3062/3500/2962 3074/3513/2974 3073/3512/2972 3061/3499/2960
f 3063/3501/2963 3075/3514/2975 3074/3513/2974 3062/3500/2962
f 3064/3502/2964 3076/3515/2976 3075/3514/2975 3063/3501/2963
f 3065/3503/2965 3077/3516/2977 3076/3515/2976 3064/3502/2964
f 3066/3504/2966 3078/3517/2978 3077/3516/2977 3065/3503/2965
f 3067/3505/2967 3079/3518/2979 3078/3517/2978 3066/3504/2966
f 3068/3506/2968 3080/3519/2980 3079/3518/2979 3067/3505/2967
f 3069/3507/2969 3081/3520/2981 3080/3519/2980 3068/3506/2968
f 3070/3509/2970 3082/3522/2982 3081/3521/2981 3069/3508/2969
f 3071/3510/2971 3083/3523/2983 3082/3522/2982 3070/3509/2970
f 3072/3511/2961 3084/3524/2973 3083/3523/2983 3071/3510/2971
f 3073/3512/2972 3085/3525/2984 3096/3537/2985 3084/3524/2973
f 3074/3513/2974 3086/3526/2986 3085/3525/2984 3073/3512/2972
f 3075/3514/2975 3087/3527/2987 3086/3526/2986 3074/3513/2974
f 3076/3515/2976 3088/3528/2988 3087/3527/2987 3075/3514/2975
f 3077/3516/2977 3089/3529/2989 3088/3528/2988 3076/3515/2976
f 3078/3517/2978 3090/3530/2990 3089/3529/2989 3077/3516/2977
f 3079/3518/2979 3091/3531/2991 3090/3530/2990 3078/3517/2978
f 3080/3519/2980 3092/3532/2992 3091/3531/2991 3079/3518/2979
f 3081/3520/2981 3093/3533/2993 3092/3532/2992 3080/3519/2980
f 3082/3522/2982 3094/3535/2994 3093/3534/2993 3081/3521/2981
f 3083/3523/2983 3095/3536/2995 3094/3535/2994 3082/3522/2982
f 3084/3524/2973 3096/3537/2985 3095/3536/2995 3083/3523/2983
f 3085/3525/2984 3097/3538/2996 3108/3550/2997 3096/3537/2985
f 3086/3526/2986 3098/3539/2998 3097/3538/2996 3085/3525/2984
f 3087/3527/2987 3099/3540/2999 3098/3539/2998 3086/3526/2986
f 3088/3528/2988 3100/3541/3000 3099/3540/2999 3087/3527/2987
f 3089/3529/2989 3101/3542/3001 3100/3541/3000 3088/3528/2988
f 3090/3530/2990 3102/3543/3002 3101/3542/3001 3089/3529/2989
f 3091/3531/2991 3103/3544/3003 3102/3543/3002 3090/3530/2990
f 3092/3532/2992 3104/3545/3004 3103/3544/3003 3091/3531/2991
f 3093/3533/2993 3105/3546/3005 3104/3545/3004 3092/3532/2992
f 3094/3535/2994 3106/3548/3006 3105/3547/3005 3093/3534/2993
f 3095/3536/2995 3107/3549/3007 3106/3548/3006 3094/3535/2994
f 3096/3537/2985 3108/3550/2997 3107/3549/3007 3095/3536/2995
f 3097/3538/2996 3109/3551/3008 3120/3563/3009 3108/3550/2997
f 3098/3539/2998 3110/3552/3010 3109/3551/3008 3097/3538/2996
f 3099/3540/2999 3111/3553/3011 3110/3552/3010 3098/3539/2998
f 3100/3541/3000 3112/3554/3012 3111/3553/3011 3099/3540/2999
f 3101/3542/3001 3113/3555/3013 3112/3554/3012 3100/3541/3000
f 3102/3543/3002 3114/3556/3014 3113/3555/3013 3101/3542/3001
f 3103/3544/3003 3115/3557/3015 3114/3556/3014 3102/3543/3002
f 3104/3545/3004 3116/3558/3016 3115/3557/3015 3103/3544/3003
f 3105/3546/3005 3117/3559/3017 3116/3558/3016 3104/3545/3004
f 3106/3548/3006 3118/3561/3018 3117/3560/3017 3105/3547/3005
f 3107/3549/3007 3119/3562/3019 3118/3561/3018 3106/3548/3006
f 3108/3550/2997 3120/3563/3009 3119/3562/3019 3107/3549/3007
f 3852/4430/2429 3854/4433/3020 3751/4246/2430
f 3856/4436/3021 3858/4439/3022 3751/4246/2430
f 3858/4439/3022 3860/4442/3023 3751/4246/2430
f 3860/4442/3023 3862/4445/3024 3751/4246/2430
f 3862/4445/3024 3864/4448/3025 3751/4246/2430
f 3864/4448/3025 3866/4452/3026 3751/4246/2430
f 3866/4453/3026 3868/4457/3027 3751/4246/2430
f 3868/4457/3027 3870/4460/3028 3751/4246/2430
f 3870/4460/3028 3871/4462/2431 3751/4246/2430
f 3874/4466/3029 3876/4469/3030 3752/4247/3031
f 3752/4247/3031 3895/4501/3032 3874/4466/3029
f 3737/4231/3033 3122/3565/3034 3121/3564/3035 3736/4230/3036
f 3738/4232/3037 3123/3566/3038 3122/3565/3034 3737/4231/3033
f 3739/4233/3039 3124/3567/3040 3123/3566/3038 3738/4232/3037
f 3740/4234/3041 3125/3568/3042 3124/3567/3040 3739/4233/3039
f 3742/4236/3043 3126/3569/3044 3125/3568/3042 3740/4234/3041
f 3743/4237/3045 3127/3570/3046 3126/3569/3044 3742/4236/3043
f 3744/4238/3047 3128/3571/3048 3127/3570/3046 3743/4237/3045
f 3745/4239/3049 3129/3572/3050 3128/3571/3048 3744/4238/3047
f 3746/4241/3051 3130/3574/3052 3129/3573/3050 3745/4240/3049
f 3747/4242/3053 3131/3575/3054 3130/3574/3052 3746/4241/3051
f 3748/4243/3055 3132/3576/3056 3131/3575/3054 3747/4242/3053
f 3121/3564/3035 3133/3577/3057 3144/3589/3058 3132/3576/3056
f 3122/3565/3034 3134/3578/3059 3133/3577/3057 3121/3564/3035
f 3123/3566/3038 3135/3579/3060 3134/3578/3059 3122/3565/3034
f 3124/3567/3040 3136/3580/3061 3135/3579/3060 3123/3566/3038
f 3125/3568/3042 3137/3581/3062 3136/3580/3061 3124/3567/3040
f 3126/3569/3044 3138/3582/3063 3137/3581/3062 3125/3568/3042
f 3127/3570/3046 3139/3583/3064 3138/3582/3063 3126/3569/3044
f 3128/3571/3048 3140/3584/3065 3139/3583/3064 3127/3570/3046
f 3129/3572/3050 3141/3585/3066 3140/3584/3065 3128/3571/3048
f 3130/3574/3052 3142/3587/3067 3141/3586/3066 3129/3573/3050
f 3131/3575/3054 3143/3588/3068 3142/3587/3067 3130/3574/3052
f 3132/3576/3056 3144/3589/3058 3143/3588/3068 3131/3575/3054
f 3133/3577/3057 3145/3590/3069 3156/3602/3070 3144/3589/3058
f 3134/3578/3059 3146/3591/3071 3145/3590/3069 3133/3577/3057
f 3135/3579/3060 3147/3592/3072 3146/3591/3071 3134/3578/3059
f 3136/3580/3061 3148/3593/3073 3147/3592/3072 3135/3579/3060
f 3137/3581/3062 3149/3594/3074 3148/3593/3073 3136/3580/3061
f 3138/3582/3063 3150/3595/3075 3149/3594/3074 3137/3581/3062
f 3139/3583/3064 3151/3596/3076 3150/3595/3075 3138/3582/3063
f 3140/3584/3065 3152/3597/3077 3151/3596/3076 3139/3583/3064
f 3141/3585/3066 3153/3598/3078 3152/3597/3077 3140/3584/3065
f 3142/3587/3067 3154/3600/3079 3153/3599/3078 3141/3586/3066
f 3143/3588/3068 3155/3601/3080 3154/3600/3079 3142/3587/3067
f 3144/3589/3058 3156/3602/3070 3155/3601/3080 3143/3588/3068
f 3145/3590/3069 3157/3603/3081 3168/3615/3082 3156/3602/3070
f 3146/3591/3071 3158/3604/3083 3157/3603/3081 3145/3590/3069
f 3147/3592/3072 3159/3605/3084 3158/3604/3083 3146/3591/3071
f 3148/3593/3073 3160/3606/3085 3159/3605/3084 3147/3592/3072
f 3149/3594/3074 3161/3607/3086 3160/3606/3085 3148/3593/3073
f 3150/3595/3075 3162/3608/3087 3161/3607/3086 3149/3594/3074
f 3151/3596/3076 3163/3609/3088 3162/3608/3087 3150/3595/3075
f 3152/3597/3077 3164/3610/3089 3163/3609/3088 3151/3596/3076
f 3153/3598/3078 3165/3611/3090 3164/3610/3089 3152/3597/3077
f 3154/3600/3079 3166/3613/3091 3165/3612/3090 3153/3599/3078
f 3155/3601/3080 3167/3614/3092 3166/3613/3091 3154/3600/3079
f 3156/3602/3070 3168/3615/3082 3167/3614/3092 3155/3601/3080
f 3157/3603/3081 3169/3616/3093 3180/3628/3094 3168/3615/3082
f 3158/3604/3083 3170/3617/3095 3169/3616/3093 3157/3603/3081
f 3159/3605/3084 3171/3618/3096 3170/3617/3095 3158/3604/3083
f 3160/3606/3085 3172/3619/3097 3171/3618/3096 3159/3605/3084
f 3161/3607/3086 3173/3620/3098 3172/3619/3097 3160/3606/3085
f 3162/3608/3087 3174/3621/3099 3173/3620/3098 3161/3607/3086
f 3163/3609/3088 3175/3622/3100 3174/3621/3099 3162/3608/3087
f 3164/3610/3089 3176/3623/3101 3175/3622/3100 3163/3609/3088
f 3165/3611/3090 3177/3624/3102 3176/3623/3101 3164/3610/3089
f 3166/3613/3091 3178/3626/3103 3177/3625/3102 3165/3612/3090
f 3167/3614/3092 3179/3627/3104 3178/3626/3103 3166/3613/3091
f 3168/3615/3082 3180/3628/3094 3179/3627/3104 3167/3614/3092
f 3169/3616/3093 3181/3629/3105 3192/3641/3106 3180/3628/3094
f 3170/3617/3095 3182/3630/3107 3181/3629/3105 3169/3616/3093
f 3171/3618/3096 3183/3631/3108 3182/3630/3107 3170/3617/3095
f 3172/3619/3097 3184/3632/3109 3183/3631/3108 3171/3618/3096
f 3173/3620/3098 3185/3633/3110 3184/3632/3109 3172/3619/3097
f 3174/3621/3099 3186/3634/3111 3185/3633/3110 3173/3620/3098
f 3175/3622/3100 3187/3635/3112 3186/3634/3111 3174/3621/3099
f 3176/3623/3101 3188/3636/3113 3187/3635/3112 3175/3622/3100
f 3177/3624/3102 3189/3637/3114 3188/3636/3113 3176/3623/3101
f 3178/3626/3103 3190/3639/3115 3189/3638/3114 3177/3625/3102
f 3179/3627/3104 3191/3640/3116 3190/3639/3115 3178/3626/3103
f 3180/3628/3094 3192/3641/3106 3191/3640/3116 3179/3627/3104
f 3181/3629/3105 3193/3642/3117 3204/3654/3118 3192/3641/3106
f 3182/3630/3107 3194/3643/3119 3193/3642/3117 3181/3629/3105
f 3183/3631/3108 3195/3644/3120 3194/3643/3119 3182/3630/3107
f 3184/3632/3109 3196/3645/3121 3195/3644/3120 3183/3631/3108
f 3185/3633/3110 3197/3646/3122 3196/3645/3121 3184/3632/3109
f 3186/3634/3111 3198/3647/3123 3197/3646/3122 3185/3633/3110
f 3187/3635/3112 3199/3648/3124 3198/3647/3123 3186/3634/3111
f 3188/3636/3113 3200/3649/3125 3199/3648/3124 3187/3635/3112
f 3189/3637/3114 3201/3650/3126 3200/3649/3125 3188/3636/3113
f 3190/3639/3115 3202/3652/3127 3201/3651/3126 3189/3638/3114
f 3191/3640/3116 3203/3653/3128 3202/3652/3127 3190/3639/3115
f 3192/3641/3106 3204/3654/3118 3203/3653/3128 3191/3640/3116
f 3193/3642/3117 3205/3655/3129 3216/3667/3130 3204/3654/3118
f 3194/3643/3119 3206/3656/3131 3205/3655/3129 3193/3642/3117
f 3195/3644/3120 3207/3657/3132 3206/3656/3131 3194/3643/3119
f 3196/3645/3121 3208/3658/3133 3207/3657/3132 3195/3644/3120
f 3197/3646/3122 3209/3659/3134 3208/3658/3133 3196/3645/3121
f 3198/3647/3123 3210/3660/3135 3209/3659/3134 3197/3646/3122
f 3199/3648/3124 3211/3661/3136 3210/3660/3135 3198/3647/3123
f 3200/3649/3125 3212/3662/3137 3211/3661/3136 3199/3648/3124
f 3201/3650/3126 3213/3663/3138 3212/3662/3137 3200/3649/3125
f 3202/3652/3127 3214/3665/3139 3213/3664/3138 3201/3651/3126
f 3203/3653/3128 3215/3666/3140 3214/3665/3139 3202/3652/3127
f 3204/3654/3118 3216/3667/3130 3215/3666/3140 3203/3653/3128
f 3205/3655/3129 3217/3668/3141 3228/3680/3142 3216/3667/3130
f 3206/3656/3131 3218/3669/3143 3217/3668/3141 3205/3655/3129
f 3207/3657/3132 3219/3670/3144 3218/3669/3143 3206/3656/3131
f 3208/3658/3133 3220/3671/3145 3219/3670/3144 3207/3657/3132
f 3209/3659/3134 3221/3672/3146 3220/3671/3145 3208/3658/3133
f 3210/3660/3135 3222/3673/3147 3221/3672/3146 3209/3659/3134
f 3211/3661/3136 3223/3674/3148 3222/3673/3147 3210/3660/3135
f 3212/3662/3137 3224/3675/3149 3223/3674/3148 3211/3661/3136
f 3213/3663/3138 3225/3676/3150 3224/3675/3149 3212/3662/3137
f 3214/3665/3139 3226/3678/3151 3225/3677/3150 3213/3664/3138
f 3215/3666/3140 3227/3679/3152 3226/3678/3151 3214/3665/3139
f 3216/3667/3130 3228/3680/3142 3227/3679/3152 3215/3666/3140
f 3217/3668/3141 3229/3681/3153 3240/3693/3154 3228/3680/3142
f 3218/3669/3143 3230/3682/3155 3229/3681/3153 3217/3668/3141
f 3219/3670/3144 3231/3683/3156 3230/3682/3155 3218/3669/3143
f 3220/3671/3145 3232/3684/3157 3231/3683/3156 3219/3670/3144
f 3221/3672/3146 3233/3685/3158 3232/3684/3157 3220/3671/3145
f 3222/3673/3147 3234/3686/3159 3233/3685/3158 3221/3672/3146
f 3223/3674/3148 3235/3687/3160 3234/3686/3159 3222/3673/3147
f 3224/3675/3149 3236/3688/3161 3235/3687/3160 3223/3674/3148
f 3225/3676/3150 3237/3689/3162 3236/3688/3161 3224/3675/3149
f 3226/3678/3151 3238/3691/3163 3237/3690/3162 3225/3677/3150
f 3227/3679/3152 3239/3692/3164 3238/3691/3163 3226/3678/3151
f 3228/3680/3142 3240/3693/3154 3239/3692/3164 3227/3679/3152
f 3229/3681/3153 3241/3694/3165 3252/3706/3166 3240/3693/3154
f 3230/3682/3155 3242/3695/3167 3241/3694/3165 3229/3681/3153
f 3231/3683/3156 3243/3696/3168 3242/3695/3167 3230/3682/3155
f 3232/3684/3157 3244/3697/3169 3243/3696/3168 3231/3683/3156
f 3233/3685/3158 3245/3698/3170 3244/3697/3169 3232/3684/3157
f 3234/3686/3159 3246/3699/3171 3245/3698/3170 3233/3685/3158
f 3235/3687/3160 3247/3700/3172 3246/3699/3171 3234/3686/3159
f 3236/3688/3161 3248/3701/3173 3247/3700/3172 3235/3687/3160
f 3237/3689/3162 3249/3702/3174 3248/3701/3173 3236/3688/3161
f 3238/3691/3163 3250/3704/3175 3249/3703/3174 3237/3690/3162
f 3239/3692/3164 3251/3705/3176 3250/3704/3175 3238/3691/3163
f 3240/3693/3154 3252/3706/3166 3251/3705/3176 3239/3692/3164
f 3241/3694/3165 3253/3707/3177 3264/3719/3178 3252/3706/3166
f 3242/3695/3167 3254/3708/3179 3253/3707/3177 3241/3694/3165
f 3243/3696/3168 3255/3709/3180 3254/3708/3179 3242/3695/3167
f 3244/3697/3169 3256/3710/3181 3255/3709/3180 3243/3696/3168
f 3245/3698/3170 3257/3711/3182 3256/3710/3181 3244/3697/3169
f 3246/3699/3171 3258/3712/3183 3257/3711/3182 3245/3698/3170
f 3247/3700/3172 3259/3713/3184 3258/3712/3183 3246/3699/3171
f 3248/3701/3173 3260/3714/3185 3259/3713/3184 3247/3700/3172
f 3249/3702/3174 3261/3715/3186 3260/3714/3185 3248/3701/3173
f 3250/3704/3175 3262/3717/3187 3261/3716/3186 3249/3703/3174
f 3251/3705/3176 3263/3718/3188 3262/3717/3187 3250/3704/3175
f 3252/3706/3166 3264/3719/3178 3263/3718/3188 3251/3705/3176
f 3253/3707/3177 3265/3720/3189 3276/3732/3190 3264/3719/3178
f 3254/3708/3179 3266/3721/3191 3265/3720/3189 3253/3707/3177
f 3255/3709/3180 3267/3722/3192 3266/3721/3191 3254/3708/3179
f 3256/3710/3181 3268/3723/3193 3267/3722/3192 3255/3709/3180
f 3257/3711/3182 3269/3724/3194 3268/3723/3193 3256/3710/3181
f 3258/3712/3183 3270/3725/3195 3269/3724/3194 3257/3711/3182
f 3259/3713/3184 3271/3726/3196 3270/3725/3195 3258/3712/3183
f 3260/3714/3185 3272/3727/3197 3271/3726/3196 3259/3713/3184
f 3261/3715/3186 3273/3728/3198 3272/3727/3197 3260/3714/3185
f 3262/3717/3187 3274/3730/3199 3273/3729/3198 3261/3716/3186
f 3263/3718/3188 3275/3731/3200 3274/3730/3199 3262/3717/3187
f 3264/3719/3178 3276/3732/3190 3275/3731/3200 3263/3718/3188
f 3265/3720/3189 3277/3733/3201 3288/3745/3202 3276/3732/3190
f 3266/3721/3191 3278/3734/3203 3277/3733/3201 3265/3720/3189
f 3267/3722/3192 3279/3735/3204 3278/3734/3203 3266/3721/3191
f 3268/3723/3193 3280/3736/3205 3279/3735/3204 3267/3722/3192
f 3269/3724/3194 3281/3737/3206 3280/3736/3205 3268/3723/3193
f 3270/3725/3195 3282/3738/3207 3281/3737/3206 3269/3724/3194
f 3271/3726/3196 3283/3739/3208 3282/3738/3207 3270/3725/3195
f 3272/3727/3197 3284/3740/3209 3283/3739/3208 3271/3726/3196
f 3273/3728/3198 3285/3741/3210 3284/3740/3209 3272/3727/3197
f 3274/3730/3199 3286/3743/3211 3285/3742/3210 3273/3729/3198
f 3275/3731/3200 3287/3744/3212 3286/3743/3211 3274/3730/3199
f 3276/3732/3190 3288/3745/3202 3287/3744/3212 3275/3731/3200
f 3277/3733/3201 3289/3746/3213 3300/3758/3214 3288/3745/3202
f 3278/3734/3203 3290/3747/3215 3289/3746/3213 3277/3733/3201
f 3279/3735/3204 3291/3748/3216 3290/3747/3215 3278/3734/3203
f 3280/3736/3205 3292/3749/3217 3291/3748/3216 3279/3735/3204
f 3281/3737/3206 3293/3750/3218 3292/3749/3217 3280/3736/3205
f 3282/3738/3207 3294/3751/3219 3293/3750/3218 3281/3737/3206
f 3283/3739/3208 3295/3752/3220 3294/3751/3219 3282/3738/3207
f 3284/3740/3209 3296/3753/3221 3295/3752/3220 3283/3739/3208
f 3285/3741/3210 3297/3754/3222 3296/3753/3221 3284/3740/3209
f 3286/3743/3211 3298/3756/3223 3297/3755/3222 3285/3742/3210
f 3287/3744/3212 3299/3757/3224 3298/3756/3223 3286/3743/3211
f 3288/3745/3202 3300/3758/3214 3299/3757/3224 3287/3744/3212
f 3289/3746/3213 3301/3759/3225 3312/3771/3226 3300/3758/3214
f 3290/3747/3215 3302/3760/3227 3301/3759/3225 3289/3746/3213
f 3291/3748/3216 3303/3761/3228 3302/3760/3227 3290/3747/3215
f 3292/3749/3217 3304/3762/3229 3303/3761/3228 3291/3748/3216
f 3293/3750/3218 3305/3763/3230 3304/3762/3229 3292/3749/3217
f 3294/3751/3219 3306/3764/3231 3305/3763/3230 3293/3750/3218
f 3295/3752/3220 3307/3765/3232 3306/3764/3231 3294/3751/3219
f 3296/3753/3221 3308/3766/3233 3307/3765/3232 3295/3752/3220
f 3297/3754/3222 3309/3767/3234 3308/3766/3233 3296/3753/3221
f 3298/3756/3223 3310/3769/3235 3309/3768/3234 3297/3755/3222
f 3299/3757/3224 3311/3770/3236 3310/3769/3235 3298/3756/3223
f 3300/3758/3214 3312/3771/3226 3311/3770/3236 3299/3757/3224
f 3301/3759/3225 3313/3772/3237 3324/3784/3238 3312/3771/3226
f 3302/3760/3227 3314/3773/3239 3313/3772/3237 3301/3759/3225
f 3303/3761/3228 3315/3774/3240 3314/3773/3239 3302/3760/3227
f 3304/3762/3229 3316/3775/3241 3315/3774/3240 3303/3761/3228
f 3305/3763/3230 3317/3776/3242 3316/3775/3241 3304/3762/3229
f 3306/3764/3231 3318/3777/3243 3317/3776/3242 3305/3763/3230
f 3307/3765/3232 3319/3778/3244 3318/3777/3243 3306/3764/3231
f 3308/3766/3233 3320/3779/3245 3319/3778/3244 3307/3765/3232
f 3309/3767/3234 3321/3780/3246 3320/3779/3245 3308/3766/3233
f 3310/3769/3235 3322/3782/3247 3321/3781/3246 3309/3768/3234
f 3311/3770/3236 3323/3783/3248 3322/3782/3247 3310/3769/3235
f 3312/3771/3226 3324/3784/3238 3323/3783/3248 3311/3770/3236
f 3313/3772/3237 3325/3785/3249 3336/3797/3250 3324/3784/3238
f 3314/3773/3239 3326/3786/3251 3325/3785/3249 3313/3772/3237
f 3315/3774/3240 3327/3787/3252 3326/3786/3251 3314/3773/3239
f 3316/3775/3241 3328/3788/3253 3327/3787/3252 3315/3774/3240
f 3317/3776/3242 3329/3789/3254 3328/3788/3253 3316/3775/3241
f 3318/3777/3243 3330/3790/3255 3329/3789/3254 3317/3776/3242
f 3319/3778/3244 3331/3791/3256 3330/3790/3255 3318/3777/3243
f 3320/3779/3245 3332/3792/3257 3331/3791/3256 3319/3778/3244
f 3321/3780/3246 3333/3793/3258 3332/3792/3257 3320/3779/3245
f 3322/3782/3247 3334/3795/3259 3333/3794/3258 3321/3781/3246
f 3323/3783/3248 3335/3796/3260 3334/3795/3259 3322/3782/3247
f 3324/3784/3238 3336/3797/3250 3335/3796/3260 3323/3783/3248
f 3325/3785/3249 3337/3798/3261 3348/3810/3262 3336/3797/3250
f 3326/3786/3251 3338/3799/3263 3337/3798/3261 3325/3785/3249
f 3327/3787/3252 3339/3800/3264 3338/3799/3263 3326/3786/3251
f 3328/3788/3253 3340/3801/3265 3339/3800/3264 3327/3787/3252
f 3329/3789/3254 3341/3802/3266 3340/3801/3265 3328/3788/3253
f 3330/3790/3255 3342/3803/3267 3341/3802/3266 3329/3789/3254
f 3331/3791/3256 3343/3804/3268 3342/3803/3267 3330/3790/3255
f 3332/3792/3257 3344/3805/3269 3343/3804/3268 3331/3791/3256
f 3333/3793/3258 3345/3806/3270 3344/3805/3269 3332/3792/3257
f 3334/3795/3259 3346/3808/3271 3345/3807/3270 3333/3794/3258
f 3335/3796/3260 3347/3809/3272 3346/3808/3271 3334/3795/3259
f 3336/3797/3250 3348/3810/3262 3347/3809/3272 3335/3796/3260
f 3337/3798/3261 3349/3811/3273 3360/3823/3274 3348/3810/3262
f 3338/3799/3263 3350/3812/3275 3349/3811/3273 3337/3798/3261
f 3339/3800/3264 3351/3813/3276 3350/3812/3275 3338/3799/3263
f 3340/3801/3265 3352/3814/3277 3351/3813/3276 3339/3800/3264
f 3341/3802/3266 3353/3815/3278 3352/3814/3277 3340/3801/3265
f 3342/3803/3267 3354/3816/3279 3353/3815/3278 3341/3802/3266
f 3343/3804/3268 3355/3817/3280 3354/3816/3279 3342/3803/3267
f 3344/3805/3269 3356/3818/3281 3355/3817/3280 3343/3804/3268
f 3345/3806/3270 3357/3819/3282 3356/3818/3281 3344/3805/3269
f 3346/3808/3271 3358/3821/3283 3357/3820/3282 3345/3807/3270
f 3347/3809/3272 3359/3822/3284 3358/3821/3283 3346/3808/3271
f 3348/3810/3262 3360/3823/3274 3359/3822/3284 3347/3809/3272
f 3349/3811/3273 3361/3824/3285 3372/3836/3286 3360/3823/3274
f 3350/3812/3275 3362/3825/3287 3361/3824/3285 3349/3811/3273
f 3351/3813/3276 3363/3826/3288 3362/3825/3287 3350/3812/3275
f 3352/3814/3277 3364/3827/3289 3363/3826/3288 3351/3813/3276
f 3353/3815/3278 3365/3828/3290 3364/3827/3289 3352/3814/3277
f 3354/3816/3279 3366/3829/3291 3365/3828/3290 3353/3815/3278
f 3355/3817/3280 3367/3830/3292 3366/3829/3291 3354/3816/3279
f 3356/3818/3281 3368/3831/3293 3367/3830/3292 3355/3817/3280
f 3357/3819/3282 3369/3832/3294 3368/3831/3293 3356/3818/3281
f 3358/3821/3283 3370/3834/3295 3369/3833/3294 3357/3820/3282
f 3359/3822/3284 3371/3835/3296 3370/3834/3295 3358/3821/3283
f 3360/3823/3274 3372/3836/3286 3371/3835/3296 3359/3822/3284
f 3361/3824/3285 3373/3837/3297 3384/3849/3298 3372/3836/3286
f 3362/3825/3287 3374/3838/3299 3373/3837/3297 3361/3824/3285
f 3363/3826/3288 3375/3839/3300 3374/3838/3299 3362/3825/3287
f 3364/3827/3289 3376/3840/3301 3375/3839/3300 3363/3826/3288
f 3365/3828/3290 3377/3841/3302 3376/3840/3301 3364/3827/3289
f 3366/3829/3291 3378/3842/3303 3377/3841/3302 3365/3828/3290
f 3367/3830/3292 3379/3843/3304 3378/3842/3303 3366/3829/3291
f 3368/3831/3293 3380/3844/3305 3379/3843/3304 3367/3830/3292
f 3369/3832/3294 3381/3845/3306 3380/3844/3305 3368/3831/3293
f 3370/3834/3295 3382/3847/3307 3381/3846/3306 3369/3833/3294
f 3371/3835/3296 3383/3848/3308 3382/3847/3307 3370/3834/3295
f 3372/3836/3286 3384/3849/3298 3383/3848/3308 3371/3835/3296
f 3373/3837/3297 3385/3850/3309 3396/3862/3310 3384/3849/3298
f 3374/3838/3299 3386/3851/3311 3385/3850/3309 3373/3837/3297
f 3375/3839/3300 3387/3852/3312 3386/3851/3311 3374/3838/3299
f 3376/3840/3301 3388/3853/3313 3387/3852/3312 3375/3839/3300
f 3377/3841/3302 3389/3854/3314 3388/3853/3313 3376/3840/3301
f 3378/3842/3303 3390/3855/3315 3389/3854/3314 3377/3841/3302
f 3379/3843/3304 3391/3856/3316 3390/3855/3315 3378/3842/3303
f 3380/3844/3305 3392/3857/3317 3391/3856/3316 3379/3843/3304
f 3381/3845/3306 3393/3858/3318 3392/3857/3317 3380/3844/3305
f 3382/3847/3307 3394/3860/3319 3393/3859/3318 3381/3846/3306
f 3383/3848/3308 3395/3861/3320 3394/3860/3319 3382/3847/3307
f 3384/3849/3298 3396/3862/3310 3395/3861/3320 3383/3848/3308
f 3385/3850/3309 3397/3863/3321 3408/3875/3322 3396/3862/3310
f 3386/3851/3311 3398/3864/3323 3397/3863/3321 3385/3850/3309
f 3387/3852/3312 3399/3865/3324 3398/3864/3323 3386/3851/3311
f 3388/3853/3313 3400/3866/3325 3399/3865/3324 3387/3852/3312
f 3389/3854/3314 3401/3867/3326 3400/3866/3325 3388/3853/3313
f 3390/3855/3315 3402/3868/3327 3401/3867/3326 3389/3854/3314
f 3391/3856/3316 3403/3869/3328 3402/3868/3327 3390/3855/3315
f 3392/3857/3317 3404/3870/3329 3403/3869/3328 3391/3856/3316
f 3393/3858/3318 3405/3871/3330 3404/3870/3329 3392/3857/3317
f 3394/3860/3319 3406/3873/3331 3405/3872/3330 3393/3859/3318
f 3395/3861/3320 3407/3874/3332 3406/3873/3331 3394/3860/3319
f 3396/3862/3310 3408/3875/3322 3407/3874/3332 3395/3861/3320
f 3397/3863/3321 3409/3876/3333 3420/3888/3334 3408/3875/3322
f 3398/3864/3323 3410/3877/3335 3409/3876/3333 3397/3863/3321
f 3399/3865/3324 3411/3878/3336 3410/3877/3335 3398/3864/3323
f 3400/3866/3325 3412/3879/3337 3411/3878/3336 3399/3865/3324
f 3401/3867/3326 3413/3880/3338 3412/3879/3337 3400/3866/3325
f 3402/3868/3327 3414/3881/3339 3413/3880/3338 3401/3867/3326
f 3403/3869/3328 3415/3882/3340 3414/3881/3339 3402/3868/3327
f 3404/3870/3329 3416/3883/3341 3415/3882/3340 3403/3869/3328
f 3405/3871/3330 3417/3884/3342 3416/3883/3341 3404/3870/3329
f 3406/3873/3331 3418/3886/3343 3417/3885/3342 3405/3872/3330
f 3407/3874/3332 3419/3887/3344 3418/3886/3343 3406/3873/3331
f 3408/3875/3322 3420/3888/3334 3419/3887/3344 3407/3874/3332
f 3409/3876/3333 3421/3889/3345 3432/3901/3346 3420/3888/3334
f 3410/3877/3335 3422/3890/3347 3421/3889/3345 3409/3876/3333
f 3411/3878/3336 3423/3891/3348 3422/3890/3347 3410/3877/3335
f 3412/3879/3337 3424/3892/3349 3423/3891/3348 3411/3878/3336
f 3413/3880/3338 3425/3893/3350 3424/3892/3349 3412/3879/3337
f 3414/3881/3339 3426/3894/3351 3425/3893/3350 3413/3880/3338
f 3415/3882/3340 3427/3895/3352 3426/3894/3351 3414/3881/3339
f 3416/3883/3341 3428/3896/3353 3427/3895/3352 3415/3882/3340
f 3417/3884/3342 3429/3897/3354 3428/3896/3353 3416/3883/3341
f 3418/3886/3343 3430/3899/3355 3429/3898/3354 3417/3885/3342
f 3419/3887/3344 3431/3900/3356 3430/3899/3355 3418/3886/3343
f 3420/3888/3334 3432/3901/3346 3431/3900/3356 3419/3887/3344
f 3421/3889/3345 3433/3902/3357 3444/3914/3358 3432/3901/3346
f 3422/3890/3347 3434/3903/3359 3433/3902/3357 3421/3889/3345
f 3423/3891/3348 3435/3904/3360 3434/3903/3359 3422/3890/3347
f 3424/3892/3349 3436/3905/3361 3435/3904/3360 3423/3891/3348
f 3425/3893/3350 3437/3906/3362 3436/3905/3361 3424/3892/3349
f 3426/3894/3351 3438/3907/3363 3437/3906/3362 3425/3893/3350
f 3427/3895/3352 3439/3908/3364 3438/3907/3363 3426/3894/3351
f 3428/3896/3353 3440/3909/3365 3439/3908/3364 3427/3895/3352
f 3429/3897/3354 3441/3910/3366 3440/3909/3365 3428/3896/3353
f 3430/3899/3355 3442/3912/3367 3441/3911/3366 3429/3898/3354
f 3431/3900/3356 3443/3913/3368 3442/3912/3367 3430/3899/3355
f 3432/3901/3346 3444/3914/3358 3443/3913/3368 3431/3900/3356
f 3433/3902/3357 3445/3915/3369 3456/3927/3370 3444/3914/3358
f 3434/3903/3359 3446/3916/3371 3445/3915/3369 3433/3902/3357
f 3435/3904/3360 3447/3917/3372 3446/3916/3371 3434/3903/3359
f 3436/3905/3361 3448/3918/3373 3447/3917/3372 3435/3904/3360
f 3437/3906/3362 3449/3919/3374 3448/3918/3373 3436/3905/3361
f 3438/3907/3363 3450/3920/3375 3449/3919/3374 3437/3906/3362
f 3439/3908/3364 3451/3921/3376 3450/3920/3375 3438/3907/3363
f 3440/3909/3365 3452/3922/3377 3451/3921/3376 3439/3908/3364
f 3441/3910/3366 3453/3923/3378 3452/3922/3377 3440/3909/3365
f 3442/3912/3367 3454/3925/3379 3453/3924/3378 3441/3911/3366
f 3443/3913/3368 3455/3926/3380 3454/3925/3379 3442/3912/3367
f 3444/3914/3358 3456/3927/3370 3455/3926/3380 3443/3913/3368
f 3445/3915/3369 3457/3928/3381 3468/3940/3382 3456/3927/3370
f 3446/3916/3371 3458/3929/3383 3457/3928/3381 3445/3915/3369
f 3447/3917/3372 3459/3930/3384 3458/3929/3383 3446/3916/3371
f 3448/3918/3373 3460/3931/3385 3459/3930/3384 3447/3917/3372
f 3449/3919/3374 3461/3932/3386 3460/3931/3385 3448/3918/3373
f 3450/3920/3375 3462/3933/3387 3461/3932/3386 3449/3919/3374
f 3451/3921/3376 3463/3934/3388 3462/3933/3387 3450/3920/3375
f 3452/3922/3377 3464/3935/3389 3463/3934/3388 3451/3921/3376
f 3453/3923/3378 3465/3936/3390 3464/3935/3389 3452/3922/3377
f 3454/3925/3379 3466/3938/3391 3465/3937/3390 3453/3924/3378
f 3455/3926/3380 3467/3939/3392 3466/3938/3391 3454/3925/3379
f 3456/3927/3370 3468/3940/3382 3467/3939/3392 3455/3926/3380
f 3457/3928/3381 3469/3941/3393 3480/3953/3394 3468/3940/3382
f 3458/3929/3383 3470/3942/3395 3469/3941/3393 3457/3928/3381
f 3459/3930/3384 3471/3943/3396 3470/3942/3395 3458/3929/3383
f 3460/3931/3385 3472/3944/3397 3471/3943/3396 3459/3930/3384
f 3461/3932/3386 3473/3945/3398 3472/3944/3397 3460/3931/3385
f 3462/3933/3387 3474/3946/3399 3473/3945/3398 3461/3932/3386
f 3463/3934/3388 3475/3947/3400 3474/3946/3399 3462/3933/3387
f 3464/3935/3389 3476/3948/3401 3475/3947/3400 3463/3934/3388
f 3465/3936/3390 3477/3949/3402 3476/3948/3401 3464/3935/3389
f 3466/3938/3391 3478/3951/3403 3477/3950/3402 3465/3937/3390
f 3467/3939/3392 3479/3952/3404 3478/3951/3403 3466/3938/3391
f 3468/3940/3382 3480/3953/3394 3479/3952/3404 3467/3939/3392
f 3469/3941/3393 3481/3954/3405 3492/3966/3406 3480/3953/3394
f 3470/3942/3395 3482/3955/3407 3481/3954/3405 3469/3941/3393
f 3471/3943/3396 3483/3956/3408 3482/3955/3407 3470/3942/3395
f 3472/3944/3397 3484/3957/3409 3483/3956/3408 3471/3943/3396
f 3473/3945/3398 3485/3958/3410 3484/3957/3409 3472/3944/3397
f 3474/3946/3399 3486/3959/3411 3485/3958/3410 3473/3945/3398
f 3475/3947/3400 3487/3960/3412 3486/3959/3411 3474/3946/3399
f 3476/3948/3401 3488/3961/3413 3487/3960/3412 3475/3947/3400
f 3477/3949/3402 3489/3962/3414 3488/3961/3413 3476/3948/3401
f 3478/3951/3403 3490/3964/3415 3489/3963/3414 3477/3950/3402
f 3479/3952/3404 3491/3965/3416 3490/3964/3415 3478/3951/3403
f 3480/3953/3394 3492/3966/3406 3491/3965/3416 3479/3952/3404
f 3481/3954/3405 3493/3967/3417 3504/3979/3418 3492/3966/3406
f 3482/3955/3407 3494/3968/3419 3493/3967/3417 3481/3954/3405
f 3483/3956/3408 3495/3969/3420 3494/3968/3419 3482/3955/3407
f 3484/3957/3409 3496/3970/3421 3495/3969/3420 3483/3956/3408
f 3485/3958/3410 3497/3971/3422 3496/3970/3421 3484/3957/3409
f 3486/3959/3411 3498/3972/3423 3497/3971/3422 3485/3958/3410
f 3487/3960/3412 3499/3973/3424 3498/3972/3423 3486/3959/3411
f 3488/3961/3413 3500/3974/3425 3499/3973/3424 3487/3960/3412
f 3489/3962/3414 3501/3975/3426 3500/3974/3425 3488/3961/3413
f 3490/3964/3415 3502/3977/3427 3501/3976/3426 3489/3963/3414
f 3491/3965/3416 3503/3978/3428 3502/3977/3427 3490/3964/3415
f 3492/3966/3406 3504/3979/3418 3503/3978/3428 3491/3965/3416
f 3493/3967/3417 3505/3980/3429 3516/3992/3430 3504/3979/3418
f 3494/3968/3419 3506/3981/3431 3505/3980/3429 3493/3967/3417
f 3495/3969/3420 3507/3982/3432 3506/3981/3431 3494/3968/3419
f 3496/3970/3421 3508/3983/3433 3507/3982/3432 3495/3969/3420
f 3497/3971/3422 3509/3984/3434 3508/3983/3433 3496/3970/3421
f 3498/3972/3423 3510/3985/3435 3509/3984/3434 3497/3971/3422
f 3499/3973/3424 3511/3986/3436 3510/3985/3435 3498/3972/3423
f 3500/3974/3425 3512/3987/3437 3511/3986/3436 3499/3973/3424
f 3501/3975/3426 3513/3988/3438 3512/3987/3437 3500/3974/3425
f 3502/3977/3427 3514/3990/3439 3513/3989/3438 3501/3976/3426
f 3503/3978/3428 3515/3991/3440 3514/3990/3439 3502/3977/3427
f 3504/3979/3418 3516/3992/3430 3515/3991/3440 3503/3978/3428
f 3505/3980/3429 3517/3993/3441 3528/4005/3442 3516/3992/3430
f 3506/3981/3431 3518/3994/3443 3517/3993/3441 3505/3980/3429
f 3507/3982/3432 3519/3995/3444 3518/3994/3443 3506/3981/3431
f 3508/3983/3433 3520/3996/3445 3519/3995/3444 3507/3982/3432
f 3509/3984/3434 3521/3997/3446 3520/3996/3445 3508/3983/3433
f 3510/3985/3435 3522/3998/3447 3521/3997/3446 3509/3984/3434
f 3511/3986/3436 3523/3999/3448 3522/3998/3447 3510/3985/3435
f 3512/3987/3437 3524/4000/3449 3523/3999/3448 3511/3986/3436
f 3513/3988/3438 3525/4001/3450 3524/4000/3449 3512/3987/3437
f 3514/3990/3439 3526/4003/3451 3525/4002/3450 3513/3989/3438
f 3515/3991/3440 3527/4004/3452 3526/4003/3451 3514/3990/3439
f 3516/3992/3430 3528/4005/3442 3527/4004/3452 3515/3991/3440
f 3517/3993/3441 3529/4006/3453 3540/4018/3454 3528/4005/3442
f 3518/3994/3443 3530/4007/3455 3529/4006/3453 3517/3993/3441
f 3519/3995/3444 3531/4008/3456 3530/4007/3455 3518/3994/3443
f 3520/3996/3445 3532/4009/3457 3531/4008/3456 3519/3995/3444
f 3521/3997/3446 3533/4010/3458 3532/4009/3457 3520/3996/3445
f 3522/3998/3447 3534/4011/3459 3533/4010/3458 3521/3997/3446
f 3523/3999/3448 3535/4012/3460 3534/4011/3459 3522/3998/3447
f 3524/4000/3449 3536/4013/3461 3535/4012/3460 3523/3999/3448
f 3525/4001/3450 3537/4014/3462 3536/4013/3461 3524/4000/3449
f 3526/4003/3451 3538/4016/3463 3537/4015/3462 3525/4002/3450
f 3527/4004/3452 3539/4017/3464 3538/4016/3463 3526/4003/3451
f 3528/4005/3442 3540/4018/3454 3539/4017/3464 3527/4004/3452
f 3529/4006/3453 3541/4019/3465 3552/4031/3466 3540/4018/3454
f 3530/4007/3455 3542/4020/3467 3541/4019/3465 3529/4006/3453
f 3531/4008/3456 3543/4021/3468 3542/4020/3467 3530/4007/3455
f 3532/4009/3457 3544/4022/3469 3543/4021/3468 3531/4008/3456
f 3533/4010/3458 3545/4023/3470 3544/4022/3469 3532/4009/3457
f 3534/4011/3459 3546/4024/3471 3545/4023/3470 3533/4010/3458
f 3535/4012/3460 3547/4025/3472 3546/4024/3471 3534/4011/3459
f 3536/4013/3461 3548/4026/3473 3547/4025/3472 3535/4012/3460
f 3537/4014/3462 3549/4027/3474 3548/4026/3473 3536/4013/3461
f 3538/4016/3463 3550/4029/3475 3549/4028/3474 3537/4015/3462
f 3539/4017/3464 3551/4030/3476 3550/4029/3475 3538/4016/3463
f 3540/4018/3454 3552/4031/3466 3551/4030/3476 3539/4017/3464
f 3541/4019/3465 3553/4032/3477 3564/4044/3478 3552/4031/3466
f 3542/4020/3467 3554/4033/3479 3553/4032/3477 3541/4019/3465
f 3543/4021/3468 3555/4034/3480 3554/4033/3479 3542/4020/3467
f 3544/4022/3469 3556/4035/3481 3555/4034/3480 3543/4021/3468
f 3545/4023/3470 3557/4036/3482 3556/4035/3481 3544/4022/3469
f 3546/4024/3471 3558/4037/3483 3557/4036/3482 3545/4023/3470
f 3547/4025/3472 3559/4038/3484 3558/4037/3483 3546/4024/3471
f 3548/4026/3473 3560/4039/3485 3559/4038/3484 3547/4025/3472
f 3549/4027/3474 3561/4040/3486 3560/4039/3485 3548/4026/3473
f 3550/4029/3475 3562/4042/3487 3561/4041/3486 3549/4028/3474
f 3551/4030/3476 3563/4043/3488 3562/4042/3487 3550/4029/3475
f 3552/4031/3466 3564/4044/3478 3563/4043/3488 3551/4030/3476
f 3553/4032/3477 3565/4045/3489 3576/4057/3490 3564/4044/3478
f 3554/4033/3479 3566/4046/3491 3565/4045/3489 3553/4032/3477
f 3555/4034/3480 3567/4047/3492 3566/4046/3491 3554/4033/3479
f 3556/4035/3481 3568/4048/3493 3567/4047/3492 3555/4034/3480
f 3557/4036/3482 3569/4049/3494 3568/4048/3493 3556/4035/3481
f 3558/4037/3483 3570/4050/3495 3569/4049/3494 3557/4036/3482
f 3559/4038/3484 3571/4051/3496 3570/4050/3495 3558/4037/3483
f 3560/4039/3485 3572/4052/3497 3571/4051/3496 3559/4038/3484
f 3561/4040/3486 3573/4053/3498 3572/4052/3497 3560/4039/3485
f 3562/4042/3487 3574/4055/3499 3573/4054/3498 3561/4041/3486
f 3563/4043/3488 3575/4056/3500 3574/4055/3499 3562/4042/3487
f 3564/4044/3478 3576/4057/3490 3575/4056/3500 3563/4043/3488
f 3565/4045/3489 3577/4058/3501 3588/4070/3502 3576/4057/3490
f 3566/4046/3491 3578/4059/3503 3577/4058/3501 3565/4045/3489
f 3567/4047/3492 3579/4060/3504 3578/4059/3503 3566/4046/3491
f 3568/4048/3493 3580/4061/3505 3579/4060/3504 3567/4047/3492
f 3569/4049/3494 3581/4062/3506 3580/4061/3505 3568/4048/3493
f 3570/4050/3495 3582/4063/3507 3581/4062/3506 3569/4049/3494
f 3571/4051/3496 3583/4064/3508 3582/4063/3507 3570/4050/3495
f 3572/4052/3497 3584/4065/3509 3583/4064/3508 3571/4051/3496
f 3573/4053/3498 3585/4066/3510 3584/4065/3509 3572/4052/3497
f 3574/4055/3499 3586/4068/3511 3585/4067/3510 3573/4054/3498
f 3575/4056/3500 3587/4069/3512 3586/4068/3511 3574/4055/3499
f 3576/4057/3490 3588/4070/3502 3587/4069/3512 3575/4056/3500
f 3577/4058/3501 3589/4071/3513 3600/4083/3514 3588/4070/3502
f 3578/4059/3503 3590/4072/3515 3589/4071/3513 3577/4058/3501
f 3579/4060/3504 3591/4073/3516 3590/4072/3515 3578/4059/3503
f 3580/4061/3505 3592/4074/3517 3591/4073/3516 3579/4060/3504
f 3581/4062/3506 3593/4075/3518 3592/4074/3517 3580/4061/3505
f 3582/4063/3507 3594/4076/3519 3593/4075/3518 3581/4062/3506
f 3583/4064/3508 3595/4077/3520 3594/4076/3519 3582/4063/3507
f 3584/4065/3509 3596/4078/3521 3595/4077/3520 3583/4064/3508
f 3585/4066/3510 3597/4079/3522 3596/4078/3521 3584/4065/3509
f 3586/4068/3511 3598/4081/3523 3597/4080/3522 3585/4067/3510
f 3587/4069/3512 3599/4082/3524 3598/4081/3523 3586/4068/3511
f 3588/4070/3502 3600/4083/3514 3599/4082/3524 3587/4069/3512
f 3589/4071/3513 3601/4084/3525 3612/4096/3526 3600/4083/3514
f 3590/4072/3515 3602/4085/3527 3601/4084/3525 3589/4071/3513
f 3591/4073/3516 3603/4086/3528 3602/4085/3527 3590/4072/3515
f 3592/4074/3517 3604/4087/3529 3603/4086/3528 3591/4073/3516
f 3593/4075/3518 3605/4088/3530 3604/4087/3529 3592/4074/3517
f 3594/4076/3519 3606/4089/3531 3605/4088/3530 3593/4075/3518
f 3595/4077/3520 3607/4090/3532 3606/4089/3531 3594/4076/3519
f 3596/4078/3521 3608/4091/3533 3607/4090/3532 3595/4077/3520
f 3597/4079/3522 3609/4092/3534 3608/4091/3533 3596/4078/3521
f 3598/4081/3523 3610/4094/3535 3609/4093/3534 3597/4080/3522
f 3599/4082/3524 3611/4095/3536 3610/4094/3535 3598/4081/3523
f 3600/4083/3514 3612/4096/3526 3611/4095/3536 3599/4082/3524
f 3601/4084/3525 3613/4097/3537 3624/4109/3538 3612/4096/3526
f 3602/4085/3527 3614/4098/3539 3613/4097/3537 3601/4084/3525
f 3603/4086/3528 3615/4099/3540 3614/4098/3539 3602/4085/3527
f 3604/4087/3529 3616/4100/3541 3615/4099/3540 3603/4086/3528
f 3605/4088/3530 3617/4101/3542 3616/4100/3541 3604/4087/3529
f 3606/4089/3531 3618/4102/3543 3617/4101/3542 3605/4088/3530
f 3607/4090/3532 3619/4103/3544 3618/4102/3543 3606/4089/3531
f 3608/4091/3533 3620/4104/3545 3619/4103/3544 3607/4090/3532
f 3609/4092/3534 3621/4105/3546 3620/4104/3545 3608/4091/3533
f 3610/4094/3535 3622/4107/3547 3621/4106/3546 3609/4093/3534
f 3611/4095/3536 3623/4108/3548 3622/4107/3547 3610/4094/3535
f 3612/4096/3526 3624/4109/3538 3623/4108/3548 3611/4095/3536
f 3613/4097/3537 3625/4110/3549 3636/4122/3550 3624/4109/3538
f 3614/4098/3539 3626/4111/3551 3625/4110/3549 3613/4097/3537
f 3615/4099/3540 3627/4112/3552 3626/4111/3551 3614/4098/3539
f 3616/4100/3541 3628/4113/3553 3627/4112/3552 3615/4099/3540
f 3617/4101/3542 3629/4114/3554 3628/4113/3553 3616/4100/3541
f 3618/4102/3543 3630/4115/3555 3629/4114/3554 3617/4101/3542
f 3619/4103/3544 3631/4116/3556 3630/4115/3555 3618/4102/3543
f 3620/4104/3545 3632/4117/3557 3631/4116/3556 3619/4103/3544
f 3621/4105/3546 3633/4118/3558 3632/4117/3557 3620/4104/3545
f 3622/4107/3547 3634/4120/3559 3633/4119/3558 3621/4106/3546
f 3623/4108/3548 3635/4121/3560 3634/4120/3559 3622/4107/3547
f 3624/4109/3538 3636/4122/3550 3635/4121/3560 3623/4108/3548
f 3625/4110/3549 3637/4123/3561 3648/4135/3562 3636/4122/3550
f 3626/4111/3551 3638/4124/3563 3637/4123/3561 3625/4110/3549
f 3627/4112/3552 3639/4125/3564 3638/4124/3563 3626/4111/3551
f 3628/4113/3553 3640/4126/3565 3639/4125/3564 3627/4112/3552
f 3629/4114/3554 3641/4127/3566 3640/4126/3565 3628/4113/3553
f 3630/4115/3555 3642/4128/3567 3641/4127/3566 3629/4114/3554
f 3631/4116/3556 3643/4129/3568 3642/4128/3567 3630/4115/3555
f 3632/4117/3557 3644/4130/3569 3643/4129/3568 3631/4116/3556
f 3633/4118/3558 3645/4131/3570 3644/4130/3569 3632/4117/3557
f 3634/4120/3559 3646/4133/3571 3645/4132/3570 3633/4119/3558
f 3635/4121/3560 3647/4134/3572 3646/4133/3571 3634/4120/3559
f 3636/4122/3550 3648/4135/3562 3647/4134/3572 3635/4121/3560
f 3637/4123/3561 3649/4136/3573 3660/4148/3574 3648/4135/3562
f 3638/4124/3563 3650/4137/3575 3649/4136/3573 3637/4123/3561
f 3639/4125/3564 3651/4138/3576 3650/4137/3575 3638/4124/3563
f 3640/4126/3565 3652/4139/3577 3651/4138/3576 3639/4125/3564
f 3641/4127/3566 3653/4140/3578 3652/4139/3577 3640/4126/3565
f 3642/4128/3567 3654/4141/3579 3653/4140/3578 3641/4127/3566
f 3643/4129/3568 3655/4142/3580 3654/4141/3579 3642/4128/3567
f 3644/4130/3569 3656/4143/3581 3655/4142/3580 3643/4129/3568
f 3645/4131/3570 3657/4144/3582 3656/4143/3581 3644/4130/3569
f 3646/4133/3571 3658/4146/3583 3657/4145/3582 3645/4132/3570
f 3647/4134/3572 3659/4147/3584 3658/4146/3583 3646/4133/3571
f 3648/4135/3562 3660/4148/3574 3659/4147/3584 3647/4134/3572
f 3649/4136/3573 3661/4149/3585 3672/4161/3586 3660/4148/3574
f 3650/4137/3575 3662/4150/3587 3661/4149/3585 3649/4136/3573
f 3651/4138/3576 3663/4151/3588 3662/4150/3587 3650/4137/3575
f 3652/4139/3577 3664/4152/3589 3663/4151/3588 3651/4138/3576
f 3653/4140/3578 3665/4153/3590 3664/4152/3589 3652/4139/3577
f 3654/4141/3579 3666/4154/3591 3665/4153/3590 3653/4140/3578
f 3655/4142/3580 3667/4155/3592 3666/4154/3591 3654/4141/3579
f 3656/4143/3581 3668/4156/3593 3667/4155/3592 3655/4142/3580
f 3657/4144/3582 3669/4157/3594 3668/4156/3593 3656/4143/3581
f 3658/4146/3583 3670/4159/3595 3669/4158/3594 3657/4145/3582
f 3659/4147/3584 3671/4160/3596 3670/4159/3595 3658/4146/3583
f 3660/4148/3574 3672/4161/3586 3671/4160/3596 3659/4147/3584
f 3661/4149/3585 3673/4162/3597 3684/4174/3598 3672/4161/3586
f 3662/4150/3587 3674/4163/3599 3673/4162/3597 3661/4149/3585
f 3663/4151/3588 3675/4164/3600 3674/4163/3599 3662/4150/3587
f 3664/4152/3589 3676/4165/3601 3675/4164/3600 3663/4151/3588
f 3665/4153/3590 3677/4166/3602 3676/4165/3601 3664/4152/3589
f 3666/4154/3591 3678/4167/3603 3677/4166/3602 3665/4153/3590
f 3667/4155/3592 3679/4168/3604 3678/4167/3603 3666/4154/3591
f 3668/4156/3593 3680/4169/3605 3679/4168/3604 3667/4155/3592
f 3669/4157/3594 3681/4170/3606 3680/4169/3605 3668/4156/3593
f 3670/4159/3595 3682/4172/3607 3681/4171/3606 3669/4158/3594
f 3671/4160/3596 3683/4173/3608 3682/4172/3607 3670/4159/3595
f 3672/4161/3586 3684/4174/3598 3683/4173/3608 3671/4160/3596
f 3673/4162/3597 3685/4175/3609 3696/4187/3610 3684/4174/3598
f 3674/4163/3599 3686/4176/3611 3685/4175/3609 3673/4162/3597
f 3675/4164/3600 3687/4177/3612 3686/4176/3611 3674/4163/3599
f 3676/4165/3601 3688/4178/3613 3687/4177/3612 3675/4164/3600
f 3677/4166/3602 3689/4179/3614 3688/4178/3613 3676/4165/3601
f 3678/4167/3603 3690/4180/3615 3689/4179/3614 3677/4166/3602
f 3679/4168/3604 3691/4181/3616 3690/4180/3615 3678/4167/3603
f 3680/4169/3605 3692/4182/3617 3691/4181/3616 3679/4168/3604
f 3681/4170/3606 3693/4183/3618 3692/4182/3617 3680/4169/3605
f 3682/4172/3607 3694/4185/3619 3693/4184/3618 3681/4171/3606
f 3683/4173/3608 3695/4186/3620 3694/4185/3619 3682/4172/3607
f 3684/4174/3598 3696/4187/3610 3695/4186/3620 3683/4173/3608
f 3876/4469/3030 3878/4472/3621 3752/4247/3031
f 3880/4475/3622 3882/4478/3623 3752/4247/3031
f 3882/4478/3623 3884/4481/3624 3752/4247/3031
f 3884/4481/3624 3886/4484/3625 3752/4247/3031
f 3886/4484/3625 3888/4487/3626 3752/4247/3031
f 3888/4487/3626 3890/4491/3627 3752/4247/3031
f 3890/4492/3627 3892/4496/3628 3752/4247/3031
f 3892/4496/3628 3894/4499/3629 3752/4247/3031
f 3894/4499/3629 3895/4501/3032 3752/4247/3031
f 3697/4188/1230 1393/1692/1229 1404/1704/1250 3709/4201/1249
f 3710/4202/1835 1969/2316/1834 1980/2328/1855 3722/4215/1854
f 3736/4230/3036 3121/3564/3035 3132/3576/3056 3748/4243/3055
f 3723/4216/2435 2545/2940/2434 2556/2952/2455 3735/4229/2454
f 3697/4188/1230 3709/4201/1249 3753/4248/3630 3754/4250/3631
f 3754/4250/3631 3755/4252/3632 3698/4189/1227 3697/4188/1230
f 3755/4252/3632 3756/4254/3633 3699/4190/1231 3698/4189/1227
f 3756/4254/3633 3757/4256/3634 3700/4191/1233 3699/4190/1231
f 3757/4256/3634 3758/4258/3635 3701/4192/1235 3700/4191/1233
f 3758/4258/3635 3759/4260/3636 3703/4194/1237 3701/4192/1235
f 3759/4260/3636 3760/4262/3637 3704/4195/1239 3703/4194/1237
f 3760/4262/3637 3761/4264/3638 3705/4196/1241 3704/4195/1239
f 3761/4264/3638 3762/4266/3639 3706/4197/1243 3705/4196/1241
f 3762/4267/3639 3763/4269/3640 3707/4199/1245 3706/4198/1243
f 3763/4269/3640 3764/4271/3641 3708/4200/1247 3707/4199/1245
f 3764/4271/3641 3753/4248/3630 3709/4201/1249 3708/4200/1247
f 3710/4202/1835 3722/4215/1854 3765/4273/3642 3766/4275/3643
f 3766/4275/3643 3767/4277/3644 3711/4203/1832 3710/4202/1835
f 3767/4277/3644 3768/4279/3645 3712/4204/1836 3711/4203/1832
f 3768/4279/3645 3769/4281/3646 3713/4205/1838 3712/4204/1836
f 3769/4281/3646 3770/4283/3647 3714/4206/1840 3713/4205/1838
f 3770/4283/3647 3771/4285/3648 3716/4208/1842 3714/4206/1840
f 3771/4285/3648 3772/4287/3649 3717/4209/1844 3716/4208/1842
f 3772/4287/3649 3773/4289/3650 3718/4210/1846 3717/4209/1844
f 3773/4289/3650 3774/4291/3651 3719/4211/1848 3718/4210/1846
f 3774/4292/3651 3775/4294/3652 3720/4213/1850 3719/4212/1848
f 3775/4294/3652 3776/4296/3653 3721/4214/1852 3720/4213/1850
f 3776/4296/3653 3765/4273/3642 3722/4215/1854 3721/4214/1852
f 3723/4216/2435 3735/4229/2454 3777/4298/3654 3778/4300/3655
f 3778/4300/3655 3779/4302/3656 3724/4217/2432 3723/4216/2435
f 3779/4302/3656 3780/4304/3657 3725/4218/2436 3724/4217/2432
f 3780/4304/3657 3781/4306/3658 3726/4219/2438 3725/4218/2436
f 3781/4306/3658 3782/4308/3659 3727/4220/2440 3726/4219/2438
f 3782/4308/3659 3783/4310/3660 3729/4222/2442 3727/4220/2440
f 3783/4310/3660 3784/4312/3661 3730/4223/2444 3729/4222/2442
f 3784/4312/3661 3785/4314/3662 3731/4224/2446 3730/4223/2444
f 3785/4314/3662 3786/4316/3663 3732/4225/2448 3731/4224/2446
f 3786/4317/3663 3787/4319/3664 3733/4227/2450 3732/4226/2448
f 3787/4319/3664 3788/4321/3665 3734/4228/2452 3733/4227/2450
f 3788/4321/3665 3777/4298/3654 3735/4229/2454 3734/4228/2452
f 3736/4230/3036 3748/4243/3055 3789/4323/3666 3790/4325/3667
f 3790/4325/3667 3791/4327/3668 3737/4231/3033 3736/4230/3036
f 3791/4327/3668 3792/4329/3669 3738/4232/3037 3737/4231/3033
f 3792/4329/3669 3793/4331/3670 3739/4233/3039 3738/4232/3037
f 3793/4331/3670 3794/4333/3671 3740/4234/3041 3739/4233/3039
f 3794/4333/3671 3795/4335/3672 3742/4236/3043 3740/4234/3041
f 3795/4335/3672 3796/4337/3673 3743/4237/3045 3742/4236/3043
f 3796/4337/3673 3797/4339/3674 3744/4238/3047 3743/4237/3045
f 3797/4339/3674 3798/4341/3675 3745/4239/3049 3744/4238/3047
f 3798/4342/3675 3799/4344/3676 3746/4241/3051 3745/4240/3049
f 3799/4344/3676 3800/4346/3677 3747/4242/3053 3746/4241/3051
f 3800/4346/3677 3789/4323/3666 3748/4243/3055 3747/4242/3053
f 3878/4472/3621 3880/4475/3622 3752/4247/3031
f 3806/4355/3678 3808/4358/1818 3749/4244/1817
f 3830/4394/1831 3832/4397/2420 3750/4245/1827
f 3854/4433/3020 3856/4436/3021 3751/4246/2430
f 1958/2304/1805 3803/4351/3679 3801/4348/3680 1957/2303/1803
f 3804/4352/1816 3806/4355/3678 3749/4244/1817
f 1959/2305/1806 3805/4354/3681 3803/4351/3679 1958/2304/1805
f 1960/2306/1807 3807/4357/3682 3805/4354/3681 1959/2305/1806
f 1961/2307/1808 3809/4360/3683 3807/4357/3682 1960/2306/1807
f 1962/2308/1809 3811/4363/3684 3809/4360/3683 1961/2307/1808
f 1963/2309/1810 3813/4366/3685 3811/4363/3684 1962/2308/1809
f 1964/2310/1811 3815/4369/3686 3813/4366/3685 1963/2309/1810
f 1965/2311/1812 3817/4372/3687 3815/4369/3686 1964/2310/1811
f 1966/2313/1813 3819/4378/3688 3817/4373/3687 1965/2312/1812
f 1967/2314/1814 3821/4381/3689 3819/4378/3688 1966/2313/1813
f 1968/2315/1804 3824/4386/3690 3821/4381/3689 1967/2314/1814
f 2533/2927/2408 3825/4387/3691 3848/4425/3692 2544/2939/2409
f 2534/2928/2410 3827/4390/3693 3825/4387/3691 2533/2927/2408
f 2535/2929/2411 3829/4393/3694 3827/4390/3693 2534/2928/2410
f 2536/2930/2412 3831/4396/3695 3829/4393/3694 2535/2929/2411
f 2537/2931/2413 3833/4399/3696 3831/4396/3695 2536/2930/2412
f 2538/2932/2414 3835/4402/3697 3833/4399/3696 2537/2931/2413
f 2539/2933/2415 3837/4405/3698 3835/4402/3697 2538/2932/2414
f 2540/2934/2416 3839/4408/3699 3837/4405/3698 2539/2933/2415
f 2541/2935/2417 3841/4411/3700 3839/4408/3699 2540/2934/2416
f 2542/2937/2418 3843/4417/3701 3841/4412/3700 2541/2936/2417
f 2543/2938/2419 3845/4420/3702 3843/4417/3701 2542/2937/2418
f 2544/2939/2409 3848/4425/3692 3845/4420/3702 2543/2938/2419
f 3109/3551/3008 3849/4426/3703 3872/4464/3704 3120/3563/3009
f 3110/3552/3010 3851/4429/3705 3849/4426/3703 3109/3551/3008
f 3111/3553/3011 3853/4432/3706 3851/4429/3705 3110/3552/3010
f 3112/3554/3012 3855/4435/3707 3853/4432/3706 3111/3553/3011
f 3113/3555/3013 3857/4438/3708 3855/4435/3707 3112/3554/3012
f 3114/3556/3014 3859/4441/3709 3857/4438/3708 3113/3555/3013
f 3115/3557/3015 3861/4444/3710 3859/4441/3709 3114/3556/3014
f 3116/3558/3016 3863/4447/3711 3861/4444/3710 3115/3557/3015
f 3117/3559/3017 3865/4450/3712 3863/4447/3711 3116/3558/3016
f 3118/3561/3018 3867/4456/3713 3865/4451/3712 3117/3560/3017
f 3119/3562/3019 3869/4459/3714 3867/4456/3713 3118/3561/3018
f 3120/3563/3009 3872/4464/3704 3869/4459/3714 3119/3562/3019
f 3685/4175/3609 3873/4465/3715 3896/4503/3716 3696/4187/3610
f 3686/4176/3611 3875/4468/3717 3873/4465/3715 3685/4175/3609
f 3687/4177/3612 3877/4471/3718 3875/4468/3717 3686/4176/3611
f 3688/4178/3613 3879/4474/3719 3877/4471/3718 3687/4177/3612
f 3689/4179/3614 3881/4477/3720 3879/4474/3719 3688/4178/3613
f 3690/4180/3615 3883/4480/3721 3881/4477/3720 3689/4179/3614
f 3691/4181/3616 3885/4483/3722 3883/4480/3721 3690/4180/3615
f 3692/4182/3617 3887/4486/3723 3885/4483/3722 3691/4181/3616
f 3693/4183/3618 3889/4489/3724 3887/4486/3723 3692/4182/3617
f 3694/4185/3619 3891/4495/3725 3889/4490/3724 3693/4184/3618
f 3695/4186/3620 3893/4498/3726 3891/4495/3725 3694/4185/3619
f 3696/4187/3610 3896/4503/3716 3893/4498/3726 3695/4186/3620
f 1957/2303/1803 3801/4348/3680 3824/4386/3690 1968/2315/1804
f 3702/4193/3727 3754/4251/3631 3753/4249/3630
f 3702/4193/3727 3755/4253/3632 3754/4251/3631
f 3702/4193/3727 3756/4255/3633 3755/4253/3632
f 3702/4193/3727 3757/4257/3634 3756/4255/3633
f 3702/4193/3727 3758/4259/3635 3757/4257/3634
f 3702/4193/3727 3759/4261/3636 3758/4259/3635
f 3702/4193/3727 3760/4263/3637 3759/4261/3636
f 3702/4193/3727 3761/4265/3638 3760/4263/3637
f 3702/4193/3727 3762/4268/3639 3761/4265/3638
f 3702/4193/3727 3763/4270/3640 3762/4268/3639
f 3702/4193/3727 3764/4272/3641 3763/4270/3640
f 3702/4193/3727 3753/4249/3630 3764/4272/3641
f 3715/4207/3728 3766/4276/3643 3765/4274/3642
f 3715/4207/3728 3767/4278/3644 3766/4276/3643
f 3715/4207/3728 3768/4280/3645 3767/4278/3644
f 3715/4207/3728 3769/4282/3646 3768/4280/3645
f 3715/4207/3728 3770/4284/3647 3769/4282/3646
f 3715/4207/3728 3771/4286/3648 3770/4284/3647
f 3715/4207/3728 3772/4288/3649 3771/4286/3648
f 3715/4207/3728 3773/4290/3650 3772/4288/3649
f 3715/4207/3728 3774/4293/3651 3773/4290/3650
f 3715/4207/3728 3775/4295/3652 3774/4293/3651
f 3715/4207/3728 3776/4297/3653 3775/4295/3652
f 3715/4207/3728 3765/4274/3642 3776/4297/3653
f 3728/4221/3729 3778/4301/3655 3777/4299/3654
f 3728/4221/3729 3779/4303/3656 3778/4301/3655
f 3728/4221/3729 3780/4305/3657 3779/4303/3656
f 3728/4221/3729 3781/4307/3658 3780/4305/3657
f 3728/4221/3729 3782/4309/3659 3781/4307/3658
f 3728/4221/3729 3783/4311/3660 3782/4309/3659
f 3728/4221/3729 3784/4313/3661 3783/4311/3660
f 3728/4221/3729 3785/4315/3662 3784/4313/3661
f 3728/4221/3729 3786/4318/3663 3785/4315/3662
f 3728/4221/3729 3787/4320/3664 3786/4318/3663
f 3728/4221/3729 3788/4322/3665 3787/4320/3664
f 3728/4221/3729 3777/4299/3654 3788/4322/3665
f 3741/4235/3730 3790/4326/3667 3789/4324/3666
f 3741/4235/3730 3791/4328/3668 3790/4326/3667
f 3741/4235/3730 3792/4330/3669 3791/4328/3668
f 3741/4235/3730 3793/4332/3670 3792/4330/3669
f 3741/4235/3730 3794/4334/3671 3793/4332/3670
f 3741/4235/3730 3795/4336/3672 3794/4334/3671
f 3741/4235/3730 3796/4338/3673 3795/4336/3672
f 3741/4235/3730 3797/4340/3674 3796/4338/3673
f 3741/4235/3730 3798/4343/3675 3797/4340/3674
f 3741/4235/3730 3799/4345/3676 3798/4343/3675
f 3741/4235/3730 3800/4347/3677 3799/4345/3676
f 3741/4235/3730 3789/4324/3666 3800/4347/3677
f 3824/4386/3690 3801/4348/3680 3802/4349/1815 3823/4384/1826
f 3801/4348/3680 3803/4351/3679 3804/4353/1816 3802/4349/1815
f 3803/4351/3679 3805/4354/3681 3806/4356/3678 3804/4353/1816
f 3805/4354/3681 3807/4357/3682 3808/4359/1818 3806/4356/3678
f 3807/4357/3682 3809/4360/3683 3810/4362/1819 3808/4359/1818
f 3809/4360/3683 3811/4363/3684 3812/4365/1820 3810/4362/1819
f 3811/4363/3684 3813/4366/3685 3814/4368/1821 3812/4365/1820
f 3813/4366/3685 3815/4369/3686 3816/4371/1822 3814/4368/1821
f 3815/4369/3686 3817/4372/3687 3818/4376/1823 3816/4371/1822
f 3817/4373/3687 3819/4378/3688 3820/4380/1824 3818/4377/1823
f 3819/4378/3688 3821/4381/3689 3822/4383/1825 3820/4380/1824
f 3821/4381/3689 3824/4386/3690 3823/4384/1826 3822/4383/1825
f 3848/4425/3692 3825/4387/3691 3826/4389/1829 3847/4424/1828
f 3825/4387/3691 3827/4390/3693 3828/4392/1830 3826/4389/1829
f 3827/4390/3693 3829/4393/3694 3830/4395/1831 3828/4392/1830
f 3829/4393/3694 3831/4396/3695 3832/4398/2420 3830/4395/1831
f 3831/4396/3695 3833/4399/3696 3834/4401/2421 3832/4398/2420
f 3833/4399/3696 3835/4402/3697 3836/4404/2422 3834/4401/2421
f 3835/4402/3697 3837/4405/3698 3838/4407/2423 3836/4404/2422
f 3837/4405/3698 3839/4408/3699 3840/4410/2424 3838/4407/2423
f 3839/4408/3699 3841/4411/3700 3842/4415/2425 3840/4410/2424
f 3841/4412/3700 3843/4417/3701 3844/4419/2426 3842/4416/2425
f 3843/4417/3701 3845/4420/3702 3846/4422/2427 3844/4419/2426
f 3845/4420/3702 3848/4425/3692 3847/4424/1828 3846/4422/2427
f 3872/4464/3704 3849/4426/3703 3850/4428/2428 3871/4463/2431
f 3849/4426/3703 3851/4429/3705 3852/4431/2429 3850/4428/2428
f 3851/4429/3705 3853/4432/3706 3854/4434/3020 3852/4431/2429
f 3853/4432/3706 3855/4435/3707 3856/4437/3021 3854/4434/3020
f 3855/4435/3707 3857/4438/3708 3858/4440/3022 3856/4437/3021
f 3857/4438/3708 3859/4441/3709 3860/4443/3023 3858/4440/3022
f 3859/4441/3709 3861/4444/3710 3862/4446/3024 3860/4443/3023
f 3861/4444/3710 3863/4447/3711 3864/4449/3025 3862/4446/3024
f 3863/4447/3711 3865/4450/3712 3866/4454/3026 3864/4449/3025
f 3865/4451/3712 3867/4456/3713 3868/4458/3027 3866/4455/3026
f 3867/4456/3713 3869/4459/3714 3870/4461/3028 3868/4458/3027
f 3869/4459/3714 3872/4464/3704 3871/4463/2431 3870/4461/3028
f 3896/4503/3716 3873/4465/3715 3874/4467/3029 3895/4502/3032
f 3873/4465/3715 3875/4468/3717 3876/4470/3030 3874/4467/3029
f 3875/4468/3717 3877/4471/3718 3878/4473/3621 3876/4470/3030
f 3877/4471/3718 3879/4474/3719 3880/4476/3622 3878/4473/3621
f 3879/4474/3719 3881/4477/3720 3882/4479/3623 3880/4476/3622
f 3881/4477/3720 3883/4480/3721 3884/4482/3624 3882/4479/3623
f 3883/4480/3721 3885/4483/3722 3886/4485/3625 3884/4482/3624
f 3885/4483/3722 3887/4486/3723 3888/4488/3626 3886/4485/3625
f 3887/4486/3723 3889/4489/3724 3890/4493/3627 3888/4488/3626
f 3889/4490/3724 3891/4495/3725 3892/4497/3628 3890/4494/3627
f 3891/4495/3725 3893/4498/3726 3894/4500/3629 3892/4497/3628
f 3893/4498/3726 3896/4503/3716 3895/4502/3032 3894/4500/3629
f 3749/4244/1817 3823/4385/1826 3802/4350/1815
f 5483/6223/3731 3898/4505/3732 3897/4504/3733 5481/6220/3734
f 5485/6226/3735 3899/4506/3736 3898/4505/3732 5483/6223/3731
f 5487/6232/3737 3900/4508/3738 3899/4507/3736 5485/6227/3735
f 5489/6235/3739 3901/4509/3740 3900/4508/3738 5487/6232/3737
f 5492/6239/3741 3902/4510/3742 3901/4509/3740 5489/6235/3739
f 5494/6242/3743 3903/4511/3744 3902/4510/3742 5492/6239/3741
f 5496/6245/3745 3904/4512/3746 3903/4511/3744 5494/6242/3743
f 5498/6248/3747 3905/4513/3748 3904/4512/3746 5496/6245/3745
f 5500/6251/3749 3906/4514/3750 3905/4513/3748 5498/6248/3747
f 5502/6254/3751 3907/4515/3752 3906/4514/3750 5500/6251/3749
f 5504/6257/3753 3908/4516/3754 3907/4515/3752 5502/6254/3751
f 3897/4504/3733 3909/4517/3755 3920/4529/3756 3908/4516/3754
f 3898/4505/3732 3910/4518/3757 3909/4517/3755 3897/4504/3733
f 3899/4506/3736 3911/4519/3758 3910/4518/3757 3898/4505/3732
f 3900/4508/3738 3912/4521/3759 3911/4520/3758 3899/4507/3736
f 3901/4509/3740 3913/4522/3760 3912/4521/3759 3900/4508/3738
f 3902/4510/3742 3914/4523/3761 3913/4522/3760 3901/4509/3740
f 3903/4511/3744 3915/4524/3762 3914/4523/3761 3902/4510/3742
f 3904/4512/3746 3916/4525/3763 3915/4524/3762 3903/4511/3744
f 3905/4513/3748 3917/4526/3764 3916/4525/3763 3904/4512/3746
f 3906/4514/3750 3918/4527/3765 3917/4526/3764 3905/4513/3748
f 3907/4515/3752 3919/4528/3766 3918/4527/3765 3906/4514/3750
f 3908/4516/3754 3920/4529/3756 3919/4528/3766 3907/4515/3752
f 3909/4517/3755 3921/4530/3767 3932/4542/3768 3920/4529/3756
f 3910/4518/3757 3922/4531/3769 3921/4530/3767 3909/4517/3755
f 3911/4519/3758 3923/4532/3770 3922/4531/3769 3910/4518/3757
f 3912/4521/3759 3924/4534/3771 3923/4533/3770 3911/4520/3758
f 3913/4522/3760 3925/4535/3772 3924/4534/3771 3912/4521/3759
f 3914/4523/3761 3926/4536/3773 3925/4535/3772 3913/4522/3760
f 3915/4524/3762 3927/4537/3774 3926/4536/3773 3914/4523/3761
f 3916/4525/3763 3928/4538/3775 3927/4537/3774 3915/4524/3762
f 3917/4526/3764 3929/4539/3776 3928/4538/3775 3916/4525/3763
f 3918/4527/3765 3930/4540/3777 3929/4539/3776 3917/4526/3764
f 3919/4528/3766 3931/4541/3778 3930/4540/3777 3918/4527/3765
f 3920/4529/3756 3932/4542/3768 3931/4541/3778 3919/4528/3766
f 3921/4530/3767 3933/4543/3779 3944/4555/3780 3932/4542/3768
f 3922/4531/3769 3934/4544/3781 3933/4543/3779 3921/4530/3767
f 3923/4532/3770 3935/4545/3782 3934/4544/3781 3922/4531/3769
f 3924/4534/3771 3936/4547/3783 3935/4546/3782 3923/4533/3770
f 3925/4535/3772 3937/4548/3784 3936/4547/3783 3924/4534/3771
f 3926/4536/3773 3938/4549/3785 3937/4548/3784 3925/4535/3772
f 3927/4537/3774 3939/4550/3786 3938/4549/3785 3926/4536/3773
f 3928/4538/3775 3940/4551/3787 3939/4550/3786 3927/4537/3774
f 3929/4539/3776 3941/4552/3788 3940/4551/3787 3928/4538/3775
f 3930/4540/3777 3942/4553/3789 3941/4552/3788 3929/4539/3776
f 3931/4541/3778 3943/4554/3790 3942/4553/3789 3930/4540/3777
f 3932/4542/3768 3944/4555/3780 3943/4554/3790 3931/4541/3778
f 3933/4543/3779 3945/4556/3791 3956/4568/3792 3944/4555/3780
f 3934/4544/3781 3946/4557/3793 3945/4556/3791 3933/4543/3779
f 3935/4545/3782 3947/4558/3794 3946/4557/3793 3934/4544/3781
f 3936/4547/3783 3948/4560/3795 3947/4559/3794 3935/4546/3782
f 3937/4548/3784 3949/4561/3796 3948/4560/3795 3936/4547/3783
f 3938/4549/3785 3950/4562/3797 3949/4561/3796 3937/4548/3784
f 3939/4550/3786 3951/4563/3798 3950/4562/3797 3938/4549/3785
f 3940/4551/3787 3952/4564/3799 3951/4563/3798 3939/4550/3786
f 3941/4552/3788 3953/4565/3800 3952/4564/3799 3940/4551/3787
f 3942/4553/3789 3954/4566/3801 3953/4565/3800 3941/4552/3788
f 3943/4554/3790 3955/4567/3802 3954/4566/3801 3942/4553/3789
f 3944/4555/3780 3956/4568/3792 3955/4567/3802 3943/4554/3790
f 3945/4556/3791 3957/4569/3803 3968/4581/3804 3956/4568/3792
f 3946/4557/3793 3958/4570/3805 3957/4569/3803 3945/4556/3791
f 3947/4558/3794 3959/4571/3806 3958/4570/3805 3946/4557/3793
f 3948/4560/3795 3960/4573/3807 3959/4572/3806 3947/4559/3794
f 3949/4561/3796 3961/4574/3808 3960/4573/3807 3948/4560/3795
f 3950/4562/3797 3962/4575/3809 3961/4574/3808 3949/4561/3796
f 3951/4563/3798 3963/4576/3810 3962/4575/3809 3950/4562/3797
f 3952/4564/3799 3964/4577/3811 3963/4576/3810 3951/4563/3798
f 3953/4565/3800 3965/4578/3812 3964/4577/3811 3952/4564/3799
f 3954/4566/3801 3966/4579/3813 3965/4578/3812 3953/4565/3800
f 3955/4567/3802 3967/4580/3814 3966/4579/3813 3954/4566/3801
f 3956/4568/3792 3968/4581/3804 3967/4580/3814 3955/4567/3802
f 3957/4569/3803 3969/4582/3815 3980/4594/3816 3968/4581/3804
f 3958/4570/3805 3970/4583/3817 3969/4582/3815 3957/4569/3803
f 3959/4571/3806 3971/4584/3818 3970/4583/3817 3958/4570/3805
f 3960/4573/3807 3972/4586/3819 3971/4585/3818 3959/4572/3806
f 3961/4574/3808 3973/4587/3820 3972/4586/3819 3960/4573/3807
f 3962/4575/3809 3974/4588/3821 3973/4587/3820 3961/4574/3808
f 3963/4576/3810 3975/4589/3822 3974/4588/3821 3962/4575/3809
f 3964/4577/3811 3976/4590/3823 3975/4589/3822 3963/4576/3810
f 3965/4578/3812 3977/4591/3824 3976/4590/3823 3964/4577/3811
f 3966/4579/3813 3978/4592/3825 3977/4591/3824 3965/4578/3812
f 3967/4580/3814 3979/4593/3826 3978/4592/3825 3966/4579/3813
f 3968/4581/3804 3980/4594/3816 3979/4593/3826 3967/4580/3814
f 3969/4582/3815 3981/4595/3827 3992/4607/3828 3980/4594/3816
f 3970/4583/3817 3982/4596/3829 3981/4595/3827 3969/4582/3815
f 3971/4584/3818 3983/4597/3830 3982/4596/3829 3970/4583/3817
f 3972/4586/3819 3984/4599/3831 3983/4598/3830 3971/4585/3818
f 3973/4587/3820 3985/4600/3832 3984/4599/3831 3972/4586/3819
f 3974/4588/3821 3986/4601/3833 3985/4600/3832 3973/4587/3820
f 3975/4589/3822 3987/4602/3834 3986/4601/3833 3974/4588/3821
f 3976/4590/3823 3988/4603/3835 3987/4602/3834 3975/4589/3822
f 3977/4591/3824 3989/4604/3836 3988/4603/3835 3976/4590/3823
f 3978/4592/3825 3990/4605/3837 3989/4604/3836 3977/4591/3824
f 3979/4593/3826 3991/4606/3838 3990/4605/3837 3978/4592/3825
f 3980/4594/3816 3992/4607/3828 3991/4606/3838 3979/4593/3826
f 3981/4595/3827 3993/4608/3839 4004/4620/3840 3992/4607/3828
f 3982/4596/3829 3994/4609/3841 3993/4608/3839 3981/4595/3827
f 3983/4597/3830 3995/4610/697 3994/4609/3841 3982/4596/3829
f 3984/4599/3831 3996/4612/3842 3995/4611/697 3983/4598/3830
f 3985/4600/3832 3997/4613/3843 3996/4612/3842 3984/4599/3831
f 3986/4601/3833 3998/4614/3844 3997/4613/3843 3985/4600/3832
f 3987/4602/3834 3999/4615/3845 3998/4614/3844 3986/4601/3833
f 3988/4603/3835 4000/4616/3846 3999/4615/3845 3987/4602/3834
f 3989/4604/3836 4001/4617/3847 4000/4616/3846 3988/4603/3835
f 3990/4605/3837 4002/4618/3848 4001/4617/3847 3989/4604/3836
f 3991/4606/3838 4003/4619/3849 4002/4618/3848 3990/4605/3837
f 3992/4607/3828 4004/4620/3840 4003/4619/3849 3991/4606/3838
f 3993/4608/3839 4005/4621/3850 4016/4633/3851 4004/4620/3840
f 3994/4609/3841 4006/4622/3852 4005/4621/3850 3993/4608/3839
f 3995/4610/697 4007/4623/3853 4006/4622/3852 3994/4609/3841
f 3996/4612/3842 4008/4625/3854 4007/4624/3853 3995/4611/697
f 3997/4613/3843 4009/4626/3855 4008/4625/3854 3996/4612/3842
f 3998/4614/3844 4010/4627/3856 4009/4626/3855 3997/4613/3843
f 3999/4615/3845 4011/4628/3857 4010/4627/3856 3998/4614/3844
f 4000/4616/3846 4012/4629/3858 4011/4628/3857 3999/4615/3845
f 4001/4617/3847 4013/4630/3859 4012/4629/3858 4000/4616/3846
f 4002/4618/3848 4014/4631/3860 4013/4630/3859 4001/4617/3847
f 4003/4619/3849 4015/4632/3861 4014/4631/3860 4002/4618/3848
f 4004/4620/3840 4016/4633/3851 4015/4632/3861 4003/4619/3849
f 4005/4621/3850 4017/4634/3862 4028/4646/3863 4016/4633/3851
f 4006/4622/3852 4018/4635/3864 4017/4634/3862 4005/4621/3850
f 4007/4623/3853 4019/4636/3865 4018/4635/3864 4006/4622/3852
f 4008/4625/3854 4020/4638/3866 4019/4637/3865 4007/4624/3853
f 4009/4626/3855 4021/4639/3867 4020/4638/3866 4008/4625/3854
f 4010/4627/3856 4022/4640/3868 4021/4639/3867 4009/4626/3855
f 4011/4628/3857 4023/4641/3869 4022/4640/3868 4010/4627/3856
f 4012/4629/3858 4024/4642/3870 4023/4641/3869 4011/4628/3857
f 4013/4630/3859 4025/4643/3871 4024/4642/3870 4012/4629/3858
f 4014/4631/3860 4026/4644/3872 4025/4643/3871 4013/4630/3859
f 4015/4632/3861 4027/4645/3873 4026/4644/3872 4014/4631/3860
f 4016/4633/3851 4028/4646/3863 4027/4645/3873 4015/4632/3861
f 4017/4634/3862 4029/4647/3874 4040/4659/3875 4028/4646/3863
f 4018/4635/3864 4030/4648/3876 4029/4647/3874 4017/4634/3862
f 4019/4636/3865 4031/4649/3877 4030/4648/3876 4018/4635/3864
f 4020/4638/3866 4032/4651/3878 4031/4650/3877 4019/4637/3865
f 4021/4639/3867 4033/4652/3879 4032/4651/3878 4020/4638/3866
f 4022/4640/3868 4034/4653/3880 4033/4652/3879 4021/4639/3867
f 4023/4641/3869 4035/4654/3881 4034/4653/3880 4022/4640/3868
f 4024/4642/3870 4036/4655/3882 4035/4654/3881 4023/4641/3869
f 4025/4643/3871 4037/4656/3883 4036/4655/3882 4024/4642/3870
f 4026/4644/3872 4038/4657/3884 4037/4656/3883 4025/4643/3871
f 4027/4645/3873 4039/4658/3885 4038/4657/3884 4026/4644/3872
f 4028/4646/3863 4040/4659/3875 4039/4658/3885 4027/4645/3873
f 4029/4647/3874 4041/4660/3886 4052/4672/3887 4040/4659/3875
f 4030/4648/3876 4042/4661/3888 4041/4660/3886 4029/4647/3874
f 4031/4649/3877 4043/4662/3889 4042/4661/3888 4030/4648/3876
f 4032/4651/3878 4044/4664/3890 4043/4663/3889 4031/4650/3877
f 4033/4652/3879 4045/4665/3891 4044/4664/3890 4032/4651/3878
f 4034/4653/3880 4046/4666/3892 4045/4665/3891 4033/4652/3879
f 4035/4654/3881 4047/4667/3893 4046/4666/3892 4034/4653/3880
f 4036/4655/3882 4048/4668/3894 4047/4667/3893 4035/4654/3881
f 4037/4656/3883 4049/4669/3895 4048/4668/3894 4036/4655/3882
f 4038/4657/3884 4050/4670/3896 4049/4669/3895 4037/4656/3883
f 4039/4658/3885 4051/4671/3897 4050/4670/3896 4038/4657/3884
f 4040/4659/3875 4052/4672/3887 4051/4671/3897 4039/4658/3885
f 4041/4660/3886 4053/4673/3898 4064/4685/3899 4052/4672/3887
f 4042/4661/3888 4054/4674/3900 4053/4673/3898 4041/4660/3886
f 4043/4662/3889 4055/4675/3901 4054/4674/3900 4042/4661/3888
f 4044/4664/3890 4056/4677/3902 4055/4676/3901 4043/4663/3889
f 4045/4665/3891 4057/4678/3903 4056/4677/3902 4044/4664/3890
f 4046/4666/3892 4058/4679/3904 4057/4678/3903 4045/4665/3891
f 4047/4667/3893 4059/4680/3905 4058/4679/3904 4046/4666/3892
f 4048/4668/3894 4060/4681/3906 4059/4680/3905 4047/4667/3893
f 4049/4669/3895 4061/4682/3907 4060/4681/3906 4048/4668/3894
f 4050/4670/3896 4062/4683/3908 4061/4682/3907 4049/4669/3895
f 4051/4671/3897 4063/4684/3909 4062/4683/3908 4050/4670/3896
f 4052/4672/3887 4064/4685/3899 4063/4684/3909 4051/4671/3897
f 4053/4673/3898 4065/4686/3910 4076/4698/3911 4064/4685/3899
f 4054/4674/3900 4066/4687/3912 4065/4686/3910 4053/4673/3898
f 4055/4675/3901 4067/4688/3913 4066/4687/3912 4054/4674/3900
f 4056/4677/3902 4068/4690/3914 4067/4689/3913 4055/4676/3901
f 4057/4678/3903 4069/4691/3915 4068/4690/3914 4056/4677/3902
f 4058/4679/3904 4070/4692/3916 4069/4691/3915 4057/4678/3903
f 4059/4680/3905 4071/4693/3917 4070/4692/3916 4058/4679/3904
f 4060/4681/3906 4072/4694/3918 4071/4693/3917 4059/4680/3905
f 4061/4682/3907 4073/4695/3919 4072/4694/3918 4060/4681/3906
f 4062/4683/3908 4074/4696/3920 4073/4695/3919 4061/4682/3907
f 4063/4684/3909 4075/4697/3921 4074/4696/3920 4062/4683/3908
f 4064/4685/3899 4076/4698/3911 4075/4697/3921 4063/4684/3909
f 4065/4686/3910 4077/4699/3922 4088/4711/3923 4076/4698/3911
f 4066/4687/3912 4078/4700/3924 4077/4699/3922 4065/4686/3910
f 4067/4688/3913 4079/4701/3925 4078/4700/3924 4066/4687/3912
f 4068/4690/3914 4080/4703/3926 4079/4702/3925 4067/4689/3913
f 4069/4691/3915 4081/4704/3927 4080/4703/3926 4068/4690/3914
f 4070/4692/3916 4082/4705/3928 4081/4704/3927 4069/4691/3915
f 4071/4693/3917 4083/4706/3929 4082/4705/3928 4070/4692/3916
f 4072/4694/3918 4084/4707/3930 4083/4706/3929 4071/4693/3917
f 4073/4695/3919 4085/4708/3931 4084/4707/3930 4072/4694/3918
f 4074/4696/3920 4086/4709/3932 4085/4708/3931 4073/4695/3919
f 4075/4697/3921 4087/4710/3933 4086/4709/3932 4074/4696/3920
f 4076/4698/3911 4088/4711/3923 4087/4710/3933 4075/4697/3921
f 4077/4699/3922 4089/4712/3934 4100/4724/3935 4088/4711/3923
f 4078/4700/3924 4090/4713/3936 4089/4712/3934 4077/4699/3922
f 4079/4701/3925 4091/4714/3937 4090/4713/3936 4078/4700/3924
f 4080/4703/3926 4092/4716/3938 4091/4715/3937 4079/4702/3925
f 4081/4704/3927 4093/4717/3939 4092/4716/3938 4080/4703/3926
f 4082/4705/3928 4094/4718/3940 4093/4717/3939 4081/4704/3927
f 4083/4706/3929 4095/4719/3941 4094/4718/3940 4082/4705/3928
f 4084/4707/3930 4096/4720/3942 4095/4719/3941 4083/4706/3929
f 4085/4708/3931 4097/4721/3943 4096/4720/3942 4084/4707/3930
f 4086/4709/3932 4098/4722/3944 4097/4721/3943 4085/4708/3931
f 4087/4710/3933 4099/4723/3945 4098/4722/3944 4086/4709/3932
f 4088/4711/3923 4100/4724/3935 4099/4723/3945 4087/4710/3933
f 4089/4712/3934 4101/4725/3946 4112/4737/3947 4100/4724/3935
f 4090/4713/3936 4102/4726/3948 4101/4725/3946 4089/4712/3934
f 4091/4714/3937 4103/4727/3949 4102/4726/3948 4090/4713/3936
f 4092/4716/3938 4104/4729/3950 4103/4728/3949 4091/4715/3937
f 4093/4717/3939 4105/4730/3951 4104/4729/3950 4092/4716/3938
f 4094/4718/3940 4106/4731/3952 4105/4730/3951 4093/4717/3939
f 4095/4719/3941 4107/4732/3953 4106/4731/3952 4094/4718/3940
f 4096/4720/3942 4108/4733/3954 4107/4732/3953 4095/4719/3941
f 4097/4721/3943 4109/4734/3955 4108/4733/3954 4096/4720/3942
f 4098/4722/3944 4110/4735/3956 4109/4734/3955 4097/4721/3943
f 4099/4723/3945 4111/4736/3957 4110/4735/3956 4098/4722/3944
f 4100/4724/3935 4112/4737/3947 4111/4736/3957 4099/4723/3945
f 4101/4725/3946 4113/4738/3958 4124/4750/3959 4112/4737/3947
f 4102/4726/3948 4114/4739/3960 4113/4738/3958 4101/4725/3946
f 4103/4727/3949 4115/4740/3961 4114/4739/3960 4102/4726/3948
f 4104/4729/3950 4116/4742/3962 4115/4741/3961 4103/4728/3949
f 4105/4730/3951 4117/4743/3963 4116/4742/3962 4104/4729/3950
f 4106/4731/3952 4118/4744/3964 4117/4743/3963 4105/4730/3951
f 4107/4732/3953 4119/4745/3965 4118/4744/3964 4106/4731/3952
f 4108/4733/3954 4120/4746/3966 4119/4745/3965 4107/4732/3953
f 4109/4734/3955 4121/4747/3967 4120/4746/3966 4108/4733/3954
f 4110/4735/3956 4122/4748/3968 4121/4747/3967 4109/4734/3955
f 4111/4736/3957 4123/4749/3969 4122/4748/3968 4110/4735/3956
f 4112/4737/3947 4124/4750/3959 4123/4749/3969 4111/4736/3957
f 4113/4738/3958 4125/4751/3970 4136/4763/3971 4124/4750/3959
f 4114/4739/3960 4126/4752/3972 4125/4751/3970 4113/4738/3958
f 4115/4740/3961 4127/4753/3973 4126/4752/3972 4114/4739/3960
f 4116/4742/3962 4128/4755/3974 4127/4754/3973 4115/4741/3961
f 4117/4743/3963 4129/4756/3975 4128/4755/3974 4116/4742/3962
f 4118/4744/3964 4130/4757/3976 4129/4756/3975 4117/4743/3963
f 4119/4745/3965 4131/4758/3977 4130/4757/3976 4118/4744/3964
f 4120/4746/3966 4132/4759/3978 4131/4758/3977 4119/4745/3965
f 4121/4747/3967 4133/4760/3979 4132/4759/3978 4120/4746/3966
f 4122/4748/3968 4134/4761/3980 4133/4760/3979 4121/4747/3967
f 4123/4749/3969 4135/4762/3981 4134/4761/3980 4122/4748/3968
f 4124/4750/3959 4136/4763/3971 4135/4762/3981 4123/4749/3969
f 4125/4751/3970 4137/4764/3982 4148/4776/3983 4136/4763/3971
f 4126/4752/3972 4138/4765/3984 4137/4764/3982 4125/4751/3970
f 4127/4753/3973 4139/4766/3985 4138/4765/3984 4126/4752/3972
f 4128/4755/3974 4140/4768/3986 4139/4767/3985 4127/4754/3973
f 4129/4756/3975 4141/4769/3987 4140/4768/3986 4128/4755/3974
f 4130/4757/3976 4142/4770/3988 4141/4769/3987 4129/4756/3975
f 4131/4758/3977 4143/4771/3989 4142/4770/3988 4130/4757/3976
f 4132/4759/3978 4144/4772/3990 4143/4771/3989 4131/4758/3977
f 4133/4760/3979 4145/4773/3991 4144/4772/3990 4132/4759/3978
f 4134/4761/3980 4146/4774/3992 4145/4773/3991 4133/4760/3979
f 4135/4762/3981 4147/4775/3993 4146/4774/3992 4134/4761/3980
f 4136/4763/3971 4148/4776/3983 4147/4775/3993 4135/4762/3981
f 4137/4764/3982 4149/4777/3994 4160/4789/3983 4148/4776/3983
f 4138/4765/3984 4150/4778/3995 4149/4777/3994 4137/4764/3982
f 4139/4766/3985 4151/4779/3996 4150/4778/3995 4138/4765/3984
f 4140/4768/3986 4152/4781/3997 4151/4780/3996 4139/4767/3985
f 4141/4769/3987 4153/4782/3998 4152/4781/3997 4140/4768/3986
f 4142/4770/3988 4154/4783/3988 4153/4782/3998 4141/4769/3987
f 4143/4771/3989 4155/4784/3999 4154/4783/3988 4142/4770/3988
f 4144/4772/3990 4156/4785/4000 4155/4784/3999 4143/4771/3989
f 4145/4773/3991 4157/4786/4001 4156/4785/4000 4144/4772/3990
f 4146/4774/3992 4158/4787/4002 4157/4786/4001 4145/4773/3991
f 4147/4775/3993 4159/4788/4003 4158/4787/4002 4146/4774/3992
f 4148/4776/3983 4160/4789/3983 4159/4788/4003 4147/4775/3993
f 4149/4777/3994 4161/4790/4004 4172/4802/4005 4160/4789/3983
f 4150/4778/3995 4162/4791/4006 4161/4790/4004 4149/4777/3994
f 4151/4779/3996 4163/4792/4007 4162/4791/4006 4150/4778/3995
f 4152/4781/3997 4164/4794/4008 4163/4793/4007 4151/4780/3996
f 4153/4782/3998 4165/4795/4009 4164/4794/4008 4152/4781/3997
f 4154/4783/3988 4166/4796/4010 4165/4795/4009 4153/4782/3998
f 4155/4784/3999 4167/4797/4011 4166/4796/4010 4154/4783/3988
f 4156/4785/4000 4168/4798/4012 4167/4797/4011 4155/4784/3999
f 4157/4786/4001 4169/4799/4013 4168/4798/4012 4156/4785/4000
f 4158/4787/4002 4170/4800/4014 4169/4799/4013 4157/4786/4001
f 4159/4788/4003 4171/4801/4015 4170/4800/4014 4158/4787/4002
f 4160/4789/3983 4172/4802/4005 4171/4801/4015 4159/4788/4003
f 4161/4790/4004 4173/4803/4016 4184/4815/4017 4172/4802/4005
f 4162/4791/4006 4174/4804/4018 4173/4803/4016 4161/4790/4004
f 4163/4792/4007 4175/4805/4019 4174/4804/4018 4162/4791/4006
f 4164/4794/4008 4176/4807/4020 4175/4806/4019 4163/4793/4007
f 4165/4795/4009 4177/4808/4021 4176/4807/4020 4164/4794/4008
f 4166/4796/4010 4178/4809/4022 4177/4808/4021 4165/4795/4009
f 4167/4797/4011 4179/4810/4023 4178/4809/4022 4166/4796/4010
f 4168/4798/4012 4180/4811/4024 4179/4810/4023 4167/4797/4011
f 4169/4799/4013 4181/4812/4025 4180/4811/4024 4168/4798/4012
f 4170/4800/4014 4182/4813/4026 4181/4812/4025 4169/4799/4013
f 4171/4801/4015 4183/4814/4027 4182/4813/4026 4170/4800/4014
f 4172/4802/4005 4184/4815/4017 4183/4814/4027 4171/4801/4015
f 4173/4803/4016 4185/4816/4028 4196/4828/4029 4184/4815/4017
f 4174/4804/4018 4186/4817/4030 4185/4816/4028 4173/4803/4016
f 4175/4805/4019 4187/4818/4031 4186/4817/4030 4174/4804/4018
f 4176/4807/4020 4188/4820/4032 4187/4819/4031 4175/4806/4019
f 4177/4808/4021 4189/4821/4033 4188/4820/4032 4176/4807/4020
f 4178/4809/4022 4190/4822/4034 4189/4821/4033 4177/4808/4021
f 4179/4810/4023 4191/4823/4035 4190/4822/4034 4178/4809/4022
f 4180/4811/4024 4192/4824/4036 4191/4823/4035 4179/4810/4023
f 4181/4812/4025 4193/4825/4037 4192/4824/4036 4180/4811/4024
f 4182/4813/4026 4194/4826/4038 4193/4825/4037 4181/4812/4025
f 4183/4814/4027 4195/4827/4039 4194/4826/4038 4182/4813/4026
f 4184/4815/4017 4196/4828/4029 4195/4827/4039 4183/4814/4027
f 4185/4816/4028 4197/4829/4040 4208/4841/4041 4196/4828/4029
f 4186/4817/4030 4198/4830/4042 4197/4829/4040 4185/4816/4028
f 4187/4818/4031 4199/4831/4043 4198/4830/4042 4186/4817/4030
f 4188/4820/4032 4200/4833/4044 4199/4832/4043 4187/4819/4031
f 4189/4821/4033 4201/4834/4045 4200/4833/4044 4188/4820/4032
f 4190/4822/4034 4202/4835/4046 4201/4834/4045 4189/4821/4033
f 4191/4823/4035 4203/4836/4047 4202/4835/4046 4190/4822/4034
f 4192/4824/4036 4204/4837/4048 4203/4836/4047 4191/4823/4035
f 4193/4825/4037 4205/4838/4049 4204/4837/4048 4192/4824/4036
f 4194/4826/4038 4206/4839/4050 4205/4838/4049 4193/4825/4037
f 4195/4827/4039 4207/4840/4051 4206/4839/4050 4194/4826/4038
f 4196/4828/4029 4208/4841/4041 4207/4840/4051 4195/4827/4039
f 4197/4829/4040 4209/4842/4052 4220/4854/4053 4208/4841/4041
f 4198/4830/4042 4210/4843/4054 4209/4842/4052 4197/4829/4040
f 4199/4831/4043 4211/4844/4055 4210/4843/4054 4198/4830/4042
f 4200/4833/4044 4212/4846/4056 4211/4845/4055 4199/4832/4043
f 4201/4834/4045 4213/4847/4057 4212/4846/4056 4200/4833/4044
f 4202/4835/4046 4214/4848/4058 4213/4847/4057 4201/4834/4045
f 4203/4836/4047 4215/4849/4059 4214/4848/4058 4202/4835/4046
f 4204/4837/4048 4216/4850/4060 4215/4849/4059 4203/4836/4047
f 4205/4838/4049 4217/4851/4061 4216/4850/4060 4204/4837/4048
f 4206/4839/4050 4218/4852/4062 4217/4851/4061 4205/4838/4049
f 4207/4840/4051 4219/4853/4063 4218/4852/4062 4206/4839/4050
f 4208/4841/4041 4220/4854/4053 4219/4853/4063 4207/4840/4051
f 4209/4842/4052 4221/4855/4064 4232/4867/4065 4220/4854/4053
f 4210/4843/4054 4222/4856/4066 4221/4855/4064 4209/4842/4052
f 4211/4844/4055 4223/4857/4067 4222/4856/4066 4210/4843/4054
f 4212/4846/4056 4224/4859/4068 4223/4858/4067 4211/4845/4055
f 4213/4847/4057 4225/4860/4069 4224/4859/4068 4212/4846/4056
f 4214/4848/4058 4226/4861/4070 4225/4860/4069 4213/4847/4057
f 4215/4849/4059 4227/4862/4071 4226/4861/4070 4214/4848/4058
f 4216/4850/4060 4228/4863/4072 4227/4862/4071 4215/4849/4059
f 4217/4851/4061 4229/4864/4073 4228/4863/4072 4216/4850/4060
f 4218/4852/4062 4230/4865/4074 4229/4864/4073 4217/4851/4061
f 4219/4853/4063 4231/4866/4075 4230/4865/4074 4218/4852/4062
f 4220/4854/4053 4232/4867/4065 4231/4866/4075 4219/4853/4063
f 4221/4855/4064 4233/4868/4076 4244/4880/4077 4232/4867/4065
f 4222/4856/4066 4234/4869/4078 4233/4868/4076 4221/4855/4064
f 4223/4857/4067 4235/4870/4079 4234/4869/4078 4222/4856/4066
f 4224/4859/4068 4236/4872/4080 4235/4871/4079 4223/4858/4067
f 4225/4860/4069 4237/4873/4081 4236/4872/4080 4224/4859/4068
f 4226/4861/4070 4238/4874/4082 4237/4873/4081 4225/4860/4069
f 4227/4862/4071 4239/4875/4083 4238/4874/4082 4226/4861/4070
f 4228/4863/4072 4240/4876/4084 4239/4875/4083 4227/4862/4071
f 4229/4864/4073 4241/4877/4085 4240/4876/4084 4228/4863/4072
f 4230/4865/4074 4242/4878/4086 4241/4877/4085 4229/4864/4073
f 4231/4866/4075 4243/4879/4087 4242/4878/4086 4230/4865/4074
f 4232/4867/4065 4244/4880/4077 4243/4879/4087 4231/4866/4075
f 4233/4868/4076 4245/4881/4088 4256/4893/4089 4244/4880/4077
f 4234/4869/4078 4246/4882/4090 4245/4881/4088 4233/4868/4076
f 4235/4870/4079 4247/4883/4091 4246/4882/4090 4234/4869/4078
f 4236/4872/4080 4248/4885/4092 4247/4884/4091 4235/4871/4079
f 4237/4873/4081 4249/4886/4093 4248/4885/4092 4236/4872/4080
f 4238/4874/4082 4250/4887/4094 4249/4886/4093 4237/4873/4081
f 4239/4875/4083 4251/4888/4095 4250/4887/4094 4238/4874/4082
f 4240/4876/4084 4252/4889/4096 4251/4888/4095 4239/4875/4083
f 4241/4877/4085 4253/4890/4097 4252/4889/4096 4240/4876/4084
f 4242/4878/4086 4254/4891/4098 4253/4890/4097 4241/4877/4085
f 4243/4879/4087 4255/4892/4099 4254/4891/4098 4242/4878/4086
f 4244/4880/4077 4256/4893/4089 4255/4892/4099 4243/4879/4087
f 4245/4881/4088 4257/4894/4100 4268/4906/4101 4256/4893/4089
f 4246/4882/4090 4258/4895/4102 4257/4894/4100 4245/4881/4088
f 4247/4883/4091 4259/4896/4103 4258/4895/4102 4246/4882/4090
f 4248/4885/4092 4260/4898/4104 4259/4897/4103 4247/4884/4091
f 4249/4886/4093 4261/4899/4105 4260/4898/4104 4248/4885/4092
f 4250/4887/4094 4262/4900/4106 4261/4899/4105 4249/4886/4093
f 4251/4888/4095 4263/4901/4107 4262/4900/4106 4250/4887/4094
f 4252/4889/4096 4264/4902/4108 4263/4901/4107 4251/4888/4095
f 4253/4890/4097 4265/4903/4109 4264/4902/4108 4252/4889/4096
f 4254/4891/4098 4266/4904/4110 4265/4903/4109 4253/4890/4097
f 4255/4892/4099 4267/4905/4111 4266/4904/4110 4254/4891/4098
f 4256/4893/4089 4268/4906/4101 4267/4905/4111 4255/4892/4099
f 4257/4894/4100 4269/4907/4112 4280/4919/4113 4268/4906/4101
f 4258/4895/4102 4270/4908/4114 4269/4907/4112 4257/4894/4100
f 4259/4896/4103 4271/4909/4115 4270/4908/4114 4258/4895/4102
f 4260/4898/4104 4272/4911/4116 4271/4910/4115 4259/4897/4103
f 4261/4899/4105 4273/4912/4117 4272/4911/4116 4260/4898/4104
f 4262/4900/4106 4274/4913/4118 4273/4912/4117 4261/4899/4105
f 4263/4901/4107 4275/4914/4119 4274/4913/4118 4262/4900/4106
f 4264/4902/4108 4276/4915/4120 4275/4914/4119 4263/4901/4107
f 4265/4903/4109 4277/4916/4121 4276/4915/4120 4264/4902/4108
f 4266/4904/4110 4278/4917/4122 4277/4916/4121 4265/4903/4109
f 4267/4905/4111 4279/4918/4123 4278/4917/4122 4266/4904/4110
f 4268/4906/4101 4280/4919/4113 4279/4918/4123 4267/4905/4111
f 4269/4907/4112 4281/4920/4124 4292/4932/4125 4280/4919/4113
f 4270/4908/4114 4282/4921/4126 4281/4920/4124 4269/4907/4112
f 4271/4909/4115 4283/4923/4127 4282/4921/4126 4270/4908/4114
f 4272/4911/4116 4284/4924/4128 4283/4922/4127 4271/4910/4115
f 4273/4912/4117 4285/4925/4129 4284/4924/4128 4272/4911/4116
f 4274/4913/4118 4286/4926/4130 4285/4925/4129 4273/4912/4117
f 4275/4914/4119 4287/4927/4131 4286/4926/4130 4274/4913/4118
f 4276/4915/4120 4288/4928/4132 4287/4927/4131 4275/4914/4119
f 4277/4916/4121 4289/4929/4133 4288/4928/4132 4276/4915/4120
f 4278/4917/4122 4290/4930/4134 4289/4929/4133 4277/4916/4121
f 4279/4918/4123 4291/4931/4135 4290/4930/4134 4278/4917/4122
f 4280/4919/4113 4292/4932/4125 4291/4931/4135 4279/4918/4123
f 4281/4920/4124 5581/6380/4136 5604/6417/4137 4292/4932/4125
f 4284/4924/4128 5587/6392/4138 5585/6387/4139 4283/4922/4127
f 4285/4925/4129 5589/6395/4140 5587/6392/4138 4284/4924/4128
f 4286/4926/4130 5591/6398/4141 5589/6395/4140 4285/4925/4129
f 4287/4927/4131 5594/6402/4142 5591/6398/4141 4286/4926/4130
f 4288/4928/4132 5596/6405/4143 5594/6402/4142 4287/4927/4131
f 4289/4929/4133 5598/6408/4144 5596/6405/4143 4288/4928/4132
f 4290/4930/4134 5600/6411/4145 5598/6408/4144 4289/4929/4133
f 4291/4931/4135 5602/6414/4146 5600/6411/4145 4290/4930/4134
f 4292/4932/4125 5604/6417/4137 5602/6414/4146 4291/4931/4135
f 4678/5350/4147 5608/6423/4148 5606/6420/4149 4677/5349/4150
f 5508/6263/4151 4294/4934/4152 4293/4933/4153 5506/6260/4154
f 5510/6266/4155 4295/4935/4156 4294/4934/4152 5508/6263/4151
f 5512/6272/4157 4296/4937/4158 4295/4936/4156 5510/6267/4155
f 5514/6275/4159 4297/4938/4160 4296/4937/4158 5512/6272/4157
f 5517/6279/4161 4298/4939/4162 4297/4938/4160 5514/6275/4159
f 5519/6282/4163 4299/4940/4164 4298/4939/4162 5517/6279/4161
f 5521/6285/4165 4300/4941/4166 4299/4940/4164 5519/6282/4163
f 5523/6288/4167 4301/4942/4168 4300/4941/4166 5521/6285/4165
f 5525/6291/4169 4302/4943/4170 4301/4942/4168 5523/6288/4167
f 5527/6294/4171 4303/4944/4172 4302/4943/4170 5525/6291/4169
f 5529/6297/4173 4304/4945/4174 4303/4944/4172 5527/6294/4171
f 4293/4933/4153 4305/4946/4175 4316/4958/4176 4304/4945/4174
f 4294/4934/4152 4306/4947/4177 4305/4946/4175 4293/4933/4153
f 4295/4935/4156 4307/4948/4178 4306/4947/4177 4294/4934/4152
f 4296/4937/4158 4308/4950/4179 4307/4949/4178 4295/4936/4156
f 4297/4938/4160 4309/4951/4180 4308/4950/4179 4296/4937/4158
f 4298/4939/4162 4310/4952/4181 4309/4951/4180 4297/4938/4160
f 4299/4940/4164 4311/4953/4182 4310/4952/4181 4298/4939/4162
f 4300/4941/4166 4312/4954/4183 4311/4953/4182 4299/4940/4164
f 4301/4942/4168 4313/4955/4184 4312/4954/4183 4300/4941/4166
f 4302/4943/4170 4314/4956/4185 4313/4955/4184 4301/4942/4168
f 4303/4944/4172 4315/4957/4186 4314/4956/4185 4302/4943/4170
f 4304/4945/4174 4316/4958/4176 4315/4957/4186 4303/4944/4172
f 4305/4946/4175 4317/4959/4187 4328/4971/4188 4316/4958/4176
f 4306/4947/4177 4318/4960/4189 4317/4959/4187 4305/4946/4175
f 4307/4948/4178 4319/4961/4190 4318/4960/4189 4306/4947/4177
f 4308/4950/4179 4320/4963/4191 4319/4962/4190 4307/4949/4178
f 4309/4951/4180 4321/4964/4192 4320/4963/4191 4308/4950/4179
f 4310/4952/4181 4322/4965/4193 4321/4964/4192 4309/4951/4180
f 4311/4953/4182 4323/4966/4194 4322/4965/4193 4310/4952/4181
f 4312/4954/4183 4324/4967/4195 4323/4966/4194 4311/4953/4182
f 4313/4955/4184 4325/4968/4196 4324/4967/4195 4312/4954/4183
f 4314/4956/4185 4326/4969/4197 4325/4968/4196 4313/4955/4184
f 4315/4957/4186 4327/4970/4198 4326/4969/4197 4314/4956/4185
f 4316/4958/4176 4328/4971/4188 4327/4970/4198 4315/4957/4186
f 4317/4959/4187 4329/4972/4199 4340/4984/4200 4328/4971/4188
f 4318/4960/4189 4330/4973/4201 4329/4972/4199 4317/4959/4187
f 4319/4961/4190 4331/4974/4202 4330/4973/4201 4318/4960/4189
f 4320/4963/4191 4332/4976/4203 4331/4975/4202 4319/4962/4190
f 4321/4964/4192 4333/4977/4204 4332/4976/4203 4320/4963/4191
f 4322/4965/4193 4334/4978/4205 4333/4977/4204 4321/4964/4192
f 4323/4966/4194 4335/4979/4206 4334/4978/4205 4322/4965/4193
f 4324/4967/4195 4336/4980/4207 4335/4979/4206 4323/4966/4194
f 4325/4968/4196 4337/4981/4208 4336/4980/4207 4324/4967/4195
f 4326/4969/4197 4338/4982/4209 4337/4981/4208 4325/4968/4196
f 4327/4970/4198 4339/4983/4210 4338/4982/4209 4326/4969/4197
f 4328/4971/4188 4340/4984/4200 4339/4983/4210 4327/4970/4198
f 4329/4972/4199 4341/4985/4211 4352/4997/4212 4340/4984/4200
f 4330/4973/4201 4342/4986/4213 4341/4985/4211 4329/4972/4199
f 4331/4974/4202 4343/4987/4214 4342/4986/4213 4330/4973/4201
f 4332/4976/4203 4344/4989/4215 4343/4988/4214 4331/4975/4202
f 4333/4977/4204 4345/4990/4216 4344/4989/4215 4332/4976/4203
f 4334/4978/4205 4346/4991/4217 4345/4990/4216 4333/4977/4204
f 4335/4979/4206 4347/4992/4218 4346/4991/4217 4334/4978/4205
f 4336/4980/4207 4348/4993/4219 4347/4992/4218 4335/4979/4206
f 4337/4981/4208 4349/4994/4220 4348/4993/4219 4336/4980/4207
f 4338/4982/4209 4350/4995/4221 4349/4994/4220 4337/4981/4208
f 4339/4983/4210 4351/4996/4222 4350/4995/4221 4338/4982/4209
f 4340/4984/4200 4352/4997/4212 4351/4996/4222 4339/4983/4210
f 4341/4985/4211 4353/4998/4223 4364/5010/4224 4352/4997/4212
f 4342/4986/4213 4354/4999/4225 4353/4998/4223 4341/4985/4211
f 4343/4987/4214 4355/5000/4226 4354/4999/4225 4342/4986/4213
f 4344/4989/4215 4356/5002/4227 4355/5001/4226 4343/4988/4214
f 4345/4990/4216 4357/5003/4228 4356/5002/4227 4344/4989/4215
f 4346/4991/4217 4358/5004/4229 4357/5003/4228 4345/4990/4216
f 4347/4992/4218 4359/5005/4230 4358/5004/4229 4346/4991/4217
f 4348/4993/4219 4360/5006/4231 4359/5005/4230 4347/4992/4218
f 4349/4994/4220 4361/5007/4232 4360/5006/4231 4348/4993/4219
f 4350/4995/4221 4362/5008/4233 4361/5007/4232 4349/4994/4220
f 4351/4996/4222 4363/5009/4234 4362/5008/4233 4350/4995/4221
f 4352/4997/4212 4364/5010/4224 4363/5009/4234 4351/4996/4222
f 4353/4998/4223 4365/5011/4235 4376/5023/4236 4364/5010/4224
f 4354/4999/4225 4366/5012/4237 4365/5011/4235 4353/4998/4223
f 4355/5000/4226 4367/5013/4238 4366/5012/4237 4354/4999/4225
f 4356/5002/4227 4368/5015/4239 4367/5014/4238 4355/5001/4226
f 4357/5003/4228 4369/5016/4240 4368/5015/4239 4356/5002/4227
f 4358/5004/4229 4370/5017/4241 4369/5016/4240 4357/5003/4228
f 4359/5005/4230 4371/5018/4242 4370/5017/4241 4358/5004/4229
f 4360/5006/4231 4372/5019/4243 4371/5018/4242 4359/5005/4230
f 4361/5007/4232 4373/5020/4244 4372/5019/4243 4360/5006/4231
f 4362/5008/4233 4374/5021/4245 4373/5020/4244 4361/5007/4232
f 4363/5009/4234 4375/5022/4246 4374/5021/4245 4362/5008/4233
f 4364/5010/4224 4376/5023/4236 4375/5022/4246 4363/5009/4234
f 4365/5011/4235 4377/5024/4247 4388/5036/4248 4376/5023/4236
f 4366/5012/4237 4378/5025/4249 4377/5024/4247 4365/5011/4235
f 4367/5013/4238 4379/5026/4250 4378/5025/4249 4366/5012/4237
f 4368/5015/4239 4380/5028/4251 4379/5027/4250 4367/5014/4238
f 4369/5016/4240 4381/5029/4252 4380/5028/4251 4368/5015/4239
f 4370/5017/4241 4382/5030/4253 4381/5029/4252 4369/5016/4240
f 4371/5018/4242 4383/5031/4254 4382/5030/4253 4370/5017/4241
f 4372/5019/4243 4384/5032/4255 4383/5031/4254 4371/5018/4242
f 4373/5020/4244 4385/5033/4256 4384/5032/4255 4372/5019/4243
f 4374/5021/4245 4386/5034/4257 4385/5033/4256 4373/5020/4244
f 4375/5022/4246 4387/5035/4258 4386/5034/4257 4374/5021/4245
f 4376/5023/4236 4388/5036/4248 4387/5035/4258 4375/5022/4246
f 4377/5024/4247 4389/5037/4259 4400/5049/4260 4388/5036/4248
f 4378/5025/4249 4390/5038/4261 4389/5037/4259 4377/5024/4247
f 4379/5026/4250 4391/5039/694 4390/5038/4261 4378/5025/4249
f 4380/5028/4251 4392/5041/4262 4391/5040/694 4379/5027/4250
f 4381/5029/4252 4393/5042/4263 4392/5041/4262 4380/5028/4251
f 4382/5030/4253 4394/5043/4264 4393/5042/4263 4381/5029/4252
f 4383/5031/4254 4395/5044/4265 4394/5043/4264 4382/5030/4253
f 4384/5032/4255 4396/5045/4266 4395/5044/4265 4383/5031/4254
f 4385/5033/4256 4397/5046/4267 4396/5045/4266 4384/5032/4255
f 4386/5034/4257 4398/5047/4268 4397/5046/4267 4385/5033/4256
f 4387/5035/4258 4399/5048/4269 4398/5047/4268 4386/5034/4257
f 4388/5036/4248 4400/5049/4260 4399/5048/4269 4387/5035/4258
f 4389/5037/4259 4401/5050/4270 4412/5062/4271 4400/5049/4260
f 4390/5038/4261 4402/5051/4272 4401/5050/4270 4389/5037/4259
f 4391/5039/694 4403/5052/4273 4402/5051/4272 4390/5038/4261
f 4392/5041/4262 4404/5054/4274 4403/5053/4273 4391/5040/694
f 4393/5042/4263 4405/5055/4275 4404/5054/4274 4392/5041/4262
f 4394/5043/4264 4406/5056/4276 4405/5055/4275 4393/5042/4263
f 4395/5044/4265 4407/5057/4277 4406/5056/4276 4394/5043/4264
f 4396/5045/4266 4408/5058/4278 4407/5057/4277 4395/5044/4265
f 4397/5046/4267 4409/5059/4279 4408/5058/4278 4396/5045/4266
f 4398/5047/4268 4410/5060/4280 4409/5059/4279 4397/5046/4267
f 4399/5048/4269 4411/5061/4281 4410/5060/4280 4398/5047/4268
f 4400/5049/4260 4412/5062/4271 4411/5061/4281 4399/5048/4269
f 4401/5050/4270 4413/5063/4282 4424/5075/4283 4412/5062/4271
f 4402/5051/4272 4414/5064/4284 4413/5063/4282 4401/5050/4270
f 4403/5052/4273 4415/5065/4285 4414/5064/4284 4402/5051/4272
f 4404/5054/4274 4416/5067/4286 4415/5066/4285 4403/5053/4273
f 4405/5055/4275 4417/5068/4287 4416/5067/4286 4404/5054/4274
f 4406/5056/4276 4418/5069/4288 4417/5068/4287 4405/5055/4275
f 4407/5057/4277 4419/5070/4289 4418/5069/4288 4406/5056/4276
f 4408/5058/4278 4420/5071/4290 4419/5070/4289 4407/5057/4277
f 4409/5059/4279 4421/5072/4291 4420/5071/4290 4408/5058/4278
f 4410/5060/4280 4422/5073/4292 4421/5072/4291 4409/5059/4279
f 4411/5061/4281 4423/5074/4293 4422/5073/4292 4410/5060/4280
f 4412/5062/4271 4424/5075/4283 4423/5074/4293 4411/5061/4281
f 4413/5063/4282 4425/5076/4294 4436/5088/4295 4424/5075/4283
f 4414/5064/4284 4426/5077/4296 4425/5076/4294 4413/5063/4282
f 4415/5065/4285 4427/5078/4297 4426/5077/4296 4414/5064/4284
f 4416/5067/4286 4428/5080/4298 4427/5079/4297 4415/5066/4285
f 4417/5068/4287 4429/5081/4299 4428/5080/4298 4416/5067/4286
f 4418/5069/4288 4430/5082/4300 4429/5081/4299 4417/5068/4287
f 4419/5070/4289 4431/5083/4301 4430/5082/4300 4418/5069/4288
f 4420/5071/4290 4432/5084/4302 4431/5083/4301 4419/5070/4289
f 4421/5072/4291 4433/5085/4303 4432/5084/4302 4420/5071/4290
f 4422/5073/4292 4434/5086/4304 4433/5085/4303 4421/5072/4291
f 4423/5074/4293 4435/5087/4305 4434/5086/4304 4422/5073/4292
f 4424/5075/4283 4436/5088/4295 4435/5087/4305 4423/5074/4293
f 4425/5076/4294 4437/5089/4306 4448/5101/4307 4436/5088/4295
f 4426/5077/4296 4438/5090/4308 4437/5089/4306 4425/5076/4294
f 4427/5078/4297 4439/5091/4309 4438/5090/4308 4426/5077/4296
f 4428/5080/4298 4440/5093/4310 4439/5092/4309 4427/5079/4297
f 4429/5081/4299 4441/5094/4311 4440/5093/4310 4428/5080/4298
f 4430/5082/4300 4442/5095/4312 4441/5094/4311 4429/5081/4299
f 4431/5083/4301 4443/5096/4313 4442/5095/4312 4430/5082/4300
f 4432/5084/4302 4444/5097/4314 4443/5096/4313 4431/5083/4301
f 4433/5085/4303 4445/5098/4315 4444/5097/4314 4432/5084/4302
f 4434/5086/4304 4446/5099/4316 4445/5098/4315 4433/5085/4303
f 4435/5087/4305 4447/5100/4317 4446/5099/4316 4434/5086/4304
f 4436/5088/4295 4448/5101/4307 4447/5100/4317 4435/5087/4305
f 4437/5089/4306 4449/5102/4318 4460/5114/4319 4448/5101/4307
f 4438/5090/4308 4450/5103/4320 4449/5102/4318 4437/5089/4306
f 4439/5091/4309 4451/5104/4321 4450/5103/4320 4438/5090/4308
f 4440/5093/4310 4452/5106/4322 4451/5105/4321 4439/5092/4309
f 4441/5094/4311 4453/5107/4323 4452/5106/4322 4440/5093/4310
f 4442/5095/4312 4454/5108/4324 4453/5107/4323 4441/5094/4311
f 4443/5096/4313 4455/5109/4325 4454/5108/4324 4442/5095/4312
f 4444/5097/4314 4456/5110/4326 4455/5109/4325 4443/5096/4313
f 4445/5098/4315 4457/5111/4327 4456/5110/4326 4444/5097/4314
f 4446/5099/4316 4458/5112/4328 4457/5111/4327 4445/5098/4315
f 4447/5100/4317 4459/5113/4329 4458/5112/4328 4446/5099/4316
f 4448/5101/4307 4460/5114/4319 4459/5113/4329 4447/5100/4317
f 4449/5102/4318 4461/5115/4330 4472/5127/4331 4460/5114/4319
f 4450/5103/4320 4462/5116/4332 4461/5115/4330 4449/5102/4318
f 4451/5104/4321 4463/5117/4333 4462/5116/4332 4450/5103/4320
f 4452/5106/4322 4464/5119/4334 4463/5118/4333 4451/5105/4321
f 4453/5107/4323 4465/5120/4335 4464/5119/4334 4452/5106/4322
f 4454/5108/4324 4466/5121/4336 4465/5120/4335 4453/5107/4323
f 4455/5109/4325 4467/5122/4337 4466/5121/4336 4454/5108/4324
f 4456/5110/4326 4468/5123/4338 4467/5122/4337 4455/5109/4325
f 4457/5111/4327 4469/5124/4339 4468/5123/4338 4456/5110/4326
f 4458/5112/4328 4470/5125/4340 4469/5124/4339 4457/5111/4327
f 4459/5113/4329 4471/5126/4341 4470/5125/4340 4458/5112/4328
f 4460/5114/4319 4472/5127/4331 4471/5126/4341 4459/5113/4329
f 4461/5115/4330 4473/5128/4342 4484/5140/4343 4472/5127/4331
f 4462/5116/4332 4474/5129/4344 4473/5128/4342 4461/5115/4330
f 4463/5117/4333 4475/5130/4345 4474/5129/4344 4462/5116/4332
f 4464/5119/4334 4476/5132/4346 4475/5131/4345 4463/5118/4333
f 4465/5120/4335 4477/5133/4347 4476/5132/4346 4464/5119/4334
f 4466/5121/4336 4478/5134/4348 4477/5133/4347 4465/5120/4335
f 4467/5122/4337 4479/5135/4349 4478/5134/4348 4466/5121/4336
f 4468/5123/4338 4480/5136/4350 4479/5135/4349 4467/5122/4337
f 4469/5124/4339 4481/5137/4351 4480/5136/4350 4468/5123/4338
f 4470/5125/4340 4482/5138/4352 4481/5137/4351 4469/5124/4339
f 4471/5126/4341 4483/5139/4353 4482/5138/4352 4470/5125/4340
f 4472/5127/4331 4484/5140/4343 4483/5139/4353 4471/5126/4341
f 4473/5128/4342 4485/5141/4354 4496/5153/4355 4484/5140/4343
f 4474/5129/4344 4486/5142/4356 4485/5141/4354 4473/5128/4342
f 4475/5130/4345 4487/5143/4357 4486/5142/4356 4474/5129/4344
f 4476/5132/4346 4488/5145/4358 4487/5144/4357 4475/5131/4345
f 4477/5133/4347 4489/5146/4359 4488/5145/4358 4476/5132/4346
f 4478/5134/4348 4490/5147/4360 4489/5146/4359 4477/5133/4347
f 4479/5135/4349 4491/5148/4361 4490/5147/4360 4478/5134/4348
f 4480/5136/4350 4492/5149/4362 4491/5148/4361 4479/5135/4349
f 4481/5137/4351 4493/5150/4363 4492/5149/4362 4480/5136/4350
f 4482/5138/4352 4494/5151/4364 4493/5150/4363 4481/5137/4351
f 4483/5139/4353 4495/5152/4365 4494/5151/4364 4482/5138/4352
f 4484/5140/4343 4496/5153/4355 4495/5152/4365 4483/5139/4353
f 4485/5141/4354 4497/5154/4366 4508/5166/4367 4496/5153/4355
f 4486/5142/4356 4498/5155/4368 4497/5154/4366 4485/5141/4354
f 4487/5143/4357 4499/5156/4369 4498/5155/4368 4486/5142/4356
f 4488/5145/4358 4500/5158/4370 4499/5157/4369 4487/5144/4357
f 4489/5146/4359 4501/5159/4371 4500/5158/4370 4488/5145/4358
f 4490/5147/4360 4502/5160/4372 4501/5159/4371 4489/5146/4359
f 4491/5148/4361 4503/5161/4373 4502/5160/4372 4490/5147/4360
f 4492/5149/4362 4504/5162/4374 4503/5161/4373 4491/5148/4361
f 4493/5150/4363 4505/5163/4375 4504/5162/4374 4492/5149/4362
f 4494/5151/4364 4506/5164/4376 4505/5163/4375 4493/5150/4363
f 4495/5152/4365 4507/5165/4377 4506/5164/4376 4494/5151/4364
f 4496/5153/4355 4508/5166/4367 4507/5165/4377 4495/5152/4365
f 4497/5154/4366 4509/5167/4378 4520/5179/4379 4508/5166/4367
f 4498/5155/4368 4510/5168/4380 4509/5167/4378 4497/5154/4366
f 4499/5156/4369 4511/5169/4381 4510/5168/4380 4498/5155/4368
f 4500/5158/4370 4512/5171/4382 4511/5170/4381 4499/5157/4369
f 4501/5159/4371 4513/5172/4383 4512/5171/4382 4500/5158/4370
f 4502/5160/4372 4514/5173/4384 4513/5172/4383 4501/5159/4371
f 4503/5161/4373 4515/5174/4385 4514/5173/4384 4502/5160/4372
f 4504/5162/4374 4516/5175/4386 4515/5174/4385 4503/5161/4373
f 4505/5163/4375 4517/5176/4387 4516/5175/4386 4504/5162/4374
f 4506/5164/4376 4518/5177/4388 4517/5176/4387 4505/5163/4375
f 4507/5165/4377 4519/5178/4389 4518/5177/4388 4506/5164/4376
f 4508/5166/4367 4520/5179/4379 4519/5178/4389 4507/5165/4377
f 4509/5167/4378 4521/5180/4390 4532/5192/4391 4520/5179/4379
f 4510/5168/4380 4522/5181/4392 4521/5180/4390 4509/5167/4378
f 4511/5169/4381 4523/5182/4393 4522/5181/4392 4510/5168/4380
f 4512/5171/4382 4524/5184/4394 4523/5183/4393 4511/5170/4381
f 4513/5172/4383 4525/5185/4395 4524/5184/4394 4512/5171/4382
f 4514/5173/4384 4526/5186/4396 4525/5185/4395 4513/5172/4383
f 4515/5174/4385 4527/5187/4397 4526/5186/4396 4514/5173/4384
f 4516/5175/4386 4528/5188/4398 4527/5187/4397 4515/5174/4385
f 4517/5176/4387 4529/5189/4399 4528/5188/4398 4516/5175/4386
f 4518/5177/4388 4530/5190/4400 4529/5189/4399 4517/5176/4387
f 4519/5178/4389 4531/5191/4401 4530/5190/4400 4518/5177/4388
f 4520/5179/4379 4532/5192/4391 4531/5191/4401 4519/5178/4389
f 4521/5180/4390 4533/5193/4402 4544/5205/4403 4532/5192/4391
f 4522/5181/4392 4534/5194/4404 4533/5193/4402 4521/5180/4390
f 4523/5182/4393 4535/5195/4405 4534/5194/4404 4522/5181/4392
f 4524/5184/4394 4536/5197/4406 4535/5196/4405 4523/5183/4393
f 4525/5185/4395 4537/5198/4407 4536/5197/4406 4524/5184/4394
f 4526/5186/4396 4538/5199/4408 4537/5198/4407 4525/5185/4395
f 4527/5187/4397 4539/5200/4409 4538/5199/4408 4526/5186/4396
f 4528/5188/4398 4540/5201/4410 4539/5200/4409 4527/5187/4397
f 4529/5189/4399 4541/5202/4411 4540/5201/4410 4528/5188/4398
f 4530/5190/4400 4542/5203/4412 4541/5202/4411 4529/5189/4399
f 4531/5191/4401 4543/5204/4413 4542/5203/4412 4530/5190/4400
f 4532/5192/4391 4544/5205/4403 4543/5204/4413 4531/5191/4401
f 4533/5193/4402 4545/5206/4414 4556/5218/4403 4544/5205/4403
f 4534/5194/4404 4546/5207/4415 4545/5206/4414 4533/5193/4402
f 4535/5195/4405 4547/5208/4416 4546/5207/4415 4534/5194/4404
f 4536/5197/4406 4548/5210/4417 4547/5209/4416 4535/5196/4405
f 4537/5198/4407 4549/5211/4418 4548/5210/4417 4536/5197/4406
f 4538/5199/4408 4550/5212/4408 4549/5211/4418 4537/5198/4407
f 4539/5200/4409 4551/5213/4419 4550/5212/4408 4538/5199/4408
f 4540/5201/4410 4552/5214/4420 4551/5213/4419 4539/5200/4409
f 4541/5202/4411 4553/5215/4421 4552/5214/4420 4540/5201/4410
f 4542/5203/4412 4554/5216/4422 4553/5215/4421 4541/5202/4411
f 4543/5204/4413 4555/5217/4423 4554/5216/4422 4542/5203/4412
f 4544/5205/4403 4556/5218/4403 4555/5217/4423 4543/5204/4413
f 4545/5206/4414 4557/5219/4424 4568/5231/4425 4556/5218/4403
f 4546/5207/4415 4558/5220/4426 4557/5219/4424 4545/5206/4414
f 4547/5208/4416 4559/5221/4427 4558/5220/4426 4546/5207/4415
f 4548/5210/4417 4560/5223/4428 4559/5222/4427 4547/5209/4416
f 4549/5211/4418 4561/5224/4429 4560/5223/4428 4548/5210/4417
f 4550/5212/4408 4562/5225/4430 4561/5224/4429 4549/5211/4418
f 4551/5213/4419 4563/5226/4431 4562/5225/4430 4550/5212/4408
f 4552/5214/4420 4564/5227/4432 4563/5226/4431 4551/5213/4419
f 4553/5215/4421 4565/5228/4433 4564/5227/4432 4552/5214/4420
f 4554/5216/4422 4566/5229/4434 4565/5228/4433 4553/5215/4421
f 4555/5217/4423 4567/5230/4435 4566/5229/4434 4554/5216/4422
f 4556/5218/4403 4568/5231/4425 4567/5230/4435 4555/5217/4423
f 4557/5219/4424 4569/5232/4436 4580/5244/4437 4568/5231/4425
f 4558/5220/4426 4570/5233/4438 4569/5232/4436 4557/5219/4424
f 4559/5221/4427 4571/5234/4439 4570/5233/4438 4558/5220/4426
f 4560/5223/4428 4572/5236/4440 4571/5235/4439 4559/5222/4427
f 4561/5224/4429 4573/5237/4441 4572/5236/4440 4560/5223/4428
f 4562/5225/4430 4574/5238/4442 4573/5237/4441 4561/5224/4429
f 4563/5226/4431 4575/5239/4443 4574/5238/4442 4562/5225/4430
f 4564/5227/4432 4576/5240/4444 4575/5239/4443 4563/5226/4431
f 4565/5228/4433 4577/5241/4445 4576/5240/4444 4564/5227/4432
f 4566/5229/4434 4578/5242/4446 4577/5241/4445 4565/5228/4433
f 4567/5230/4435 4579/5243/4447 4578/5242/4446 4566/5229/4434
f 4568/5231/4425 4580/5244/4437 4579/5243/4447 4567/5230/4435
f 4569/5232/4436 4581/5245/4448 4592/5257/4449 4580/5244/4437
f 4570/5233/4438 4582/5246/4450 4581/5245/4448 4569/5232/4436
f 4571/5234/4439 4583/5247/4451 4582/5246/4450 4570/5233/4438
f 4572/5236/4440 4584/5249/4452 4583/5248/4451 4571/5235/4439
f 4573/5237/4441 4585/5250/4453 4584/5249/4452 4572/5236/4440
f 4574/5238/4442 4586/5251/4454 4585/5250/4453 4573/5237/4441
f 4575/5239/4443 4587/5252/4455 4586/5251/4454 4574/5238/4442
f 4576/5240/4444 4588/5253/4456 4587/5252/4455 4575/5239/4443
f 4577/5241/4445 4589/5254/4457 4588/5253/4456 4576/5240/4444
f 4578/5242/4446 4590/5255/4458 4589/5254/4457 4577/5241/4445
f 4579/5243/4447 4591/5256/4459 4590/5255/4458 4578/5242/4446
f 4580/5244/4437 4592/5257/4449 4591/5256/4459 4579/5243/4447
f 4581/5245/4448 4593/5258/4460 4604/5270/4461 4592/5257/4449
f 4582/5246/4450 4594/5259/4462 4593/5258/4460 4581/5245/4448
f 4583/5247/4451 4595/5260/4463 4594/5259/4462 4582/5246/4450
f 4584/5249/4452 4596/5262/4464 4595/5261/4463 4583/5248/4451
f 4585/5250/4453 4597/5263/4465 4596/5262/4464 4584/5249/4452
f 4586/5251/4454 4598/5264/4466 4597/5263/4465 4585/5250/4453
f 4587/5252/4455 4599/5265/4467 4598/5264/4466 4586/5251/4454
f 4588/5253/4456 4600/5266/4468 4599/5265/4467 4587/5252/4455
f 4589/5254/4457 4601/5267/4469 4600/5266/4468 4588/5253/4456
f 4590/5255/4458 4602/5268/4470 4601/5267/4469 4589/5254/4457
f 4591/5256/4459 4603/5269/4471 4602/5268/4470 4590/5255/4458
f 4592/5257/4449 4604/5270/4461 4603/5269/4471 4591/5256/4459
f 4593/5258/4460 4605/5271/4472 4616/5283/4473 4604/5270/4461
f 4594/5259/4462 4606/5272/4474 4605/5271/4472 4593/5258/4460
f 4595/5260/4463 4607/5273/4475 4606/5272/4474 4594/5259/4462
f 4596/5262/4464 4608/5275/4476 4607/5274/4475 4595/5261/4463
f 4597/5263/4465 4609/5276/4477 4608/5275/4476 4596/5262/4464
f 4598/5264/4466 4610/5277/4478 4609/5276/4477 4597/5263/4465
f 4599/5265/4467 4611/5278/4479 4610/5277/4478 4598/5264/4466
f 4600/5266/4468 4612/5279/4480 4611/5278/4479 4599/5265/4467
f 4601/5267/4469 4613/5280/4481 4612/5279/4480 4600/5266/4468
f 4602/5268/4470 4614/5281/4482 4613/5280/4481 4601/5267/4469
f 4603/5269/4471 4615/5282/4483 4614/5281/4482 4602/5268/4470
f 4604/5270/4461 4616/5283/4473 4615/5282/4483 4603/5269/4471
f 4605/5271/4472 4617/5284/4484 4628/5296/4485 4616/5283/4473
f 4606/5272/4474 4618/5285/4486 4617/5284/4484 4605/5271/4472
f 4607/5273/4475 4619/5286/4487 4618/5285/4486 4606/5272/4474
f 4608/5275/4476 4620/5288/4488 4619/5287/4487 4607/5274/4475
f 4609/5276/4477 4621/5289/4489 4620/5288/4488 4608/5275/4476
f 4610/5277/4478 4622/5290/4490 4621/5289/4489 4609/5276/4477
f 4611/5278/4479 4623/5291/4491 4622/5290/4490 4610/5277/4478
f 4612/5279/4480 4624/5292/4492 4623/5291/4491 4611/5278/4479
f 4613/5280/4481 4625/5293/4493 4624/5292/4492 4612/5279/4480
f 4614/5281/4482 4626/5294/4494 4625/5293/4493 4613/5280/4481
f 4615/5282/4483 4627/5295/4495 4626/5294/4494 4614/5281/4482
f 4616/5283/4473 4628/5296/4485 4627/5295/4495 4615/5282/4483
f 4617/5284/4484 4629/5297/4496 4640/5309/4497 4628/5296/4485
f 4618/5285/4486 4630/5298/4498 4629/5297/4496 4617/5284/4484
f 4619/5286/4487 4631/5299/4499 4630/5298/4498 4618/5285/4486
f 4620/5288/4488 4632/5301/4500 4631/5300/4499 4619/5287/4487
f 4621/5289/4489 4633/5302/4501 4632/5301/4500 4620/5288/4488
f 4622/5290/4490 4634/5303/4502 4633/5302/4501 4621/5289/4489
f 4623/5291/4491 4635/5304/4503 4634/5303/4502 4622/5290/4490
f 4624/5292/4492 4636/5305/4504 4635/5304/4503 4623/5291/4491
f 4625/5293/4493 4637/5306/4505 4636/5305/4504 4624/5292/4492
f 4626/5294/4494 4638/5307/4506 4637/5306/4505 4625/5293/4493
f 4627/5295/4495 4639/5308/4507 4638/5307/4506 4626/5294/4494
f 4628/5296/4485 4640/5309/4497 4639/5308/4507 4627/5295/4495
f 4629/5297/4496 4641/5310/4508 4652/5322/4509 4640/5309/4497
f 4630/5298/4498 4642/5311/4510 4641/5310/4508 4629/5297/4496
f 4631/5299/4499 4643/5312/4511 4642/5311/4510 4630/5298/4498
f 4632/5301/4500 4644/5314/4512 4643/5313/4511 4631/5300/4499
f 4633/5302/4501 4645/5315/4513 4644/5314/4512 4632/5301/4500
f 4634/5303/4502 4646/5316/4514 4645/5315/4513 4633/5302/4501
f 4635/5304/4503 4647/5317/4515 4646/5316/4514 4634/5303/4502
f 4636/5305/4504 4648/5318/4516 4647/5317/4515 4635/5304/4503
f 4637/5306/4505 4649/5319/4517 4648/5318/4516 4636/5305/4504
f 4638/5307/4506 4650/5320/4518 4649/5319/4517 4637/5306/4505
f 4639/5308/4507 4651/5321/4519 4650/5320/4518 4638/5307/4506
f 4640/5309/4497 4652/5322/4509 4651/5321/4519 4639/5308/4507
f 4641/5310/4508 4653/5323/4520 4664/5335/4521 4652/5322/4509
f 4642/5311/4510 4654/5324/4522 4653/5323/4520 4641/5310/4508
f 4643/5312/4511 4655/5325/4523 4654/5324/4522 4642/5311/4510
f 4644/5314/4512 4656/5327/4524 4655/5326/4523 4643/5313/4511
f 4645/5315/4513 4657/5328/4525 4656/5327/4524 4644/5314/4512
f 4646/5316/4514 4658/5329/4526 4657/5328/4525 4645/5315/4513
f 4647/5317/4515 4659/5330/4527 4658/5329/4526 4646/5316/4514
f 4648/5318/4516 4660/5331/4528 4659/5330/4527 4647/5317/4515
f 4649/5319/4517 4661/5332/4529 4660/5331/4528 4648/5318/4516
f 4650/5320/4518 4662/5333/4530 4661/5332/4529 4649/5319/4517
f 4651/5321/4519 4663/5334/4531 4662/5333/4530 4650/5320/4518
f 4652/5322/4509 4664/5335/4521 4663/5334/4531 4651/5321/4519
f 4653/5323/4520 4665/5336/4532 4676/5348/4533 4664/5335/4521
f 4654/5324/4522 4666/5337/4534 4665/5336/4532 4653/5323/4520
f 4655/5325/4523 4667/5338/4535 4666/5337/4534 4654/5324/4522
f 4656/5327/4524 4668/5340/4536 4667/5339/4535 4655/5326/4523
f 4657/5328/4525 4669/5341/4537 4668/5340/4536 4656/5327/4524
f 4658/5329/4526 4670/5342/4538 4669/5341/4537 4657/5328/4525
f 4659/5330/4527 4671/5343/4539 4670/5342/4538 4658/5329/4526
f 4660/5331/4528 4672/5344/4540 4671/5343/4539 4659/5330/4527
f 4661/5332/4529 4673/5345/4541 4672/5344/4540 4660/5331/4528
f 4662/5333/4530 4674/5346/4542 4673/5345/4541 4661/5332/4529
f 4663/5334/4531 4675/5347/4543 4674/5346/4542 4662/5333/4530
f 4664/5335/4521 4676/5348/4533 4675/5347/4543 4663/5334/4531
f 4665/5336/4532 4677/5349/4150 4688/5361/4544 4676/5348/4533
f 4666/5337/4534 4678/5350/4147 4677/5349/4150 4665/5336/4532
f 4667/5338/4535 4679/5352/4545 4678/5350/4147 4666/5337/4534
f 4668/5340/4536 4680/5353/4546 4679/5351/4545 4667/5339/4535
f 4669/5341/4537 4681/5354/4547 4680/5353/4546 4668/5340/4536
f 4670/5342/4538 4682/5355/4548 4681/5354/4547 4669/5341/4537
f 4671/5343/4539 4683/5356/4549 4682/5355/4548 4670/5342/4538
f 4672/5344/4540 4684/5357/4550 4683/5356/4549 4671/5343/4539
f 4673/5345/4541 4685/5358/4551 4684/5357/4550 4672/5344/4540
f 4674/5346/4542 4686/5359/4552 4685/5358/4551 4673/5345/4541
f 4675/5347/4543 4687/5360/4553 4686/5359/4552 4674/5346/4542
f 4676/5348/4533 4688/5361/4544 4687/5360/4553 4675/5347/4543
f 4677/5349/4150 5606/6420/4149 5629/6457/4554 4688/5361/4544
f 4680/5353/4546 5612/6432/4555 5610/6427/4556 4679/5351/4545
f 4681/5354/4547 5614/6435/4557 5612/6432/4555 4680/5353/4546
f 4682/5355/4548 5616/6438/4558 5614/6435/4557 4681/5354/4547
f 4683/5356/4549 5619/6442/4559 5616/6438/4558 4682/5355/4548
f 4684/5357/4550 5621/6445/4560 5619/6442/4559 4683/5356/4549
f 4685/5358/4551 5623/6448/4561 5621/6445/4560 4684/5357/4550
f 4686/5359/4552 5625/6451/4562 5623/6448/4561 4685/5358/4551
f 4687/5360/4553 5627/6454/4563 5625/6451/4562 4686/5359/4552
f 4688/5361/4544 5629/6457/4554 5627/6454/4563 4687/5360/4553
f 5074/5779/4564 5633/6463/4565 5631/6460/4566 5073/5778/4567
f 5533/6303/4568 4690/5363/4569 4689/5362/4570 5531/6300/4571
f 5535/6306/4572 4691/5364/4573 4690/5363/4569 5533/6303/4568
f 5537/6312/4574 4692/5366/4575 4691/5365/4573 5535/6307/4572
f 5539/6315/4576 4693/5367/4577 4692/5366/4575 5537/6312/4574
f 5542/6319/4578 4694/5368/4579 4693/5367/4577 5539/6315/4576
f 5544/6322/4580 4695/5369/4581 4694/5368/4579 5542/6319/4578
f 5546/6325/4582 4696/5370/4583 4695/5369/4581 5544/6322/4580
f 5548/6328/4584 4697/5371/4585 4696/5370/4583 5546/6325/4582
f 5550/6331/4586 4698/5372/4587 4697/5371/4585 5548/6328/4584
f 5552/6334/4588 4699/5373/4589 4698/5372/4587 5550/6331/4586
f 5554/6337/4590 4700/5374/4591 4699/5373/4589 5552/6334/4588
f 4689/5362/4570 4701/5375/4592 4712/5387/4593 4700/5374/4591
f 4690/5363/4569 4702/5376/4594 4701/5375/4592 4689/5362/4570
f 4691/5364/4573 4703/5377/4595 4702/5376/4594 4690/5363/4569
f 4692/5366/4575 4704/5379/4596 4703/5378/4595 4691/5365/4573
f 4693/5367/4577 4705/5380/4597 4704/5379/4596 4692/5366/4575
f 4694/5368/4579 4706/5381/4598 4705/5380/4597 4693/5367/4577
f 4695/5369/4581 4707/5382/4599 4706/5381/4598 4694/5368/4579
f 4696/5370/4583 4708/5383/4600 4707/5382/4599 4695/5369/4581
f 4697/5371/4585 4709/5384/4601 4708/5383/4600 4696/5370/4583
f 4698/5372/4587 4710/5385/4602 4709/5384/4601 4697/5371/4585
f 4699/5373/4589 4711/5386/4603 4710/5385/4602 4698/5372/4587
f 4700/5374/4591 4712/5387/4593 4711/5386/4603 4699/5373/4589
f 4701/5375/4592 4713/5388/4604 4724/5400/4605 4712/5387/4593
f 4702/5376/4594 4714/5389/4606 4713/5388/4604 4701/5375/4592
f 4703/5377/4595 4715/5390/4607 4714/5389/4606 4702/5376/4594
f 4704/5379/4596 4716/5392/4608 4715/5391/4607 4703/5378/4595
f 4705/5380/4597 4717/5393/4609 4716/5392/4608 4704/5379/4596
f 4706/5381/4598 4718/5394/4610 4717/5393/4609 4705/5380/4597
f 4707/5382/4599 4719/5395/4611 4718/5394/4610 4706/5381/4598
f 4708/5383/4600 4720/5396/4612 4719/5395/4611 4707/5382/4599
f 4709/5384/4601 4721/5397/4613 4720/5396/4612 4708/5383/4600
f 4710/5385/4602 4722/5398/4614 4721/5397/4613 4709/5384/4601
f 4711/5386/4603 4723/5399/4615 4722/5398/4614 4710/5385/4602
f 4712/5387/4593 4724/5400/4605 4723/5399/4615 4711/5386/4603
f 4713/5388/4604 4725/5401/4616 4736/5413/4617 4724/5400/4605
f 4714/5389/4606 4726/5402/4618 4725/5401/4616 4713/5388/4604
f 4715/5390/4607 4727/5403/4619 4726/5402/4618 4714/5389/4606
f 4716/5392/4608 4728/5405/4620 4727/5404/4619 4715/5391/4607
f 4717/5393/4609 4729/5406/4621 4728/5405/4620 4716/5392/4608
f 4718/5394/4610 4730/5407/4622 4729/5406/4621 4717/5393/4609
f 4719/5395/4611 4731/5408/4623 4730/5407/4622 4718/5394/4610
f 4720/5396/4612 4732/5409/4624 4731/5408/4623 4719/5395/4611
f 4721/5397/4613 4733/5410/4625 4732/5409/4624 4720/5396/4612
f 4722/5398/4614 4734/5411/4626 4733/5410/4625 4721/5397/4613
f 4723/5399/4615 4735/5412/4627 4734/5411/4626 4722/5398/4614
f 4724/5400/4605 4736/5413/4617 4735/5412/4627 4723/5399/4615
f 4725/5401/4616 4737/5414/4628 4748/5426/4629 4736/5413/4617
f 4726/5402/4618 4738/5415/4630 4737/5414/4628 4725/5401/4616
f 4727/5403/4619 4739/5416/4631 4738/5415/4630 4726/5402/4618
f 4728/5405/4620 4740/5418/4632 4739/5417/4631 4727/5404/4619
f 4729/5406/4621 4741/5419/4633 4740/5418/4632 4728/5405/4620
f 4730/5407/4622 4742/5420/4634 4741/5419/4633 4729/5406/4621
f 4731/5408/4623 4743/5421/4635 4742/5420/4634 4730/5407/4622
f 4732/5409/4624 4744/5422/4636 4743/5421/4635 4731/5408/4623
f 4733/5410/4625 4745/5423/4637 4744/5422/4636 4732/5409/4624
f 4734/5411/4626 4746/5424/4638 4745/5423/4637 4733/5410/4625
f 4735/5412/4627 4747/5425/4639 4746/5424/4638 4734/5411/4626
f 4736/5413/4617 4748/5426/4629 4747/5425/4639 4735/5412/4627
f 4737/5414/4628 4749/5427/4640 4760/5439/4641 4748/5426/4629
f 4738/5415/4630 4750/5428/4642 4749/5427/4640 4737/5414/4628
f 4739/5416/4631 4751/5429/4643 4750/5428/4642 4738/5415/4630
f 4740/5418/4632 4752/5431/4644 4751/5430/4643 4739/5417/4631
f 4741/5419/4633 4753/5432/4645 4752/5431/4644 4740/5418/4632
f 4742/5420/4634 4754/5433/4646 4753/5432/4645 4741/5419/4633
f 4743/5421/4635 4755/5434/4647 4754/5433/4646 4742/5420/4634
f 4744/5422/4636 4756/5435/4648 4755/5434/4647 4743/5421/4635
f 4745/5423/4637 4757/5436/4649 4756/5435/4648 4744/5422/4636
f 4746/5424/4638 4758/5437/4650 4757/5436/4649 4745/5423/4637
f 4747/5425/4639 4759/5438/4651 4758/5437/4650 4746/5424/4638
f 4748/5426/4629 4760/5439/4641 4759/5438/4651 4747/5425/4639
f 4749/5427/4640 4761/5440/4652 4772/5452/4653 4760/5439/4641
f 4750/5428/4642 4762/5441/4654 4761/5440/4652 4749/5427/4640
f 4751/5429/4643 4763/5442/4655 4762/5441/4654 4750/5428/4642
f 4752/5431/4644 4764/5444/4656 4763/5443/4655 4751/5430/4643
f 4753/5432/4645 4765/5445/4657 4764/5444/4656 4752/5431/4644
f 4754/5433/4646 4766/5446/4658 4765/5445/4657 4753/5432/4645
f 4755/5434/4647 4767/5447/4659 4766/5446/4658 4754/5433/4646
f 4756/5435/4648 4768/5448/4660 4767/5447/4659 4755/5434/4647
f 4757/5436/4649 4769/5449/4661 4768/5448/4660 4756/5435/4648
f 4758/5437/4650 4770/5450/4662 4769/5449/4661 4757/5436/4649
f 4759/5438/4651 4771/5451/4663 4770/5450/4662 4758/5437/4650
f 4760/5439/4641 4772/5452/4653 4771/5451/4663 4759/5438/4651
f 4761/5440/4652 4773/5453/4664 4784/5465/4665 4772/5452/4653
f 4762/5441/4654 4774/5454/4666 4773/5453/4664 4761/5440/4652
f 4763/5442/4655 4775/5455/4667 4774/5454/4666 4762/5441/4654
f 4764/5444/4656 4776/5457/4668 4775/5456/4667 4763/5443/4655
f 4765/5445/4657 4777/5458/4669 4776/5457/4668 4764/5444/4656
f 4766/5446/4658 4778/5459/4670 4777/5458/4669 4765/5445/4657
f 4767/5447/4659 4779/5460/4671 4778/5459/4670 4766/5446/4658
f 4768/5448/4660 4780/5461/4672 4779/5460/4671 4767/5447/4659
f 4769/5449/4661 4781/5462/4673 4780/5461/4672 4768/5448/4660
f 4770/5450/4662 4782/5463/4674 4781/5462/4673 4769/5449/4661
f 4771/5451/4663 4783/5464/4675 4782/5463/4674 4770/5450/4662
f 4772/5452/4653 4784/5465/4665 4783/5464/4675 4771/5451/4663
f 4773/5453/4664 4785/5466/4676 4796/5478/4677 4784/5465/4665
f 4774/5454/4666 4786/5467/4678 4785/5466/4676 4773/5453/4664
f 4775/5455/4667 4787/5468/707 4786/5467/4678 4774/5454/4666
f 4776/5457/4668 4788/5470/4679 4787/5469/707 4775/5456/4667
f 4777/5458/4669 4789/5471/4680 4788/5470/4679 4776/5457/4668
f 4778/5459/4670 4790/5472/4681 4789/5471/4680 4777/5458/4669
f 4779/5460/4671 4791/5473/4682 4790/5472/4681 4778/5459/4670
f 4780/5461/4672 4792/5474/4683 4791/5473/4682 4779/5460/4671
f 4781/5462/4673 4793/5475/4684 4792/5474/4683 4780/5461/4672
f 4782/5463/4674 4794/5476/4685 4793/5475/4684 4781/5462/4673
f 4783/5464/4675 4795/5477/4686 4794/5476/4685 4782/5463/4674
f 4784/5465/4665 4796/5478/4677 4795/5477/4686 4783/5464/4675
f 4785/5466/4676 4797/5479/4687 4808/5491/4688 4796/5478/4677
f 4786/5467/4678 4798/5480/4689 4797/5479/4687 4785/5466/4676
f 4787/5468/707 4799/5481/4690 4798/5480/4689 4786/5467/4678
f 4788/5470/4679 4800/5483/4691 4799/5482/4690 4787/5469/707
f 4789/5471/4680 4801/5484/4692 4800/5483/4691 4788/5470/4679
f 4790/5472/4681 4802/5485/4693 4801/5484/4692 4789/5471/4680
f 4791/5473/4682 4803/5486/4694 4802/5485/4693 4790/5472/4681
f 4792/5474/4683 4804/5487/4695 4803/5486/4694 4791/5473/4682
f 4793/5475/4684 4805/5488/4696 4804/5487/4695 4792/5474/4683
f 4794/5476/4685 4806/5489/4697 4805/5488/4696 4793/5475/4684
f 4795/5477/4686 4807/5490/4698 4806/5489/4697 4794/5476/4685
f 4796/5478/4677 4808/5491/4688 4807/5490/4698 4795/5477/4686
f 4797/5479/4687 4809/5492/4699 4820/5504/4700 4808/5491/4688
f 4798/5480/4689 4810/5493/4701 4809/5492/4699 4797/5479/4687
f 4799/5481/4690 4811/5494/4702 4810/5493/4701 4798/5480/4689
f 4800/5483/4691 4812/5496/4703 4811/5495/4702 4799/5482/4690
f 4801/5484/4692 4813/5497/4704 4812/5496/4703 4800/5483/4691
f 4802/5485/4693 4814/5498/4705 4813/5497/4704 4801/5484/4692
f 4803/5486/4694 4815/5499/4706 4814/5498/4705 4802/5485/4693
f 4804/5487/4695 4816/5500/4707 4815/5499/4706 4803/5486/4694
f 4805/5488/4696 4817/5501/4708 4816/5500/4707 4804/5487/4695
f 4806/5489/4697 4818/5502/4709 4817/5501/4708 4805/5488/4696
f 4807/5490/4698 4819/5503/4710 4818/5502/4709 4806/5489/4697
f 4808/5491/4688 4820/5504/4700 4819/5503/4710 4807/5490/4698
f 4809/5492/4699 4821/5505/4711 4832/5517/4712 4820/5504/4700
f 4810/5493/4701 4822/5506/4713 4821/5505/4711 4809/5492/4699
f 4811/5494/4702 4823/5507/4714 4822/5506/4713 4810/5493/4701
f 4812/5496/4703 4824/5509/4715 4823/5508/4714 4811/5495/4702
f 4813/5497/4704 4825/5510/4716 4824/5509/4715 4812/5496/4703
f 4814/5498/4705 4826/5511/4717 4825/5510/4716 4813/5497/4704
f 4815/5499/4706 4827/5512/4718 4826/5511/4717 4814/5498/4705
f 4816/5500/4707 4828/5513/4719 4827/5512/4718 4815/5499/4706
f 4817/5501/4708 4829/5514/4720 4828/5513/4719 4816/5500/4707
f 4818/5502/4709 4830/5515/4721 4829/5514/4720 4817/5501/4708
f 4819/5503/4710 4831/5516/4722 4830/5515/4721 4818/5502/4709
f 4820/5504/4700 4832/5517/4712 4831/5516/4722 4819/5503/4710
f 4821/5505/4711 4833/5518/4723 4844/5530/4724 4832/5517/4712
f 4822/5506/4713 4834/5519/4725 4833/5518/4723 4821/5505/4711
f 4823/5507/4714 4835/5520/4726 4834/5519/4725 4822/5506/4713
f 4824/5509/4715 4836/5522/4727 4835/5521/4726 4823/5508/4714
f 4825/5510/4716 4837/5523/4728 4836/5522/4727 4824/5509/4715
f 4826/5511/4717 4838/5524/4729 4837/5523/4728 4825/5510/4716
f 4827/5512/4718 4839/5525/4730 4838/5524/4729 4826/5511/4717
f 4828/5513/4719 4840/5526/4731 4839/5525/4730 4827/5512/4718
f 4829/5514/4720 4841/5527/4732 4840/5526/4731 4828/5513/4719
f 4830/5515/4721 4842/5528/4733 4841/5527/4732 4829/5514/4720
f 4831/5516/4722 4843/5529/4734 4842/5528/4733 4830/5515/4721
f 4832/5517/4712 4844/5530/4724 4843/5529/4734 4831/5516/4722
f 4833/5518/4723 4845/5531/4735 4856/5543/4736 4844/5530/4724
f 4834/5519/4725 4846/5532/4737 4845/5531/4735 4833/5518/4723
f 4835/5520/4726 4847/5533/4738 4846/5532/4737 4834/5519/4725
f 4836/5522/4727 4848/5535/4739 4847/5534/4738 4835/5521/4726
f 4837/5523/4728 4849/5536/4740 4848/5535/4739 4836/5522/4727
f 4838/5524/4729 4850/5537/4741 4849/5536/4740 4837/5523/4728
f 4839/5525/4730 4851/5538/4742 4850/5537/4741 4838/5524/4729
f 4840/5526/4731 4852/5539/4743 4851/5538/4742 4839/5525/4730
f 4841/5527/4732 4853/5540/4744 4852/5539/4743 4840/5526/4731
f 4842/5528/4733 4854/5541/4745 4853/5540/4744 4841/5527/4732
f 4843/5529/4734 4855/5542/4746 4854/5541/4745 4842/5528/4733
f 4844/5530/4724 4856/5543/4736 4855/5542/4746 4843/5529/4734
f 4845/5531/4735 4857/5544/4747 4868/5556/4748 4856/5543/4736
f 4846/5532/4737 4858/5545/4749 4857/5544/4747 4845/5531/4735
f 4847/5533/4738 4859/5546/4750 4858/5545/4749 4846/5532/4737
f 4848/5535/4739 4860/5548/4751 4859/5547/4750 4847/5534/4738
f 4849/5536/4740 4861/5549/4752 4860/5548/4751 4848/5535/4739
f 4850/5537/4741 4862/5550/4753 4861/5549/4752 4849/5536/4740
f 4851/5538/4742 4863/5551/4754 4862/5550/4753 4850/5537/4741
f 4852/5539/4743 4864/5552/4755 4863/5551/4754 4851/5538/4742
f 4853/5540/4744 4865/5553/4756 4864/5552/4755 4852/5539/4743
f 4854/5541/4745 4866/5554/4757 4865/5553/4756 4853/5540/4744
f 4855/5542/4746 4867/5555/4758 4866/5554/4757 4854/5541/4745
f 4856/5543/4736 4868/5556/4748 4867/5555/4758 4855/5542/4746
f 4857/5544/4747 4869/5557/4759 4880/5569/4760 4868/5556/4748
f 4858/5545/4749 4870/5558/4761 4869/5557/4759 4857/5544/4747
f 4859/5546/4750 4871/5559/4762 4870/5558/4761 4858/5545/4749
f 4860/5548/4751 4872/5561/4763 4871/5560/4762 4859/5547/4750
f 4861/5549/4752 4873/5562/4764 4872/5561/4763 4860/5548/4751
f 4862/5550/4753 4874/5563/4765 4873/5562/4764 4861/5549/4752
f 4863/5551/4754 4875/5564/4766 4874/5563/4765 4862/5550/4753
f 4864/5552/4755 4876/5565/4767 4875/5564/4766 4863/5551/4754
f 4865/5553/4756 4877/5566/4768 4876/5565/4767 4864/5552/4755
f 4866/5554/4757 4878/5567/4769 4877/5566/4768 4865/5553/4756
f 4867/5555/4758 4879/5568/4770 4878/5567/4769 4866/5554/4757
f 4868/5556/4748 4880/5569/4760 4879/5568/4770 4867/5555/4758
f 4869/5557/4759 4881/5570/4771 4892/5582/4772 4880/5569/4760
f 4870/5558/4761 4882/5571/4773 4881/5570/4771 4869/5557/4759
f 4871/5559/4762 4883/5572/4774 4882/5571/4773 4870/5558/4761
f 4872/5561/4763 4884/5574/4775 4883/5573/4774 4871/5560/4762
f 4873/5562/4764 4885/5575/4776 4884/5574/4775 4872/5561/4763
f 4874/5563/4765 4886/5576/4777 4885/5575/4776 4873/5562/4764
f 4875/5564/4766 4887/5577/4778 4886/5576/4777 4874/5563/4765
f 4876/5565/4767 4888/5578/4779 4887/5577/4778 4875/5564/4766
f 4877/5566/4768 4889/5579/4780 4888/5578/4779 4876/5565/4767
f 4878/5567/4769 4890/5580/4781 4889/5579/4780 4877/5566/4768
f 4879/5568/4770 4891/5581/4782 4890/5580/4781 4878/5567/4769
f 4880/5569/4760 4892/5582/4772 4891/5581/4782 4879/5568/4770
f 4881/5570/4771 4893/5583/4783 4904/5595/4784 4892/5582/4772
f 4882/5571/4773 4894/5584/4785 4893/5583/4783 4881/5570/4771
f 4883/5572/4774 4895/5585/4786 4894/5584/4785 4882/5571/4773
f 4884/5574/4775 4896/5587/4787 4895/5586/4786 4883/5573/4774
f 4885/5575/4776 4897/5588/4788 4896/5587/4787 4884/5574/4775
f 4886/5576/4777 4898/5589/4789 4897/5588/4788 4885/5575/4776
f 4887/5577/4778 4899/5590/4790 4898/5589/4789 4886/5576/4777
f 4888/5578/4779 4900/5591/4791 4899/5590/4790 4887/5577/4778
f 4889/5579/4780 4901/5592/4792 4900/5591/4791 4888/5578/4779
f 4890/5580/4781 4902/5593/4793 4901/5592/4792 4889/5579/4780
f 4891/5581/4782 4903/5594/4794 4902/5593/4793 4890/5580/4781
f 4892/5582/4772 4904/5595/4784 4903/5594/4794 4891/5581/4782
f 4893/5583/4783 4905/5596/4795 4916/5608/4796 4904/5595/4784
f 4894/5584/4785 4906/5597/4797 4905/5596/4795 4893/5583/4783
f 4895/5585/4786 4907/5598/4798 4906/5597/4797 4894/5584/4785
f 4896/5587/4787 4908/5600/4799 4907/5599/4798 4895/5586/4786
f 4897/5588/4788 4909/5601/4800 4908/5600/4799 4896/5587/4787
f 4898/5589/4789 4910/5602/4801 4909/5601/4800 4897/5588/4788
f 4899/5590/4790 4911/5603/4802 4910/5602/4801 4898/5589/4789
f 4900/5591/4791 4912/5604/4803 4911/5603/4802 4899/5590/4790
f 4901/5592/4792 4913/5605/4804 4912/5604/4803 4900/5591/4791
f 4902/5593/4793 4914/5606/4805 4913/5605/4804 4901/5592/4792
f 4903/5594/4794 4915/5607/4806 4914/5606/4805 4902/5593/4793
f 4904/5595/4784 4916/5608/4796 4915/5607/4806 4903/5594/4794
f 4905/5596/4795 4917/5609/4807 4928/5621/4808 4916/5608/4796
f 4906/5597/4797 4918/5610/4809 4917/5609/4807 4905/5596/4795
f 4907/5598/4798 4919/5611/4810 4918/5610/4809 4906/5597/4797
f 4908/5600/4799 4920/5613/4811 4919/5612/4810 4907/5599/4798
f 4909/5601/4800 4921/5614/4812 4920/5613/4811 4908/5600/4799
f 4910/5602/4801 4922/5615/4813 4921/5614/4812 4909/5601/4800
f 4911/5603/4802 4923/5616/4814 4922/5615/4813 4910/5602/4801
f 4912/5604/4803 4924/5617/4815 4923/5616/4814 4911/5603/4802
f 4913/5605/4804 4925/5618/4816 4924/5617/4815 4912/5604/4803
f 4914/5606/4805 4926/5619/4817 4925/5618/4816 4913/5605/4804
f 4915/5607/4806 4927/5620/4818 4926/5619/4817 4914/5606/4805
f 4916/5608/4796 4928/5621/4808 4927/5620/4818 4915/5607/4806
f 4917/5609/4807 4929/5622/4819 4940/5634/4820 4928/5621/4808
f 4918/5610/4809 4930/5623/4821 4929/5622/4819 4917/5609/4807
f 4919/5611/4810 4931/5624/4822 4930/5623/4821 4918/5610/4809
f 4920/5613/4811 4932/5626/4823 4931/5625/4822 4919/5612/4810
f 4921/5614/4812 4933/5627/4824 4932/5626/4823 4920/5613/4811
f 4922/5615/4813 4934/5628/4825 4933/5627/4824 4921/5614/4812
f 4923/5616/4814 4935/5629/4826 4934/5628/4825 4922/5615/4813
f 4924/5617/4815 4936/5630/4827 4935/5629/4826 4923/5616/4814
f 4925/5618/4816 4937/5631/4828 4936/5630/4827 4924/5617/4815
f 4926/5619/4817 4938/5632/4829 4937/5631/4828 4925/5618/4816
f 4927/5620/4818 4939/5633/4830 4938/5632/4829 4926/5619/4817
f 4928/5621/4808 4940/5634/4820 4939/5633/4830 4927/5620/4818
f 4929/5622/4819 4941/5635/4831 4952/5647/4820 4940/5634/4820
f 4930/5623/4821 4942/5636/4832 4941/5635/4831 4929/5622/4819
f 4931/5624/4822 4943/5637/4833 4942/5636/4832 4930/5623/4821
f 4932/5626/4823 4944/5639/4834 4943/5638/4833 4931/5625/4822
f 4933/5627/4824 4945/5640/4835 4944/5639/4834 4932/5626/4823
f 4934/5628/4825 4946/5641/4825 4945/5640/4835 4933/5627/4824
f 4935/5629/4826 4947/5642/4836 4946/5641/4825 4934/5628/4825
f 4936/5630/4827 4948/5643/4837 4947/5642/4836 4935/5629/4826
f 4937/5631/4828 4949/5644/4838 4948/5643/4837 4936/5630/4827
f 4938/5632/4829 4950/5645/4839 4949/5644/4838 4937/5631/4828
f 4939/5633/4830 4951/5646/4840 4950/5645/4839 4938/5632/4829
f 4940/5634/4820 4952/5647/4820 4951/5646/4840 4939/5633/4830
f 4941/5635/4831 4953/5648/4841 4964/5660/4842 4952/5647/4820
f 4942/5636/4832 4954/5649/4843 4953/5648/4841 4941/5635/4831
f 4943/5637/4833 4955/5650/4844 4954/5649/4843 4942/5636/4832
f 4944/5639/4834 4956/5652/4845 4955/5651/4844 4943/5638/4833
f 4945/5640/4835 4957/5653/4846 4956/5652/4845 4944/5639/4834
f 4946/5641/4825 4958/5654/4847 4957/5653/4846 4945/5640/4835
f 4947/5642/4836 4959/5655/4848 4958/5654/4847 4946/5641/4825
f 4948/5643/4837 4960/5656/4849 4959/5655/4848 4947/5642/4836
f 4949/5644/4838 4961/5657/4850 4960/5656/4849 4948/5643/4837
f 4950/5645/4839 4962/5658/4851 4961/5657/4850 4949/5644/4838
f 4951/5646/4840 4963/5659/4852 4962/5658/4851 4950/5645/4839
f 4952/5647/4820 4964/5660/4842 4963/5659/4852 4951/5646/4840
f 4953/5648/4841 4965/5661/4853 4976/5673/4854 4964/5660/4842
f 4954/5649/4843 4966/5662/4855 4965/5661/4853 4953/5648/4841
f 4955/5650/4844 4967/5663/4856 4966/5662/4855 4954/5649/4843
f 4956/5652/4845 4968/5665/4857 4967/5664/4856 4955/5651/4844
f 4957/5653/4846 4969/5666/4858 4968/5665/4857 4956/5652/4845
f 4958/5654/4847 4970/5667/4859 4969/5666/4858 4957/5653/4846
f 4959/5655/4848 4971/5668/4860 4970/5667/4859 4958/5654/4847
f 4960/5656/4849 4972/5669/4861 4971/5668/4860 4959/5655/4848
f 4961/5657/4850 4973/5670/4862 4972/5669/4861 4960/5656/4849
f 4962/5658/4851 4974/5671/4863 4973/5670/4862 4961/5657/4850
f 4963/5659/4852 4975/5672/4864 4974/5671/4863 4962/5658/4851
f 4964/5660/4842 4976/5673/4854 4975/5672/4864 4963/5659/4852
f 4965/5661/4853 4977/5674/4865 4988/5686/4866 4976/5673/4854
f 4966/5662/4855 4978/5675/4867 4977/5674/4865 4965/5661/4853
f 4967/5663/4856 4979/5676/4868 4978/5675/4867 4966/5662/4855
f 4968/5665/4857 4980/5678/4869 4979/5677/4868 4967/5664/4856
f 4969/5666/4858 4981/5679/4870 4980/5678/4869 4968/5665/4857
f 4970/5667/4859 4982/5680/4871 4981/5679/4870 4969/5666/4858
f 4971/5668/4860 4983/5681/4872 4982/5680/4871 4970/5667/4859
f 4972/5669/4861 4984/5682/4873 4983/5681/4872 4971/5668/4860
f 4973/5670/4862 4985/5683/4874 4984/5682/4873 4972/5669/4861
f 4974/5671/4863 4986/5684/4875 4985/5683/4874 4973/5670/4862
f 4975/5672/4864 4987/5685/4876 4986/5684/4875 4974/5671/4863
f 4976/5673/4854 4988/5686/4866 4987/5685/4876 4975/5672/4864
f 4977/5674/4865 4989/5687/4877 5000/5699/4878 4988/5686/4866
f 4978/5675/4867 4990/5688/4879 4989/5687/4877 4977/5674/4865
f 4979/5676/4868 4991/5689/4880 4990/5688/4879 4978/5675/4867
f 4980/5678/4869 4992/5691/4881 4991/5690/4880 4979/5677/4868
f 4981/5679/4870 4993/5692/4882 4992/5691/4881 4980/5678/4869
f 4982/5680/4871 4994/5693/4883 4993/5692/4882 4981/5679/4870
f 4983/5681/4872 4995/5694/4884 4994/5693/4883 4982/5680/4871
f 4984/5682/4873 4996/5695/4885 4995/5694/4884 4983/5681/4872
f 4985/5683/4874 4997/5696/4886 4996/5695/4885 4984/5682/4873
f 4986/5684/4875 4998/5697/4887 4997/5696/4886 4985/5683/4874
f 4987/5685/4876 4999/5698/4888 4998/5697/4887 4986/5684/4875
f 4988/5686/4866 5000/5699/4878 4999/5698/4888 4987/5685/4876
f 4989/5687/4877 5001/5700/4889 5012/5712/4890 5000/5699/4878
f 4990/5688/4879 5002/5701/4891 5001/5700/4889 4989/5687/4877
f 4991/5689/4880 5003/5702/4892 5002/5701/4891 4990/5688/4879
f 4992/5691/4881 5004/5704/4893 5003/5703/4892 4991/5690/4880
f 4993/5692/4882 5005/5705/4894 5004/5704/4893 4992/5691/4881
f 4994/5693/4883 5006/5706/4895 5005/5705/4894 4993/5692/4882
f 4995/5694/4884 5007/5707/4896 5006/5706/4895 4994/5693/4883
f 4996/5695/4885 5008/5708/4897 5007/5707/4896 4995/5694/4884
f 4997/5696/4886 5009/5709/4898 5008/5708/4897 4996/5695/4885
f 4998/5697/4887 5010/5710/4899 5009/5709/4898 4997/5696/4886
f 4999/5698/4888 5011/5711/4900 5010/5710/4899 4998/5697/4887
f 5000/5699/4878 5012/5712/4890 5011/5711/4900 4999/5698/4888
f 5001/5700/4889 5013/5713/4901 5024/5725/4902 5012/5712/4890
f 5002/5701/4891 5014/5714/4903 5013/5713/4901 5001/5700/4889
f 5003/5702/4892 5015/5715/4904 5014/5714/4903 5002/5701/4891
f 5004/5704/4893 5016/5717/4905 5015/5716/4904 5003/5703/4892
f 5005/5705/4894 5017/5718/4906 5016/5717/4905 5004/5704/4893
f 5006/5706/4895 5018/5719/4907 5017/5718/4906 5005/5705/4894
f 5007/5707/4896 5019/5720/4908 5018/5719/4907 5006/5706/4895
f 5008/5708/4897 5020/5721/4909 5019/5720/4908 5007/5707/4896
f 5009/5709/4898 5021/5722/4910 5020/5721/4909 5008/5708/4897
f 5010/5710/4899 5022/5723/4911 5021/5722/4910 5009/5709/4898
f 5011/5711/4900 5023/5724/4912 5022/5723/4911 5010/5710/4899
f 5012/5712/4890 5024/5725/4902 5023/5724/4912 5011/5711/4900
f 5013/5713/4901 5025/5726/4913 5036/5738/4914 5024/5725/4902
f 5014/5714/4903 5026/5727/4915 5025/5726/4913 5013/5713/4901
f 5015/5715/4904 5027/5728/4916 5026/5727/4915 5014/5714/4903
f 5016/5717/4905 5028/5730/4917 5027/5729/4916 5015/5716/4904
f 5017/5718/4906 5029/5731/4918 5028/5730/4917 5016/5717/4905
f 5018/5719/4907 5030/5732/4919 5029/5731/4918 5017/5718/4906
f 5019/5720/4908 5031/5733/4920 5030/5732/4919 5018/5719/4907
f 5020/5721/4909 5032/5734/4921 5031/5733/4920 5019/5720/4908
f 5021/5722/4910 5033/5735/4922 5032/5734/4921 5020/5721/4909
f 5022/5723/4911 5034/5736/4923 5033/5735/4922 5021/5722/4910
f 5023/5724/4912 5035/5737/4924 5034/5736/4923 5022/5723/4911
f 5024/5725/4902 5036/5738/4914 5035/5737/4924 5023/5724/4912
f 5025/5726/4913 5037/5739/4925 5048/5751/4926 5036/5738/4914
f 5026/5727/4915 5038/5740/4927 5037/5739/4925 5025/5726/4913
f 5027/5728/4916 5039/5741/4928 5038/5740/4927 5026/5727/4915
f 5028/5730/4917 5040/5743/4929 5039/5742/4928 5027/5729/4916
f 5029/5731/4918 5041/5744/4930 5040/5743/4929 5028/5730/4917
f 5030/5732/4919 5042/5745/4931 5041/5744/4930 5029/5731/4918
f 5031/5733/4920 5043/5746/4932 5042/5745/4931 5030/5732/4919
f 5032/5734/4921 5044/5747/4933 5043/5746/4932 5031/5733/4920
f 5033/5735/4922 5045/5748/4934 5044/5747/4933 5032/5734/4921
f 5034/5736/4923 5046/5749/4935 5045/5748/4934 5033/5735/4922
f 5035/5737/4924 5047/5750/4936 5046/5749/4935 5034/5736/4923
f 5036/5738/4914 5048/5751/4926 5047/5750/4936 5035/5737/4924
f 5037/5739/4925 5049/5752/4937 5060/5764/4938 5048/5751/4926
f 5038/5740/4927 5050/5753/4939 5049/5752/4937 5037/5739/4925
f 5039/5741/4928 5051/5754/4940 5050/5753/4939 5038/5740/4927
f 5040/5743/4929 5052/5756/4941 5051/5755/4940 5039/5742/4928
f 5041/5744/4930 5053/5757/4942 5052/5756/4941 5040/5743/4929
f 5042/5745/4931 5054/5758/4943 5053/5757/4942 5041/5744/4930
f 5043/5746/4932 5055/5759/4944 5054/5758/4943 5042/5745/4931
f 5044/5747/4933 5056/5760/4945 5055/5759/4944 5043/5746/4932
f 5045/5748/4934 5057/5761/4946 5056/5760/4945 5044/5747/4933
f 5046/5749/4935 5058/5762/4947 5057/5761/4946 5045/5748/4934
f 5047/5750/4936 5059/5763/4948 5058/5762/4947 5046/5749/4935
f 5048/5751/4926 5060/5764/4938 5059/5763/4948 5047/5750/4936
f 5049/5752/4937 5061/5765/4949 5072/5777/4950 5060/5764/4938
f 5050/5753/4939 5062/5766/4951 5061/5765/4949 5049/5752/4937
f 5051/5754/4940 5063/5767/4952 5062/5766/4951 5050/5753/4939
f 5052/5756/4941 5064/5769/4953 5063/5768/4952 5051/5755/4940
f 5053/5757/4942 5065/5770/4954 5064/5769/4953 5052/5756/4941
f 5054/5758/4943 5066/5771/4955 5065/5770/4954 5053/5757/4942
f 5055/5759/4944 5067/5772/4956 5066/5771/4955 5054/5758/4943
f 5056/5760/4945 5068/5773/4957 5067/5772/4956 5055/5759/4944
f 5057/5761/4946 5069/5774/4958 5068/5773/4957 5056/5760/4945
f 5058/5762/4947 5070/5775/4959 5069/5774/4958 5057/5761/4946
f 5059/5763/4948 5071/5776/4960 5070/5775/4959 5058/5762/4947
f 5060/5764/4938 5072/5777/4950 5071/5776/4960 5059/5763/4948
f 5061/5765/4949 5073/5778/4567 5084/5790/4961 5072/5777/4950
f 5062/5766/4951 5074/5779/4564 5073/5778/4567 5061/5765/4949
f 5063/5767/4952 5075/5781/4962 5074/5779/4564 5062/5766/4951
f 5064/5769/4953 5076/5782/4963 5075/5780/4962 5063/5768/4952
f 5065/5770/4954 5077/5783/4964 5076/5782/4963 5064/5769/4953
f 5066/5771/4955 5078/5784/4965 5077/5783/4964 5065/5770/4954
f 5067/5772/4956 5079/5785/4966 5078/5784/4965 5066/5771/4955
f 5068/5773/4957 5080/5786/4967 5079/5785/4966 5067/5772/4956
f 5069/5774/4958 5081/5787/4968 5080/5786/4967 5068/5773/4957
f 5070/5775/4959 5082/5788/4969 5081/5787/4968 5069/5774/4958
f 5071/5776/4960 5083/5789/4970 5082/5788/4969 5070/5775/4959
f 5072/5777/4950 5084/5790/4961 5083/5789/4970 5071/5776/4960
f 5073/5778/4567 5631/6460/4566 5654/6497/4971 5084/5790/4961
f 5076/5782/4963 5637/6472/4972 5635/6467/4973 5075/5780/4962
f 5077/5783/4964 5639/6475/4974 5637/6472/4972 5076/5782/4963
f 5078/5784/4965 5641/6478/4975 5639/6475/4974 5077/5783/4964
f 5079/5785/4966 5644/6482/4976 5641/6478/4975 5078/5784/4965
f 5080/5786/4967 5646/6485/4977 5644/6482/4976 5079/5785/4966
f 5081/5787/4968 5648/6488/4978 5646/6485/4977 5080/5786/4967
f 5082/5788/4969 5650/6491/4979 5648/6488/4978 5081/5787/4968
f 5083/5789/4970 5652/6494/4980 5650/6491/4979 5082/5788/4969
f 5084/5790/4961 5654/6497/4971 5652/6494/4980 5083/5789/4970
f 5470/6208/4981 5658/6503/4982 5656/6500/4983 5469/6207/4984
f 5558/6343/4985 5086/5792/4986 5085/5791/4987 5556/6340/4988
f 5560/6346/4989 5087/5793/4990 5086/5792/4986 5558/6343/4985
f 5562/6352/4991 5088/5795/4992 5087/5794/4990 5560/6347/4989
f 5564/6355/4993 5089/5796/4994 5088/5795/4992 5562/6352/4991
f 5567/6359/4995 5090/5797/4996 5089/5796/4994 5564/6355/4993
f 5569/6362/4997 5091/5798/4998 5090/5797/4996 5567/6359/4995
f 5571/6365/4999 5092/5799/5000 5091/5798/4998 5569/6362/4997
f 5573/6368/5001 5093/5800/5002 5092/5799/5000 5571/6365/4999
f 5575/6371/5003 5094/5801/5004 5093/5800/5002 5573/6368/5001
f 5577/6374/5005 5095/5802/5006 5094/5801/5004 5575/6371/5003
f 5579/6377/5007 5096/5803/5008 5095/5802/5006 5577/6374/5005
f 5085/5791/4987 5097/5804/5009 5108/5816/5010 5096/5803/5008
f 5086/5792/4986 5098/5805/5011 5097/5804/5009 5085/5791/4987
f 5087/5793/4990 5099/5806/5012 5098/5805/5011 5086/5792/4986
f 5088/5795/4992 5100/5808/5013 5099/5807/5012 5087/5794/4990
f 5089/5796/4994 5101/5809/5014 5100/5808/5013 5088/5795/4992
f 5090/5797/4996 5102/5810/5015 5101/5809/5014 5089/5796/4994
f 5091/5798/4998 5103/5811/5016 5102/5810/5015 5090/5797/4996
f 5092/5799/5000 5104/5812/5017 5103/5811/5016 5091/5798/4998
f 5093/5800/5002 5105/5813/5018 5104/5812/5017 5092/5799/5000
f 5094/5801/5004 5106/5814/5019 5105/5813/5018 5093/5800/5002
f 5095/5802/5006 5107/5815/5020 5106/5814/5019 5094/5801/5004
f 5096/5803/5008 5108/5816/5010 5107/5815/5020 5095/5802/5006
f 5097/5804/5009 5109/5817/5021 5120/5829/5022 5108/5816/5010
f 5098/5805/5011 5110/5818/5023 5109/5817/5021 5097/5804/5009
f 5099/5806/5012 5111/5819/5024 5110/5818/5023 5098/5805/5011
f 5100/5808/5013 5112/5821/5025 5111/5820/5024 5099/5807/5012
f 5101/5809/5014 5113/5822/5026 5112/5821/5025 5100/5808/5013
f 5102/5810/5015 5114/5823/5027 5113/5822/5026 5101/5809/5014
f 5103/5811/5016 5115/5824/5028 5114/5823/5027 5102/5810/5015
f 5104/5812/5017 5116/5825/5029 5115/5824/5028 5103/5811/5016
f 5105/5813/5018 5117/5826/5030 5116/5825/5029 5104/5812/5017
f 5106/5814/5019 5118/5827/5031 5117/5826/5030 5105/5813/5018
f 5107/5815/5020 5119/5828/5032 5118/5827/5031 5106/5814/5019
f 5108/5816/5010 5120/5829/5022 5119/5828/5032 5107/5815/5020
f 5109/5817/5021 5121/5830/5033 5132/5842/5034 5120/5829/5022
f 5110/5818/5023 5122/5831/5035 5121/5830/5033 5109/5817/5021
f 5111/5819/5024 5123/5832/5036 5122/5831/5035 5110/5818/5023
f 5112/5821/5025 5124/5834/5037 5123/5833/5036 5111/5820/5024
f 5113/5822/5026 5125/5835/5038 5124/5834/5037 5112/5821/5025
f 5114/5823/5027 5126/5836/5039 5125/5835/5038 5113/5822/5026
f 5115/5824/5028 5127/5837/5040 5126/5836/5039 5114/5823/5027
f 5116/5825/5029 5128/5838/5041 5127/5837/5040 5115/5824/5028
f 5117/5826/5030 5129/5839/5042 5128/5838/5041 5116/5825/5029
f 5118/5827/5031 5130/5840/5043 5129/5839/5042 5117/5826/5030
f 5119/5828/5032 5131/5841/5044 5130/5840/5043 5118/5827/5031
f 5120/5829/5022 5132/5842/5034 5131/5841/5044 5119/5828/5032
f 5121/5830/5033 5133/5843/5045 5144/5855/5046 5132/5842/5034
f 5122/5831/5035 5134/5844/5047 5133/5843/5045 5121/5830/5033
f 5123/5832/5036 5135/5845/5048 5134/5844/5047 5122/5831/5035
f 5124/5834/5037 5136/5847/5049 5135/5846/5048 5123/5833/5036
f 5125/5835/5038 5137/5848/5050 5136/5847/5049 5124/5834/5037
f 5126/5836/5039 5138/5849/5051 5137/5848/5050 5125/5835/5038
f 5127/5837/5040 5139/5850/5052 5138/5849/5051 5126/5836/5039
f 5128/5838/5041 5140/5851/5053 5139/5850/5052 5127/5837/5040
f 5129/5839/5042 5141/5852/5054 5140/5851/5053 5128/5838/5041
f 5130/5840/5043 5142/5853/5055 5141/5852/5054 5129/5839/5042
f 5131/5841/5044 5143/5854/5056 5142/5853/5055 5130/5840/5043
f 5132/5842/5034 5144/5855/5046 5143/5854/5056 5131/5841/5044
f 5133/5843/5045 5145/5856/5057 5156/5868/5058 5144/5855/5046
f 5134/5844/5047 5146/5857/5059 5145/5856/5057 5133/5843/5045
f 5135/5845/5048 5147/5858/5060 5146/5857/5059 5134/5844/5047
f 5136/5847/5049 5148/5860/5061 5147/5859/5060 5135/5846/5048
f 5137/5848/5050 5149/5861/5062 5148/5860/5061 5136/5847/5049
f 5138/5849/5051 5150/5862/5063 5149/5861/5062 5137/5848/5050
f 5139/5850/5052 5151/5863/5064 5150/5862/5063 5138/5849/5051
f 5140/5851/5053 5152/5864/5065 5151/5863/5064 5139/5850/5052
f 5141/5852/5054 5153/5865/5066 5152/5864/5065 5140/5851/5053
f 5142/5853/5055 5154/5866/5067 5153/5865/5066 5141/5852/5054
f 5143/5854/5056 5155/5867/5068 5154/5866/5067 5142/5853/5055
f 5144/5855/5046 5156/5868/5058 5155/5867/5068 5143/5854/5056
f 5145/5856/5057 5157/5869/5069 5168/5881/5070 5156/5868/5058
f 5146/5857/5059 5158/5870/5071 5157/5869/5069 5145/5856/5057
f 5147/5858/5060 5159/5871/5072 5158/5870/5071 5146/5857/5059
f 5148/5860/5061 5160/5873/5073 5159/5872/5072 5147/5859/5060
f 5149/5861/5062 5161/5874/5074 5160/5873/5073 5148/5860/5061
f 5150/5862/5063 5162/5875/5075 5161/5874/5074 5149/5861/5062
f 5151/5863/5064 5163/5876/5076 5162/5875/5075 5150/5862/5063
f 5152/5864/5065 5164/5877/5077 5163/5876/5076 5151/5863/5064
f 5153/5865/5066 5165/5878/5078 5164/5877/5077 5152/5864/5065
f 5154/5866/5067 5166/5879/5079 5165/5878/5078 5153/5865/5066
f 5155/5867/5068 5167/5880/5080 5166/5879/5079 5154/5866/5067
f 5156/5868/5058 5168/5881/5070 5167/5880/5080 5155/5867/5068
f 5157/5869/5069 5169/5882/5081 5180/5894/5082 5168/5881/5070
f 5158/5870/5071 5170/5883/5083 5169/5882/5081 5157/5869/5069
f 5159/5871/5072 5171/5884/5084 5170/5883/5083 5158/5870/5071
f 5160/5873/5073 5172/5886/5085 5171/5885/5084 5159/5872/5072
f 5161/5874/5074 5173/5887/5086 5172/5886/5085 5160/5873/5073
f 5162/5875/5075 5174/5888/5087 5173/5887/5086 5161/5874/5074
f 5163/5876/5076 5175/5889/5088 5174/5888/5087 5162/5875/5075
f 5164/5877/5077 5176/5890/5089 5175/5889/5088 5163/5876/5076
f 5165/5878/5078 5177/5891/5090 5176/5890/5089 5164/5877/5077
f 5166/5879/5079 5178/5892/5091 5177/5891/5090 5165/5878/5078
f 5167/5880/5080 5179/5893/5092 5178/5892/5091 5166/5879/5079
f 5168/5881/5070 5180/5894/5082 5179/5893/5092 5167/5880/5080
f 5169/5882/5081 5181/5895/5093 5192/5907/5094 5180/5894/5082
f 5170/5883/5083 5182/5896/5095 5181/5895/5093 5169/5882/5081
f 5171/5884/5084 5183/5897/723 5182/5896/5095 5170/5883/5083
f 5172/5886/5085 5184/5899/5096 5183/5898/723 5171/5885/5084
f 5173/5887/5086 5185/5900/5097 5184/5899/5096 5172/5886/5085
f 5174/5888/5087 5186/5901/5098 5185/5900/5097 5173/5887/5086
f 5175/5889/5088 5187/5902/5099 5186/5901/5098 5174/5888/5087
f 5176/5890/5089 5188/5903/5100 5187/5902/5099 5175/5889/5088
f 5177/5891/5090 5189/5904/5101 5188/5903/5100 5176/5890/5089
f 5178/5892/5091 5190/5905/5102 5189/5904/5101 5177/5891/5090
f 5179/5893/5092 5191/5906/5103 5190/5905/5102 5178/5892/5091
f 5180/5894/5082 5192/5907/5094 5191/5906/5103 5179/5893/5092
f 5181/5895/5093 5193/5908/5104 5204/5920/5105 5192/5907/5094
f 5182/5896/5095 5194/5909/5106 5193/5908/5104 5181/5895/5093
f 5183/5897/723 5195/5910/5107 5194/5909/5106 5182/5896/5095
f 5184/5899/5096 5196/5912/5108 5195/5911/5107 5183/5898/723
f 5185/5900/5097 5197/5913/5109 5196/5912/5108 5184/5899/5096
f 5186/5901/5098 5198/5914/5110 5197/5913/5109 5185/5900/5097
f 5187/5902/5099 5199/5915/5111 5198/5914/5110 5186/5901/5098
f 5188/5903/5100 5200/5916/5112 5199/5915/5111 5187/5902/5099
f 5189/5904/5101 5201/5917/5113 5200/5916/5112 5188/5903/5100
f 5190/5905/5102 5202/5918/5114 5201/5917/5113 5189/5904/5101
f 5191/5906/5103 5203/5919/5115 5202/5918/5114 5190/5905/5102
f 5192/5907/5094 5204/5920/5105 5203/5919/5115 5191/5906/5103
f 5193/5908/5104 5205/5921/5116 5216/5933/5117 5204/5920/5105
f 5194/5909/5106 5206/5922/5118 5205/5921/5116 5193/5908/5104
f 5195/5910/5107 5207/5923/5119 5206/5922/5118 5194/5909/5106
f 5196/5912/5108 5208/5925/5120 5207/5924/5119 5195/5911/5107
f 5197/5913/5109 5209/5926/5121 5208/5925/5120 5196/5912/5108
f 5198/5914/5110 5210/5927/5122 5209/5926/5121 5197/5913/5109
f 5199/5915/5111 5211/5928/5123 5210/5927/5122 5198/5914/5110
f 5200/5916/5112 5212/5929/5124 5211/5928/5123 5199/5915/5111
f 5201/5917/5113 5213/5930/5125 5212/5929/5124 5200/5916/5112
f 5202/5918/5114 5214/5931/5126 5213/5930/5125 5201/5917/5113
f 5203/5919/5115 5215/5932/5127 5214/5931/5126 5202/5918/5114
f 5204/5920/5105 5216/5933/5117 5215/5932/5127 5203/5919/5115
f 5205/5921/5116 5217/5934/5128 5228/5946/5129 5216/5933/5117
f 5206/5922/5118 5218/5935/5130 5217/5934/5128 5205/5921/5116
f 5207/5923/5119 5219/5936/5131 5218/5935/5130 5206/5922/5118
f 5208/5925/5120 5220/5938/5132 5219/5937/5131 5207/5924/5119
f 5209/5926/5121 5221/5939/5133 5220/5938/5132 5208/5925/5120
f 5210/5927/5122 5222/5940/5134 5221/5939/5133 5209/5926/5121
f 5211/5928/5123 5223/5941/5135 5222/5940/5134 5210/5927/5122
f 5212/5929/5124 5224/5942/5136 5223/5941/5135 5211/5928/5123
f 5213/5930/5125 5225/5943/5137 5224/5942/5136 5212/5929/5124
f 5214/5931/5126 5226/5944/5138 5225/5943/5137 5213/5930/5125
f 5215/5932/5127 5227/5945/5139 5226/5944/5138 5214/5931/5126
f 5216/5933/5117 5228/5946/5129 5227/5945/5139 5215/5932/5127
f 5217/5934/5128 5229/5947/5140 5240/5959/5141 5228/5946/5129
f 5218/5935/5130 5230/5948/5142 5229/5947/5140 5217/5934/5128
f 5219/5936/5131 5231/5949/5143 5230/5948/5142 5218/5935/5130
f 5220/5938/5132 5232/5951/5144 5231/5950/5143 5219/5937/5131
f 5221/5939/5133 5233/5952/5145 5232/5951/5144 5220/5938/5132
f 5222/5940/5134 5234/5953/5146 5233/5952/5145 5221/5939/5133
f 5223/5941/5135 5235/5954/5147 5234/5953/5146 5222/5940/5134
f 5224/5942/5136 5236/5955/5148 5235/5954/5147 5223/5941/5135
f 5225/5943/5137 5237/5956/5149 5236/5955/5148 5224/5942/5136
f 5226/5944/5138 5238/5957/5150 5237/5956/5149 5225/5943/5137
f 5227/5945/5139 5239/5958/5151 5238/5957/5150 5226/5944/5138
f 5228/5946/5129 5240/5959/5141 5239/5958/5151 5227/5945/5139
f 5229/5947/5140 5241/5960/5152 5252/5972/5153 5240/5959/5141
f 5230/5948/5142 5242/5961/5154 5241/5960/5152 5229/5947/5140
f 5231/5949/5143 5243/5962/5155 5242/5961/5154 5230/5948/5142
f 5232/5951/5144 5244/5964/5156 5243/5963/5155 5231/5950/5143
f 5233/5952/5145 5245/5965/5157 5244/5964/5156 5232/5951/5144
f 5234/5953/5146 5246/5966/5158 5245/5965/5157 5233/5952/5145
f 5235/5954/5147 5247/5967/5159 5246/5966/5158 5234/5953/5146
f 5236/5955/5148 5248/5968/5160 5247/5967/5159 5235/5954/5147
f 5237/5956/5149 5249/5969/5161 5248/5968/5160 5236/5955/5148
f 5238/5957/5150 5250/5970/5162 5249/5969/5161 5237/5956/5149
f 5239/5958/5151 5251/5971/5163 5250/5970/5162 5238/5957/5150
f 5240/5959/5141 5252/5972/5153 5251/5971/5163 5239/5958/5151
f 5241/5960/5152 5253/5973/5164 5264/5985/5165 5252/5972/5153
f 5242/5961/5154 5254/5974/5166 5253/5973/5164 5241/5960/5152
f 5243/5962/5155 5255/5975/5167 5254/5974/5166 5242/5961/5154
f 5244/5964/5156 5256/5977/5168 5255/5976/5167 5243/5963/5155
f 5245/5965/5157 5257/5978/5169 5256/5977/5168 5244/5964/5156
f 5246/5966/5158 5258/5979/5170 5257/5978/5169 5245/5965/5157
f 5247/5967/5159 5259/5980/5171 5258/5979/5170 5246/5966/5158
f 5248/5968/5160 5260/5981/5172 5259/5980/5171 5247/5967/5159
f 5249/5969/5161 5261/5982/5173 5260/5981/5172 5248/5968/5160
f 5250/5970/5162 5262/5983/5174 5261/5982/5173 5249/5969/5161
f 5251/5971/5163 5263/5984/5175 5262/5983/5174 5250/5970/5162
f 5252/5972/5153 5264/5985/5165 5263/5984/5175 5251/5971/5163
f 5253/5973/5164 5265/5986/5176 5276/5998/5177 5264/5985/5165
f 5254/5974/5166 5266/5987/5178 5265/5986/5176 5253/5973/5164
f 5255/5975/5167 5267/5988/5179 5266/5987/5178 5254/5974/5166
f 5256/5977/5168 5268/5990/5180 5267/5989/5179 5255/5976/5167
f 5257/5978/5169 5269/5991/5181 5268/5990/5180 5256/5977/5168
f 5258/5979/5170 5270/5992/5182 5269/5991/5181 5257/5978/5169
f 5259/5980/5171 5271/5993/5183 5270/5992/5182 5258/5979/5170
f 5260/5981/5172 5272/5994/5184 5271/5993/5183 5259/5980/5171
f 5261/5982/5173 5273/5995/5185 5272/5994/5184 5260/5981/5172
f 5262/5983/5174 5274/5996/5186 5273/5995/5185 5261/5982/5173
f 5263/5984/5175 5275/5997/5187 5274/5996/5186 5262/5983/5174
f 5264/5985/5165 5276/5998/5177 5275/5997/5187 5263/5984/5175
f 5265/5986/5176 5277/5999/5188 5288/6011/5189 5276/5998/5177
f 5266/5987/5178 5278/6000/5190 5277/5999/5188 5265/5986/5176
f 5267/5988/5179 5279/6001/5191 5278/6000/5190 5266/5987/5178
f 5268/5990/5180 5280/6003/5192 5279/6002/5191 5267/5989/5179
f 5269/5991/5181 5281/6004/5193 5280/6003/5192 5268/5990/5180
f 5270/5992/5182 5282/6005/5194 5281/6004/5193 5269/5991/5181
f 5271/5993/5183 5283/6006/5195 5282/6005/5194 5270/5992/5182
f 5272/5994/5184 5284/6007/5196 5283/6006/5195 5271/5993/5183
f 5273/5995/5185 5285/6008/5197 5284/6007/5196 5272/5994/5184
f 5274/5996/5186 5286/6009/5198 5285/6008/5197 5273/5995/5185
f 5275/5997/5187 5287/6010/5199 5286/6009/5198 5274/5996/5186
f 5276/5998/5177 5288/6011/5189 5287/6010/5199 5275/5997/5187
f 5277/5999/5188 5289/6012/5200 5300/6024/5201 5288/6011/5189
f 5278/6000/5190 5290/6013/5202 5289/6012/5200 5277/5999/5188
f 5279/6001/5191 5291/6014/5203 5290/6013/5202 5278/6000/5190
f 5280/6003/5192 5292/6016/5204 5291/6015/5203 5279/6002/5191
f 5281/6004/5193 5293/6017/5205 5292/6016/5204 5280/6003/5192
f 5282/6005/5194 5294/6018/5206 5293/6017/5205 5281/6004/5193
f 5283/6006/5195 5295/6019/5207 5294/6018/5206 5282/6005/5194
f 5284/6007/5196 5296/6020/5208 5295/6019/5207 5283/6006/5195
f 5285/6008/5197 5297/6021/5209 5296/6020/5208 5284/6007/5196
f 5286/6009/5198 5298/6022/5210 5297/6021/5209 5285/6008/5197
f 5287/6010/5199 5299/6023/5211 5298/6022/5210 5286/6009/5198
f 5288/6011/5189 5300/6024/5201 5299/6023/5211 5287/6010/5199
f 5289/6012/5200 5301/6025/5212 5312/6037/5213 5300/6024/5201
f 5290/6013/5202 5302/6026/5214 5301/6025/5212 5289/6012/5200
f 5291/6014/5203 5303/6027/5215 5302/6026/5214 5290/6013/5202
f 5292/6016/5204 5304/6029/5216 5303/6028/5215 5291/6015/5203
f 5293/6017/5205 5305/6030/5217 5304/6029/5216 5292/6016/5204
f 5294/6018/5206 5306/6031/5218 5305/6030/5217 5293/6017/5205
f 5295/6019/5207 5307/6032/5219 5306/6031/5218 5294/6018/5206
f 5296/6020/5208 5308/6033/5220 5307/6032/5219 5295/6019/5207
f 5297/6021/5209 5309/6034/5221 5308/6033/5220 5296/6020/5208
f 5298/6022/5210 5310/6035/5222 5309/6034/5221 5297/6021/5209
f 5299/6023/5211 5311/6036/5223 5310/6035/5222 5298/6022/5210
f 5300/6024/5201 5312/6037/5213 5311/6036/5223 5299/6023/5211
f 5301/6025/5212 5313/6038/5224 5324/6050/5225 5312/6037/5213
f 5302/6026/5214 5314/6039/5226 5313/6038/5224 5301/6025/5212
f 5303/6027/5215 5315/6040/5227 5314/6039/5226 5302/6026/5214
f 5304/6029/5216 5316/6042/5228 5315/6041/5227 5303/6028/5215
f 5305/6030/5217 5317/6043/5229 5316/6042/5228 5304/6029/5216
f 5306/6031/5218 5318/6044/5230 5317/6043/5229 5305/6030/5217
f 5307/6032/5219 5319/6045/5231 5318/6044/5230 5306/6031/5218
f 5308/6033/5220 5320/6046/5232 5319/6045/5231 5307/6032/5219
f 5309/6034/5221 5321/6047/5233 5320/6046/5232 5308/6033/5220
f 5310/6035/5222 5322/6048/5234 5321/6047/5233 5309/6034/5221
f 5311/6036/5223 5323/6049/5235 5322/6048/5234 5310/6035/5222
f 5312/6037/5213 5324/6050/5225 5323/6049/5235 5311/6036/5223
f 5313/6038/5224 5325/6051/5236 5336/6063/5237 5324/6050/5225
f 5314/6039/5226 5326/6052/5238 5325/6051/5236 5313/6038/5224
f 5315/6040/5227 5327/6053/5239 5326/6052/5238 5314/6039/5226
f 5316/6042/5228 5328/6055/5240 5327/6054/5239 5315/6041/5227
f 5317/6043/5229 5329/6056/5241 5328/6055/5240 5316/6042/5228
f 5318/6044/5230 5330/6057/5242 5329/6056/5241 5317/6043/5229
f 5319/6045/5231 5331/6058/5243 5330/6057/5242 5318/6044/5230
f 5320/6046/5232 5332/6059/5244 5331/6058/5243 5319/6045/5231
f 5321/6047/5233 5333/6060/5245 5332/6059/5244 5320/6046/5232
f 5322/6048/5234 5334/6061/5246 5333/6060/5245 5321/6047/5233
f 5323/6049/5235 5335/6062/5247 5334/6061/5246 5322/6048/5234
f 5324/6050/5225 5336/6063/5237 5335/6062/5247 5323/6049/5235
f 5325/6051/5236 5337/6064/5248 5348/6076/5237 5336/6063/5237
f 5326/6052/5238 5338/6065/5249 5337/6064/5248 5325/6051/5236
f 5327/6053/5239 5339/6066/5250 5338/6065/5249 5326/6052/5238
f 5328/6055/5240 5340/6068/5251 5339/6067/5250 5327/6054/5239
f 5329/6056/5241 5341/6069/5252 5340/6068/5251 5328/6055/5240
f 5330/6057/5242 5342/6070/5242 5341/6069/5252 5329/6056/5241
f 5331/6058/5243 5343/6071/5253 5342/6070/5242 5330/6057/5242
f 5332/6059/5244 5344/6072/5254 5343/6071/5253 5331/6058/5243
f 5333/6060/5245 5345/6073/5255 5344/6072/5254 5332/6059/5244
f 5334/6061/5246 5346/6074/5256 5345/6073/5255 5333/6060/5245
f 5335/6062/5247 5347/6075/5257 5346/6074/5256 5334/6061/5246
f 5336/6063/5237 5348/6076/5237 5347/6075/5257 5335/6062/5247
f 5337/6064/5248 5349/6077/5258 5360/6089/5259 5348/6076/5237
f 5338/6065/5249 5350/6078/5260 5349/6077/5258 5337/6064/5248
f 5339/6066/5250 5351/6079/5261 5350/6078/5260 5338/6065/5249
f 5340/6068/5251 5352/6081/5262 5351/6080/5261 5339/6067/5250
f 5341/6069/5252 5353/6082/5263 5352/6081/5262 5340/6068/5251
f 5342/6070/5242 5354/6083/5264 5353/6082/5263 5341/6069/5252
f 5343/6071/5253 5355/6084/5265 5354/6083/5264 5342/6070/5242
f 5344/6072/5254 5356/6085/5266 5355/6084/5265 5343/6071/5253
f 5345/6073/5255 5357/6086/5267 5356/6085/5266 5344/6072/5254
f 5346/6074/5256 5358/6087/5268 5357/6086/5267 5345/6073/5255
f 5347/6075/5257 5359/6088/5269 5358/6087/5268 5346/6074/5256
f 5348/6076/5237 5360/6089/5259 5359/6088/5269 5347/6075/5257
f 5349/6077/5258 5361/6090/5270 5372/6102/5271 5360/6089/5259
f 5350/6078/5260 5362/6091/5272 5361/6090/5270 5349/6077/5258
f 5351/6079/5261 5363/6092/5273 5362/6091/5272 5350/6078/5260
f 5352/6081/5262 5364/6094/5274 5363/6093/5273 5351/6080/5261
f 5353/6082/5263 5365/6095/5275 5364/6094/5274 5352/6081/5262
f 5354/6083/5264 5366/6096/5276 5365/6095/5275 5353/6082/5263
f 5355/6084/5265 5367/6097/5277 5366/6096/5276 5354/6083/5264
f 5356/6085/5266 5368/6098/5278 5367/6097/5277 5355/6084/5265
f 5357/6086/5267 5369/6099/5279 5368/6098/5278 5356/6085/5266
f 5358/6087/5268 5370/6100/5280 5369/6099/5279 5357/6086/5267
f 5359/6088/5269 5371/6101/5281 5370/6100/5280 5358/6087/5268
f 5360/6089/5259 5372/6102/5271 5371/6101/5281 5359/6088/5269
f 5361/6090/5270 5373/6103/5282 5384/6115/5283 5372/6102/5271
f 5362/6091/5272 5374/6104/5284 5373/6103/5282 5361/6090/5270
f 5363/6092/5273 5375/6105/5285 5374/6104/5284 5362/6091/5272
f 5364/6094/5274 5376/6107/5286 5375/6106/5285 5363/6093/5273
f 5365/6095/5275 5377/6108/5287 5376/6107/5286 5364/6094/5274
f 5366/6096/5276 5378/6109/5288 5377/6108/5287 5365/6095/5275
f 5367/6097/5277 5379/6110/5289 5378/6109/5288 5366/6096/5276
f 5368/6098/5278 5380/6111/5290 5379/6110/5289 5367/6097/5277
f 5369/6099/5279 5381/6112/5291 5380/6111/5290 5368/6098/5278
f 5370/6100/5280 5382/6113/5292 5381/6112/5291 5369/6099/5279
f 5371/6101/5281 5383/6114/5293 5382/6113/5292 5370/6100/5280
f 5372/6102/5271 5384/6115/5283 5383/6114/5293 5371/6101/5281
f 5373/6103/5282 5385/6116/5294 5396/6128/5295 5384/6115/5283
f 5374/6104/5284 5386/6117/5296 5385/6116/5294 5373/6103/5282
f 5375/6105/5285 5387/6118/5297 5386/6117/5296 5374/6104/5284
f 5376/6107/5286 5388/6120/5298 5387/6119/5297 5375/6106/5285
f 5377/6108/5287 5389/6121/5299 5388/6120/5298 5376/6107/5286
f 5378/6109/5288 5390/6122/5300 5389/6121/5299 5377/6108/5287
f 5379/6110/5289 5391/6123/5301 5390/6122/5300 5378/6109/5288
f 5380/6111/5290 5392/6124/5302 5391/6123/5301 5379/6110/5289
f 5381/6112/5291 5393/6125/5303 5392/6124/5302 5380/6111/5290
f 5382/6113/5292 5394/6126/5304 5393/6125/5303 5381/6112/5291
f 5383/6114/5293 5395/6127/5305 5394/6126/5304 5382/6113/5292
f 5384/6115/5283 5396/6128/5295 5395/6127/5305 5383/6114/5293
f 5385/6116/5294 5397/6129/5306 5408/6141/5307 5396/6128/5295
f 5386/6117/5296 5398/6130/5308 5397/6129/5306 5385/6116/5294
f 5387/6118/5297 5399/6131/5309 5398/6130/5308 5386/6117/5296
f 5388/6120/5298 5400/6133/5310 5399/6132/5309 5387/6119/5297
f 5389/6121/5299 5401/6134/5311 5400/6133/5310 5388/6120/5298
f 5390/6122/5300 5402/6135/5312 5401/6134/5311 5389/6121/5299
f 5391/6123/5301 5403/6136/5313 5402/6135/5312 5390/6122/5300
f 5392/6124/5302 5404/6137/5314 5403/6136/5313 5391/6123/5301
f 5393/6125/5303 5405/6138/5315 5404/6137/5314 5392/6124/5302
f 5394/6126/5304 5406/6139/5316 5405/6138/5315 5393/6125/5303
f 5395/6127/5305 5407/6140/5317 5406/6139/5316 5394/6126/5304
f 5396/6128/5295 5408/6141/5307 5407/6140/5317 5395/6127/5305
f 5397/6129/5306 5409/6142/5318 5420/6154/5319 5408/6141/5307
f 5398/6130/5308 5410/6143/5320 5409/6142/5318 5397/6129/5306
f 5399/6131/5309 5411/6144/5321 5410/6143/5320 5398/6130/5308
f 5400/6133/5310 5412/6146/5322 5411/6145/5321 5399/6132/5309
f 5401/6134/5311 5413/6147/5323 5412/6146/5322 5400/6133/5310
f 5402/6135/5312 5414/6148/5324 5413/6147/5323 5401/6134/5311
f 5403/6136/5313 5415/6149/5325 5414/6148/5324 5402/6135/5312
f 5404/6137/5314 5416/6150/5326 5415/6149/5325 5403/6136/5313
f 5405/6138/5315 5417/6151/5327 5416/6150/5326 5404/6137/5314
f 5406/6139/5316 5418/6152/5328 5417/6151/5327 5405/6138/5315
f 5407/6140/5317 5419/6153/5329 5418/6152/5328 5406/6139/5316
f 5408/6141/5307 5420/6154/5319 5419/6153/5329 5407/6140/5317
f 5409/6142/5318 5421/6155/5330 5432/6167/5331 5420/6154/5319
f 5410/6143/5320 5422/6156/5332 5421/6155/5330 5409/6142/5318
f 5411/6144/5321 5423/6157/5333 5422/6156/5332 5410/6143/5320
f 5412/6146/5322 5424/6159/5334 5423/6158/5333 5411/6145/5321
f 5413/6147/5323 5425/6160/5335 5424/6159/5334 5412/6146/5322
f 5414/6148/5324 5426/6161/5336 5425/6160/5335 5413/6147/5323
f 5415/6149/5325 5427/6162/5337 5426/6161/5336 5414/6148/5324
f 5416/6150/5326 5428/6163/5338 5427/6162/5337 5415/6149/5325
f 5417/6151/5327 5429/6164/5339 5428/6163/5338 5416/6150/5326
f 5418/6152/5328 5430/6165/5340 5429/6164/5339 5417/6151/5327
f 5419/6153/5329 5431/6166/5341 5430/6165/5340 5418/6152/5328
f 5420/6154/5319 5432/6167/5331 5431/6166/5341 5419/6153/5329
f 5421/6155/5330 5433/6168/5342 5444/6180/5343 5432/6167/5331
f 5422/6156/5332 5434/6169/5344 5433/6168/5342 5421/6155/5330
f 5423/6157/5333 5435/6170/5345 5434/6169/5344 5422/6156/5332
f 5424/6159/5334 5436/6172/5346 5435/6171/5345 5423/6158/5333
f 5425/6160/5335 5437/6173/5347 5436/6172/5346 5424/6159/5334
f 5426/6161/5336 5438/6174/5348 5437/6173/5347 5425/6160/5335
f 5427/6162/5337 5439/6175/5349 5438/6174/5348 5426/6161/5336
f 5428/6163/5338 5440/6176/5350 5439/6175/5349 5427/6162/5337
f 5429/6164/5339 5441/6177/5351 5440/6176/5350 5428/6163/5338
f 5430/6165/5340 5442/6178/5352 5441/6177/5351 5429/6164/5339
f 5431/6166/5341 5443/6179/5353 5442/6178/5352 5430/6165/5340
f 5432/6167/5331 5444/6180/5343 5443/6179/5353 5431/6166/5341
f 5433/6168/5342 5445/6181/5354 5456/6193/5355 5444/6180/5343
f 5434/6169/5344 5446/6182/5356 5445/6181/5354 5433/6168/5342
f 5435/6170/5345 5447/6183/5357 5446/6182/5356 5434/6169/5344
f 5436/6172/5346 5448/6185/5358 5447/6184/5357 5435/6171/5345
f 5437/6173/5347 5449/6186/5359 5448/6185/5358 5436/6172/5346
f 5438/6174/5348 5450/6187/5360 5449/6186/5359 5437/6173/5347
f 5439/6175/5349 5451/6188/5361 5450/6187/5360 5438/6174/5348
f 5440/6176/5350 5452/6189/5362 5451/6188/5361 5439/6175/5349
f 5441/6177/5351 5453/6190/5363 5452/6189/5362 5440/6176/5350
f 5442/6178/5352 5454/6191/5364 5453/6190/5363 5441/6177/5351
f 5443/6179/5353 5455/6192/5365 5454/6191/5364 5442/6178/5352
f 5444/6180/5343 5456/6193/5355 5455/6192/5365 5443/6179/5353
f 5445/6181/5354 5457/6194/5366 5468/6206/5367 5456/6193/5355
f 5446/6182/5356 5458/6195/5368 5457/6194/5366 5445/6181/5354
f 5447/6183/5357 5459/6196/5369 5458/6195/5368 5446/6182/5356
f 5448/6185/5358 5460/6198/5370 5459/6197/5369 5447/6184/5357
f 5449/6186/5359 5461/6199/5371 5460/6198/5370 5448/6185/5358
f 5450/6187/5360 5462/6200/5372 5461/6199/5371 5449/6186/5359
f 5451/6188/5361 5463/6201/5373 5462/6200/5372 5450/6187/5360
f 5452/6189/5362 5464/6202/5374 5463/6201/5373 5451/6188/5361
f 5453/6190/5363 5465/6203/5375 5464/6202/5374 5452/6189/5362
f 5454/6191/5364 5466/6204/5376 5465/6203/5375 5453/6190/5363
f 5455/6192/5365 5467/6205/5377 5466/6204/5376 5454/6191/5364
f 5456/6193/5355 5468/6206/5367 5467/6205/5377 5455/6192/5365
f 5457/6194/5366 5469/6207/4984 5480/6219/5378 5468/6206/5367
f 5458/6195/5368 5470/6208/4981 5469/6207/4984 5457/6194/5366
f 5459/6196/5369 5471/6210/5379 5470/6208/4981 5458/6195/5368
f 5460/6198/5370 5472/6211/5380 5471/6209/5379 5459/6197/5369
f 5461/6199/5371 5473/6212/5381 5472/6211/5380 5460/6198/5370
f 5462/6200/5372 5474/6213/5382 5473/6212/5381 5461/6199/5371
f 5463/6201/5373 5475/6214/5383 5474/6213/5382 5462/6200/5372
f 5464/6202/5374 5476/6215/5384 5475/6214/5383 5463/6201/5373
f 5465/6203/5375 5477/6216/5385 5476/6215/5384 5464/6202/5374
f 5466/6204/5376 5478/6217/5386 5477/6216/5385 5465/6203/5375
f 5467/6205/5377 5479/6218/5387 5478/6217/5386 5466/6204/5376
f 5468/6206/5367 5480/6219/5378 5479/6218/5387 5467/6205/5377
f 5469/6207/4984 5656/6500/4983 5679/6537/5388 5480/6219/5378
f 5472/6211/5380 5662/6512/5389 5660/6507/5390 5471/6209/5379
f 5473/6212/5381 5664/6515/5391 5662/6512/5389 5472/6211/5380
f 5474/6213/5382 5666/6518/5392 5664/6515/5391 5473/6212/5381
f 5475/6214/5383 5669/6522/5393 5666/6518/5392 5474/6213/5382
f 5476/6215/5384 5671/6525/5394 5669/6522/5393 5475/6214/5383
f 5477/6216/5385 5673/6528/5395 5671/6525/5394 5476/6215/5384
f 5478/6217/5386 5675/6531/5396 5673/6528/5395 5477/6216/5385
f 5479/6218/5387 5677/6534/5397 5675/6531/5396 5478/6217/5386
f 5480/6219/5378 5679/6537/5388 5677/6534/5397 5479/6218/5387
f 5531/6300/4571 4689/5362/4570 4700/5374/4591 5554/6337/4590
f 5556/6340/4988 5085/5791/4987 5096/5803/5008 5579/6377/5007
f 5481/6220/3734 3897/4504/3733 3908/4516/3754 5504/6257/3753
f 5506/6260/4154 4293/4933/4153 4304/4945/4174 5529/6297/4173
f 5481/6220/3734 5504/6257/3753 5505/6259/5398 5482/6222/5399
f 5482/6221/5399 5505/6258/5398 5491/6238/5400
f 5491/6238/5400 5484/6224/5401 5482/6221/5399
f 5482/6222/5399 5484/6225/5401 5483/6223/3731 5481/6220/3734
f 5491/6238/5400 5486/6228/5402 5484/6224/5401
f 5484/6225/5401 5486/6229/5403 5485/6226/3735 5483/6223/3731
f 5491/6238/5400 5488/6233/5404 5486/6230/5402
f 5486/6231/5403 5488/6234/5404 5487/6232/3737 5485/6227/3735
f 5491/6238/5400 5490/6236/5405 5488/6233/5404
f 5488/6234/5404 5490/6237/5405 5489/6235/3739 5487/6232/3737
f 5491/6238/5400 5493/6240/5406 5490/6236/5405
f 5490/6237/5405 5493/6241/5406 5492/6239/3741 5489/6235/3739
f 5491/6238/5400 5495/6243/5407 5493/6240/5406
f 5493/6241/5406 5495/6244/5407 5494/6242/3743 5492/6239/3741
f 5491/6238/5400 5497/6246/5408 5495/6243/5407
f 5495/6244/5407 5497/6247/5408 5496/6245/3745 5494/6242/3743
f 5491/6238/5400 5499/6249/5409 5497/6246/5408
f 5497/6247/5408 5499/6250/5409 5498/6248/3747 5496/6245/3745
f 5491/6238/5400 5501/6252/5410 5499/6249/5409
f 5499/6250/5409 5501/6253/5410 5500/6251/3749 5498/6248/3747
f 5491/6238/5400 5503/6255/5411 5501/6252/5410
f 5501/6253/5410 5503/6256/5411 5502/6254/3751 5500/6251/3749
f 5491/6238/5400 5505/6258/5398 5503/6255/5411
f 5503/6256/5411 5505/6259/5398 5504/6257/3753 5502/6254/3751
f 5506/6260/4154 5529/6297/4173 5530/6299/5412 5507/6262/5413
f 5507/6261/5413 5530/6298/5412 5516/6278/5414
f 5516/6278/5414 5509/6264/5415 5507/6261/5413
f 5507/6262/5413 5509/6265/5415 5508/6263/4151 5506/6260/4154
f 5516/6278/5414 5511/6268/5416 5509/6264/5415
f 5509/6265/5415 5511/6269/5417 5510/6266/4155 5508/6263/4151
f 5516/6278/5414 5513/6273/5418 5511/6270/5416
f 5511/6271/5417 5513/6274/5418 5512/6272/4157 5510/6267/4155
f 5516/6278/5414 5515/6276/5419 5513/6273/5418
f 5513/6274/5418 5515/6277/5419 5514/6275/4159 5512/6272/4157
f 5516/6278/5414 5518/6280/5420 5515/6276/5419
f 5515/6277/5419 5518/6281/5420 5517/6279/4161 5514/6275/4159
f 5516/6278/5414 5520/6283/5421 5518/6280/5420
f 5518/6281/5420 5520/6284/5421 5519/6282/4163 5517/6279/4161
f 5516/6278/5414 5522/6286/5422 5520/6283/5421
f 5520/6284/5421 5522/6287/5422 5521/6285/4165 5519/6282/4163
f 5516/6278/5414 5524/6289/5423 5522/6286/5422
f 5522/6287/5422 5524/6290/5423 5523/6288/4167 5521/6285/4165
f 5516/6278/5414 5526/6292/5424 5524/6289/5423
f 5524/6290/5423 5526/6293/5424 5525/6291/4169 5523/6288/4167
f 5516/6278/5414 5528/6295/5425 5526/6292/5424
f 5526/6293/5424 5528/6296/5425 5527/6294/4171 5525/6291/4169
f 5516/6278/5414 5530/6298/5412 5528/6295/5425
f 5528/6296/5425 5530/6299/5412 5529/6297/4173 5527/6294/4171
f 5531/6300/4571 5554/6337/4590 5555/6339/5426 5532/6302/5427
f 5532/6301/5427 5555/6338/5426 5541/6318/5428
f 5541/6318/5428 5534/6304/5429 5532/6301/5427
f 5532/6302/5427 5534/6305/5429 5533/6303/4568 5531/6300/4571
f 5541/6318/5428 5536/6308/5430 5534/6304/5429
f 5534/6305/5429 5536/6309/5431 5535/6306/4572 5533/6303/4568
f 5541/6318/5428 5538/6313/5432 5536/6310/5430
f 5536/6311/5431 5538/6314/5432 5537/6312/4574 5535/6307/4572
f 5541/6318/5428 5540/6316/5433 5538/6313/5432
f 5538/6314/5432 5540/6317/5433 5539/6315/4576 5537/6312/4574
f 5541/6318/5428 5543/6320/5434 5540/6316/5433
f 5540/6317/5433 5543/6321/5434 5542/6319/4578 5539/6315/4576
f 5541/6318/5428 5545/6323/5435 5543/6320/5434
f 5543/6321/5434 5545/6324/5435 5544/6322/4580 5542/6319/4578
f 5541/6318/5428 5547/6326/5436 5545/6323/5435
f 5545/6324/5435 5547/6327/5436 5546/6325/4582 5544/6322/4580
f 5541/6318/5428 5549/6329/5437 5547/6326/5436
f 5547/6327/5436 5549/6330/5437 5548/6328/4584 5546/6325/4582
f 5541/6318/5428 5551/6332/5438 5549/6329/5437
f 5549/6330/5437 5551/6333/5438 5550/6331/4586 5548/6328/4584
f 5541/6318/5428 5553/6335/5439 5551/6332/5438
f 5551/6333/5438 5553/6336/5439 5552/6334/4588 5550/6331/4586
f 5541/6318/5428 5555/6338/5426 5553/6335/5439
f 5553/6336/5439 5555/6339/5426 5554/6337/4590 5552/6334/4588
f 5556/6340/4988 5579/6377/5007 5580/6379/5440 5557/6342/5441
f 5557/6341/5441 5580/6378/5440 5566/6358/5442
f 5566/6358/5442 5559/6344/5443 5557/6341/5441
f 5557/6342/5441 5559/6345/5443 5558/6343/4985 5556/6340/4988
f 5566/6358/5442 5561/6348/5444 5559/6344/5443
f 5559/6345/5443 5561/6349/5445 5560/6346/4989 5558/6343/4985
f 5566/6358/5442 5563/6353/5446 5561/6350/5444
f 5561/6351/5445 5563/6354/5446 5562/6352/4991 5560/6347/4989
f 5566/6358/5442 5565/6356/5447 5563/6353/5446
f 5563/6354/5446 5565/6357/5447 5564/6355/4993 5562/6352/4991
f 5566/6358/5442 5568/6360/5448 5565/6356/5447
f 5565/6357/5447 5568/6361/5448 5567/6359/4995 5564/6355/4993
f 5566/6358/5442 5570/6363/5449 5568/6360/5448
f 5568/6361/5448 5570/6364/5449 5569/6362/4997 5567/6359/4995
f 5566/6358/5442 5572/6366/5450 5570/6363/5449
f 5570/6364/5449 5572/6367/5450 5571/6365/4999 5569/6362/4997
f 5566/6358/5442 5574/6369/5451 5572/6366/5450
f 5572/6367/5450 5574/6370/5451 5573/6368/5001 5571/6365/4999
f 5566/6358/5442 5576/6372/5452 5574/6369/5451
f 5574/6370/5451 5576/6373/5452 5575/6371/5003 5573/6368/5001
f 5566/6358/5442 5578/6375/5453 5576/6372/5452
f 5576/6373/5452 5578/6376/5453 5577/6374/5005 5575/6371/5003
f 5566/6358/5442 5580/6378/5440 5578/6375/5453
f 5578/6376/5453 5580/6379/5440 5579/6377/5007 5577/6374/5005
f 4283/4923/4127 5585/6386/4139 5583/6383/5454 4282/4921/4126
f 5471/6210/5379 5660/6506/5390 5658/6503/4982 5470/6208/4981
f 5075/5781/4962 5635/6466/4973 5633/6463/4565 5074/5779/4564
f 4679/5352/4545 5610/6426/4556 5608/6423/4148 4678/5350/4147
f 5593/6401/5455 5605/6419/5456 5582/6382/5457
f 5582/6381/5457 5605/6418/5456 5604/6417/4137 5581/6380/4136
f 5581/6380/4136 5583/6383/5454 5584/6384/5458 5582/6381/5457
f 5582/6382/5457 5584/6385/5458 5593/6401/5455
f 5583/6383/5454 5585/6386/4139 5586/6388/5459 5584/6384/5458
f 5584/6385/5458 5586/6389/5459 5593/6401/5455
f 5585/6387/4139 5587/6392/4138 5588/6393/5460 5586/6390/5459
f 5586/6391/5459 5588/6394/5460 5593/6401/5455
f 5587/6392/4138 5589/6395/4140 5590/6396/5461 5588/6393/5460
f 5588/6394/5460 5590/6397/5461 5593/6401/5455
f 5589/6395/4140 5591/6398/4141 5592/6399/5462 5590/6396/5461
f 5590/6397/5461 5592/6400/5462 5593/6401/5455
f 5591/6398/4141 5594/6402/4142 5595/6403/5463 5592/6399/5462
f 5592/6400/5462 5595/6404/5463 5593/6401/5455
f 5594/6402/4142 5596/6405/4143 5597/6406/5464 5595/6403/5463
f 5595/6404/5463 5597/6407/5464 5593/6401/5455
f 5596/6405/4143 5598/6408/4144 5599/6409/5465 5597/6406/5464
f 5597/6407/5464 5599/6410/5465 5593/6401/5455
f 5598/6408/4144 5600/6411/4145 5601/6412/5466 5599/6409/5465
f 5599/6410/5465 5601/6413/5466 5593/6401/5455
f 5600/6411/4145 5602/6414/4146 5603/6415/5467 5601/6412/5466
f 5601/6413/5466 5603/6416/5467 5593/6401/5455
f 5602/6414/4146 5604/6417/4137 5605/6418/5456 5603/6415/5467
f 5603/6416/5467 5605/6419/5456 5593/6401/5455
f 5618/6441/5468 5630/6459/5469 5607/6422/5470
f 5607/6421/5470 5630/6458/5469 5629/6457/4554 5606/6420/4149
f 5606/6420/4149 5608/6423/4148 5609/6424/5471 5607/6421/5470
f 5607/6422/5470 5609/6425/5471 5618/6441/5468
f 5608/6423/4148 5610/6426/4556 5611/6428/5472 5609/6424/5471
f 5609/6425/5471 5611/6429/5472 5618/6441/5468
f 5610/6427/4556 5612/6432/4555 5613/6433/5473 5611/6430/5472
f 5611/6431/5472 5613/6434/5473 5618/6441/5468
f 5612/6432/4555 5614/6435/4557 5615/6436/5474 5613/6433/5473
f 5613/6434/5473 5615/6437/5474 5618/6441/5468
f 5614/6435/4557 5616/6438/4558 5617/6439/5475 5615/6436/5474
f 5615/6437/5474 5617/6440/5475 5618/6441/5468
f 5616/6438/4558 5619/6442/4559 5620/6443/5476 5617/6439/5475
f 5617/6440/5475 5620/6444/5476 5618/6441/5468
f 5619/6442/4559 5621/6445/4560 5622/6446/5477 5620/6443/5476
f 5620/6444/5476 5622/6447/5477 5618/6441/5468
f 5621/6445/4560 5623/6448/4561 5624/6449/5478 5622/6446/5477
f 5622/6447/5477 5624/6450/5478 5618/6441/5468
f 5623/6448/4561 5625/6451/4562 5626/6452/5479 5624/6449/5478
f 5624/6450/5478 5626/6453/5479 5618/6441/5468
f 5625/6451/4562 5627/6454/4563 5628/6455/5480 5626/6452/5479
f 5626/6453/5479 5628/6456/5480 5618/6441/5468
f 5627/6454/4563 5629/6457/4554 5630/6458/5469 5628/6455/5480
f 5628/6456/5480 5630/6459/5469 5618/6441/5468
f 5643/6481/5481 5655/6499/5482 5632/6462/5483
f 5632/6461/5483 5655/6498/5482 5654/6497/4971 5631/6460/4566
f 5631/6460/4566 5633/6463/4565 5634/6464/5484 5632/6461/5483
f 5632/6462/5483 5634/6465/5484 5643/6481/5481
f 5633/6463/4565 5635/6466/4973 5636/6468/5485 5634/6464/5484
f 5634/6465/5484 5636/6469/5485 5643/6481/5481
f 5635/6467/4973 5637/6472/4972 5638/6473/5486 5636/6470/5485
f 5636/6471/5485 5638/6474/5486 5643/6481/5481
f 5637/6472/4972 5639/6475/4974 5640/6476/5487 5638/6473/5486
f 5638/6474/5486 5640/6477/5487 5643/6481/5481
f 5639/6475/4974 5641/6478/4975 5642/6479/5488 5640/6476/5487
f 5640/6477/5487 5642/6480/5488 5643/6481/5481
f 5641/6478/4975 5644/6482/4976 5645/6483/5489 5642/6479/5488
f 5642/6480/5488 5645/6484/5489 5643/6481/5481
f 5644/6482/4976 5646/6485/4977 5647/6486/5490 5645/6483/5489
f 5645/6484/5489 5647/6487/5490 5643/6481/5481
f 5646/6485/4977 5648/6488/4978 5649/6489/5491 5647/6486/5490
f 5647/6487/5490 5649/6490/5491 5643/6481/5481
f 5648/6488/4978 5650/6491/4979 5651/6492/5492 5649/6489/5491
f 5649/6490/5491 5651/6493/5492 5643/6481/5481
f 5650/6491/4979 5652/6494/4980 5653/6495/5493 5651/6492/5492
f 5651/6493/5492 5653/6496/5493 5643/6481/5481
f 5652/6494/4980 5654/6497/4971 5655/6498/5482 5653/6495/5493
f 5653/6496/5493 5655/6499/5482 5643/6481/5481
f 5668/6521/5494 5680/6539/5495 5657/6502/5496
f 5657/6501/5496 5680/6538/5495 5679/6537/5388 5656/6500/4983
f 5656/6500/4983 5658/6503/4982 5659/6504/5497 5657/6501/5496
f 5657/6502/5496 5659/6505/5497 5668/6521/5494
f 5658/6503/4982 5660/6506/5390 5661/6508/5498 5659/6504/5497
f 5659/6505/5497 5661/6509/5498 5668/6521/5494
f 5660/6507/5390 5662/6512/5389 5663/6513/5499 5661/6510/5498
f 5661/6511/5498 5663/6514/5499 5668/6521/5494
f 5662/6512/5389 5664/6515/5391 5665/6516/5500 5663/6513/5499
f 5663/6514/5499 5665/6517/5500 5668/6521/5494
f 5664/6515/5391 5666/6518/5392 5667/6519/5501 5665/6516/5500
f 5665/6517/5500 5667/6520/5501 5668/6521/5494
f 5666/6518/5392 5669/6522/5393 5670/6523/5502 5667/6519/5501
f 5667/6520/5501 5670/6524/5502 5668/6521/5494
f 5669/6522/5393 5671/6525/5394 5672/6526/5503 5670/6523/5502
f 5670/6524/5502 5672/6527/5503 5668/6521/5494
f 5671/6525/5394 5673/6528/5395 5674/6529/5504 5672/6526/5503
f 5672/6527/5503 5674/6530/5504 5668/6521/5494
f 5673/6528/5395 5675/6531/5396 5676/6532/5505 5674/6529/5504
f 5674/6530/5504 5676/6533/5505 5668/6521/5494
f 5675/6531/5396 5677/6534/5397 5678/6535/5506 5676/6532/5505
f 5676/6533/5505 5678/6536/5506 5668/6521/5494
f 5677/6534/5397 5679/6537/5388 5680/6538/5495 5678/6535/5506
f 5678/6536/5506 5680/6539/5495 5668/6521/5494
f 4282/4921/4126 5583/6383/5454 5581/6380/4136 4281/4920/4124
f 5681/6540/1 5693/6553/2 5704/6565/3 5692/6552/4
f 5682/6541/5 5694/6554/6 5693/6553/2 5681/6540/1
f 5683/6542/7 5695/6555/8 5694/6554/6 5682/6541/5
f 5684/6543/9 5696/6556/10 5695/6555/8 5683/6542/7
f 5685/6544/11 5697/6557/12 5696/6556/10 5684/6543/9
f 5686/6545/13 5698/6558/14 5697/6557/12 5685/6544/11
f 5687/6547/15 5699/6560/16 5698/6559/14 5686/6546/13
f 5688/6548/17 5700/6561/18 5699/6560/16 5687/6547/15
f 5689/6549/19 5701/6562/20 5700/6561/18 5688/6548/17
f 5690/6550/21 5702/6563/22 5701/6562/20 5689/6549/19
f 5691/6551/23 5703/6564/24 5702/6563/22 5690/6550/21
f 5692/6552/4 5704/6565/3 5703/6564/24 5691/6551/23
f 5693/6553/2 5705/6566/5507 5716/6578/26 5704/6565/3
f 5694/6554/6 5706/6567/27 5705/6566/5507 5693/6553/2
f 5695/6555/8 5707/6568/28 5706/6567/27 5694/6554/6
f 5696/6556/10 5708/6569/29 5707/6568/28 5695/6555/8
f 5697/6557/12 5709/6570/30 5708/6569/29 5696/6556/10
f 5698/6558/14 5710/6571/31 5709/6570/30 5697/6557/12
f 5699/6560/16 5711/6573/32 5710/6572/31 5698/6559/14
f 5700/6561/18 5712/6574/33 5711/6573/32 5699/6560/16
f 5701/6562/20 5713/6575/34 5712/6574/33 5700/6561/18
f 5702/6563/22 5714/6576/35 5713/6575/34 5701/6562/20
f 5703/6564/24 5715/6577/36 5714/6576/35 5702/6563/22
f 5704/6565/3 5716/6578/26 5715/6577/36 5703/6564/24
f 5705/6566/5507 5717/6579/37 5728/6591/38 5716/6578/26
f 5706/6567/27 5718/6580/39 5717/6579/37 5705/6566/5507
f 5707/6568/28 5719/6581/40 5718/6580/39 5706/6567/27
f 5708/6569/29 5720/6582/41 5719/6581/40 5707/6568/28
f 5709/6570/30 5721/6583/5508 5720/6582/41 5708/6569/29
f 5710/6571/31 5722/6584/43 5721/6583/5508 5709/6570/30
f 5711/6573/32 5723/6586/5509 5722/6585/43 5710/6572/31
f 5712/6574/33 5724/6587/45 5723/6586/5509 5711/6573/32
f 5713/6575/34 5725/6588/46 5724/6587/45 5712/6574/33
f 5714/6576/35 5726/6589/47 5725/6588/46 5713/6575/34
f 5715/6577/36 5727/6590/48 5726/6589/47 5714/6576/35
f 5716/6578/26 5728/6591/38 5727/6590/48 5715/6577/36
f 5717/6579/37 5729/6592/49 5740/6604/50 5728/6591/38
f 5718/6580/39 5730/6593/5510 5729/6592/49 5717/6579/37
f 5719/6581/40 5731/6594/52 5730/6593/5510 5718/6580/39
f 5720/6582/41 5732/6595/53 5731/6594/52 5719/6581/40
f 5721/6583/5508 5733/6596/54 5732/6595/53 5720/6582/41
f 5722/6584/43 5734/6597/55 5733/6596/54 5721/6583/5508
f 5723/6586/5509 5735/6599/56 5734/6598/55 5722/6585/43
f 5724/6587/45 5736/6600/57 5735/6599/56 5723/6586/5509
f 5725/6588/46 5737/6601/58 5736/6600/57 5724/6587/45
f 5726/6589/47 5738/6602/59 5737/6601/58 5725/6588/46
f 5727/6590/48 5739/6603/60 5738/6602/59 5726/6589/47
f 5728/6591/38 5740/6604/50 5739/6603/60 5727/6590/48
f 5729/6592/49 5741/6605/61 5752/6617/350 5740/6604/50
f 5730/6593/5510 5742/6606/63 5741/6605/61 5729/6592/49
f 5731/6594/52 5743/6607/64 5742/6606/63 5730/6593/5510
f 5732/6595/53 5744/6608/65 5743/6607/64 5731/6594/52
f 5733/6596/54 5745/6609/66 5744/6608/65 5732/6595/53
f 5734/6597/55 5746/6610/67 5745/6609/66 5733/6596/54
f 5735/6599/56 5747/6612/68 5746/6611/67 5734/6598/55
f 5736/6600/57 5748/6613/69 5747/6612/68 5735/6599/56
f 5737/6601/58 5749/6614/5511 5748/6613/69 5736/6600/57
f 5738/6602/59 5750/6615/71 5749/6614/5511 5737/6601/58
f 5739/6603/60 5751/6616/72 5750/6615/71 5738/6602/59
f 5740/6604/50 5752/6617/350 5751/6616/72 5739/6603/60
f 5741/6605/61 5753/6618/73 5764/6630/74 5752/6617/350
f 5742/6606/63 5754/6619/75 5753/6618/73 5741/6605/61
f 5743/6607/64 5755/6620/76 5754/6619/75 5742/6606/63
f 5744/6608/65 5756/6621/77 5755/6620/76 5743/6607/64
f 5745/6609/66 5757/6622/78 5756/6621/77 5744/6608/65
f 5746/6610/67 5758/6623/79 5757/6622/78 5745/6609/66
f 5747/6612/68 5759/6625/80 5758/6624/79 5746/6611/67
f 5748/6613/69 5760/6626/81 5759/6625/80 5747/6612/68
f 5749/6614/5511 5761/6627/82 5760/6626/81 5748/6613/69
f 5750/6615/71 5762/6628/83 5761/6627/82 5749/6614/5511
f 5751/6616/72 5763/6629/84 5762/6628/83 5750/6615/71
f 5752/6617/350 5764/6630/74 5763/6629/84 5751/6616/72
f 5753/6618/73 5765/6631/85 5776/6643/86 5764/6630/74
f 5754/6619/75 5766/6632/87 5765/6631/85 5753/6618/73
f 5755/6620/76 5767/6633/88 5766/6632/87 5754/6619/75
f 5756/6621/77 5768/6634/5512 5767/6633/88 5755/6620/76
f 5757/6622/78 5769/6635/90 5768/6634/5512 5756/6621/77
f 5758/6623/79 5770/6636/91 5769/6635/90 5757/6622/78
f 5759/6625/80 5771/6638/92 5770/6637/91 5758/6624/79
f 5760/6626/81 5772/6639/93 5771/6638/92 5759/6625/80
f 5761/6627/82 5773/6640/94 5772/6639/93 5760/6626/81
f 5762/6628/83 5774/6641/95 5773/6640/94 5761/6627/82
f 5763/6629/84 5775/6642/96 5774/6641/95 5762/6628/83
f 5764/6630/74 5776/6643/86 5775/6642/96 5763/6629/84
f 5765/6631/85 5777/6644/97 5788/6656/98 5776/6643/86
f 5766/6632/87 5778/6645/5513 5777/6644/97 5765/6631/85
f 5767/6633/88 5779/6646/100 5778/6645/5513 5766/6632/87
f 5768/6634/5512 5780/6647/101 5779/6646/100 5767/6633/88
f 5769/6635/90 5781/6648/102 5780/6647/101 5768/6634/5512
f 5770/6636/91 5782/6649/5514 5781/6648/102 5769/6635/90
f 5771/6638/92 5783/6651/104 5782/6650/5514 5770/6637/91
f 5772/6639/93 5784/6652/105 5783/6651/104 5771/6638/92
f 5773/6640/94 5785/6653/106 5784/6652/105 5772/6639/93
f 5774/6641/95 5786/6654/107 5785/6653/106 5773/6640/94
f 5775/6642/96 5787/6655/108 5786/6654/107 5774/6641/95
f 5776/6643/86 5788/6656/98 5787/6655/108 5775/6642/96
f 5777/6644/97 5789/6657/109 5800/6669/110 5788/6656/98
f 5778/6645/5513 5790/6658/111 5789/6657/109 5777/6644/97
f 5779/6646/100 5791/6659/112 5790/6658/111 5778/6645/5513
f 5780/6647/101 5792/6660/113 5791/6659/112 5779/6646/100
f 5781/6648/102 5793/6661/5515 5792/6660/113 5780/6647/101
f 5782/6649/5514 5794/6662/115 5793/6661/5515 5781/6648/102
f 5783/6651/104 5795/6664/116 5794/6663/115 5782/6650/5514
f 5784/6652/105 5796/6665/117 5795/6664/116 5783/6651/104
f 5785/6653/106 5797/6666/118 5796/6665/117 5784/6652/105
f 5786/6654/107 5798/6667/119 5797/6666/118 5785/6653/106
f 5787/6655/108 5799/6668/120 5798/6667/119 5786/6654/107
f 5788/6656/98 5800/6669/110 5799/6668/120 5787/6655/108
f 5789/6657/109 5801/6670/121 5812/6682/122 5800/6669/110
f 5790/6658/111 5802/6671/123 5801/6670/121 5789/6657/109
f 5791/6659/112 5803/6672/124 5802/6671/123 5790/6658/111
f 5792/6660/113 5804/6673/125 5803/6672/124 5791/6659/112
f 5793/6661/5515 5805/6674/126 5804/6673/125 5792/6660/113
f 5794/6662/115 5806/6675/127 5805/6674/126 5793/6661/5515
f 5795/6664/116 5807/6677/128 5806/6676/127 5794/6663/115
f 5796/6665/117 5808/6678/129 5807/6677/128 5795/6664/116
f 5797/6666/118 5809/6679/130 5808/6678/129 5796/6665/117
f 5798/6667/119 5810/6680/131 5809/6679/130 5797/6666/118
f 5799/6668/120 5811/6681/132 5810/6680/131 5798/6667/119
f 5800/6669/110 5812/6682/122 5811/6681/132 5799/6668/120
f 5801/6670/121 5813/6683/133 5824/6695/134 5812/6682/122
f 5802/6671/123 5814/6684/135 5813/6683/133 5801/6670/121
f 5803/6672/124 5815/6685/136 5814/6684/135 5802/6671/123
f 5804/6673/125 5816/6686/137 5815/6685/136 5803/6672/124
f 5805/6674/126 5817/6687/138 5816/6686/137 5804/6673/125
f 5806/6675/127 5818/6688/139 5817/6687/138 5805/6674/126
f 5807/6677/128 5819/6690/140 5818/6689/139 5806/6676/127
f 5808/6678/129 5820/6691/141 5819/6690/140 5807/6677/128
f 5809/6679/130 5821/6692/142 5820/6691/141 5808/6678/129
f 5810/6680/131 5822/6693/143 5821/6692/142 5809/6679/130
f 5811/6681/132 5823/6694/144 5822/6693/143 5810/6680/131
f 5812/6682/122 5824/6695/134 5823/6694/144 5811/6681/132
f 5813/6683/133 5825/6696/145 5836/6708/146 5824/6695/134
f 5814/6684/135 5826/6697/147 5825/6696/145 5813/6683/133
f 5815/6685/136 5827/6698/148 5826/6697/147 5814/6684/135
f 5816/6686/137 5828/6699/5516 5827/6698/148 5815/6685/136
f 5817/6687/138 5829/6700/150 5828/6699/5516 5816/6686/137
f 5818/6688/139 5830/6701/151 5829/6700/150 5817/6687/138
f 5819/6690/140 5831/6703/152 5830/6702/151 5818/6689/139
f 5820/6691/141 5832/6704/5517 5831/6703/152 5819/6690/140
f 5821/6692/142 5833/6705/154 5832/6704/5517 5820/6691/141
f 5822/6693/143 5834/6706/155 5833/6705/154 5821/6692/142
f 5823/6694/144 5835/6707/156 5834/6706/155 5822/6693/143
f 5824/6695/134 5836/6708/146 5835/6707/156 5823/6694/144
f 5825/6696/145 5837/6709/157 5848/6721/158 5836/6708/146
f 5826/6697/147 5838/6710/159 5837/6709/157 5825/6696/145
f 5827/6698/148 5839/6711/160 5838/6710/159 5826/6697/147
f 5828/6699/5516 5840/6712/161 5839/6711/160 5827/6698/148
f 5829/6700/150 5841/6713/162 5840/6712/161 5828/6699/5516
f 5830/6701/151 5842/6714/163 5841/6713/162 5829/6700/150
f 5831/6703/152 5843/6716/164 5842/6715/163 5830/6702/151
f 5832/6704/5517 5844/6717/165 5843/6716/164 5831/6703/152
f 5833/6705/154 5845/6718/166 5844/6717/165 5832/6704/5517
f 5834/6706/155 5846/6719/167 5845/6718/166 5833/6705/154
f 5835/6707/156 5847/6720/168 5846/6719/167 5834/6706/155
f 5836/6708/146 5848/6721/158 5847/6720/168 5835/6707/156
f 5837/6709/157 5849/6722/169 5860/6734/170 5848/6721/158
f 5838/6710/159 5850/6723/171 5849/6722/169 5837/6709/157
f 5839/6711/160 5851/6724/172 5850/6723/171 5838/6710/159
f 5840/6712/161 5852/6725/173 5851/6724/172 5839/6711/160
f 5841/6713/162 5853/6726/174 5852/6725/173 5840/6712/161
f 5842/6714/163 5854/6727/175 5853/6726/174 5841/6713/162
f 5843/6716/164 5855/6729/176 5854/6728/175 5842/6715/163
f 5844/6717/165 5856/6730/5518 5855/6729/176 5843/6716/164
f 5845/6718/166 5857/6731/178 5856/6730/5518 5844/6717/165
f 5846/6719/167 5858/6732/179 5857/6731/178 5845/6718/166
f 5847/6720/168 5859/6733/180 5858/6732/179 5846/6719/167
f 5848/6721/158 5860/6734/170 5859/6733/180 5847/6720/168
f 5849/6722/169 5861/6735/181 5872/6747/182 5860/6734/170
f 5850/6723/171 5862/6736/183 5861/6735/181 5849/6722/169
f 5851/6724/172 5863/6737/184 5862/6736/183 5850/6723/171
f 5852/6725/173 5864/6738/185 5863/6737/184 5851/6724/172
f 5853/6726/174 5865/6739/5519 5864/6738/185 5852/6725/173
f 5854/6727/175 5866/6740/187 5865/6739/5519 5853/6726/174
f 5855/6729/176 5867/6742/188 5866/6741/187 5854/6728/175
f 5856/6730/5518 5868/6743/189 5867/6742/188 5855/6729/176
f 5857/6731/178 5869/6744/190 5868/6743/189 5856/6730/5518
f 5858/6732/179 5870/6745/191 5869/6744/190 5857/6731/178
f 5859/6733/180 5871/6746/192 5870/6745/191 5858/6732/179
f 5860/6734/170 5872/6747/182 5871/6746/192 5859/6733/180
f 5861/6735/181 5873/6748/193 5884/6760/194 5872/6747/182
f 5862/6736/183 5874/6749/195 5873/6748/193 5861/6735/181
f 5863/6737/184 5875/6750/196 5874/6749/195 5862/6736/183
f 5864/6738/185 5876/6751/197 5875/6750/196 5863/6737/184
f 5865/6739/5519 5877/6752/198 5876/6751/197 5864/6738/185
f 5866/6740/187 5878/6753/5520 5877/6752/198 5865/6739/5519
f 5867/6742/188 5879/6755/200 5878/6754/5520 5866/6741/187
f 5868/6743/189 5880/6756/201 5879/6755/200 5867/6742/188
f 5869/6744/190 5881/6757/202 5880/6756/201 5868/6743/189
f 5870/6745/191 5882/6758/203 5881/6757/202 5869/6744/190
f 5871/6746/192 5883/6759/204 5882/6758/203 5870/6745/191
f 5872/6747/182 5884/6760/194 5883/6759/204 5871/6746/192
f 5873/6748/193 5885/6761/205 5896/6773/5521 5884/6760/194
f 5874/6749/195 5886/6762/207 5885/6761/205 5873/6748/193
f 5875/6750/196 5887/6763/208 5886/6762/207 5874/6749/195
f 5876/6751/197 5888/6764/5522 5887/6763/208 5875/6750/196
f 5877/6752/198 5889/6765/210 5888/6764/5522 5876/6751/197
f 5878/6753/5520 5890/6766/211 5889/6765/210 5877/6752/198
f 5879/6755/200 5891/6768/212 5890/6767/211 5878/6754/5520
f 5880/6756/201 5892/6769/213 5891/6768/212 5879/6755/200
f 5881/6757/202 5893/6770/214 5892/6769/213 5880/6756/201
f 5882/6758/203 5894/6771/215 5893/6770/214 5881/6757/202
f 5883/6759/204 5895/6772/216 5894/6771/215 5882/6758/203
f 5884/6760/194 5896/6773/5521 5895/6772/216 5883/6759/204
f 5885/6761/205 5897/6774/217 5908/6786/218 5896/6773/5521
f 5886/6762/207 5898/6775/219 5897/6774/217 5885/6761/205
f 5887/6763/208 5899/6776/220 5898/6775/219 5886/6762/207
f 5888/6764/5522 5900/6777/221 5899/6776/220 5887/6763/208
f 5889/6765/210 5901/6778/222 5900/6777/221 5888/6764/5522
f 5890/6766/211 5902/6779/223 5901/6778/222 5889/6765/210
f 5891/6768/212 5903/6781/224 5902/6780/223 5890/6767/211
f 5892/6769/213 5904/6782/225 5903/6781/224 5891/6768/212
f 5893/6770/214 5905/6783/226 5904/6782/225 5892/6769/213
f 5894/6771/215 5906/6784/227 5905/6783/226 5893/6770/214
f 5895/6772/216 5907/6785/228 5906/6784/227 5894/6771/215
f 5896/6773/5521 5908/6786/218 5907/6785/228 5895/6772/216
f 5897/6774/217 5909/6787/229 5920/6799/502 5908/6786/218
f 5898/6775/219 5910/6788/231 5909/6787/229 5897/6774/217
f 5899/6776/220 5911/6789/232 5910/6788/231 5898/6775/219
f 5900/6777/221 5912/6790/233 5911/6789/232 5899/6776/220
f 5901/6778/222 5913/6791/234 5912/6790/233 5900/6777/221
f 5902/6779/223 5914/6792/235 5913/6791/234 5901/6778/222
f 5903/6781/224 5915/6794/236 5914/6793/235 5902/6780/223
f 5904/6782/225 5916/6795/5523 5915/6794/236 5903/6781/224
f 5905/6783/226 5917/6796/5524 5916/6795/5523 5904/6782/225
f 5906/6784/227 5918/6797/239 5917/6796/5524 5905/6783/226
f 5907/6785/228 5919/6798/240 5918/6797/239 5906/6784/227
f 5908/6786/218 5920/6799/502 5919/6798/240 5907/6785/228
f 5909/6787/229 5921/6800/241 5932/6812/242 5920/6799/502
f 5910/6788/231 5922/6801/5525 5921/6800/241 5909/6787/229
f 5911/6789/232 5923/6802/244 5922/6801/5525 5910/6788/231
f 5912/6790/233 5924/6803/245 5923/6802/244 5911/6789/232
f 5913/6791/234 5925/6804/246 5924/6803/245 5912/6790/233
f 5914/6792/235 5926/6805/247 5925/6804/246 5913/6791/234
f 5915/6794/236 5927/6807/248 5926/6806/247 5914/6793/235
f 5916/6795/5523 5928/6808/249 5927/6807/248 5915/6794/236
f 5917/6796/5524 5929/6809/250 5928/6808/249 5916/6795/5523
f 5918/6797/239 5930/6810/5526 5929/6809/250 5917/6796/5524
f 5919/6798/240 5931/6811/252 5930/6810/5526 5918/6797/239
f 5920/6799/502 5932/6812/242 5931/6811/252 5919/6798/240
f 5921/6800/241 5933/6813/253 5944/6825/254 5932/6812/242
f 5922/6801/5525 5934/6814/255 5933/6813/253 5921/6800/241
f 5923/6802/244 5935/6815/256 5934/6814/255 5922/6801/5525
f 5924/6803/245 5936/6816/257 5935/6815/256 5923/6802/244
f 5925/6804/246 5937/6817/5527 5936/6816/257 5924/6803/245
f 5926/6805/247 5938/6818/259 5937/6817/5527 5925/6804/246
f 5927/6807/248 5939/6820/5528 5938/6819/259 5926/6806/247
f 5928/6808/249 5940/6821/261 5939/6820/5528 5927/6807/248
f 5929/6809/250 5941/6822/262 5940/6821/261 5928/6808/249
f 5930/6810/5526 5942/6823/263 5941/6822/262 5929/6809/250
f 5931/6811/252 5943/6824/264 5942/6823/263 5930/6810/5526
f 5932/6812/242 5944/6825/254 5943/6824/264 5931/6811/252
f 5933/6813/253 5945/6826/265 5956/6838/266 5944/6825/254
f 5934/6814/255 5946/6827/267 5945/6826/265 5933/6813/253
f 5935/6815/256 5947/6828/268 5946/6827/267 5934/6814/255
f 5936/6816/257 5948/6829/269 5947/6828/268 5935/6815/256
f 5937/6817/5527 5949/6830/270 5948/6829/269 5936/6816/257
f 5938/6818/259 5950/6831/271 5949/6830/270 5937/6817/5527
f 5939/6820/5528 5951/6833/272 5950/6832/271 5938/6819/259
f 5940/6821/261 5952/6834/5529 5951/6833/272 5939/6820/5528
f 5941/6822/262 5953/6835/274 5952/6834/5529 5940/6821/261
f 5942/6823/263 5954/6836/275 5953/6835/274 5941/6822/262
f 5943/6824/264 5955/6837/276 5954/6836/275 5942/6823/263
f 5944/6825/254 5956/6838/266 5955/6837/276 5943/6824/264
f 5945/6826/265 5957/6839/277 5968/6851/278 5956/6838/266
f 5946/6827/267 5958/6840/279 5957/6839/277 5945/6826/265
f 5947/6828/268 5959/6841/280 5958/6840/279 5946/6827/267
f 5948/6829/269 5960/6842/281 5959/6841/280 5947/6828/268
f 5949/6830/270 5961/6843/282 5960/6842/281 5948/6829/269
f 5950/6831/271 5962/6844/283 5961/6843/282 5949/6830/270
f 5951/6833/272 5963/6846/284 5962/6845/283 5950/6832/271
f 5952/6834/5529 5964/6847/285 5963/6846/284 5951/6833/272
f 5953/6835/274 5965/6848/286 5964/6847/285 5952/6834/5529
f 5954/6836/275 5966/6849/287 5965/6848/286 5953/6835/274
f 5955/6837/276 5967/6850/288 5966/6849/287 5954/6836/275
f 5956/6838/266 5968/6851/278 5967/6850/288 5955/6837/276
f 5957/6839/277 5969/6852/289 5980/6864/13 5968/6851/278
f 5958/6840/279 5970/6853/290 5969/6852/289 5957/6839/277
f 5959/6841/280 5971/6854/291 5970/6853/290 5958/6840/279
f 5960/6842/281 5972/6855/292 5971/6854/291 5959/6841/280
f 5961/6843/282 5973/6856/293 5972/6855/292 5960/6842/281
f 5962/6844/283 5974/6857/4 5973/6856/293 5961/6843/282
f 5963/6846/284 5975/6859/294 5974/6858/4 5962/6845/283
f 5964/6847/285 5976/6860/5530 5975/6859/294 5963/6846/284
f 5965/6848/286 5977/6861/296 5976/6860/5530 5964/6847/285
f 5966/6849/287 5978/6862/297 5977/6861/296 5965/6848/286
f 5967/6850/288 5979/6863/298 5978/6862/297 5966/6849/287
f 5968/6851/278 5980/6864/13 5979/6863/298 5967/6850/288
f 5969/6852/289 5981/6865/299 5992/6877/14 5980/6864/13
f 5970/6853/290 5982/6866/300 5981/6865/299 5969/6852/289
f 5971/6854/291 5983/6867/301 5982/6866/300 5970/6853/290
f 5972/6855/292 5984/6868/302 5983/6867/301 5971/6854/291
f 5973/6856/293 5985/6869/303 5984/6868/302 5972/6855/292
f 5974/6857/4 5986/6870/3 5985/6869/303 5973/6856/293
f 5975/6859/294 5987/6872/304 5986/6871/3 5974/6858/4
f 5976/6860/5530 5988/6873/305 5987/6872/304 5975/6859/294
f 5977/6861/296 5989/6874/306 5988/6873/305 5976/6860/5530
f 5978/6862/297 5990/6875/307 5989/6874/306 5977/6861/296
f 5979/6863/298 5991/6876/308 5990/6875/307 5978/6862/297
f 5980/6864/13 5992/6877/14 5991/6876/308 5979/6863/298
f 5981/6865/299 5993/6878/309 6004/6890/310 5992/6877/14
f 5982/6866/300 5994/6879/311 5993/6878/309 5981/6865/299
f 5983/6867/301 5995/6880/312 5994/6879/311 5982/6866/300
f 5984/6868/302 5996/6881/313 5995/6880/312 5983/6867/301
f 5985/6869/303 5997/6882/314 5996/6881/313 5984/6868/302
f 5986/6870/3 5998/6883/315 5997/6882/314 5985/6869/303
f 5987/6872/304 5999/6885/316 5998/6884/315 5986/6871/3
f 5988/6873/305 6000/6886/5531 5999/6885/316 5987/6872/304
f 5989/6874/306 6001/6887/318 6000/6886/5531 5988/6873/305
f 5990/6875/307 6002/6888/319 6001/6887/318 5989/6874/306
f 5991/6876/308 6003/6889/320 6002/6888/319 5990/6875/307
f 5992/6877/14 6004/6890/310 6003/6889/320 5991/6876/308
f 5993/6878/309 6005/6891/321 6016/6915/322 6004/6890/310
f 5994/6879/311 6006/6893/323 6005/6891/321 5993/6878/309
f 5995/6880/312 6007/6895/324 6006/6893/323 5994/6879/311
f 5996/6881/313 6008/6897/325 6007/6895/324 5995/6880/312
f 5997/6882/314 6009/6899/5532 6008/6897/325 5996/6881/313
f 5998/6883/315 6010/6901/327 6009/6899/5532 5997/6882/314
f 5999/6885/316 6011/6905/5533 6010/6902/327 5998/6884/315
f 6000/6886/5531 6012/6907/329 6011/6905/5533 5999/6885/316
f 6001/6887/318 6013/6909/330 6012/6907/329 6000/6886/5531
f 6002/6888/319 6014/6911/331 6013/6909/330 6001/6887/318
f 6003/6889/320 6015/6913/332 6014/6911/331 6002/6888/319
f 6004/6890/310 6016/6915/322 6015/6913/332 6003/6889/320
f 6005/6892/321 6017/6917/333 6028/6929/334 6016/6916/322
f 6006/6894/323 6018/6918/5534 6017/6917/333 6005/6892/321
f 6007/6896/324 6019/6919/336 6018/6918/5534 6006/6894/323
f 6008/6898/325 6020/6920/337 6019/6919/336 6007/6896/324
f 6009/6900/5532 6021/6921/338 6020/6920/337 6008/6898/325
f 6010/6903/327 6022/6922/339 6021/6921/338 6009/6900/5532
f 6011/6906/5533 6023/6924/340 6022/6923/339 6010/6904/327
f 6012/6908/329 6024/6925/341 6023/6924/340 6011/6906/5533
f 6013/6910/330 6025/6926/342 6024/6925/341 6012/6908/329
f 6014/6912/331 6026/6927/343 6025/6926/342 6013/6910/330
f 6015/6914/332 6027/6928/344 6026/6927/343 6014/6912/331
f 6016/6916/322 6028/6929/334 6027/6928/344 6015/6914/332
f 6017/6917/333 6029/6930/345 6040/6942/5535 6028/6929/334
f 6018/6918/5534 6030/6931/346 6029/6930/345 6017/6917/333
f 6019/6919/336 6031/6932/5536 6030/6931/346 6018/6918/5534
f 6020/6920/337 6032/6933/348 6031/6932/5536 6019/6919/336
f 6021/6921/338 6033/6934/349 6032/6933/348 6020/6920/337
f 6022/6922/339 6034/6935/350 6033/6934/349 6021/6921/338
f 6023/6924/340 6035/6937/351 6034/6936/350 6022/6923/339
f 6024/6925/341 6036/6938/352 6035/6937/351 6023/6924/340
f 6025/6926/342 6037/6939/5537 6036/6938/352 6024/6925/341
f 6026/6927/343 6038/6940/354 6037/6939/5537 6025/6926/342
f 6027/6928/344 6039/6941/355 6038/6940/354 6026/6927/343
f 6028/6929/334 6040/6942/5535 6039/6941/355 6027/6928/344
f 6029/6930/345 6041/6943/356 6052/6955/79 6040/6942/5535
f 6030/6931/346 6042/6944/357 6041/6943/356 6029/6930/345
f 6031/6932/5536 6043/6945/358 6042/6944/357 6030/6931/346
f 6032/6933/348 6044/6946/359 6043/6945/358 6031/6932/5536
f 6033/6934/349 6045/6947/360 6044/6946/359 6032/6933/348
f 6034/6935/350 6046/6948/74 6045/6947/360 6033/6934/349
f 6035/6937/351 6047/6950/361 6046/6949/74 6034/6936/350
f 6036/6938/352 6048/6951/362 6047/6950/361 6035/6937/351
f 6037/6939/5537 6049/6952/363 6048/6951/362 6036/6938/352
f 6038/6940/354 6050/6953/364 6049/6952/363 6037/6939/5537
f 6039/6941/355 6051/6954/365 6050/6953/364 6038/6940/354
f 6040/6942/5535 6052/6955/79 6051/6954/365 6039/6941/355
f 6041/6943/356 6053/6956/366 6064/6968/367 6052/6955/79
f 6042/6944/357 6054/6957/368 6053/6956/366 6041/6943/356
f 6043/6945/358 6055/6958/369 6054/6957/368 6042/6944/357
f 6044/6946/359 6056/6959/5538 6055/6958/369 6043/6945/358
f 6045/6947/360 6057/6960/371 6056/6959/5538 6044/6946/359
f 6046/6948/74 6058/6961/372 6057/6960/371 6045/6947/360
f 6047/6950/361 6059/6963/373 6058/6962/372 6046/6949/74
f 6048/6951/362 6060/6964/374 6059/6963/373 6047/6950/361
f 6049/6952/363 6061/6965/375 6060/6964/374 6048/6951/362
f 6050/6953/364 6062/6966/376 6061/6965/375 6049/6952/363
f 6051/6954/365 6063/6967/377 6062/6966/376 6050/6953/364
f 6052/6955/79 6064/6968/367 6063/6967/377 6051/6954/365
f 6053/6956/366 6065/6969/378 6076/6981/103 6064/6968/367
f 6054/6957/368 6066/6970/5539 6065/6969/378 6053/6956/366
f 6055/6958/369 6067/6971/380 6066/6970/5539 6054/6957/368
f 6056/6959/5538 6068/6972/381 6067/6971/380 6055/6958/369
f 6057/6960/371 6069/6973/382 6068/6972/381 6056/6959/5538
f 6058/6961/372 6070/6974/98 6069/6973/382 6057/6960/371
f 6059/6963/373 6071/6976/383 6070/6975/98 6058/6962/372
f 6060/6964/374 6072/6977/384 6071/6976/383 6059/6963/373
f 6061/6965/375 6073/6978/385 6072/6977/384 6060/6964/374
f 6062/6966/376 6074/6979/5540 6073/6978/385 6061/6965/375
f 6063/6967/377 6075/6980/387 6074/6979/5540 6062/6966/376
f 6064/6968/367 6076/6981/103 6075/6980/387 6063/6967/377
f 6065/6969/378 6077/6982/388 6088/6994/389 6076/6981/103
f 6066/6970/5539 6078/6983/390 6077/6982/388 6065/6969/378
f 6067/6971/380 6079/6984/391 6078/6983/390 6066/6970/5539
f 6068/6972/381 6080/6985/392 6079/6984/391 6067/6971/380
f 6069/6973/382 6081/6986/5541 6080/6985/392 6068/6972/381
f 6070/6974/98 6082/6987/394 6081/6986/5541 6069/6973/382
f 6071/6976/383 6083/6989/395 6082/6988/394 6070/6975/98
f 6072/6977/384 6084/6990/396 6083/6989/395 6071/6976/383
f 6073/6978/385 6085/6991/397 6084/6990/396 6072/6977/384
f 6074/6979/5540 6086/6992/398 6085/6991/397 6073/6978/385
f 6075/6980/387 6087/6993/399 6086/6992/398 6074/6979/5540
f 6076/6981/103 6088/6994/389 6087/6993/399 6075/6980/387
f 6077/6982/388 6089/6995/400 6100/7007/401 6088/6994/389
f 6078/6983/390 6090/6996/402 6089/6995/400 6077/6982/388
f 6079/6984/391 6091/6997/403 6090/6996/402 6078/6983/390
f 6080/6985/392 6092/6998/404 6091/6997/403 6079/6984/391
f 6081/6986/5541 6093/6999/405 6092/6998/404 6080/6985/392
f 6082/6987/394 6094/7000/406 6093/6999/405 6081/6986/5541
f 6083/6989/395 6095/7002/407 6094/7001/406 6082/6988/394
f 6084/6990/396 6096/7003/5542 6095/7002/407 6083/6989/395
f 6085/6991/397 6097/7004/409 6096/7003/5542 6084/6990/396
f 6086/6992/398 6098/7005/410 6097/7004/409 6085/6991/397
f 6087/6993/399 6099/7006/411 6098/7005/410 6086/6992/398
f 6088/6994/389 6100/7007/401 6099/7006/411 6087/6993/399
f 6089/6995/400 6101/7008/412 6112/7020/139 6100/7007/401
f 6090/6996/402 6102/7009/413 6101/7008/412 6089/6995/400
f 6091/6997/403 6103/7010/414 6102/7009/413 6090/6996/402
f 6092/6998/404 6104/7011/415 6103/7010/414 6091/6997/403
f 6093/6999/405 6105/7012/416 6104/7011/415 6092/6998/404
f 6094/7000/406 6106/7013/134 6105/7012/416 6093/6999/405
f 6095/7002/407 6107/7015/417 6106/7014/134 6094/7001/406
f 6096/7003/5542 6108/7016/418 6107/7015/417 6095/7002/407
f 6097/7004/409 6109/7017/419 6108/7016/418 6096/7003/5542
f 6098/7005/410 6110/7018/420 6109/7017/419 6097/7004/409
f 6099/7006/411 6111/7019/421 6110/7018/420 6098/7005/410
f 6100/7007/401 6112/7020/139 6111/7019/421 6099/7006/411
f 6101/7008/412 6113/7021/422 6124/7033/151 6112/7020/139
f 6102/7009/413 6114/7022/423 6113/7021/422 6101/7008/412
f 6103/7010/414 6115/7023/424 6114/7022/423 6102/7009/413
f 6104/7011/415 6116/7024/5543 6115/7023/424 6103/7010/414
f 6105/7012/416 6117/7025/426 6116/7024/5543 6104/7011/415
f 6106/7013/134 6118/7026/146 6117/7025/426 6105/7012/416
f 6107/7015/417 6119/7028/427 6118/7027/146 6106/7014/134
f 6108/7016/418 6120/7029/5544 6119/7028/427 6107/7015/417
f 6109/7017/419 6121/7030/429 6120/7029/5544 6108/7016/418
f 6110/7018/420 6122/7031/430 6121/7030/429 6109/7017/419
f 6111/7019/421 6123/7032/431 6122/7031/430 6110/7018/420
f 6112/7020/139 6124/7033/151 6123/7032/431 6111/7019/421
f 6113/7021/422 6125/7034/432 6136/7046/163 6124/7033/151
f 6114/7022/423 6126/7035/433 6125/7034/432 6113/7021/422
f 6115/7023/424 6127/7036/434 6126/7035/433 6114/7022/423
f 6116/7024/5543 6128/7037/435 6127/7036/434 6115/7023/424
f 6117/7025/426 6129/7038/436 6128/7037/435 6116/7024/5543
f 6118/7026/146 6130/7039/158 6129/7038/436 6117/7025/426
f 6119/7028/427 6131/7041/437 6130/7040/158 6118/7027/146
f 6120/7029/5544 6132/7042/438 6131/7041/437 6119/7028/427
f 6121/7030/429 6133/7043/439 6132/7042/438 6120/7029/5544
f 6122/7031/430 6134/7044/440 6133/7043/439 6121/7030/429
f 6123/7032/431 6135/7045/441 6134/7044/440 6122/7031/430
f 6124/7033/151 6136/7046/163 6135/7045/441 6123/7032/431
f 6125/7034/432 6137/7047/442 6148/7059/443 6136/7046/163
f 6126/7035/433 6138/7048/444 6137/7047/442 6125/7034/432
f 6127/7036/434 6139/7049/445 6138/7048/444 6126/7035/433
f 6128/7037/435 6140/7050/5545 6139/7049/445 6127/7036/434
f 6129/7038/436 6141/7051/447 6140/7050/5545 6128/7037/435
f 6130/7039/158 6142/7052/448 6141/7051/447 6129/7038/436
f 6131/7041/437 6143/7054/449 6142/7053/448 6130/7040/158
f 6132/7042/438 6144/7055/5546 6143/7054/449 6131/7041/437
f 6133/7043/439 6145/7056/451 6144/7055/5546 6132/7042/438
f 6134/7044/440 6146/7057/452 6145/7056/451 6133/7043/439
f 6135/7045/441 6147/7058/453 6146/7057/452 6134/7044/440
f 6136/7046/163 6148/7059/443 6147/7058/453 6135/7045/441
f 6137/7047/442 6149/7060/454 6160/7072/455 6148/7059/443
f 6138/7048/444 6150/7061/456 6149/7060/454 6137/7047/442
f 6139/7049/445 6151/7062/457 6150/7061/456 6138/7048/444
f 6140/7050/5545 6152/7063/458 6151/7062/457 6139/7049/445
f 6141/7051/447 6153/7064/5547 6152/7063/458 6140/7050/5545
f 6142/7052/448 6154/7065/460 6153/7064/5547 6141/7051/447
f 6143/7054/449 6155/7067/461 6154/7066/460 6142/7053/448
f 6144/7055/5546 6156/7068/462 6155/7067/461 6143/7054/449
f 6145/7056/451 6157/7069/463 6156/7068/462 6144/7055/5546
f 6146/7057/452 6158/7070/464 6157/7069/463 6145/7056/451
f 6147/7058/453 6159/7071/465 6158/7070/464 6146/7057/452
f 6148/7059/443 6160/7072/455 6159/7071/465 6147/7058/453
f 6149/7060/454 6161/7073/466 6172/7085/199 6160/7072/455
f 6150/7061/456 6162/7074/5548 6161/7073/466 6149/7060/454
f 6151/7062/457 6163/7075/468 6162/7074/5548 6150/7061/456
f 6152/7063/458 6164/7076/469 6163/7075/468 6151/7062/457
f 6153/7064/5547 6165/7077/470 6164/7076/469 6152/7063/458
f 6154/7065/460 6166/7078/5549 6165/7077/470 6153/7064/5547
f 6155/7067/461 6167/7080/471 6166/7079/5549 6154/7066/460
f 6156/7068/462 6168/7081/472 6167/7080/471 6155/7067/461
f 6157/7069/463 6169/7082/473 6168/7081/472 6156/7068/462
f 6158/7070/464 6170/7083/5550 6169/7082/473 6157/7069/463
f 6159/7071/465 6171/7084/475 6170/7083/5550 6158/7070/464
f 6160/7072/455 6172/7085/199 6171/7084/475 6159/7071/465
f 6161/7073/466 6173/7086/476 6184/7098/477 6172/7085/199
f 6162/7074/5548 6174/7087/478 6173/7086/476 6161/7073/466
f 6163/7075/468 6175/7088/479 6174/7087/478 6162/7074/5548
f 6164/7076/469 6176/7089/480 6175/7088/479 6163/7075/468
f 6165/7077/470 6177/7090/481 6176/7089/480 6164/7076/469
f 6166/7078/5549 6178/7091/206 6177/7090/481 6165/7077/470
f 6167/7080/471 6179/7093/482 6178/7092/206 6166/7079/5549
f 6168/7081/472 6180/7094/483 6179/7093/482 6167/7080/471
f 6169/7082/473 6181/7095/484 6180/7094/483 6168/7081/472
f 6170/7083/5550 6182/7096/485 6181/7095/484 6169/7082/473
f 6171/7084/475 6183/7097/486 6182/7096/485 6170/7083/5550
f 6172/7085/199 6184/7098/477 6183/7097/486 6171/7084/475
f 6173/7086/476 6185/7099/487 6196/7111/223 6184/7098/477
f 6174/7087/478 6186/7100/488 6185/7099/487 6173/7086/476
f 6175/7088/479 6187/7101/489 6186/7100/488 6174/7087/478
f 6176/7089/480 6188/7102/490 6187/7101/489 6175/7088/479
f 6177/7090/481 6189/7103/491 6188/7102/490 6176/7089/480
f 6178/7091/206 6190/7104/218 6189/7103/491 6177/7090/481
f 6179/7093/482 6191/7106/492 6190/7105/218 6178/7092/206
f 6180/7094/483 6192/7107/493 6191/7106/492 6179/7093/482
f 6181/7095/484 6193/7108/494 6192/7107/493 6180/7094/483
f 6182/7096/485 6194/7109/495 6193/7108/494 6181/7095/484
f 6183/7097/486 6195/7110/496 6194/7109/495 6182/7096/485
f 6184/7098/477 6196/7111/223 6195/7110/496 6183/7097/486
f 6185/7099/487 6197/7112/497 6208/7124/5551 6196/7111/223
f 6186/7100/488 6198/7113/498 6197/7112/497 6185/7099/487
f 6187/7101/489 6199/7114/5552 6198/7113/498 6186/7100/488
f 6188/7102/490 6200/7115/500 6199/7114/5552 6187/7101/489
f 6189/7103/491 6201/7116/501 6200/7115/500 6188/7102/490
f 6190/7104/218 6202/7117/502 6201/7116/501 6189/7103/491
f 6191/7106/492 6203/7119/503 6202/7118/502 6190/7105/218
f 6192/7107/493 6204/7120/504 6203/7119/503 6191/7106/492
f 6193/7108/494 6205/7121/505 6204/7120/504 6192/7107/493
f 6194/7109/495 6206/7122/506 6205/7121/505 6193/7108/494
f 6195/7110/496 6207/7123/507 6206/7122/506 6194/7109/495
f 6196/7111/223 6208/7124/5551 6207/7123/507 6195/7110/496
f 6197/7112/497 6209/7125/508 6220/7137/509 6208/7124/5551
f 6198/7113/498 6210/7126/5553 6209/7125/508 6197/7112/497
f 6199/7114/5552 6211/7127/511 6210/7126/5553 6198/7113/498
f 6200/7115/500 6212/7128/512 6211/7127/511 6199/7114/5552
f 6201/7116/501 6213/7129/513 6212/7128/512 6200/7115/500
f 6202/7117/502 6214/7130/242 6213/7129/513 6201/7116/501
f 6203/7119/503 6215/7132/514 6214/7131/242 6202/7118/502
f 6204/7120/504 6216/7133/515 6215/7132/514 6203/7119/503
f 6205/7121/505 6217/7134/516 6216/7133/515 6204/7120/504
f 6206/7122/506 6218/7135/5554 6217/7134/516 6205/7121/505
f 6207/7123/507 6219/7136/518 6218/7135/5554 6206/7122/506
f 6208/7124/5551 6220/7137/509 6219/7136/518 6207/7123/507
f 6209/7125/508 6221/7138/519 6232/7150/520 6220/7137/509
f 6210/7126/5553 6222/7139/521 6221/7138/519 6209/7125/508
f 6211/7127/511 6223/7140/522 6222/7139/521 6210/7126/5553
f 6212/7128/512 6224/7141/523 6223/7140/522 6211/7127/511
f 6213/7129/513 6225/7142/5555 6224/7141/523 6212/7128/512
f 6214/7130/242 6226/7143/525 6225/7142/5555 6213/7129/513
f 6215/7132/514 6227/7145/5556 6226/7144/525 6214/7131/242
f 6216/7133/515 6228/7146/527 6227/7145/5556 6215/7132/514
f 6217/7134/516 6229/7147/528 6228/7146/527 6216/7133/515
f 6218/7135/5554 6230/7148/529 6229/7147/528 6217/7134/516
f 6219/7136/518 6231/7149/530 6230/7148/529 6218/7135/5554
f 6220/7137/509 6232/7150/520 6231/7149/530 6219/7136/518
f 6221/7138/519 6233/7151/5557 6244/7163/532 6232/7150/520
f 6222/7139/521 6234/7152/533 6233/7151/5557 6221/7138/519
f 6223/7140/522 6235/7153/534 6234/7152/533 6222/7139/521
f 6224/7141/523 6236/7154/535 6235/7153/534 6223/7140/522
f 6225/7142/5555 6237/7155/536 6236/7154/535 6224/7141/523
f 6226/7143/525 6238/7156/537 6237/7155/536 6225/7142/5555
f 6227/7145/5556 6239/7158/538 6238/7157/537 6226/7144/525
f 6228/7146/527 6240/7159/5558 6239/7158/538 6227/7145/5556
f 6229/7147/528 6241/7160/540 6240/7159/5558 6228/7146/527
f 6230/7148/529 6242/7161/541 6241/7160/540 6229/7147/528
f 6231/7149/530 6243/7162/542 6242/7161/541 6230/7148/529
f 6232/7150/520 6244/7163/532 6243/7162/542 6231/7149/530
f 6233/7151/5557 6245/7164/543 6256/7176/283 6244/7163/532
f 6234/7152/533 6246/7165/544 6245/7164/543 6233/7151/5557
f 6235/7153/534 6247/7166/545 6246/7165/544 6234/7152/533
f 6236/7154/535 6248/7167/546 6247/7166/545 6235/7153/534
f 6237/7155/536 6249/7168/547 6248/7167/546 6236/7154/535
f 6238/7156/537 6250/7169/278 6249/7168/547 6237/7155/536
f 6239/7158/538 6251/7171/548 6250/7170/278 6238/7157/537
f 6240/7159/5558 6252/7172/549 6251/7171/548 6239/7158/538
f 6241/7160/540 6253/7173/550 6252/7172/549 6240/7159/5558
f 6242/7161/541 6254/7174/551 6253/7173/550 6241/7160/540
f 6243/7162/542 6255/7175/552 6254/7174/551 6242/7161/541
f 6244/7163/532 6256/7176/283 6255/7175/552 6243/7162/542
f 6245/7164/543 5681/6540/1 5692/6552/4 6256/7176/283
f 6246/7165/544 5682/6541/5 5681/6540/1 6245/7164/543
f 6247/7166/545 5683/6542/7 5682/6541/5 6246/7165/544
f 6248/7167/546 5684/6543/9 5683/6542/7 6247/7166/545
f 6249/7168/547 5685/6544/11 5684/6543/9 6248/7167/546
f 6250/7169/278 5686/6545/13 5685/6544/11 6249/7168/547
f 6251/7171/548 5687/6547/15 5686/6546/13 6250/7170/278
f 6252/7172/549 5688/6548/17 5687/6547/15 6251/7171/548
f 6253/7173/550 5689/6549/19 5688/6548/17 6252/7172/549
f 6254/7174/551 5690/6550/21 5689/6549/19 6253/7173/550
f 6255/7175/552 5691/6551/23 5690/6550/21 6254/7174/551
f 6256/7176/283 5692/6552/4 5691/6551/23 6255/7175/552
